<?xml version="1.0" encoding="utf-8"?>
<COLLADA xmlns="http://www.collada.org/2005/11/COLLADASchema" version="1.4.1">
  <asset><contributor><authoring_tool>scripts/cad/build_arm_description.py</authoring_tool></contributor><unit name="meter" meter="1"/><up_axis>Z_UP</up_axis></asset>
  <library_effects>
    <effect id="m0-fx"><profile_COMMON><technique sid="common"><phong><diffuse><color>0.6392 0.6667 0.6784 1</color></diffuse><specular><color>0.25 0.25 0.25 1</color></specular><shininess><float>30</float></shininess></phong></technique></profile_COMMON></effect>
    <effect id="m1-fx"><profile_COMMON><technique sid="common"><phong><diffuse><color>0.7529 0.7529 0.7529 1</color></diffuse><specular><color>0.25 0.25 0.25 1</color></specular><shininess><float>30</float></shininess></phong></technique></profile_COMMON></effect>
    <effect id="m2-fx"><profile_COMMON><technique sid="common"><phong><diffuse><color>0.7922 0.8196 0.9333 1</color></diffuse><specular><color>0.25 0.25 0.25 1</color></specular><shininess><float>30</float></shininess></phong></technique></profile_COMMON></effect>
    <effect id="m3-fx"><profile_COMMON><technique sid="common"><phong><diffuse><color>1 0.949 0.9098 1</color></diffuse><specular><color>0.25 0.25 0.25 1</color></specular><shininess><float>30</float></shininess></phong></technique></profile_COMMON></effect>
    <effect id="m4-fx"><profile_COMMON><technique sid="common"><phong><diffuse><color>1 1 1 1</color></diffuse><specular><color>0.25 0.25 0.25 1</color></specular><shininess><float>30</float></shininess></phong></technique></profile_COMMON></effect>
  </library_effects>
  <library_materials>
    <material id="m0"><instance_effect url="#m0-fx"/></material>
    <material id="m1"><instance_effect url="#m1-fx"/></material>
    <material id="m2"><instance_effect url="#m2-fx"/></material>
    <material id="m3"><instance_effect url="#m3-fx"/></material>
    <material id="m4"><instance_effect url="#m4-fx"/></material>
  </library_materials>
  <library_geometries>
    <geometry id="g" name="base_link"><mesh>
        <source id="p"><float_array id="pa" count="57828">0.0015 0.005 0.1275 0 0.0065 0.1275 0.0015 0.0065 0.1275 0.005 -0.0015 0.1275 0.0065 0 0.1275 0.0065 -0.0015 0.1275 -0.005 0.0015 0.1275 -0.0065 0 0.1275 -0.0065 0.0015 0.1275 0.0015 -0.005 0.1275 0.003 -0.0055 0.1275 0.0015 -0.0065 0.1275 0.0035 0.0035 0.1275 0.0035 0.0055 0.1275 0.0045 0.0045 0.1275 -0.0015 -0.005 0.1275 0 -0.0065 0.1275 -0.0015 -0.0065 0.1275 -0.0035 -0.0035 0.1275 -0.0035 -0.0055 0.1275 -0.0045 -0.0045 0.1275 0.0035 -0.0035 0.1275 0.0045 -0.0045 0.1275 0.0055 -0.0035 0.1275 0.005 0.0015 0.1275 0.0055 0.003 0.1275 0.0065 0.0015 0.1275 -0.0015 0.005 0.1275 -0.0015 0.0065 0.1275 -0.003 0.0055 0.1275 -0.005 -0.0015 0.1275 -0.0055 -0.003 0.1275 -0.0065 -0.0015 0.1275 -0.0035 0.0035 0.1275 -0.0055 0.0035 0.1275 -0.0045 0.0045 0.1275 -0.0035 0.0035 0.1315 -0.003 0.0055 0.1315 -0.0045 0.0045 0.1315 -0.0015 0.005 0.1315 0 0.0065 0.1315 -0.0015 0.0065 0.1315 0.0015 0.005 0.1315 0.0035 0.0035 0.1315 0.0055 0.003 0.1315 0.0045 0.0045 0.1315 0.0015 0.0065 0.1315 0.0035 0.0055 0.1315 0.0015 -0.005 0.1315 0 -0.0065 0.1315 0.0015 -0.0065 0.1315 0.005 0.0015 0.1315 0.0035 -0.0035 0.1315 0.003 -0.0055 0.1315 0.0045 -0.0045 0.1315 -0.0035 -0.0035 0.1315 -0.0055 -0.003 0.1315 -0.0045 -0.0045 0.1315 0.0065 0.0015 0.1315 0.0065 0 0.1315 -0.0015 -0.005 0.1315 -0.0015 -0.0065 0.1315 -0.0035 -0.0055 0.1315 -0.005 -0.0015 0.1315 -0.0065 0 0.1315 -0.0065 -0.0015 0.1315 0.005 -0.0015 0.1315 0.0065 -0.0015 0.1315 0.0055 -0.0035 0.1315 -0.005 0.0015 0.1315 -0.0065 0.0015 0.1315 -0.0055 0.0035 0.1315 -0.0055 0.0055 0.1305 -0.0035 0.0065 0.1285 -0.0055 0.0055 0.1285 -0.007 0.002 0.1305 -0.0065 0.004 0.1285 -0.007 0.002 0.1285 -0.007 -0.002 0.1305 -0.0075 0 0.1285 -0.007 -0.002 0.1285 -0.0055 -0.0055 0.1305 -0.0065 -0.0035 0.1285 -0.0055 -0.0055 0.1285 -0.002 -0.007 0.1305 -0.004 -0.0065 0.1285 -0.002 -0.007 0.1285 0.002 -0.007 0.1305 0 -0.0075 0.1285 0.002 -0.007 0.1285 0.0055 -0.0055 0.1305 0.0035 -0.0065 0.1285 0.0055 -0.0055 0.1285 0.007 -0.002 0.1305 0.0065 -0.004 0.1285 0.007 -0.002 0.1285 0.007 0.002 0.1305 0.0075 0 0.1285 0.007 0.002 0.1285 0.0055 0.0055 0.1305 0.0065 0.0035 0.1285 0.0055 0.0055 0.1285 0.002 0.007 0.1305 0.004 0.0065 0.1285 0.002 0.007 0.1285 -0.002 0.007 0.1305 0 0.0075 0.1285 -0.002 0.007 0.1285 0 0.0075 0.1305 0.004 0.0065 0.1305 0.0065 0.0035 0.1305 0.0075 0 0.1305 0.0065 -0.004 0.1305 0.0035 -0.0065 0.1305 0 -0.0075 0.1305 -0.004 -0.0065 0.1305 -0.0065 -0.0035 0.1305 -0.0075 0 0.1305 -0.0065 0.004 0.1305 -0.0035 0.0065 0.1305 0.0035 0.0035 0.1315 0.0015 0.005 0.1275 0.0035 0.0035 0.1275 0.005 0.0015 0.1315 0.005 0.0015 0.1275 0.005 -0.0015 0.1315 0.005 -0.0015 0.1275 0.0035 -0.0035 0.1315 0.0035 -0.0035 0.1275 0.0015 -0.005 0.1315 0.0015 -0.005 0.1275 -0.0015 -0.005 0.1315 -0.0015 -0.005 0.1275 -0.0035 -0.0035 0.1315 -0.0035 -0.0035 0.1275 -0.005 -0.0015 0.1315 -0.005 -0.0015 0.1275 -0.005 0.0015 0.1315 -0.005 0.0015 0.1275 -0.0035 0.0035 0.1315 -0.0035 0.0035 0.1275 -0.0015 0.005 0.1315 -0.0015 0.005 0.1275 0.0015 0.005 0.1315 0 -0.007 0.1315 -0.0015 -0.0065 0.1315 -0.002 -0.007 0.1315 -0.0035 -0.0055 0.1315 -0.0035 -0.006 0.1315 -0.0045 -0.0045 0.1315 -0.005 -0.005 0.1315 -0.0055 -0.003 0.1315 -0.006 -0.0035 0.1315 -0.0065 -0.0015 0.1315 -0.007 -0.002 0.1315 -0.0065 0 0.1315 -0.007 0 0.1315 -0.0065 0.0015 0.1315 -0.007 0.002 0.1315 -0.0055 0.0035 0.1315 -0.006 0.0035 0.1315 -0.0045 0.0045 0.1315 -0.005 0.005 0.1315 -0.003 0.0055 0.1315 -0.0035 0.006 0.1315 -0.0015 0.0065 0.1315 -0.002 0.007 0.1315 0 0.0065 0.1315 0 0.007 0.1315 0.0015 0.0065 0.1315 0.002 0.007 0.1315 0.0035 0.0055 0.1315 0.0035 0.006 0.1315 0.0045 0.0045 0.1315 0.005 0.005 0.1315 0.0055 0.003 0.1315 0.006 0.0035 0.1315 0.0065 0.0015 0.1315 0.007 0.002 0.1315 0.0065 0 0.1315 0.007 0 0.1315 0.0065 -0.0015 0.1315 0.007 -0.002 0.1315 0.0055 -0.0035 0.1315 0.006 -0.0035 0.1315 0.0045 -0.0045 0.1315 0.005 -0.005 0.1315 0.003 -0.0055 0.1315 0.0035 -0.006 0.1315 0.0015 -0.0065 0.1315 0.002 -0.007 0.1315 0.002 -0.007 0.131 0 -0.0075 0.131 -0.002 0.007 0.131 -0.0035 0.0065 0.1305 -0.0035 0.0065 0.131 -0.002 -0.007 0.131 -0.0035 -0.0065 0.131 -0.005 -0.005 0.131 -0.0065 -0.0035 0.131 -0.007 -0.002 0.131 -0.0075 0 0.131 -0.007 0.002 0.131 -0.0065 0.0035 0.131 -0.005 0.005 0.131 0 0.0075 0.131 0.002 0.007 0.131 0.0035 0.0065 0.131 0.005 0.005 0.131 0.0065 0.0035 0.131 0.007 0.002 0.131 0.0075 0 0.131 0.007 -0.002 0.131 0.0065 -0.0035 0.131 0.005 -0.005 0.131 0.0035 -0.0065 0.131 0.002 -0.007 0.1305 0 -0.0075 0.1305 -0.002 -0.007 0.1305 -0.004 -0.0065 0.1305 -0.0055 -0.0055 0.1305 -0.0065 -0.0035 0.1305 -0.007 -0.002 0.1305 -0.0075 0 0.1305 -0.007 0.002 0.1305 -0.0065 0.004 0.1305 -0.0055 0.0055 0.1305 -0.002 0.007 0.1305 0 0.0075 0.1305 0.002 0.007 0.1305 0.004 0.0065 0.1305 0.0055 0.0055 0.1305 0.0065 0.0035 0.1305 0.007 0.002 0.1305 0.0075 0 0.1305 0.007 -0.002 0.1305 0.0065 -0.004 0.1305 0.0055 -0.0055 0.1305 0.0035 -0.0065 0.1305 0 -0.0065 0.1315 0.0035 -0.006 0.1275 0.002 -0.007 0.128 0.002 -0.007 0.1275 0.005 -0.005 0.1275 0.0035 -0.0065 0.128 0.006 -0.0035 0.1275 0.005 -0.005 0.128 0.007 -0.002 0.1275 0.0065 -0.0035 0.128 0.007 0 0.1275 0.007 -0.002 0.128 0.007 0.002 0.1275 0.0075 0 0.128 0.006 0.0035 0.1275 0.007 0.002 0.128 0.005 0.005 0.1275 0.0065 0.0035 0.128 0.0035 0.006 0.1275 0.005 0.005 0.128 0.002 0.007 0.1275 0.0035 0.0065 0.128 0 0.007 0.1275 0.002 0.007 0.128 -0.002 0.007 0.1275 0 0.0075 0.128 -0.0035 0.006 0.1275 -0.002 0.007 0.128 -0.005 0.005 0.1275 -0.0035 0.0065 0.128 -0.006 0.0035 0.1275 -0.005 0.005 0.128 -0.007 0.002 0.1275 -0.0065 0.0035 0.128 -0.007 0 0.1275 -0.007 0.002 0.128 -0.007 -0.002 0.1275 -0.0075 0 0.128 -0.006 -0.0035 0.1275 -0.007 -0.002 0.128 -0.005 -0.005 0.1275 -0.0065 -0.0035 0.128 -0.0035 -0.006 0.1275 -0.005 -0.005 0.128 -0.002 -0.007 0.1275 -0.0035 -0.0065 0.128 0 -0.007 0.1275 -0.002 -0.007 0.128 0 -0.0075 0.128 0.002 -0.007 0.1285 0.0035 -0.0065 0.1285 0.0055 -0.0055 0.1285 0.0065 -0.004 0.1285 0.007 -0.002 0.1285 0.0075 0 0.1285 0.007 0.002 0.1285 0.0065 0.0035 0.1285 0.0055 0.0055 0.1285 0.004 0.0065 0.1285 0.002 0.007 0.1285 0 0.0075 0.1285 -0.002 0.007 0.1285 -0.0035 0.0065 0.1285 -0.0055 0.0055 0.1285 -0.0065 0.004 0.1285 -0.007 0.002 0.1285 -0.0075 0 0.1285 -0.007 -0.002 0.1285 -0.0065 -0.0035 0.1285 -0.0055 -0.0055 0.1285 -0.004 -0.0065 0.1285 -0.002 -0.007 0.1285 0 -0.0075 0.1285 0.0015 -0.0065 0.1275 0 -0.0065 0.1275 -0.0015 -0.0065 0.1275 -0.0035 -0.0055 0.1275 -0.0045 -0.0045 0.1275 -0.0055 -0.003 0.1275 -0.0065 -0.0015 0.1275 -0.0065 0 0.1275 -0.0065 0.0015 0.1275 -0.0055 0.0035 0.1275 -0.0045 0.0045 0.1275 -0.003 0.0055 0.1275 -0.0015 0.0065 0.1275 0 0.0065 0.1275 0.0015 0.0065 0.1275 0.0035 0.0055 0.1275 0.0045 0.0045 0.1275 0.0055 0.003 0.1275 0.0065 0.0015 0.1275 0.0065 0 0.1275 0.0065 -0.0015 0.1275 0.0055 -0.0035 0.1275 0.0045 -0.0045 0.1275 0.003 -0.0055 0.1275 0.0015 -0.006 0.128 0.0045 -0.0045 0.128 0.004 -0.004 0.128 0.0065 -0.0015 0.128 0.006 -0.0015 0.128 -0.004 0.004 0.128 -0.0015 0.0065 0.128 -0.0045 0.0045 0.128 -0.006 0.0015 0.128 -0.0065 0.0015 0.128 0.006 0.0015 0.128 0.0065 0.0015 0.128 -0.0065 -0.0015 0.128 -0.006 -0.0015 0.128 -0.0015 -0.006 0.128 0.0015 -0.0065 0.128 0.004 0.004 0.128 0.0045 0.0045 0.128 0.0015 0.006 0.128 0.0015 0.0065 0.128 -0.004 -0.004 0.128 -0.0045 -0.0045 0.128 -0.0015 -0.0065 0.128 -0.0015 0.006 0.128 -0.0015 0.0065 0.128 0.0015 0.0065 0.1305 -0.0015 0.0065 0.1305 0.0015 0.0065 0.128 0.0045 0.0045 0.1305 0.0045 0.0045 0.128 0.0065 0.0015 0.1305 0.0065 0.0015 0.128 0.0065 -0.0015 0.1305 0.0065 -0.0015 0.128 0.0045 -0.0045 0.1305 0.0045 -0.0045 0.128 0.0015 -0.0065 0.1305 0.0015 -0.0065 0.128 -0.0015 -0.0065 0.1305 -0.0015 -0.0065 0.128 -0.0045 -0.0045 0.1305 -0.0045 -0.0045 0.128 -0.0065 -0.0015 0.1305 -0.0065 -0.0015 0.128 -0.0065 0.0015 0.1305 -0.0065 0.0015 0.128 -0.0045 0.0045 0.1305 -0.0045 0.0045 0.128 0.0015 -0.006 0.1305 -0.0015 -0.0065 0.1305 -0.0015 -0.006 0.1305 -0.0045 -0.0045 0.1305 -0.004 -0.004 0.1305 -0.0065 -0.0015 0.1305 -0.006 -0.0015 0.1305 -0.006 0.0015 0.1305 -0.0065 0.0015 0.1305 -0.0045 0.0045 0.1305 -0.004 0.004 0.1305 -0.0015 0.0065 0.1305 -0.0015 0.006 0.1305 0.0015 0.0065 0.1305 0.0015 0.006 0.1305 0.004 0.004 0.1305 0.0065 0.0015 0.1305 0.006 0.0015 0.1305 0.006 -0.0015 0.1305 0.0065 -0.0015 0.1305 0.004 -0.004 0.1305 0.0045 -0.0045 0.1305 0.0045 0.0045 0.1305 0.0015 -0.0065 0.1305 0.0015 0.006 0.128 0.004 0.004 0.1305 0.004 0.004 0.128 0.006 0.0015 0.1305 0.006 0.0015 0.128 0.006 -0.0015 0.1305 0.006 -0.0015 0.128 0.004 -0.004 0.1305 0.004 -0.004 0.128 0.0015 -0.006 0.1305 0.0015 -0.006 0.128 -0.0015 -0.006 0.1305 -0.0015 -0.006 0.128 -0.004 -0.004 0.1305 -0.004 -0.004 0.128 -0.006 -0.0015 0.1305 -0.006 -0.0015 0.128 -0.006 0.0015 0.1305 -0.006 0.0015 0.128 -0.004 0.004 0.1305 -0.004 0.004 0.128 -0.0015 0.006 0.1305 -0.0015 0.006 0.128 0.0015 0.006 0.1305 0.004 0.003 0.1455 0.004 0.0055 0.1455 0.005 0.004 0.1455 0.003 -0.004 0.1455 0.0055 -0.004 0.1455 0.004 -0.005 0.1455 -0.003 0.004 0.1455 -0.0055 0.004 0.1455 -0.004 0.005 0.1455 -0.002 -0.0045 0.1455 -0.0005 -0.0065 0.1455 -0.0025 -0.006 0.1455 0.005 0.001 0.1455 0.006 0.0025 0.1455 0.0065 0.001 0.1455 -0.004 -0.003 0.1455 -0.004 -0.0055 0.1455 -0.005 -0.004 0.1455 -0.005 -0.001 0.1455 -0.006 -0.0025 0.1455 -0.0065 -0.001 0.1455 0.001 -0.005 0.1455 0.001 -0.0065 0.1455 0.0025 -0.006 0.1455 0.0045 -0.002 0.1455 0.0065 -0.0005 0.1455 0.006 -0.0025 0.1455 0.002 0.0045 0.1455 0.0025 0.006 0.1455 0.0005 0.0065 0.1455 -0.0045 0.002 0.1455 -0.0065 0.0005 0.1455 -0.006 0.0025 0.1455 -0.001 0.005 0.1455 -0.0025 0.006 0.1455 -0.001 0.0065 0.1455 -0.001 0.005 0.1495 0.0005 0.0065 0.1495 -0.001 0.0065 0.1495 0.002 0.0045 0.1495 0.004 0.0055 0.1495 0.0025 0.006 0.1495 0.004 0.003 0.1495 0.005 0.001 0.1495 0.0065 -0.0005 0.1495 0.0065 0.001 0.1495 0.005 0.004 0.1495 0.006 0.0025 0.1495 -0.002 -0.0045 0.1495 -0.004 -0.0055 0.1495 -0.0025 -0.006 0.1495 0.0045 -0.002 0.1495 0.001 -0.005 0.1495 -0.0005 -0.0065 0.1495 0.001 -0.0065 0.1495 -0.005 -0.001 0.1495 -0.0065 0.0005 0.1495 -0.0065 -0.001 0.1495 0.006 -0.0025 0.1495 0.0055 -0.004 0.1495 -0.004 -0.003 0.1495 -0.005 -0.004 0.1495 -0.006 -0.0025 0.1495 -0.0045 0.002 0.1495 -0.0055 0.004 0.1495 -0.006 0.0025 0.1495 0.003 -0.004 0.1495 0.004 -0.005 0.1495 0.0025 -0.006 0.1495 -0.003 0.004 0.1495 -0.004 0.005 0.1495 -0.0025 0.006 0.1495 -0.001 0.0075 0.1485 0.001 0.0075 0.1465 -0.001 0.0075 0.1465 -0.0045 0.006 0.1485 -0.003 0.007 0.1465 -0.0045 0.006 0.1465 -0.007 0.0025 0.1485 -0.006 0.0045 0.1465 -0.007 0.0025 0.1465 -0.0075 -0.001 0.1485 -0.0075 0.001 0.1465 -0.0075 -0.001 0.1465 -0.006 -0.0045 0.1485 -0.007 -0.003 0.1465 -0.006 -0.0045 0.1465 -0.0025 -0.007 0.1485 -0.0045 -0.006 0.1465 -0.0025 -0.007 0.1465 0.001 -0.0075 0.1485 -0.001 -0.0075 0.1465 0.001 -0.0075 0.1465 0.0045 -0.006 0.1485 0.003 -0.007 0.1465 0.0045 -0.006 0.1465 0.007 -0.0025 0.1485 0.006 -0.0045 0.1465 0.007 -0.0025 0.1465 0.0075 0.001 0.1485 0.0075 -0.001 0.1465 0.0075 0.001 0.1465 0.006 0.0045 0.1485 0.007 0.003 0.1465 0.006 0.0045 0.1465 0.0025 0.007 0.1485 0.0045 0.006 0.1465 0.0025 0.007 0.1465 0.0045 0.006 0.1485 0.007 0.003 0.1485 0.0075 -0.001 0.1485 0.006 -0.0045 0.1485 0.003 -0.007 0.1485 -0.001 -0.0075 0.1485 -0.0045 -0.006 0.1485 -0.007 -0.003 0.1485 -0.0075 0.001 0.1485 -0.006 0.0045 0.1485 -0.003 0.007 0.1485 0.001 0.0075 0.1485 0.005 0.001 0.1495 0.004 0.003 0.1455 0.005 0.001 0.1455 0.0045 -0.002 0.1495 0.0045 -0.002 0.1455 0.003 -0.004 0.1495 0.003 -0.004 0.1455 0.001 -0.005 0.1495 0.001 -0.005 0.1455 -0.002 -0.0045 0.1495 -0.002 -0.0045 0.1455 -0.004 -0.003 0.1495 -0.004 -0.003 0.1455 -0.005 -0.001 0.1495 -0.005 -0.001 0.1455 -0.0045 0.002 0.1495 -0.0045 0.002 0.1455 -0.003 0.004 0.1495 -0.003 0.004 0.1455 -0.001 0.005 0.1495 -0.001 0.005 0.1455 0.002 0.0045 0.1495 0.002 0.0045 0.1455 0.004 0.003 0.1495 -0.004 -0.0055 0.1495 -0.005 -0.004 0.1495 -0.0055 -0.0045 0.1495 -0.006 -0.0025 0.1495 -0.0065 -0.003 0.1495 -0.0065 -0.001 0.1495 -0.007 -0.001 0.1495 -0.0065 0.0005 0.1495 -0.007 0.0005 0.1495 -0.006 0.0025 0.1495 -0.0065 0.0025 0.1495 -0.0055 0.004 0.1495 -0.004 0.005 0.1495 -0.0045 0.0055 0.1495 -0.0025 0.006 0.1495 -0.003 0.0065 0.1495 -0.001 0.0065 0.1495 -0.001 0.007 0.1495 0.0005 0.0065 0.1495 0.0005 0.007 0.1495 0.0025 0.006 0.1495 0.0025 0.0065 0.1495 0.004 0.0055 0.1495 0.005 0.004 0.1495 0.0055 0.0045 0.1495 0.006 0.0025 0.1495 0.0065 0.003 0.1495 0.0065 0.001 0.1495 0.007 0.001 0.1495 0.0065 -0.0005 0.1495 0.007 -0.0005 0.1495 0.006 -0.0025 0.1495 0.0065 -0.0025 0.1495 0.0055 -0.004 0.1495 0.004 -0.005 0.1495 0.0045 -0.0055 0.1495 0.0025 -0.006 0.1495 0.003 -0.0065 0.1495 0.001 -0.0065 0.1495 0.001 -0.007 0.1495 -0.0005 -0.0065 0.1495 -0.0005 -0.007 0.1495 -0.0025 -0.006 0.1495 -0.0025 -0.0065 0.1495 -0.0025 -0.007 0.149 -0.0045 -0.006 0.149 0.0025 0.007 0.149 0.001 0.0075 0.1485 0.001 0.0075 0.149 -0.0055 -0.0045 0.149 -0.0065 -0.003 0.149 -0.0075 -0.001 0.149 -0.0075 0.001 0.149 -0.007 0.0025 0.149 -0.006 0.0045 0.149 -0.0045 0.0055 0.149 -0.003 0.0065 0.149 -0.001 0.0075 0.149 0.0045 0.006 0.149 0.0055 0.0045 0.149 0.0065 0.003 0.149 0.0075 0.001 0.149 0.0075 -0.001 0.149 0.007 -0.0025 0.149 0.006 -0.0045 0.149 0.0045 -0.0055 0.149 0.003 -0.0065 0.149 0.001 -0.0075 0.149 -0.001 -0.0075 0.149 -0.0025 -0.007 0.1485 -0.0045 -0.006 0.1485 -0.006 -0.0045 0.1485 -0.007 -0.003 0.1485 -0.0075 -0.001 0.1485 -0.0075 0.001 0.1485 -0.007 0.0025 0.1485 -0.006 0.0045 0.1485 -0.0045 0.006 0.1485 -0.003 0.007 0.1485 -0.001 0.0075 0.1485 0.0025 0.007 0.1485 0.0045 0.006 0.1485 0.006 0.0045 0.1485 0.007 0.003 0.1485 0.0075 0.001 0.1485 0.0075 -0.001 0.1485 0.007 -0.0025 0.1485 0.006 -0.0045 0.1485 0.0045 -0.006 0.1485 0.003 -0.007 0.1485 0.001 -0.0075 0.1485 -0.001 -0.0075 0.1485 -0.0005 -0.007 0.1455 -0.0025 -0.007 0.146 -0.0025 -0.0065 0.1455 0.001 -0.007 0.1455 -0.001 -0.0075 0.146 0.003 -0.0065 0.1455 0.001 -0.0075 0.146 0.0045 -0.0055 0.1455 0.003 -0.0065 0.146 0.0055 -0.004 0.1455 0.0045 -0.0055 0.146 0.0065 -0.0025 0.1455 0.006 -0.0045 0.146 0.007 -0.0005 0.1455 0.007 -0.0025 0.146 0.007 0.001 0.1455 0.0075 -0.001 0.146 0.0065 0.003 0.1455 0.0075 0.001 0.146 0.0055 0.0045 0.1455 0.0065 0.003 0.146 0.004 0.0055 0.1455 0.0055 0.0045 0.146 0.0025 0.0065 0.1455 0.0045 0.006 0.146 0.0005 0.007 0.1455 0.0025 0.007 0.146 -0.001 0.007 0.1455 0.001 0.0075 0.146 -0.003 0.0065 0.1455 -0.001 0.0075 0.146 -0.0045 0.0055 0.1455 -0.003 0.0065 0.146 -0.0055 0.004 0.1455 -0.0045 0.0055 0.146 -0.0065 0.0025 0.1455 -0.006 0.0045 0.146 -0.007 0.0005 0.1455 -0.007 0.0025 0.146 -0.007 -0.001 0.1455 -0.0075 0.001 0.146 -0.0065 -0.003 0.1455 -0.0075 -0.001 0.146 -0.0055 -0.0045 0.1455 -0.0065 -0.003 0.146 -0.004 -0.0055 0.1455 -0.0055 -0.0045 0.146 -0.0045 -0.006 0.146 -0.0025 -0.007 0.1465 -0.001 -0.0075 0.1465 0.001 -0.0075 0.1465 0.003 -0.007 0.1465 0.0045 -0.006 0.1465 0.006 -0.0045 0.1465 0.007 -0.0025 0.1465 0.0075 -0.001 0.1465 0.0075 0.001 0.1465 0.007 0.003 0.1465 0.006 0.0045 0.1465 0.0045 0.006 0.1465 0.0025 0.007 0.1465 0.001 0.0075 0.1465 -0.001 0.0075 0.1465 -0.003 0.007 0.1465 -0.0045 0.006 0.1465 -0.006 0.0045 0.1465 -0.007 0.0025 0.1465 -0.0075 0.001 0.1465 -0.0075 -0.001 0.1465 -0.007 -0.003 0.1465 -0.006 -0.0045 0.1465 -0.0045 -0.006 0.1465 -0.0025 -0.006 0.1455 -0.005 -0.004 0.1455 -0.006 -0.0025 0.1455 -0.0065 -0.001 0.1455 -0.0065 0.0005 0.1455 -0.006 0.0025 0.1455 -0.004 0.005 0.1455 -0.0025 0.006 0.1455 -0.001 0.0065 0.1455 0.0005 0.0065 0.1455 0.0025 0.006 0.1455 0.005 0.004 0.1455 0.006 0.0025 0.1455 0.0065 0.001 0.1455 0.0065 -0.0005 0.1455 0.006 -0.0025 0.1455 0.004 -0.005 0.1455 0.0025 -0.006 0.1455 0.001 -0.0065 0.1455 -0.0005 -0.0065 0.1455 -0.002 -0.0055 0.146 0.001 -0.0065 0.146 0.001 -0.006 0.146 0.004 -0.005 0.146 0.004 -0.0045 0.146 -0.001 0.006 0.146 0.0025 0.006 0.146 -0.001 0.0065 0.146 -0.004 0.0045 0.146 -0.004 0.005 0.146 0.0055 -0.002 0.146 0.006 -0.0025 0.146 -0.006 0.0025 0.146 -0.0055 0.002 0.146 -0.0045 -0.004 0.146 -0.0025 -0.006 0.146 0.006 0.001 0.146 0.0065 0.001 0.146 0.0045 0.004 0.146 0.005 0.004 0.146 -0.006 -0.001 0.146 -0.0065 -0.001 0.146 -0.005 -0.004 0.146 0.002 0.0055 0.146 0.0025 0.006 0.146 0.005 0.004 0.1485 0.0025 0.006 0.1485 0.005 0.004 0.146 0.0065 0.001 0.1485 0.0065 0.001 0.146 0.006 -0.0025 0.1485 0.006 -0.0025 0.146 0.004 -0.005 0.1485 0.004 -0.005 0.146 0.001 -0.0065 0.1485 0.001 -0.0065 0.146 -0.0025 -0.006 0.1485 -0.0025 -0.006 0.146 -0.005 -0.004 0.1485 -0.005 -0.004 0.146 -0.0065 -0.001 0.1485 -0.0065 -0.001 0.146 -0.006 0.0025 0.1485 -0.006 0.0025 0.146 -0.004 0.005 0.1485 -0.004 0.005 0.146 -0.001 0.0065 0.1485 -0.001 0.0065 0.146 -0.002 -0.0055 0.1485 -0.005 -0.004 0.1485 -0.0045 -0.004 0.1485 -0.0065 -0.001 0.1485 -0.006 -0.001 0.1485 -0.006 0.0025 0.1485 -0.0055 0.002 0.1485 -0.004 0.0045 0.1485 -0.004 0.005 0.1485 -0.001 0.0065 0.1485 -0.001 0.006 0.1485 0.0025 0.006 0.1485 0.002 0.0055 0.1485 0.005 0.004 0.1485 0.0045 0.004 0.1485 0.006 0.001 0.1485 0.006 -0.0025 0.1485 0.0055 -0.002 0.1485 0.004 -0.0045 0.1485 0.004 -0.005 0.1485 0.001 -0.006 0.1485 0.001 -0.0065 0.1485 0.0065 0.001 0.1485 -0.0025 -0.006 0.1485 0.0045 0.004 0.146 0.006 0.001 0.1485 0.006 0.001 0.146 0.0055 -0.002 0.1485 0.0055 -0.002 0.146 0.004 -0.0045 0.1485 0.004 -0.0045 0.146 0.001 -0.006 0.1485 0.001 -0.006 0.146 -0.002 -0.0055 0.1485 -0.002 -0.0055 0.146 -0.0045 -0.004 0.1485 -0.0045 -0.004 0.146 -0.006 -0.001 0.1485 -0.006 -0.001 0.146 -0.0055 0.002 0.1485 -0.0055 0.002 0.146 -0.004 0.0045 0.1485 -0.004 0.0045 0.146 -0.001 0.006 0.1485 -0.001 0.006 0.146 0.002 0.0055 0.1485 0.002 0.0055 0.146 0.0045 0.004 0.1485 -0.01 -0.0175 0.1345 -0.015 -0.02 0.1345 -0.011 -0.0225 0.1345 -0.01 0.0175 0.1345 -0.008 0.0235 0.1345 -0.0125 0.0215 0.1345 -0.0195 -0.004 0.1345 -0.025 0.0015 0.1345 -0.025 -0.0035 0.1345 -0.002 0.02 0.1345 0.0015 0.025 0.1345 -0.0035 0.025 0.1345 -0.016 -0.012 0.1345 -0.0215 -0.0125 0.1345 -0.019 -0.0165 0.1345 -0.0195 0.004 0.1345 -0.0225 0.011 0.1345 -0.024 0.0065 0.1345 0.006 0.019 0.1345 0.0135 0.015 0.1345 0.019 0.0165 0.1345 0.015 0.02 0.1345 -0.0235 -0.008 0.1345 -0.016 0.012 0.1345 -0.02 0.015 0.1345 -0.0165 0.019 0.1345 0.0065 0.024 0.1345 0.0035 -0.025 0.1345 -0.002 -0.02 0.1345 -0.0015 -0.025 0.1345 0.011 0.0225 0.1345 0.0185 0.008 0.1345 0.025 0.0035 0.1345 0.0235 0.008 0.1345 0.02 0 0.1345 0.025 -0.0015 0.1345 0.024 -0.0065 0.1345 0.0215 0.0125 0.1345 0.0185 -0.008 0.1345 0.0225 -0.011 0.1345 0.006 -0.019 0.1345 0.008 -0.0235 0.1345 0.02 -0.015 0.1345 -0.0065 -0.024 0.1345 0.0135 -0.015 0.1345 0.0165 -0.019 0.1345 0.01 -0.0175 0.1345 0.0125 -0.0215 0.1345 -0.013 0.0225 0.1335 -0.0085 0.0245 0.1285 -0.013 0.0225 0.1285 -0.0035 0.026 0.1335 0.0015 0.026 0.1285 -0.0035 0.026 0.1285 0.0065 0.025 0.1335 0.0115 0.0235 0.1285 0.0065 0.025 0.1285 0.016 0.0205 0.1335 0.0195 0.017 0.1285 0.016 0.0205 0.1285 0.0225 0.013 0.1335 0.0245 0.0085 0.1285 0.0225 0.013 0.1285 0.026 0.0035 0.1335 0.026 -0.0015 0.1285 0.026 0.0035 0.1285 0.025 -0.0065 0.1335 0.0235 -0.0115 0.1285 0.025 -0.0065 0.1285 0.0205 -0.016 0.1335 0.017 -0.0195 0.1285 0.0205 -0.016 0.1285 0.013 -0.0225 0.1335 0.0085 -0.0245 0.1285 0.013 -0.0225 0.1285 0.0035 -0.026 0.1335 -0.0015 -0.026 0.1285 0.0035 -0.026 0.1285 -0.0065 -0.025 0.1335 -0.0115 -0.0235 0.1285 -0.0065 -0.025 0.1285 -0.016 -0.0205 0.1335 -0.0195 -0.017 0.1285 -0.016 -0.0205 0.1285 -0.0225 -0.013 0.1335 -0.0245 -0.0085 0.1285 -0.0225 -0.013 0.1285 -0.026 -0.0035 0.1335 -0.026 0.0015 0.1285 -0.026 -0.0035 0.1285 -0.025 0.0065 0.1335 -0.0235 0.0115 0.1285 -0.025 0.0065 0.1285 -0.0205 0.016 0.1335 -0.017 0.0195 0.1285 -0.0205 0.016 0.1285 -0.0085 0.0245 0.1335 0.0015 0.026 0.1335 0.0115 0.0235 0.1335 0.0195 0.017 0.1335 0.0245 0.0085 0.1335 0.026 -0.0015 0.1335 0.0235 -0.0115 0.1335 0.017 -0.0195 0.1335 0.0085 -0.0245 0.1335 -0.0015 -0.026 0.1335 -0.0115 -0.0235 0.1335 -0.0195 -0.017 0.1335 -0.0245 -0.0085 0.1335 -0.026 0.0015 0.1335 -0.0235 0.0115 0.1335 -0.017 0.0195 0.1335 -0.01 0.0175 0.1275 -0.002 0.02 0.1345 -0.01 0.0175 0.1345 -0.002 0.02 0.1275 0.006 0.019 0.1345 0.006 0.019 0.1275 0.0135 0.015 0.1345 0.0135 0.015 0.1275 0.0185 0.008 0.1345 0.0185 0.008 0.1275 0.02 0 0.1345 0.02 0 0.1275 0.0185 -0.008 0.1345 0.0185 -0.008 0.1275 0.0135 -0.015 0.1345 0.01 -0.0175 0.1345 0.006 -0.019 0.1275 0.006 -0.019 0.1345 0.01 -0.0175 0.1275 0.0135 -0.015 0.1275 -0.002 -0.02 0.1345 -0.002 -0.02 0.1275 -0.01 -0.0175 0.1345 -0.01 -0.0175 0.1275 -0.016 -0.012 0.1345 -0.016 -0.012 0.1275 -0.0195 -0.004 0.1345 -0.0195 -0.004 0.1275 -0.0195 0.004 0.1345 -0.0195 0.004 0.1275 -0.016 0.012 0.1345 -0.016 0.012 0.1275 0.013 -0.022 0.1345 0.008 -0.0235 0.1345 0.008 -0.024 0.1345 0.0035 -0.025 0.1345 0.0035 -0.0255 0.1345 -0.0015 -0.025 0.1345 -0.0015 -0.0255 0.1345 -0.0065 -0.024 0.1345 -0.0065 -0.0245 0.1345 -0.011 -0.0225 0.1345 -0.0115 -0.023 0.1345 -0.015 -0.02 0.1345 -0.0155 -0.02 0.1345 -0.019 -0.0165 0.1345 -0.019 -0.017 0.1345 -0.0215 -0.0125 0.1345 -0.022 -0.013 0.1345 -0.0235 -0.008 0.1345 -0.024 -0.008 0.1345 -0.025 -0.0035 0.1345 -0.0255 -0.0035 0.1345 -0.025 0.0015 0.1345 -0.0255 0.0015 0.1345 -0.024 0.0065 0.1345 -0.0245 0.0065 0.1345 -0.0225 0.011 0.1345 -0.023 0.0115 0.1345 -0.02 0.015 0.1345 -0.02 0.0155 0.1345 -0.0165 0.019 0.1345 -0.017 0.019 0.1345 -0.0125 0.0215 0.1345 -0.013 0.022 0.1345 -0.008 0.0235 0.1345 -0.008 0.024 0.1345 -0.0035 0.025 0.1345 -0.0035 0.0255 0.1345 0.0015 0.025 0.1345 0.0015 0.0255 0.1345 0.0065 0.024 0.1345 0.0065 0.0245 0.1345 0.011 0.0225 0.1345 0.0115 0.023 0.1345 0.015 0.02 0.1345 0.0155 0.02 0.1345 0.019 0.0165 0.1345 0.019 0.017 0.1345 0.0215 0.0125 0.1345 0.022 0.013 0.1345 0.0235 0.008 0.1345 0.024 0.008 0.1345 0.025 0.0035 0.1345 0.0255 0.0035 0.1345 0.025 -0.0015 0.1345 0.0255 -0.0015 0.1345 0.024 -0.0065 0.1345 0.0245 -0.0065 0.1345 0.0225 -0.011 0.1345 0.023 -0.0115 0.1345 0.02 -0.015 0.1345 0.02 -0.0155 0.1345 0.0165 -0.019 0.1345 0.017 -0.019 0.1345 0.0125 -0.0215 0.1345 0.013 -0.0225 0.134 0.0085 -0.0245 0.134 0.0035 -0.0255 0.134 -0.0015 -0.026 0.134 -0.0065 -0.025 0.134 -0.0115 -0.023 0.134 -0.0155 -0.0205 0.134 -0.0195 -0.017 0.134 -0.0225 -0.013 0.134 -0.0245 -0.0085 0.134 -0.0255 -0.0035 0.134 -0.026 0.0015 0.134 -0.025 0.0065 0.134 -0.023 0.0115 0.134 -0.0205 0.0155 0.134 -0.017 0.0195 0.134 -0.013 0.0225 0.134 -0.0085 0.0245 0.134 -0.0035 0.0255 0.134 0.0015 0.026 0.134 0.0065 0.025 0.134 0.0115 0.023 0.134 0.0155 0.0205 0.134 0.0195 0.017 0.134 0.0225 0.013 0.134 0.0245 0.0085 0.134 0.0255 0.0035 0.134 0.026 -0.0015 0.134 0.025 -0.0065 0.134 0.023 -0.0115 0.134 0.0205 -0.0155 0.134 0.017 -0.0195 0.134 0.013 -0.0225 0.1335 0.0085 -0.0245 0.1335 0.0035 -0.026 0.1335 -0.0015 -0.026 0.1335 -0.0065 -0.025 0.1335 -0.0115 -0.0235 0.1335 -0.016 -0.0205 0.1335 -0.0195 -0.017 0.1335 -0.0225 -0.013 0.1335 -0.0245 -0.0085 0.1335 -0.026 -0.0035 0.1335 -0.026 0.0015 0.1335 -0.025 0.0065 0.1335 -0.0235 0.0115 0.1335 -0.0205 0.016 0.1335 -0.017 0.0195 0.1335 -0.013 0.0225 0.1335 -0.0085 0.0245 0.1335 -0.0035 0.026 0.1335 0.0015 0.026 0.1335 0.0065 0.025 0.1335 0.0115 0.0235 0.1335 0.016 0.0205 0.1335 0.0195 0.017 0.1335 0.0225 0.013 0.1335 0.0245 0.0085 0.1335 0.026 0.0035 0.1335 0.026 -0.0015 0.1335 0.025 -0.0065 0.1335 0.0235 -0.0115 0.1335 0.0205 -0.016 0.1335 0.017 -0.0195 0.1335 -0.0085 0.0245 0.128 -0.013 0.022 0.1275 -0.013 0.0225 0.128 -0.017 0.019 0.1275 -0.017 0.0195 0.128 -0.02 0.0155 0.1275 -0.0205 0.0155 0.128 -0.023 0.0115 0.1275 -0.023 0.0115 0.128 -0.0245 0.0065 0.1275 -0.025 0.0065 0.128 -0.0255 0.0015 0.1275 -0.026 0.0015 0.128 -0.0255 -0.0035 0.1275 -0.0255 -0.0035 0.128 -0.024 -0.008 0.1275 -0.0245 -0.0085 0.128 -0.022 -0.013 0.1275 -0.0225 -0.013 0.128 -0.019 -0.017 0.1275 -0.0195 -0.017 0.128 -0.0155 -0.02 0.1275 -0.0155 -0.0205 0.128 -0.0115 -0.023 0.1275 -0.0115 -0.023 0.128 -0.0065 -0.0245 0.1275 -0.0065 -0.025 0.128 -0.0015 -0.0255 0.1275 -0.0015 -0.026 0.128 0.0035 -0.0255 0.1275 0.0035 -0.0255 0.128 0.008 -0.024 0.1275 0.0085 -0.0245 0.128 0.013 -0.0225 0.1285 0.017 -0.0195 0.128 0.017 -0.0195 0.1285 0.0205 -0.0155 0.128 0.0205 -0.016 0.1285 0.023 -0.0115 0.128 0.0235 -0.0115 0.1285 0.025 -0.0065 0.128 0.025 -0.0065 0.1285 0.026 -0.0015 0.128 0.026 -0.0015 0.1285 0.0255 0.0035 0.128 0.026 0.0035 0.1285 0.0245 0.0085 0.128 0.0245 0.0085 0.1285 0.0225 0.013 0.128 0.0225 0.013 0.1285 0.0195 0.017 0.128 0.0195 0.017 0.1285 0.0155 0.0205 0.128 0.016 0.0205 0.1285 0.0115 0.023 0.128 0.0115 0.0235 0.1285 0.0065 0.025 0.128 0.0065 0.025 0.1285 0.0015 0.026 0.128 0.0015 0.026 0.1285 -0.0035 0.0255 0.128 -0.0035 0.026 0.1285 -0.0085 0.0245 0.1285 -0.013 0.0225 0.1285 -0.017 0.0195 0.1285 -0.0205 0.016 0.1285 -0.0235 0.0115 0.1285 -0.025 0.0065 0.1285 -0.026 0.0015 0.1285 -0.026 -0.0035 0.1285 -0.0245 -0.0085 0.1285 -0.0225 -0.013 0.1285 -0.0195 -0.017 0.1285 -0.016 -0.0205 0.1285 -0.0115 -0.0235 0.1285 -0.0065 -0.025 0.1285 -0.0015 -0.026 0.1285 0.0035 -0.026 0.1285 0.0085 -0.0245 0.1285 0.013 -0.022 0.1275 0.013 -0.0225 0.128 -0.008 0.024 0.1275 -0.0035 0.0255 0.1275 0.0015 0.0255 0.1275 0.0065 0.0245 0.1275 0.0115 0.023 0.1275 0.0155 0.02 0.1275 0.019 0.017 0.1275 0.022 0.013 0.1275 0.024 0.008 0.1275 0.0255 0.0035 0.1275 0.0255 -0.0015 0.1275 0.0245 -0.0065 0.1275 0.023 -0.0115 0.1275 0.02 -0.0155 0.1275 0.017 -0.019 0.1275 0.0125 -0.0215 0.1275 0.008 -0.0235 0.1275 0.0035 -0.025 0.1275 -0.0015 -0.025 0.1275 -0.0065 -0.024 0.1275 -0.011 -0.0225 0.1275 -0.015 -0.02 0.1275 -0.019 -0.0165 0.1275 -0.0215 -0.0125 0.1275 -0.0235 -0.008 0.1275 -0.025 -0.0035 0.1275 -0.025 0.0015 0.1275 -0.024 0.0065 0.1275 -0.0225 0.011 0.1275 -0.02 0.015 0.1275 -0.0165 0.019 0.1275 -0.0125 0.0215 0.1275 -0.008 0.0235 0.1275 -0.0035 0.025 0.1275 0.0015 0.025 0.1275 0.0065 0.024 0.1275 0.011 0.0225 0.1275 0.015 0.02 0.1275 0.019 0.0165 0.1275 0.0215 0.0125 0.1275 0.0235 0.008 0.1275 0.025 0.0035 0.1275 0.025 -0.0015 0.1275 0.024 -0.0065 0.1275 0.0225 -0.011 0.1275 0.02 -0.015 0.1275 0.0165 -0.019 0.1275 0.006 -0.019 0.1275 0.0125 -0.0215 0.1275 0.0035 -0.025 0.1275 -0.002 -0.02 0.1275 -0.0065 -0.024 0.1275 -0.01 -0.0175 0.1275 -0.015 -0.02 0.1275 -0.016 -0.012 0.1275 -0.0215 -0.0125 0.1275 -0.0195 -0.004 0.1275 -0.025 -0.0035 0.1275 -0.0195 0.004 0.1275 -0.024 0.0065 0.1275 -0.016 0.012 0.1275 -0.02 0.015 0.1275 -0.01 0.0175 0.1275 -0.0125 0.0215 0.1275 0.006 0.019 0.1275 0.015 0.02 0.1275 0.0135 0.015 0.1275 0.0215 0.0125 0.1275 0.0185 0.008 0.1275 0.025 0.0035 0.1275 0.02 0 0.1275 0.024 -0.0065 0.1275 0.0185 -0.008 0.1275 0.02 -0.015 0.1275 0.0135 -0.015 0.1275 0.01 -0.0175 0.1275 -0.002 0.02 0.1275 0.0065 0.024 0.1275 -0.0035 0.025 0.1275 -0.0165 0.019 0.1275 -0.0125 0.0215 0.1275 -0.02 0.015 0.1275 -0.0225 0.011 0.1275 -0.024 0.0065 0.1275 -0.025 0.0015 0.1275 -0.025 -0.0035 0.1275 -0.0235 -0.008 0.1275 -0.0215 -0.0125 0.1275 -0.019 -0.0165 0.1275 -0.015 -0.02 0.1275 -0.011 -0.0225 0.1275 -0.0065 -0.024 0.1275 -0.008 0.0235 0.1275 -0.0035 0.025 0.1275 0.0015 0.025 0.1275 0.0065 0.024 0.1275 0.015 0.02 0.1275 0.011 0.0225 0.1275 0.019 0.0165 0.1275 0.0215 0.0125 0.1275 0.0235 0.008 0.1275 0.025 0.0035 0.1275 0.025 -0.0015 0.1275 0.024 -0.0065 0.1275 0.02 -0.015 0.1275 0.0225 -0.011 0.1275 0.0165 -0.019 0.1275 0.0125 -0.0215 0.1275 0.0035 -0.025 0.1275 0.008 -0.0235 0.1275 -0.0015 -0.025 0.1275 0.007 -0.021 0.1295 0.012 -0.021 0.1295 0.011 -0.019 0.1295 -0.003 0.024 0.1295 -0.011 0.019 0.1295 -0.0025 0.022 0.1295 -0.012 0.021 0.1295 0.021 0.012 0.1295 0.0145 0.0165 0.1295 0.02 0.009 0.1295 0.006 0.023 0.1295 0.007 0.021 0.1295 -0.0145 -0.019 0.1295 -0.018 -0.013 0.1295 -0.021 -0.012 0.1295 0.0145 0.019 0.1295 0.023 -0.006 0.1295 0.022 0 0.1295 0.02 -0.009 0.1295 -0.023 0.006 0.1295 -0.018 0.013 0.1295 -0.019 0.0145 0.1295 0.024 0.003 0.1295 0.003 -0.024 0.1295 -0.0025 -0.022 0.1295 -0.006 -0.023 0.1295 -0.0215 -0.0045 0.1295 -0.024 -0.003 0.1295 -0.011 -0.019 0.1295 -0.0215 0.0045 0.1295 0.019 -0.0145 0.1295 0.015 -0.0165 0.1295 -0.0215 -0.0045 0.1325 -0.021 -0.012 0.1325 -0.024 -0.003 0.1325 -0.0215 0.0045 0.1325 -0.023 0.006 0.1325 -0.018 0.013 0.1325 -0.019 0.0145 0.1325 0.007 -0.021 0.1325 0.012 -0.021 0.1325 0.003 -0.024 0.1325 -0.0025 -0.022 0.1325 -0.006 -0.023 0.1325 -0.011 -0.019 0.1325 -0.0145 -0.019 0.1325 -0.018 -0.013 0.1325 -0.011 0.019 0.1325 -0.012 0.021 0.1325 -0.0025 0.022 0.1325 0.006 0.023 0.1325 0.007 0.021 0.1325 0.0145 0.019 0.1325 0.0145 0.0165 0.1325 0.02 0.009 0.1325 0.024 0.003 0.1325 0.022 0 0.1325 0.023 -0.006 0.1325 0.02 -0.009 0.1325 0.019 -0.0145 0.1325 0.015 -0.0165 0.1325 0.011 -0.019 0.1325 -0.003 0.024 0.1325 0.021 0.012 0.1325 -0.012 0.021 0.1295 -0.003 0.024 0.1325 -0.012 0.021 0.1325 -0.003 0.024 0.1295 0.006 0.023 0.1325 0.006 0.023 0.1295 0.0145 0.019 0.1325 0.0145 0.019 0.1295 0.021 0.012 0.1325 0.021 0.012 0.1295 0.024 0.003 0.1325 0.024 0.003 0.1295 0.023 -0.006 0.1325 0.023 -0.006 0.1295 0.019 -0.0145 0.1325 0.019 -0.0145 0.1295 0.012 -0.021 0.1325 0.012 -0.021 0.1295 0.003 -0.024 0.1325 0.003 -0.024 0.1295 -0.006 -0.023 0.1325 -0.006 -0.023 0.1295 -0.0145 -0.019 0.1325 -0.0145 -0.019 0.1295 -0.021 -0.012 0.1325 -0.021 -0.012 0.1295 -0.024 -0.003 0.1325 -0.024 -0.003 0.1295 -0.023 0.006 0.1325 -0.023 0.006 0.1295 -0.019 0.0145 0.1325 -0.019 0.0145 0.1295 -0.018 0.013 0.1295 -0.011 0.019 0.1325 -0.011 0.019 0.1295 -0.0215 0.0045 0.1295 -0.018 0.013 0.1325 -0.0215 -0.0045 0.1295 -0.0215 0.0045 0.1325 -0.018 -0.013 0.1295 -0.0215 -0.0045 0.1325 -0.011 -0.019 0.1295 -0.018 -0.013 0.1325 -0.0025 -0.022 0.1295 -0.011 -0.019 0.1325 0.007 -0.021 0.1295 -0.0025 -0.022 0.1325 0.011 -0.019 0.1325 0.015 -0.0165 0.1295 0.015 -0.0165 0.1325 0.011 -0.019 0.1295 0.007 -0.021 0.1325 0.02 -0.009 0.1295 0.022 0 0.1295 0.02 -0.009 0.1325 0.02 0.009 0.1295 0.022 0 0.1325 0.0145 0.0165 0.1295 0.02 0.009 0.1325 0.007 0.021 0.1295 0.0145 0.0165 0.1325 -0.0025 0.022 0.1295 0.007 0.021 0.1325 -0.0025 0.022 0.1325 -0.0145 0.0135 0.1455 -0.0205 0.0145 0.1455 -0.017 0.0185 0.1455 -0.0045 -0.0195 0.1455 -0.001 -0.025 0.1455 -0.0055 -0.0245 0.1455 -0.02 -0.0015 0.1455 -0.0235 -0.0085 0.1455 -0.0245 -0.004 0.1455 0.0035 -0.0195 0.1455 0.0085 -0.0235 0.1455 0.004 -0.0245 0.1455 -0.019 0.0065 0.1455 -0.0245 0.0055 0.1455 -0.0225 0.0105 0.1455 -0.0175 -0.0095 0.1455 -0.0185 -0.017 0.1455 -0.0215 -0.013 0.1455 0.0115 -0.0165 0.1455 0.017 -0.0105 0.1455 0.0225 -0.0105 0.1455 0.0205 -0.0145 0.1455 -0.025 0.001 0.1455 -0.012 -0.016 0.1455 -0.0145 -0.0205 0.1455 -0.0105 -0.0225 0.1455 0.013 -0.0215 0.1455 -0.004 0.0245 0.1455 -0.0075 0.0185 0.1455 -0.0085 0.0235 0.1455 0.017 -0.0185 0.1455 0.02 -0.0025 0.1455 0.0245 0.004 0.1455 0.025 -0.001 0.1455 0.019 0.006 0.1455 0.0235 0.0085 0.1455 0.0215 0.013 0.1455 0.0245 -0.0055 0.1455 0.015 0.013 0.1455 0.0185 0.017 0.1455 0.0005 0.02 0.1455 0.001 0.025 0.1455 0.0145 0.0205 0.1455 -0.013 0.0215 0.1455 0.0085 0.018 0.1455 0.0105 0.0225 0.1455 0.0045 0.0195 0.1455 0.0055 0.0245 0.1455 -0.006 -0.0255 0.1465 -0.001 -0.026 0.1515 -0.006 -0.0255 0.1515 0.004 -0.0255 0.1465 0.009 -0.0245 0.1515 0.004 -0.0255 0.1515 0.0135 -0.022 0.1465 0.0175 -0.019 0.1515 0.0135 -0.022 0.1515 0.021 -0.015 0.1465 0.0235 -0.011 0.1515 0.021 -0.015 0.1515 0.0255 -0.006 0.1465 0.026 -0.001 0.1515 0.0255 -0.006 0.1515 0.0255 0.004 0.1465 0.0245 0.009 0.1515 0.0255 0.004 0.1515 0.022 0.0135 0.1465 0.019 0.0175 0.1515 0.022 0.0135 0.1515 0.015 0.021 0.1465 0.011 0.0235 0.1515 0.015 0.021 0.1515 0.006 0.0255 0.1465 0.001 0.026 0.1515 0.006 0.0255 0.1515 -0.004 0.0255 0.1465 -0.009 0.0245 0.1515 -0.004 0.0255 0.1515 -0.0135 0.022 0.1465 -0.0175 0.019 0.1515 -0.0135 0.022 0.1515 -0.021 0.015 0.1465 -0.0235 0.011 0.1515 -0.021 0.015 0.1515 -0.0255 0.006 0.1465 -0.026 0.001 0.1515 -0.0255 0.006 0.1515 -0.0255 -0.004 0.1465 -0.0245 -0.009 0.1515 -0.0255 -0.004 0.1515 -0.022 -0.0135 0.1465 -0.019 -0.0175 0.1515 -0.022 -0.0135 0.1515 -0.015 -0.021 0.1465 -0.011 -0.0235 0.1515 -0.015 -0.021 0.1515 -0.001 -0.026 0.1465 0.009 -0.0245 0.1465 0.0175 -0.019 0.1465 0.0235 -0.011 0.1465 0.026 -0.001 0.1465 0.0245 0.009 0.1465 0.019 0.0175 0.1465 0.011 0.0235 0.1465 0.001 0.026 0.1465 -0.009 0.0245 0.1465 -0.0175 0.019 0.1465 -0.0235 0.011 0.1465 -0.026 0.001 0.1465 -0.0245 -0.009 0.1465 -0.019 -0.0175 0.1465 -0.011 -0.0235 0.1465 -0.0045 -0.0195 0.1525 0.0035 -0.0195 0.1455 -0.0045 -0.0195 0.1455 0.0035 -0.0195 0.1525 0.0115 -0.0165 0.1455 0.0115 -0.0165 0.1525 0.017 -0.0105 0.1455 0.017 -0.0105 0.1525 0.02 -0.0025 0.1455 0.02 -0.0025 0.1525 0.019 0.006 0.1455 0.019 0.006 0.1525 0.015 0.013 0.1455 0.015 0.013 0.1525 0.0085 0.018 0.1455 0.0045 0.0195 0.1455 0.0005 0.02 0.1525 0.0005 0.02 0.1455 0.0045 0.0195 0.1525 0.0085 0.018 0.1525 -0.0075 0.0185 0.1455 -0.0075 0.0185 0.1525 -0.0145 0.0135 0.1455 -0.0145 0.0135 0.1525 -0.019 0.0065 0.1455 -0.019 0.0065 0.1525 -0.02 -0.0015 0.1455 -0.02 -0.0015 0.1525 -0.0175 -0.0095 0.1455 -0.0175 -0.0095 0.1525 -0.012 -0.016 0.1455 -0.012 -0.016 0.1525 0.006 0.025 0.1455 0.001 0.025 0.1455 0.001 0.0255 0.1455 -0.004 0.0245 0.1455 -0.004 0.025 0.1455 -0.0085 0.0235 0.1455 -0.009 0.024 0.1455 -0.013 0.0215 0.1455 -0.0135 0.0215 0.1455 -0.017 0.0185 0.1455 -0.0175 0.0185 0.1455 -0.0205 0.0145 0.1455 -0.0205 0.015 0.1455 -0.0225 0.0105 0.1455 -0.023 0.0105 0.1455 -0.0245 0.0055 0.1455 -0.025 0.006 0.1455 -0.025 0.001 0.1455 -0.0255 0.001 0.1455 -0.0245 -0.004 0.1455 -0.025 -0.004 0.1455 -0.0235 -0.0085 0.1455 -0.024 -0.009 0.1455 -0.0215 -0.013 0.1455 -0.0215 -0.0135 0.1455 -0.0185 -0.017 0.1455 -0.0185 -0.0175 0.1455 -0.0145 -0.0205 0.1455 -0.015 -0.0205 0.1455 -0.0105 -0.0225 0.1455 -0.0105 -0.023 0.1455 -0.0055 -0.0245 0.1455 -0.006 -0.025 0.1455 -0.001 -0.025 0.1455 -0.001 -0.0255 0.1455 0.004 -0.0245 0.1455 0.004 -0.025 0.1455 0.0085 -0.0235 0.1455 0.009 -0.024 0.1455 0.013 -0.0215 0.1455 0.0135 -0.0215 0.1455 0.017 -0.0185 0.1455 0.0175 -0.0185 0.1455 0.0205 -0.0145 0.1455 0.0205 -0.015 0.1455 0.0225 -0.0105 0.1455 0.023 -0.0105 0.1455 0.0245 -0.0055 0.1455 0.025 -0.006 0.1455 0.025 -0.001 0.1455 0.0255 -0.001 0.1455 0.0245 0.004 0.1455 0.025 0.004 0.1455 0.0235 0.0085 0.1455 0.024 0.009 0.1455 0.0215 0.013 0.1455 0.0215 0.0135 0.1455 0.0185 0.017 0.1455 0.0185 0.0175 0.1455 0.0145 0.0205 0.1455 0.015 0.0205 0.1455 0.0105 0.0225 0.1455 0.0105 0.023 0.1455 0.0055 0.0245 0.1455 0.006 0.025 0.146 0.001 0.026 0.146 -0.004 0.0255 0.146 -0.009 0.024 0.146 -0.0135 0.022 0.146 -0.0175 0.019 0.146 -0.021 0.015 0.146 -0.0235 0.0105 0.146 -0.025 0.006 0.146 -0.026 0.001 0.146 -0.0255 -0.004 0.146 -0.024 -0.009 0.146 -0.022 -0.0135 0.146 -0.019 -0.0175 0.146 -0.015 -0.021 0.146 -0.0105 -0.0235 0.146 -0.006 -0.025 0.146 -0.001 -0.026 0.146 0.004 -0.0255 0.146 0.009 -0.024 0.146 0.0135 -0.022 0.146 0.0175 -0.019 0.146 0.021 -0.015 0.146 0.0235 -0.0105 0.146 0.025 -0.006 0.146 0.026 -0.001 0.146 0.0255 0.004 0.146 0.024 0.009 0.146 0.022 0.0135 0.146 0.019 0.0175 0.146 0.015 0.021 0.146 0.0105 0.0235 0.146 0.006 0.0255 0.1465 0.001 0.026 0.1465 -0.004 0.0255 0.1465 -0.009 0.0245 0.1465 -0.0135 0.022 0.1465 -0.0175 0.019 0.1465 -0.021 0.015 0.1465 -0.0235 0.011 0.1465 -0.0255 0.006 0.1465 -0.026 0.001 0.1465 -0.0255 -0.004 0.1465 -0.0245 -0.009 0.1465 -0.022 -0.0135 0.1465 -0.019 -0.0175 0.1465 -0.015 -0.021 0.1465 -0.011 -0.0235 0.1465 -0.006 -0.0255 0.1465 -0.001 -0.026 0.1465 0.004 -0.0255 0.1465 0.009 -0.0245 0.1465 0.0135 -0.022 0.1465 0.0175 -0.019 0.1465 0.021 -0.015 0.1465 0.0235 -0.011 0.1465 0.0255 -0.006 0.1465 0.026 -0.001 0.1465 0.0255 0.004 0.1465 0.0245 0.009 0.1465 0.022 0.0135 0.1465 0.019 0.0175 0.1465 0.015 0.021 0.1465 0.011 0.0235 0.1465 -0.001 -0.026 0.152 -0.006 -0.025 0.152 -0.0105 -0.023 0.152 -0.0105 -0.0235 0.152 -0.015 -0.0205 0.152 -0.015 -0.021 0.152 -0.0185 -0.0175 0.152 -0.019 -0.0175 0.152 -0.0215 -0.0135 0.152 -0.022 -0.0135 0.152 -0.024 -0.009 0.152 -0.025 -0.004 0.152 -0.0255 -0.004 0.152 -0.0255 0.001 0.152 -0.026 0.001 0.152 -0.025 0.006 0.152 -0.023 0.0105 0.152 -0.0235 0.0105 0.152 -0.0205 0.015 0.152 -0.021 0.015 0.152 -0.0175 0.0185 0.152 -0.0175 0.019 0.152 -0.0135 0.0215 0.152 -0.0135 0.022 0.152 -0.009 0.024 0.152 -0.004 0.025 0.152 -0.004 0.0255 0.152 0.001 0.0255 0.152 0.001 0.026 0.152 0.006 0.0255 0.1515 0.0105 0.0235 0.152 0.011 0.0235 0.1515 0.015 0.021 0.152 0.015 0.021 0.1515 0.019 0.0175 0.152 0.019 0.0175 0.1515 0.022 0.0135 0.152 0.022 0.0135 0.1515 0.024 0.009 0.152 0.0245 0.009 0.1515 0.0255 0.004 0.152 0.0255 0.004 0.1515 0.026 -0.001 0.152 0.026 -0.001 0.1515 0.025 -0.006 0.152 0.0255 -0.006 0.1515 0.0235 -0.0105 0.152 0.0235 -0.011 0.1515 0.021 -0.015 0.152 0.021 -0.015 0.1515 0.0175 -0.019 0.152 0.0175 -0.019 0.1515 0.0135 -0.022 0.152 0.0135 -0.022 0.1515 0.009 -0.024 0.152 0.009 -0.0245 0.1515 0.004 -0.0255 0.152 0.004 -0.0255 0.1515 -0.001 -0.026 0.1515 -0.006 -0.0255 0.1515 -0.011 -0.0235 0.1515 -0.015 -0.021 0.1515 -0.019 -0.0175 0.1515 -0.022 -0.0135 0.1515 -0.0245 -0.009 0.1515 -0.0255 -0.004 0.1515 -0.026 0.001 0.1515 -0.0255 0.006 0.1515 -0.0235 0.011 0.1515 -0.021 0.015 0.1515 -0.0175 0.019 0.1515 -0.0135 0.022 0.1515 -0.009 0.0245 0.1515 -0.004 0.0255 0.1515 0.001 0.026 0.1515 0.006 0.025 0.152 -0.001 -0.0255 0.152 0.004 -0.025 0.152 0.0135 -0.0215 0.152 0.0175 -0.0185 0.152 0.0205 -0.015 0.152 0.023 -0.0105 0.152 0.0255 -0.001 0.152 0.025 0.004 0.152 0.0215 0.0135 0.152 0.0185 0.0175 0.152 0.015 0.0205 0.152 0.0105 0.023 0.152 0.0055 0.0245 0.1525 0.001 0.025 0.1525 -0.004 0.0245 0.1525 -0.0085 0.0235 0.1525 -0.013 0.0215 0.1525 -0.017 0.0185 0.1525 -0.0205 0.0145 0.1525 -0.0225 0.0105 0.1525 -0.0245 0.0055 0.1525 -0.025 0.001 0.1525 -0.0245 -0.004 0.1525 -0.0235 -0.0085 0.1525 -0.0215 -0.013 0.1525 -0.0185 -0.017 0.1525 -0.0145 -0.0205 0.1525 -0.0105 -0.0225 0.1525 -0.0055 -0.0245 0.1525 -0.001 -0.025 0.1525 0.004 -0.0245 0.1525 0.0085 -0.0235 0.1525 0.013 -0.0215 0.1525 0.017 -0.0185 0.1525 0.0205 -0.0145 0.1525 0.0225 -0.0105 0.1525 0.0245 -0.0055 0.1525 0.025 -0.001 0.1525 0.0245 0.004 0.1525 0.0235 0.0085 0.1525 0.0215 0.013 0.1525 0.0185 0.017 0.1525 0.0145 0.0205 0.1525 0.0105 0.0225 0.1525 0.0005 0.02 0.1525 0.0055 0.0245 0.1525 -0.004 0.0245 0.1525 -0.0075 0.0185 0.1525 -0.013 0.0215 0.1525 -0.0145 0.0135 0.1525 -0.0205 0.0145 0.1525 -0.019 0.0065 0.1525 -0.0245 0.0055 0.1525 -0.02 -0.0015 0.1525 -0.0245 -0.004 0.1525 -0.0175 -0.0095 0.1525 -0.0215 -0.013 0.1525 -0.012 -0.016 0.1525 -0.0145 -0.0205 0.1525 -0.0045 -0.0195 0.1525 -0.0055 -0.0245 0.1525 0.0115 -0.0165 0.1525 0.0205 -0.0145 0.1525 0.017 -0.0105 0.1525 0.0245 -0.0055 0.1525 0.02 -0.0025 0.1525 0.0245 0.004 0.1525 0.019 0.006 0.1525 0.0215 0.013 0.1525 0.015 0.013 0.1525 0.0145 0.0205 0.1525 0.0085 0.018 0.1525 0.0045 0.0195 0.1525 0.0035 -0.0195 0.1525 0.013 -0.0215 0.1525 0.004 -0.0245 0.1525 -0.0105 -0.0225 0.1525 -0.0055 -0.0245 0.1525 -0.0145 -0.0205 0.1525 -0.0185 -0.017 0.1525 -0.0215 -0.013 0.1525 -0.0235 -0.0085 0.1525 -0.0245 -0.004 0.1525 -0.025 0.001 0.1525 -0.0245 0.0055 0.1525 -0.0225 0.0105 0.1525 -0.0205 0.0145 0.1525 -0.017 0.0185 0.1525 -0.013 0.0215 0.1525 -0.001 -0.025 0.1525 0.004 -0.0245 0.1525 0.0085 -0.0235 0.1525 0.013 -0.0215 0.1525 0.0205 -0.0145 0.1525 0.017 -0.0185 0.1525 0.0225 -0.0105 0.1525 0.0245 -0.0055 0.1525 0.025 -0.001 0.1525 0.0245 0.004 0.1525 0.0235 0.0085 0.1525 0.0215 0.013 0.1525 0.0145 0.0205 0.1525 0.0185 0.017 0.1525 0.0105 0.0225 0.1525 0.0055 0.0245 0.1525 -0.004 0.0245 0.1525 0.001 0.025 0.1525 -0.0085 0.0235 0.1525 0.0005 0.022 0.1505 0.0055 0.0235 0.1505 0.005 0.0215 0.1505 0.004 -0.0235 0.1505 -0.005 -0.0215 0.1505 0.004 -0.0215 0.1505 -0.0055 -0.0235 0.1505 0.0235 -0.0055 0.1505 0.019 -0.0115 0.1505 0.022 -0.003 0.1505 0.0125 -0.0205 0.1505 0.0125 -0.018 0.1505 -0.0195 0.014 0.1505 -0.021 0.0075 0.1505 -0.0235 0.0055 0.1505 0.0195 -0.014 0.1505 0.0205 0.0125 0.1505 0.021 0.0065 0.1505 0.0165 0.0145 0.1505 -0.0205 -0.0125 0.1505 -0.0135 -0.0175 0.1505 -0.014 -0.0195 0.1505 0.0235 0.004 0.1505 -0.004 0.0235 0.1505 -0.0085 0.0205 0.1505 -0.0125 0.0205 0.1505 -0.022 -0.002 0.1505 -0.0235 -0.004 0.1505 -0.016 0.015 0.1505 -0.0195 -0.0105 0.1505 0.014 0.0195 0.1505 0.0095 0.02 0.1505 -0.022 -0.002 0.1475 -0.0235 0.0055 0.1475 -0.0235 -0.004 0.1475 -0.0195 -0.0105 0.1475 -0.0205 -0.0125 0.1475 -0.0135 -0.0175 0.1475 -0.014 -0.0195 0.1475 0.0005 0.022 0.1475 0.0055 0.0235 0.1475 -0.004 0.0235 0.1475 -0.0085 0.0205 0.1475 -0.0125 0.0205 0.1475 -0.016 0.015 0.1475 -0.0195 0.014 0.1475 -0.021 0.0075 0.1475 -0.005 -0.0215 0.1475 -0.0055 -0.0235 0.1475 0.004 -0.0215 0.1475 0.0125 -0.0205 0.1475 0.0125 -0.018 0.1475 0.0195 -0.014 0.1475 0.019 -0.0115 0.1475 0.022 -0.003 0.1475 0.0235 0.004 0.1475 0.021 0.0065 0.1475 0.0205 0.0125 0.1475 0.0165 0.0145 0.1475 0.014 0.0195 0.1475 0.0095 0.02 0.1475 0.005 0.0215 0.1475 0.004 -0.0235 0.1475 0.0235 -0.0055 0.1475 -0.0055 -0.0235 0.1505 0.004 -0.0235 0.1475 -0.0055 -0.0235 0.1475 0.004 -0.0235 0.1505 0.0125 -0.0205 0.1475 0.0125 -0.0205 0.1505 0.0195 -0.014 0.1475 0.0195 -0.014 0.1505 0.0235 -0.0055 0.1475 0.0235 -0.0055 0.1505 0.0235 0.004 0.1475 0.0235 0.004 0.1505 0.0205 0.0125 0.1475 0.0205 0.0125 0.1505 0.014 0.0195 0.1475 0.014 0.0195 0.1505 0.0055 0.0235 0.1475 0.0055 0.0235 0.1505 -0.004 0.0235 0.1475 -0.004 0.0235 0.1505 -0.0125 0.0205 0.1475 -0.0125 0.0205 0.1505 -0.0195 0.014 0.1475 -0.0195 0.014 0.1505 -0.0235 0.0055 0.1475 -0.0235 0.0055 0.1505 -0.0235 -0.004 0.1475 -0.0235 -0.004 0.1505 -0.0205 -0.0125 0.1475 -0.0205 -0.0125 0.1505 -0.014 -0.0195 0.1475 -0.014 -0.0195 0.1505 -0.0135 -0.0175 0.1505 -0.005 -0.0215 0.1475 -0.005 -0.0215 0.1505 -0.0195 -0.0105 0.1505 -0.0135 -0.0175 0.1475 -0.022 -0.002 0.1505 -0.0195 -0.0105 0.1475 -0.021 0.0075 0.1505 -0.022 -0.002 0.1475 -0.016 0.015 0.1505 -0.021 0.0075 0.1475 -0.0085 0.0205 0.1505 -0.016 0.015 0.1475 0.0005 0.022 0.1505 -0.0085 0.0205 0.1475 0.005 0.0215 0.1475 0.0095 0.02 0.1505 0.0095 0.02 0.1475 0.005 0.0215 0.1505 0.0005 0.022 0.1475 0.0165 0.0145 0.1505 0.021 0.0065 0.1505 0.0165 0.0145 0.1475 0.022 -0.003 0.1505 0.021 0.0065 0.1475 0.019 -0.0115 0.1505 0.022 -0.003 0.1475 0.0125 -0.018 0.1505 0.019 -0.0115 0.1475 0.004 -0.0215 0.1505 0.0125 -0.018 0.1475 0.004 -0.0215 0.1475 0.0012 0.0948 0.0576 0.0024 0.0948 0.06 0.0024 0.0948 0.0576 0.0012 0.0948 0.06 0.0012 0.0948 0.06 0 0.0948 0.0576 0 0.0948 0.06 0.0012 0.0948 0.0576 0 0.0948 0.06 -0.0012 0.0948 0.0576 -0.0012 0.0948 0.06 0 0.0948 0.0576 -0.0012 0.0948 0.06 -0.0024 0.0948 0.0576 -0.0024 0.0948 0.06 -0.0012 0.0948 0.0576 -0.0024 0.0924 0.06 -0.0024 0.0912 0.0576 -0.0024 0.0912 0.06 -0.0024 0.0924 0.0576 -0.0024 0.09 0.06 -0.0012 0.09 0.0576 -0.0012 0.09 0.06 -0.0024 0.09 0.0576 -0.0012 0.09 0.06 0 0.09 0.0576 0 0.09 0.06 -0.0012 0.09 0.0576 0.0012 0.09 0.0576 0 0.09 0.06 0 0.09 0.0576 0.0012 0.09 0.06 0.0024 0.0924 0.06 0.0024 0.0936 0.0576 0.0024 0.0936 0.06 0.0024 0.0924 0.0576 0.0024 0.09 0.0576 0.0012 0.09 0.06 0.0012 0.09 0.0576 0.0024 0.09 0.06 0 0.0936 0.042 0.0012 0.0912 0.042 0 0.0912 0.042 -0.0012 0.0924 0.042 0.0012 0.0924 0.042 0.0012 0.0936 0.042 -0.0012 0.0912 0.042 -0.0012 0.0936 0.042 0 0.0936 0.0468 -0.0012 0.0924 0.0468 -0.0012 0.0912 0.0528 -0.0012 0.0924 0.0528 -0.0012 0.0912 0.0468 0 0.0936 0.0528 0 0.0936 0.0516 -0.0012 0.0912 0.048 0.0012 0.0936 0.0516 0 0.0912 0.048 0.0012 0.0912 0.0444 0.0012 0.0912 0.0456 0 0.0912 0.0456 0 0.0912 0.0444 -0.0012 0.0924 0.0444 -0.0012 0.0936 0.0444 0.0012 0.0924 0.048 0.0012 0.0912 0.0516 0.0012 0.0936 0.048 0.0012 0.0924 0.0492 0.0012 0.0936 0.0492 0 0.0912 0.0516 0 0.0936 0.0492 -0.0012 0.0924 0.0564 -0.0012 0.0936 0.0564 -0.0012 0.0936 0.0492 -0.0012 0.0924 0.0492 -0.0012 0.0912 0.054 0 0.0912 0.054 0.0012 0.0924 0.054 -0.0012 0.0924 0.0432 -0.0012 0.0936 0.0432 0 0.0936 0.0432 0.0012 0.0936 0.0432 0.0012 0.0924 0.0432 0.0012 0.0912 0.0504 0 0.0912 0.0504 0.0012 0.0936 0.042 0.0012 0.0924 0.042 -0.0012 0.0936 0.0504 -0.0012 0.0924 0.0504 0.0012 0.0936 0.0456 0 0.0936 0.0456 0.0012 0.0924 0.0552 0.0012 0.0936 0.0552 0 0.0936 0.0552 -0.0012 0.0936 0.0552 -0.0012 0.0924 0.0552 0 0.0936 0.0564 -0.0012 0.0948 0.0564 0 0.0948 0.0564 -0.0024 0.0912 0.0564 -0.0012 0.0912 0.0564 -0.0012 0.09 0.0564 0.0012 0.0936 0.0564 0.0012 0.0948 0.0564 0.0012 0.0924 0.0564 0.0024 0.0936 0.0564 -0.0024 0.0948 0.0564 -0.0012 0.0924 0.0564 -0.0024 0.0936 0.0564 -0.0012 0.0936 0.0564 0.0024 0.0924 0.0564 0.0024 0.0912 0.0564 0.0012 0.0912 0.0564 0.0012 0.09 0.0564 0 0.0912 0.0564 0 0.09 0.0564 0.0012 0.09 0.0576 0.0024 0.0912 0.0576 0 0.09 0.0576 -0.0012 0.09 0.0576 -0.0024 0.0912 0.0576 -0.0024 0.0936 0.0576 -0.0024 0.0948 0.0576 -0.0012 0.0948 0.0576 0 0.0948 0.0576 0.0012 0.0948 0.0576 0.0024 0.0936 0.0576 0.0024 0.0924 0.0576 0.0024 0.0912 0.0564 0.0012 0.09 0.0564 0 0.09 0.0564 -0.0012 0.09 0.0564 -0.0024 0.0912 0.0564 -0.0024 0.0936 0.0564 -0.0012 0.0948 0.0564 0 0.0948 0.0564 0.0012 0.0948 0.0564 0.0024 0.0936 0.0564 0.0024 0.0924 0.0564 -0.0024 0.0948 0.0564 0.0024 0.0948 0.0576 -0.0024 0.09 0.0576 0.0012 0.09 0.0576 0.0024 0.0912 0.0576 0.0024 0.09 0.0576 0.0024 0.09 0.06 0.0024 0.0912 0.0576 0.0024 0.0912 0.06 0.0024 0.09 0.0576 0.0012 0.0948 0.06 0.0024 0.0948 0.06 -0.0024 0.0912 0.06 -0.0024 0.09 0.06 -0.0012 0.09 0.06 0.0012 0.09 0.06 0.0024 0.0912 0.06 0.0024 0.09 0.06 0.0024 0.0936 0.06 -0.0012 0.0924 0.06 -0.0024 0.0936 0.06 -0.0024 0.0912 0.06 -0.0012 0.09 0.06 -0.0012 0.0912 0.06 0 0.0912 0.06 0 0.09 0.06 0.0012 0.09 0.06 0.0012 0.0912 0.06 0.0024 0.0912 0.06 0.0024 0.0924 0.06 0.0012 0.0924 0.06 0.0024 0.0936 0.06 0.0012 0.0936 0.06 0.0012 0.0948 0.06 0 0.0936 0.06 0 0.0948 0.06 -0.0012 0.0948 0.06 -0.0012 0.0936 0.06 -0.0024 0.0948 0.06 0.0012 0.0912 0.0588 0 0.0936 0.0588 -0.0012 0.0936 0.0588 -0.0012 0.0924 0.0588 0.0012 0.0924 0.0588 0 0.0912 0.0588 -0.0012 0.0912 0.06 -0.0012 0.0924 0.0588 -0.0012 0.0924 0.06 0 0.0912 0.0588 0 0.0912 0.06 0 0.0912 0.0588 0 0.0912 0.06 0.0012 0.0912 0.0588 0.0012 0.0912 0.06 0.0012 0.0924 0.06 0.0012 0.0912 0.0588 0.0012 0.0912 0.06 0.0012 0.0924 0.0588 0.0012 0.0936 0.06 0.0012 0.0924 0.0588 0.0012 0.0924 0.06 0 0.0936 0.0588 0 0.0936 0.06 0 0.0936 0.06 0 0.0936 0.0588 -0.0012 0.0936 0.0588 -0.0012 0.0936 0.06 -0.0012 0.0936 0.0588 -0.0012 0.0924 0.06 -0.0012 0.0924 0.0588 -0.0012 0.0936 0.06 0 0.0936 0.0504 0.0012 0.0936 0.0504 0.0012 0.0924 0.0504 0 0.0912 0.0504 -0.0012 0.0912 0.0504 -0.0012 0.0924 0.0504 -0.0012 0.0936 0.0504 0.0012 0.0936 0.0492 0.0012 0.0924 0.0492 0.0012 0.0912 0.0492 0 0.0912 0.0492 -0.0012 0.0912 0.0492 0 0.0936 0.0492 0 0.0912 0.048 -0.0012 0.0912 0.048 -0.0012 0.0924 0.048 -0.0012 0.0936 0.048 0 0.0936 0.048 0.0012 0.0924 0.048 0.0012 0.0912 0.048 0.0012 0.0924 0.042 -0.0012 0.0924 0.042 -0.0012 0.0912 0.042 -0.0012 0.0912 0.0432 0 0.0912 0.042 0 0.0912 0.0432 0.0012 0.0912 0.0432 0.0012 0.0924 0.0432 0.0012 0.0936 0.0432 0 0.0936 0.0432 0.0012 0.0924 0.0444 0.0012 0.0936 0.0444 0 0.0936 0.0444 -0.0012 0.0936 0.0444 -0.0012 0.0924 0.0444 -0.0012 0.0912 0.0444 0 0.0912 0.0444 -0.0012 0.0936 0.0456 -0.0012 0.0924 0.0456 -0.0012 0.0912 0.0456 0 0.0912 0.0456 0.0012 0.0924 0.0456 0.0012 0.0912 0.0456 0.0012 0.0936 0.0456 0.0012 0.0912 0.0468 0.0012 0.0924 0.0468 0.0012 0.0936 0.0468 0 0.0936 0.0468 -0.0012 0.0936 0.0468 -0.0012 0.0924 0.0468 -0.0012 0.0924 0.0516 -0.0012 0.0912 0.0516 0 0.0912 0.0516 0.0012 0.0912 0.0516 0.0012 0.0924 0.0516 0.0012 0.0936 0.0516 0.0012 0.0912 0.0528 0.0012 0.0924 0.0528 0.0012 0.0936 0.0528 0 0.0936 0.0528 -0.0012 0.0936 0.0528 -0.0012 0.0924 0.0528 0 0.0936 0.054 -0.0012 0.0936 0.054 -0.0012 0.0924 0.054 -0.0012 0.0912 0.054 0 0.0912 0.054 0.0012 0.0912 0.054 0.0012 0.0924 0.054 -0.0012 0.0912 0.0552 0 0.0912 0.0552 0.0012 0.0912 0.0552 0.0012 0.0924 0.0552 0.0012 0.0936 0.0552 0 0.0936 0.0552 0.0012 0.0924 0.0564 0.0012 0.0936 0.0564 0 0.0936 0.0564 -0.0012 0.0936 0.0564 0.0012 0.0912 0.042 0 0.0936 0.048 -0.0012 0.0936 0.048 -0.0012 0.0924 0.048 0.0012 0.0936 0.048 0.0012 0.0924 0.0468 0.0012 0.0912 0.0468 0 0.0912 0.0468 0.0012 0.0936 0.0468 -0.0012 0.0912 0.0456 -0.0012 0.0936 0.0456 0 0.0936 0.0456 0.0012 0.0924 0.0456 0.0012 0.0912 0.0456 0 0.0912 0.0456 -0.0012 0.0924 0.042 -0.0012 0.0936 0.042 -0.0012 0.0924 0.0492 -0.0012 0.0912 0.0492 0 0.0912 0.0492 0.0012 0.0912 0.0492 0.0012 0.0924 0.0492 0.0012 0.0924 0.0504 0.0012 0.0912 0.0504 0 0.0936 0.0504 -0.0012 0.0936 0.0504 -0.0012 0.0936 0.0516 0 0.0936 0.0516 -0.0012 0.0924 0.0516 -0.0012 0.0912 0.0516 0 0.0912 0.0516 0 0.0912 0.0528 0.0012 0.0912 0.0528 0.0012 0.0924 0.0528 0.0012 0.0936 0.0528 0.0012 0.0936 0.054 0 0.0936 0.054 -0.0012 0.0924 0.054 -0.0012 0.0924 0.0552 -0.0012 0.0912 0.0552 0.0012 0.0912 0.0552 0.0012 0.0924 0.0552 0.0012 0.0924 0.0564 -0.0012 0.0924 0.0564 0 0.0912 0.0564 0 0.0912 0.042 -0.0012 0.0912 0.042 0.0012 0.0924 0.042 0.0012 0.0912 0.042 -0.0012 0.0924 0.0432 -0.0012 0.0912 0.0432 0 0.0912 0.0432 0.0012 0.0924 0.0432 0.0012 0.0912 0.0432 0.0012 0.0924 0.0444 0 0.0936 0.0444 -0.0012 0.0936 0.0444 0 0.0912 0.0444 0.0012 0.0912 0.0444 -0.0012 0.0912 0.0564 -0.0012 0.0924 0.042 -0.0012 0.0912 0.042 0 0.0912 0.042 0.0012 0.0912 0.042 0.0012 0.0924 0.042 0.0012 0.0936 0.042 0.0012 0.0936 0.0432 0 0.0936 0.0432 0 0.0936 0.042 -0.0012 0.0936 0.0432 -0.0012 0.0924 0.0432 -0.0012 0.0912 0.0432 0 0.0912 0.0432 0.0012 0.0912 0.0432 0.0012 0.0924 0.0432 -0.0012 0.0924 0.0444 -0.0012 0.0912 0.0444 0 0.0912 0.0444 0.0012 0.0912 0.0444 0.0012 0.0924 0.0444 0.0012 0.0936 0.0444 0 0.0936 0.0444 0.0012 0.0924 0.0456 0.0012 0.0912 0.0456 0.0012 0.0936 0.0456 0 0.0936 0.0456 -0.0012 0.0936 0.0456 -0.0012 0.0924 0.0456 -0.0012 0.0912 0.0456 0 0.0912 0.0456 0 0.0936 0.0468 -0.0012 0.0936 0.0468 -0.0012 0.0924 0.0468 -0.0012 0.0912 0.0468 0 0.0912 0.0468 0.0012 0.0912 0.0468 0.0012 0.0924 0.0468 0 0.0912 0.048 0.0012 0.0912 0.048 0.0012 0.0924 0.048 0.0012 0.0936 0.048 0 0.0936 0.048 -0.0012 0.0936 0.048 0.0012 0.0936 0.0492 0 0.0936 0.0492 -0.0012 0.0936 0.0492 -0.0012 0.0924 0.0492 -0.0012 0.0912 0.0492 0 0.0912 0.0492 -0.0012 0.0924 0.0504 -0.0012 0.0912 0.0504 0 0.0912 0.0504 0.0012 0.0912 0.0504 0.0012 0.0924 0.0504 0.0012 0.0936 0.0504 0 0.0936 0.0504 0.0012 0.0924 0.0516 0.0012 0.0912 0.0516 0.0012 0.0936 0.0516 0 0.0936 0.0516 -0.0012 0.0936 0.0516 -0.0012 0.0924 0.0516 -0.0012 0.0912 0.0516 0 0.0936 0.0528 -0.0012 0.0936 0.0528 -0.0012 0.0924 0.0528 -0.0012 0.0912 0.0528 0 0.0912 0.0528 0.0012 0.0912 0.0528 0.0012 0.0924 0.0528 0 0.0912 0.054 0.0012 0.0912 0.054 0.0012 0.0924 0.054 0.0012 0.0936 0.054 0 0.0936 0.054 -0.0012 0.0936 0.054 -0.0012 0.0924 0.054 0.0012 0.0936 0.0552 0 0.0936 0.0552 -0.0012 0.0936 0.0552 -0.0012 0.0924 0.0552 -0.0012 0.0912 0.0552 0 0.0912 0.0552 0.0012 0.0912 0.0552 -0.0012 0.0924 0.0564 -0.0012 0.0912 0.0564 0 0.0912 0.0564 0.0012 0.0912 0.0564 0.0012 0.0924 0.0564 -0.0012 0.0936 0.042 0.0024 0.0912 0.06 0.0024 0.0924 0.0576 0.0024 0.0924 0.06 0.0024 0.0912 0.0576 -0.0024 0.09 0.06 -0.0024 0.0912 0.06 -0.0024 0.09 0.0576 -0.0024 0.0912 0.0576 -0.0024 0.0936 0.0576 -0.0024 0.0936 0.06 -0.0024 0.0924 0.0576 -0.0024 0.0924 0.06 -0.0024 0.0948 0.06 -0.0024 0.0936 0.0576 -0.0024 0.0936 0.06 -0.0024 0.0948 0.0576 0.0024 0.0948 0.0576 0.0024 0.0936 0.06 0.0024 0.0948 0.06 0.0024 0.0936 0.0576 -0.0012 0.0408 0.1224 0.0012 0.0408 0.1224 0 0.042 0.1224 0.0012 0.042 0.1224 -0.0012 0.042 0.1224 -0.0012 0.0396 0.1224 -0.0024 0.0384 0.1224 -0.0024 0.0396 0.1224 0.0012 0.0396 0.1224 0.0024 0.0408 0.1224 0.0024 0.0396 0.1224 0.0024 0.0384 0.1224 -0.0012 0.0408 0.1224 -0.0024 0.0408 0.1224 0.0012 0.0408 0.1224 0.0012 0.042 0.1224 -0.0012 0.042 0.1224 0.0012 0.0384 0.1224 0.0012 0.0372 0.1224 0 0.0384 0.1224 0 0.0372 0.1224 -0.0012 0.0384 0.1224 -0.0012 0.0372 0.1224 0 0.042 0.1224 0.0012 0.042 0.1224 -0.0012 0.042 0.1224 0 0.0432 0.1224 -0.0024 0.0384 0.1224 -0.0024 0.0408 0.1224 -0.0012 0.042 0.1224 -0.0024 0.042 0.1224 0 0.0432 0.1224 0 0.0432 0.1248 -0.0012 0.0432 0.1224 -0.0012 0.0432 0.1248 0.0012 0.042 0.1224 0.0012 0.0432 0.1224 0.0012 0.0432 0.1248 0.0024 0.042 0.1224 0.0024 0.0408 0.1224 0.0024 0.0384 0.1224 0.0012 0.0372 0.1224 0.0012 0.0372 0.1248 0.0012 0.0384 0.1224 0 0.0372 0.1224 0 0.0372 0.1248 -0.0012 0.0372 0.1224 -0.0012 0.0372 0.1248 -0.0012 0.0384 0.1224 -0.0012 0.0384 0.1248 -0.0012 0.042 0.1248 -0.0012 0.0432 0.1248 0 0.042 0.1248 0 0.0432 0.1248 -0.0024 0.0408 0.1248 -0.0024 0.042 0.1248 -0.0024 0.0384 0.1248 -0.0012 0.0372 0.1248 -0.0012 0.0384 0.1248 0.0012 0.042 0.1248 0.0024 0.0408 0.1248 0.0024 0.0384 0.1248 0.0012 0.0372 0.1248 0.0012 0.0384 0.1248 0.0024 0.042 0.1248 0.0012 0.0432 0.1248 0.0012 0.0396 0.1248 0.0012 0.0372 0.1248 0.0024 0.0384 0.1248 0 0.0372 0.1248 0.0012 0.0384 0.1248 0 0.0384 0.1248 -0.0012 0.0384 0.1248 -0.0012 0.0372 0.1248 -0.0024 0.0384 0.1248 -0.0012 0.0396 0.1248 0.0024 0.0396 0.1248 -0.0024 0.0396 0.1248 -0.0024 0.0408 0.1248 -0.0012 0.0408 0.1248 -0.0012 0.042 0.1248 0 0.042 0.1248 0.0012 0.0408 0.1248 0.0024 0.0408 0.1248 0.0012 0.042 0.1248 0.0012 0.0408 0.1248 0 0.042 0.1248 -0.0012 0.0408 0.1248 0 0.0408 0.1248 0.0012 0.0408 0.1224 0.0012 0.0384 0.1224 -0.0012 0.0384 0.1224 -0.0012 0.0408 0.1224 0.0012 0.0408 0.1224 0 0.0408 0.1248 -0.0012 0.0408 0.1224 -0.0012 0.0408 0.1248 0.0012 0.0408 0.1248 0.0012 0.0408 0.1248 0.0012 0.0396 0.1224 0.0012 0.0396 0.1248 0.0012 0.0408 0.1224 0.0012 0.0396 0.1224 0.0012 0.0396 0.1248 0.0012 0.0384 0.1224 0.0012 0.0384 0.1248 -0.0012 0.0384 0.1224 0 0.0384 0.1248 0.0012 0.0384 0.1224 0.0012 0.0384 0.1248 -0.0012 0.0384 0.1248 -0.0012 0.0396 0.1224 -0.0012 0.0396 0.1248 -0.0012 0.0384 0.1224 -0.0012 0.0384 0.1248 -0.0012 0.0408 0.1224 -0.0012 0.0408 0.1248 -0.0012 0.0396 0.1224 -0.0012 0.0396 0.1248 -0.0012 0.0408 0.1212 -0.0012 0.0408 0.1224 -0.0012 0.0396 0.1224 -0.0012 0.0396 0.1212 -0.0012 0.0384 0.1224 0 0.0384 0.1212 0 0.0384 0.1224 0.0012 0.0384 0.1224 0.0012 0.0396 0.1212 0.0012 0.0396 0.1224 0.0012 0.0408 0.1212 0.0012 0.0408 0.1224 0 0.0408 0.1224 0 0.042 0.1224 0 0.0408 0.102 0.0012 0.0408 0.102 0.0012 0.0396 0.102 0 0.042 0.102 -0.0012 0.0396 0.102 0 0.0384 0.102 -0.0012 0.0384 0.102 0.0012 0.0384 0.102 0 0.042 0.102 -0.0012 0.0408 0.102 0 0.0408 0.102 -0.0012 0.0384 0.102 0.0012 0.0384 0.1032 0 0.0384 0.102 0.0012 0.0384 0.102 0.0012 0.0396 0.1032 0.0012 0.0408 0.1032 0 0.042 0.1032 0 0.0384 0.1032 0.0012 0.0408 0.1044 0 0.042 0.1044 -0.0012 0.0396 0.1044 -0.0012 0.0384 0.1044 -0.0012 0.0384 0.1056 0 0.0384 0.1056 0.0012 0.0396 0.1056 0.0012 0.0408 0.1056 -0.0012 0.0396 0.1056 0.0012 0.0396 0.1068 0.0012 0.0408 0.1068 -0.0012 0.0384 0.108 0 0.0384 0.108 0.0012 0.0384 0.108 0 0.0384 0.1092 0.0012 0.0384 0.1092 0.0012 0.0408 0.1092 0 0.042 0.1092 0.0012 0.0408 0.1104 0 0.042 0.1104 -0.0012 0.0396 0.1104 -0.0012 0.0384 0.1104 -0.0012 0.0396 0.1116 -0.0012 0.0384 0.1116 0 0.0384 0.1116 0.0012 0.0396 0.1116 0.0012 0.0408 0.1116 0.0012 0.0396 0.1128 0.0012 0.0408 0.1128 -0.0012 0.0408 0.1128 -0.0012 0.0408 0.114 -0.0012 0.0396 0.114 -0.0012 0.0384 0.114 0 0.0384 0.114 0.0012 0.0384 0.114 0 0.0384 0.1152 0.0012 0.0384 0.1152 0.0012 0.0408 0.1152 0 0.042 0.1152 0.0012 0.0408 0.1164 0 0.042 0.1164 -0.0012 0.0396 0.1164 -0.0012 0.0384 0.1164 -0.0012 0.0396 0.1176 -0.0012 0.0384 0.1176 0 0.0384 0.1176 0.0012 0.0396 0.1176 0.0012 0.0408 0.1176 0.0012 0.0396 0.1188 0.0012 0.0408 0.1188 -0.0012 0.0408 0.1188 -0.0012 0.0408 0.12 -0.0012 0.0396 0.12 0 0.0384 0.12 0.0012 0.0384 0.12 0.0012 0.0384 0.1212 0.0012 0.0408 0.1212 0 0.042 0.1212 0 0.0384 0.1212 0.0012 0.0408 0.1224 0 0.042 0.1224 0 0.0408 0.102 -0.0012 0.0396 0.102 0 0.0384 0.102 0.0012 0.0396 0.102 -0.0012 0.0408 0.102 0.0012 0.0408 0.102 0 0.0408 0.108 0 0.0384 0.108 0.0012 0.0396 0.108 0 0.0408 0.1092 -0.0012 0.0408 0.1092 -0.0012 0.0396 0.1092 0 0.0384 0.1092 0 0.0384 0.1104 0.0012 0.0396 0.1104 0.0012 0.0408 0.1104 0.0012 0.0408 0.1116 0 0.0408 0.1116 -0.0012 0.0408 0.1116 -0.0012 0.0396 0.1116 0 0.0384 0.1116 -0.0012 0.0396 0.1128 0 0.0384 0.1128 0.0012 0.0396 0.1128 0.0012 0.0396 0.114 0 0.0408 0.114 0 0.0408 0.1152 -0.0012 0.0408 0.1152 -0.0012 0.0396 0.1152 0 0.0384 0.1152 0.0012 0.0396 0.1152 0.0012 0.0384 0.1152 0 0.0384 0.1164 0.0012 0.0396 0.1164 0.0012 0.0408 0.1164 -0.0012 0.0396 0.1164 -0.0012 0.0384 0.1164 0.0012 0.0408 0.1176 0 0.0408 0.1176 -0.0012 0.0408 0.1176 -0.0012 0.0396 0.1176 -0.0012 0.0384 0.1176 0 0.0384 0.1176 -0.0012 0.0396 0.1188 0 0.0384 0.1188 0.0012 0.0396 0.1188 0.0012 0.0396 0.12 0 0.0408 0.12 0 0.0408 0.1212 -0.0012 0.0408 0.1212 0 0.0408 0.102 -0.0012 0.0408 0.102 0 0.0408 0.1032 -0.0012 0.0408 0.1032 -0.0012 0.0396 0.1032 0 0.0384 0.1032 0 0.0384 0.1044 0.0012 0.0396 0.1044 0.0012 0.0408 0.1044 0.0012 0.0408 0.1056 0 0.0408 0.1056 -0.0012 0.0408 0.1056 -0.0012 0.0396 0.1056 0 0.0384 0.1056 0.0012 0.0396 0.1056 0.0012 0.0384 0.1056 -0.0012 0.0408 0.1068 -0.0012 0.0396 0.1068 0 0.0384 0.1068 0.0012 0.0384 0.1068 0.0012 0.0396 0.1068 0.0012 0.0384 0.108 -0.0012 0.0384 0.1116 -0.0012 0.0384 0.1128 0.0012 0.0408 0.1188 0 0.0408 0.1188 -0.0012 0.0408 0.1188 -0.0012 0.0396 0.1188 -0.0012 0.0384 0.1188 0 0.0384 0.1188 0.0012 0.0396 0.1188 0.0012 0.0396 0.12 0.0012 0.0408 0.12 0 0.0408 0.12 -0.0012 0.0408 0.12 -0.0012 0.0396 0.12 -0.0012 0.0384 0.12 0 0.0384 0.12 -0.0012 0.0408 0.1212 -0.0012 0.0396 0.1212 -0.0012 0.0384 0.1212 0 0.0384 0.1212 0.0012 0.0396 0.1212 0.0012 0.0408 0.1212 0 0.0408 0.1212 0 0.0408 0.102 -0.0012 0.0408 0.102 0 0.042 0.102 -0.0012 0.0396 0.102 -0.0012 0.0396 0.1032 -0.0012 0.0384 0.102 -0.0012 0.0384 0.1032 0 0.0384 0.1032 0.0012 0.0384 0.1032 0.0012 0.0396 0.1032 0.0012 0.0408 0.1032 0 0.042 0.1032 0 0.0408 0.1032 -0.0012 0.0408 0.1032 0.0012 0.0396 0.1044 0.0012 0.0408 0.1044 0 0.042 0.1044 0 0.0408 0.1044 -0.0012 0.0408 0.1044 -0.0012 0.0396 0.1044 -0.0012 0.0384 0.1044 0 0.0384 0.1044 0.0012 0.0384 0.1044 -0.0012 0.0408 0.1056 -0.0012 0.0396 0.1056 -0.0012 0.0384 0.1056 0 0.0384 0.1056 0.0012 0.0384 0.1056 0.0012 0.0396 0.1056 0.0012 0.0408 0.1056 0 0.042 0.1056 0 0.0408 0.1056 0.0012 0.0384 0.1068 0.0012 0.0396 0.1068 0.0012 0.0408 0.1068 0 0.042 0.1068 0 0.0408 0.1068 -0.0012 0.0408 0.1068 -0.0012 0.0396 0.1068 -0.0012 0.0384 0.1068 0 0.0384 0.1068 0.0012 0.0408 0.108 0 0.0408 0.108 -0.0012 0.0408 0.108 -0.0012 0.0396 0.108 -0.0012 0.0384 0.108 0 0.0384 0.108 0.0012 0.0384 0.108 0.0012 0.0396 0.108 0 0.042 0.108 -0.0012 0.0396 0.1092 -0.0012 0.0384 0.1092 0 0.0384 0.1092 0.0012 0.0384 0.1092 0.0012 0.0396 0.1092 0.0012 0.0408 0.1092 0 0.042 0.1092 0 0.0408 0.1092 -0.0012 0.0408 0.1092 0.0012 0.0396 0.1104 0.0012 0.0408 0.1104 0 0.042 0.1104 0 0.0408 0.1104 -0.0012 0.0408 0.1104 -0.0012 0.0396 0.1104 -0.0012 0.0384 0.1104 0 0.0384 0.1104 0.0012 0.0384 0.1104 -0.0012 0.0408 0.1116 -0.0012 0.0396 0.1116 -0.0012 0.0384 0.1116 0 0.0384 0.1116 0.0012 0.0384 0.1116 0.0012 0.0396 0.1116 0.0012 0.0408 0.1116 0 0.042 0.1116 0 0.0408 0.1116 0.0012 0.0384 0.1128 0.0012 0.0396 0.1128 0.0012 0.0408 0.1128 0 0.042 0.1128 0 0.0408 0.1128 -0.0012 0.0408 0.1128 -0.0012 0.0396 0.1128 -0.0012 0.0384 0.1128 0 0.0384 0.1128 0.0012 0.0408 0.114 0 0.0408 0.114 -0.0012 0.0408 0.114 -0.0012 0.0396 0.114 -0.0012 0.0384 0.114 0 0.0384 0.114 0.0012 0.0384 0.114 0.0012 0.0396 0.114 0 0.042 0.114 -0.0012 0.0396 0.1152 -0.0012 0.0384 0.1152 0 0.0384 0.1152 0.0012 0.0384 0.1152 0.0012 0.0396 0.1152 0.0012 0.0408 0.1152 0 0.0408 0.1152 0 0.042 0.1152 -0.0012 0.0408 0.1152 0.0012 0.0396 0.1164 0.0012 0.0408 0.1164 0 0.0408 0.1164 0 0.042 0.1164 -0.0012 0.0408 0.1164 -0.0012 0.0396 0.1164 -0.0012 0.0384 0.1164 0 0.0384 0.1164 0.0012 0.0384 0.1164 -0.0012 0.0408 0.1176 -0.0012 0.0396 0.1176 -0.0012 0.0384 0.1176 0 0.0384 0.1176 0.0012 0.0384 0.1176 0.0012 0.0396 0.1176 0.0012 0.0408 0.1176 0 0.0408 0.1176 0 0.042 0.1176 0 0.042 0.1188 0.0012 0.0384 0.1188 0.0012 0.0384 0.12 0 0.042 0.12 0.0012 0.0384 0.1212 0 0.042 0.1212 0 0.0408 0.1224 0.0012 0.0408 0.1224 0 0.042 0.1224 0 0.0384 0.102 0.0012 0.0384 0.102 0.0012 0.0396 0.102 0.0012 0.0408 0.102 -0.0012 0.0396 0.1104 -0.0012 0.0396 0.102 -0.0012 0.0384 0.102 0 0.0384 0.102 0.0012 0.0384 0.102 0.0012 0.0396 0.102 0.0012 0.0396 0.1032 0.0012 0.0408 0.1032 0 0.0408 0.1032 0 0.042 0.1032 -0.0012 0.0408 0.1032 -0.0012 0.0396 0.1032 -0.0012 0.0384 0.1032 0 0.0384 0.1032 0.0012 0.0384 0.1032 -0.0012 0.0408 0.1044 0 0.042 0.1044 -0.0012 0.0396 0.1044 -0.0012 0.0384 0.1044 0 0.0384 0.1044 0.0012 0.0384 0.1044 0.0012 0.0396 0.1044 0.0012 0.0408 0.1044 0 0.0408 0.1044 0 0.0384 0.1056 0.0012 0.0384 0.1056 0.0012 0.0396 0.1056 0.0012 0.0408 0.1056 0 0.0408 0.1056 0 0.042 0.1056 -0.0012 0.0408 0.1056 -0.0012 0.0396 0.1056 -0.0012 0.0384 0.1056 0.0012 0.0408 0.1068 0 0.042 0.1068 0 0.0408 0.1068 -0.0012 0.0408 0.1068 -0.0012 0.0396 0.1068 -0.0012 0.0384 0.1068 0 0.0384 0.1068 0.0012 0.0384 0.1068 0.0012 0.0396 0.1068 0.0012 0.0396 0.1128 0.0012 0.0384 0.1128 0 0.0384 0.1128 -0.0012 0.0384 0.1128 -0.0012 0.0396 0.1128 -0.0012 0.0408 0.1128 0 0.0408 0.1128 0 0.042 0.1128 0.0012 0.0408 0.1128 -0.0012 0.0396 0.108 -0.0012 0.0408 0.108 -0.0012 0.0384 0.108 0 0.0384 0.108 0.0012 0.0384 0.108 0.0012 0.0396 0.108 0.0012 0.0408 0.108 0 0.0408 0.108 0 0.042 0.108 0.0012 0.0396 0.1092 0.0012 0.0384 0.1092 0.0012 0.0408 0.1092 0 0.0408 0.1092 0 0.042 0.1092 -0.0012 0.0408 0.1092 -0.0012 0.0396 0.1092 -0.0012 0.0384 0.1092 0 0.0384 0.1092 -0.0012 0.0408 0.1104 0 0.042 0.1104 -0.0012 0.0384 0.1104 0 0.0384 0.1104 0.0012 0.0384 0.1104 0.0012 0.0396 0.1104 0.0012 0.0408 0.1104 0 0.0408 0.1104 0 0.0384 0.1116 0.0012 0.0384 0.1116 0.0012 0.0396 0.1116 0.0012 0.0408 0.1116 0 0.0408 0.1116 0 0.042 0.1116 -0.0012 0.0408 0.1116 -0.0012 0.0396 0.1116 -0.0012 0.0384 0.1116 -0.0012 0.0396 0.114 -0.0012 0.0384 0.114 0 0.0384 0.114 0.0012 0.0384 0.114 0.0012 0.0396 0.114 0.0012 0.0408 0.114 0 0.0408 0.114 0 0.042 0.114 -0.0012 0.0408 0.114 0.0012 0.0396 0.1152 0.0012 0.0384 0.1152 0.0012 0.0408 0.1152 0 0.0408 0.1152 0 0.042 0.1152 -0.0012 0.0408 0.1152 -0.0012 0.0396 0.1152 -0.0012 0.0384 0.1152 0 0.0384 0.1152 -0.0012 0.0408 0.1164 0 0.042 0.1164 -0.0012 0.0396 0.1164 -0.0012 0.0384 0.1164 0 0.0384 0.1164 0.0012 0.0384 0.1164 0.0012 0.0396 0.1164 0.0012 0.0408 0.1164 0 0.0408 0.1164 0 0.0384 0.1176 0.0012 0.0384 0.1176 0.0012 0.0396 0.1176 0.0012 0.0408 0.1176 0 0.0408 0.1176 0 0.042 0.1176 -0.0012 0.0408 0.1176 -0.0012 0.0396 0.1176 -0.0012 0.0384 0.1176 0.0012 0.0408 0.1188 0 0.042 0.1188 0 0.0408 0.1188 -0.0012 0.0408 0.1188 -0.0012 0.0396 0.1188 -0.0012 0.0384 0.1188 0 0.0384 0.1188 0.0012 0.0384 0.1188 0.0012 0.0396 0.1188 -0.0012 0.0396 0.12 -0.0012 0.0384 0.12 0 0.0384 0.12 0.0012 0.0384 0.12 0.0012 0.0396 0.12 0.0012 0.0408 0.12 0 0.0408 0.12 0 0.042 0.12 -0.0012 0.0408 0.12 0.0012 0.0396 0.1212 0.0012 0.0384 0.1212 0.0012 0.0408 0.1212 0 0.0408 0.1212 0 0.042 0.1212 -0.0012 0.0408 0.1212 -0.0012 0.0396 0.1212 -0.0012 0.0384 0.1212 0 0.0384 0.1212 0 0.042 0.1224 -0.0012 0.0408 0.1224 0 0.0408 0.102 0.0012 0.0408 0.102 0.0012 0.0384 0.1248 0.0012 0.0372 0.1224 0.0012 0.0384 0.1224 0.0012 0.0372 0.1248 0.0012 0.0384 0.1224 0.0024 0.0384 0.1248 0.0012 0.0384 0.1248 0.0024 0.0384 0.1224 0.0024 0.0384 0.1248 0.0024 0.0396 0.1224 0.0024 0.0396 0.1248 0.0024 0.0384 0.1224 0.0024 0.0408 0.1224 0.0024 0.0408 0.1248 0.0024 0.0396 0.1248 0.0024 0.0396 0.1224 0.0024 0.042 0.1248 0.0024 0.0408 0.1224 0.0024 0.042 0.1224 0.0024 0.0408 0.1248 0.0024 0.042 0.1248 0.0012 0.042 0.1224 0.0012 0.042 0.1248 0.0024 0.042 0.1224 0.0012 0.042 0.1224 0.0012 0.0432 0.1248 0.0012 0.042 0.1248 0.0012 0.0432 0.1224 0.0012 0.042 0.1224 0.0012 0.0432 0.1248 0.0012 0.0432 0.1224 0.0012 0.042 0.1248 0.0012 0.042 0.1248 0.0012 0.042 0.1224 0.0012 0.0432 0.1248 0.0012 0.0432 0.1224 -0.0012 0.042 0.1248 -0.0012 0.042 0.1224 -0.0012 0.0432 0.1248 -0.0012 0.0432 0.1224 -0.0012 0.042 0.1224 -0.0012 0.0432 0.1248 -0.0012 0.042 0.1248 -0.0012 0.0432 0.1224 -0.0012 0.042 0.1224 -0.0012 0.0432 0.1248 -0.0012 0.0432 0.1224 -0.0012 0.042 0.1248 -0.0012 0.042 0.1224 -0.0024 0.042 0.1248 -0.0012 0.042 0.1248 -0.0024 0.042 0.1224 -0.0024 0.042 0.1248 -0.0024 0.0408 0.1224 -0.0024 0.0408 0.1248 -0.0024 0.042 0.1224 -0.0024 0.0408 0.1224 -0.0024 0.0408 0.1248 -0.0024 0.0396 0.1248 -0.0024 0.0396 0.1224 -0.0024 0.0384 0.1248 -0.0024 0.0396 0.1224 -0.0024 0.0384 0.1224 -0.0024 0.0396 0.1248 -0.0012 0.0384 0.1224 -0.0024 0.0384 0.1248 -0.0024 0.0384 0.1224 -0.0012 0.0384 0.1248 -0.0012 0.0384 0.1224 -0.0012 0.0372 0.1248 -0.0012 0.0372 0.1224 -0.0012 0.0384 0.1248 -0.0012 0.0372 0.1248 -0.0012 0.0372 0.1224 -0.0012 0.0384 0.1224 -0.0012 0.0384 0.1248 -0.098 -0.0195 0.045 -0.1 0 0.06 -0.1 0 0.045 -0.0925 -0.0385 0.045 -0.098 -0.0195 0.06 -0.083 -0.0555 0.045 -0.0925 -0.0385 0.06 -0.0705 -0.0705 0.045 -0.083 -0.0555 0.06 -0.0555 -0.083 0.045 -0.0705 -0.0705 0.06 -0.0385 -0.0925 0.045 -0.0555 -0.083 0.06 -0.0195 -0.098 0.045 -0.0385 -0.0925 0.06 0 -0.1 0.045 -0.0195 -0.098 0.06 0.0025 -0.1 0.06 0.0195 -0.098 0.045 0.0195 -0.098 0.06 0.0385 -0.0925 0.045 0.0435 -0.09 0.045 0.0555 -0.083 0.06 0.0385 -0.0925 0.06 0.0705 -0.0705 0.045 0.0555 -0.083 0.045 0.083 -0.0555 0.045 0.0705 -0.0705 0.06 0.0925 -0.0385 0.045 0.083 -0.0555 0.06 0.098 -0.0195 0.045 0.0925 -0.0385 0.06 0.1 0 0.045 0.098 -0.0195 0.06 0.1 0.0025 0.06 0.098 0.0195 0.045 0.098 0.0195 0.06 0.0925 0.0385 0.045 0.083 0.0555 0.045 0.0925 0.0385 0.06 0.0705 0.0705 0.045 0.083 0.0555 0.06 0.0555 0.083 0.045 0.0705 0.0705 0.06 0.0385 0.0925 0.045 0.0555 0.083 0.06 0.0195 0.098 0.045 0.0385 0.0925 0.06 0 0.1 0.045 0.0195 0.098 0.06 -0.0195 0.098 0.045 0 0.1 0.06 -0.0385 0.0925 0.045 -0.0195 0.098 0.06 -0.0555 0.083 0.045 -0.0385 0.0925 0.06 -0.0705 0.0705 0.045 -0.0555 0.083 0.06 -0.083 0.0555 0.045 -0.0705 0.0705 0.06 -0.09 0.0435 0.045 -0.083 0.0555 0.06 -0.0925 0.0385 0.06 -0.098 0.0195 0.045 -0.0925 0.0385 0.045 -0.098 0.0195 0.06 0.1 0 0.06 0 -0.1 0.06 -0.055 0.0645 0.045 -0.0555 0.083 0.045 -0.0395 0.075 0.045 -0.0225 0.0815 0.045 -0.0015 0.0925 0.045 -0.0015 0.0915 0.045 -0.0725 0.0435 0.045 -0.083 0.0555 0.045 -0.0675 0.0515 0.045 -0.0705 0.0705 0.045 -0.0385 0.0925 0.045 0.0135 0.0835 0.045 0.0015 0.0925 0.045 0.0385 0.0925 0.045 -0.0195 0.098 0.045 -0.001 0.094 0.045 0 0.1 0.045 0.0315 0.0785 0.045 0.0475 0.07 0.045 0.0555 0.083 0.045 -0.0015 0.0935 0.045 -0.0045 0.0845 0.045 -0.001 0.091 0.045 0.0015 0.0915 0.045 0.001 0.091 0.045 0 0.091 0.045 0 0.094 0.045 0.001 0.094 0.045 0.0195 0.098 0.045 0.0015 0.0935 0.045 -0.09 0.0435 0.045 0.0705 0.0705 0.045 0.0615 0.0585 0.045 0.083 0.0555 0.045 0.0725 0.0435 0.045 0.0805 -0.027 0.045 0.0925 -0.0015 0.045 0.0925 -0.0385 0.045 0.0725 -0.0435 0.045 0.083 -0.0555 0.045 0.0845 0.009 0.045 0.0915 0.0015 0.045 0.091 0.001 0.045 0.0615 -0.0585 0.045 0.0705 -0.0705 0.045 0.0475 -0.07 0.045 0.0555 -0.083 0.045 0.0435 -0.073 0.045 0.0435 -0.09 0.045 0.0805 0.027 0.045 0.094 -0.001 0.045 0.098 -0.0195 0.045 0.0935 -0.0015 0.045 0.0845 -0.009 0.045 0.0915 -0.0015 0.045 0.091 0 0.045 0.094 0.001 0.045 0.098 0.0195 0.045 0.1 0 0.045 0.091 -0.001 0.045 0.0925 0.0385 0.045 0.0925 0.0015 0.045 0.094 0 0.045 0.0935 0.0015 0.045 -0.0015 -0.0925 0.045 -0.0395 -0.075 0.045 -0.0015 -0.0915 0.045 -0.0385 -0.0925 0.045 -0.055 -0.0645 0.045 -0.0555 -0.083 0.045 -0.0705 -0.0705 0.045 -0.083 -0.018 0.045 -0.0925 -0.0015 0.045 -0.0915 -0.0015 0.045 -0.0675 -0.0515 0.045 -0.083 -0.0555 0.045 -0.077 -0.0355 0.045 -0.0925 -0.0385 0.045 -0.091 -0.001 0.045 -0.0845 0 0.045 -0.094 -0.001 0.045 -0.098 -0.0195 0.045 -0.1 0 0.045 -0.001 -0.094 0.045 -0.0195 -0.098 0.045 -0.0015 -0.0935 0.045 -0.094 0 0.045 -0.083 0.018 0.045 -0.0925 0.0015 0.045 -0.0925 0.0385 0.045 -0.077 0.0355 0.045 -0.0935 -0.0015 0.045 -0.094 0.001 0.045 -0.098 0.0195 0.045 -0.0935 0.0015 0.045 -0.091 0.001 0.045 -0.091 0 0.045 0 -0.1 0.045 -0.0225 -0.0815 0.045 0.001 -0.094 0.045 0.0195 -0.098 0.045 -0.001 -0.091 0.045 0 -0.091 0.045 -0.0915 0.0015 0.045 0.0135 -0.0835 0.045 0.001 -0.091 0.045 0.0015 -0.0925 0.045 0.0015 -0.0915 0.045 0.0385 -0.0925 0.045 0 -0.094 0.045 -0.0045 -0.0845 0.045 0.0315 -0.0785 0.045 0.0015 -0.0935 0.045 0.089 0 0.06 0.058 0.0025 0.06 0.058 -0.0025 0.06 -0.0025 -0.058 0.06 0 -0.089 0.06 0.0025 -0.058 0.06 -0.0015 -0.0895 0.06 -0.003 -0.091 0.06 0.0015 -0.0895 0.06 -0.058 0.0025 0.06 -0.0895 0.0015 0.06 -0.089 0 0.06 -0.091 0.003 0.06 -0.058 -0.0025 0.06 -0.0895 -0.0015 0.06 0.0025 0.058 0.06 0 0.089 0.06 -0.0025 0.058 0.06 0.0015 0.0895 0.06 0.003 0.091 0.06 -0.0015 0.0895 0.06 -0.0025 -0.0025 0.06 0.0025 -0.0025 0.06 0 -0.023 0.06 0.001 -0.0235 0.06 -0.0015 -0.024 0.06 -0.002 -0.025 0.06 0.002 -0.025 0.06 0.0015 -0.026 0.06 -0.001 -0.0235 0.06 0.0015 -0.024 0.06 0 -0.027 0.06 0.001 -0.0265 0.06 -0.001 -0.0265 0.06 -0.0015 -0.026 0.06 0.013 -0.058 0.06 0.013 -0.0025 0.06 0.058 -0.058 0.06 -0.0265 0.001 0.06 -0.027 0 0.06 -0.023 0 0.06 -0.0235 -0.001 0.06 -0.0025 0.0025 0.06 -0.025 0.002 0.06 -0.024 0.0015 0.06 -0.025 -0.002 0.06 -0.026 -0.0015 0.06 -0.0235 0.001 0.06 -0.024 -0.0015 0.06 -0.0265 -0.001 0.06 -0.026 0.0015 0.06 0.0025 0.0025 0.06 0.013 0.0025 0.06 0.023 0 0.06 0.0235 0.001 0.06 0.025 0.002 0.06 0.026 0.0015 0.06 0.024 0.0015 0.06 0.0265 0.001 0.06 0.027 0 0.06 0.025 -0.002 0.06 0.024 -0.0015 0.06 0.0265 -0.001 0.06 0.0235 -0.001 0.06 0.026 -0.0015 0.06 -0.058 0.013 0.06 -0.0025 0.013 0.06 0.0025 0.013 0.06 0.013 0.013 0.06 0.058 0.013 0.06 -0.058 0.058 0.06 -0.0015 0.026 0.06 -0.001 0.0265 0.06 -0.002 0.025 0.06 0.002 0.025 0.06 0.0015 0.024 0.06 0 0.027 0.06 0.001 0.0265 0.06 0.001 0.0235 0.06 0 0.023 0.06 -0.001 0.0235 0.06 -0.0015 0.024 0.06 0.0015 0.026 0.06 0.013 0.058 0.06 0.058 0.058 0.06 0.0895 -0.0015 0.06 0.091 -0.003 0.06 -0.0925 -0.0385 0.06 -0.091 -0.003 0.06 -0.0925 -0.0035 0.06 -0.083 -0.0555 0.06 -0.098 -0.0195 0.06 -0.094 -0.003 0.06 -0.058 -0.058 0.06 -0.0705 -0.0705 0.06 -0.0555 -0.083 0.06 -0.0385 -0.0925 0.06 -0.0035 -0.0925 0.06 -0.0195 -0.098 0.06 -0.003 -0.094 0.06 -0.0015 -0.0955 0.06 0 -0.1 0.06 0 -0.0955 0.06 0.0025 -0.1 0.06 0.0015 -0.0955 0.06 0.003 -0.094 0.06 0.003 -0.091 0.06 0.0195 -0.098 0.06 0.0035 -0.0925 0.06 0.0555 -0.083 0.06 0.0385 -0.0925 0.06 0.0705 -0.0705 0.06 0.083 -0.0555 0.06 0.0925 -0.0385 0.06 0.0925 -0.0035 0.06 0.098 -0.0195 0.06 0.094 -0.003 0.06 0.0955 -0.0015 0.06 0.1 0 0.06 0.0955 0 0.06 0.1 0.0025 0.06 0.0955 0.0015 0.06 0.094 0.003 0.06 0.091 0.003 0.06 0.098 0.0195 0.06 0.0925 0.0035 0.06 0.083 0.0555 0.06 0.0925 0.0385 0.06 0.0705 0.0705 0.06 0.0555 0.083 0.06 0.0385 0.0925 0.06 0.0195 0.098 0.06 0.0035 0.0925 0.06 0.003 0.094 0.06 0.0015 0.0955 0.06 0 0.1 0.06 -0.0015 0.0955 0.06 -0.0195 0.098 0.06 -0.003 0.094 0.06 0 0.0955 0.06 -0.0385 0.0925 0.06 -0.003 0.091 0.06 -0.0035 0.0925 0.06 -0.0555 0.083 0.06 -0.0705 0.0705 0.06 -0.083 0.0555 0.06 -0.0925 0.0385 0.06 -0.098 0.0195 0.06 -0.0925 0.0035 0.06 -0.094 0.003 0.06 -0.0955 0.0015 0.06 -0.1 0 0.06 -0.0955 -0.0015 0.06 -0.0955 0 0.06 0.0895 0.0015 0.06 -0.0635 -0.0485 0.04 -0.077 -0.0355 0.04 -0.0725 -0.0335 0.04 -0.055 -0.0645 0.04 -0.0675 -0.0515 0.04 -0.0375 -0.0705 0.04 -0.0395 -0.075 0.04 -0.0215 -0.077 0.04 -0.0045 -0.0845 0.04 -0.0225 -0.0815 0.04 -0.0045 -0.08 0.04 0.0135 -0.0835 0.04 0.0475 -0.07 0.04 0.0295 -0.0745 0.04 0.045 -0.066 0.04 0.076 -0.0255 0.04 0.0725 -0.0435 0.04 0.0685 -0.041 0.04 0.0845 -0.009 0.04 0.0805 -0.027 0.04 0.08 0 0.04 0.0795 -0.0085 0.04 -0.052 -0.061 0.04 0.0315 -0.0785 0.04 0.0615 -0.0585 0.04 0.058 -0.055 0.04 -0.083 -0.018 0.04 -0.078 -0.017 0.04 -0.078 0.017 0.04 -0.077 0.0355 0.04 -0.0725 0.0335 0.04 -0.0635 0.0485 0.04 -0.0675 0.0515 0.04 -0.052 0.061 0.04 -0.055 0.0645 0.04 -0.0375 0.0705 0.04 -0.0395 0.075 0.04 -0.0225 0.0815 0.04 -0.0215 0.077 0.04 -0.0045 0.08 0.04 -0.0045 0.0845 0.04 0.013 0.079 0.04 0.0135 0.0835 0.04 0.0845 0 0.04 0.0845 0.009 0.04 0.076 0.0255 0.04 0.0805 0.027 0.04 0.0795 0.0085 0.04 -0.083 0.018 0.04 0.0475 0.07 0.04 0.0295 0.0745 0.04 0.0315 0.0785 0.04 0.0725 0.0435 0.04 0.058 0.055 0.04 0.0615 0.0585 0.04 -0.08 0 0.04 0.013 -0.079 0.04 0.0685 0.041 0.04 0.045 0.066 0.04 -0.0845 0 0.04 -0.077 -0.0355 0.04 -0.083 -0.018 0.045 -0.083 -0.018 0.04 -0.0675 -0.0515 0.04 -0.077 -0.0355 0.045 -0.055 -0.0645 0.04 -0.0675 -0.0515 0.045 -0.0395 -0.075 0.04 -0.055 -0.0645 0.045 -0.0225 -0.0815 0.04 -0.0395 -0.075 0.045 0.0135 -0.0835 0.04 -0.0045 -0.0845 0.045 -0.0045 -0.0845 0.04 0.0315 -0.0785 0.04 0.0135 -0.0835 0.045 0.0435 -0.073 0.045 0.0475 -0.07 0.04 0.0475 -0.07 0.045 -0.0845 0 0.045 -0.0845 0 0.04 0.0615 -0.0585 0.04 0.0135 0.0835 0.04 0.0315 0.0785 0.045 0.0315 0.0785 0.04 0.0475 0.07 0.045 0.0475 0.07 0.04 0.0615 0.0585 0.045 0.0615 0.0585 0.04 0.0725 0.0435 0.045 0.0725 0.0435 0.04 0.0805 0.027 0.045 0.0805 0.027 0.04 0.0845 0.009 0.045 0.0845 0.009 0.04 0.0845 0 0.04 0.0845 -0.009 0.045 0.0845 -0.009 0.04 0.0805 -0.027 0.045 0.0805 -0.027 0.04 0.0725 -0.0435 0.045 0.0725 -0.0435 0.04 -0.0225 -0.0815 0.045 0.0615 -0.0585 0.045 0.0315 -0.0785 0.045 0.0135 0.0835 0.045 -0.0045 0.0845 0.04 -0.0045 0.0845 0.045 -0.0225 0.0815 0.04 -0.0225 0.0815 0.045 -0.0395 0.075 0.04 -0.0395 0.075 0.045 -0.055 0.0645 0.04 -0.055 0.0645 0.045 -0.0675 0.0515 0.04 -0.0675 0.0515 0.045 -0.0725 0.0435 0.045 -0.077 0.0355 0.045 -0.083 0.018 0.04 -0.083 0.018 0.045 -0.077 0.0355 0.04 -0.0375 0.0705 0.045 -0.052 0.061 0.04 -0.0375 0.0705 0.04 -0.0215 0.077 0.045 -0.0215 0.077 0.04 -0.0045 0.08 0.045 -0.0045 0.08 0.04 0.013 0.079 0.045 0.013 0.079 0.04 0.0295 0.0745 0.045 0.0295 0.0745 0.04 0.045 0.066 0.045 0.045 0.066 0.04 0.058 0.055 0.045 0.058 0.055 0.04 0.0685 0.041 0.045 0.0685 0.041 0.04 0.076 0.0255 0.045 0.076 0.0255 0.04 0.0795 0.0085 0.045 0.0795 0.0085 0.04 0.0795 -0.0085 0.04 0.08 0 0.045 0.08 0 0.04 0.076 -0.0255 0.045 0.076 -0.0255 0.04 0.0685 -0.041 0.045 0.0685 -0.041 0.04 0.058 -0.055 0.045 0.058 -0.055 0.04 0.045 -0.066 0.045 0.045 -0.066 0.04 0.0295 -0.0745 0.045 0.0295 -0.0745 0.04 0.013 -0.079 0.045 0.013 -0.079 0.04 -0.052 0.061 0.045 -0.0635 0.0485 0.04 -0.0215 -0.077 0.045 -0.0045 -0.08 0.04 -0.0215 -0.077 0.04 -0.0375 -0.0705 0.045 -0.0375 -0.0705 0.04 -0.052 -0.061 0.045 -0.052 -0.061 0.04 -0.0635 -0.0485 0.045 -0.0635 -0.0485 0.04 -0.0725 -0.0335 0.045 -0.0725 -0.0335 0.04 -0.078 -0.017 0.045 -0.078 -0.017 0.04 -0.08 0 0.045 -0.08 0 0.04 -0.0635 0.0485 0.045 -0.0725 0.0335 0.04 -0.0045 -0.08 0.045 0.0795 -0.0085 0.045 -0.0725 0.0335 0.045 -0.078 0.017 0.04 -0.078 0.017 0.045 -0.025 -0.002 0.045 0 -0.023 0.045 -0.001 -0.0235 0.045 -0.0375 -0.0705 0.045 -0.001 -0.0265 0.045 -0.0215 -0.077 0.045 0.001 -0.0265 0.045 0.045 -0.066 0.045 0.0295 -0.0745 0.045 0 -0.027 0.045 0.013 -0.079 0.045 -0.0045 -0.08 0.045 -0.0015 -0.026 0.045 -0.052 -0.061 0.045 -0.002 -0.025 0.045 0.0015 -0.026 0.045 0.058 -0.055 0.045 -0.026 -0.0015 0.045 -0.0015 -0.024 0.045 0.0235 0.001 0.045 -0.0265 -0.001 0.045 -0.0635 -0.0485 0.045 -0.0725 -0.0335 0.045 -0.027 0 0.045 -0.078 -0.017 0.045 -0.08 0 0.045 -0.0015 0.024 0.045 -0.0235 0.001 0.045 -0.024 0.0015 0.045 -0.078 0.017 0.045 -0.0265 0.001 0.045 0.025 -0.002 0.045 0.076 -0.0255 0.045 0.002 -0.025 0.045 0.0235 -0.001 0.045 0.0015 -0.024 0.045 0.001 -0.0235 0.045 0.025 0.002 0.045 0.0015 0.024 0.045 0.026 0.0015 0.045 0 0.023 0.045 -0.023 0 0.045 -0.001 0.0235 0.045 0.027 0 0.045 0.0795 -0.0085 0.045 0.0265 -0.001 0.045 0.024 -0.0015 0.045 0.023 0 0.045 -0.025 0.002 0.045 -0.0725 0.0335 0.045 -0.002 0.025 0.045 0.001 0.0235 0.045 0.0685 -0.041 0.045 0.08 0 0.045 0.026 -0.0015 0.045 0.076 0.0255 0.045 0.0795 0.0085 0.045 -0.026 0.0015 0.045 0.024 0.0015 0.045 0.0265 0.001 0.045 -0.0015 0.026 0.045 -0.0635 0.0485 0.045 -0.052 0.061 0.045 -0.001 0.0265 0.045 -0.0375 0.0705 0.045 -0.0215 0.077 0.045 -0.0235 -0.001 0.045 -0.024 -0.0015 0.045 0 0.027 0.045 0.013 0.079 0.045 0.001 0.0265 0.045 0.045 0.066 0.045 0.0015 0.026 0.045 0.0685 0.041 0.045 0.002 0.025 0.045 -0.0045 0.08 0.045 0.0295 0.0745 0.045 0.058 0.055 0.045 -0.0015 0.026 0.045 -0.001 0.0265 0.06 -0.0015 0.026 0.06 -0.001 0.0265 0.045 0 0.027 0.06 0 0.027 0.045 0.001 0.0265 0.06 0.001 0.0265 0.045 0.0015 0.026 0.06 0.0015 0.026 0.045 0.002 0.025 0.06 0.002 0.025 0.045 0.0015 0.024 0.06 0.0015 0.024 0.045 0.001 0.0235 0.06 0.001 0.0235 0.045 0 0.023 0.06 0 0.023 0.045 -0.001 0.0235 0.06 -0.001 0.0235 0.045 -0.0015 0.024 0.06 -0.0015 0.024 0.045 -0.002 0.025 0.06 -0.002 0.025 0.045 -0.0235 -0.001 0.06 -0.023 0 0.045 -0.0235 -0.001 0.045 -0.026 0.0015 0.06 -0.0265 0.001 0.045 -0.026 0.0015 0.045 -0.025 0.002 0.06 -0.025 0.002 0.045 -0.024 0.0015 0.06 -0.024 0.0015 0.045 -0.0235 0.001 0.06 -0.0235 0.001 0.045 -0.023 0 0.06 -0.024 -0.0015 0.06 -0.024 -0.0015 0.045 -0.025 -0.002 0.06 -0.025 -0.002 0.045 -0.026 -0.0015 0.06 -0.026 -0.0015 0.045 -0.0265 -0.001 0.06 -0.0265 -0.001 0.045 -0.027 0 0.06 -0.027 0 0.045 -0.0265 0.001 0.06 -0.0015 -0.026 0.045 -0.002 -0.025 0.06 -0.0015 -0.026 0.06 -0.002 -0.025 0.045 -0.001 -0.0265 0.045 -0.001 -0.0265 0.06 0 -0.027 0.045 0 -0.027 0.06 0.001 -0.0265 0.045 0.001 -0.0265 0.06 0.0015 -0.026 0.045 0.0015 -0.026 0.06 0.002 -0.025 0.045 -0.0015 -0.024 0.06 -0.0015 -0.024 0.045 0.002 -0.025 0.06 0.0015 -0.024 0.045 0.0015 -0.024 0.06 0.001 -0.0235 0.045 0.001 -0.0235 0.06 0 -0.023 0.045 0 -0.023 0.06 -0.001 -0.0235 0.045 -0.001 -0.0235 0.06 0.024 0.0015 0.06 0.0235 0.001 0.045 0.024 0.0015 0.045 0.025 0.002 0.06 0.025 0.002 0.045 0.0265 0.001 0.06 0.026 0.0015 0.045 0.0265 0.001 0.045 0.027 0 0.06 0.027 0 0.045 0.0265 -0.001 0.06 0.0265 -0.001 0.045 0.026 -0.0015 0.06 0.026 -0.0015 0.045 0.025 -0.002 0.06 0.025 -0.002 0.045 0.024 -0.0015 0.06 0.024 -0.0015 0.045 0.0235 -0.001 0.06 0.0235 -0.001 0.045 0.023 0 0.06 0.023 0 0.045 0.0235 0.001 0.06 0.026 0.0015 0.06 0.091 -0.001 0.045 0.091 0 0.057 0.091 -0.001 0.057 0.091 0 0.045 0.091 0.001 0.057 0.091 0.001 0.045 0.0915 0.0015 0.057 0.0915 0.0015 0.045 0.0925 0.0015 0.057 0.0925 0.0015 0.045 0.0935 0.0015 0.057 0.0935 0.0015 0.045 0.094 0.001 0.057 0.094 0.001 0.045 0.094 0 0.057 0.094 0 0.045 0.094 -0.001 0.057 0.094 -0.001 0.045 0.0935 -0.0015 0.057 0.0935 -0.0015 0.045 0.0925 -0.0015 0.057 0.0925 -0.0015 0.045 0.0915 -0.0015 0.057 0.0915 -0.0015 0.045 0.0895 -0.0015 0.057 0.091 0 0.057 0.089 0 0.057 0.091 -0.001 0.057 0.0915 -0.0015 0.057 0.091 -0.003 0.057 0.0935 -0.0015 0.057 0.0955 -0.0015 0.057 0.094 -0.001 0.057 0.094 0 0.057 0.0955 0 0.057 0.0955 0.0015 0.057 0.094 0.001 0.057 0.0935 0.0015 0.057 0.094 0.003 0.057 0.0915 0.0015 0.057 0.0895 0.0015 0.057 0.091 0.001 0.057 0.0925 -0.0015 0.057 0.0925 -0.0035 0.057 0.094 -0.003 0.057 0.0925 0.0015 0.057 0.0925 0.0035 0.057 0.091 0.003 0.057 0.0895 -0.0015 0.057 0.089 0 0.06 0.0895 -0.0015 0.06 0.089 0 0.057 0.0895 0.0015 0.06 0.0895 0.0015 0.057 0.091 0.003 0.06 0.091 0.003 0.057 0.0925 0.0035 0.06 0.0925 0.0035 0.057 0.094 0.003 0.06 0.094 0.003 0.057 0.0955 0.0015 0.06 0.0955 0.0015 0.057 0.0955 0 0.06 0.0955 0 0.057 0.0955 -0.0015 0.06 0.0955 -0.0015 0.057 0.094 -0.003 0.06 0.094 -0.003 0.057 0.0925 -0.0035 0.06 0.0925 -0.0035 0.057 0.091 -0.003 0.06 0.091 -0.003 0.057 -0.001 -0.091 0.045 0 -0.091 0.057 -0.001 -0.091 0.057 0 -0.091 0.045 0.001 -0.091 0.057 0.001 -0.091 0.045 0.0015 -0.0915 0.057 0.0015 -0.0915 0.045 0.0015 -0.0925 0.057 0.0015 -0.0925 0.045 0.0015 -0.0935 0.057 0.0015 -0.0935 0.045 0.001 -0.094 0.057 0.001 -0.094 0.045 0 -0.094 0.057 0 -0.094 0.045 -0.001 -0.094 0.057 -0.001 -0.094 0.045 -0.0015 -0.0935 0.057 -0.0015 -0.0935 0.045 -0.0015 -0.0925 0.057 -0.0015 -0.0925 0.045 -0.0015 -0.0915 0.057 -0.0015 -0.0915 0.045 -0.003 -0.094 0.057 -0.0015 -0.0925 0.057 -0.0035 -0.0925 0.057 0 -0.094 0.057 0.0015 -0.0955 0.057 0.001 -0.094 0.057 0.0015 -0.0935 0.057 0.003 -0.094 0.057 0.0015 -0.0925 0.057 0.0035 -0.0925 0.057 -0.0015 -0.0935 0.057 -0.001 -0.094 0.057 -0.0015 -0.0955 0.057 0.0015 -0.0915 0.057 0.003 -0.091 0.057 0.001 -0.091 0.057 0.0015 -0.0895 0.057 0 -0.091 0.057 0 -0.089 0.057 0 -0.0955 0.057 -0.0015 -0.0895 0.057 -0.001 -0.091 0.057 -0.0015 -0.0915 0.057 -0.003 -0.091 0.057 0.003 -0.091 0.06 0.0015 -0.0895 0.057 0.003 -0.091 0.057 0.0015 -0.0895 0.06 0.0035 -0.0925 0.06 0.0035 -0.0925 0.057 0.003 -0.094 0.06 0.003 -0.094 0.057 0.0015 -0.0955 0.06 0.0015 -0.0955 0.057 0 -0.0955 0.06 0 -0.0955 0.057 -0.0015 -0.0955 0.06 -0.0015 -0.0955 0.057 -0.003 -0.094 0.06 -0.003 -0.094 0.057 -0.0035 -0.0925 0.06 -0.0035 -0.0925 0.057 -0.003 -0.091 0.06 -0.003 -0.091 0.057 -0.0015 -0.0895 0.06 -0.0015 -0.0895 0.057 0 -0.089 0.06 0 -0.089 0.057 -0.0915 -0.0015 0.045 -0.0925 -0.0015 0.057 -0.0915 -0.0015 0.057 -0.091 -0.001 0.045 -0.091 -0.001 0.057 -0.0925 -0.0015 0.045 -0.0935 -0.0015 0.057 -0.0935 -0.0015 0.045 -0.094 -0.001 0.057 -0.094 -0.001 0.045 -0.094 0 0.057 -0.094 0 0.045 -0.094 0.001 0.057 -0.094 0.001 0.045 -0.0935 0.0015 0.057 -0.0935 0.0015 0.045 -0.0925 0.0015 0.057 -0.0925 0.0015 0.045 -0.0915 0.0015 0.057 -0.0915 0.0015 0.045 -0.091 0.001 0.057 -0.091 0.001 0.045 -0.091 0 0.057 -0.091 0 0.045 -0.094 0 0.057 -0.0955 -0.0015 0.057 -0.094 -0.001 0.057 -0.0935 -0.0015 0.057 -0.094 -0.003 0.057 -0.0915 -0.0015 0.057 -0.0895 -0.0015 0.057 -0.091 -0.001 0.057 -0.091 0 0.057 -0.089 0 0.057 -0.0895 0.0015 0.057 -0.091 0.001 0.057 -0.0915 0.0015 0.057 -0.091 0.003 0.057 -0.0935 0.0015 0.057 -0.0955 0.0015 0.057 -0.094 0.001 0.057 -0.0955 0 0.057 -0.0925 -0.0015 0.057 -0.0925 -0.0035 0.057 -0.091 -0.003 0.057 -0.0925 0.0015 0.057 -0.0925 0.0035 0.057 -0.094 0.003 0.057 -0.089 0 0.057 -0.0895 -0.0015 0.06 -0.089 0 0.06 -0.0895 -0.0015 0.057 -0.091 -0.003 0.06 -0.091 -0.003 0.057 -0.0925 -0.0035 0.06 -0.0925 -0.0035 0.057 -0.094 -0.003 0.06 -0.094 -0.003 0.057 -0.0955 -0.0015 0.06 -0.0955 -0.0015 0.057 -0.0955 0 0.06 -0.0955 0 0.057 -0.0955 0.0015 0.06 -0.0955 0.0015 0.057 -0.094 0.003 0.06 -0.094 0.003 0.057 -0.0925 0.0035 0.06 -0.0925 0.0035 0.057 -0.091 0.003 0.06 -0.091 0.003 0.057 -0.0895 0.0015 0.06 -0.0895 0.0015 0.057 0 0.091 0.045 -0.001 0.091 0.057 0 0.091 0.057 -0.001 0.091 0.045 -0.0015 0.0915 0.057 -0.0015 0.0915 0.045 -0.0015 0.0925 0.057 -0.0015 0.0925 0.045 -0.0015 0.0935 0.057 -0.0015 0.0935 0.045 -0.001 0.094 0.057 -0.001 0.094 0.045 0 0.094 0.057 0 0.094 0.045 0.001 0.094 0.057 0.001 0.094 0.045 0.0015 0.0935 0.057 0.0015 0.0935 0.045 0.0015 0.0925 0.057 0.0015 0.0925 0.045 0.0015 0.0915 0.057 0.0015 0.0915 0.045 0.001 0.091 0.057 0.001 0.091 0.045 0.001 0.091 0.057 0.003 0.091 0.057 0.0015 0.0915 0.057 0.0015 0.0925 0.057 0.0035 0.0925 0.057 0.0015 0.0935 0.057 0.003 0.094 0.057 -0.0015 0.0915 0.057 -0.0015 0.0895 0.057 -0.001 0.091 0.057 0 0.091 0.057 0 0.089 0.057 0.0015 0.0895 0.057 0.0015 0.0955 0.057 0.001 0.094 0.057 0 0.094 0.057 0 0.0955 0.057 -0.0035 0.0925 0.057 -0.003 0.091 0.057 -0.001 0.094 0.057 -0.003 0.094 0.057 -0.0015 0.0935 0.057 -0.0015 0.0925 0.057 -0.0015 0.0955 0.057 0 0.089 0.057 -0.0015 0.0895 0.06 0 0.089 0.06 -0.0015 0.0895 0.057 -0.003 0.091 0.06 -0.003 0.091 0.057 -0.0035 0.0925 0.06 -0.0035 0.0925 0.057 -0.003 0.094 0.06 -0.003 0.094 0.057 -0.0015 0.0955 0.06 -0.0015 0.0955 0.057 0 0.0955 0.06 0 0.0955 0.057 0.0015 0.0955 0.06 0.0015 0.0955 0.057 0.003 0.094 0.06 0.003 0.094 0.057 0.0035 0.0925 0.06 0.0035 0.0925 0.057 0.003 0.091 0.06 0.003 0.091 0.057 0.0015 0.0895 0.06 0.0015 0.0895 0.057 0.0705 -0.0705 0 -0.05 0.0125 0 0.083 -0.0555 0 0.083 0.0555 0 0.0705 0.0705 0 -0.0555 0.083 0 -0.05 0.0475 0 -0.0705 0.0705 0 0.0925 -0.0385 0 0.098 0.0195 0 0.0925 0.0385 0 -0.1 0 0 -0.099 0.0125 0 -0.0195 0.098 0 0 0.1 0 0.0555 -0.083 0 -0.05 -0.0475 0 -0.0705 -0.0705 0 -0.083 -0.0555 0 -0.05 -0.0125 0 -0.083 0.0555 0 -0.088 0.0475 0 -0.0195 -0.098 0 0 -0.1 0 0.0195 -0.098 0 -0.099 -0.0125 0 0.0195 0.098 0 0.1 0 0 0.098 -0.0195 0 -0.0385 0.0925 0 -0.0385 -0.0925 0 -0.0555 -0.083 0 0.0385 -0.0925 0 0.0385 0.0925 0 0.0555 0.083 0 -0.088 -0.0475 0 0.0315 0.079 0.045 0.0015 0.0915 0.045 0.001 0.091 0.045 -0.0195 0.098 0.045 -0.001 0.094 0.045 0 0.1 0.045 0 0.0945 0.045 0.001 0.094 0.045 -0.0675 0.0515 0.045 -0.0705 0.0705 0.045 -0.083 0.0555 0.045 -0.055 0.065 0.045 -0.0555 0.083 0.045 -0.055 -0.065 0.045 -0.0555 -0.083 0.045 -0.0435 -0.073 0.045 -0.0925 -0.002 0.045 -0.077 -0.0355 0.045 -0.0915 -0.0015 0.045 -0.083 -0.0555 0.045 -0.0675 -0.0515 0.045 -0.0705 -0.0705 0.045 -0.091 0.001 0.045 -0.085 0 0.045 -0.083 0.0185 0.045 -0.094 -0.001 0.045 -0.098 -0.0195 0.045 -0.0935 -0.0015 0.045 -0.0925 -0.0385 0.045 -0.0435 -0.09 0.045 -0.0905 0 0.045 -0.091 -0.001 0.045 -0.0925 0.0385 0.045 -0.0915 0.0015 0.045 -0.002 0.0925 0.045 -0.0015 0.0935 0.045 -0.094 0.001 0.045 -0.098 0.0195 0.045 -0.1 0 0.045 -0.083 -0.0185 0.045 -0.077 0.0355 0.045 -0.0925 0.002 0.045 -0.0935 0.0015 0.045 -0.0945 0 0.045 0.002 -0.0925 0.045 0.0315 -0.079 0.045 0.0015 -0.0915 0.045 0.0475 -0.0705 0.045 0.0385 -0.0925 0.045 0.0555 -0.083 0.045 0.0705 -0.0705 0.045 0.0615 -0.0585 0.045 0.083 -0.0555 0.045 0.073 -0.044 0.045 0.0925 -0.0385 0.045 0.0805 -0.027 0.045 0.0925 -0.002 0.045 0.0915 -0.0015 0.045 0.0195 -0.098 0.045 0.0015 -0.0935 0.045 0.0845 -0.009 0.045 0.091 -0.001 0.045 0.098 -0.0195 0.045 0.0805 0.027 0.045 0.0925 0.002 0.045 0.0925 0.0385 0.045 0.09 0.0435 0.045 0.0935 -0.0015 0.045 0.094 -0.001 0.045 0.1 0 0.045 0.073 0.0435 0.045 0.0845 0.009 0.045 0.0915 0.0015 0.045 -0.0385 0.0925 0.045 0.098 0.0195 0.045 0.0935 0.0015 0.045 0.091 0.001 0.045 0.094 0.001 0.045 -0.0385 -0.0925 0.045 -0.04 -0.075 0.045 -0.0225 -0.082 0.045 -0.002 -0.0925 0.045 -0.0015 -0.0915 0.045 -0.0195 -0.098 0.045 0.0195 0.098 0.045 0.0015 0.0935 0.045 0.014 0.084 0.045 -0.0015 0.0915 0.045 -0.0045 0.085 0.045 -0.001 0.091 0.045 0.002 0.0925 0.045 0 0.0905 0.045 -0.0225 0.082 0.045 -0.04 0.075 0.045 0.0385 0.0925 0.045 0.0705 0.0705 0.045 0.0475 0.0705 0.045 0.0615 0.0585 0.045 0.0555 0.083 0.045 0.083 0.0555 0.045 0.073 0.044 0.045 -0.001 -0.094 0.045 0 -0.1 0.045 0.001 -0.091 0.045 0.0945 0 0.045 0 -0.0905 0.045 0.014 -0.084 0.045 -0.0045 -0.085 0.045 -0.0015 -0.0935 0.045 0 -0.0945 0.045 0.001 -0.094 0.045 -0.001 -0.091 0.045 0.0905 0 0.045 -0.098 -0.0195 0.045 -0.099 -0.0125 0.005 -0.098 -0.0195 0.005 -0.0925 -0.0385 0.005 -0.0925 -0.0385 0.045 -0.083 -0.0555 0 -0.088 -0.0475 0.005 -0.088 -0.0475 0 -0.0925 0.0385 0.045 -0.088 0.0475 0.005 -0.0925 0.0385 0.005 -0.083 0.0555 0 -0.083 0.0555 0.045 -0.088 0.0475 0 -0.083 -0.0555 0.045 -0.0885 -0.047 0.0385 -0.083 -0.0555 0.0385 -0.0885 -0.047 0.0335 -0.089 -0.046 0.034 -0.083 -0.0555 0.0335 -0.0895 -0.045 0.037 -0.089 -0.046 0.038 -0.0895 -0.045 0.0345 -0.0895 -0.045 0.0365 -0.0895 -0.045 0.0355 -0.0895 -0.045 0.036 -0.1 0 0 -0.1 0 0.045 -0.099 -0.0125 0 -0.1 0.0015 0.0365 -0.1 0.0015 0.036 -0.098 0.0195 0.045 -0.0985 0.016 0.037 -0.099 0.015 0.038 -0.098 0.0195 0.005 -0.099 0.014 0.0335 -0.099 0.015 0.034 -0.099 0.0125 0.005 -0.1 0.002 0.034 -0.1 0.0025 0.034 -0.1 0.0015 0.0345 -0.1 0.0015 0.0355 -0.1 0.004 0.0335 -0.0985 0.016 0.0345 -0.0985 0.0165 0.0365 -0.0985 0.0165 0.036 -0.0985 0.0165 0.0355 -0.1 0.004 0.0385 -0.1 0.0025 0.038 -0.099 0.014 0.0385 -0.1 0.002 0.0375 -0.1 0.0015 0.037 -0.0705 0.0705 0 -0.072 0.0695 0.0335 -0.071 0.0705 0.034 -0.071 0.0705 0.038 -0.0705 0.0705 0.045 -0.0705 0.071 0.037 -0.0795 0.0605 0.034 -0.0795 0.061 0.034 -0.0785 0.062 0.0385 -0.0795 0.061 0.038 -0.0705 -0.0705 0.045 -0.0555 -0.083 0 -0.0555 -0.083 0.045 -0.0195 -0.098 0.045 0 -0.1 0 0 -0.1 0.045 0.0385 -0.0925 0.045 0.0555 -0.083 0 0.0555 -0.083 0.045 0.083 -0.0555 0.045 0.0925 -0.0385 0 0.0925 -0.0385 0.045 0.098 -0.0195 0 0.098 -0.0195 0.045 0.1 0 0.045 0.1 -0.0015 0.0365 0.1 -0.0015 0.036 0.098 0.0195 0 0.098 0.0195 0.045 0.0925 0.0385 0 0.0925 0.0385 0.045 0.0705 0.0705 0.045 0.0555 0.083 0 0.0555 0.083 0.045 0.0195 0.098 0.045 0 0.1 0 0 0.1 0.045 -0.0385 0.0925 0.045 -0.0555 0.083 0 -0.0555 0.083 0.045 0.083 0.0555 0.045 0.0885 0.047 0.0385 0.083 0.0555 0.0385 0.083 0.0555 0 0.083 0.0555 0.0335 0.0385 0.0925 0.045 0.044 0.09 0.0385 0.0385 0.0925 0.0385 0.0385 0.0925 0 0.0345 0.094 0.0335 0.0385 0.0925 0.0335 -0.0195 0.098 0.045 -0.0175 0.0985 0.0385 -0.0195 0.098 0.0385 -0.0195 0.098 0 -0.027 0.096 0.0335 -0.0195 0.098 0.0335 0.0195 -0.098 0.045 0.0175 -0.0985 0.0385 0.0195 -0.098 0.0385 0.0195 -0.098 0 0.027 -0.096 0.0335 0.0195 -0.098 0.0335 0.0705 -0.071 0.037 0.0705 -0.0705 0.045 0.0705 -0.0705 0 0.071 -0.0705 0.034 0.0705 -0.071 0.0345 -0.0385 -0.0925 0.0385 -0.0435 -0.09 0.045 -0.044 -0.09 0.0385 -0.0385 -0.0925 0 -0.0345 -0.094 0.0335 -0.0385 -0.0925 0.0335 -0.0705 0.071 0.0345 -0.072 0.0695 0.0385 -0.08 0.06 0.0365 -0.08 0.06 0.036 -0.08 0.06 0.037 -0.0795 0.0605 0.0375 -0.08 0.06 0.0355 -0.08 0.06 0.0345 -0.0785 0.062 0.0335 -0.0705 0.071 0.0355 -0.07 0.071 0.036 -0.0705 0.071 0.0365 -0.0195 -0.098 0 -0.033 -0.0945 0.034 -0.0335 -0.0945 0.034 -0.0385 -0.0925 0.045 -0.0335 -0.0945 0.038 -0.0345 -0.094 0.0385 -0.0325 -0.0945 0.0365 -0.032 -0.0945 0.036 -0.033 -0.0945 0.0375 -0.0325 -0.0945 0.037 -0.0325 -0.0945 0.0345 -0.0325 -0.0945 0.0355 -0.044 -0.09 0.0335 -0.045 -0.0895 0.034 -0.0455 -0.089 0.037 -0.045 -0.0895 0.038 -0.0455 -0.089 0.0345 -0.046 -0.089 0.0365 -0.046 -0.089 0.0355 -0.046 -0.089 0.036 -0.0705 -0.0705 0 -0.082 -0.057 0.034 -0.0825 -0.0565 0.034 -0.0825 -0.0565 0.038 -0.0815 -0.0575 0.0365 -0.0815 -0.0575 0.036 -0.082 -0.057 0.0375 -0.082 -0.0575 0.037 -0.082 -0.0575 0.0345 -0.0815 -0.0575 0.0355 0.071 -0.0705 0.038 0.072 -0.0695 0.0335 0.083 -0.0555 0 0.0795 -0.0605 0.034 0.0795 -0.061 0.034 0.0785 -0.062 0.0385 0.0795 -0.061 0.038 0.072 -0.0695 0.0385 -0.099 0.0125 0 0.08 -0.06 0.037 0.08 -0.06 0.0365 0.0795 -0.0605 0.0375 0.08 -0.06 0.0355 0.08 -0.06 0.036 0.08 -0.06 0.0345 0.0785 -0.062 0.0335 0.0705 -0.071 0.0355 0.07 -0.071 0.036 0.0705 -0.071 0.0365 0.0385 -0.0925 0 0.029 -0.0955 0.034 0.0285 -0.096 0.034 0.027 -0.096 0.0385 0.0285 -0.096 0.038 0.0295 -0.0955 0.0365 0.0295 -0.0955 0.036 0.0295 -0.0955 0.037 0.029 -0.0955 0.0375 0.0295 -0.0955 0.0345 0.0295 -0.0955 0.0355 0.0175 -0.0985 0.0335 0.016 -0.0985 0.034 0.0155 -0.099 0.037 0.016 -0.0985 0.038 0.0155 -0.099 0.0345 0.015 -0.099 0.0365 0.015 -0.099 0.0355 0.015 -0.099 0.036 -0.0385 0.0925 0 -0.029 0.0955 0.034 -0.0285 0.096 0.034 -0.027 0.096 0.0385 -0.0285 0.096 0.038 -0.0295 0.0955 0.0365 -0.0295 0.0955 0.036 -0.0295 0.0955 0.037 -0.029 0.0955 0.0375 -0.0295 0.0955 0.0345 -0.0295 0.0955 0.0355 -0.0155 0.099 0.037 -0.016 0.0985 0.038 -0.0175 0.0985 0.0335 -0.016 0.0985 0.034 -0.0155 0.099 0.0345 -0.015 0.099 0.0365 -0.015 0.099 0.0355 -0.015 0.099 0.036 0.0195 0.098 0 0.033 0.0945 0.034 0.0335 0.0945 0.034 0.0335 0.0945 0.038 0.0345 0.094 0.0385 0.0325 0.0945 0.0365 0.032 0.0945 0.036 0.033 0.0945 0.0375 0.0325 0.0945 0.037 0.0325 0.0945 0.0345 0.0325 0.0945 0.0355 0.0455 0.089 0.037 0.045 0.0895 0.038 0.044 0.09 0.0335 0.045 0.0895 0.034 0.0455 0.089 0.0345 0.046 0.089 0.0365 0.046 0.089 0.0355 0.046 0.089 0.036 0.0705 0.0705 0 0.082 0.057 0.034 0.0825 0.0565 0.034 0.0825 0.0565 0.038 0.0815 0.0575 0.0365 0.0815 0.0575 0.036 0.082 0.057 0.0375 0.082 0.0575 0.037 0.082 0.0575 0.0345 0.0815 0.0575 0.0355 0.0885 0.047 0.0335 0.089 0.046 0.034 0.089 0.046 0.038 0.09 0.0435 0.045 0.0895 0.045 0.0345 0.0895 0.045 0.0365 0.0895 0.045 0.037 0.0895 0.045 0.0355 0.0895 0.045 0.036 0.1 0 0 0.0985 -0.016 0.037 0.099 -0.015 0.038 0.099 -0.014 0.0335 0.099 -0.015 0.034 0.1 -0.002 0.034 0.1 -0.0025 0.034 0.1 -0.0015 0.0355 0.1 -0.0015 0.0345 0.1 -0.004 0.0335 0.0985 -0.016 0.0345 0.0985 -0.0165 0.0365 0.0985 -0.0165 0.036 0.0985 -0.0165 0.0355 0.1 -0.004 0.0385 0.1 -0.0025 0.038 0.099 -0.014 0.0385 0.1 -0.002 0.0375 0.1 -0.0015 0.037 -0.085 0.004 0.0335 -0.099 0.014 0.0335 -0.1 0.004 0.0335 -0.084 0.014 0.0335 -0.085 0.0015 0.037 -0.0915 0.0015 0.037 -0.092 0.0015 0.037 -0.1 0.004 0.0335 -0.085 0.0025 0.034 -0.085 0.004 0.0335 -0.1 0.0025 0.034 -0.085 0.002 0.034 -0.0915 0.0015 0.0355 -0.085 0.0015 0.0355 -0.085 0.0015 0.0345 -0.0935 0.0015 0.0365 -0.1 0.0015 0.0365 -0.1 0.0015 0.037 -0.093 0.002 0.0375 -0.1 0.002 0.0375 -0.1 0.0025 0.038 -0.1 0.004 0.0385 -0.085 0.0025 0.038 -0.085 0.004 0.0385 -0.0925 0.002 0.0375 -0.085 0.002 0.0375 -0.092 0.002 0.0375 -0.093 0.0015 0.037 -0.0935 0.0015 0.037 -0.0935 0.0015 0.036 -0.1 0.0015 0.036 -0.1 0.0015 0.0345 -0.0935 0.0015 0.0355 -0.0935 0.0015 0.035 -0.1 0.0015 0.0355 -0.0915 0.0015 0.035 -0.0915 0.0015 0.036 -0.085 0.0015 0.036 -0.1 0.002 0.034 -0.0915 0.0015 0.0365 -0.085 0.0015 0.0365 -0.099 0.014 0.0385 -0.085 0.004 0.0385 -0.1 0.004 0.0385 -0.084 0.014 0.0385 -0.099 0.015 0.038 -0.084 0.014 0.0385 -0.099 0.014 0.0385 -0.0985 0.016 0.037 -0.0835 0.015 0.038 -0.0985 0.0165 0.036 -0.0835 0.016 0.037 -0.0985 0.0165 0.0365 -0.0835 0.016 0.0345 -0.0985 0.0165 0.0355 -0.0985 0.016 0.0345 -0.0835 0.015 0.034 -0.099 0.015 0.034 -0.084 0.014 0.0335 -0.099 0.014 0.0335 -0.0835 0.0165 0.0355 -0.0835 0.0165 0.036 -0.0835 0.0165 0.0365 -0.059 0.0615 0.034 -0.0705 0.071 0.0345 -0.071 0.0705 0.034 -0.07 0.071 0.036 -0.058 0.062 0.0355 -0.058 0.0625 0.036 -0.0595 0.0605 0.0335 -0.072 0.0695 0.0335 -0.058 0.062 0.0345 -0.0705 0.071 0.0355 -0.058 0.062 0.037 -0.0705 0.071 0.0365 -0.0705 0.071 0.037 -0.059 0.0615 0.038 -0.071 0.0705 0.038 -0.0595 0.0605 0.0385 -0.072 0.0695 0.0385 -0.058 0.062 0.0365 -0.0665 0.053 0.0385 -0.072 0.0695 0.0385 -0.0595 0.0605 0.0385 -0.0785 0.062 0.0385 -0.0795 0.061 0.038 -0.0675 0.0515 0.0375 -0.0795 0.0605 0.0375 -0.08 0.06 0.037 -0.068 0.051 0.0365 -0.08 0.06 0.0365 -0.068 0.0515 0.037 -0.068 0.051 0.036 -0.08 0.06 0.0355 -0.068 0.051 0.0355 -0.08 0.06 0.036 -0.067 0.052 0.038 -0.0785 0.062 0.0385 -0.08 0.06 0.0345 -0.068 0.0515 0.0345 -0.0675 0.0515 0.0345 -0.0785 0.062 0.0335 -0.067 0.052 0.034 -0.0665 0.053 0.0335 -0.0795 0.061 0.034 -0.0795 0.0605 0.034 -0.0665 0.053 0.0385 -0.072 0.0695 0.0335 -0.0665 0.053 0.0335 -0.0595 0.0605 0.0335 -0.0785 0.062 0.0335 -0.039 -0.0755 0.0335 -0.0385 -0.0925 0.0335 -0.03 -0.0795 0.0335 -0.0345 -0.094 0.0335 -0.044 -0.09 0.0335 -0.0285 -0.08 0.034 -0.0345 -0.094 0.0335 -0.0335 -0.0945 0.034 -0.028 -0.08 0.034 -0.033 -0.0945 0.034 -0.028 -0.0805 0.0345 -0.0325 -0.0945 0.0345 -0.03 -0.0795 0.0335 -0.0275 -0.0805 0.0355 -0.0325 -0.0945 0.0365 -0.0275 -0.0805 0.036 -0.032 -0.0945 0.036 -0.033 -0.0945 0.0375 -0.028 -0.0805 0.037 -0.0325 -0.0945 0.037 -0.0345 -0.094 0.0385 -0.0285 -0.08 0.038 -0.0335 -0.0945 0.038 -0.03 -0.0795 0.0385 -0.028 -0.08 0.0375 -0.0275 -0.0805 0.0365 -0.0325 -0.0945 0.0355 -0.0385 -0.0925 0.0385 -0.03 -0.0795 0.0385 -0.0345 -0.094 0.0385 -0.039 -0.0755 0.0385 -0.044 -0.09 0.0385 -0.039 -0.0755 0.0385 -0.045 -0.0895 0.038 -0.04 -0.075 0.0385 -0.04 -0.075 0.038 -0.0455 -0.089 0.037 -0.041 -0.0745 0.037 -0.046 -0.089 0.036 -0.041 -0.0745 0.0365 -0.0415 -0.0745 0.036 -0.046 -0.089 0.0365 -0.041 -0.0745 0.0345 -0.046 -0.089 0.0355 -0.041 -0.0745 0.0355 -0.04 -0.075 0.034 -0.0455 -0.089 0.0345 -0.045 -0.0895 0.034 -0.039 -0.0755 0.0335 -0.044 -0.09 0.0335 -0.04 -0.075 0.0335 -0.044 -0.09 0.0385 -0.0885 -0.047 0.0335 -0.071 -0.047 0.0335 -0.076 -0.038 0.0335 -0.083 -0.0555 0.0335 -0.0705 -0.048 0.034 -0.083 -0.0555 0.0335 -0.0825 -0.0565 0.034 -0.07 -0.0485 0.034 -0.082 -0.057 0.034 -0.0695 -0.0485 0.0345 -0.082 -0.0575 0.0345 -0.0695 -0.049 0.0355 -0.0815 -0.0575 0.0355 -0.0695 -0.049 0.036 -0.0815 -0.0575 0.036 -0.0815 -0.0575 0.0365 -0.0695 -0.049 0.0365 -0.082 -0.0575 0.037 -0.0695 -0.0485 0.037 -0.082 -0.057 0.0375 -0.07 -0.0485 0.0375 -0.0825 -0.0565 0.038 -0.0705 -0.048 0.038 -0.083 -0.0555 0.0385 -0.071 -0.047 0.0385 -0.071 -0.047 0.0335 -0.083 -0.0555 0.0385 -0.071 -0.047 0.0385 -0.0885 -0.047 0.0385 -0.076 -0.038 0.0385 -0.076 -0.038 0.0385 -0.089 -0.046 0.038 -0.0765 -0.037 0.038 -0.0895 -0.045 0.037 -0.077 -0.036 0.037 -0.0895 -0.045 0.036 -0.077 -0.036 0.0365 -0.077 -0.036 0.036 -0.0895 -0.045 0.0365 -0.077 -0.036 0.0345 -0.0895 -0.045 0.0355 -0.077 -0.036 0.0355 -0.0765 -0.037 0.034 -0.0895 -0.045 0.0345 -0.089 -0.046 0.034 -0.076 -0.038 0.0335 -0.0885 -0.047 0.0335 -0.0885 -0.047 0.0385 0.0785 -0.062 0.0335 0.0615 -0.0585 0.0335 0.072 -0.0695 0.0335 0.0595 -0.0605 0.0335 0.0665 -0.053 0.0335 0.067 -0.052 0.034 0.0785 -0.062 0.0335 0.0795 -0.061 0.034 0.0675 -0.0515 0.034 0.0795 -0.0605 0.034 0.068 -0.0515 0.0345 0.08 -0.06 0.0345 0.068 -0.051 0.0355 0.08 -0.06 0.0355 0.068 -0.051 0.036 0.08 -0.06 0.036 0.08 -0.06 0.0365 0.068 -0.051 0.0365 0.08 -0.06 0.037 0.068 -0.0515 0.037 0.0795 -0.0605 0.0375 0.0675 -0.0515 0.0375 0.0795 -0.061 0.038 0.067 -0.052 0.038 0.0665 -0.053 0.0335 0.0785 -0.062 0.0385 0.0665 -0.053 0.0385 0.0615 -0.0585 0.0385 0.072 -0.0695 0.0385 0.0595 -0.0605 0.0385 0.0785 -0.062 0.0385 0.0665 -0.053 0.0385 0.0595 -0.0605 0.0385 0.071 -0.0705 0.038 0.059 -0.0615 0.038 0.0705 -0.071 0.037 0.058 -0.062 0.037 0.07 -0.071 0.036 0.058 -0.062 0.0365 0.058 -0.0625 0.036 0.0705 -0.071 0.0365 0.058 -0.062 0.0345 0.0705 -0.071 0.0355 0.058 -0.062 0.0355 0.059 -0.0615 0.034 0.0705 -0.071 0.0345 0.071 -0.0705 0.034 0.0595 -0.0605 0.0335 0.072 -0.0695 0.0335 0.072 -0.0695 0.0385 0.0195 -0.098 0.0335 0.0225 -0.082 0.0335 0.014 -0.084 0.0335 0.027 -0.096 0.0335 0.0175 -0.0985 0.0335 0.0125 -0.084 0.0335 0.027 -0.096 0.0335 0.024 -0.0815 0.034 0.0225 -0.082 0.0335 0.0285 -0.096 0.034 0.0245 -0.0815 0.034 0.0295 -0.0955 0.0345 0.025 -0.0815 0.0355 0.0245 -0.0815 0.0345 0.0295 -0.0955 0.0365 0.025 -0.081 0.036 0.0295 -0.0955 0.036 0.029 -0.0955 0.0375 0.0245 -0.0815 0.037 0.0295 -0.0955 0.037 0.027 -0.096 0.0385 0.024 -0.0815 0.038 0.0285 -0.096 0.038 0.0225 -0.082 0.0385 0.0245 -0.0815 0.0375 0.025 -0.0815 0.0365 0.0295 -0.0955 0.0355 0.029 -0.0955 0.034 0.014 -0.084 0.0385 0.0175 -0.0985 0.0385 0.0125 -0.084 0.0385 0.0225 -0.082 0.0385 0.0195 -0.098 0.0385 0.027 -0.096 0.0385 0.016 -0.0985 0.038 0.0125 -0.084 0.0385 0.0175 -0.0985 0.0385 0.0155 -0.099 0.037 0.0115 -0.084 0.038 0.015 -0.099 0.036 0.0105 -0.0845 0.037 0.015 -0.099 0.0365 0.0105 -0.0845 0.0345 0.015 -0.099 0.0355 0.0155 -0.099 0.0345 0.0115 -0.084 0.034 0.016 -0.0985 0.034 0.0125 -0.084 0.0335 0.0175 -0.0985 0.0335 0.0105 -0.0845 0.0355 0.01 -0.0845 0.036 0.0105 -0.0845 0.0365 -0.0105 0.0845 0.0345 -0.015 0.099 0.0355 -0.0155 0.099 0.0345 -0.015 0.099 0.036 -0.0105 0.0845 0.037 -0.015 0.099 0.0365 -0.0155 0.099 0.037 -0.0115 0.084 0.038 -0.016 0.0985 0.038 -0.0125 0.084 0.0385 -0.0175 0.0985 0.0385 -0.0115 0.084 0.034 -0.016 0.0985 0.034 -0.0125 0.084 0.0335 -0.0105 0.0845 0.0365 -0.01 0.0845 0.036 -0.0105 0.0845 0.0355 -0.0175 0.0985 0.0335 -0.0125 0.084 0.0385 -0.0195 0.098 0.0385 -0.0175 0.0985 0.0385 -0.0225 0.082 0.0385 -0.027 0.096 0.0385 -0.0285 0.096 0.038 -0.0245 0.0815 0.0375 -0.029 0.0955 0.0375 -0.024 0.0815 0.038 -0.027 0.096 0.0385 -0.0225 0.082 0.0385 -0.0245 0.0815 0.037 -0.0295 0.0955 0.037 -0.0295 0.0955 0.0365 -0.025 0.081 0.036 -0.0295 0.0955 0.036 -0.0295 0.0955 0.0345 -0.025 0.0815 0.0355 -0.0245 0.0815 0.0345 -0.0285 0.096 0.034 -0.0245 0.0815 0.034 -0.024 0.0815 0.034 -0.027 0.096 0.0335 -0.0225 0.082 0.0335 -0.029 0.0955 0.034 -0.025 0.0815 0.0365 -0.0295 0.0955 0.0355 -0.0195 0.098 0.0335 -0.0125 0.084 0.0335 -0.0175 0.0985 0.0335 -0.0225 0.082 0.0335 -0.027 0.096 0.0335 0.0455 0.089 0.0345 0.04 0.075 0.034 0.041 0.0745 0.0345 0.045 0.0895 0.034 0.039 0.0755 0.0335 0.044 0.09 0.0335 0.046 0.089 0.036 0.041 0.0745 0.0355 0.0415 0.0745 0.036 0.046 0.089 0.0355 0.041 0.0745 0.0365 0.041 0.0745 0.037 0.04 0.075 0.038 0.0455 0.089 0.037 0.039 0.0755 0.0385 0.045 0.0895 0.038 0.046 0.089 0.0365 0.044 0.09 0.0385 0.0315 0.079 0.0385 0.044 0.09 0.0385 0.039 0.0755 0.0385 0.0345 0.094 0.0385 0.03 0.0795 0.0385 0.0385 0.0925 0.0385 0.0285 0.08 0.034 0.0345 0.094 0.0335 0.0335 0.0945 0.034 0.028 0.08 0.034 0.033 0.0945 0.034 0.028 0.0805 0.0345 0.0325 0.0945 0.0345 0.0275 0.0805 0.0355 0.0325 0.0945 0.0355 0.0275 0.0805 0.036 0.032 0.0945 0.036 0.0325 0.0945 0.0365 0.0275 0.0805 0.0365 0.0325 0.0945 0.037 0.028 0.0805 0.037 0.033 0.0945 0.0375 0.028 0.08 0.0375 0.0335 0.0945 0.038 0.0285 0.08 0.038 0.0345 0.094 0.0385 0.03 0.0795 0.0385 0.03 0.0795 0.0335 0.044 0.09 0.0335 0.0315 0.079 0.0335 0.039 0.0755 0.0335 0.0385 0.0925 0.0335 0.0345 0.094 0.0335 0.03 0.0795 0.0335 0.0765 0.037 0.034 0.0895 0.045 0.0345 0.089 0.046 0.034 0.089 0.046 0.038 0.076 0.038 0.0385 0.0885 0.047 0.0385 0.0895 0.045 0.037 0.0765 0.037 0.038 0.0895 0.045 0.036 0.077 0.036 0.037 0.0895 0.045 0.0365 0.077 0.036 0.0365 0.077 0.036 0.036 0.077 0.036 0.0345 0.0895 0.045 0.0355 0.077 0.036 0.0355 0.076 0.038 0.0335 0.0885 0.047 0.0335 0.073 0.044 0.0385 0.0885 0.047 0.0385 0.076 0.038 0.0385 0.083 0.0555 0.0385 0.071 0.047 0.0385 0.0705 0.048 0.034 0.083 0.0555 0.0335 0.0825 0.0565 0.034 0.07 0.0485 0.034 0.082 0.057 0.034 0.0695 0.0485 0.0345 0.082 0.0575 0.0345 0.0695 0.049 0.0355 0.0815 0.0575 0.0355 0.0695 0.049 0.036 0.0815 0.0575 0.036 0.0815 0.0575 0.0365 0.0695 0.049 0.0365 0.082 0.0575 0.037 0.0695 0.0485 0.037 0.07 0.0485 0.0375 0.0825 0.0565 0.038 0.0705 0.048 0.038 0.082 0.057 0.0375 0.083 0.0555 0.0385 0.071 0.047 0.0385 0.071 0.047 0.0335 0.071 0.047 0.0335 0.083 0.0555 0.0335 0.073 0.044 0.0335 0.0885 0.047 0.0335 0.076 0.038 0.0335 0.099 -0.014 0.0335 0.0845 -0.009 0.0335 0.084 -0.014 0.0335 0.1 -0.004 0.0335 0.085 -0.004 0.0335 0.1 -0.002 0.034 0.085 -0.0015 0.0345 0.085 -0.002 0.034 0.1 -0.0015 0.0345 0.1 -0.0025 0.034 0.085 -0.0025 0.034 0.1 -0.004 0.0335 0.085 -0.0015 0.037 0.0915 -0.0015 0.0365 0.0915 -0.0015 0.037 0.085 -0.0015 0.0365 0.0915 -0.0015 0.036 0.085 -0.0015 0.0355 0.0915 -0.0015 0.0355 0.085 -0.0015 0.036 0.0915 -0.0015 0.035 0.0935 -0.0015 0.036 0.1 -0.0015 0.0355 0.1 -0.0015 0.036 0.0935 -0.0015 0.035 0.092 -0.0015 0.037 0.0935 -0.0015 0.0355 0.1 -0.0015 0.0365 0.0935 -0.0015 0.0365 0.1 -0.0015 0.037 0.0935 -0.0015 0.037 0.093 -0.0015 0.037 0.1 -0.002 0.0375 0.093 -0.002 0.0375 0.1 -0.0025 0.038 0.0925 -0.002 0.0375 0.085 -0.0025 0.038 0.092 -0.002 0.0375 0.085 -0.002 0.0375 0.1 -0.004 0.0385 0.085 -0.004 0.0385 0.085 -0.004 0.0335 0.0845 -0.009 0.0385 0.099 -0.014 0.0385 0.084 -0.014 0.0385 0.1 -0.004 0.0385 0.085 -0.004 0.0385 0.099 -0.015 0.034 0.084 -0.014 0.0335 0.0835 -0.015 0.034 0.099 -0.015 0.038 0.084 -0.014 0.0385 0.099 -0.014 0.0385 0.0985 -0.0165 0.036 0.0835 -0.016 0.037 0.0985 -0.0165 0.0365 0.0835 -0.016 0.0345 0.0985 -0.0165 0.0355 0.0985 -0.016 0.0345 0.0835 -0.015 0.038 0.0985 -0.016 0.037 0.0835 -0.0165 0.0365 0.0835 -0.0165 0.036 0.0835 -0.0165 0.0355 0.099 -0.014 0.0335 -0.0675 0.0515 0.02 -0.0665 0.053 0.0335 -0.067 0.052 0.034 -0.058 0.0625 0.036 -0.055 0.065 0.02 -0.055 0.065 0.045 -0.058 0.062 0.0355 -0.058 0.062 0.0365 -0.058 0.062 0.037 -0.058 0.062 0.0345 -0.059 0.0615 0.038 -0.0595 0.0605 0.0385 -0.0675 0.0515 0.045 -0.0665 0.053 0.0385 -0.067 0.052 0.038 -0.0675 0.0515 0.0375 -0.059 0.0615 0.034 -0.0675 0.0515 0.0345 -0.077 0.0355 0.045 -0.04 -0.075 0.045 -0.039 -0.0755 0.0385 -0.04 -0.075 0.0385 -0.04 -0.075 0.02 -0.04 -0.075 0.034 -0.04 -0.075 0.0335 0.0615 -0.0585 0.045 0.0665 -0.053 0.0385 0.0615 -0.0585 0.0385 0.0615 -0.0585 0.02 0.0595 -0.0605 0.0335 0.0615 -0.0585 0.0335 0.014 -0.084 0.045 0.0225 -0.082 0.0385 0.014 -0.084 0.0385 0.014 -0.084 0.02 0.0125 -0.084 0.0335 0.014 -0.084 0.0335 -0.0225 0.082 0.02 -0.0225 0.082 0.0335 -0.0225 0.082 0.045 -0.024 0.0815 0.038 -0.0225 0.082 0.0385 0.0315 0.079 0.02 0.039 0.0755 0.0335 0.0315 0.079 0.0335 0.0315 0.079 0.045 0.03 0.0795 0.0385 0.0315 0.079 0.0385 0.073 0.044 0.02 0.076 0.038 0.0335 0.073 0.044 0.0335 0.073 0.044 0.045 0.071 0.047 0.0385 0.073 0.044 0.0385 0.0845 -0.009 0.045 0.085 -0.004 0.0385 0.0845 -0.009 0.0385 0.0845 -0.009 0.02 0.084 -0.014 0.0335 0.0845 -0.009 0.0335 -0.085 0 0.045 -0.083 -0.0185 0.02 -0.085 0 0.02 -0.083 -0.0185 0.045 -0.077 -0.0355 0.02 -0.077 -0.0355 0.045 -0.077 -0.036 0.0365 -0.077 -0.036 0.036 -0.0675 -0.0515 0.045 -0.055 -0.065 0.02 -0.0675 -0.0515 0.02 -0.0225 -0.082 0.045 -0.0045 -0.085 0.02 -0.0225 -0.082 0.02 0.0315 -0.079 0.045 0.0475 -0.0705 0.02 0.0315 -0.079 0.02 0.073 -0.044 0.045 0.0805 -0.027 0.02 0.073 -0.044 0.02 0.0845 0.009 0.045 0.0805 0.027 0.02 0.0845 0.009 0.02 0.0615 0.0585 0.045 0.0475 0.0705 0.02 0.0615 0.0585 0.02 -0.0595 0.0605 0.0335 -0.077 0.0355 0.02 -0.068 0.051 0.036 -0.068 0.0515 0.0345 -0.068 0.051 0.0355 -0.068 0.051 0.0365 -0.068 0.0515 0.037 -0.028 -0.08 0.0375 -0.0285 -0.08 0.038 -0.03 -0.0795 0.0335 -0.0285 -0.08 0.034 -0.039 -0.0755 0.0335 -0.0275 -0.0805 0.036 -0.028 -0.0805 0.0345 -0.0275 -0.0805 0.0355 -0.028 -0.08 0.034 -0.0275 -0.0805 0.0365 -0.028 -0.0805 0.037 -0.03 -0.0795 0.0385 -0.041 -0.0745 0.037 -0.0435 -0.073 0.045 -0.04 -0.075 0.038 -0.055 -0.065 0.045 -0.041 -0.0745 0.0355 -0.041 -0.0745 0.0345 -0.041 -0.0745 0.0365 -0.0415 -0.0745 0.036 0.014 0.084 0.045 -0.0045 0.085 0.02 0.014 0.084 0.02 0.0285 0.08 0.038 -0.083 0.0185 0.045 -0.0835 0.0165 0.0365 -0.0835 0.0165 0.036 -0.083 0.0185 0.02 0.0675 -0.0515 0.0375 0.067 -0.052 0.038 0.0665 -0.053 0.0335 0.067 -0.052 0.034 0.068 -0.051 0.036 0.0675 -0.0515 0.034 0.068 -0.0515 0.0345 0.068 -0.051 0.0355 0.068 -0.051 0.0365 0.068 -0.0515 0.037 0.059 -0.0615 0.038 0.0475 -0.0705 0.045 -0.0835 0.016 0.037 -0.0835 0.015 0.038 -0.084 0.014 0.0385 -0.085 0.004 0.0385 -0.085 0.0025 0.038 -0.085 0.0015 0.037 -0.085 0.0015 0.0365 -0.085 0.0015 0.036 -0.085 0.002 0.0375 -0.085 0.0015 0.0355 -0.085 0.0015 0.0345 -0.085 0.002 0.034 -0.085 0.0025 0.034 -0.084 0.014 0.0335 -0.0835 0.015 0.034 -0.085 0.004 0.0335 -0.0835 0.0165 0.0355 -0.0835 0.016 0.0345 -0.04 0.075 0.045 -0.0045 0.085 0.045 0.0475 0.0705 0.045 0.0805 0.027 0.045 0.0805 -0.027 0.045 -0.0045 -0.085 0.045 -0.077 -0.036 0.037 -0.0765 -0.037 0.038 -0.071 -0.047 0.0385 -0.076 -0.038 0.0385 -0.0705 -0.048 0.038 -0.0695 -0.0485 0.037 -0.0695 -0.049 0.0365 -0.07 -0.0485 0.0375 -0.0695 -0.049 0.036 -0.0695 -0.049 0.0355 -0.0695 -0.0485 0.0345 -0.07 -0.0485 0.034 -0.0705 -0.048 0.034 -0.071 -0.047 0.0335 -0.076 -0.038 0.0335 -0.0765 -0.037 0.034 -0.077 -0.036 0.0355 -0.077 -0.036 0.0345 0.0835 -0.015 0.034 0.0835 -0.0165 0.036 0.0835 -0.0165 0.0355 0.0835 -0.0165 0.0365 0.0835 -0.016 0.037 0.0835 -0.016 0.0345 0.0835 -0.015 0.038 0.084 -0.014 0.0385 0.085 -0.0025 0.038 0.085 -0.0015 0.037 0.085 -0.0015 0.0365 0.085 -0.0015 0.036 0.085 -0.002 0.0375 0.085 -0.0015 0.0355 0.085 -0.0015 0.0345 0.085 -0.002 0.034 0.085 -0.0025 0.034 0.085 -0.004 0.0335 0.0705 0.048 0.038 0.0695 0.0485 0.037 0.0695 0.049 0.0365 0.0695 0.049 0.036 0.07 0.0485 0.0375 0.0695 0.049 0.0355 0.0695 0.0485 0.0345 0.07 0.0485 0.034 0.0705 0.048 0.034 0.071 0.047 0.0335 0.0765 0.037 0.034 0.077 0.036 0.036 0.077 0.036 0.0355 0.077 0.036 0.0365 0.077 0.036 0.037 0.077 0.036 0.0345 0.0765 0.037 0.038 0.076 0.038 0.0385 0.073 0.0435 0.045 0.0595 -0.0605 0.0385 0.028 0.0805 0.037 0.0275 0.0805 0.0365 0.0275 0.0805 0.036 0.028 0.08 0.0375 0.0275 0.0805 0.0355 0.028 0.0805 0.0345 0.028 0.08 0.034 0.0285 0.08 0.034 0.03 0.0795 0.0335 0.04 0.075 0.034 0.0415 0.0745 0.036 0.041 0.0745 0.0355 0.041 0.0745 0.0365 0.041 0.0745 0.037 0.041 0.0745 0.0345 0.04 0.075 0.038 0.039 0.0755 0.0385 -0.0245 0.0815 0.0375 -0.0245 0.0815 0.037 -0.025 0.0815 0.0365 -0.025 0.081 0.036 -0.04 0.075 0.02 -0.025 0.0815 0.0355 -0.0245 0.0815 0.0345 -0.0245 0.0815 0.034 -0.024 0.0815 0.034 -0.0125 0.084 0.0335 -0.0115 0.084 0.034 -0.01 0.0845 0.036 -0.0105 0.0845 0.0355 -0.0105 0.0845 0.0365 -0.0105 0.0845 0.037 -0.0105 0.0845 0.0345 -0.0115 0.084 0.038 -0.0125 0.084 0.0385 0.0115 -0.084 0.034 0.01 -0.0845 0.036 0.0105 -0.0845 0.0355 0.0105 -0.0845 0.0365 0.0105 -0.0845 0.037 0.0105 -0.0845 0.0345 0.0115 -0.084 0.038 0.0125 -0.084 0.0385 0.024 -0.0815 0.038 0.0245 -0.0815 0.037 0.025 -0.0815 0.0365 0.0245 -0.0815 0.0375 0.025 -0.081 0.036 0.025 -0.0815 0.0355 0.0245 -0.0815 0.0345 0.0245 -0.0815 0.034 0.024 -0.0815 0.034 0.0225 -0.082 0.0335 0.059 -0.0615 0.034 0.058 -0.0625 0.036 0.058 -0.062 0.0355 0.058 -0.062 0.0365 0.058 -0.062 0.037 0.058 -0.062 0.0345 -0.0615 0.026 0.02 -0.0615 -0.026 0.02 -0.06 -0.0275 0.02 -0.0615 -0.034 0.02 -0.0675 -0.0515 0.02 -0.055 -0.065 0.02 -0.06 0.0325 0.02 -0.04 0.075 0.02 -0.0615 0.034 0.02 0.0805 -0.027 0.02 -0.06 0.0275 0.02 0.073 -0.044 0.02 -0.055 0.065 0.02 -0.0595 -0.03 0.02 0.0615 -0.0585 0.02 -0.083 -0.0185 0.02 -0.0665 -0.026 0.02 -0.085 0 0.02 -0.069 -0.03 0.02 -0.077 -0.0355 0.02 -0.0595 0.03 0.02 0.0315 0.079 0.02 -0.064 0.035 0.02 -0.0675 0.0515 0.02 -0.0665 0.034 0.02 -0.077 0.0355 0.02 -0.0685 0.0325 0.02 -0.0665 -0.034 0.02 -0.04 -0.075 0.02 -0.083 0.0185 0.02 -0.069 0.03 0.02 -0.0685 -0.0275 0.02 -0.064 -0.035 0.02 -0.0685 -0.0325 0.02 0.0845 0.009 0.02 -0.06 -0.0325 0.02 0.014 -0.084 0.02 0.0315 -0.079 0.02 -0.0225 0.082 0.02 0.014 0.084 0.02 0.0615 0.0585 0.02 0.0475 0.0705 0.02 0.0845 -0.009 0.02 -0.0665 0.026 0.02 -0.0685 0.0275 0.02 0.0475 -0.0705 0.02 -0.0225 -0.082 0.02 -0.0045 -0.085 0.02 -0.0045 0.085 0.02 0.073 0.044 0.02 0.0805 0.027 0.02 -0.064 -0.025 0.02 -0.064 0.025 0.02 -0.099 -0.0125 0.005 -0.064 -0.025 0.005 -0.0665 -0.026 0.005 -0.0685 -0.0275 0.005 -0.098 -0.0195 0.005 -0.0595 -0.03 0.005 -0.05 -0.0475 0.005 -0.06 -0.0325 0.005 -0.06 -0.0275 0.005 -0.05 -0.0125 0.005 -0.0925 -0.0385 0.005 -0.0685 -0.0325 0.005 -0.088 -0.0475 0.005 -0.0615 -0.034 0.005 -0.069 -0.03 0.005 -0.0665 -0.034 0.005 -0.0615 -0.026 0.005 -0.064 -0.035 0.005 -0.05 -0.0475 0.005 -0.088 -0.0475 0 -0.088 -0.0475 0.005 -0.05 -0.0475 0 -0.05 -0.0125 0 -0.099 -0.0125 0.005 -0.099 -0.0125 0 -0.05 -0.0125 0.005 -0.05 -0.0125 0 -0.05 -0.0475 0.005 -0.05 -0.0125 0.005 -0.05 -0.0475 0 -0.064 0.035 0.005 -0.05 0.0475 0.005 -0.0615 0.034 0.005 -0.0595 0.03 0.005 -0.05 0.0125 0.005 -0.06 0.0275 0.005 -0.098 0.0195 0.005 -0.069 0.03 0.005 -0.0685 0.0275 0.005 -0.0685 0.0325 0.005 -0.088 0.0475 0.005 -0.0665 0.034 0.005 -0.0615 0.026 0.005 -0.06 0.0325 0.005 -0.0925 0.0385 0.005 -0.064 0.025 0.005 -0.0665 0.026 0.005 -0.099 0.0125 0.005 -0.099 0.0125 0 -0.05 0.0125 0.005 -0.05 0.0125 0 -0.099 0.0125 0.005 -0.088 0.0475 0.005 -0.05 0.0475 0 -0.05 0.0475 0.005 -0.088 0.0475 0 -0.05 0.0475 0.005 -0.05 0.0125 0 -0.05 0.0125 0.005 -0.05 0.0475 0 -0.0615 0.034 0.005 -0.06 0.0325 0.02 -0.0615 0.034 0.02 -0.064 0.035 0.005 -0.064 0.035 0.02 -0.0665 0.034 0.005 -0.0665 0.034 0.02 -0.0685 0.0325 0.005 -0.0685 0.0325 0.02 -0.069 0.03 0.005 -0.069 0.03 0.02 -0.0685 0.0275 0.005 -0.0685 0.0275 0.02 -0.0665 0.026 0.005 -0.0665 0.026 0.02 -0.064 0.025 0.005 -0.064 0.025 0.02 -0.0615 0.026 0.005 -0.0615 0.026 0.02 -0.06 0.0275 0.005 -0.06 0.0275 0.02 -0.0595 0.03 0.005 -0.0595 0.03 0.02 -0.06 0.0325 0.005 -0.06 -0.0275 0.02 -0.0615 -0.026 0.005 -0.06 -0.0275 0.005 -0.06 -0.0325 0.02 -0.0595 -0.03 0.005 -0.06 -0.0325 0.005 -0.0615 -0.026 0.02 -0.064 -0.025 0.005 -0.064 -0.025 0.02 -0.0665 -0.026 0.005 -0.0665 -0.026 0.02 -0.0685 -0.0275 0.005 -0.0685 -0.0275 0.02 -0.069 -0.03 0.005 -0.069 -0.03 0.02 -0.0685 -0.0325 0.005 -0.0685 -0.0325 0.02 -0.0665 -0.034 0.005 -0.0665 -0.034 0.02 -0.064 -0.035 0.005 -0.064 -0.035 0.02 -0.0615 -0.034 0.005 -0.0595 -0.03 0.02 -0.0615 -0.034 0.02 0.0935 -0.0015 0.0365 0.094 -0.001 0.035 0.0935 -0.0015 0.036 0.0935 -0.0015 0.037 0.094 -0.001 0.045 0.091 -0.001 0.035 0.0905 0 0.045 0.091 -0.001 0.045 0.0945 0 0.035 0.0945 0 0.045 0.094 0.001 0.035 0.094 0.001 0.045 0.0935 0.0015 0.035 0.0935 0.0015 0.045 0.0925 0.002 0.035 0.0925 0.002 0.045 0.0915 0.0015 0.035 0.0915 0.0015 0.045 0.091 0.001 0.035 0.091 0.001 0.045 0.0905 0 0.035 0.0935 -0.0015 0.045 0.0925 -0.002 0.0375 0.0925 -0.002 0.045 0.0915 -0.0015 0.045 0.092 -0.0015 0.037 0.0915 -0.0015 0.037 0.0915 -0.0015 0.0355 0.0915 -0.0015 0.035 0.0915 -0.0015 0.0365 0.0915 -0.0015 0.036 0.092 -0.002 0.0375 0.093 -0.0015 0.037 0.093 -0.002 0.0375 0.0935 -0.0015 0.0355 0.0935 -0.0015 0.035 0.0935 0.0015 0.035 0.0945 0 0.035 0.094 0.001 0.035 0.0925 0.002 0.035 0.0915 0.0015 0.035 0.0935 -0.0015 0.035 0.091 -0.001 0.035 0.0915 -0.0015 0.035 0.0905 0 0.035 0.094 -0.001 0.035 0.091 0.001 0.035 -0.0945 0 0.035 -0.094 0.001 0.045 -0.0945 0 0.045 -0.091 0.001 0.035 -0.0905 0 0.045 -0.091 0.001 0.045 -0.0905 0 0.035 -0.091 -0.001 0.045 -0.091 -0.001 0.035 -0.0915 -0.0015 0.045 -0.0915 -0.0015 0.035 -0.0925 -0.002 0.045 -0.0925 -0.002 0.035 -0.0935 -0.0015 0.045 -0.0935 -0.0015 0.035 -0.094 -0.001 0.045 -0.094 -0.001 0.035 -0.0935 0.0015 0.037 -0.0935 0.0015 0.0365 -0.094 0.001 0.035 -0.0935 0.0015 0.036 -0.0935 0.0015 0.0355 -0.0935 0.0015 0.035 -0.0925 0.002 0.0375 -0.0935 0.0015 0.045 -0.093 0.002 0.0375 -0.093 0.0015 0.037 -0.0915 0.0015 0.045 -0.0925 0.002 0.045 -0.092 0.002 0.0375 -0.092 0.0015 0.037 -0.0915 0.0015 0.0365 -0.0915 0.0015 0.036 -0.0915 0.0015 0.0355 -0.0915 0.0015 0.037 -0.0915 0.0015 0.035 -0.0915 -0.0015 0.035 -0.0905 0 0.035 -0.0925 -0.002 0.035 -0.0935 -0.0015 0.035 -0.0945 0 0.035 -0.091 0.001 0.035 -0.094 0.001 0.035 -0.0915 0.0015 0.035 -0.094 -0.001 0.035 -0.0935 0.0015 0.035 -0.091 -0.001 0.035 -0.001 0.094 0.045 -0.0015 0.0935 0.035 -0.001 0.094 0.035 0 0.0945 0.045 0 0.0945 0.035 0.001 0.094 0.045 0.001 0.094 0.035 0.0015 0.0935 0.045 0.0015 0.0935 0.035 0.002 0.0925 0.045 0.002 0.0925 0.035 0.0015 0.0915 0.045 0.0015 0.0915 0.035 0.001 0.091 0.045 0.001 0.091 0.035 0 0.0905 0.045 0 0.0905 0.035 -0.001 0.091 0.045 -0.001 0.091 0.035 -0.0015 0.0915 0.045 -0.0015 0.0915 0.035 -0.002 0.0925 0.045 -0.002 0.0925 0.035 -0.0015 0.0935 0.045 0 0.0925 0.035 -0.0015 0.0935 0.035 -0.002 0.0925 0.035 -0.001 0.094 0.035 0 0.0945 0.035 0.001 0.094 0.035 0.0015 0.0935 0.035 0.002 0.0925 0.035 0.0015 0.0915 0.035 0.001 0.091 0.035 0 0.0905 0.035 -0.001 0.091 0.035 -0.0015 0.0915 0.035 -0.001 -0.094 0.035 -0.0015 -0.0935 0.045 -0.001 -0.094 0.045 0.001 -0.094 0.035 0 -0.0945 0.045 0.001 -0.094 0.045 0.0015 -0.0935 0.035 0.0015 -0.0935 0.045 0.002 -0.0925 0.035 0.002 -0.0925 0.045 0.0015 -0.0915 0.035 0.0015 -0.0915 0.045 0.001 -0.091 0.035 0.001 -0.091 0.045 0 -0.0905 0.035 0 -0.0905 0.045 -0.001 -0.091 0.035 -0.001 -0.091 0.045 -0.0015 -0.0915 0.035 -0.0015 -0.0915 0.045 -0.002 -0.0925 0.035 -0.002 -0.0925 0.045 -0.0015 -0.0935 0.035 0 -0.0945 0.035 0 -0.0925 0.035 -0.001 -0.094 0.035 0 -0.0945 0.035 0.001 -0.094 0.035 0.0015 -0.0935 0.035 0.002 -0.0925 0.035 0.0015 -0.0915 0.035 0.001 -0.091 0.035 0 -0.0905 0.035 -0.001 -0.091 0.035 -0.0015 -0.0915 0.035 -0.002 -0.0925 0.035 -0.0015 -0.0935 0.035 0 0.094 0.045 -0.0015 0.094 0.045 -0.001 0.0935 0.045 -0.002 0.093 0.045 -0.0015 0.093 0.045 -0.002 0.092 0.045 -0.0015 0.0925 0.045 -0.001 0.0915 0.045 -0.0015 0.091 0.045 0 0.091 0.045 0.0015 0.091 0.045 0.001 0.0915 0.045 0.0015 0.092 0.045 0.002 0.092 0.045 0.0015 0.0925 0.045 0.0015 0.094 0.045 0.001 0.0935 0.045 0.0005 0.094 0.045 0.0005 0.0945 0.045 -0.0005 0.091 0.045 -0.0005 0.0905 0.045 0.002 0.093 0.045 -0.0005 0.0945 0.045 0.0005 0.0905 0.045 0.0005 0.0905 0.041 -0.0005 0.091 0.041 0 0.091 0.041 0.002 0.093 0.041 0.0015 0.092 0.041 0.0015 0.0925 0.041 0.0015 0.091 0.041 0.001 0.0915 0.041 -0.0005 0.0945 0.041 -0.001 0.0935 0.041 -0.0015 0.094 0.041 0.002 0.092 0.041 0.0015 0.094 0.041 0.0005 0.094 0.041 0.0005 0.0945 0.041 -0.002 0.093 0.041 -0.0015 0.093 0.041 0.001 0.0935 0.041 0 0.094 0.041 -0.002 0.092 0.041 -0.0015 0.0925 0.041 -0.001 0.0915 0.041 -0.0015 0.091 0.041 -0.0005 0.0905 0.041 -0.0005 0.0905 0.045 0.0005 0.0905 0.041 0.0005 0.0905 0.045 -0.0015 0.091 0.045 -0.0005 0.0905 0.041 -0.002 0.092 0.045 -0.0015 0.091 0.041 -0.002 0.093 0.045 -0.002 0.092 0.041 -0.0015 0.094 0.045 -0.002 0.093 0.041 -0.0005 0.0945 0.045 -0.0015 0.094 0.041 0.0005 0.0945 0.045 -0.0005 0.0945 0.041 0.0015 0.094 0.045 0.0005 0.0945 0.041 0.002 0.093 0.045 0.0015 0.094 0.041 0.002 0.092 0.045 0.002 0.093 0.041 0.0015 0.091 0.045 0.002 0.092 0.041 0.0015 0.091 0.041 0 0.091 0.045 0.001 0.0915 0.041 0 0.091 0.041 0.0015 0.092 0.041 0.001 0.0915 0.045 0.0015 0.092 0.045 0.0015 0.0925 0.041 0.0015 0.0925 0.045 0.001 0.0935 0.041 0.001 0.0935 0.045 0.0005 0.094 0.041 0.0005 0.094 0.045 0 0.094 0.041 0 0.094 0.045 -0.001 0.0935 0.041 -0.001 0.0935 0.045 -0.0015 0.093 0.041 -0.0015 0.093 0.045 -0.0015 0.0925 0.041 -0.0015 0.0925 0.045 -0.001 0.0915 0.041 -0.001 0.0915 0.045 -0.0005 0.091 0.041 -0.0005 0.091 0.045 -0.039 0.001 0.122 -0.039 0.002 0.122 -0.0395 0.0015 0.122 -0.04 0.002 0.122 -0.04 0.0015 0.122 -0.041 0.0015 0.122 -0.041 0.001 0.122 -0.0415 0.0005 0.122 -0.042 0.001 0.122 -0.041 -0.001 0.122 -0.041 -0.002 0.122 -0.0405 -0.0015 0.122 -0.04 -0.0015 0.122 -0.04 -0.002 0.122 -0.039 -0.001 0.122 -0.038 -0.001 0.122 -0.0385 -0.0005 0.122 -0.0385 0 0.122 -0.038 0 0.122 -0.0415 0 0.122 -0.042 0 0.122 -0.039 -0.0015 0.122 -0.0385 0.001 0.122 -0.0415 -0.001 0.122 -0.0415 -0.001 0.118 -0.0415 0 0.118 -0.041 -0.001 0.118 -0.039 -0.0015 0.118 -0.04 -0.0015 0.118 -0.039 -0.001 0.118 -0.041 -0.002 0.118 -0.0405 -0.0015 0.118 -0.0385 0.001 0.118 -0.0395 0.0015 0.118 -0.039 0.002 0.118 -0.04 -0.002 0.118 -0.038 -0.001 0.118 -0.0385 0 0.118 -0.038 0 0.118 -0.04 0.002 0.118 -0.04 0.0015 0.118 -0.0385 -0.0005 0.118 -0.039 0.001 0.118 -0.041 0.0015 0.118 -0.041 0.001 0.118 -0.0415 0.0005 0.118 -0.042 0.001 0.118 -0.042 0 0.118 -0.042 0 0.122 -0.0415 -0.001 0.118 -0.0415 -0.001 0.122 -0.042 0.001 0.122 -0.042 0 0.118 -0.041 0.0015 0.122 -0.042 0.001 0.118 -0.04 0.002 0.122 -0.041 0.0015 0.118 -0.039 0.002 0.122 -0.04 0.002 0.118 -0.0385 0.001 0.122 -0.039 0.002 0.118 -0.038 0 0.122 -0.0385 0.001 0.118 -0.038 -0.001 0.122 -0.038 0 0.118 -0.039 -0.0015 0.122 -0.038 -0.001 0.118 -0.04 -0.002 0.122 -0.039 -0.0015 0.118 -0.041 -0.002 0.122 -0.04 -0.002 0.118 -0.041 -0.002 0.118 -0.041 -0.001 0.122 -0.0405 -0.0015 0.118 -0.041 -0.001 0.118 -0.04 -0.0015 0.118 -0.0405 -0.0015 0.122 -0.04 -0.0015 0.122 -0.039 -0.001 0.118 -0.039 -0.001 0.122 -0.0385 -0.0005 0.118 -0.0385 -0.0005 0.122 -0.0385 0 0.118 -0.0385 0 0.122 -0.039 0.001 0.118 -0.039 0.001 0.122 -0.0395 0.0015 0.118 -0.0395 0.0015 0.122 -0.04 0.0015 0.118 -0.04 0.0015 0.122 -0.041 0.001 0.118 -0.041 0.001 0.122 -0.0415 0.0005 0.118 -0.0415 0.0005 0.122 -0.0415 0 0.118 -0.0415 0 0.122 0.0005 0.0385 0.122 0.0015 0.0385 0.122 0.001 0.039 0.122 0.002 0.0395 0.122 0.0015 0.0395 0.122 0.002 0.0405 0.122 0.0015 0.0405 0.122 0.001 0.041 0.122 0.0015 0.0415 0.122 -0.0005 0.0415 0.122 -0.0015 0.0415 0.122 -0.001 0.041 0.122 -0.0015 0.0405 0.122 -0.002 0.0405 0.122 -0.0015 0.0395 0.122 -0.0015 0.0385 0.122 -0.001 0.039 0.122 -0.0005 0.0385 0.122 -0.0005 0.038 0.122 0.0005 0.0415 0.122 0.0005 0.042 0.122 -0.002 0.0395 0.122 0.0005 0.038 0.122 -0.0005 0.042 0.122 -0.0005 0.042 0.118 0.0005 0.0415 0.118 -0.0005 0.0415 0.118 -0.002 0.0395 0.118 -0.0015 0.0405 0.118 -0.0015 0.0395 0.118 -0.0015 0.0415 0.118 -0.001 0.041 0.118 0.0005 0.038 0.118 0.001 0.039 0.118 0.0015 0.0385 0.118 -0.002 0.0405 0.118 -0.0015 0.0385 0.118 -0.0005 0.0385 0.118 -0.0005 0.038 0.118 0.002 0.0395 0.118 0.0015 0.0395 0.118 -0.001 0.039 0.118 0.0005 0.0385 0.118 0.002 0.0405 0.118 0.0015 0.0405 0.118 0.001 0.041 0.118 0.0015 0.0415 0.118 0.0005 0.042 0.118 0.0005 0.042 0.122 -0.0005 0.042 0.118 -0.0005 0.042 0.122 0.0015 0.0415 0.122 0.0005 0.042 0.118 0.002 0.0405 0.122 0.0015 0.0415 0.118 0.002 0.0395 0.122 0.002 0.0405 0.118 0.0015 0.0385 0.122 0.002 0.0395 0.118 0.0005 0.038 0.122 0.0015 0.0385 0.118 -0.0005 0.038 0.122 0.0005 0.038 0.118 -0.0015 0.0385 0.122 -0.0005 0.038 0.118 -0.002 0.0395 0.122 -0.0015 0.0385 0.118 -0.002 0.0405 0.122 -0.002 0.0395 0.118 -0.0015 0.0415 0.122 -0.002 0.0405 0.118 -0.0015 0.0415 0.118 -0.0005 0.0415 0.122 -0.001 0.041 0.118 -0.0005 0.0415 0.118 -0.0015 0.0405 0.118 -0.001 0.041 0.122 -0.0015 0.0405 0.122 -0.0015 0.0395 0.118 -0.0015 0.0395 0.122 -0.001 0.039 0.118 -0.001 0.039 0.122 -0.0005 0.0385 0.118 -0.0005 0.0385 0.122 0.0005 0.0385 0.118 0.0005 0.0385 0.122 0.001 0.039 0.118 0.001 0.039 0.122 0.0015 0.0395 0.118 0.0015 0.0395 0.122 0.0015 0.0405 0.118 0.0015 0.0405 0.122 0.001 0.041 0.118 0.001 0.041 0.122 0.0005 0.0415 0.118 0.0005 0.0415 0.122 0 -0.0415 0.122 0.001 -0.0415 0.122 0.0015 -0.041 0.122 0.0015 -0.0405 0.122 0.002 -0.04 0.122 0.0015 -0.04 0.122 0.0015 -0.039 0.122 0 -0.0385 0.122 -0.001 -0.0385 0.122 -0.0015 -0.0395 0.122 -0.0015 -0.039 0.122 -0.0015 -0.04 0.122 -0.0015 -0.041 0.122 -0.0005 -0.0415 0.122 -0.001 -0.0415 0.122 0.0005 -0.0385 0.122 0.001 -0.0385 0.122 -0.002 -0.04 0.122 0 -0.042 0.122 0 -0.038 0.122 0 -0.038 0.118 0.0005 -0.0385 0.118 0 -0.0385 0.118 -0.002 -0.04 0.118 -0.0015 -0.0395 0.118 -0.0015 -0.04 0.118 -0.001 -0.0385 0.118 0 -0.042 0.118 0.001 -0.0415 0.118 -0.0015 -0.039 0.118 -0.0015 -0.041 0.118 -0.0005 -0.0415 0.118 -0.001 -0.0415 0.118 0.0015 -0.041 0.118 0.0015 -0.0405 0.118 0 -0.0415 0.118 0.002 -0.04 0.118 0.0015 -0.04 0.118 0.0015 -0.039 0.118 0.001 -0.0385 0.118 0.001 -0.0385 0.122 0 -0.038 0.118 0 -0.038 0.122 0.0015 -0.039 0.122 0.001 -0.0385 0.118 0.002 -0.04 0.122 0.0015 -0.039 0.118 0.0015 -0.041 0.122 0.002 -0.04 0.118 0.001 -0.0415 0.122 0.0015 -0.041 0.118 0 -0.042 0.122 0.001 -0.0415 0.118 -0.001 -0.0415 0.122 0 -0.042 0.118 -0.0015 -0.041 0.122 -0.001 -0.0415 0.118 -0.002 -0.04 0.122 -0.0015 -0.041 0.118 -0.0015 -0.039 0.122 -0.002 -0.04 0.118 -0.001 -0.0385 0.122 -0.0015 -0.039 0.118 -0.001 -0.0385 0.118 0 -0.0385 0.122 -0.001 -0.0385 0.118 0 -0.0385 0.118 -0.0015 -0.0395 0.118 -0.001 -0.0385 0.122 -0.0015 -0.0395 0.122 -0.0015 -0.04 0.118 -0.0015 -0.04 0.122 -0.0015 -0.041 0.118 -0.0015 -0.041 0.122 -0.0005 -0.0415 0.118 -0.0005 -0.0415 0.122 0 -0.0415 0.118 0 -0.0415 0.122 0.001 -0.0415 0.118 0.001 -0.0415 0.122 0.0015 -0.0405 0.118 0.0015 -0.0405 0.122 0.0015 -0.04 0.118 0.0015 -0.04 0.122 0.0015 -0.039 0.118 0.0015 -0.039 0.122 0.0005 -0.0385 0.118 0.0005 -0.0385 0.122 0.0415 0 0.122 0.0415 0.001 0.122 0.041 0.001 0.122 0.041 0.002 0.122 0.0405 0.0015 0.122 0.04 0.002 0.122 0.04 0.0015 0.122 0.039 0.001 0.122 0.039 0.0015 0.122 0.0385 0 0.122 0.0385 -0.001 0.122 0.039 -0.001 0.122 0.0395 -0.0015 0.122 0.039 -0.002 0.122 0.04 -0.0015 0.122 0.041 -0.0015 0.122 0.041 -0.001 0.122 0.0415 -0.0005 0.122 0.042 -0.001 0.122 0.0385 0.0005 0.122 0.038 0.001 0.122 0.04 -0.002 0.122 0.042 0 0.122 0.038 0 0.122 0.038 0 0.118 0.0385 0.0005 0.118 0.0385 0 0.118 0.04 -0.002 0.118 0.0395 -0.0015 0.118 0.04 -0.0015 0.118 0.0385 -0.001 0.118 0.039 -0.001 0.118 0.042 0 0.118 0.041 0.001 0.118 0.0415 0.001 0.118 0.039 -0.002 0.118 0.041 -0.0015 0.118 0.0415 -0.0005 0.118 0.042 -0.001 0.118 0.041 0.002 0.118 0.0405 0.0015 0.118 0.041 -0.001 0.118 0.0415 0 0.118 0.04 0.002 0.118 0.04 0.0015 0.118 0.039 0.001 0.118 0.039 0.0015 0.118 0.038 0.001 0.118 0.038 0.001 0.122 0.038 0 0.118 0.038 0 0.122 0.039 0.0015 0.122 0.038 0.001 0.118 0.04 0.002 0.122 0.039 0.0015 0.118 0.041 0.002 0.122 0.04 0.002 0.118 0.0415 0.001 0.122 0.041 0.002 0.118 0.042 0 0.122 0.0415 0.001 0.118 0.042 -0.001 0.122 0.042 0 0.118 0.041 -0.0015 0.122 0.042 -0.001 0.118 0.04 -0.002 0.122 0.041 -0.0015 0.118 0.039 -0.002 0.122 0.04 -0.002 0.118 0.0385 -0.001 0.122 0.039 -0.002 0.118 0.0385 -0.001 0.118 0.0385 0 0.122 0.039 -0.001 0.118 0.0385 0 0.118 0.0395 -0.0015 0.118 0.039 -0.001 0.122 0.0395 -0.0015 0.122 0.04 -0.0015 0.118 0.04 -0.0015 0.122 0.041 -0.001 0.118 0.041 -0.001 0.122 0.0415 -0.0005 0.118 0.0415 -0.0005 0.122 0.0415 0 0.118 0.0415 0 0.122 0.041 0.001 0.118 0.041 0.001 0.122 0.0405 0.0015 0.118 0.0405 0.0015 0.122 0.04 0.0015 0.118 0.04 0.0015 0.122 0.039 0.001 0.118 0.039 0.001 0.122 0.0385 0.0005 0.118 0.0385 0.0005 0.122 -0.001 -0.0015 0.1345 0 -0.0025 0.134 0 -0.002 0.1345 -0.0015 -0.001 0.1345 -0.001 -0.002 0.134 -0.002 0 0.1345 -0.002 -0.001 0.134 -0.0015 0.001 0.1345 -0.0025 0 0.134 -0.001 0.0015 0.1345 0 0.002 0.1345 -0.0015 0.002 0.134 -0.002 0.001 0.134 0.001 0.002 0.12 -0.001 0.002 0.12 0 0.0025 0.12 0 0.002 0.1345 -0.0015 0.002 0.12 -0.0015 0.002 0.134 0.0015 0.002 0.134 0.001 0.002 0.1345 0.0015 0.002 0.12 0.0025 0 0.109 -0.001 -0.002 0.109 0.002 0.001 0.109 -0.001 0.002 0.109 0.001 0.002 0.109 -0.002 0.001 0.109 -0.002 -0.001 0.109 0 0.0025 0.109 0.002 -0.001 0.109 0 -0.0025 0.109 -0.0025 0 0.109 0.001 -0.002 0.109 0.0015 0.001 0.1345 0 -0.002 0.1345 0.002 0 0.1345 -0.0015 -0.001 0.1345 -0.0015 0.001 0.1345 -0.002 0 0.1345 0 0.002 0.1345 -0.001 -0.0015 0.1345 0.001 -0.0015 0.1345 0.0015 -0.001 0.1345 -0.001 0.0015 0.1345 0.001 0.0015 0.1345 -0.002 0.001 0.134 -0.0025 0 0.109 -0.0025 0 0.134 -0.002 -0.001 0.134 -0.001 -0.002 0.109 -0.001 -0.002 0.134 -0.002 -0.001 0.109 0 -0.0025 0.109 -0.002 0.001 0.109 -0.001 0.002 0.109 -0.0015 0.002 0.12 -0.001 0.002 0.12 0 0.0025 0.12 0 0.0025 0.109 -0.0015 0.002 0.134 0 -0.0025 0.134 0.002 0.001 0.134 0.0015 0.002 0.12 0.0015 0.002 0.134 0 0.0025 0.109 0.001 0.002 0.12 0.001 0.002 0.109 0.002 0.001 0.109 0.002 -0.001 0.109 0.001 -0.002 0.134 0.001 -0.002 0.109 0.0025 0 0.109 0.002 -0.001 0.134 0.0025 0 0.134 0 0.0025 0.12 0 -0.0025 0.134 0 -0.0025 0.109 0.0015 -0.001 0.1345 0.0025 0 0.134 0.002 0 0.1345 0.0015 0.001 0.1345 0.0015 0.002 0.134 0.001 0.0015 0.1345 0.002 0.001 0.134 0 -0.002 0.1345 0.001 -0.002 0.134 0.001 -0.0015 0.1345 0.002 -0.001 0.134 0 -0.0025 0.134 0.001 0.002 0.1345 0 0.002 0.1345 0.013 -0.021 0.0805 0.012 -0.021 0.103 0.012 -0.021 0.0805 0.013 -0.021 0.103 0.0135 -0.0205 0.0805 0.0135 -0.0205 0.103 0.021 -0.013 0.103 0.021 -0.012 0.0805 0.021 -0.012 0.103 0.0205 -0.0135 0.103 0.021 -0.013 0.0805 0.0205 -0.0135 0.0805 -0.021 -0.012 0.103 -0.021 -0.013 0.0805 -0.021 -0.013 0.103 -0.0205 -0.0135 0.0805 -0.0205 -0.0135 0.103 -0.021 -0.012 0.0805 -0.013 -0.021 0.0805 -0.0135 -0.0205 0.103 -0.0135 -0.0205 0.0805 -0.013 -0.021 0.103 -0.012 -0.021 0.0805 -0.012 -0.021 0.103 -0.021 0.013 0.0805 -0.0205 0.0135 0.103 -0.0205 0.0135 0.0805 -0.021 0.012 0.0805 -0.021 0.013 0.103 -0.021 0.012 0.103 -0.013 0.021 0.103 -0.0135 0.0205 0.0805 -0.0135 0.0205 0.103 -0.012 0.021 0.103 -0.013 0.021 0.0805 -0.012 0.021 0.0805 0.021 0.013 0.0805 0.021 0.012 0.103 0.021 0.012 0.0805 0.021 0.013 0.103 0.0205 0.0135 0.0805 0.0205 0.0135 0.103 0.0135 0.0205 0.103 0.013 0.021 0.0805 0.013 0.021 0.103 0.0135 0.0205 0.0805 0.012 0.021 0.0805 0.012 0.021 0.103 0.008 -0.024 0.0715 0.008 -0.0245 0.074 0.008 -0.0245 0.0715 0.008 -0.024 0.074 0.0075 -0.025 0.0715 0.007 -0.025 0.074 0.007 -0.025 0.0715 0.0075 -0.025 0.074 -0.0075 -0.025 0.074 -0.007 -0.025 0.0715 -0.007 -0.025 0.074 -0.008 -0.0245 0.074 -0.0075 -0.025 0.0715 -0.008 -0.024 0.074 -0.008 -0.0245 0.0715 -0.008 -0.024 0.0715 0.0065 -0.025 0.074 -0.0065 -0.025 0.075 -0.0065 -0.025 0.074 0.0065 -0.025 0.075 0.0065 -0.021 0.074 -0.0065 -0.025 0.074 -0.0065 -0.021 0.074 0.0065 -0.025 0.074 -0.0065 -0.025 0.075 -0.0065 -0.021 0.074 -0.0065 -0.025 0.074 -0.0065 -0.021 0.075 0.0065 -0.025 0.074 0.0065 -0.021 0.075 0.0065 -0.025 0.075 0.0065 -0.021 0.074 0.006 -0.027 0.078 0.005 -0.027 0.0775 0.006 -0.027 0.0775 0.005 -0.027 0.078 0.006 -0.0235 0.078 0.006 -0.027 0.0775 0.006 -0.0235 0.0775 0.006 -0.027 0.078 0.006 -0.0235 0.0775 0.005 -0.027 0.0775 0.005 -0.0235 0.0775 0.006 -0.027 0.0775 0.005 -0.0235 0.0775 0.005 -0.027 0.078 0.005 -0.0235 0.078 0.005 -0.027 0.0775 0.006 -0.027 0.078 0.005 -0.0235 0.078 0.005 -0.027 0.078 0.006 -0.0235 0.078 0.004 -0.027 0.078 0.0035 -0.027 0.0775 0.004 -0.027 0.0775 0.0035 -0.027 0.078 0.004 -0.027 0.0775 0.004 -0.0235 0.078 0.004 -0.027 0.078 0.004 -0.0235 0.0775 0.004 -0.0235 0.0775 0.0035 -0.027 0.0775 0.0035 -0.0235 0.0775 0.004 -0.027 0.0775 0.0035 -0.0235 0.0775 0.0035 -0.027 0.078 0.0035 -0.0235 0.078 0.0035 -0.027 0.0775 0.0035 -0.0235 0.078 0.004 -0.027 0.078 0.004 -0.0235 0.078 0.0035 -0.027 0.078 0.001 -0.027 0.0775 0.002 -0.027 0.078 0.001 -0.027 0.078 0.002 -0.027 0.0775 0.002 -0.027 0.0775 0.002 -0.0235 0.078 0.002 -0.027 0.078 0.002 -0.0235 0.0775 0.002 -0.0235 0.0775 0.001 -0.027 0.0775 0.001 -0.0235 0.0775 0.002 -0.027 0.0775 0.001 -0.0235 0.0775 0.001 -0.027 0.078 0.001 -0.0235 0.078 0.001 -0.027 0.0775 0.001 -0.0235 0.078 0.002 -0.027 0.078 0.002 -0.0235 0.078 0.001 -0.027 0.078 -0.001 -0.027 0.0775 0 -0.027 0.078 -0.001 -0.027 0.078 0 -0.027 0.0775 0 -0.027 0.0775 0 -0.0235 0.078 0 -0.027 0.078 0 -0.0235 0.0775 0 -0.0235 0.0775 -0.001 -0.027 0.0775 -0.001 -0.0235 0.0775 0 -0.027 0.0775 -0.001 -0.0235 0.0775 -0.001 -0.027 0.078 -0.001 -0.0235 0.078 -0.001 -0.027 0.0775 -0.001 -0.0235 0.078 0 -0.027 0.078 0 -0.0235 0.078 -0.001 -0.027 0.078 -0.002 -0.027 0.078 -0.0025 -0.027 0.0775 -0.002 -0.027 0.0775 -0.0025 -0.027 0.078 -0.002 -0.027 0.0775 -0.002 -0.0235 0.078 -0.002 -0.027 0.078 -0.002 -0.0235 0.0775 -0.002 -0.0235 0.0775 -0.0025 -0.027 0.0775 -0.0025 -0.0235 0.0775 -0.002 -0.027 0.0775 -0.0025 -0.0235 0.0775 -0.0025 -0.027 0.078 -0.0025 -0.0235 0.078 -0.0025 -0.027 0.0775 -0.002 -0.027 0.078 -0.0025 -0.0235 0.078 -0.0025 -0.027 0.078 -0.002 -0.0235 0.078 -0.0045 -0.027 0.078 -0.004 -0.027 0.0775 -0.004 -0.027 0.078 -0.0045 -0.027 0.0775 -0.004 -0.027 0.078 -0.0045 -0.0235 0.078 -0.0045 -0.027 0.078 -0.004 -0.0235 0.078 -0.004 -0.027 0.0775 -0.004 -0.0235 0.078 -0.004 -0.027 0.078 -0.004 -0.0235 0.0775 -0.004 -0.0235 0.0775 -0.0045 -0.027 0.0775 -0.0045 -0.0235 0.0775 -0.004 -0.027 0.0775 -0.0045 -0.0235 0.0775 -0.0045 -0.027 0.078 -0.0045 -0.0235 0.078 -0.0045 -0.027 0.0775 0.0035 -0.027 0.0805 0.007 -0.027 0.0795 0.0075 -0.027 0.0805 0.0035 -0.027 0.0795 0.0075 -0.027 0.075 0.007 -0.027 0.0755 -0.0075 -0.027 0.075 -0.007 -0.027 0.0755 -0.007 -0.027 0.0795 -0.0075 -0.027 0.0805 -0.0035 -0.027 0.0805 -0.0035 -0.027 0.0795 0.0075 -0.027 0.075 0.0075 -0.021 0.0805 0.0075 -0.027 0.0805 0.0075 -0.021 0.075 -0.0075 -0.027 0.0805 -0.0075 -0.021 0.075 -0.0075 -0.027 0.075 -0.0075 -0.021 0.0805 -0.0075 -0.021 0.0805 0.0005 -0.0235 0.0805 0.0075 -0.021 0.0805 -0.0015 -0.0235 0.0805 0.0075 -0.027 0.0805 0.0035 -0.0235 0.0805 0.0035 -0.027 0.0805 -0.0075 -0.027 0.0805 -0.0035 -0.0235 0.0805 0.0025 -0.0235 0.0805 -0.0035 -0.027 0.0805 -0.007 -0.025 0.074 0.008 -0.024 0.074 -0.008 -0.024 0.074 0.008 -0.021 0.074 -0.008 -0.021 0.074 0.0075 -0.025 0.074 0.008 -0.0245 0.074 0.007 -0.025 0.074 -0.0075 -0.025 0.074 -0.008 -0.0245 0.074 0.008 -0.021 0.0715 0.008 -0.024 0.074 0.008 -0.024 0.0715 0.008 -0.021 0.074 0.007 -0.025 0.0715 -0.007 -0.025 0.074 -0.007 -0.025 0.0715 0.007 -0.025 0.074 -0.008 -0.024 0.0715 -0.008 -0.021 0.074 -0.008 -0.021 0.0715 -0.008 -0.024 0.074 -0.0155 0.0185 0.073 -0.0145 0.0165 0.073 -0.0155 0.017 0.073 -0.013 0.017 0.073 -0.014 0.018 0.073 -0.018 0.014 0.073 -0.016 0.014 0.073 -0.017 0.013 0.073 -0.016 0.0165 0.073 -0.017 0.018 0.073 -0.014 0.013 0.073 -0.0155 0.014 0.073 -0.0145 0.014 0.073 -0.0165 0.016 0.073 -0.018 0.017 0.073 -0.0155 0.0125 0.073 -0.014 0.0145 0.073 -0.013 0.014 0.073 -0.0185 0.0155 0.073 -0.0165 0.0145 0.073 -0.014 0.016 0.073 -0.0125 0.0155 0.073 -0.014 0.0155 0.073 -0.017 0.0155 0.073 -0.014 0.013 0.0715 -0.0155 0.0125 0.073 -0.014 0.013 0.073 -0.013 0.014 0.0715 -0.013 0.014 0.073 -0.0125 0.0155 0.0715 -0.0125 0.0155 0.073 -0.013 0.017 0.0715 -0.013 0.017 0.073 -0.014 0.018 0.0715 -0.014 0.018 0.073 -0.0155 0.0185 0.0715 -0.0155 0.0185 0.073 -0.0155 0.0125 0.0715 0.0155 0.0185 0.073 0.016 0.0165 0.073 0.0155 0.017 0.073 0.017 0.013 0.073 0.0165 0.0145 0.073 0.018 0.014 0.073 0.0145 0.0165 0.073 0.014 0.018 0.073 0.0185 0.0155 0.073 0.0165 0.016 0.073 0.018 0.017 0.073 0.014 0.016 0.073 0.013 0.017 0.073 0.017 0.0155 0.073 0.017 0.018 0.073 0.0125 0.0155 0.073 0.014 0.0145 0.073 0.013 0.014 0.073 0.014 0.0155 0.073 0.0145 0.014 0.073 0.014 0.013 0.073 0.016 0.014 0.073 0.0155 0.0125 0.073 0.0155 0.014 0.073 0.018 0.014 0.0715 0.017 0.013 0.073 0.018 0.014 0.073 0.0155 0.0125 0.073 0.017 0.013 0.0715 0.0155 0.0125 0.0715 0.0185 0.0155 0.073 0.018 0.017 0.0715 0.0185 0.0155 0.0715 0.018 0.017 0.073 0.017 0.018 0.0715 0.017 0.018 0.073 0.0155 0.0185 0.0715 0.0155 0.0185 0.073 0.0155 -0.0125 0.073 0.016 -0.014 0.073 0.0155 -0.014 0.073 0.013 -0.017 0.073 0.0145 -0.0165 0.073 0.014 -0.018 0.073 0.014 -0.013 0.073 0.014 -0.0145 0.073 0.013 -0.014 0.073 0.0155 -0.0185 0.073 0.016 -0.0165 0.073 0.017 -0.018 0.073 0.0145 -0.014 0.073 0.0125 -0.0155 0.073 0.014 -0.016 0.073 0.0155 -0.017 0.073 0.018 -0.017 0.073 0.0165 -0.016 0.073 0.014 -0.0155 0.073 0.0185 -0.0155 0.073 0.0165 -0.0145 0.073 0.018 -0.014 0.073 0.017 -0.0155 0.073 0.017 -0.013 0.073 0.017 -0.018 0.073 0.018 -0.017 0.0715 0.017 -0.018 0.0715 0.018 -0.017 0.073 0.0185 -0.0155 0.0715 0.0185 -0.0155 0.073 0.018 -0.014 0.0715 0.0155 -0.0185 0.073 0.0155 -0.0185 0.0715 0.018 -0.014 0.073 0.017 -0.013 0.0715 0.017 -0.013 0.073 0.0155 -0.0125 0.0715 0.0155 -0.0125 0.073 -0.0145 -0.0165 0.073 -0.0155 -0.0185 0.073 -0.0155 -0.017 0.073 -0.013 -0.017 0.073 -0.014 -0.018 0.073 -0.0125 -0.0155 0.073 -0.014 -0.016 0.073 -0.014 -0.0155 0.073 -0.0145 -0.014 0.073 -0.013 -0.014 0.073 -0.014 -0.0145 0.073 -0.0155 -0.014 0.073 -0.014 -0.013 0.073 -0.016 -0.0165 0.073 -0.018 -0.017 0.073 -0.0165 -0.016 0.073 -0.017 -0.018 0.073 -0.0185 -0.0155 0.073 -0.017 -0.0155 0.073 -0.0165 -0.0145 0.073 -0.018 -0.014 0.073 -0.017 -0.013 0.073 -0.016 -0.014 0.073 -0.0155 -0.0125 0.073 -0.014 -0.018 0.0715 -0.0155 -0.0185 0.073 -0.014 -0.018 0.073 -0.013 -0.017 0.0715 -0.013 -0.017 0.073 -0.0125 -0.0155 0.0715 -0.0125 -0.0155 0.073 -0.013 -0.014 0.0715 -0.013 -0.014 0.073 -0.014 -0.013 0.0715 -0.014 -0.013 0.073 -0.0155 -0.0125 0.0715 -0.0155 -0.0125 0.073 -0.0155 -0.0185 0.0715 0.016 -0.014 0.111 0.0155 -0.014 0.073 0.016 -0.014 0.073 0.017 -0.0155 0.111 0.0165 -0.0145 0.073 0.017 -0.0155 0.073 0.0165 -0.016 0.111 0.0165 -0.016 0.073 0.016 -0.0165 0.111 0.016 -0.0165 0.073 0.0155 -0.017 0.111 0.0155 -0.017 0.073 0.0165 -0.0145 0.111 0.0155 -0.014 0.111 -0.014 0.0155 0.111 -0.014 0.016 0.073 -0.014 0.0155 0.073 -0.014 0.016 0.111 -0.0145 0.0165 0.073 -0.014 0.0145 0.111 -0.014 0.0145 0.073 -0.0145 0.014 0.111 -0.0145 0.014 0.073 -0.0155 0.014 0.111 -0.0155 0.014 0.073 -0.0145 0.0165 0.111 -0.0155 0.017 0.073 -0.0155 0.017 0.111 -0.0025 0.0015 0.079 0 0.003 0.079 -0.0015 0.0025 0.079 0.0025 -0.0015 0.079 0 -0.003 0.079 0.0015 -0.0025 0.079 -0.003 0 0.079 0.0015 0.0025 0.079 -0.0025 -0.0015 0.079 -0.0015 -0.0025 0.079 0.0025 0.0015 0.079 0.003 0 0.079 0.003 0 0.079 0.0025 -0.0015 0.109 0.003 0 0.109 0.0025 -0.0015 0.079 0.0015 -0.0025 0.109 0.0025 0.0015 0.079 0.0025 0.0015 0.109 0.0015 0.0025 0.079 0.0015 0.0025 0.109 0 0.003 0.079 0 0.003 0.109 0 -0.003 0.109 0.0015 -0.0025 0.079 0 -0.003 0.079 0.003 0 0.109 0.003 -0.002 0.109 0.0035 0 0.109 -0.002 -0.003 0.109 -0.0025 -0.0015 0.109 -0.003 -0.002 0.109 0 -0.0035 0.109 -0.0015 -0.0025 0.109 -0.002 0.003 0.109 -0.0025 0.0015 0.109 -0.0015 0.0025 0.109 0 -0.003 0.109 0.0015 -0.0025 0.109 0.0025 -0.0015 0.109 0.003 0.002 0.109 0.0025 0.0015 0.109 0.002 0.003 0.109 0.0015 0.0025 0.109 0 0.0035 0.109 0 0.003 0.109 -0.003 0.002 0.109 -0.003 0 0.109 -0.0035 0 0.109 0.002 -0.003 0.109 0.003 -0.002 0.109 0.002 -0.003 0.113 0.003 -0.002 0.113 0.0035 0 0.109 0.0035 0 0.113 0.003 0.002 0.109 0.003 0.002 0.113 0.002 0.003 0.109 0.002 0.003 0.113 0 0.0035 0.109 0 0.0035 0.113 0 -0.0035 0.113 0.002 -0.003 0.109 0 -0.0035 0.109 -0.003 0.002 0.113 -0.011 0 0.113 -0.0035 0 0.113 -0.0095 -0.0055 0.113 -0.003 -0.002 0.113 0.0055 0.0095 0.113 0.003 0.002 0.113 0.0095 0.0055 0.113 0 0.0035 0.113 -0.0055 0.0095 0.113 -0.002 0.003 0.113 -0.0095 0.0055 0.113 0.0035 0 0.113 0.0055 -0.0095 0.113 0 -0.0035 0.113 0 -0.011 0.113 0.011 0 0.113 0.003 -0.002 0.113 0.0095 -0.0055 0.113 0.002 -0.003 0.113 -0.0055 -0.0095 0.113 0 0.011 0.113 0.002 0.003 0.113 -0.002 -0.003 0.113 -0.0055 -0.0095 0.1105 -0.0095 -0.0055 0.113 -0.0095 -0.0055 0.1105 0 -0.011 0.1105 -0.0055 -0.0095 0.113 -0.011 0 0.1105 -0.0095 0.0055 0.113 -0.0095 0.0055 0.1105 0 -0.011 0.113 -0.011 0 0.113 -0.0055 0.0095 0.113 0 0.011 0.113 -0.0055 0.0095 0.1105 0 0.011 0.1105 0.0055 -0.0095 0.1105 0.013 -0.0105 0.1105 0.0095 -0.0055 0.1105 0 -0.011 0.1105 0.007 -0.015 0.1105 -0.0165 -0.0035 0.1105 -0.011 0 0.1105 -0.0165 0.0035 0.1105 -0.0095 0.0055 0.1105 -0.0055 0.0095 0.1105 -0.013 0.0105 0.1105 0 0.011 0.1105 -0.007 0.015 0.1105 -0.0095 -0.0055 0.1105 -0.013 -0.0105 0.1105 0.0165 -0.0035 0.1105 0.011 0 0.1105 0.0165 0.0035 0.1105 0.0095 0.0055 0.1105 0.013 0.0105 0.1105 0 0.0165 0.1105 -0.0055 -0.0095 0.1105 0.0055 0.0095 0.1105 -0.007 -0.015 0.1105 0 -0.0165 0.1105 0.007 0.015 0.1105 0.0165 0.0035 0.1105 0.0165 0 0.111 0.0165 0.0035 0.111 0.013 -0.0105 0.111 0.0165 -0.0035 0.1105 0.013 -0.0105 0.1105 0.007 -0.015 0.111 0.007 -0.015 0.1105 0.013 0.0105 0.1105 0.013 0.0105 0.111 0.007 0.015 0.1105 0.007 0.015 0.111 0 -0.0165 0.111 0 -0.0165 0.1105 0.0165 -0.0035 0.111 0 0.0165 0.1105 0 0.0165 0.111 0.021 0.013 0.103 0.021 0.0165 0.103 0.0165 0.021 0.103 0.0135 0.0205 0.103 0.013 0.021 0.103 0.0205 0.0135 0.103 -0.021 0.0165 0.111 -0.0165 0.0145 0.111 -0.017 0.0155 0.111 0.021 0 0.111 0.0165 0.0035 0.111 0.0165 0 0.111 0.0165 -0.021 0.111 0.016 -0.0165 0.111 0.0155 -0.017 0.111 -0.0165 -0.021 0.111 -0.0145 -0.0165 0.111 -0.0155 -0.017 0.111 -0.0165 0.021 0.111 -0.0145 0.0165 0.111 0 0.021 0.111 -0.016 0.014 0.111 -0.0165 0.0035 0.111 -0.0155 0.014 0.111 -0.014 0.016 0.111 -0.021 0 0.111 -0.0165 0 0.111 -0.0165 0.016 0.111 -0.007 0.015 0.111 -0.014 0.0155 0.111 -0.014 0.0145 0.111 -0.016 0.0165 0.111 0 0.0165 0.111 -0.013 0.0105 0.111 -0.0145 0.014 0.111 -0.0155 0.017 0.111 0.021 0.0165 0.111 0.0165 0.0145 0.111 0.013 0.0105 0.111 0.014 0.0145 0.111 0.007 0.015 0.111 0.016 0.014 0.111 0.0155 0.014 0.111 0.014 0.016 0.111 0.014 0.0155 0.111 0.0145 0.014 0.111 0.0145 0.0165 0.111 0.0165 0.021 0.111 0.0155 0.017 0.111 0.016 0.0165 0.111 0.0165 0.016 0.111 0.017 0.0155 0.111 0.0145 -0.0165 0.111 0 -0.021 0.111 0.007 -0.015 0.111 0.014 -0.0155 0.111 0.014 -0.0145 0.111 0.014 -0.016 0.111 0.016 -0.014 0.111 0.0165 -0.0035 0.111 0.0155 -0.014 0.111 0 -0.0165 0.111 0.013 -0.0105 0.111 0.0145 -0.014 0.111 0.0165 -0.0145 0.111 0.021 -0.0165 0.111 0.017 -0.0155 0.111 0.0165 -0.016 0.111 -0.014 -0.016 0.111 -0.021 -0.0165 0.111 -0.0165 -0.0145 0.111 -0.016 -0.0165 0.111 -0.0165 -0.016 0.111 -0.013 -0.0105 0.111 -0.014 -0.0145 0.111 -0.007 -0.015 0.111 -0.0165 -0.0035 0.111 -0.016 -0.014 0.111 -0.0155 -0.014 0.111 -0.0145 -0.014 0.111 -0.014 -0.0155 0.111 -0.017 -0.0155 0.111 -0.0165 0.021 0.111 -0.021 0.0165 0.103 -0.021 0.0165 0.111 -0.0165 0.021 0.103 0.021 0.0165 0.111 0.0165 0.021 0.103 0.0165 0.021 0.111 0.021 0.0165 0.103 0.0165 -0.021 0.111 0.021 -0.0165 0.103 0.021 -0.0165 0.111 0.0165 -0.021 0.103 -0.0165 -0.021 0.103 -0.021 -0.0165 0.111 -0.021 -0.0165 0.103 -0.0165 -0.021 0.111 0.0205 -0.0135 0.103 0.0165 -0.021 0.103 0.0135 -0.0205 0.103 0.021 -0.0165 0.103 0.021 -0.013 0.103 0.013 -0.021 0.103 -0.021 -0.0165 0.103 -0.0135 -0.0205 0.103 -0.0165 -0.021 0.103 -0.021 -0.013 0.103 -0.0205 -0.0135 0.103 -0.013 -0.021 0.103 -0.021 0.0165 0.103 -0.021 0.013 0.103 -0.0205 0.0135 0.103 -0.013 0.021 0.103 -0.0165 0.021 0.103 -0.0135 0.0205 0.103 0.0205 0.0135 0.0805 0.0135 0.0205 0.103 0.0205 0.0135 0.103 0.0135 0.0205 0.0805 0.0135 -0.0205 0.103 0.0205 -0.0135 0.0805 0.0205 -0.0135 0.103 0.0135 -0.0205 0.0805 -0.0135 -0.0205 0.103 -0.0205 -0.0135 0.0805 -0.0135 -0.0205 0.0805 -0.0205 -0.0135 0.103 -0.0135 0.0205 0.103 -0.0205 0.0135 0.0805 -0.0205 0.0135 0.103 -0.0135 0.0205 0.0805 -0.014 0.018 0.0715 0.013 0.017 0.0715 -0.013 0.017 0.0715 0.014 0.013 0.0715 0.0155 -0.0125 0.0715 0.013 0.014 0.0715 0.021 -0.0165 0.0715 0.017 -0.018 0.0715 0.018 -0.017 0.0715 0.0165 0.021 0.0715 0.018 0.017 0.0715 0.017 0.018 0.0715 -0.008 -0.021 0.0715 -0.0125 -0.0155 0.0715 0.014 -0.013 0.0715 0.014 -0.018 0.0715 0.0165 -0.021 0.0715 0.008 -0.021 0.0715 -0.0155 -0.0125 0.0715 -0.017 0.013 0.0715 -0.0155 0.0125 0.0715 -0.0165 0.021 0.0715 0.017 -0.013 0.0715 0.0155 0.0125 0.0715 0.018 -0.014 0.0715 0.0185 -0.0155 0.0715 0.021 0.0165 0.0715 0.018 0.014 0.0715 0.0185 0.0155 0.0715 0.0075 -0.025 0.0715 0.008 -0.024 0.0715 0.008 -0.0245 0.0715 -0.008 -0.024 0.0715 0.007 -0.025 0.0715 -0.007 -0.025 0.0715 -0.0185 0.0155 0.0715 -0.017 -0.013 0.0715 -0.021 0.0165 0.0715 -0.018 -0.014 0.0715 -0.021 -0.0165 0.0715 -0.018 -0.017 0.0715 -0.0185 -0.0155 0.0715 0.0155 0.0185 0.0715 0.013 -0.014 0.0715 0.0125 -0.0155 0.0715 -0.017 0.018 0.0715 -0.0155 0.0185 0.0715 -0.013 -0.014 0.0715 -0.018 0.014 0.0715 -0.014 0.013 0.0715 0.017 0.013 0.0715 -0.014 -0.013 0.0715 -0.013 0.014 0.0715 0.0125 0.0155 0.0715 -0.018 0.017 0.0715 0.014 0.018 0.0715 -0.0125 0.0155 0.0715 0.0155 -0.0185 0.0715 -0.0075 -0.025 0.0715 -0.008 -0.0245 0.0715 -0.0165 -0.021 0.0715 -0.017 -0.018 0.0715 -0.0155 -0.0185 0.0715 0.013 -0.017 0.0715 -0.014 -0.018 0.0715 -0.013 -0.017 0.0715 -0.0205 -0.0135 0.0805 -0.0165 -0.021 0.0805 -0.0135 -0.0205 0.0805 -0.021 -0.0165 0.0805 -0.021 -0.013 0.0805 -0.013 -0.021 0.0805 0.021 -0.0165 0.0715 0.021 -0.012 0.0805 0.021 -0.0165 0.0805 0.021 -0.0165 0.111 0.021 -0.012 0.103 0.021 0 0.111 0.021 0.012 0.103 0.021 0.0165 0.111 0.021 0.012 0.0805 0.021 0.0165 0.0715 0.021 0.0165 0.0805 0.021 -0.0165 0.103 0.021 0.0165 0.103 0.0165 -0.021 0.0805 0.021 -0.0165 0.0715 0.021 -0.0165 0.0805 0.0165 -0.021 0.0715 -0.0165 -0.021 0.0715 -0.021 -0.0165 0.0805 -0.021 -0.0165 0.0715 -0.0165 -0.021 0.0805 -0.021 0.012 0.103 -0.021 -0.012 0.103 -0.021 0 0.111 -0.021 0.0165 0.0715 -0.021 0.012 0.0805 -0.021 0.0165 0.0805 -0.021 -0.0165 0.111 -0.021 -0.0165 0.103 -0.021 -0.0165 0.0715 -0.021 -0.012 0.0805 -0.021 -0.0165 0.0805 -0.021 0.0165 0.111 -0.021 0.0165 0.103 -0.021 0.0165 0.0715 -0.0165 0.021 0.0805 -0.0165 0.021 0.0715 -0.021 0.0165 0.0805 0.0165 0.021 0.0715 0.012 0.021 0.0805 0.0165 0.021 0.0805 0.012 0.021 0.103 -0.012 0.021 0.103 0 0.021 0.111 -0.012 0.021 0.0805 -0.0165 0.021 0.111 0.0165 0.021 0.111 0.0165 0.021 0.103 -0.0165 0.021 0.0715 -0.0165 0.021 0.0805 -0.0165 0.021 0.103 0.0165 0.021 0.0715 0.021 0.0165 0.0805 0.021 0.0165 0.0715 0.0165 0.021 0.0805 0.0165 -0.021 0.0805 0.013 -0.021 0.0805 0.021 -0.0165 0.0805 0.0135 -0.0205 0.0805 0.021 -0.013 0.0805 0.0205 -0.0135 0.0805 0.0135 0.0205 0.0805 0.021 0.0165 0.0805 0.0165 0.021 0.0805 0.013 0.021 0.0805 0.0205 0.0135 0.0805 0.021 0.013 0.0805 -0.0205 0.0135 0.0805 -0.021 0.0165 0.0805 -0.021 0.013 0.0805 -0.0135 0.0205 0.0805 -0.0165 0.021 0.0805 -0.013 0.021 0.0805 -0.014 -0.0145 0.073 -0.014 -0.0155 0.111 -0.014 -0.0145 0.111 -0.014 -0.0155 0.073 -0.014 -0.016 0.111 -0.014 -0.016 0.073 -0.0145 -0.0165 0.111 -0.0145 -0.0165 0.073 -0.0155 -0.017 0.111 -0.0145 -0.014 0.073 -0.0145 -0.014 0.111 -0.0155 -0.014 0.073 -0.0155 -0.017 0.073 -0.0155 -0.014 0.111 0.017 0.0155 0.111 0.0165 0.016 0.073 0.017 0.0155 0.073 0.0165 0.0145 0.111 0.0165 0.0145 0.073 0.016 0.014 0.111 0.016 0.014 0.073 0.0155 0.014 0.111 0.0155 0.014 0.073 0.0165 0.016 0.111 0.016 0.0165 0.073 0.016 0.0165 0.111 0.0155 0.017 0.073 0.0155 0.017 0.111 -0.0035 -0.027 0.0795 -0.0035 -0.0235 0.0805 -0.0035 -0.027 0.0805 -0.0035 -0.0235 0.0795 -0.0035 -0.0235 0.0795 -0.007 -0.027 0.0795 -0.007 -0.0235 0.0795 -0.0035 -0.027 0.0795 -0.007 -0.027 0.0755 -0.007 -0.0235 0.0795 -0.007 -0.027 0.0795 -0.007 -0.0235 0.0755 -0.007 -0.027 0.0755 0.0005 -0.0235 0.0755 -0.0015 -0.0235 0.0755 -0.0035 -0.0235 0.0755 -0.007 -0.0235 0.0755 0.0065 -0.0235 0.0755 0.007 -0.027 0.0755 0.007 -0.0235 0.0755 0.0045 -0.0235 0.0755 0.0025 -0.0235 0.0755 0.007 -0.027 0.0755 0.007 -0.0235 0.0795 0.007 -0.0235 0.0755 0.007 -0.027 0.0795 0.0045 -0.0235 0.0795 0.0035 -0.027 0.0795 0.0035 -0.0235 0.0795 0.007 -0.027 0.0795 0.0065 -0.0235 0.0795 0.007 -0.0235 0.0795 0.0035 -0.0235 0.0805 0.0035 -0.027 0.0795 0.0035 -0.027 0.0805 0.0035 -0.0235 0.0795 -0.0035 -0.0235 0.0795 -0.007 -0.0235 0.0795 -0.0015 -0.0235 0.0805 -0.0015 -0.0235 0.0795 -0.0035 -0.0235 0.0805 0.007 -0.0235 0.0755 0.0065 -0.0235 0.0795 0.0065 -0.0235 0.0755 0.0045 -0.0235 0.0795 0.005 -0.0235 0.0775 0.005 -0.0235 0.078 0.007 -0.0235 0.0795 0.0035 -0.0235 0.0795 0.0025 -0.0235 0.0805 0.0025 -0.0235 0.0795 0.006 -0.0235 0.078 0.004 -0.0235 0.078 -0.0025 -0.0235 0.078 -0.002 -0.0235 0.0775 -0.002 -0.0235 0.078 0.006 -0.0235 0.0775 -0.0045 -0.0235 0.078 -0.0045 -0.0235 0.0775 -0.007 -0.0235 0.0755 -0.0035 -0.0235 0.0755 -0.004 -0.0235 0.0775 -0.0015 -0.0235 0.0755 -0.0025 -0.0235 0.0775 0.0035 -0.0235 0.0805 -0.004 -0.0235 0.078 0.0005 -0.0235 0.0795 0.0005 -0.0235 0.0805 -0.001 -0.0235 0.078 0 -0.0235 0.078 -0.001 -0.0235 0.0775 0 -0.0235 0.0775 0.0005 -0.0235 0.0755 0.001 -0.0235 0.0775 0.002 -0.0235 0.0775 0.0025 -0.0235 0.0755 0.002 -0.0235 0.078 0.001 -0.0235 0.078 0.0035 -0.0235 0.0775 0.004 -0.0235 0.0775 0.0045 -0.0235 0.0755 0.0035 -0.0235 0.078 0.0065 -0.025 0.075 0.0075 -0.021 0.075 0.0075 -0.027 0.075 -0.0065 -0.025 0.075 -0.0075 -0.021 0.075 -0.0065 -0.021 0.075 -0.0075 -0.027 0.075 0.0065 -0.021 0.075 0 -0.021 0.111 0.0075 -0.021 0.0805 0.012 -0.021 0.103 -0.012 -0.021 0.103 -0.0165 -0.021 0.111 -0.0165 -0.021 0.103 0.008 -0.021 0.074 0.0165 -0.021 0.0715 0.0165 -0.021 0.0805 -0.008 -0.021 0.074 -0.012 -0.021 0.0805 -0.0165 -0.021 0.0805 0.0065 -0.021 0.074 -0.0065 -0.021 0.074 0.0165 -0.021 0.111 0.012 -0.021 0.0805 0.0075 -0.021 0.075 -0.0165 -0.021 0.0715 -0.008 -0.021 0.0715 -0.0075 -0.021 0.075 -0.0065 -0.021 0.075 0.0165 -0.021 0.103 0.0065 -0.021 0.075 -0.0075 -0.021 0.0805 0.008 -0.021 0.0715 0.0145 0.0165 0.111 0.014 0.016 0.073 0.0145 0.0165 0.073 0.0155 0.017 0.111 0.0155 0.017 0.073 0.0145 0.014 0.111 0.0155 0.014 0.073 0.0145 0.014 0.073 0.014 0.0145 0.111 0.014 0.0145 0.073 0.014 0.016 0.111 0.014 0.0155 0.073 0.014 0.0155 0.111 0.0155 0.014 0.111 -0.016 -0.0165 0.111 -0.0155 -0.017 0.073 -0.016 -0.0165 0.073 -0.0165 -0.016 0.111 -0.0165 -0.016 0.073 -0.017 -0.0155 0.111 -0.017 -0.0155 0.073 -0.0165 -0.0145 0.111 -0.0165 -0.0145 0.073 -0.016 -0.014 0.111 -0.016 -0.014 0.073 -0.0155 -0.014 0.111 -0.0155 -0.014 0.073 -0.0155 -0.017 0.111 -0.007 0.015 0.1105 0 0.0165 0.111 -0.007 0.015 0.111 0 0.0165 0.1105 -0.013 0.0105 0.1105 -0.013 0.0105 0.111 -0.007 -0.015 0.1105 -0.013 -0.0105 0.111 -0.007 -0.015 0.111 0 -0.0165 0.1105 0 -0.0165 0.111 -0.0165 0 0.111 -0.0165 0.0035 0.1105 -0.0165 0.0035 0.111 -0.0165 -0.0035 0.1105 -0.013 -0.0105 0.1105 -0.0165 -0.0035 0.111 0.0095 -0.0055 0.113 0.011 0 0.1105 0.011 0 0.113 0.0095 0.0055 0.1105 0.0095 0.0055 0.113 0.0055 0.0095 0.1105 0.0055 0.0095 0.113 0 0.011 0.1105 0 0.011 0.113 0.0055 -0.0095 0.113 0.0095 -0.0055 0.1105 0.0055 -0.0095 0.1105 0 -0.011 0.113 0 -0.011 0.1105 -0.002 0.003 0.109 0 0.0035 0.113 -0.002 0.003 0.113 -0.0035 0 0.109 -0.003 0.002 0.113 -0.0035 0 0.113 -0.003 0.002 0.109 0 0.0035 0.109 -0.003 -0.002 0.109 -0.003 -0.002 0.113 -0.002 -0.003 0.109 -0.002 -0.003 0.113 0 -0.0035 0.109 0 -0.0035 0.113 -0.003 0 0.109 -0.0025 -0.0015 0.079 -0.003 0 0.079 -0.0025 -0.0015 0.109 -0.0015 -0.0025 0.079 -0.0015 -0.0025 0.109 0 -0.003 0.079 -0.0015 0.0025 0.109 -0.0025 0.0015 0.079 -0.0015 0.0025 0.079 -0.0025 0.0015 0.109 0 -0.003 0.109 0 0.003 0.109 0 0.003 0.079 -0.0155 0.014 0.073 -0.016 0.014 0.111 -0.0155 0.014 0.111 -0.016 0.014 0.073 -0.0165 0.0145 0.111 -0.0165 0.0145 0.073 -0.017 0.0155 0.111 -0.017 0.0155 0.073 -0.0165 0.016 0.111 -0.0165 0.016 0.073 -0.016 0.0165 0.111 -0.016 0.0165 0.073 -0.0155 0.017 0.111 -0.0155 0.017 0.073 0.0155 -0.017 0.073 0.0145 -0.0165 0.111 0.0155 -0.017 0.111 0.014 -0.016 0.111 0.0145 -0.0165 0.073 0.014 -0.016 0.073 0.014 -0.0145 0.111 0.014 -0.0155 0.073 0.014 -0.0145 0.073 0.0145 -0.014 0.111 0.0145 -0.014 0.073 0.014 -0.0155 0.111 0.0155 -0.014 0.111 0.0155 -0.014 0.073 -0.0185 -0.0155 0.073 -0.018 -0.017 0.0715 -0.0185 -0.0155 0.0715 -0.0155 -0.0185 0.0715 -0.017 -0.018 0.073 -0.0155 -0.0185 0.073 -0.017 -0.018 0.0715 -0.018 -0.014 0.073 -0.018 -0.017 0.073 -0.018 -0.014 0.0715 -0.0155 -0.0125 0.073 -0.017 -0.013 0.0715 -0.0155 -0.0125 0.0715 -0.017 -0.013 0.073 0.0155 -0.0185 0.0715 0.014 -0.018 0.073 0.0155 -0.0185 0.073 0.014 -0.013 0.0715 0.0155 -0.0125 0.073 0.014 -0.013 0.073 0.013 -0.014 0.0715 0.013 -0.014 0.073 0.0125 -0.0155 0.0715 0.0125 -0.0155 0.073 0.0155 -0.0125 0.0715 0.013 -0.017 0.0715 0.013 -0.017 0.073 0.014 -0.018 0.0715 0.014 0.013 0.0715 0.013 0.014 0.073 0.014 0.013 0.073 0.013 0.014 0.0715 0.0125 0.0155 0.073 0.0125 0.0155 0.0715 0.013 0.017 0.073 0.0155 0.0125 0.0715 0.0155 0.0125 0.073 0.014 0.018 0.0715 0.0155 0.0185 0.073 0.014 0.018 0.073 0.013 0.017 0.0715 0.0155 0.0185 0.0715 -0.017 0.018 0.073 -0.018 0.017 0.0715 -0.017 0.018 0.0715 -0.0155 0.0185 0.073 -0.0155 0.0185 0.0715 -0.018 0.017 0.073 -0.0185 0.0155 0.0715 -0.0185 0.0155 0.073 -0.018 0.014 0.0715 -0.018 0.014 0.073 -0.017 0.013 0.0715 -0.017 0.013 0.073 -0.0155 0.0125 0.0715 -0.0155 0.0125 0.073 0.0135 -0.048 0.115 0.0165 -0.047 0.09 0.026 -0.0425 0.115 0.0135 -0.048 0.06 0.0165 -0.047 0.075 0.0135 -0.048 0.075 0.0135 -0.048 0.09 0.009 -0.049 0.1 0.009 -0.049 0.09 0 -0.05 0.115 -0.009 -0.049 0.1 0 -0.05 0.1 -0.0165 -0.047 0.09 -0.0185 -0.0465 0.115 -0.026 -0.0425 0.115 -0.0135 -0.048 0.075 0 -0.05 0.06 0 -0.05 0.075 -0.0365 -0.034 0.115 -0.026 -0.0425 0.06 -0.0445 -0.023 0.115 -0.0365 -0.034 0.06 -0.049 -0.01 0.115 -0.0445 -0.023 0.06 -0.05 0.0035 0.115 -0.049 -0.01 0.06 -0.047 0.0165 0.115 -0.05 0.0035 0.06 -0.041 0.029 0.115 -0.047 0.0165 0.06 -0.0315 0.039 0.115 -0.041 0.029 0.06 -0.02 0.046 0.115 -0.0315 0.039 0.06 -0.007 0.0495 0.115 -0.02 0.046 0.06 0 0.05 0.06 -0.007 0.0495 0.06 0.02 0.046 0.115 0.007 0.0495 0.06 0.007 0.0495 0.115 0.0315 0.039 0.115 0.02 0.046 0.06 0.041 0.029 0.115 0.0315 0.039 0.06 0.047 0.0165 0.06 0.0465 0.0185 0.115 0.047 0.0165 0.115 0.05 0.0035 0.115 0.049 -0.01 0.115 0.05 0.0035 0.06 0.0445 -0.023 0.115 0.049 -0.01 0.06 0.0365 -0.034 0.115 0.0445 -0.023 0.06 0.0365 -0.034 0.06 0.041 0.029 0.06 0.026 -0.0425 0.06 -0.0135 -0.048 0.06 -0.0135 -0.048 0.115 -0.0135 -0.048 0.09 -0.0165 -0.047 0.075 -0.009 -0.049 0.09 0.049 -0.01 0.115 0.0415 0 0.115 0.0415 -0.001 0.115 -0.0315 0.039 0.115 -0.026 0.0235 0.115 -0.0185 0.0295 0.115 -0.04 -0.0015 0.115 -0.0295 -0.019 0.115 -0.039 -0.0015 0.115 0.0445 -0.023 0.115 0.041 -0.0015 0.115 0.04 -0.0015 0.115 0 -0.05 0.115 -0.001 -0.0415 0.115 -0.0135 -0.048 0.115 0 -0.0415 0.115 0 -0.035 0.115 0.001 -0.0385 0.115 0.0115 -0.033 0.115 -0.0185 -0.0295 0.115 -0.0015 -0.04 0.115 -0.0015 -0.039 0.115 0.035 0.003 0.115 0.0385 0 0.115 0.0385 0.001 0.115 0.0365 -0.034 0.115 -0.0015 -0.041 0.115 -0.0115 -0.033 0.115 0.001 -0.0415 0.115 0.047 0.0165 0.115 0.0415 0.001 0.115 0.05 0.0035 0.115 -0.0185 -0.0465 0.115 -0.001 -0.0385 0.115 0 -0.0385 0.115 0.0135 -0.048 0.115 0.0015 -0.041 0.115 0.039 -0.0015 0.115 0.034 -0.0085 0.115 0.0295 -0.019 0.115 0.04 0.0015 0.115 0.0465 0.0185 0.115 0.0015 -0.04 0.115 0.026 -0.0425 0.115 0.0385 -0.001 0.115 0.032 0.014 0.115 0.041 0.0015 0.115 0.0215 -0.0275 0.115 0.0315 0.039 0.115 0.0015 0.039 0.115 0.041 0.029 0.115 0.02 0.046 0.115 0.0015 0.04 0.115 0.0015 0.041 0.115 0.007 0.0495 0.115 0.001 0.0415 0.115 -0.0015 0.04 0.115 -0.0165 0.031 0.115 -0.0015 0.039 0.115 0 0.0415 0.115 -0.007 0.0495 0.115 -0.001 0.0415 0.115 -0.02 0.046 0.115 -0.006 0.0345 0.115 -0.0015 0.041 0.115 -0.001 0.0385 0.115 0.026 0.0235 0.115 0.0165 0.031 0.115 0 0.0385 0.115 0.006 0.0345 0.115 0.001 0.0385 0.115 0.0295 0.0185 0.115 -0.041 0.029 0.115 -0.032 0.014 0.115 -0.04 0.0015 0.115 -0.039 0.0015 0.115 -0.047 0.0165 0.115 -0.0415 0.001 0.115 -0.05 0.0035 0.115 -0.0385 0 0.115 -0.034 -0.0085 0.115 -0.035 0.003 0.115 -0.041 0.0015 0.115 -0.0415 0 0.115 -0.049 -0.01 0.115 -0.0415 -0.001 0.115 -0.0215 -0.0275 0.115 -0.0365 -0.034 0.115 -0.026 -0.0425 0.115 -0.0385 -0.001 0.115 -0.0385 0.001 0.115 -0.041 -0.0015 0.115 -0.0445 -0.023 0.115 0.0015 -0.039 0.115 0.039 0.0015 0.115 0 -0.035 0.115 0.009 -0.034 0.1 0 -0.035 0.1 0.0115 -0.033 0.115 0.0165 -0.031 0.09 0.0115 -0.033 0.09 0 -0.035 0.075 0.0115 -0.033 0.065 0 -0.035 0.065 0.0295 -0.019 0.065 0.0215 -0.0275 0.115 0.0295 -0.019 0.115 -0.0115 -0.033 0.075 -0.0115 -0.033 0.065 0.0215 -0.0275 0.065 0.034 -0.0085 0.065 0.034 -0.0085 0.115 0.035 0.003 0.065 0.035 0.003 0.115 0.032 0.014 0.065 0.026 0.0235 0.065 0.0295 0.0185 0.115 0.026 0.0235 0.115 0.0165 0.031 0.065 0.0165 0.031 0.115 0.006 0.0345 0.065 0.006 0.0345 0.115 -0.006 0.0345 0.065 -0.006 0.0345 0.115 -0.0165 0.031 0.065 -0.026 0.0235 0.065 -0.0185 0.0295 0.115 -0.026 0.0235 0.115 -0.032 0.014 0.065 -0.032 0.014 0.115 -0.035 0.003 0.065 -0.035 0.003 0.115 -0.034 -0.0085 0.065 -0.034 -0.0085 0.115 -0.0295 -0.019 0.065 -0.0295 -0.019 0.115 -0.0215 -0.0275 0.065 0.032 0.014 0.115 -0.0165 0.031 0.115 -0.0215 -0.0275 0.115 0.0115 -0.033 0.075 0.0165 -0.031 0.075 0.009 -0.034 0.09 -0.009 -0.034 0.1 -0.0115 -0.033 0.09 -0.0115 -0.033 0.115 -0.009 -0.034 0.09 -0.0165 -0.031 0.075 -0.0165 -0.031 0.09 -0.0185 -0.0295 0.115 0.0415 0.001 0.105 0.0415 0 0.115 0.0415 0.001 0.115 0.0385 -0.001 0.115 0.039 -0.0015 0.105 0.0385 -0.001 0.105 0.0385 0 0.115 0.0385 0 0.105 0.0385 0.001 0.115 0.0385 0.001 0.105 0.039 0.0015 0.115 0.039 0.0015 0.105 0.04 0.0015 0.115 0.04 0.0015 0.105 0.041 0.0015 0.115 0.041 0.0015 0.105 0.0415 0 0.105 0.0415 -0.001 0.115 0.0415 -0.001 0.105 0.04 -0.0015 0.105 0.039 -0.0015 0.115 0.04 -0.0015 0.115 0.041 -0.0015 0.115 0.041 -0.0015 0.105 0.04 0 0.105 0.04 -0.0015 0.105 0.041 -0.0015 0.105 0.039 -0.0015 0.105 0.0385 0 0.105 0.0385 -0.001 0.105 0.0385 0.001 0.105 0.039 0.0015 0.105 0.04 0.0015 0.105 0.041 0.0015 0.105 0.0415 0.001 0.105 0.0415 0 0.105 0.0415 -0.001 0.105 0.001 0.0385 0.105 0 0.0385 0.115 0.001 0.0385 0.115 0 0.0385 0.105 0.0015 0.039 0.105 0.0015 0.039 0.115 0.0015 0.04 0.105 0.0015 0.04 0.115 0.0015 0.041 0.105 0.001 0.0415 0.115 0 0.0415 0.105 0.001 0.0415 0.105 0 0.0415 0.115 -0.001 0.0415 0.105 -0.0015 0.041 0.115 -0.0015 0.04 0.105 -0.0015 0.041 0.105 -0.0015 0.04 0.115 -0.0015 0.039 0.105 -0.0015 0.039 0.115 -0.001 0.0385 0.105 -0.001 0.0385 0.115 0.0015 0.041 0.115 -0.001 0.0415 0.115 0 0.04 0.105 0 0.0385 0.105 0.001 0.0385 0.105 -0.0015 0.039 0.105 -0.001 0.0385 0.105 -0.0015 0.04 0.105 -0.0015 0.041 0.105 -0.001 0.0415 0.105 0 0.0415 0.105 0.001 0.0415 0.105 0.0015 0.041 0.105 0.0015 0.04 0.105 0.0015 0.039 0.105 -0.04 -0.0015 0.115 -0.039 -0.0015 0.105 -0.04 -0.0015 0.105 -0.041 -0.0015 0.105 -0.0415 -0.001 0.115 -0.041 -0.0015 0.115 -0.0415 -0.001 0.105 -0.0415 0 0.115 -0.0415 0 0.105 -0.0415 0.001 0.115 -0.0415 0.001 0.105 -0.041 0.0015 0.115 -0.041 0.0015 0.105 -0.04 0.0015 0.115 -0.04 0.0015 0.105 -0.039 0.0015 0.115 -0.039 0.0015 0.105 -0.0385 0.001 0.115 -0.0385 0.001 0.105 -0.0385 0 0.115 -0.0385 0 0.105 -0.0385 -0.001 0.115 -0.0385 -0.001 0.105 -0.039 -0.0015 0.115 -0.0385 -0.001 0.105 -0.04 0 0.105 -0.039 -0.0015 0.105 -0.0385 0 0.105 -0.0385 0.001 0.105 -0.039 0.0015 0.105 -0.04 0.0015 0.105 -0.041 0.0015 0.105 -0.0415 0.001 0.105 -0.0415 0 0.105 -0.0415 -0.001 0.105 -0.041 -0.0015 0.105 -0.04 -0.0015 0.105 0.001 -0.0385 0.115 0 -0.0385 0.105 0.001 -0.0385 0.105 -0.001 -0.0415 0.115 0 -0.0415 0.105 -0.001 -0.0415 0.105 0.0015 -0.039 0.115 0.0015 -0.039 0.105 0.0015 -0.04 0.115 0.0015 -0.04 0.105 0.0015 -0.041 0.115 0.0015 -0.041 0.105 0.001 -0.0415 0.115 0.001 -0.0415 0.105 0 -0.0385 0.115 0 -0.0415 0.115 -0.0015 -0.041 0.115 -0.0015 -0.041 0.105 -0.0015 -0.04 0.115 -0.0015 -0.04 0.105 -0.0015 -0.039 0.115 -0.0015 -0.039 0.105 -0.001 -0.0385 0.115 -0.001 -0.0385 0.105 0.0015 -0.041 0.105 0 -0.04 0.105 0.001 -0.0415 0.105 0.0015 -0.04 0.105 0.0015 -0.039 0.105 0.001 -0.0385 0.105 0 -0.0385 0.105 -0.001 -0.0385 0.105 -0.0015 -0.039 0.105 -0.0015 -0.04 0.105 -0.0015 -0.041 0.105 -0.001 -0.0415 0.105 0 -0.0415 0.105 0.0165 -0.047 0.075 0.0165 -0.031 0.09 0.0165 -0.031 0.075 0.0165 -0.047 0.09 0.0115 -0.033 0.075 0.0135 -0.048 0.075 0.0165 -0.047 0.075 0 -0.035 0.075 -0.0135 -0.048 0.075 -0.0115 -0.033 0.075 -0.0165 -0.047 0.075 0 -0.05 0.075 0.0165 -0.031 0.075 -0.0165 -0.031 0.075 -0.0165 -0.031 0.075 -0.0165 -0.047 0.09 -0.0165 -0.047 0.075 -0.0165 -0.031 0.09 -0.0135 -0.048 0.09 -0.0115 -0.033 0.09 -0.009 -0.034 0.09 -0.0165 -0.047 0.09 -0.0165 -0.031 0.09 -0.009 -0.049 0.09 -0.009 -0.049 0.1 -0.009 -0.034 0.09 -0.009 -0.034 0.1 -0.009 -0.049 0.09 0.009 -0.049 0.1 0 -0.035 0.1 0.009 -0.034 0.1 0 -0.05 0.1 -0.009 -0.049 0.1 -0.009 -0.034 0.1 0.009 -0.049 0.09 0.009 -0.034 0.1 0.009 -0.034 0.09 0.009 -0.049 0.1 0.009 -0.034 0.09 0.0135 -0.048 0.09 0.009 -0.049 0.09 0.0115 -0.033 0.09 0.0165 -0.047 0.09 0.0165 -0.031 0.09 -0.0265 0.001 0.065 -0.035 0.003 0.065 -0.0265 0 0.065 -0.0015 0.024 0.065 -0.025 0.0015 0.065 -0.024 0.0015 0.065 -0.026 0.0235 0.065 -0.032 0.014 0.065 -0.0015 0.025 0.065 -0.0165 0.031 0.065 0 0.0265 0.065 -0.006 0.0345 0.065 -0.001 0.0265 0.065 0.006 0.0345 0.065 0.0015 0.026 0.065 0.0165 0.031 0.065 0.001 -0.0235 0.065 0.001 0.0235 0.065 0 0.0235 0.065 0.0015 -0.024 0.065 0.0215 -0.0275 0.065 0.025 -0.0015 0.065 0.0015 -0.025 0.065 0.0115 -0.033 0.065 -0.026 0.0015 0.065 -0.001 0.0235 0.065 -0.0235 0 0.065 -0.0015 0.026 0.065 0.001 0.0265 0.065 0.0235 0 0.065 0.0235 -0.001 0.065 0 -0.0235 0.065 0.0015 -0.026 0.065 -0.0235 0.001 0.065 0.024 0.0015 0.065 0.0235 0.001 0.065 0.0015 0.025 0.065 0.026 0.0235 0.065 0.0015 0.024 0.065 0.025 0.0015 0.065 0.032 0.014 0.065 0.026 0.0015 0.065 0.0265 0.001 0.065 -0.0015 -0.025 0.065 -0.0235 -0.001 0.065 -0.001 -0.0265 0.065 0 -0.035 0.065 0 -0.0265 0.065 0.001 -0.0265 0.065 -0.0015 -0.024 0.065 -0.001 -0.0235 0.065 0.0265 0 0.065 0.035 0.003 0.065 -0.034 -0.0085 0.065 -0.026 -0.0015 0.065 -0.0265 -0.001 0.065 -0.024 -0.0015 0.065 -0.0115 -0.033 0.065 -0.0015 -0.026 0.065 0.0295 -0.019 0.065 0.026 -0.0015 0.065 -0.0215 -0.0275 0.065 0.024 -0.0015 0.065 0.034 -0.0085 0.065 -0.0295 -0.019 0.065 -0.025 -0.0015 0.065 0.0265 -0.001 0.065 -0.001 -0.0235 0.06 -0.0235 -0.001 0.06 -0.0235 0 0.06 -0.024 -0.0015 0.06 -0.026 -0.0425 0.06 -0.025 -0.0015 0.06 -0.0365 -0.034 0.06 -0.0265 -0.001 0.06 -0.0445 -0.023 0.06 -0.049 -0.01 0.06 0.041 0.029 0.06 0.025 0.0015 0.06 0.0315 0.039 0.06 0.007 0.0495 0.06 0 0.0265 0.06 0 0.05 0.06 0.0235 -0.001 0.06 0.001 0.0235 0.06 0.0235 0 0.06 0.02 0.046 0.06 0.024 0.0015 0.06 0.0015 0.026 0.06 -0.0015 0.024 0.06 0 -0.0235 0.06 -0.0015 0.025 0.06 0.0015 -0.024 0.06 0.0365 -0.034 0.06 0.026 -0.0425 0.06 0.001 -0.0265 0.06 0.0015 -0.026 0.06 0 -0.05 0.06 0 -0.0265 0.06 -0.001 -0.0265 0.06 -0.0135 -0.048 0.06 -0.0015 -0.026 0.06 -0.026 -0.0015 0.06 -0.0265 0.001 0.06 -0.05 0.0035 0.06 -0.047 0.0165 0.06 -0.026 0.0015 0.06 -0.041 0.029 0.06 0.026 0.0015 0.06 0.047 0.0165 0.06 0.0265 0.001 0.06 0.001 0.0265 0.06 0.0015 0.025 0.06 -0.001 0.0235 0.06 0.001 -0.0235 0.06 0.0015 -0.025 0.06 -0.0265 0 0.06 -0.025 0.0015 0.06 -0.024 0.0015 0.06 -0.02 0.046 0.06 -0.0015 0.026 0.06 0.05 0.0035 0.06 0 0.0235 0.06 -0.0015 -0.025 0.06 -0.0315 0.039 0.06 -0.001 0.0265 0.06 -0.0235 0.001 0.06 -0.007 0.0495 0.06 0.0135 -0.048 0.06 -0.0015 -0.024 0.06 0.0235 0.001 0.06 0.024 -0.0015 0.06 0.025 -0.0015 0.06 0.049 -0.01 0.06 0.0265 0 0.06 0.0015 0.024 0.06 0.026 -0.0015 0.06 0.0445 -0.023 0.06 0.0265 -0.001 0.06 -0.025 -0.0015 0.06 -0.026 -0.0015 0.065 -0.025 -0.0015 0.065 -0.024 0.0015 0.065 -0.025 0.0015 0.06 -0.024 0.0015 0.06 -0.025 0.0015 0.065 -0.026 0.0015 0.06 -0.026 0.0015 0.065 -0.0265 0.001 0.06 -0.0265 0.001 0.065 -0.0265 0 0.06 -0.0265 0 0.065 -0.0265 -0.001 0.06 -0.0265 -0.001 0.065 -0.026 -0.0015 0.06 -0.0235 0.001 0.065 -0.0235 0.001 0.06 -0.0235 0 0.065 -0.0235 0 0.06 -0.0235 -0.001 0.065 -0.0235 -0.001 0.06 -0.024 -0.0015 0.065 -0.024 -0.0015 0.06 0 -0.0265 0.06 -0.001 -0.0265 0.065 0 -0.0265 0.065 -0.001 -0.0265 0.06 -0.0015 -0.026 0.065 -0.0015 -0.026 0.06 -0.0015 -0.025 0.065 -0.0015 -0.025 0.06 -0.0015 -0.024 0.065 -0.0015 -0.024 0.06 -0.001 -0.0235 0.065 -0.001 -0.0235 0.06 0 -0.0235 0.065 0 -0.0235 0.06 0.001 -0.0235 0.065 0.001 -0.0235 0.06 0.0015 -0.024 0.065 0.0015 -0.024 0.06 0.0015 -0.025 0.065 0.0015 -0.025 0.06 0.0015 -0.026 0.065 0.0015 -0.026 0.06 0.001 -0.0265 0.065 0.001 -0.0265 0.06 0.025 -0.0015 0.06 0.024 -0.0015 0.065 0.025 -0.0015 0.065 0.024 -0.0015 0.06 0.0235 -0.001 0.065 0.0235 -0.001 0.06 0.0235 0 0.065 0.0235 0 0.06 0.0235 0.001 0.065 0.0235 0.001 0.06 0.024 0.0015 0.065 0.024 0.0015 0.06 0.025 0.0015 0.065 0.025 0.0015 0.06 0.026 0.0015 0.065 0.026 0.0015 0.06 0.0265 0.001 0.065 0.0265 0.001 0.06 0.0265 0 0.065 0.0265 0 0.06 0.0265 -0.001 0.065 0.0265 -0.001 0.06 0.026 -0.0015 0.065 0.026 -0.0015 0.06 0 0.0235 0.06 -0.001 0.0235 0.065 0 0.0235 0.065 -0.001 0.0235 0.06 -0.0015 0.024 0.065 -0.0015 0.024 0.06 -0.0015 0.025 0.065 -0.0015 0.025 0.06 -0.0015 0.026 0.065 -0.0015 0.026 0.06 -0.001 0.0265 0.065 -0.001 0.0265 0.06 0 0.0265 0.065 0 0.0265 0.06 0.001 0.0265 0.065 0.001 0.0265 0.06 0.0015 0.026 0.065 0.0015 0.026 0.06 0.0015 0.025 0.065 0.0015 0.025 0.06 0.0015 0.024 0.065 0.0015 0.024 0.06 0.001 0.0235 0.065 0.001 0.0235 0.06 0 -0.0415 0.115 -0.001 -0.0415 0.122 0 -0.0415 0.122 0.0015 -0.039 0.122 0.001 -0.0385 0.115 0.0015 -0.039 0.115 0.001 -0.0385 0.122 0 -0.0385 0.115 0 -0.0385 0.122 -0.001 -0.0385 0.115 -0.001 -0.0385 0.122 -0.0015 -0.039 0.115 -0.0015 -0.039 0.122 -0.0015 -0.04 0.115 -0.0015 -0.04 0.122 -0.0015 -0.041 0.115 -0.0015 -0.041 0.122 -0.001 -0.0415 0.115 0.0015 -0.04 0.122 0.0015 -0.04 0.115 0.0015 -0.041 0.122 0.0015 -0.041 0.115 0.001 -0.0415 0.122 0.001 -0.0415 0.115 0.04 -0.0015 0.122 0.041 -0.0015 0.115 0.04 -0.0015 0.115 0.0385 -0.001 0.122 0.039 -0.0015 0.115 0.0385 -0.001 0.115 0.0385 0 0.122 0.0385 0 0.115 0.0385 0.001 0.122 0.0385 0.001 0.115 0.039 0.0015 0.122 0.039 0.0015 0.115 0.04 0.0015 0.122 0.04 0.0015 0.115 0.041 0.0015 0.122 0.041 0.0015 0.115 0.0415 0.001 0.122 0.0415 0.001 0.115 0.0415 0 0.122 0.0415 0 0.115 0.0415 -0.001 0.122 0.0415 -0.001 0.115 0.041 -0.0015 0.122 0.039 -0.0015 0.122 0.041 0.029 0.115 0.02 0.0235 0.115 0.0315 0.039 0.115 0.0415 0 0.115 0.049 -0.01 0.115 0.0415 -0.001 0.115 0.041 -0.0015 0.115 0.0305 -0.0055 0.115 0.039 -0.0015 0.115 0.027 -0.0155 0.115 0.0385 0 0.115 0.0305 0.0055 0.115 0.0385 0.001 0.115 0.027 0.0155 0.115 0.039 0.0015 0.115 0.0415 0.001 0.115 0.047 0.0165 0.115 0.05 0.0035 0.115 0.047 -0.0165 0.115 0.04 -0.0015 0.115 0.0265 -0.0165 0.115 0.0015 0.041 0.115 0.007 0.0495 0.115 0.02 0.046 0.115 0.0015 0.04 0.115 0.0015 0.039 0.115 0.001 0.0385 0.115 0 0.031 0.115 0 0.0385 0.115 0.04 0.0015 0.115 0.0385 -0.001 0.115 0.0105 0.029 0.115 -0.001 0.0385 0.115 -0.0105 0.029 0.115 0.041 0.0015 0.115 -0.0015 0.039 0.115 -0.0015 0.04 0.115 -0.0165 0.026 0.115 -0.0165 0.047 0.115 -0.007 0.0495 0.115 -0.0015 0.041 0.115 -0.001 0.0415 0.115 0 0.05 0.115 0 0.0415 0.115 0.001 0.0415 0.115 -0.039 0.0015 0.115 -0.02 0.046 0.115 0 -0.031 0.115 0.001 -0.0385 0.115 0 -0.0385 0.115 -0.02 -0.0235 0.115 -0.0365 -0.034 0.115 -0.0445 -0.023 0.115 -0.0305 0.0055 0.115 -0.027 0.0155 0.115 -0.0305 -0.0055 0.115 -0.039 -0.0015 0.115 -0.0385 -0.001 0.115 -0.041 0.029 0.115 -0.04 0.0015 0.115 -0.02 0.0235 0.115 -0.0385 0 0.115 -0.027 -0.0155 0.115 -0.04 -0.0015 0.115 -0.0415 0 0.115 -0.049 -0.01 0.115 -0.05 0.0035 0.115 -0.0315 0.039 0.115 -0.041 -0.0015 0.115 -0.0415 0.001 0.115 -0.0385 0.001 0.115 -0.0415 -0.001 0.115 -0.047 0.0165 0.115 -0.041 0.0015 0.115 -0.026 -0.0425 0.115 0.0105 -0.029 0.115 0.0015 -0.039 0.115 0.026 -0.0425 0.115 0.0365 -0.034 0.115 0.0445 -0.023 0.115 0.02 -0.0235 0.115 0.0135 -0.048 0.115 0.0015 -0.04 0.115 0.0015 -0.041 0.115 0.001 -0.0415 0.115 0 -0.05 0.115 0 -0.0415 0.115 -0.001 -0.0415 0.115 -0.0135 -0.048 0.115 -0.0015 -0.04 0.115 -0.0015 -0.041 0.115 -0.0015 -0.039 0.115 -0.0105 -0.029 0.115 -0.001 -0.0385 0.115 0.0105 -0.029 0.125 0.047 -0.0175 0.125 0.02 -0.0235 0.125 0.003 -0.0385 0.125 0.0135 -0.048 0.125 0.0035 -0.04 0.125 0.003 -0.0415 0.125 0.026 -0.0425 0.125 0.0365 -0.034 0.125 0.0445 -0.023 0.125 0.0255 -0.0175 0.125 0.0015 -0.037 0.125 0 -0.031 0.125 0 -0.0365 0.125 -0.0105 -0.029 0.125 -0.003 -0.0385 0.125 -0.0015 -0.037 0.125 -0.026 -0.0425 0.125 -0.0035 -0.04 0.125 -0.02 -0.0235 0.125 -0.0135 -0.048 0.125 -0.0015 -0.043 0.125 0 -0.05 0.125 0 -0.043 0.125 -0.003 -0.0415 0.125 0.0015 -0.043 0.125 -0.0365 -0.034 0.125 -0.04 -0.0035 0.125 -0.0445 -0.023 0.125 0 0.031 0.125 0.0015 0.037 0.125 0 0.0365 0.125 0.0415 -0.003 0.125 0.04 -0.0035 0.125 0.047 0.0165 0.125 0.043 0.0015 0.125 0.05 0.0035 0.125 0.0105 0.029 0.125 -0.007 0.0495 0.125 -0.003 0.0415 0.125 -0.0015 0.043 0.125 0.043 0 0.125 -0.003 0.0385 0.125 -0.0105 0.029 0.125 -0.0015 0.037 0.125 0 0.05 0.125 0 0.043 0.125 0.049 -0.01 0.125 0.043 -0.0015 0.125 -0.0175 0.0255 0.125 -0.0035 0.04 0.125 -0.017 0.047 0.125 0.0385 -0.003 0.125 0.027 -0.0155 0.125 0.0305 -0.0055 0.125 0.0365 0 0.125 0.0305 0.0055 0.125 0.037 -0.0015 0.125 0.04 0.0035 0.125 0.041 0.029 0.125 0.007 0.0495 0.125 0.003 0.0415 0.125 0.02 0.046 0.125 0.0415 0.003 0.125 0.0015 0.043 0.125 0.0035 0.04 0.125 0.0315 0.039 0.125 0.0385 0.003 0.125 0.037 0.0015 0.125 0.003 0.0385 0.125 0.02 0.0235 0.125 0.027 0.0155 0.125 -0.02 0.0235 0.125 -0.0415 -0.003 0.125 -0.049 -0.01 0.125 -0.0305 0.0055 0.125 -0.0365 0 0.125 -0.0305 -0.0055 0.125 -0.043 -0.0015 0.125 -0.037 0.0015 0.125 -0.0385 -0.003 0.125 -0.037 -0.0015 0.125 -0.043 0 0.125 -0.05 0.0035 0.125 -0.0385 0.003 0.125 -0.041 0.029 0.125 -0.04 0.0035 0.125 -0.027 -0.0155 0.125 -0.047 0.0165 0.125 -0.043 0.0015 0.125 -0.0415 0.003 0.125 -0.027 0.0155 0.125 -0.02 0.046 0.125 -0.0315 0.039 0.125 -0.026 -0.0425 0.125 -0.0135 -0.048 0.115 -0.0135 -0.048 0.125 0 -0.05 0.125 0.0135 -0.048 0.115 0.0135 -0.048 0.125 0.026 -0.0425 0.115 0.026 -0.0425 0.125 0.0365 -0.034 0.115 0.0365 -0.034 0.125 0.0445 -0.023 0.115 0.0445 -0.023 0.125 0.049 -0.01 0.125 0.047 -0.0165 0.115 0.049 -0.01 0.115 0.05 0.0035 0.115 0.05 0.0035 0.125 0.047 0.0165 0.115 0.047 0.0165 0.125 0 -0.05 0.115 0.047 -0.0175 0.125 0.041 0.029 0.115 0.0315 0.039 0.115 0.041 0.029 0.125 0.02 0.046 0.115 0.0315 0.039 0.125 0.007 0.0495 0.115 0.02 0.046 0.125 0 0.05 0.125 -0.007 0.0495 0.115 -0.007 0.0495 0.125 0 0.05 0.115 0.007 0.0495 0.125 -0.017 0.047 0.125 -0.02 0.046 0.115 -0.02 0.046 0.125 -0.0165 0.047 0.115 -0.0315 0.039 0.115 -0.041 0.029 0.115 -0.0315 0.039 0.125 -0.047 0.0165 0.115 -0.041 0.029 0.125 -0.05 0.0035 0.115 -0.047 0.0165 0.125 -0.049 -0.01 0.115 -0.05 0.0035 0.125 -0.0445 -0.023 0.115 -0.049 -0.01 0.125 -0.0365 -0.034 0.115 -0.0445 -0.023 0.125 -0.026 -0.0425 0.115 -0.0365 -0.034 0.125 0 -0.031 0.125 0.0105 -0.029 0.115 0 -0.031 0.115 0.0105 -0.029 0.125 0.02 -0.0235 0.115 0.02 -0.0235 0.125 0.027 -0.0155 0.125 0.0265 -0.0165 0.115 0.0255 -0.0175 0.125 0.027 -0.0155 0.115 0.0305 -0.0055 0.115 0.0305 -0.0055 0.125 -0.0105 -0.029 0.125 -0.0105 -0.029 0.115 -0.02 -0.0235 0.125 -0.02 -0.0235 0.115 -0.027 -0.0155 0.125 -0.027 -0.0155 0.115 -0.0305 -0.0055 0.125 -0.0305 -0.0055 0.115 -0.0305 0.0055 0.125 -0.0305 0.0055 0.115 -0.027 0.0155 0.125 -0.027 0.0155 0.115 -0.02 0.0235 0.125 -0.0165 0.026 0.115 -0.0105 0.029 0.125 -0.0175 0.0255 0.125 -0.02 0.0235 0.115 -0.0105 0.029 0.115 0 0.031 0.125 0 0.031 0.115 0.0105 0.029 0.125 0.0305 0.0055 0.115 0.0305 0.0055 0.125 0.0105 0.029 0.115 0.02 0.0235 0.125 0.02 0.0235 0.115 0.027 0.0155 0.125 0.027 0.0155 0.115 0.001 0.0415 0.115 0.0015 0.041 0.122 0.001 0.0415 0.122 0 0.0415 0.115 0 0.0415 0.122 -0.001 0.0415 0.115 -0.001 0.0415 0.122 -0.0015 0.041 0.115 -0.0015 0.041 0.122 -0.0015 0.04 0.115 -0.0015 0.04 0.122 -0.0015 0.039 0.115 -0.0015 0.039 0.122 -0.001 0.0385 0.115 -0.001 0.0385 0.122 0 0.0385 0.115 0 0.0385 0.122 0.0015 0.041 0.115 0.0015 0.04 0.122 0.0015 0.04 0.115 0.0015 0.039 0.122 0.0015 0.039 0.115 0.001 0.0385 0.122 0.001 0.0385 0.115 -0.0415 -0.001 0.122 -0.041 -0.0015 0.115 -0.0415 -0.001 0.115 -0.0415 0 0.122 -0.0415 0 0.115 -0.0415 0.001 0.122 -0.0415 0.001 0.115 -0.041 0.0015 0.122 -0.041 0.0015 0.115 -0.04 0.0015 0.122 -0.04 0.0015 0.115 -0.039 0.0015 0.122 -0.039 0.0015 0.115 -0.0385 0.001 0.122 -0.0385 0.001 0.115 -0.0385 0 0.122 -0.0385 0 0.115 -0.0385 -0.001 0.122 -0.0385 -0.001 0.115 -0.039 -0.0015 0.122 -0.039 -0.0015 0.115 -0.04 -0.0015 0.122 -0.04 -0.0015 0.115 -0.041 -0.0015 0.122 0.001 0.0385 0.122 0.003 0.0385 0.122 0.0015 0.039 0.122 0.0035 0.04 0.122 0.0015 0.04 0.122 0.0015 0.041 0.122 0.003 0.0415 0.122 0.001 0.0415 0.122 0.0015 0.043 0.122 0 0.043 0.122 0 0.0415 0.122 -0.001 0.0415 0.122 -0.0015 0.043 0.122 -0.0015 0.039 0.122 -0.0035 0.04 0.122 -0.003 0.0385 0.122 -0.001 0.0385 0.122 -0.0015 0.037 0.122 -0.0015 0.041 0.122 -0.003 0.0415 0.122 0 0.0365 0.122 0 0.0385 0.122 -0.0015 0.04 0.122 0.0015 0.037 0.122 -0.0015 0.037 0.122 -0.003 0.0385 0.125 -0.0015 0.037 0.125 -0.003 0.0385 0.122 -0.0035 0.04 0.125 -0.0035 0.04 0.122 -0.003 0.0415 0.125 -0.003 0.0415 0.122 -0.0015 0.043 0.125 -0.0015 0.043 0.122 0 0.043 0.125 0 0.043 0.122 0.0015 0.043 0.125 0.0015 0.043 0.122 0.003 0.0415 0.125 0.003 0.0415 0.122 0.0035 0.04 0.125 0.0035 0.04 0.122 0.003 0.0385 0.125 0.003 0.0385 0.122 0.0015 0.037 0.125 0.0015 0.037 0.122 0 0.0365 0.125 0 0.0365 0.122 0.0415 -0.001 0.122 0.043 0 0.122 0.0415 0 0.122 0.0415 0.001 0.122 0.043 0.0015 0.122 0.039 0.0015 0.122 0.04 0.0035 0.122 0.0385 0.003 0.122 0.0385 0.001 0.122 0.037 0.0015 0.122 0.041 0.0015 0.122 0.0415 0.003 0.122 0.04 0.0015 0.122 0.0365 0 0.122 0.0385 0 0.122 0.0385 -0.001 0.122 0.037 -0.0015 0.122 0.041 -0.0015 0.122 0.04 -0.0035 0.122 0.0415 -0.003 0.122 0.043 -0.0015 0.122 0.039 -0.0015 0.122 0.0385 -0.003 0.122 0.04 -0.0015 0.122 0.04 -0.0035 0.122 0.0385 -0.003 0.125 0.04 -0.0035 0.125 0.0385 -0.003 0.122 0.037 -0.0015 0.125 0.037 -0.0015 0.122 0.0365 0 0.125 0.0365 0 0.122 0.037 0.0015 0.125 0.037 0.0015 0.122 0.0385 0.003 0.125 0.0385 0.003 0.122 0.04 0.0035 0.125 0.04 0.0035 0.122 0.0415 0.003 0.125 0.0415 0.003 0.122 0.043 0.0015 0.125 0.043 0.0015 0.122 0.043 0 0.125 0.043 0 0.122 0.043 -0.0015 0.125 0.043 -0.0015 0.122 0.0415 -0.003 0.125 0.0415 -0.003 0.122 -0.0015 -0.039 0.122 -0.0015 -0.037 0.122 -0.003 -0.0385 0.122 0 -0.043 0.122 -0.001 -0.0415 0.122 -0.0015 -0.043 0.122 0 -0.0415 0.122 0 -0.0365 0.122 0.001 -0.0385 0.122 0.0015 -0.037 0.122 -0.0015 -0.04 0.122 0.0035 -0.04 0.122 0.0015 -0.039 0.122 0.0015 -0.04 0.122 -0.0035 -0.04 0.122 -0.0015 -0.041 0.122 -0.001 -0.0385 0.122 0.003 -0.0385 0.122 0.0015 -0.043 0.122 0.0015 -0.041 0.122 0.001 -0.0415 0.122 -0.003 -0.0415 0.122 0 -0.0385 0.122 0.003 -0.0415 0.122 0 -0.043 0.122 -0.0015 -0.043 0.125 0 -0.043 0.125 -0.0015 -0.043 0.122 -0.003 -0.0415 0.125 -0.003 -0.0415 0.122 -0.0035 -0.04 0.125 -0.0035 -0.04 0.122 -0.003 -0.0385 0.125 -0.003 -0.0385 0.122 -0.0015 -0.037 0.125 -0.0015 -0.037 0.122 0 -0.0365 0.125 0 -0.0365 0.122 0.0015 -0.037 0.125 0.0015 -0.037 0.122 0.003 -0.0385 0.125 0.003 -0.0385 0.122 0.0035 -0.04 0.125 0.0035 -0.04 0.122 0.003 -0.0415 0.125 0.003 -0.0415 0.122 0.0015 -0.043 0.125 0.0015 -0.043 0.122 -0.0385 -0.001 0.122 -0.0365 0 0.122 -0.0385 0 0.122 -0.0385 0.001 0.122 -0.037 0.0015 0.122 -0.041 0.0015 0.122 -0.04 0.0035 0.122 -0.0415 0.003 0.122 -0.0415 0.001 0.122 -0.043 0.0015 0.122 -0.039 0.0015 0.122 -0.0385 0.003 0.122 -0.04 0.0015 0.122 -0.043 0 0.122 -0.0415 0 0.122 -0.0415 -0.001 0.122 -0.043 -0.0015 0.122 -0.039 -0.0015 0.122 -0.04 -0.0035 0.122 -0.0385 -0.003 0.122 -0.037 -0.0015 0.122 -0.041 -0.0015 0.122 -0.0415 -0.003 0.122 -0.04 -0.0015 0.122 -0.04 -0.0035 0.122 -0.0415 -0.003 0.125 -0.04 -0.0035 0.125 -0.0415 -0.003 0.122 -0.043 -0.0015 0.125 -0.043 -0.0015 0.122 -0.043 0 0.125 -0.043 0 0.122 -0.043 0.0015 0.125 -0.043 0.0015 0.122 -0.0415 0.003 0.125 -0.0415 0.003 0.122 -0.04 0.0035 0.125 -0.04 0.0035 0.122 -0.0385 0.003 0.125 -0.0385 0.003 0.122 -0.037 0.0015 0.125 -0.037 0.0015 0.122 -0.0365 0 0.125 -0.0365 0 0.122 -0.037 -0.0015 0.125 -0.037 -0.0015 0.122 -0.0385 -0.003 0.125 -0.0385 -0.003 0.122 0.0105 -0.029 0.127 0.0055 -0.0305 0.125 0.0105 -0.029 0.125 0.02 -0.0235 0.127 0.0155 -0.027 0.125 0.02 -0.0235 0.125 0.027 -0.0155 0.127 0.0235 -0.02 0.125 0.027 -0.0155 0.125 0.0305 -0.0055 0.127 0.029 -0.0105 0.125 0.0305 -0.0055 0.125 0.0305 0.0055 0.127 0.031 0 0.125 0.0305 0.0055 0.125 0.027 0.0155 0.127 0.029 0.0105 0.125 0.027 0.0155 0.125 0.02 0.0235 0.127 0.0235 0.02 0.125 0.02 0.0235 0.125 0.0105 0.029 0.127 0.0155 0.027 0.125 0.0105 0.029 0.125 0 0.031 0.127 0.0055 0.0305 0.125 0 0.031 0.125 -0.0105 0.029 0.127 -0.0055 0.0305 0.125 -0.0105 0.029 0.125 -0.02 0.0235 0.127 -0.0155 0.027 0.125 -0.02 0.0235 0.125 -0.027 0.0155 0.127 -0.0235 0.02 0.125 -0.027 0.0155 0.125 -0.0305 0.0055 0.127 -0.029 0.0105 0.125 -0.0305 0.0055 0.125 -0.0305 -0.0055 0.127 -0.031 0 0.125 -0.0305 -0.0055 0.125 -0.027 -0.0155 0.127 -0.029 -0.0105 0.125 -0.027 -0.0155 0.125 -0.02 -0.0235 0.127 -0.0235 -0.02 0.125 -0.02 -0.0235 0.125 -0.0105 -0.029 0.127 -0.0155 -0.027 0.125 -0.0105 -0.029 0.125 0 -0.031 0.127 -0.0055 -0.0305 0.125 0 -0.031 0.125 -0.017 0.012 0.1225 -0.0125 0.011 0.1225 -0.017 0.011 0.1225 -0.017 0.013 0.1225 -0.0125 0.012 0.1225 -0.0125 -0.012 0.1225 -0.0065 -0.018 0.1225 -0.0125 -0.018 0.1225 -0.0065 0.011 0.1225 -0.0125 0.013 0.1225 -0.0065 0.012 0.1225 0.0065 -0.012 0.1225 0.0125 -0.018 0.1225 0.0065 -0.018 0.1225 0.0065 0.012 0.1225 0.0125 0.011 0.1225 0.0065 0.011 0.1225 0.0065 0.013 0.1225 0.0125 0.012 0.1225 0.0095 0.027 0.1225 0.005 0.028 0.1225 0.0155 0.0135 0.1225 0.0255 0.013 0.1225 0.0125 0.013 0.1225 0.0245 0.014 0.1225 0.017 0.0145 0.1225 0.0175 0.0155 0.1225 0.0165 0.014 0.1225 0.0165 0.017 0.1225 0.022 0.0185 0.1225 0.017 0.0165 0.1225 0.0145 0.014 0.1225 0.014 0.0145 0.1225 0.0155 0.0175 0.1225 0.0185 0.022 0.1225 0.0135 0.0155 0.1225 0.014 0.0165 0.1225 0.0145 0.017 0.1225 0.014 0.0245 0.1225 0.026 0.012 0.1225 0.0155 -0.0175 0.1225 0.0145 -0.017 0.1225 0.014 -0.0165 0.1225 0.0165 -0.017 0.1225 0.022 -0.0185 0.1225 0.0135 -0.0155 0.1225 0.0125 -0.012 0.1225 0.014 -0.0145 0.1225 0.0145 -0.014 0.1225 0.0155 -0.0135 0.1225 0.0245 -0.014 0.1225 0.017 -0.0145 0.1225 0.026 -0.012 0.1225 0.0175 -0.0155 0.1225 0.017 -0.0165 0.1225 0.0165 -0.014 0.1225 0.0185 -0.022 0.1225 0.0095 -0.027 0.1225 0.014 -0.0245 0.1225 -0.0095 -0.027 0.1225 -0.014 -0.0245 0.1225 -0.005 -0.028 0.1225 -0.017 -0.018 0.1225 -0.0185 -0.022 0.1225 -0.027 -0.0095 0.1225 -0.017 0 0.1225 -0.017 -0.012 0.1225 -0.028 -0.005 0.1225 -0.027 0.0095 0.1225 -0.028 0.005 0.1225 -0.0285 0 0.1225 -0.026 0.012 0.1225 -0.0265 0.011 0.1225 -0.0255 0.013 0.1225 -0.0095 0.027 0.1225 -0.0065 0.013 0.1225 -0.0175 -0.0155 0.1225 -0.022 -0.0185 0.1225 -0.0245 -0.014 0.1225 -0.017 -0.0145 0.1225 -0.017 -0.0165 0.1225 -0.0135 -0.0155 0.1225 -0.0155 -0.0175 0.1225 -0.014 -0.0145 0.1225 -0.0145 -0.017 0.1225 -0.0155 -0.0135 0.1225 -0.0145 -0.014 0.1225 -0.014 -0.0165 0.1225 -0.0165 -0.017 0.1225 -0.0165 -0.014 0.1225 -0.0245 0.014 0.1225 -0.017 0.0145 0.1225 -0.017 0.0165 0.1225 -0.022 0.0185 0.1225 -0.0185 0.022 0.1225 -0.0175 0.0155 0.1225 -0.0155 0.0175 0.1225 -0.014 0.0245 0.1225 -0.0145 0.017 0.1225 -0.0165 0.017 0.1225 -0.014 0.0165 0.1225 -0.0135 0.0155 0.1225 -0.014 0.0145 0.1225 -0.0145 0.014 0.1225 -0.0155 0.0135 0.1225 -0.0165 0.014 0.1225 0 0.0115 0.1225 0 -0.0115 0.1225 -0.0065 -0.012 0.1225 -0.006 -0.01 0.1225 0.0015 0.0125 0.1225 -0.0015 0.0125 0.1225 -0.0015 0.018 0.1225 0 0.0285 0.1225 0.0015 0.018 0.1225 -0.003 0.0155 0.1225 -0.005 0.028 0.1225 0.003 0.0155 0.1225 0.01 0.006 0.1225 0.0115 0.005 0.1225 0.0115 0 0.1225 0.01 0.0075 0.1225 0.006 0.01 0.1225 0.0115 0.0105 0.1225 0.0125 0.0105 0.1225 0.0125 0 0.1225 0.0165 0.0075 0.1225 0.028 0.005 0.1225 0.015 0.005 0.1225 0.015 0.0105 0.1225 0.0265 0.011 0.1225 0.027 0.0095 0.1225 0.0125 0.005 0.1225 0.0285 0 0.1225 0.0165 -0.0075 0.1225 0.028 -0.005 0.1225 0.027 -0.0095 0.1225 0.015 -0.005 0.1225 0.015 -0.0105 0.1225 0.0125 -0.0105 0.1225 0.01 -0.006 0.1225 0.01 -0.0075 0.1225 0.006 -0.01 0.1225 0.0115 -0.0105 0.1225 0.0115 -0.005 0.1225 0.0125 -0.005 0.1225 -0.0165 0.0075 0.1225 -0.015 0.0105 0.1225 -0.0125 0.0105 0.1225 -0.015 0.005 0.1225 -0.0125 0 0.1225 -0.01 0.006 0.1225 -0.0115 0.005 0.1225 -0.01 0.0075 0.1225 -0.0115 0.0105 0.1225 -0.006 0.01 0.1225 -0.0125 0.005 0.1225 -0.0115 0 0.1225 -0.01 -0.006 0.1225 -0.01 -0.0075 0.1225 -0.0115 -0.005 0.1225 -0.0115 -0.0105 0.1225 -0.0125 -0.0105 0.1225 -0.015 -0.0105 0.1225 -0.0165 -0.0075 0.1225 -0.015 -0.005 0.1225 -0.0125 -0.005 0.1225 -0.0015 -0.018 0.1225 0 -0.0285 0.1225 0.005 -0.028 0.1225 0.0015 -0.018 0.1225 -0.003 -0.0155 0.1225 -0.0015 -0.0125 0.1225 0.0015 -0.0125 0.1225 0.003 -0.0155 0.1225 -0.03 0.0055 0.1275 -0.017 0 0.1275 -0.017 0.011 0.1275 -0.0295 -0.008 0.1275 -0.03 -0.0055 0.1275 -0.0285 -0.011 0.1275 -0.017 -0.008 0.1275 0.0015 -0.016 0.1275 0.0045 -0.0125 0.1275 0.002 -0.0155 0.1275 0.0015 -0.0145 0.1275 0.001 -0.0135 0.1275 -0.001 -0.0135 0.1275 -0.0045 -0.0125 0.1275 -0.0015 -0.0145 0.1275 -0.002 -0.0155 0.1275 -0.0105 -0.0285 0.1275 -0.0015 -0.016 0.1275 0.0045 -0.03 0.1275 0 -0.013 0.1275 -0.001 -0.017 0.1275 0.0045 -0.011 0.1275 -0.0045 -0.011 0.1275 0.0045 -0.008 0.1275 -0.0045 -0.008 0.1275 0.0045 0.018 0.1275 0 0.017 0.1275 0.001 0.017 0.1275 -0.0045 0.018 0.1275 -0.0015 0.016 0.1275 -0.001 0.017 0.1275 0.0045 0.011 0.1275 0.0015 0.0145 0.1275 0.001 0.0135 0.1275 -0.0045 0.011 0.1275 -0.002 0.0155 0.1275 0.0015 0.016 0.1275 0 0.013 0.1275 -0.001 0.0135 0.1275 0.002 0.0155 0.1275 -0.0015 0.0145 0.1275 -0.0115 -0.0125 0.1275 -0.0115 -0.011 0.1275 -0.0115 0.011 0.1275 -0.0115 0.018 0.1275 0 -0.0305 0.1275 0 -0.017 0.1275 0.001 -0.017 0.1275 0.0115 -0.0085 0.1275 0.009 -0.011 0.1275 0.0115 -0.011 0.1275 0.009 -0.008 0.1275 0.0115 -0.0065 0.1275 0.009 0 0.1275 0.011 -0.0075 0.1275 0.014 -0.006 0.1275 0.03 -0.0055 0.1275 0.0115 0 0.1275 0.013 -0.0055 0.1275 0.012 -0.006 0.1275 0.015 -0.0075 0.1275 0.015 -0.0065 0.1275 0.014 -0.0095 0.1275 0.0285 -0.011 0.1275 0.012 -0.0095 0.1275 0.013 -0.0095 0.1275 0.015 -0.0085 0.1275 0.0295 -0.008 0.1275 0.011 0.0075 0.1275 0.0115 0.0065 0.1275 0.0115 0.0085 0.1275 0.009 0.011 0.1275 0.014 0.006 0.1275 0.013 0.0055 0.1275 0.015 0.0065 0.1275 0.03 0.0055 0.1275 0.015 0.0075 0.1275 0.0285 0.011 0.1275 0.015 0.0085 0.1275 0.014 0.0095 0.1275 0.0115 0.011 0.1275 0.013 0.0095 0.1275 0.012 0.006 0.1275 0.012 0.0095 0.1275 -0.013 0.0055 0.1275 -0.0115 0 0.1275 -0.014 0.006 0.1275 -0.013 0.0095 0.1275 -0.014 0.0095 0.1275 -0.015 0.0075 0.1275 -0.015 0.0065 0.1275 -0.012 0.006 0.1275 -0.012 0.0095 0.1275 -0.015 0.0085 0.1275 -0.0105 0.0285 0.1275 -0.013 -0.0055 0.1275 -0.014 -0.006 0.1275 -0.015 -0.0065 0.1275 -0.015 -0.0075 0.1275 -0.012 -0.006 0.1275 -0.011 -0.0075 0.1275 -0.0115 -0.0085 0.1275 -0.013 -0.0095 0.1275 -0.017 -0.011 0.1275 -0.015 -0.0085 0.1275 -0.014 -0.0095 0.1275 -0.012 -0.0095 0.1275 -0.0265 -0.0155 0.1275 -0.0185 -0.014 0.1275 -0.0275 -0.013 0.1275 -0.0185 -0.017 0.1275 -0.0195 -0.0235 0.1275 -0.017 -0.0185 0.1275 -0.019 -0.0155 0.1275 -0.0155 -0.012 0.1275 -0.014 -0.0125 0.1275 -0.017 -0.0125 0.1275 -0.012 -0.0155 0.1275 -0.0125 -0.014 0.1275 -0.0155 -0.019 0.1275 -0.014 -0.0185 0.1275 -0.0125 -0.017 0.1275 0.017 -0.0125 0.1275 0.0155 -0.012 0.1275 0.014 -0.0125 0.1275 0.0115 -0.0125 0.1275 0.0155 -0.019 0.1275 0.0195 -0.0235 0.1275 0.017 -0.0185 0.1275 0.0185 -0.017 0.1275 0.0265 -0.0155 0.1275 0.0125 -0.014 0.1275 0.012 -0.0155 0.1275 0.0105 -0.0285 0.1275 0.0125 -0.017 0.1275 0.0185 -0.014 0.1275 0.019 -0.0155 0.1275 0.0275 -0.013 0.1275 0.014 -0.0185 0.1275 0.0155 0.019 0.1275 0.0195 0.0235 0.1275 0.0105 0.0285 0.1275 0.014 0.0185 0.1275 0.0115 0.018 0.1275 0.012 0.0155 0.1275 0.0125 0.014 0.1275 0.014 0.0125 0.1275 0.0155 0.012 0.1275 0.017 0.0125 0.1275 0.0265 0.0155 0.1275 0.0185 0.014 0.1275 0.019 0.0155 0.1275 0.0125 0.017 0.1275 0.0185 0.017 0.1275 0.017 0.0185 0.1275 -0.0265 0.0155 0.1275 -0.0185 0.014 0.1275 -0.019 0.0155 0.1275 -0.017 0.0125 0.1275 -0.0185 0.017 0.1275 -0.014 0.0185 0.1275 -0.0155 0.019 0.1275 -0.0195 0.0235 0.1275 -0.017 0.0185 0.1275 -0.0155 0.012 0.1275 -0.014 0.0125 0.1275 -0.012 0.0155 0.1275 -0.0125 0.014 0.1275 -0.0125 0.017 0.1275 0 0.0305 0.1275 0.009 0.018 0.1275 0.009 -0.0125 0.1275 -0.0115 0.0065 0.1275 0.0035 -0.0055 0.1275 0.0055 -0.0035 0.1275 0.0065 0 0.1275 0 -0.0065 0.1275 -0.0115 -0.0065 0.1275 -0.0035 -0.0055 0.1275 -0.0055 -0.0035 0.1275 -0.011 0.0075 0.1275 -0.0115 0.0085 0.1275 -0.0055 0.0035 0.1275 -0.0035 0.0055 0.1275 -0.0065 0 0.1275 0 0.0065 0.1275 0.0055 0.0035 0.1275 0.0035 0.0055 0.1275 -0.003 -0.0155 0.125 -0.0015 -0.018 0.1225 -0.003 -0.0155 0.1225 -0.0015 -0.018 0.125 0.0015 -0.018 0.125 -0.0015 -0.018 0.1225 -0.0015 -0.018 0.125 0.0015 -0.018 0.1225 0.0015 -0.018 0.125 0.003 -0.0155 0.1225 0.0015 -0.018 0.1225 0.003 -0.0155 0.125 0.0015 -0.0125 0.1225 0.003 -0.0155 0.125 0.0015 -0.0125 0.125 0.003 -0.0155 0.1225 -0.0015 -0.0125 0.125 0.0015 -0.0125 0.1225 0.0015 -0.0125 0.125 -0.0015 -0.0125 0.1225 -0.003 -0.0155 0.125 -0.0015 -0.0125 0.1225 -0.0015 -0.0125 0.125 -0.003 -0.0155 0.1225 0.001 -0.0165 0.125 0.0015 -0.018 0.125 0 -0.017 0.125 -0.0015 -0.018 0.125 -0.0015 -0.016 0.125 -0.001 -0.0165 0.125 -0.0015 -0.0125 0.125 0 -0.0135 0.125 -0.001 -0.014 0.125 0.0015 -0.0125 0.125 0.0015 -0.0145 0.125 0.001 -0.014 0.125 -0.003 -0.0155 0.125 -0.0015 -0.0145 0.125 -0.0015 -0.0155 0.125 0.003 -0.0155 0.125 0.0015 -0.016 0.125 0.0015 -0.0155 0.125 -0.015 -0.005 0.125 -0.0165 -0.0075 0.1225 -0.015 -0.005 0.1225 -0.0165 -0.0075 0.125 -0.015 -0.0105 0.1225 -0.0165 -0.0075 0.125 -0.015 -0.0105 0.125 -0.0165 -0.0075 0.1225 -0.0125 -0.0105 0.1225 -0.015 -0.0105 0.125 -0.0115 -0.0105 0.125 -0.015 -0.0105 0.1225 -0.0115 -0.0105 0.1225 -0.0115 -0.0105 0.125 -0.01 -0.0075 0.1225 -0.0115 -0.0105 0.1225 -0.01 -0.0075 0.125 -0.01 -0.0075 0.125 -0.0115 -0.005 0.1225 -0.01 -0.0075 0.1225 -0.0115 -0.005 0.125 -0.0125 -0.005 0.1225 -0.015 -0.005 0.125 -0.015 -0.005 0.1225 -0.0115 -0.005 0.125 -0.0115 -0.005 0.1225 -0.0115 -0.005 0.125 -0.0125 -0.0065 0.125 -0.013 -0.006 0.125 -0.013 -0.009 0.125 -0.015 -0.0105 0.125 -0.014 -0.009 0.125 -0.0145 -0.0085 0.125 -0.015 -0.005 0.125 -0.0145 -0.007 0.125 -0.0165 -0.0075 0.125 -0.012 -0.007 0.125 -0.0115 -0.0105 0.125 -0.0125 -0.009 0.125 -0.014 -0.0065 0.125 -0.01 -0.0075 0.125 -0.012 -0.0085 0.125 -0.0115 -0.0075 0.125 -0.0145 -0.0075 0.125 -0.0115 0.0105 0.125 -0.0125 0.0105 0.1225 -0.0115 0.0105 0.1225 -0.015 0.0105 0.125 -0.015 0.0105 0.1225 -0.0165 0.0075 0.125 -0.015 0.0105 0.1225 -0.015 0.0105 0.125 -0.0165 0.0075 0.1225 -0.015 0.005 0.125 -0.0165 0.0075 0.1225 -0.0165 0.0075 0.125 -0.015 0.005 0.1225 -0.0125 0.005 0.1225 -0.015 0.005 0.125 -0.0115 0.005 0.125 -0.015 0.005 0.1225 -0.0115 0.005 0.1225 -0.01 0.0075 0.125 -0.0115 0.005 0.1225 -0.0115 0.005 0.125 -0.01 0.0075 0.1225 -0.01 0.0075 0.1225 -0.0115 0.0105 0.125 -0.0115 0.0105 0.1225 -0.01 0.0075 0.125 -0.015 0.005 0.125 -0.013 0.006 0.125 -0.0115 0.005 0.125 -0.012 0.0085 0.125 -0.0115 0.0105 0.125 -0.01 0.0075 0.125 -0.0115 0.0075 0.125 -0.012 0.007 0.125 -0.013 0.009 0.125 -0.015 0.0105 0.125 -0.0125 0.009 0.125 -0.0125 0.0065 0.125 -0.014 0.0065 0.125 -0.0145 0.007 0.125 -0.0165 0.0075 0.125 -0.0145 0.0075 0.125 -0.0145 0.0085 0.125 -0.014 0.009 0.125 0.0125 -0.0105 0.1225 0.015 -0.0105 0.125 0.015 -0.0105 0.1225 0.0115 -0.0105 0.125 0.0115 -0.0105 0.1225 0.015 -0.0105 0.125 0.0165 -0.0075 0.1225 0.015 -0.0105 0.1225 0.0165 -0.0075 0.125 0.015 -0.005 0.1225 0.0165 -0.0075 0.125 0.015 -0.005 0.125 0.0165 -0.0075 0.1225 0.0125 -0.005 0.1225 0.015 -0.005 0.125 0.0115 -0.005 0.125 0.0115 -0.005 0.1225 0.015 -0.005 0.1225 0.01 -0.0075 0.125 0.0115 -0.005 0.1225 0.0115 -0.005 0.125 0.01 -0.0075 0.1225 0.0115 -0.0105 0.125 0.01 -0.0075 0.1225 0.01 -0.0075 0.125 0.0115 -0.0105 0.1225 0.015 -0.0105 0.125 0.014 -0.009 0.125 0.0145 -0.0085 0.125 0.013 -0.006 0.125 0.0115 -0.005 0.125 0.015 -0.005 0.125 0.0115 -0.0105 0.125 0.013 -0.009 0.125 0.0165 -0.0075 0.125 0.0145 -0.0075 0.125 0.0145 -0.007 0.125 0.01 -0.0075 0.125 0.012 -0.007 0.125 0.0115 -0.0075 0.125 0.012 -0.0085 0.125 0.0125 -0.009 0.125 0.0125 -0.0065 0.125 0.014 -0.0065 0.125 0.0165 0.0075 0.1225 0.015 0.005 0.125 0.0165 0.0075 0.125 0.015 0.005 0.1225 0.0165 0.0075 0.125 0.015 0.0105 0.1225 0.0165 0.0075 0.1225 0.015 0.0105 0.125 0.0125 0.0105 0.1225 0.0115 0.0105 0.125 0.0115 0.0105 0.1225 0.015 0.0105 0.125 0.015 0.0105 0.1225 0.0115 0.0105 0.1225 0.01 0.0075 0.125 0.01 0.0075 0.1225 0.0115 0.0105 0.125 0.0115 0.005 0.1225 0.01 0.0075 0.125 0.0115 0.005 0.125 0.01 0.0075 0.1225 0.0125 0.005 0.1225 0.015 0.005 0.125 0.015 0.005 0.1225 0.0115 0.005 0.125 0.0115 0.005 0.1225 0.0145 0.007 0.125 0.015 0.005 0.125 0.014 0.0065 0.125 0.013 0.006 0.125 0.0165 0.0075 0.125 0.0145 0.0075 0.125 0.0115 0.005 0.125 0.0125 0.0065 0.125 0.012 0.007 0.125 0.01 0.0075 0.125 0.0115 0.0075 0.125 0.012 0.0085 0.125 0.0115 0.0105 0.125 0.0125 0.009 0.125 0.013 0.009 0.125 0.015 0.0105 0.125 0.0145 0.0085 0.125 0.014 0.009 0.125 0.0015 0.018 0.1225 0.003 0.0155 0.125 0.0015 0.018 0.125 0.003 0.0155 0.1225 0.0015 0.018 0.1225 -0.0015 0.018 0.125 -0.0015 0.018 0.1225 0.0015 0.018 0.125 -0.0015 0.018 0.1225 -0.003 0.0155 0.125 -0.003 0.0155 0.1225 -0.0015 0.018 0.125 -0.0015 0.0125 0.125 -0.003 0.0155 0.1225 -0.003 0.0155 0.125 -0.0015 0.0125 0.1225 0.0015 0.0125 0.125 -0.0015 0.0125 0.1225 -0.0015 0.0125 0.125 0.0015 0.0125 0.1225 0.003 0.0155 0.125 0.0015 0.0125 0.1225 0.0015 0.0125 0.125 0.003 0.0155 0.1225 -0.0015 0.016 0.125 -0.0015 0.018 0.125 -0.001 0.0165 0.125 0 0.0135 0.125 -0.0015 0.0125 0.125 -0.001 0.014 0.125 0.0015 0.016 0.125 0.003 0.0155 0.125 0.0015 0.0155 0.125 0.0015 0.0145 0.125 0.0015 0.0125 0.125 0.001 0.014 0.125 -0.0015 0.0145 0.125 -0.003 0.0155 0.125 -0.0015 0.0155 0.125 0.0015 0.018 0.125 0.001 0.0165 0.125 0 0.017 0.125 0 -0.0065 0.1275 0.0035 -0.0055 0.1255 0 -0.0065 0.1255 -0.0035 -0.0055 0.1275 -0.0035 -0.0055 0.1255 -0.0055 -0.0035 0.1275 -0.0055 -0.0035 0.1255 0.0035 -0.0055 0.1275 -0.0065 0 0.1275 -0.0065 0 0.1255 -0.0055 0.0035 0.1275 -0.0055 0.0035 0.1255 -0.0035 0.0055 0.1275 -0.0035 0.0055 0.1255 0 0.0065 0.1275 0 0.0065 0.1255 0.0035 0.0055 0.1275 0.0035 0.0055 0.1255 0.0055 0.0035 0.1275 0.0055 0.0035 0.1255 0.0065 0 0.1275 0.0065 0 0.1255 0.0055 -0.0035 0.1255 0.0055 -0.0035 0.1275 0.006 -0.01 0.1255 0.0055 -0.0035 0.1255 0.01 -0.006 0.1255 0.0065 0 0.1255 0.0035 -0.0055 0.1255 0.01 0.006 0.1255 0.0035 0.0055 0.1255 0.006 0.01 0.1255 0 -0.0115 0.1255 0 -0.0065 0.1255 -0.006 -0.01 0.1255 -0.0035 -0.0055 0.1255 -0.0055 -0.0035 0.1255 -0.01 -0.006 0.1255 -0.0115 0 0.1255 -0.0065 0 0.1255 -0.0055 0.0035 0.1255 -0.01 0.006 0.1255 -0.006 0.01 0.1255 -0.0035 0.0055 0.1255 0 0.0065 0.1255 0 0.0115 0.1255 0.0055 0.0035 0.1255 0.0115 0 0.1255 0.006 0.01 0.1255 0 0.0115 0.1225 0.006 0.01 0.1225 0.0115 0 0.1255 0.01 0.006 0.1225 0.0115 0 0.1225 0.01 0.006 0.1255 0 0.0115 0.1255 -0.006 0.01 0.1225 -0.006 0.01 0.1255 -0.01 0.006 0.1225 -0.01 0.006 0.1255 -0.0115 0 0.1225 -0.0115 0 0.1255 -0.01 -0.006 0.1225 -0.01 -0.006 0.1255 -0.006 -0.01 0.1225 -0.006 -0.01 0.1255 0 -0.0115 0.1225 0 -0.0115 0.1255 0.006 -0.01 0.1225 0.006 -0.01 0.1255 0.01 -0.006 0.1225 0.01 -0.006 0.1255 -0.017 0.015 0.123 -0.017 0.0155 0.125 -0.017 0.015 0.125 -0.016 0.014 0.123 -0.017 0.0155 0.123 -0.017 0.016 0.125 -0.017 0.016 0.123 -0.016 0.017 0.125 -0.016 0.017 0.123 -0.0155 0.017 0.125 -0.0155 0.017 0.123 -0.015 0.017 0.125 -0.015 0.017 0.123 -0.014 0.016 0.125 -0.014 0.016 0.123 -0.014 0.0155 0.125 -0.014 0.0155 0.123 -0.014 0.015 0.125 -0.014 0.015 0.123 -0.015 0.014 0.125 -0.015 0.014 0.123 -0.0155 0.014 0.125 -0.0155 0.014 0.123 -0.016 0.014 0.125 -0.0155 0.012 0.1275 -0.015 0.014 0.125 -0.0155 0.014 0.125 -0.0125 0.014 0.1275 -0.014 0.0155 0.125 -0.014 0.015 0.125 -0.012 0.0155 0.1275 -0.014 0.016 0.125 -0.014 0.0125 0.1275 -0.0125 0.017 0.1275 -0.015 0.017 0.125 -0.014 0.0185 0.1275 -0.0155 0.017 0.125 -0.0155 0.019 0.1275 -0.016 0.017 0.125 -0.017 0.0185 0.1275 -0.017 0.016 0.125 -0.0185 0.017 0.1275 -0.017 0.0155 0.125 -0.019 0.0155 0.1275 -0.017 0.015 0.125 -0.0185 0.014 0.1275 -0.016 0.014 0.125 -0.017 0.0125 0.1275 0.015 0.017 0.123 0.0155 0.017 0.125 0.015 0.017 0.125 0.0155 0.017 0.123 0.016 0.017 0.125 0.016 0.017 0.123 0.017 0.016 0.125 0.017 0.016 0.123 0.017 0.0155 0.125 0.017 0.0155 0.123 0.017 0.015 0.125 0.017 0.015 0.123 0.016 0.014 0.125 0.016 0.014 0.123 0.0155 0.014 0.125 0.0155 0.014 0.123 0.014 0.016 0.123 0.014 0.016 0.125 0.014 0.0155 0.123 0.014 0.0155 0.125 0.014 0.015 0.123 0.014 0.015 0.125 0.015 0.014 0.123 0.015 0.014 0.125 0.0155 0.012 0.1275 0.016 0.014 0.125 0.0155 0.014 0.125 0.017 0.0125 0.1275 0.017 0.015 0.125 0.0185 0.014 0.1275 0.017 0.0155 0.125 0.019 0.0155 0.1275 0.017 0.016 0.125 0.0185 0.017 0.1275 0.016 0.017 0.125 0.017 0.0185 0.1275 0.0155 0.017 0.125 0.014 0.0185 0.1275 0.014 0.016 0.125 0.015 0.017 0.125 0.0125 0.017 0.1275 0.014 0.0155 0.125 0.012 0.0155 0.1275 0.014 0.015 0.125 0.0125 0.014 0.1275 0.015 0.014 0.125 0.014 0.0125 0.1275 0.0155 0.019 0.1275 0.015 -0.014 0.123 0.0155 -0.014 0.125 0.015 -0.014 0.125 0.014 -0.0155 0.123 0.014 -0.015 0.125 0.014 -0.0155 0.125 0.014 -0.016 0.123 0.014 -0.016 0.125 0.015 -0.017 0.123 0.015 -0.017 0.125 0.0155 -0.017 0.123 0.0155 -0.017 0.125 0.0155 -0.014 0.123 0.016 -0.014 0.125 0.016 -0.014 0.123 0.017 -0.015 0.125 0.017 -0.015 0.123 0.017 -0.0155 0.125 0.017 -0.0155 0.123 0.017 -0.016 0.125 0.016 -0.017 0.123 0.016 -0.017 0.125 0.017 -0.016 0.123 0.014 -0.015 0.123 0.016 -0.014 0.125 0.0185 -0.014 0.1275 0.017 -0.0125 0.1275 0.017 -0.015 0.125 0.019 -0.0155 0.1275 0.017 -0.0155 0.125 0.0185 -0.017 0.1275 0.017 -0.016 0.125 0.017 -0.0185 0.1275 0.016 -0.017 0.125 0.0155 -0.019 0.1275 0.0155 -0.014 0.125 0.0155 -0.012 0.1275 0.015 -0.014 0.125 0.014 -0.0125 0.1275 0.014 -0.015 0.125 0.0125 -0.014 0.1275 0.014 -0.0155 0.125 0.012 -0.0155 0.1275 0.014 -0.016 0.125 0.0125 -0.017 0.1275 0.015 -0.017 0.125 0.014 -0.0185 0.1275 0.0155 -0.017 0.125 -0.0155 -0.017 0.123 -0.016 -0.017 0.125 -0.0155 -0.017 0.125 -0.017 -0.016 0.125 -0.016 -0.017 0.123 -0.017 -0.016 0.123 -0.017 -0.0155 0.125 -0.017 -0.0155 0.123 -0.017 -0.015 0.125 -0.017 -0.015 0.123 -0.016 -0.014 0.125 -0.016 -0.014 0.123 -0.0155 -0.014 0.125 -0.0155 -0.014 0.123 -0.015 -0.014 0.125 -0.015 -0.014 0.123 -0.014 -0.015 0.125 -0.014 -0.015 0.123 -0.014 -0.0155 0.125 -0.014 -0.0155 0.123 -0.014 -0.016 0.125 -0.014 -0.016 0.123 -0.015 -0.017 0.125 -0.015 -0.017 0.123 -0.0155 -0.019 0.1275 -0.015 -0.017 0.125 -0.0155 -0.017 0.125 -0.014 -0.0185 0.1275 -0.014 -0.016 0.125 -0.0125 -0.017 0.1275 -0.014 -0.0155 0.125 -0.012 -0.0155 0.1275 -0.014 -0.015 0.125 -0.0125 -0.014 0.1275 -0.015 -0.014 0.125 -0.014 -0.0125 0.1275 -0.0155 -0.014 0.125 -0.0155 -0.012 0.1275 -0.016 -0.014 0.125 -0.017 -0.0125 0.1275 -0.017 -0.015 0.125 -0.0185 -0.014 0.1275 -0.017 -0.0155 0.125 -0.019 -0.0155 0.1275 -0.017 -0.016 0.125 -0.0185 -0.017 0.1275 -0.016 -0.017 0.125 -0.017 -0.0185 0.1275 -0.0145 -0.007 0.127 -0.0145 -0.0075 0.125 -0.0145 -0.007 0.125 -0.014 -0.009 0.127 -0.013 -0.009 0.125 -0.014 -0.009 0.125 -0.013 -0.009 0.127 -0.0125 -0.009 0.125 -0.012 -0.0085 0.127 -0.0115 -0.0075 0.125 -0.012 -0.0085 0.125 -0.0145 -0.0085 0.127 -0.0145 -0.0085 0.125 -0.0145 -0.0075 0.127 -0.014 -0.0065 0.127 -0.0125 -0.009 0.127 -0.013 -0.006 0.125 -0.0125 -0.0065 0.127 -0.013 -0.006 0.127 -0.0125 -0.0065 0.125 -0.012 -0.007 0.127 -0.012 -0.007 0.125 -0.0115 -0.0075 0.127 -0.014 -0.0065 0.125 -0.014 0.0065 0.127 -0.013 0.006 0.125 -0.014 0.0065 0.125 -0.0145 0.007 0.127 -0.0145 0.007 0.125 -0.0145 0.0075 0.127 -0.0145 0.0075 0.125 -0.0145 0.0085 0.127 -0.0145 0.0085 0.125 -0.014 0.009 0.127 -0.014 0.009 0.125 -0.013 0.009 0.127 -0.013 0.009 0.125 -0.0125 0.009 0.127 -0.0125 0.009 0.125 -0.012 0.0085 0.127 -0.012 0.0085 0.125 -0.0115 0.0075 0.127 -0.0115 0.0075 0.125 -0.012 0.007 0.127 -0.012 0.007 0.125 -0.0125 0.0065 0.127 -0.0125 0.0065 0.125 -0.013 0.006 0.127 0 0.0135 0.125 -0.001 0.014 0.127 0 0.0135 0.127 -0.0015 0.0145 0.127 -0.001 0.014 0.125 -0.0015 0.0145 0.125 -0.0015 0.0155 0.127 -0.0015 0.0155 0.125 -0.0015 0.016 0.127 -0.0015 0.016 0.125 -0.001 0.0165 0.127 -0.001 0.0165 0.125 0 0.017 0.127 0 0.017 0.125 0.001 0.0165 0.127 0.001 0.0165 0.125 0.0015 0.016 0.127 0.0015 0.016 0.125 0.0015 0.0155 0.127 0.0015 0.0155 0.125 0.0015 0.0145 0.127 0.0015 0.0145 0.125 0.001 0.014 0.127 0.001 0.014 0.125 0.0125 0.0065 0.127 0.013 0.006 0.125 0.0125 0.0065 0.125 0.012 0.007 0.127 0.012 0.007 0.125 0.0115 0.0075 0.127 0.0115 0.0075 0.125 0.012 0.0085 0.127 0.012 0.0085 0.125 0.0125 0.009 0.127 0.0125 0.009 0.125 0.013 0.009 0.127 0.013 0.009 0.125 0.014 0.009 0.127 0.014 0.009 0.125 0.0145 0.0085 0.127 0.0145 0.0085 0.125 0.0145 0.0075 0.127 0.0145 0.0075 0.125 0.0145 0.007 0.127 0.0145 0.007 0.125 0.014 0.0065 0.127 0.014 0.0065 0.125 0.013 0.006 0.127 0.0125 -0.009 0.127 0.013 -0.009 0.125 0.0125 -0.009 0.125 0.012 -0.0085 0.127 0.012 -0.0085 0.125 0.0115 -0.0075 0.127 0.0115 -0.0075 0.125 0.012 -0.007 0.127 0.012 -0.007 0.125 0.0125 -0.0065 0.127 0.0125 -0.0065 0.125 0.013 -0.006 0.127 0.013 -0.006 0.125 0.014 -0.0065 0.127 0.014 -0.0065 0.125 0.0145 -0.007 0.127 0.0145 -0.007 0.125 0.0145 -0.0075 0.127 0.0145 -0.0075 0.125 0.0145 -0.0085 0.127 0.0145 -0.0085 0.125 0.014 -0.009 0.127 0.014 -0.009 0.125 0.013 -0.009 0.127 0 -0.017 0.125 -0.001 -0.0165 0.127 0 -0.017 0.127 -0.001 -0.0165 0.125 -0.0015 -0.016 0.127 -0.0015 -0.016 0.125 -0.0015 -0.0155 0.127 -0.0015 -0.0155 0.125 -0.0015 -0.0145 0.127 -0.0015 -0.0145 0.125 -0.001 -0.014 0.127 -0.001 -0.014 0.125 0 -0.0135 0.127 0 -0.0135 0.125 0.001 -0.014 0.127 0.001 -0.014 0.125 0.0015 -0.0145 0.127 0.0015 -0.0145 0.125 0.0015 -0.0155 0.127 0.0015 -0.0155 0.125 0.0015 -0.016 0.127 0.0015 -0.016 0.125 0.001 -0.0165 0.127 0.001 -0.0165 0.125 0.017 -0.0155 0.123 0.017 -0.0145 0.1225 0.0175 -0.0155 0.1225 0.017 -0.015 0.123 0.0165 -0.014 0.1225 0.016 -0.014 0.123 0.0155 -0.0135 0.1225 0.017 -0.016 0.123 0.017 -0.0165 0.1225 0.016 -0.017 0.123 0.0165 -0.017 0.1225 0.0155 -0.017 0.123 0.0155 -0.0175 0.1225 0.015 -0.017 0.123 0.0145 -0.017 0.1225 0.014 -0.016 0.123 0.014 -0.0165 0.1225 0.014 -0.0155 0.123 0.0135 -0.0155 0.1225 0.014 -0.015 0.123 0.014 -0.0145 0.1225 0.015 -0.014 0.123 0.0145 -0.014 0.1225 0.0155 -0.014 0.123 0.0155 0.0175 0.1225 0.016 0.017 0.123 0.0155 0.017 0.123 0.0165 0.017 0.1225 0.017 0.016 0.123 0.017 0.0165 0.1225 0.017 0.0155 0.123 0.0175 0.0155 0.1225 0.017 0.015 0.123 0.017 0.0145 0.1225 0.016 0.014 0.123 0.0165 0.014 0.1225 0.0155 0.014 0.123 0.0155 0.0135 0.1225 0.015 0.014 0.123 0.0145 0.014 0.1225 0.014 0.015 0.123 0.014 0.0145 0.1225 0.014 0.0155 0.123 0.0135 0.0155 0.1225 0.014 0.016 0.123 0.014 0.0165 0.1225 0.015 0.017 0.123 0.0145 0.017 0.1225 0.015 -0.0085 0.1275 0.0145 -0.0075 0.127 0.0145 -0.0085 0.127 0.014 -0.0095 0.1275 0.014 -0.009 0.127 0.013 -0.0095 0.1275 0.013 -0.009 0.127 0.015 -0.0065 0.1275 0.014 -0.0065 0.127 0.0145 -0.007 0.127 0.014 -0.006 0.1275 0.013 -0.006 0.127 0.013 -0.0055 0.1275 0.0125 -0.0065 0.127 0.012 -0.006 0.1275 0.012 -0.007 0.127 0.0115 -0.0065 0.1275 0.0115 -0.0075 0.127 0.011 -0.0075 0.1275 0.012 -0.0085 0.127 0.0115 -0.0085 0.1275 0.0125 -0.009 0.127 0.012 -0.0095 0.1275 0.015 -0.0075 0.1275 -0.0155 -0.0135 0.1225 -0.015 -0.014 0.123 -0.0155 -0.014 0.123 -0.0145 -0.014 0.1225 -0.014 -0.015 0.123 -0.014 -0.0145 0.1225 -0.014 -0.0155 0.123 -0.0135 -0.0155 0.1225 -0.014 -0.016 0.123 -0.0145 -0.017 0.1225 -0.0155 -0.017 0.123 -0.015 -0.017 0.123 -0.0155 -0.0175 0.1225 -0.016 -0.017 0.123 -0.0165 -0.017 0.1225 -0.017 -0.016 0.123 -0.017 -0.0165 0.1225 -0.017 -0.0155 0.123 -0.0175 -0.0155 0.1225 -0.017 -0.015 0.123 -0.017 -0.0145 0.1225 -0.016 -0.014 0.123 -0.0165 -0.014 0.1225 -0.014 -0.0165 0.1225 0.0125 0.0065 0.127 0.0115 0.0065 0.1275 0.012 0.006 0.1275 0.012 0.007 0.127 0.011 0.0075 0.1275 0.0115 0.0075 0.127 0.0115 0.0085 0.1275 0.012 0.0085 0.127 0.012 0.0095 0.1275 0.0125 0.009 0.127 0.013 0.0095 0.1275 0.013 0.009 0.127 0.014 0.0095 0.1275 0.014 0.009 0.127 0.015 0.0085 0.1275 0.013 0.006 0.127 0.013 0.0055 0.1275 0.0145 0.0075 0.127 0.015 0.0065 0.1275 0.015 0.0075 0.1275 0.0145 0.007 0.127 0.014 0.006 0.1275 0.014 0.0065 0.127 0.0145 0.0085 0.127 -0.014 0.0145 0.1225 -0.015 0.014 0.123 -0.014 0.015 0.123 -0.0145 0.014 0.1225 -0.0155 0.014 0.123 -0.0155 0.0135 0.1225 -0.016 0.014 0.123 -0.0165 0.014 0.1225 -0.017 0.015 0.123 -0.017 0.0145 0.1225 -0.017 0.0155 0.123 -0.0175 0.0155 0.1225 -0.017 0.016 0.123 -0.017 0.0165 0.1225 -0.016 0.017 0.123 -0.0165 0.017 0.1225 -0.0155 0.017 0.123 -0.0155 0.0175 0.1225 -0.014 0.0165 0.1225 -0.014 0.0155 0.123 -0.014 0.016 0.123 -0.0145 0.017 0.1225 -0.015 0.017 0.123 -0.0135 0.0155 0.1225 0.0015 0.016 0.1275 0.001 0.0165 0.127 0.0015 0.016 0.127 -0.001 0.0165 0.127 0 0.017 0.1275 -0.001 0.017 0.1275 0 0.017 0.127 0.001 0.017 0.1275 0.002 0.0155 0.1275 0.0015 0.0155 0.127 0.0015 0.0145 0.1275 0.0015 0.0145 0.127 0.001 0.0135 0.1275 0.001 0.014 0.127 0 0.013 0.1275 -0.0015 0.0155 0.127 -0.0015 0.016 0.1275 -0.002 0.0155 0.1275 -0.0015 0.0145 0.127 -0.0015 0.0145 0.1275 -0.001 0.014 0.127 -0.001 0.0135 0.1275 0 0.0135 0.127 -0.0015 0.016 0.127 -0.0145 0.0085 0.127 -0.014 0.0095 0.1275 -0.015 0.0085 0.1275 -0.015 0.0075 0.1275 -0.0145 0.007 0.127 -0.0145 0.0075 0.127 -0.015 0.0065 0.1275 -0.014 0.0065 0.127 -0.014 0.006 0.1275 -0.013 0.006 0.127 -0.013 0.0055 0.1275 -0.014 0.009 0.127 -0.013 0.0095 0.1275 -0.013 0.009 0.127 -0.012 0.0095 0.1275 -0.0125 0.009 0.127 -0.0115 0.0085 0.1275 -0.012 0.0085 0.127 -0.011 0.0075 0.1275 -0.0115 0.0075 0.127 -0.0115 0.0065 0.1275 -0.012 0.007 0.127 -0.012 0.006 0.1275 -0.0125 0.0065 0.127 -0.001 -0.017 0.1275 0 -0.017 0.127 -0.001 -0.0165 0.127 -0.0015 -0.016 0.1275 -0.0015 -0.016 0.127 -0.002 -0.0155 0.1275 -0.0015 -0.0155 0.127 -0.0015 -0.0145 0.1275 -0.0015 -0.0145 0.127 -0.001 -0.0135 0.1275 -0.001 -0.014 0.127 0 -0.013 0.1275 0 -0.0135 0.127 0.001 -0.0135 0.1275 0.001 -0.014 0.127 0.0015 -0.0145 0.1275 0.0015 -0.0145 0.127 0.002 -0.0155 0.1275 0.0015 -0.0155 0.127 0.0015 -0.016 0.1275 0.0015 -0.016 0.127 0.001 -0.017 0.1275 0.001 -0.0165 0.127 0 -0.017 0.1275 -0.013 -0.006 0.127 -0.012 -0.006 0.1275 -0.013 -0.0055 0.1275 -0.0125 -0.0065 0.127 -0.0115 -0.0065 0.1275 -0.012 -0.007 0.127 -0.011 -0.0075 0.1275 -0.0115 -0.0075 0.127 -0.0115 -0.0085 0.1275 -0.012 -0.0085 0.127 -0.012 -0.0095 0.1275 -0.0125 -0.009 0.127 -0.013 -0.0095 0.1275 -0.014 -0.0065 0.127 -0.014 -0.006 0.1275 -0.0145 -0.007 0.127 -0.015 -0.0065 0.1275 -0.0145 -0.0075 0.127 -0.014 -0.0095 0.1275 -0.013 -0.009 0.127 -0.014 -0.009 0.127 -0.015 -0.0075 0.1275 -0.0145 -0.0085 0.127 -0.015 -0.0085 0.1275 0 0.031 0.127 0.0105 0.0285 0.1275 0.0105 0.029 0.127 0.0195 0.0235 0.1275 0.02 0.0235 0.127 0.0265 0.0155 0.1275 0.027 0.0155 0.127 0.0305 0.0055 0.127 0.0285 0.011 0.1275 0.03 0.0055 0.1275 0.03 -0.0055 0.1275 0.0305 -0.0055 0.127 0.027 -0.0155 0.127 0.0275 -0.013 0.1275 0.0265 -0.0155 0.1275 0.0195 -0.0235 0.1275 0.02 -0.0235 0.127 0.0105 -0.0285 0.1275 0.0105 -0.029 0.127 0 -0.031 0.127 0.0045 -0.03 0.1275 0 -0.0305 0.1275 -0.0105 -0.0285 0.1275 -0.0105 -0.029 0.127 -0.0195 -0.0235 0.1275 -0.02 -0.0235 0.127 -0.0265 -0.0155 0.1275 -0.027 -0.0155 0.127 -0.0305 -0.0055 0.127 -0.0295 -0.008 0.1275 -0.03 -0.0055 0.1275 -0.03 0.0055 0.1275 -0.0305 0.0055 0.127 -0.0265 0.0155 0.1275 -0.027 0.0155 0.127 -0.0195 0.0235 0.1275 -0.02 0.0235 0.127 -0.0105 0.0285 0.1275 -0.0105 0.029 0.127 0 0.0305 0.1275 -0.0285 -0.011 0.1275 -0.0275 -0.013 0.1275 0.0295 -0.008 0.1275 0.0285 -0.011 0.1275 -0.0305 0 0.1235 -0.0295 -0.005 0.123 -0.03 -0.0055 0.1235 0.0055 0.03 0.1235 0.0105 0.029 0.125 0.0105 0.029 0.1235 0.0155 0.027 0.125 0.0155 0.0265 0.1235 0.02 0.0235 0.125 0.0195 0.0235 0.1235 0.0235 0.02 0.125 0.0235 0.0195 0.1235 0.027 0.0155 0.125 0.0265 0.0155 0.1235 0.029 0.0105 0.125 0.029 0.0105 0.1235 0.0305 0.0055 0.125 0.03 0.0055 0.1235 0.031 0 0.125 0.0305 0 0.1235 0.0305 -0.0055 0.125 0.03 -0.0055 0.1235 0.029 -0.0105 0.125 0.029 -0.0105 0.1235 0.027 -0.0155 0.125 0.0265 -0.0155 0.1235 0.0235 -0.02 0.125 0.0235 -0.0195 0.1235 0.02 -0.0235 0.125 0.0195 -0.0235 0.1235 0.0155 -0.027 0.125 0.0155 -0.0265 0.1235 0.0105 -0.029 0.125 0.0105 -0.029 0.1235 0.0055 -0.0305 0.125 0.0055 -0.03 0.1235 0 -0.031 0.125 0 -0.0305 0.1235 -0.0055 -0.0305 0.125 -0.0055 -0.03 0.1235 -0.0105 -0.029 0.125 -0.0105 -0.029 0.1235 -0.0155 -0.027 0.125 -0.0155 -0.0265 0.1235 -0.02 -0.0235 0.125 -0.0195 -0.0235 0.1235 -0.0235 -0.02 0.125 -0.0235 -0.0195 0.1235 -0.027 -0.0155 0.125 -0.0265 -0.0155 0.1235 -0.029 -0.0105 0.125 -0.029 -0.0105 0.1235 -0.0305 -0.0055 0.125 -0.031 0 0.125 -0.0305 0.0055 0.125 -0.03 0.0055 0.1235 -0.029 0.0105 0.125 -0.029 0.0105 0.1235 -0.027 0.0155 0.125 -0.0265 0.0155 0.1235 -0.0235 0.02 0.125 -0.0235 0.0195 0.1235 -0.02 0.0235 0.125 -0.0195 0.0235 0.1235 -0.0155 0.027 0.125 -0.0155 0.0265 0.1235 -0.0105 0.029 0.125 -0.0105 0.029 0.1235 -0.0055 0.0305 0.125 -0.0055 0.03 0.1235 0 0.031 0.125 0 0.0305 0.1235 0 0.0295 0.123 0.005 0.0295 0.123 0.01 0.028 0.123 0.015 0.026 0.123 0.019 0.023 0.123 0.023 0.019 0.123 0.026 0.015 0.123 0.028 0.01 0.123 0.0295 0.005 0.123 0.0295 0 0.123 0.0295 -0.005 0.123 0.028 -0.01 0.123 0.026 -0.015 0.123 0.023 -0.019 0.123 0.019 -0.023 0.123 0.015 -0.026 0.123 0.01 -0.028 0.123 0.005 -0.0295 0.123 0 -0.0295 0.123 -0.005 -0.0295 0.123 -0.01 -0.028 0.123 -0.015 -0.026 0.123 -0.019 -0.023 0.123 -0.023 -0.019 0.123 -0.026 -0.015 0.123 -0.028 -0.01 0.123 -0.0295 0 0.123 -0.0295 0.005 0.123 -0.028 0.01 0.123 -0.026 0.015 0.123 -0.023 0.019 0.123 -0.019 0.023 0.123 -0.015 0.026 0.123 -0.01 0.028 0.123 -0.005 0.0295 0.123 0 0.0285 0.1225 0.005 0.028 0.1225 0.0095 0.027 0.1225 0.014 0.0245 0.1225 0.0185 0.022 0.1225 0.022 0.0185 0.1225 0.0245 0.014 0.1225 0.0255 0.013 0.1225 0.027 0.0095 0.1225 0.028 0.005 0.1225 0.0285 0 0.1225 0.028 -0.005 0.1225 0.027 -0.0095 0.1225 0.026 -0.012 0.1225 0.0245 -0.014 0.1225 0.022 -0.0185 0.1225 0.0185 -0.022 0.1225 0.014 -0.0245 0.1225 0.0095 -0.027 0.1225 0.005 -0.028 0.1225 0 -0.0285 0.1225 -0.005 -0.028 0.1225 -0.0095 -0.027 0.1225 -0.014 -0.0245 0.1225 -0.0185 -0.022 0.1225 -0.022 -0.0185 0.1225 -0.0245 -0.014 0.1225 -0.027 -0.0095 0.1225 -0.028 -0.005 0.1225 0.0055 0.0305 0.125 0.026 0.012 0.1225 0.0265 0.011 0.1225 -0.0285 0 0.1225 -0.028 0.005 0.1225 -0.026 0.012 0.1225 -0.0255 0.013 0.1225 -0.0245 0.014 0.1225 -0.0265 0.011 0.1225 -0.022 0.0185 0.1225 -0.0185 0.022 0.1225 -0.014 0.0245 0.1225 -0.0095 0.027 0.1225 -0.005 0.028 0.1225 -0.027 0.0095 0.1225 0 0.0084 0.1344 -0.0012 0.0096 0.1344 0 0.0108 0.1344 0.0024 0.0096 0.1344 0.0012 0.0156 0.1344 0.0084 -0.0156 0.1344 0.0084 -0.0144 0.1344 0.0132 -0.018 0.1344 0.0108 -0.018 0.1344 -0.006 -0.0132 0.1344 -0.0084 -0.0144 0.1344 -0.0072 -0.012 0.1344 -0.012 -0.0072 0.1344 -0.0132 -0.006 0.1344 -0.012 -0.006 0.1344 -0.0096 0.0072 0.1344 -0.0096 0.0048 0.1344 -0.0108 0.0072 0.1344 -0.006 0.0132 0.1344 -0.0072 0.012 0.1344 -0.0072 0.0132 0.1344 -0.012 0.0168 0.1344 -0.0096 0.0168 0.1344 -0.0168 0.0072 0.1344 -0.0144 0.0096 0.1344 -0.0144 0.0084 0.1344 0.0072 0.0108 0.1344 0.0048 0.0108 0.1344 0.0072 0.012 0.1344 0.0096 0.012 0.1344 0.0084 0.0108 0.1344 0.0012 0.0168 0.1344 0.0024 0.0156 0.1344 0.0036 0.0072 0.1344 -0.0012 0.0072 0.1344 -0.0024 0.0084 0.1344 -0.0048 0.006 0.1344 -0.0084 -0.0024 0.1344 -0.0072 0.0024 0.1344 -0.0072 -0.0024 0.1344 -0.006 -0.0096 0.1344 -0.006 -0.006 0.1344 -0.0024 -0.0084 0.1344 -0.006 -0.012 0.1344 -0.0012 -0.0108 0.1344 0.0012 -0.0108 0.1344 0.0024 -0.0096 0.1344 0.0036 -0.0096 0.1344 0.006 -0.0072 0.1344 0.0108 -0.0084 0.1344 0.0108 -0.006 0.1344 0.0096 0.0012 0.1344 0.0084 -0.0036 0.1344 0.0084 0.0012 0.1344 0.012 -0.0084 0.1344 0.018 -0.0084 0.1344 0.0168 -0.0108 0.1344 0.0156 -0.0096 0.1344 0.0132 0.006 0.1344 0.0144 0.0048 0.1344 0.0132 0.0036 0.1344 -0.0048 0.0072 0.1344 -0.0036 0.0108 0.1344 0.0024 -0.012 0.1344 0.0012 -0.012 0.1344 0 -0.0144 0.1344 0 -0.0168 0.1344 -0.0036 -0.012 0.1344 -0.0048 -0.0132 0.1344 0 -0.0192 0.1344 -0.0012 -0.0168 0.1344 0.0012 -0.0204 0.1344 0.0024 -0.0192 0.1344 0.0036 -0.0204 0.1344 0.0048 -0.0192 0.1344 0.006 -0.0192 0.1344 0.0072 -0.0168 0.1344 0.0072 -0.0096 0.1344 0.0048 -0.012 0.1344 -0.0072 0.018 0.1344 -0.0084 0.0204 0.1344 -0.0072 0.0204 0.1344 -0.0048 0.018 0.1344 -0.006 0.0204 0.1344 -0.0024 0.0192 0.1344 -0.0024 0.0204 0.1344 -0.0012 0.0216 0.1344 0.0012 0.0192 0.1344 0 0.0216 0.1344 0.0048 0.0204 0.1344 0.0072 0.0216 0.1344 0.0084 0.0216 0.1344 0.0132 0.018 0.1344 0.012 0.0192 0.1344 0.0132 0.0192 0.1344 0.0132 0.0168 0.1344 0.0156 0.012 0.1344 0.018 0.0132 0.1344 0.018 0.012 0.1344 0.024 -0.0012 0.1344 0.0204 -0.0012 0.1344 0.0216 0 0.1344 0.0192 -0.0048 0.1344 0.0228 -0.0036 0.1344 0.0192 -0.012 0.1344 0.0192 -0.0132 0.1344 0.0168 -0.0132 0.1344 0.0144 -0.0192 0.1344 0.0132 -0.0204 0.1344 0.0084 -0.0192 0.1344 0.0096 -0.0204 0.1344 0.0084 -0.0204 0.1344 0.0048 -0.0216 0.1344 0.0048 -0.0228 0.1344 0.0036 -0.0216 0.1344 -0.0072 -0.0096 0.1344 -0.0012 0.018 0.1344 -0.0036 0.018 0.1344 -0.0048 0.0168 0.1344 0.0108 -0.0036 0.1344 -0.006 0.0156 0.1344 0 0.0168 0.1344 -0.006 0.012 0.1344 0.0012 0.0132 0.1344 0.0084 -0.012 0.1344 0.0084 -0.0108 0.1344 0.0096 -0.0096 0.1344 0.0108 -0.0096 0.1344 0.0084 -0.0168 0.1344 0.0096 -0.018 0.1344 -0.0096 -0.018 0.1344 -0.012 -0.0144 0.1344 -0.0096 -0.0168 0.1344 -0.0072 -0.0144 0.1344 -0.0096 -0.0156 0.1344 -0.0108 -0.0192 0.1344 -0.0096 -0.0144 0.1344 -0.0132 -0.0084 0.1344 -0.012 -0.0036 0.1344 -0.0096 -0.0072 0.1344 -0.0144 -0.0072 0.1344 -0.0072 -0.0084 0.1344 -0.0096 0.0024 0.1344 -0.012 -0.0024 0.1344 -0.0108 0.0012 0.1344 -0.0132 -0.0012 0.1344 -0.0156 0 0.1344 -0.0144 -0.0012 0.1344 -0.0156 -0.0012 0.1344 -0.0132 0 0.1344 -0.0072 0.0108 0.1344 -0.0072 0.0096 0.1344 -0.0084 0.0084 0.1344 -0.0096 0.0084 0.1344 -0.0072 0.0156 0.1344 -0.0084 0.0168 0.1344 -0.0156 0.0096 0.1344 -0.018 0.0108 0.1344 -0.012 0.0084 0.1344 -0.0108 0.0084 0.1344 -0.0036 -0.0216 0.1344 -0.0036 -0.024 0.1344 -0.0048 -0.0216 0.1344 -0.006 -0.0216 0.1344 -0.012 -0.0192 0.1344 -0.0132 -0.0132 0.1344 -0.018 -0.0144 0.1344 -0.0144 -0.012 0.1344 -0.0156 -0.0084 0.1344 -0.0204 -0.0048 0.1344 -0.0204 -0.006 0.1344 -0.0216 -0.0048 0.1344 -0.0216 -0.0024 0.1344 -0.0216 -0.0012 0.1344 -0.0216 0 0.1344 -0.0228 0.0012 0.1344 -0.0228 0.0024 0.1344 -0.0168 0.0012 0.1344 -0.0168 0 0.1344 -0.018 0 0.1344 -0.0156 0.0144 0.1344 -0.0156 0.012 0.1344 -0.0168 0.0132 0.1344 -0.0156 0.0108 0.1344 -0.0132 0.0084 0.1344 0.0024 0.012 0.1344 0.0024 0.0144 0.1344 -0.018 0.0132 0.1344 -0.0144 0.0168 0.1344 0.0036 0.012 0.1344 0.0108 0.0156 0.1344 0.0132 0.0132 0.1344 0.0108 0.0144 0.1344 0.0108 0.0132 0.1344 0.0084 0.0132 0.1344 0.0108 0.0168 0.1344 -0.0192 0.0084 0.1344 -0.0192 0.0096 0.1344 -0.0204 0.0048 0.1344 -0.018 0.0048 0.1344 -0.0204 0.0036 0.1344 -0.0204 0.0084 0.1344 -0.0204 0.006 0.1344 -0.0204 0.0072 0.1344 0.0024 0.0192 0.1344 0.0036 0.0192 0.1344 0.0012 0.018 0.1344 0.0072 0.0048 0.1344 -0.0216 0.0072 0.1344 -0.0192 -0.0012 0.1344 -0.018 0.0036 0.1344 -0.0216 0.0036 0.1344 -0.0192 0 0.1344 -0.0216 0.0024 0.1344 0.0168 -0.012 0.1344 0.0156 -0.0108 0.1344 0.0144 -0.0096 0.1344 0.012 -0.0096 0.1344 -0.018 -0.0084 0.1344 0.0144 -0.0108 0.1344 0.0132 0.0024 0.1344 0.0108 0.006 0.1344 -0.0216 -0.0036 0.1344 -0.0228 -0.0036 0.1344 -0.0192 -0.0108 0.1344 -0.0204 -0.0072 0.1344 -0.0204 -0.0108 0.1344 0.0144 0.006 0.1344 0.0156 0.006 0.1344 0.0084 0.0072 0.1344 0.0084 0.0084 0.1344 0.0132 0.0012 0.1344 0.012 -0.0024 0.1344 0.0168 -0.0012 0.1344 0.0156 0 0.1344 -0.018 -0.0096 0.1344 -0.0168 -0.0096 0.1344 -0.018 -0.012 0.1344 -0.0144 -0.0096 0.1344 -0.0156 -0.0096 0.1344 0.0144 0 0.1344 0.0144 -0.0012 0.1344 -0.0024 -0.0132 0.1344 -0.0012 -0.0144 0.1344 -0.0012 -0.0156 0.1344 0 -0.0204 0.1344 -0.0012 -0.0204 0.1344 0.0012 -0.018 0.1344 0.0072 -0.0132 0.1344 -0.0096 0.0192 0.1344 -0.0108 0.0192 0.1344 -0.0096 0.0204 0.1344 -0.0108 0.018 0.1344 -0.012 0.018 0.1344 -0.0048 0.0192 0.1344 -0.0048 0.0204 0.1344 -0.0048 0.0216 0.1344 -0.0036 0.0204 0.1344 -0.0036 0.0216 0.1344 -0.0144 -0.0168 0.1344 -0.0144 -0.0156 0.1344 -0.0156 -0.0156 0.1344 -0.0144 -0.018 0.1344 -0.0036 0.0192 0.1344 0.0012 0.0228 0.1344 0.0024 0.0228 0.1344 0.0024 0.0216 0.1344 0.0036 0.0204 0.1344 -0.0168 -0.0156 0.1344 0.0036 0.0216 0.1344 0.006 0.0216 0.1344 0.0108 0.0192 0.1344 0.0084 0.0192 0.1344 0.0096 0.0192 0.1344 -0.0144 -0.0192 0.1344 -0.0132 -0.0192 0.1344 0.0168 0.0156 0.1344 0.0156 0.0156 0.1344 0.018 0.0144 0.1344 0.0144 0.0168 0.1344 0.0228 0.006 0.1344 0.0204 0.0036 0.1344 0.0216 0.0072 0.1344 -0.0096 -0.0204 0.1344 -0.0096 -0.0216 0.1344 0.0228 0.0048 0.1344 0.0204 0.0084 0.1344 0.0192 0.0084 0.1344 0.0204 0.0096 0.1344 0.018 0.0084 0.1344 0.0204 0.0108 0.1344 -0.0072 -0.0216 0.1344 -0.0084 -0.0216 0.1344 -0.0048 -0.0228 0.1344 0 -0.0228 0.1344 0.0192 0.0072 0.1344 0.0156 0.0108 0.1344 0.0168 0.0072 0.1344 0.0156 0.0084 0.1344 0.0228 0.0036 0.1344 0.0168 0.0084 0.1344 -0.0012 -0.0228 0.1344 -0.0024 -0.024 0.1344 0.0012 -0.0216 0.1344 0.0012 -0.0228 0.1344 0.0024 -0.0204 0.1344 0.0024 -0.0228 0.1344 0.0036 -0.024 0.1344 0.0024 -0.024 0.1344 0.0036 -0.0228 0.1344 0.024 0 0.1344 0.0228 0.0012 0.1344 0.0228 -0.0024 0.1344 0.0228 0.0024 0.1344 0.006 -0.0216 0.1344 0.0072 -0.0192 0.1344 0.0072 -0.0204 0.1344 0.006 -0.0204 0.1344 0.0072 -0.0216 0.1344 0.0072 -0.0228 0.1344 0.018 -0.0012 0.1344 0.0204 -0.0024 0.1344 0.018 -0.0024 0.1344 0.0192 -0.0024 0.1344 0.0084 -0.0216 0.1344 0.0084 -0.0228 0.1344 0.0228 -0.0048 0.1344 0.0192 -0.0072 0.1344 0.0228 -0.006 0.1344 0.0216 -0.0108 0.1344 0.0216 -0.012 0.1344 0.0204 -0.012 0.1344 0.0216 -0.0096 0.1344 0.0228 -0.0072 0.1344 0.0108 -0.0204 0.1344 0.012 -0.0204 0.1344 0.0144 -0.018 0.1344 0.0144 -0.0168 0.1344 0.0168 -0.0168 0.1344 0.0156 -0.0168 0.1344 0.018 -0.0144 0.1344 0.0216 -0.0084 0.1344 0.0216 -0.0072 0.1344 0.018 -0.0168 0.1344 0.018 -0.0156 0.1344 0.0096 -0.0096 0.1404 0.0108 -0.0084 0.1404 0.0072 -0.0084 0.1404 0.0084 -0.0156 0.1404 0.0084 -0.012 0.1404 0.0084 -0.0108 0.1404 0.0168 -0.012 0.1404 0.0192 -0.0132 0.1404 -0.0096 0.006 0.1404 -0.0084 0.0084 0.1404 -0.0096 0.0084 0.1404 -0.006 0.0132 0.1404 -0.0072 0.0156 0.1404 -0.0072 0.0132 0.1404 -0.0072 0.018 0.1404 -0.0048 0.0168 0.1404 -0.0048 0.018 0.1404 -0.0024 0.0192 0.1404 -0.0036 0.018 0.1404 -0.0012 0.018 0.1404 0.0012 0.0156 0.1404 0 0.0168 0.1404 0.0024 0.0096 0.1404 0 0.0108 0.1404 0 0.0084 0.1404 -0.0108 0.0084 0.1404 -0.012 0.0084 0.1404 -0.0108 0.0072 0.1404 -0.0132 0 0.1404 -0.0144 -0.0012 0.1404 -0.0132 -0.0012 0.1404 -0.012 -0.0144 0.1404 -0.0096 -0.0156 0.1404 -0.0096 -0.0144 0.1404 -0.0072 -0.0024 0.1404 -0.0072 -0.0084 0.1404 -0.006 -0.0084 0.1404 -0.006 -0.012 0.1404 -0.0072 -0.0096 0.1404 -0.0072 -0.012 0.1404 0.0084 -0.0192 0.1404 0.006 -0.0192 0.1404 0.0048 -0.0192 0.1404 0.0024 -0.0192 0.1404 0.0036 -0.0204 0.1404 0.0012 -0.0204 0.1404 0.0012 -0.018 0.1404 -0.0036 -0.0216 0.1404 -0.0012 -0.0204 0.1404 0 -0.0168 0.1404 -0.0012 -0.0156 0.1404 -0.0012 -0.0168 0.1404 -0.0012 -0.0108 0.1404 0.0012 -0.012 0.1404 0.0012 -0.0096 0.1404 0.0036 -0.0096 0.1404 0.0024 -0.012 0.1404 0.0048 -0.012 0.1404 0.0084 -0.0144 0.1404 0 -0.0228 0.1404 0.0012 -0.0228 0.1404 0.0012 -0.0216 0.1404 0.0048 -0.0216 0.1404 0.006 -0.0216 0.1404 0.0072 -0.0216 0.1404 0.0072 -0.0204 0.1404 0.0132 -0.018 0.1404 0.0132 -0.0204 0.1404 0.018 -0.0084 0.1404 0.0168 -0.0108 0.1404 -0.0048 0.0072 0.1404 -0.0036 0.0108 0.1404 -0.006 0.012 0.1404 -0.0072 0.0096 0.1404 -0.0072 0.0108 0.1404 -0.0072 0.012 0.1404 0.0156 -0.0108 0.1404 0.0144 -0.0096 0.1404 0.0144 -0.0108 0.1404 0.0156 -0.0096 0.1404 0.012 -0.0096 0.1404 0.0108 -0.0096 0.1404 0.012 -0.0084 0.1404 0.0168 -0.0132 0.1404 0.0132 0.0024 0.1404 0.0108 0.006 0.1404 0.0096 0.0012 0.1404 -0.0084 0.0168 0.1404 -0.0096 0.0168 0.1404 -0.012 0.0168 0.1404 -0.006 0.0156 0.1404 0.0012 0.0192 0.1404 0.0084 0.0084 0.1404 0.0084 0.0072 0.1404 0.0132 0.0036 0.1404 0.0132 0.0012 0.1404 0.0144 0.006 0.1404 0.0144 0.0048 0.1404 0.0156 0.006 0.1404 0.0132 0.006 0.1404 0.0072 0.0096 0.1404 0.0108 0.0144 0.1404 0.0132 0.0132 0.1404 0.0108 0.0156 0.1404 0.0132 0.018 0.1404 0.0012 0.0132 0.1404 0.0048 0.0108 0.1404 -0.0156 0.0096 0.1404 -0.0168 0.0072 0.1404 0.0144 -0.018 0.1404 0.0192 -0.012 0.1404 0.0192 -0.0072 0.1404 0.0216 -0.0084 0.1404 0.0216 -0.0072 0.1404 0.0192 -0.0048 0.1404 0.0228 -0.0036 0.1404 0.018 -0.0024 0.1404 0.0168 -0.0012 0.1404 0.018 -0.0012 0.1404 0.0156 0.0084 0.1404 0.0168 0.0072 0.1404 0.0168 0.0084 0.1404 0.0132 0.0168 0.1404 0.0132 0.0192 0.1404 0.012 0.0192 0.1404 0.0084 0.0192 0.1404 0.0048 0.0204 0.1404 0.0036 0.0192 0.1404 0.006 0.0216 0.1404 0.0012 0.0228 0.1404 0 0.0216 0.1404 -0.0012 0.0216 0.1404 -0.0048 0.0192 0.1404 -0.006 0.0204 0.1404 -0.0072 0.0204 0.1404 -0.0108 0.018 0.1404 -0.012 0.018 0.1404 -0.0144 0.0168 0.1404 -0.018 0.0108 0.1404 -0.0168 0.0132 0.1404 -0.018 0.0132 0.1404 -0.018 0.0048 0.1404 -0.0216 0.0072 0.1404 -0.0204 0.006 0.1404 -0.0228 0.0024 0.1404 -0.0228 0.0012 0.1404 -0.0216 0 0.1404 -0.018 0 0.1404 -0.018 0.0036 0.1404 -0.0204 0.0036 0.1404 -0.0204 -0.0048 0.1404 -0.0216 -0.0048 0.1404 -0.0204 -0.0072 0.1404 -0.0204 -0.0108 0.1404 -0.0192 -0.0108 0.1404 -0.018 -0.0084 0.1404 -0.0144 -0.0096 0.1404 -0.018 -0.012 0.1404 -0.0144 -0.012 0.1404 -0.012 -0.0192 0.1404 -0.0108 -0.0192 0.1404 -0.0096 -0.018 0.1404 -0.0036 -0.024 0.1404 -0.0024 -0.024 0.1404 -0.0048 0.0048 0.1404 -0.0024 0.0084 0.1404 -0.0012 0.0072 0.1404 0.0036 0.0072 0.1404 0.0072 0.0048 0.1404 0.0084 0.0012 0.1404 0.0108 -0.0048 0.1404 0.0084 -0.0036 0.1404 0.006 -0.006 0.1404 0.006 -0.0072 0.1404 0.0024 -0.0084 0.1404 -0.0024 -0.0084 0.1404 -0.0048 -0.006 0.1404 -0.0072 0.0012 0.1404 -0.0012 -0.0228 0.1404 -0.0048 -0.0216 0.1404 -0.006 -0.0216 0.1404 -0.0048 -0.0228 0.1404 -0.0096 -0.0204 0.1404 -0.0072 -0.0216 0.1404 -0.0084 -0.0216 0.1404 -0.0096 -0.0216 0.1404 -0.0144 -0.0156 0.1404 -0.0144 -0.0168 0.1404 -0.0132 -0.0132 0.1404 -0.0156 -0.0156 0.1404 -0.0168 -0.0156 0.1404 -0.0132 -0.0192 0.1404 -0.018 -0.0144 0.1404 -0.0144 -0.018 0.1404 -0.0156 -0.0084 0.1404 -0.0156 -0.0096 0.1404 -0.0132 -0.0084 0.1404 -0.0168 -0.0096 0.1404 -0.0144 -0.0072 0.1404 -0.018 -0.0096 0.1404 -0.0204 -0.006 0.1404 -0.0216 -0.0024 0.1404 -0.0216 -0.0012 0.1404 -0.0216 -0.0036 0.1404 -0.0228 -0.0036 0.1404 -0.0156 0 0.1404 -0.0168 0 0.1404 -0.0156 -0.0012 0.1404 -0.0168 0.0012 0.1404 -0.0192 0 0.1404 -0.0192 -0.0012 0.1404 -0.0216 0.0036 0.1404 -0.0216 0.0024 0.1404 -0.0204 0.0048 0.1404 -0.0192 0.0096 0.1404 -0.0192 0.0084 0.1404 -0.0204 0.0084 0.1404 -0.0204 0.0072 0.1404 -0.0156 0.0144 0.1404 -0.0156 0.012 0.1404 -0.0108 0.0192 0.1404 -0.0096 0.0192 0.1404 -0.0096 0.0204 0.1404 -0.0084 0.0204 0.1404 -0.0036 0.0204 0.1404 -0.0048 0.0216 0.1404 -0.0048 0.0204 0.1404 -0.0036 0.0192 0.1404 -0.0036 0.0216 0.1404 -0.0024 0.0204 0.1404 0.0036 0.0216 0.1404 0.0024 0.0216 0.1404 0.0024 0.0228 0.1404 0.0084 0.0216 0.1404 0.0108 0.0168 0.1404 0.0108 0.0192 0.1404 0.0096 0.0192 0.1404 0.0144 0.0168 0.1404 0.0156 0.0156 0.1404 0.018 0.0132 0.1404 0.0156 0.012 0.1404 0.018 0.012 0.1404 0.0168 0.0156 0.1404 0.018 0.0144 0.1404 0.0192 0.0084 0.1404 0.0204 0.0096 0.1404 0.0156 0.0108 0.1404 0.0204 0.0108 0.1404 0.018 0.0084 0.1404 0.0204 0.0036 0.1404 0.0204 0.0072 0.1404 0.0192 0.0072 0.1404 0.0228 0.006 0.1404 0.0216 0.0072 0.1404 0.0204 0.0084 0.1404 0.0228 0.0048 0.1404 -0.0144 0.0096 0.1404 -0.0144 0.0084 0.1404 -0.0132 0.0084 0.1404 -0.0156 0.0108 0.1404 -0.012 -0.0024 0.1404 -0.0108 0.0012 0.1404 -0.012 -0.0036 0.1404 -0.0096 0.0048 0.1404 -0.0096 0.0024 0.1404 -0.0096 -0.0168 0.1404 -0.0084 -0.0144 0.1404 -0.0048 -0.0132 0.1404 -0.006 -0.0132 0.1404 0.0228 0.0036 0.1404 0.0204 -0.0024 0.1404 0.0192 -0.0024 0.1404 0.0216 0 0.1404 0.0228 0.0012 0.1404 0.0228 0.0024 0.1404 0.0204 -0.0012 0.1404 0.0024 0.012 0.1404 0.0036 0.012 0.1404 0.0072 0.0108 0.1404 0.0024 0.0144 0.1404 0.024 0 0.1404 0.0228 -0.0024 0.1404 0.024 -0.0012 0.1404 0.0024 0.0192 0.1404 -0.0072 -0.0144 0.1404 -0.0012 0.0096 0.1404 0.0096 0.012 0.1404 0.0084 0.0132 0.1404 0.0084 0.0108 0.1404 0.0228 -0.0048 0.1404 0.0228 -0.006 0.1404 0.0228 -0.0072 0.1404 0.0216 -0.0096 0.1404 0.0204 -0.012 0.1404 0.0216 -0.0108 0.1404 -0.0096 -0.0072 0.1404 -0.0132 -0.006 0.1404 0.0072 0.012 0.1404 0.0108 0.0132 0.1404 0.0096 -0.018 0.1404 0.0084 -0.0168 0.1404 0.0108 -0.018 0.1404 0.0216 -0.012 0.1404 0.0144 -0.0168 0.1404 0.018 -0.0144 0.1404 0.018 -0.0132 0.1404 0.0156 -0.0168 0.1404 0.0108 -0.006 0.1404 0.0108 -0.0036 0.1404 0.0144 -0.0012 0.1404 0.0156 0 0.1404 0.0144 0 0.1404 0.0024 0.0156 0.1404 0.018 -0.0156 0.1404 0.018 -0.0168 0.1404 0.0168 -0.0168 0.1404 -0.012 -0.006 0.1404 -0.012 -0.0072 0.1404 0.0072 -0.0168 0.1404 0.0144 -0.0192 0.1404 0.0012 0.018 0.1404 0.0096 -0.0204 0.1404 0.012 -0.0204 0.1404 0.0108 -0.0204 0.1404 0.0084 -0.0204 0.1404 0.0072 -0.0192 0.1404 0.0084 -0.0216 0.1404 0.0072 -0.0228 0.1404 0.0084 -0.0228 0.1404 0.006 -0.0204 0.1404 0.0012 0.0168 0.1404 0.012 -0.0024 0.1404 0 -0.0192 0.1404 0.0048 -0.0228 0.1404 0.0024 -0.0204 0.1404 0 -0.0204 0.1404 -0.0012 -0.0144 0.1404 -0.0024 -0.0132 0.1404 -0.0036 -0.012 0.1404 0.0036 -0.0216 0.1404 0 -0.0144 0.1404 0.0072 -0.0132 0.1404 0.0024 -0.0228 0.1404 0.0024 -0.024 0.1404 0.0036 -0.0228 0.1404 0.0036 -0.024 0.1404 0.006 -0.0228 0.1356 0.0072 -0.0228 0.1344 0.006 -0.0216 0.1344 0.0084 -0.0228 0.1344 0.0096 -0.0204 0.1344 0.0096 -0.0216 0.1356 0.0108 -0.0204 0.1344 0.012 -0.0204 0.1356 0.0108 -0.0204 0.1356 0.012 -0.0204 0.1344 0.0144 -0.0192 0.1344 0.0144 -0.0204 0.1344 0.0132 -0.0204 0.1344 0.0144 -0.0192 0.1356 0.0144 -0.0192 0.1344 0.0144 -0.018 0.1356 0.0144 -0.018 0.1344 0.0156 -0.018 0.1356 0.018 -0.0168 0.1344 0.0168 -0.0168 0.1344 0.0168 -0.0168 0.1356 0.0156 -0.0168 0.1344 0.018 -0.0156 0.1344 0.0192 -0.0144 0.1356 0.0192 -0.0156 0.1356 0.018 -0.0144 0.1344 0.0192 -0.0132 0.1356 0.0192 -0.012 0.1344 0.0192 -0.0132 0.1344 0.0204 -0.012 0.1344 0.0204 -0.0132 0.1344 0.0216 -0.0096 0.1344 0.0216 -0.0096 0.1356 0.0216 -0.0108 0.1344 0.0216 -0.0108 0.1356 0.0216 -0.0084 0.1344 0.0216 -0.0072 0.1344 0.0228 -0.0072 0.1344 0.0228 -0.006 0.1344 0.024 -0.0072 0.1344 0.0228 -0.0072 0.1344 0.024 -0.006 0.1344 0.024 -0.0048 0.1344 0.0228 -0.0048 0.1344 0.0228 -0.0048 0.1356 0.0228 -0.0036 0.1344 0.0228 -0.0036 0.1356 0.0228 -0.0048 0.1344 0.024 -0.0048 0.1344 0.024 -0.0012 0.1344 0.0228 -0.0024 0.1356 0.0228 -0.0024 0.1344 0.024 -0.0024 0.1356 0.024 0 0.1344 0.0228 0.0012 0.1356 0.024 0.0012 0.1356 0.0228 0.0012 0.1344 0.0228 0.0036 0.1344 0.0228 0.0036 0.1356 0.0228 0.0024 0.1344 0.0228 0.0024 0.1356 0.0228 0.0048 0.1344 0.0228 0.0036 0.1344 0.024 0.0048 0.1344 0.0228 0.006 0.1344 0.0228 0.0072 0.1356 0.0216 0.0072 0.1344 0.0216 0.0072 0.1356 0.0216 0.0084 0.1344 0.0204 0.0084 0.1344 0.0216 0.0084 0.1356 0.0216 0.0096 0.1344 0.0204 0.0096 0.1344 0.0216 0.0108 0.1344 0.0204 0.0096 0.1344 0.0204 0.0108 0.1344 0.0216 0.0096 0.1344 0.0204 0.0108 0.1344 0.0204 0.012 0.1356 0.0204 0.012 0.1344 0.018 0.012 0.1344 0.0192 0.012 0.1356 0.018 0.0144 0.1344 0.018 0.0144 0.1356 0.018 0.0132 0.1344 0.018 0.0132 0.1356 0.018 0.0156 0.1344 0.0156 0.0168 0.1344 0.0168 0.0156 0.1344 0.0156 0.0156 0.1344 0.0156 0.0168 0.1344 0.0156 0.0156 0.1344 0.0156 0.0168 0.1356 0.0144 0.0168 0.1344 0.0144 0.0168 0.1356 0.0144 0.018 0.1356 0.0132 0.0192 0.1344 0.0132 0.018 0.1356 0.0132 0.0168 0.1344 0.0096 0.0192 0.1344 0.0096 0.0204 0.1344 0.0084 0.0192 0.1344 0.0084 0.0204 0.1356 0.0084 0.0216 0.1344 0.0096 0.0204 0.1344 0.0084 0.0192 0.1344 0.0048 0.0216 0.1344 0.0048 0.0204 0.1344 0.0048 0.0216 0.1356 0.006 0.0216 0.1344 0.0024 0.0228 0.1356 0.0024 0.0228 0.1344 0.0036 0.0216 0.1356 0.0024 0.0216 0.1344 0.0036 0.0216 0.1344 0.0012 0.0228 0.1344 0 0.0216 0.1356 0 0.0228 0.1356 0 0.0216 0.1344 -0.0036 0.0228 0.1344 -0.0024 0.0216 0.1356 -0.0012 0.0216 0.1356 -0.0012 0.0216 0.1344 -0.0036 0.0216 0.1344 -0.0048 0.0216 0.1344 -0.006 0.0216 0.1356 -0.006 0.0204 0.1356 -0.006 0.0204 0.1344 -0.0072 0.0204 0.1356 -0.006 0.0204 0.1344 -0.0072 0.0204 0.1344 -0.0084 0.0204 0.1344 -0.0096 0.0204 0.1344 -0.0108 0.0204 0.1344 -0.0096 0.0192 0.1344 -0.0096 0.0192 0.1344 -0.0108 0.0192 0.1344 -0.0108 0.0204 0.1344 -0.0108 0.018 0.1344 -0.0108 0.018 0.1356 -0.0108 0.0192 0.1356 -0.012 0.0168 0.1344 -0.012 0.018 0.1356 -0.012 0.018 0.1344 -0.0132 0.0168 0.1344 -0.0132 0.018 0.1344 -0.0132 0.018 0.1344 -0.0132 0.0168 0.1344 -0.0144 0.018 0.1344 -0.0144 0.0168 0.1344 -0.0156 0.0168 0.1344 -0.0156 0.0144 0.1344 -0.0156 0.0156 0.1356 -0.0144 0.0168 0.1344 -0.0168 0.0132 0.1344 -0.0156 0.0144 0.1344 -0.0168 0.0144 0.1344 -0.018 0.0132 0.1356 -0.018 0.0132 0.1344 -0.0168 0.0132 0.1344 -0.018 0.012 0.1344 -0.0192 0.012 0.1344 -0.0192 0.0108 0.1344 -0.018 0.0108 0.1344 -0.0192 0.0096 0.1344 -0.0192 0.0096 0.1356 -0.018 0.0108 0.1344 -0.0192 0.0108 0.1356 -0.0192 0.0108 0.1344 -0.0204 0.0084 0.1356 -0.0204 0.0072 0.1344 -0.0216 0.0084 0.1344 -0.0204 0.0084 0.1344 -0.0192 0.0084 0.1344 -0.0216 0.0072 0.1344 -0.0204 0.006 0.1344 -0.0216 0.006 0.1344 -0.0204 0.0048 0.1344 -0.0216 0.0048 0.1344 -0.0204 0.0036 0.1344 -0.0216 0.0048 0.1356 -0.0204 0.006 0.1344 -0.0216 0.006 0.1344 -0.0228 0.0024 0.1356 -0.0228 0.0024 0.1344 -0.0216 0.0024 0.1344 -0.0216 0.0036 0.1356 -0.0216 0.0036 0.1344 -0.0228 0.0012 0.1344 -0.0216 0 0.1356 -0.0228 0 0.1356 -0.0216 0 0.1344 -0.0216 -0.0012 0.1344 -0.0216 -0.0024 0.1344 -0.0228 -0.0024 0.1344 -0.0228 -0.0036 0.1344 -0.0216 -0.0036 0.1344 -0.0216 -0.0024 0.1344 -0.0228 -0.0024 0.1344 -0.0216 -0.0048 0.1344 -0.0204 -0.006 0.1344 -0.0216 -0.006 0.1356 -0.0228 -0.0048 0.1344 -0.0204 -0.006 0.1356 -0.0216 -0.0084 0.1356 -0.0216 -0.0096 0.1344 -0.0204 -0.0072 0.1344 -0.0204 -0.0096 0.1344 -0.0204 -0.0072 0.1356 -0.0204 -0.0108 0.1356 -0.0204 -0.0108 0.1344 -0.0192 -0.0108 0.1356 -0.0192 -0.0108 0.1344 -0.0192 -0.012 0.1356 -0.018 -0.0132 0.1356 -0.018 -0.0144 0.1344 -0.018 -0.012 0.1344 -0.018 -0.012 0.1356 -0.0168 -0.0156 0.1344 -0.018 -0.0156 0.1344 -0.018 -0.0144 0.1344 -0.0144 -0.0156 0.1344 -0.0156 -0.0156 0.1344 -0.0156 -0.0168 0.1344 -0.0156 -0.0168 0.1356 -0.0144 -0.018 0.1344 -0.0144 -0.0192 0.1344 -0.0144 -0.018 0.1356 -0.0144 -0.0168 0.1344 -0.0144 -0.0168 0.1356 -0.012 -0.0192 0.1344 -0.012 -0.0192 0.1356 -0.0108 -0.0192 0.1344 -0.0108 -0.0192 0.1356 -0.0108 -0.0204 0.1356 -0.0096 -0.0216 0.1344 -0.0108 -0.0204 0.1356 -0.0096 -0.0204 0.1344 -0.0096 -0.0216 0.1356 -0.0084 -0.0216 0.1344 -0.0072 -0.0216 0.1356 -0.0072 -0.0216 0.1344 -0.0072 -0.0228 0.1356 -0.0084 -0.0228 0.1344 -0.0048 -0.0228 0.1344 -0.0048 -0.0228 0.1356 -0.0048 -0.0216 0.1344 -0.006 -0.0216 0.1356 -0.006 -0.0216 0.1344 -0.0012 -0.0228 0.1344 -0.0012 -0.024 0.1356 -0.0024 -0.024 0.1344 -0.0012 -0.0228 0.1356 0 -0.0228 0.1356 0.0024 -0.024 0.1344 0.0012 -0.024 0.1344 0.0012 -0.024 0.1356 0 -0.0228 0.1344 0.0036 -0.024 0.1344 0.0048 -0.0228 0.1344 0.0036 -0.0228 0.1344 0.0072 -0.0228 0.1392 0.006 -0.0228 0.1392 0.0072 -0.0228 0.1404 0.006 -0.0216 0.1404 0.0096 -0.0204 0.1404 0.0084 -0.0228 0.1392 0.0096 -0.0216 0.1392 0.0084 -0.0228 0.1404 0.012 -0.0204 0.1404 0.012 -0.0204 0.1392 0.0108 -0.0204 0.1392 0.0108 -0.0204 0.1404 0.0132 -0.0204 0.1392 0.0132 -0.0204 0.1404 0.0144 -0.0192 0.1392 0.0144 -0.0204 0.1392 0.0144 -0.0192 0.1404 0.0144 -0.018 0.1392 0.0144 -0.0192 0.1392 0.0144 -0.0192 0.1404 0.0144 -0.018 0.1404 0.0168 -0.0168 0.1404 0.0156 -0.018 0.1392 0.0168 -0.0168 0.1392 0.018 -0.0168 0.1392 0.0156 -0.0168 0.1404 0.0192 -0.0156 0.1392 0.018 -0.0156 0.1392 0.0192 -0.0144 0.1392 0.018 -0.0156 0.1404 0.018 -0.0144 0.1404 0.0204 -0.0132 0.1392 0.0192 -0.012 0.1404 0.0192 -0.0132 0.1392 0.0204 -0.012 0.1404 0.0192 -0.0132 0.1404 0.0204 -0.012 0.1404 0.0204 -0.012 0.1392 0.0216 -0.012 0.1392 0.0204 -0.0132 0.1392 0.0216 -0.0108 0.1404 0.0216 -0.0108 0.1392 0.0216 -0.012 0.1404 0.0216 -0.012 0.1392 0.0204 -0.012 0.1404 0.0216 -0.0096 0.1404 0.0216 -0.0096 0.1392 0.0216 -0.0108 0.1404 0.0216 -0.0108 0.1392 0.0216 -0.0084 0.1404 0.0216 -0.0084 0.1392 0.0216 -0.0072 0.1404 0.0228 -0.0072 0.1392 0.0228 -0.0072 0.1404 0.024 -0.0072 0.1392 0.0228 -0.0072 0.1404 0.0228 -0.0072 0.1392 0.0228 -0.006 0.1404 0.024 -0.006 0.1392 0.024 -0.0048 0.1392 0.0228 -0.0048 0.1404 0.0228 -0.0036 0.1404 0.0228 -0.0036 0.1392 0.0228 -0.0048 0.1404 0.024 -0.0048 0.1392 0.0228 -0.0024 0.1392 0.024 -0.0012 0.1392 0.024 -0.0012 0.1404 0.024 -0.0024 0.1392 0.0228 -0.0024 0.1404 0.0228 0.0012 0.1392 0.024 0 0.1404 0.024 0 0.1392 0.024 0.0012 0.1392 0.0228 0.0012 0.1404 0.0228 0.0024 0.1392 0.0228 0.0024 0.1404 0.0228 0.0036 0.1404 0.0228 0.0036 0.1392 0.0228 0.0048 0.1404 0.0228 0.0036 0.1392 0.024 0.0048 0.1392 0.0228 0.0036 0.1404 0.0228 0.006 0.1404 0.0228 0.0072 0.1392 0.0216 0.0072 0.1404 0.0216 0.0072 0.1392 0.0228 0.006 0.1392 0.0204 0.0096 0.1404 0.0216 0.0084 0.1392 0.0216 0.0096 0.1392 0.0204 0.0084 0.1404 0.0216 0.0096 0.1392 0.0204 0.0096 0.1404 0.0216 0.0108 0.1392 0.0204 0.0108 0.1404 0.0192 0.012 0.1392 0.0204 0.0108 0.1404 0.0204 0.012 0.1392 0.018 0.012 0.1404 0.018 0.0132 0.1392 0.018 0.0144 0.1404 0.018 0.0132 0.1404 0.018 0.0144 0.1392 0.0168 0.0156 0.1404 0.0168 0.0156 0.1392 0.0156 0.0168 0.1392 0.0156 0.0156 0.1404 0.0156 0.0156 0.1404 0.0156 0.0168 0.1392 0.0144 0.0168 0.1392 0.0144 0.0168 0.1404 0.0132 0.0192 0.1392 0.0132 0.018 0.1392 0.0144 0.018 0.1392 0.0132 0.0192 0.1404 0.0132 0.0168 0.1404 0.012 0.0192 0.1392 0.0108 0.0192 0.1392 0.012 0.0192 0.1404 0.0108 0.0192 0.1404 0.0096 0.0192 0.1392 0.0096 0.0204 0.1392 0.0108 0.0192 0.1392 0.0084 0.0192 0.1404 0.0096 0.0192 0.1404 0.0108 0.0192 0.1404 0.0096 0.0204 0.1392 0.0084 0.0216 0.1392 0.0084 0.0216 0.1404 0.0084 0.0204 0.1392 0.0084 0.0192 0.1404 0.006 0.0216 0.1392 0.0072 0.0216 0.1404 0.0072 0.0216 0.1392 0.006 0.0216 0.1404 0.0048 0.0216 0.1392 0.006 0.0216 0.1404 0.006 0.0216 0.1392 0.0048 0.0204 0.1404 0.0024 0.0216 0.1404 0.0024 0.0228 0.1392 0.0024 0.0228 0.1404 0.0036 0.0216 0.1392 0.0036 0.0216 0.1404 0 0.0216 0.1392 0.0012 0.0228 0.1404 0.0012 0.0228 0.1392 0 0.0216 0.1404 -0.0036 0.0228 0.1392 -0.0024 0.0216 0.1392 -0.0012 0.0216 0.1392 -0.0012 0.0216 0.1404 -0.0036 0.0216 0.1392 -0.0036 0.0216 0.1404 -0.0048 0.0216 0.1392 -0.006 0.0204 0.1404 -0.006 0.0216 0.1392 -0.006 0.0204 0.1392 -0.0048 0.0216 0.1404 -0.0072 0.0204 0.1404 -0.0084 0.0204 0.1392 -0.0084 0.0204 0.1404 -0.0072 0.0204 0.1392 -0.006 0.0204 0.1404 -0.0096 0.0192 0.1404 -0.0108 0.0204 0.1392 -0.0096 0.0204 0.1404 -0.0096 0.0204 0.1392 -0.0108 0.0192 0.1392 -0.0108 0.0192 0.1404 -0.0108 0.018 0.1404 -0.0096 0.0192 0.1404 -0.0108 0.0204 0.1392 -0.0108 0.018 0.1392 -0.0132 0.0168 0.1404 -0.012 0.018 0.1392 -0.0132 0.018 0.1392 -0.012 0.0168 0.1404 -0.012 0.018 0.1404 -0.0132 0.0168 0.1404 -0.0144 0.018 0.1392 -0.0144 0.0168 0.1404 -0.0132 0.018 0.1392 -0.0144 0.0168 0.1392 -0.0144 0.0168 0.1404 -0.0156 0.0156 0.1392 -0.0156 0.0144 0.1404 -0.0156 0.0168 0.1392 -0.0168 0.0132 0.1404 -0.0168 0.0144 0.1392 -0.0168 0.0132 0.1392 -0.0156 0.0144 0.1392 -0.0156 0.0144 0.1404 -0.018 0.0132 0.1392 -0.0168 0.0132 0.1404 -0.0168 0.0132 0.1392 -0.018 0.0132 0.1404 -0.0192 0.0108 0.1392 -0.018 0.012 0.1404 -0.0192 0.012 0.1392 -0.018 0.0108 0.1404 -0.0192 0.0108 0.1392 -0.018 0.0108 0.1404 -0.0192 0.0096 0.1392 -0.0192 0.0096 0.1404 -0.0204 0.0084 0.1392 -0.0204 0.0084 0.1404 -0.0192 0.0084 0.1404 -0.0204 0.0072 0.1404 -0.0216 0.0084 0.1392 -0.0204 0.006 0.1404 -0.0216 0.006 0.1392 -0.0216 0.0072 0.1404 -0.0216 0.0072 0.1392 -0.0204 0.0036 0.1404 -0.0216 0.0048 0.1392 -0.0204 0.006 0.1404 -0.0216 0.006 0.1392 -0.0204 0.0048 0.1404 -0.0216 0.0024 0.1404 -0.0216 0.0036 0.1392 -0.0228 0.0024 0.1392 -0.0216 0.0036 0.1404 -0.0228 0.0024 0.1404 -0.0216 0 0.1392 -0.0228 0.0012 0.1404 -0.0228 0.0012 0.1392 -0.0216 0 0.1404 -0.0228 0 0.1392 -0.0216 -0.0024 0.1404 -0.0216 -0.0024 0.1392 -0.0228 -0.0024 0.1392 -0.0216 -0.0012 0.1404 -0.0216 -0.0012 0.1392 -0.0228 -0.0024 0.1392 -0.0216 -0.0036 0.1404 -0.0216 -0.0024 0.1404 -0.0228 -0.0036 0.1392 -0.0228 -0.0036 0.1404 -0.0216 -0.0048 0.1392 -0.0216 -0.006 0.1392 -0.0204 -0.006 0.1404 -0.0216 -0.0048 0.1404 -0.0204 -0.006 0.1392 -0.0228 -0.0048 0.1392 -0.0216 -0.0096 0.1392 -0.0216 -0.0084 0.1392 -0.0204 -0.0072 0.1392 -0.0204 -0.0096 0.1392 -0.0204 -0.0096 0.1404 -0.0204 -0.0072 0.1404 -0.0204 -0.0108 0.1392 -0.0192 -0.0108 0.1404 -0.0204 -0.0108 0.1404 -0.0192 -0.0108 0.1392 -0.0192 -0.012 0.1392 -0.018 -0.0144 0.1392 -0.018 -0.012 0.1392 -0.018 -0.012 0.1404 -0.018 -0.0144 0.1404 -0.0168 -0.0156 0.1404 -0.0168 -0.0156 0.1392 -0.018 -0.0156 0.1392 -0.018 -0.0144 0.1404 -0.0144 -0.0156 0.1404 -0.0156 -0.0168 0.1392 -0.0168 -0.0156 0.1404 -0.0168 -0.0156 0.1392 -0.0156 -0.0156 0.1404 -0.0156 -0.0156 0.1392 -0.0144 -0.0168 0.1392 -0.0144 -0.018 0.1404 -0.0144 -0.0168 0.1404 -0.0144 -0.018 0.1392 -0.0144 -0.0192 0.1392 -0.0132 -0.0192 0.1392 -0.0132 -0.0192 0.1404 -0.012 -0.0192 0.1392 -0.012 -0.0192 0.1404 -0.012 -0.0192 0.1404 -0.012 -0.0192 0.1392 -0.0108 -0.0192 0.1392 -0.0108 -0.0192 0.1404 -0.0108 -0.0204 0.1392 -0.0108 -0.0204 0.1392 -0.0096 -0.0216 0.1404 -0.0096 -0.0204 0.1404 -0.0096 -0.0216 0.1392 -0.0072 -0.0228 0.1392 -0.0084 -0.0228 0.1392 -0.0072 -0.0216 0.1392 -0.0084 -0.0216 0.1392 -0.0084 -0.0216 0.1404 -0.0072 -0.0216 0.1404 -0.0048 -0.0228 0.1404 -0.0048 -0.0228 0.1392 -0.0048 -0.0216 0.1404 -0.006 -0.0216 0.1404 -0.006 -0.0216 0.1392 -0.0036 -0.024 0.1404 -0.0036 -0.024 0.1392 -0.0048 -0.0228 0.1392 -0.0048 -0.0228 0.1404 -0.0012 -0.0228 0.1404 -0.0012 -0.024 0.1392 -0.0012 -0.0228 0.1392 -0.0024 -0.024 0.1404 -0.0024 -0.024 0.1392 0 -0.0228 0.1392 0 -0.0228 0.1404 0.0012 -0.024 0.1392 0.0024 -0.024 0.1404 0.0024 -0.024 0.1392 0.0036 -0.024 0.1392 0.0048 -0.0228 0.1392 0.0036 -0.024 0.1404 0.0036 -0.0228 0.1404 0.0084 -0.0204 0.1344 0.0084 -0.0204 0.1356 0.0072 -0.0192 0.1344 0.0072 -0.0204 0.1356 0.0072 -0.0204 0.1344 0.0072 -0.0216 0.1344 0.0072 -0.0216 0.1356 0.0084 -0.0216 0.1344 0.0024 -0.0204 0.1344 0.0024 -0.0216 0.1356 0.0012 -0.0216 0.1344 0.0036 -0.0216 0.1344 0.0024 -0.0228 0.1344 0.0012 -0.0228 0.1344 -0.0036 0.0192 0.1356 -0.0036 0.0192 0.1344 -0.0048 0.0204 0.1344 -0.0036 0.0204 0.1356 -0.0048 0.0192 0.1344 -0.0048 0.0192 0.1356 -0.0024 0.0192 0.1344 -0.0024 0.0204 0.1344 -0.0036 0.0204 0.1344 0.0072 -0.0204 0.1392 0.0084 -0.0204 0.1392 0.0072 -0.0192 0.1392 0.0072 -0.0216 0.1392 0.0084 -0.0216 0.1392 0.0072 -0.0216 0.1404 0.0072 -0.0204 0.1404 0.006 -0.0204 0.1404 0.0072 -0.0192 0.1404 0.0084 -0.0204 0.1404 0.0084 -0.0216 0.1404 0.0012 -0.0216 0.1392 0.0024 -0.0216 0.1392 0.0036 -0.0216 0.1392 0.0024 -0.0204 0.1392 0.0024 -0.0228 0.1392 0.0024 -0.0204 0.1404 0.0036 -0.0216 0.1404 0.0024 -0.0228 0.1404 0.0012 -0.0216 0.1404 0.0012 -0.0228 0.1404 -0.0036 0.0192 0.1392 -0.0036 0.0204 0.1392 -0.0048 0.0192 0.1392 -0.0024 0.0204 0.1392 -0.0024 0.0192 0.1392 -0.0048 0.0204 0.1392 -0.0036 0.0204 0.1404 -0.0024 0.0204 0.1404 -0.0024 0.0192 0.1404 -0.0036 0.0192 0.1404 -0.0048 0.0192 0.1404 -0.0048 0.0204 0.1404 0.0048 -0.0216 0.1404 0.0048 -0.0228 0.1392 0.006 -0.0228 0.1392 0.0048 -0.0228 0.1404 0.0036 -0.0228 0.1404 -0.0168 0.0144 0.1392 -0.0156 0.0144 0.1344 -0.0168 0.0144 0.1344 -0.0156 0.0144 0.1392 -0.0168 0.0132 0.1392 -0.0168 0.0132 0.1344 -0.018 0.0132 0.1392 -0.018 0.0132 0.1356 -0.018 0.0132 0.1344 -0.0192 0.012 0.1344 -0.0192 0.012 0.1392 -0.0192 0.0108 0.1344 -0.0192 0.0108 0.1392 -0.0192 0.0108 0.1356 -0.0192 0.0096 0.1392 -0.0192 0.0096 0.1356 -0.0204 0.0084 0.1356 -0.0204 0.0084 0.1392 -0.0216 0.0084 0.1392 -0.0216 0.0084 0.1344 -0.0216 0.0072 0.1344 -0.0216 0.0072 0.1392 -0.0216 0.006 0.1392 -0.0216 0.006 0.1344 -0.0216 0.0048 0.1392 -0.0216 0.0048 0.1344 -0.0216 0.0048 0.1356 -0.0228 0.0024 0.1356 -0.0216 0.0036 0.1392 -0.0216 0.0036 0.1356 -0.0228 0.0024 0.1392 -0.0228 0.0024 0.1344 -0.0228 0.0012 0.1344 0 0.0216 0.1356 0 0.0216 0.1392 0 0.0228 0.1356 0.0024 0.0228 0.1392 0.0012 0.0228 0.1344 0.0012 0.0228 0.1392 0.0024 0.0228 0.1344 0.0024 0.0228 0.1356 0.0036 0.0216 0.1392 0.0048 0.0216 0.1356 0.0048 0.0216 0.1392 0.0048 0.0216 0.1344 0.0072 0.0216 0.1344 0.006 0.0216 0.1392 0.0072 0.0216 0.1392 0.0084 0.0216 0.1392 0.0084 0.0216 0.1344 0.0084 0.0204 0.1392 0.0084 0.0204 0.1356 0.0096 0.0192 0.1344 0.0096 0.0204 0.1392 0.0096 0.0192 0.1392 0.012 0.0192 0.1344 0.0108 0.0192 0.1392 0.012 0.0192 0.1392 0.0132 0.0192 0.1392 0.0132 0.0192 0.1344 0.0132 0.018 0.1392 0.0132 0.018 0.1356 0.0144 0.018 0.1356 0.0144 0.0168 0.1356 0.0144 0.0168 0.1392 0.0156 0.0168 0.1356 0.0168 0.0156 0.1344 0.0168 0.0156 0.1392 0.018 0.0156 0.1392 0.018 0.0156 0.1344 0.018 0.0144 0.1392 0.018 0.0144 0.1356 0.018 0.0132 0.1392 0.018 0.0132 0.1356 0.0192 0.012 0.1356 0.0192 0.012 0.1392 0.0204 0.012 0.1356 0.0204 0.012 0.1344 0.0204 0.012 0.1392 0.0216 0.0108 0.1344 0.0216 0.0108 0.1392 0.0216 0.0096 0.1344 0.0216 0.0096 0.1392 0.0216 0.0072 0.1356 0.0216 0.0072 0.1392 0.0228 0.006 0.1344 0.0228 0.006 0.1392 0.024 0.0048 0.1344 0.024 0.0048 0.1392 0.0228 0.0024 0.1356 0.0228 0.0036 0.1392 0.0228 0.0024 0.1392 0.0228 0.0012 0.1356 0.0228 0.0012 0.1392 0.024 0.0012 0.1392 0.024 0.0012 0.1356 0.024 0 0.1392 0.024 0 0.1344 0.024 -0.0012 0.1392 0.024 -0.0012 0.1344 0.0228 -0.0024 0.1392 0.024 -0.0024 0.1356 0.024 -0.0024 0.1392 0.0228 -0.0024 0.1356 0.0228 -0.0036 0.1392 0.0228 -0.0048 0.1356 0.0228 -0.0036 0.1356 0.024 -0.006 0.1392 0.024 -0.0048 0.1344 0.024 -0.0048 0.1392 0.024 -0.006 0.1344 0.024 -0.0072 0.1392 0.024 -0.0072 0.1344 0.0228 -0.0072 0.1344 0.0228 -0.0072 0.1392 0.0216 -0.0084 0.1344 0.0216 -0.0084 0.1392 0.0216 -0.0096 0.1356 0.0216 -0.0096 0.1392 0.0216 -0.0108 0.1344 0.0216 -0.0108 0.1392 0.0216 -0.012 0.1392 0.0204 -0.012 0.1392 0.0216 -0.012 0.1344 0.0204 -0.0132 0.1392 0.0192 -0.0132 0.1356 0.0204 -0.0132 0.1344 0.0192 -0.0132 0.1392 0.0192 -0.0144 0.1356 0.0192 -0.0144 0.1392 0.018 -0.0168 0.1344 0.018 -0.0156 0.1392 0.018 -0.0168 0.1392 0.0156 -0.018 0.1392 0.0168 -0.0168 0.1356 0.0168 -0.0168 0.1392 0.0156 -0.018 0.1356 0.0144 -0.018 0.1356 0.0144 -0.018 0.1392 0.0144 -0.0192 0.1356 0.0132 -0.0204 0.1344 0.0132 -0.0204 0.1392 0.012 -0.0204 0.1344 0.012 -0.0204 0.1392 0.012 -0.0204 0.1356 0.0108 -0.0204 0.1392 0.0108 -0.0204 0.1356 0.0096 -0.0216 0.1356 0.0096 -0.0216 0.1392 0.0084 -0.0228 0.1392 0.0084 -0.0228 0.1344 0.0072 -0.0228 0.1392 0.0072 -0.0228 0.1344 0.006 -0.0228 0.1356 0.006 -0.0228 0.1392 0.0048 -0.0228 0.1344 0.0048 -0.0228 0.1392 0.0024 -0.024 0.1344 0.0036 -0.024 0.1392 0.0024 -0.024 0.1392 0.0012 -0.024 0.1344 0 -0.0228 0.1392 0 -0.0228 0.1356 -0.0012 -0.0228 0.1356 -0.0012 -0.0228 0.1392 -0.0012 -0.024 0.1392 -0.0012 -0.024 0.1356 -0.0024 -0.024 0.1392 -0.0024 -0.024 0.1344 -0.0036 -0.024 0.1344 -0.0036 -0.024 0.1392 -0.0048 -0.0228 0.1344 -0.0048 -0.0228 0.1392 -0.0048 -0.0228 0.1356 -0.006 -0.0216 0.1392 -0.006 -0.0216 0.1356 -0.0072 -0.0216 0.1356 -0.0072 -0.0216 0.1392 -0.0084 -0.0228 0.1344 -0.0084 -0.0228 0.1392 -0.0096 -0.0216 0.1392 -0.0096 -0.0216 0.1344 -0.0096 -0.0216 0.1356 -0.0108 -0.0192 0.1356 -0.0108 -0.0204 0.1392 -0.0108 -0.0192 0.1392 -0.012 -0.0192 0.1356 -0.0132 -0.0192 0.1344 -0.0132 -0.0192 0.1392 -0.0144 -0.0168 0.1392 -0.0144 -0.018 0.1356 -0.0144 -0.018 0.1392 -0.0156 -0.0156 0.1344 -0.0156 -0.0168 0.1392 -0.0156 -0.0156 0.1392 -0.0168 -0.0156 0.1392 -0.0168 -0.0156 0.1344 -0.018 -0.0156 0.1344 -0.018 -0.0156 0.1392 -0.018 -0.0144 0.1392 -0.018 -0.0144 0.1344 -0.018 -0.012 0.1392 -0.018 -0.0132 0.1356 -0.018 -0.0132 0.1392 -0.0192 -0.0108 0.1356 -0.0192 -0.012 0.1392 -0.0192 -0.0108 0.1392 -0.0204 -0.0108 0.1344 -0.0204 -0.0108 0.1392 -0.0204 -0.0096 0.1392 -0.0204 -0.0096 0.1344 -0.0216 -0.0096 0.1392 -0.0216 -0.0096 0.1344 -0.0216 -0.0084 0.1356 -0.0204 -0.0072 0.1392 -0.0204 -0.0072 0.1356 -0.0204 -0.006 0.1356 -0.0204 -0.006 0.1392 -0.0216 -0.006 0.1392 -0.0228 -0.0048 0.1344 -0.0228 -0.0048 0.1392 -0.0228 -0.0036 0.1392 -0.0228 -0.0036 0.1344 -0.0228 -0.0024 0.1392 -0.0216 -0.0012 0.1392 -0.0216 -0.0012 0.1344 -0.0216 -0.0024 0.1392 -0.0216 -0.0012 0.1356 -0.0216 0 0.1356 -0.0216 0 0.1392 -0.0228 0.0012 0.1392 -0.0156 0.0144 0.1356 -0.0156 0.0156 0.1356 -0.0156 0.0156 0.1392 -0.0156 0.0168 0.1344 -0.0156 0.0168 0.1392 -0.0036 0.0228 0.1392 -0.0036 0.0228 0.1344 -0.0048 0.0216 0.1344 -0.0048 0.0216 0.1392 -0.006 0.0204 0.1356 -0.006 0.0216 0.1392 -0.006 0.0216 0.1356 -0.0072 0.0204 0.1392 -0.0072 0.0204 0.1356 -0.0096 0.0204 0.1344 -0.0096 0.0204 0.1392 -0.0108 0.0204 0.1392 -0.0108 0.0204 0.1344 -0.0108 0.0192 0.1392 -0.0108 0.0192 0.1356 -0.0132 0.018 0.1392 -0.012 0.018 0.1356 -0.0132 0.018 0.1344 -0.0144 0.018 0.1392 -0.0144 0.018 0.1344 -0.0144 0.0168 0.1392 -0.0144 0.0168 0.1344 -0.012 0.018 0.1392 -0.0108 0.018 0.1392 -0.0108 0.018 0.1356 -0.0084 0.0204 0.1392 -0.0084 0.0204 0.1344 -0.006 0.0204 0.1392 -0.0024 0.0216 0.1392 -0.0024 0.0216 0.1356 -0.0012 0.0216 0.1356 -0.0012 0.0216 0.1392 0.0036 0.0216 0.1356 0.006 0.0216 0.1344 0.0096 0.0204 0.1344 0.0108 0.0192 0.1344 -0.0144 -0.0192 0.1344 -0.0144 -0.0192 0.1392 0.0144 0.018 0.1392 0.0156 0.0168 0.1344 0.0156 0.0168 0.1392 0.0216 0.0084 0.1392 0.0216 0.0084 0.1344 0.0216 0.0084 0.1356 0.0228 0.0072 0.1392 0.0228 0.0072 0.1356 0.024 0.006 0.1392 0.0228 0.0036 0.1344 0.0228 0.0036 0.1356 0.0216 -0.0084 0.1356 0.0216 -0.0108 0.1356 0.0204 -0.012 0.1344 0.0192 -0.0156 0.1356 0.0192 -0.0156 0.1392 0.018 -0.0156 0.1344 0.0144 -0.0192 0.1392 0.0144 -0.0192 0.1344 0.0144 -0.0204 0.1392 0.0144 -0.0204 0.1344 0.0036 -0.024 0.1344 0.0012 -0.024 0.1356 0.0012 -0.024 0.1392 -0.0072 -0.0228 0.1356 -0.0072 -0.0228 0.1392 -0.0108 -0.0204 0.1356 -0.012 -0.0192 0.1344 -0.012 -0.0192 0.1392 -0.0144 -0.0168 0.1356 -0.0156 -0.0168 0.1356 -0.0156 -0.0168 0.1344 -0.0192 -0.012 0.1356 -0.018 -0.012 0.1356 -0.0204 -0.0108 0.1356 -0.0216 -0.0084 0.1392 -0.0216 -0.006 0.1356 -0.0228 -0.0024 0.1344 -0.0228 0 0.1356 -0.0228 0 0.1392 0.0048 -0.0228 0.1344 0.0048 -0.0216 0.1344 0.006 -0.0228 0.1356 0.0108 -0.018 0.1392 0.0168 -0.0132 0.1344 0.0108 -0.018 0.1344 0.0168 -0.0132 0.1392 0.0168 -0.012 0.1392 0.0168 -0.012 0.1344 0.0168 -0.0132 0.1392 0.0168 -0.0132 0.1344 0.0168 -0.0108 0.1344 0.0168 -0.0108 0.1392 0.0156 -0.0108 0.1344 0.0156 -0.0108 0.1392 0.0144 -0.0108 0.1392 0.0156 -0.0108 0.1344 0.0156 -0.0108 0.1392 0.0144 -0.0108 0.1344 0.012 -0.0096 0.1392 0.012 -0.0096 0.1344 0.0084 -0.0108 0.1392 0.0084 -0.012 0.1344 0.0084 -0.0108 0.1344 0.0084 -0.012 0.1392 0.0108 -0.0096 0.1392 0.0096 -0.0096 0.1344 0.0108 -0.0096 0.1344 0.012 -0.0096 0.1392 0.012 -0.0096 0.1344 0.0096 -0.0096 0.1392 0.0084 -0.0132 0.1344 0.0084 -0.0132 0.1392 0.0084 -0.0132 0.1344 0.0096 -0.0144 0.1392 0.0096 -0.0144 0.1344 0.0084 -0.0132 0.1392 0.0096 -0.0168 0.1392 0.0096 -0.0168 0.1344 0.0096 -0.018 0.1392 0.0108 -0.018 0.1344 0.0096 -0.018 0.1344 0.0096 -0.0168 0.1392 0.0096 -0.0168 0.1344 0.0108 -0.018 0.1392 -0.0096 -0.018 0.1392 -0.0012 -0.0204 0.1344 -0.0096 -0.018 0.1344 -0.0012 -0.0204 0.1392 -0.0012 -0.0204 0.1392 -0.0012 -0.0192 0.1344 -0.0012 -0.0204 0.1344 0 -0.0192 0.1392 -0.0012 -0.0192 0.1392 0 -0.0192 0.1344 -0.0012 -0.0192 0.1344 -0.0012 -0.0168 0.1392 -0.0012 -0.0168 0.1344 -0.0012 -0.0192 0.1392 -0.0012 -0.0156 0.1392 -0.0012 -0.0156 0.1344 -0.0048 -0.0132 0.1392 -0.006 -0.0144 0.1344 -0.0048 -0.0132 0.1344 -0.006 -0.0144 0.1392 -0.0024 -0.0132 0.1344 -0.0024 -0.0144 0.1392 -0.0024 -0.0132 0.1392 -0.0036 -0.0132 0.1344 -0.0036 -0.0132 0.1392 -0.0024 -0.0144 0.1344 -0.0012 -0.0156 0.1392 -0.0012 -0.0156 0.1344 -0.006 -0.0144 0.1344 -0.0072 -0.0156 0.1392 -0.0072 -0.0156 0.1344 -0.0084 -0.0168 0.1392 -0.006 -0.0144 0.1392 -0.0084 -0.0168 0.1344 -0.0096 -0.018 0.1344 -0.0096 -0.018 0.1392 -0.0096 -0.0168 0.1392 -0.0096 -0.0168 0.1344 -0.0084 -0.0168 0.1392 -0.0084 -0.0168 0.1344 -0.018 -0.0084 0.1344 -0.0192 -0.0012 0.1392 -0.018 -0.0084 0.1392 -0.0192 -0.0012 0.1344 -0.0168 -0.0084 0.1392 -0.0168 -0.0096 0.1344 -0.0168 -0.0084 0.1344 -0.018 -0.0084 0.1392 -0.018 -0.0084 0.1344 -0.0168 -0.0096 0.1392 -0.0156 -0.0084 0.1344 -0.0156 -0.0084 0.1392 -0.0144 -0.0072 0.1344 -0.0132 -0.006 0.1392 -0.0132 -0.006 0.1344 -0.0144 -0.0072 0.1392 -0.0156 -0.0084 0.1344 -0.0156 -0.0084 0.1392 -0.012 -0.0036 0.1344 -0.012 -0.0048 0.1392 -0.012 -0.0036 0.1392 -0.012 -0.0048 0.1344 -0.0132 -0.0024 0.1344 -0.012 -0.0024 0.1392 -0.0132 -0.0024 0.1392 -0.0144 -0.0012 0.1344 -0.0144 -0.0012 0.1392 -0.012 -0.0024 0.1344 -0.0132 -0.006 0.1392 -0.0132 -0.006 0.1344 -0.0156 -0.0012 0.1344 -0.018 0 0.1392 -0.018 0 0.1344 -0.0156 -0.0012 0.1392 -0.0144 -0.0012 0.1344 -0.0144 -0.0012 0.1392 -0.018 0 0.1344 -0.018 0 0.1392 -0.0192 0 0.1344 -0.0192 0 0.1392 -0.0192 -0.0012 0.1344 -0.0192 -0.0012 0.1392 -0.0156 0.0108 0.1344 -0.0096 0.0168 0.1392 -0.0156 0.0108 0.1392 -0.0096 0.0168 0.1344 -0.0156 0.0108 0.1392 -0.0156 0.0108 0.1344 -0.0156 0.0096 0.1344 -0.0156 0.0096 0.1392 -0.0144 0.0096 0.1344 -0.0144 0.0096 0.1392 -0.012 0.0096 0.1344 -0.0108 0.0084 0.1392 -0.0108 0.0084 0.1344 -0.012 0.0096 0.1392 -0.0144 0.0096 0.1344 -0.0144 0.0096 0.1392 -0.0096 0.0084 0.1344 -0.0108 0.0084 0.1392 -0.0096 0.0084 0.1392 -0.0072 0.0096 0.1392 -0.0072 0.0108 0.1344 -0.0072 0.0096 0.1344 -0.0084 0.0084 0.1392 -0.0084 0.0084 0.1344 -0.0072 0.0108 0.1392 -0.0072 0.012 0.1344 -0.0072 0.012 0.1392 -0.0108 0.0084 0.1344 -0.0084 0.0132 0.1344 -0.0084 0.0156 0.1392 -0.0084 0.0156 0.1344 -0.0084 0.0132 0.1392 -0.0072 0.012 0.1344 -0.0072 0.012 0.1392 -0.0084 0.0156 0.1392 -0.0084 0.0156 0.1344 -0.0084 0.0168 0.1392 -0.0096 0.0168 0.1344 -0.0084 0.0168 0.1344 -0.0096 0.0168 0.1392 0.0036 0.0192 0.1344 0.0108 0.0168 0.1392 0.0036 0.0192 0.1392 0.0108 0.0168 0.1344 0.0024 0.0192 0.1392 0.0024 0.0192 0.1344 0.0024 0.018 0.1344 0.0024 0.018 0.1392 0.0036 0.0192 0.1392 0.0036 0.0192 0.1344 0.0024 0.0156 0.1392 0.0024 0.018 0.1344 0.0024 0.018 0.1392 0.0024 0.0156 0.1344 0.0036 0.0144 0.1392 0.0036 0.0144 0.1344 0.0072 0.012 0.1344 0.006 0.012 0.1392 0.0072 0.012 0.1392 0.006 0.012 0.1344 0.0048 0.012 0.1392 0.0036 0.012 0.1392 0.0048 0.012 0.1344 0.0036 0.012 0.1344 0.0036 0.0132 0.1392 0.0036 0.0132 0.1344 0.0036 0.0144 0.1392 0.0036 0.0144 0.1344 0.0096 0.0144 0.1392 0.0084 0.0144 0.1344 0.0084 0.0144 0.1392 0.0096 0.0144 0.1344 0.0072 0.012 0.1344 0.0072 0.012 0.1392 0.0108 0.0156 0.1392 0.0108 0.0156 0.1344 0.0108 0.0168 0.1344 0.0096 0.0144 0.1392 0.0108 0.0168 0.1392 0.0096 0.0144 0.1344 0.0132 0.0012 0.1344 0.0132 0.0024 0.1392 0.0132 0.0012 0.1392 0.0132 0.0024 0.1344 0.0132 0.0036 0.1392 0.0132 0.0036 0.1344 0.0144 0.0048 0.1392 0.0156 0 0.1344 0.0144 0 0.1392 0.0156 0 0.1392 0.0144 0.0048 0.1344 0.0144 0 0.1344 0.0192 -0.0012 0.1392 0.0168 0 0.1344 0.0168 0 0.1392 0.0156 0 0.1344 0.0156 0 0.1392 0.0192 -0.0012 0.1344 0.0192 -0.0012 0.1392 0.0204 -0.0012 0.1344 0.0192 -0.0012 0.1344 0.0204 0 0.1344 0.0204 -0.0012 0.1392 0.0204 0 0.1392 0.0204 0 0.1392 0.0192 0.0072 0.1344 0.0204 0 0.1344 0.0192 0.0072 0.1392 0.0168 0.0072 0.1344 0.0168 0.0072 0.1392 0.018 0.0072 0.1344 0.018 0.0072 0.1392 0.0192 0.0072 0.1392 0.0192 0.0072 0.1344 0.0168 0.0072 0.1344 0.0156 0.006 0.1392 0.0156 0.006 0.1344 0.0144 0.0048 0.1392 0.0144 0.0048 0.1344 0.0168 0.0072 0.1392 0.0036 0.0072 0.1404 -0.0012 0.0072 0.1344 0.0036 0.0072 0.1344 -0.0012 0.0072 0.1404 -0.0048 0.0048 0.1344 -0.0048 0.0048 0.1404 -0.0072 0.0012 0.1344 0.0072 0.0048 0.1404 0.0072 0.0048 0.1344 0.0084 0.0012 0.1404 0.0084 0.0012 0.1344 -0.0072 0.0012 0.1404 0.0084 -0.0036 0.1404 0.0084 -0.0036 0.1344 -0.0072 -0.0024 0.1344 -0.0072 -0.0024 0.1404 0.006 -0.0072 0.1404 0.006 -0.0072 0.1344 0.0024 -0.0084 0.1404 0.0024 -0.0084 0.1344 -0.0024 -0.0084 0.1404 -0.0024 -0.0084 0.1344 -0.0048 -0.006 0.1404 -0.0048 -0.006 0.1344 0.0132 -0.0024 0.1344 0.0144 -0.0024 0.1392 0.0132 -0.0024 0.1392 0.012 -0.0048 0.1392 0.012 -0.006 0.1344 0.012 -0.0048 0.1344 0.0144 -0.0024 0.1344 0.012 -0.0084 0.1344 0.012 -0.006 0.1392 0.012 -0.0084 0.1392 0.0168 -0.0024 0.1392 0.0168 -0.0024 0.1344 0.018 -0.0036 0.1392 0.018 -0.0036 0.1344 0.0192 -0.0048 0.1392 0.0192 -0.0048 0.1344 0.0192 -0.006 0.1392 0.0192 -0.006 0.1344 0.018 -0.0084 0.1392 0.018 -0.0084 0.1344 0.0156 -0.0084 0.1392 0.0156 -0.0084 0.1344 0.0144 -0.0084 0.1392 0.0144 -0.0084 0.1344 0.0156 0.0084 0.1392 0.0156 0.0108 0.1344 0.0156 0.0084 0.1344 0.0084 0.0084 0.1344 0.0084 0.0108 0.1392 0.0084 0.0084 0.1392 0.0096 0.012 0.1344 0.0108 0.0132 0.1392 0.0096 0.012 0.1392 0.0108 0.0132 0.1344 0.0132 0.0132 0.1392 0.0132 0.0132 0.1344 0.0144 0.012 0.1392 0.0144 0.012 0.1344 0.0156 0.0108 0.1392 0.0144 0.0072 0.1392 0.0144 0.0072 0.1344 0.0132 0.006 0.1392 0.0132 0.006 0.1344 0.0108 0.006 0.1392 0.0108 0.006 0.1344 0.0096 0.0072 0.1392 0.0096 0.0072 0.1344 0.0084 0.0108 0.1344 -0.006 0.0132 0.1344 -0.006 0.0156 0.1392 -0.006 0.0132 0.1392 -0.0048 0.012 0.1392 -0.0036 0.0108 0.1344 -0.0048 0.012 0.1344 0 0.0168 0.1344 0.0012 0.0144 0.1392 0 0.0168 0.1392 -0.0036 0.0108 0.1392 -0.0012 0.0108 0.1344 -0.0012 0.0108 0.1392 0 0.012 0.1344 0 0.012 0.1392 0.0012 0.0144 0.1344 -0.0012 0.018 0.1344 -0.0012 0.018 0.1392 -0.0036 0.018 0.1344 -0.0036 0.018 0.1392 -0.0048 0.0168 0.1344 0.0012 0.0132 0.1344 0.0012 0.0132 0.1392 -0.0048 0.0168 0.1392 -0.006 0.0156 0.1344 -0.012 0.0012 0.1344 -0.0132 0 0.1392 -0.012 0.0012 0.1392 -0.0168 0.0072 0.1344 -0.0144 0.0072 0.1392 -0.0168 0.0072 0.1392 -0.0168 0.0048 0.1344 -0.0168 0.0048 0.1392 -0.0168 0.0036 0.1344 -0.0168 0.0036 0.1392 -0.0132 0.0072 0.1344 -0.0108 0.006 0.1392 -0.0132 0.0072 0.1392 -0.0108 0.006 0.1344 -0.0108 0.0048 0.1392 -0.0108 0.0048 0.1344 -0.0108 0.0024 0.1392 -0.0108 0.0024 0.1344 -0.0132 0 0.1344 -0.0144 0 0.1392 -0.0144 0 0.1344 -0.0168 0.0012 0.1392 -0.0168 0.0012 0.1344 -0.0144 0.0072 0.1344 -0.0072 -0.012 0.1392 -0.0072 -0.0096 0.1344 -0.0072 -0.012 0.1344 -0.0144 -0.0096 0.1392 -0.0144 -0.012 0.1344 -0.0144 -0.0096 0.1344 -0.0096 -0.0144 0.1344 -0.012 -0.0144 0.1392 -0.0096 -0.0144 0.1392 -0.0084 -0.0132 0.1344 -0.0084 -0.0132 0.1392 -0.0072 -0.0096 0.1392 -0.0084 -0.0084 0.1344 -0.0084 -0.0084 0.1392 -0.0132 -0.0084 0.1392 -0.0132 -0.0084 0.1344 -0.0096 -0.0072 0.1344 -0.0096 -0.0072 0.1392 -0.012 -0.0072 0.1392 -0.012 -0.0072 0.1344 -0.0132 -0.0132 0.1344 -0.0144 -0.012 0.1392 -0.0132 -0.0132 0.1392 -0.012 -0.0144 0.1344 0.0072 -0.0168 0.1344 0.006 -0.018 0.1392 0.0072 -0.0168 0.1392 0.0072 -0.0144 0.1344 0.0072 -0.0144 0.1392 0.006 -0.0132 0.1344 0.006 -0.0132 0.1392 0.0048 -0.012 0.1344 0.0048 -0.012 0.1392 0.0036 -0.012 0.1344 0.0036 -0.012 0.1392 0.0012 -0.0132 0.1344 0.0012 -0.0132 0.1392 0 -0.0144 0.1344 0 -0.0144 0.1392 0.006 -0.018 0.1344 0.0048 -0.0192 0.1392 0 -0.0168 0.1344 0 -0.0168 0.1392 0.0012 -0.018 0.1344 0.0012 -0.018 0.1392 0.0024 -0.0192 0.1344 0.0024 -0.0192 0.1392 0.0048 -0.0192 0.1344 0.0144 0.0168 0.1356 0.0144 0.0168 0.1344 0.0132 0.0168 0.1344 0.0144 0.018 0.1356 -0.0072 -0.012 0.1344 -0.0072 -0.0096 0.1344 -0.0084 -0.0132 0.1344 -0.0084 -0.0144 0.1344 -0.0096 -0.0144 0.1344 -0.0072 -0.0084 0.1344 -0.0084 -0.0084 0.1344 -0.0096 -0.0072 0.1344 -0.012 0.0012 0.1344 -0.0096 0.0024 0.1344 -0.0108 0.0012 0.1344 -0.0108 0.0024 0.1344 -0.0096 0.0048 0.1344 -0.0132 0 0.1344 -0.0144 0 0.1344 -0.0156 0 0.1344 -0.0168 0.0012 0.1344 -0.0168 0.0036 0.1344 -0.018 0.0036 0.1344 -0.0168 0.0048 0.1344 -0.018 0.0048 0.1344 -0.0168 0.0072 0.1344 -0.0144 0.0072 0.1344 -0.0144 0.0084 0.1344 -0.0132 0.0072 0.1344 -0.012 0.0084 0.1344 -0.0108 0.006 0.1344 -0.0108 0.0072 0.1344 -0.0108 0.0048 0.1344 -0.006 0.0132 0.1344 -0.0012 0.0108 0.1344 0 0.0108 0.1344 -0.0012 0.0096 0.1344 -0.0036 0.0108 0.1344 -0.0048 0.012 0.1344 -0.006 0.012 0.1344 0.0012 0.0132 0.1344 0.0012 0.0156 0.1344 0 0.0168 0.1344 0.0012 0.0144 0.1344 0 0.012 0.1344 0.0084 0.0084 0.1344 0.0084 0.0072 0.1344 0.0096 0.0072 0.1344 0.0108 0.006 0.1344 0.0132 0.006 0.1344 0.0144 0.006 0.1344 0.0144 0.0072 0.1344 0.0156 0.0084 0.1344 0.0156 0.0108 0.1344 0.0132 0.0132 0.1344 0.0144 0.012 0.1344 0.0156 0.012 0.1344 0.0084 -0.0168 0.1344 0.0096 -0.0168 0.1344 0.0096 -0.018 0.1344 0.0084 -0.0132 0.1344 0.0096 -0.0144 0.1344 0.0084 -0.0144 0.1344 0.0096 -0.0168 0.1344 0.0084 -0.0168 0.1344 -0.0096 -0.0168 0.1344 -0.0096 -0.0156 0.1344 -0.0084 -0.0168 0.1344 0 -0.0192 0.1344 -0.0012 -0.0192 0.1344 0 -0.0204 0.1344 -0.0012 -0.0204 0.1344 -0.0072 -0.0144 0.1344 -0.0084 -0.0168 0.1344 -0.0096 -0.0156 0.1344 -0.006 -0.0132 0.1344 -0.0072 -0.0156 0.1344 -0.006 -0.0144 0.1344 -0.0012 -0.0168 0.1344 0 -0.0192 0.1344 -0.0012 -0.0192 0.1344 -0.0012 -0.0144 0.1344 -0.0012 -0.0156 0.1344 -0.0024 -0.0144 0.1344 -0.0024 -0.0132 0.1344 -0.0036 -0.012 0.1344 -0.0036 -0.0132 0.1344 -0.0048 -0.0132 0.1344 -0.006 -0.0132 0.1344 -0.006 -0.0144 0.1344 -0.0156 -0.0084 0.1344 -0.0156 -0.0096 0.1344 -0.0168 -0.0096 0.1344 -0.0168 -0.0084 0.1344 -0.018 -0.0096 0.1344 -0.018 -0.0084 0.1344 -0.0156 -0.0012 0.1344 -0.018 0 0.1344 -0.0168 0 0.1344 -0.012 -0.0024 0.1344 -0.0132 -0.0012 0.1344 -0.012 -0.0048 0.1344 -0.012 -0.006 0.1344 -0.0132 -0.006 0.1344 -0.0132 -0.0024 0.1344 -0.0144 -0.0012 0.1344 -0.0096 0.0168 0.1344 -0.0156 0.012 0.1344 -0.0156 0.0108 0.1344 -0.0084 0.0168 0.1344 -0.0084 0.0156 0.1344 -0.0072 0.0156 0.1344 -0.0072 0.0132 0.1344 -0.0084 0.0156 0.1344 -0.0072 0.0156 0.1344 -0.0072 0.012 0.1344 -0.0084 0.0132 0.1344 -0.012 0.0096 0.1344 -0.0144 0.0096 0.1344 -0.0132 0.0084 0.1344 -0.0108 0.0084 0.1344 0.0108 0.0156 0.1344 0.0108 0.0144 0.1344 0.0096 0.0144 0.1344 0.0024 0.018 0.1344 0.0012 0.018 0.1344 0.0024 0.0192 0.1344 0.0012 0.0168 0.1344 0.0084 0.0132 0.1344 0.0096 0.0144 0.1344 0.0108 0.0144 0.1344 0.0072 0.012 0.1344 0.0084 0.0144 0.1344 0.0036 0.0144 0.1344 0.0024 0.0156 0.1344 0.0024 0.0144 0.1344 0.0012 0.0168 0.1344 0.0024 0.018 0.1344 0.0036 0.012 0.1344 0.0048 0.0108 0.1344 0.0036 0.0144 0.1344 0.0024 0.012 0.1344 0.0024 0.0144 0.1344 0.0036 0.0132 0.1344 0.0048 0.012 0.1344 0.0072 0.0108 0.1344 0.006 0.012 0.1344 0.0072 0.012 0.1344 0.006 -0.0072 0.1344 0.0024 -0.0084 0.1344 0.0024 -0.0096 0.1344 -0.0024 -0.0084 0.1344 -0.0048 -0.006 0.1344 -0.006 -0.006 0.1344 -0.0072 -0.0024 0.1344 -0.0072 0.0012 0.1344 -0.0072 0.0024 0.1344 -0.0048 0.0048 0.1344 -0.0048 0.006 0.1344 -0.0012 0.0072 0.1344 0.0108 -0.006 0.1344 0.012 -0.0048 0.1344 0.012 -0.006 0.1344 0.012 -0.0084 0.1344 0.0144 -0.0096 0.1344 0.0144 -0.0084 0.1344 0.0156 -0.0096 0.1344 0.0156 -0.0084 0.1344 0.018 -0.0084 0.1344 0.0192 -0.0072 0.1344 0.0192 -0.006 0.1344 0.0192 -0.0048 0.1344 0.0108 -0.0036 0.1344 0.0132 -0.0024 0.1344 0.012 -0.0024 0.1344 0.0144 -0.0024 0.1344 0.0144 -0.0012 0.1344 0.0168 -0.0024 0.1344 0.0168 -0.0012 0.1344 0.018 -0.0036 0.1344 0.018 -0.0024 0.1344 0.0156 0 0.1344 0.0168 0 0.1344 0.0168 -0.0012 0.1344 0.0192 -0.0012 0.1344 0.0168 0.0072 0.1344 0.0168 0.0084 0.1344 0.0192 0.0072 0.1344 0.018 0.0084 0.1344 0.0192 0.0084 0.1344 0.018 0.0072 0.1344 0.0204 -0.0012 0.1344 0.0216 0 0.1344 0.0192 -0.0012 0.1344 0.0204 -0.0024 0.1344 0.0192 -0.0024 0.1344 0.018 -0.0012 0.1344 0.0204 0 0.1344 0.0204 0.0036 0.1344 0.0204 0 0.1344 0.0192 0.0072 0.1344 0.0216 0 0.1344 0.018 -0.0012 0.1404 0.0168 0 0.1392 0.0168 -0.0012 0.1404 0.0192 -0.0012 0.1392 0.0156 0 0.1392 0.0156 0 0.1404 0.0132 0.0036 0.1392 0.0144 0.0048 0.1404 0.0132 0.0036 0.1404 0.0132 0.0024 0.1392 0.0132 0.0024 0.1404 0.0144 0.0048 0.1392 0.0132 0.0012 0.1392 0.0132 0.0012 0.1404 0.0144 0 0.1392 0.0144 0 0.1404 0.0156 0 0.1392 0.0156 0 0.1404 0.0192 -0.0012 0.1392 0.018 -0.0012 0.1404 0.0192 -0.0024 0.1404 0.0204 -0.0024 0.1404 0.0204 -0.0012 0.1392 0.0204 -0.0012 0.1404 0.0204 0 0.1392 0.0216 0 0.1404 0.0144 0.0048 0.1404 0.0156 0.006 0.1392 0.0156 0.006 0.1404 0.0144 0.0048 0.1392 0.0168 0.0072 0.1392 0.0168 0.0072 0.1404 0.0204 0.0036 0.1404 0.0204 0 0.1392 0.0216 0 0.1404 0.0192 0.0072 0.1392 0.0192 0.0072 0.1404 0.0168 0.0084 0.1404 0.0168 0.0072 0.1392 0.018 0.0084 0.1404 0.018 0.0072 0.1392 0.0192 0.0084 0.1404 0.0192 0.0072 0.1392 0.0192 0.0072 0.1404 0.0168 0.0072 0.1404 0.0156 -0.0096 0.1404 0.018 -0.0084 0.1392 0.0156 -0.0084 0.1392 0.0144 -0.0096 0.1404 0.0144 -0.0084 0.1392 0.012 -0.0084 0.1404 0.012 -0.0084 0.1392 0.018 -0.0084 0.1404 0.0192 -0.006 0.1392 0.0192 -0.0072 0.1404 0.0192 -0.0048 0.1392 0.018 -0.0024 0.1404 0.0168 -0.0024 0.1392 0.018 -0.0036 0.1392 0.0108 -0.006 0.1404 0.012 -0.006 0.1392 0.0168 -0.0012 0.1404 0.0144 -0.0024 0.1392 0.0144 -0.0012 0.1404 0.0132 -0.0024 0.1392 0.012 -0.0024 0.1404 0.012 -0.0048 0.1392 0.0108 -0.0036 0.1404 0.0192 -0.0048 0.1404 0.0108 0.0144 0.1404 0.0084 0.0144 0.1392 0.0084 0.0132 0.1404 0.0096 0.0144 0.1392 0.0072 0.012 0.1392 0.0072 0.012 0.1404 0.0036 0.0132 0.1392 0.0024 0.0144 0.1404 0.0024 0.012 0.1404 0.0036 0.012 0.1392 0.0036 0.012 0.1404 0.0048 0.012 0.1392 0.0048 0.0108 0.1404 0.006 0.012 0.1392 0.0072 0.0108 0.1404 0.0072 0.012 0.1392 0.0072 0.012 0.1404 0.0036 0.0144 0.1392 0.0108 0.0156 0.1392 0.0108 0.0144 0.1404 0.0108 0.0156 0.1404 0.0096 0.0144 0.1392 0.0108 0.0168 0.1392 0.0108 0.0168 0.1404 0.0024 0.0144 0.1404 0.0024 0.0156 0.1392 0.0024 0.0156 0.1404 0.0036 0.0144 0.1392 0.0024 0.018 0.1392 0.0012 0.0168 0.1404 0.0108 0.0168 0.1404 0.0036 0.0192 0.1392 0.0108 0.0168 0.1392 0.0036 0.0192 0.1404 0.0024 0.0192 0.1392 0.0036 0.0192 0.1404 0.0024 0.0192 0.1404 0.0024 0.018 0.1392 0.0012 0.018 0.1404 0.0036 0.0192 0.1392 0.0012 0.0168 0.1404 -0.0072 0.0156 0.1404 -0.0084 0.0132 0.1392 -0.0072 0.0132 0.1404 -0.0084 0.0156 0.1392 -0.0072 0.012 0.1392 -0.0072 0.012 0.1404 -0.0096 0.0084 0.1392 -0.0108 0.0084 0.1404 -0.0096 0.0084 0.1404 -0.0084 0.0084 0.1392 -0.0084 0.0084 0.1404 -0.0072 0.0096 0.1392 -0.0072 0.0096 0.1404 -0.0072 0.0108 0.1392 -0.0072 0.0108 0.1404 -0.0072 0.012 0.1392 -0.0072 0.012 0.1404 -0.0108 0.0084 0.1392 -0.0072 0.0156 0.1404 -0.0084 0.0156 0.1392 -0.0084 0.0168 0.1404 -0.0084 0.0168 0.1392 -0.0096 0.0168 0.1392 -0.0096 0.0168 0.1404 -0.0108 0.0084 0.1404 -0.012 0.0096 0.1392 -0.0132 0.0084 0.1404 -0.0108 0.0084 0.1392 -0.0144 0.0096 0.1392 -0.0144 0.0096 0.1404 -0.0156 0.0108 0.1392 -0.0096 0.0168 0.1404 -0.0156 0.012 0.1404 -0.0096 0.0168 0.1392 -0.0156 0.0108 0.1392 -0.0156 0.0108 0.1404 -0.0156 0.0096 0.1404 -0.0156 0.012 0.1404 -0.0156 0.0096 0.1392 -0.0144 0.0096 0.1392 -0.0144 0.0096 0.1404 -0.0168 0 0.1404 -0.0156 -0.0012 0.1392 -0.0156 -0.0012 0.1404 -0.018 0 0.1392 -0.0144 -0.0012 0.1392 -0.0144 -0.0012 0.1404 -0.012 -0.0048 0.1392 -0.0132 -0.006 0.1404 -0.012 -0.006 0.1404 -0.012 -0.0036 0.1392 -0.012 -0.0036 0.1404 -0.012 -0.0024 0.1392 -0.012 -0.0024 0.1404 -0.0132 -0.0024 0.1392 -0.0132 -0.0012 0.1404 -0.0144 -0.0012 0.1392 -0.0144 -0.0012 0.1404 -0.0132 -0.006 0.1392 -0.018 0 0.1392 -0.0168 0 0.1404 -0.018 0 0.1404 -0.0192 0 0.1392 -0.0192 0 0.1404 -0.0192 -0.0012 0.1392 -0.0192 -0.0012 0.1404 -0.0132 -0.006 0.1404 -0.0144 -0.0072 0.1392 -0.0144 -0.0072 0.1404 -0.0132 -0.006 0.1392 -0.0156 -0.0084 0.1392 -0.0156 -0.0084 0.1404 -0.018 -0.0084 0.1392 -0.0192 -0.0012 0.1404 -0.018 -0.0084 0.1404 -0.0192 -0.0012 0.1392 -0.0168 -0.0096 0.1392 -0.018 -0.0096 0.1404 -0.0168 -0.0096 0.1404 -0.0156 -0.0084 0.1392 -0.0156 -0.0096 0.1404 -0.0156 -0.0084 0.1404 -0.0168 -0.0084 0.1392 -0.018 -0.0084 0.1404 -0.018 -0.0084 0.1392 -0.0072 -0.0144 0.1404 -0.006 -0.0144 0.1392 -0.006 -0.0132 0.1404 -0.0072 -0.0156 0.1392 -0.0096 -0.0156 0.1404 -0.0084 -0.0168 0.1392 -0.006 -0.0144 0.1392 -0.0048 -0.0132 0.1404 -0.006 -0.0132 0.1404 -0.0024 -0.0132 0.1392 -0.0012 -0.0144 0.1404 -0.0024 -0.0132 0.1404 -0.0024 -0.0144 0.1392 -0.0012 -0.0156 0.1404 -0.0048 -0.0132 0.1392 -0.0036 -0.012 0.1404 -0.0036 -0.0132 0.1392 -0.0012 -0.0156 0.1392 -0.0096 -0.0168 0.1392 -0.0096 -0.0156 0.1404 -0.0096 -0.0168 0.1404 -0.0096 -0.018 0.1404 -0.0096 -0.018 0.1392 -0.0084 -0.0168 0.1392 -0.0012 -0.0156 0.1404 -0.0012 -0.0168 0.1392 -0.0012 -0.0168 0.1404 -0.0012 -0.0156 0.1392 -0.0012 -0.0192 0.1392 0 -0.0192 0.1404 -0.0096 -0.018 0.1404 -0.0012 -0.0204 0.1392 -0.0096 -0.018 0.1392 -0.0012 -0.0204 0.1404 -0.0012 -0.0204 0.1392 -0.0012 -0.0204 0.1404 0 -0.0204 0.1404 -0.0012 -0.0192 0.1392 0 -0.0192 0.1404 0 -0.0192 0.1392 0.0084 -0.0168 0.1404 0.0096 -0.0144 0.1392 0.0084 -0.0144 0.1404 0.0096 -0.0168 0.1392 0.0084 -0.0132 0.1392 0.0084 -0.0132 0.1404 0.0108 -0.0096 0.1392 0.012 -0.0096 0.1404 0.0108 -0.0096 0.1404 0.0096 -0.0096 0.1392 0.0096 -0.0096 0.1404 0.0084 -0.0108 0.1392 0.0084 -0.0108 0.1404 0.0084 -0.012 0.1392 0.0084 -0.012 0.1404 0.0084 -0.0132 0.1392 0.0084 -0.0132 0.1404 0.012 -0.0096 0.1392 0.0108 -0.018 0.1392 0.0108 -0.018 0.1404 0.0096 -0.018 0.1404 0.0096 -0.018 0.1392 0.0084 -0.0168 0.1404 0.0096 -0.0168 0.1392 0.0144 -0.0108 0.1392 0.012 -0.0096 0.1404 0.012 -0.0096 0.1392 0.0144 -0.0108 0.1404 0.0156 -0.0108 0.1392 0.0156 -0.0108 0.1404 0.0168 -0.0132 0.1392 0.0108 -0.018 0.1404 0.0168 -0.0132 0.1404 0.0108 -0.018 0.1392 0.0156 -0.0108 0.1392 0.0168 -0.0108 0.1404 0.0168 -0.012 0.1392 0.0168 -0.012 0.1404 0.0168 -0.0108 0.1392 0.0168 -0.0132 0.1404 0.0168 -0.0132 0.1392 0.0156 -0.0108 0.1404 0.0084 0.0084 0.1404 0.0096 0.0072 0.1392 0.0084 0.0084 0.1392 0.0084 0.0072 0.1404 0.0108 0.006 0.1392 0.0108 0.006 0.1404 0.0132 0.006 0.1392 0.0132 0.006 0.1404 0.0144 0.0072 0.1392 0.0144 0.006 0.1404 0.0156 0.0084 0.1392 0.0156 0.0084 0.1404 0.0156 0.0108 0.1392 0.0156 0.0108 0.1404 0.0144 0.012 0.1392 0.0156 0.012 0.1404 0.0132 0.0132 0.1392 0.0132 0.0132 0.1404 0.0108 0.0132 0.1392 0.0108 0.0132 0.1404 0.0096 0.012 0.1392 0.0096 0.012 0.1404 0.0084 0.0108 0.1392 0.0084 0.0108 0.1404 -0.006 0.0132 0.1404 -0.0048 0.012 0.1392 -0.006 0.0132 0.1392 -0.006 0.012 0.1404 -0.0036 0.0108 0.1392 -0.0036 0.0108 0.1404 -0.0012 0.0108 0.1392 -0.0012 0.0096 0.1404 0 0.012 0.1392 0 0.0108 0.1404 0.0012 0.0132 0.1392 0.0012 0.0132 0.1404 0.0012 0.0144 0.1392 0.0012 0.0156 0.1404 0 0.0168 0.1392 0 0.0168 0.1404 -0.0012 0.018 0.1392 -0.0012 0.018 0.1404 -0.0036 0.018 0.1392 -0.0036 0.018 0.1404 -0.0048 0.0168 0.1392 -0.0048 0.0168 0.1404 -0.006 0.0156 0.1392 -0.006 0.0156 0.1404 -0.018 0.0036 0.1404 -0.0168 0.0012 0.1392 -0.0168 0.0036 0.1392 -0.0168 0.0012 0.1404 -0.0144 0 0.1392 -0.0156 0 0.1404 -0.0132 0 0.1392 -0.0132 0 0.1404 -0.012 0.0012 0.1392 -0.0108 0.0012 0.1404 -0.0108 0.0024 0.1392 -0.0096 0.0024 0.1404 -0.0108 0.0048 0.1392 -0.0096 0.0048 0.1404 -0.0108 0.006 0.1392 -0.0108 0.0072 0.1404 -0.0132 0.0072 0.1392 -0.012 0.0084 0.1404 -0.0144 0.0072 0.1392 -0.0144 0.0084 0.1404 -0.0168 0.0072 0.1392 -0.0168 0.0072 0.1404 -0.0168 0.0048 0.1392 -0.018 0.0048 0.1404 -0.0144 -0.012 0.1404 -0.0132 -0.0132 0.1392 -0.0144 -0.012 0.1392 -0.012 -0.0144 0.1392 -0.0132 -0.0132 0.1404 -0.012 -0.0144 0.1404 -0.0096 -0.0144 0.1392 -0.0096 -0.0144 0.1404 -0.0084 -0.0132 0.1392 -0.0084 -0.0144 0.1404 -0.0072 -0.012 0.1392 -0.0072 -0.012 0.1404 -0.0072 -0.0096 0.1392 -0.0072 -0.0096 0.1404 -0.0084 -0.0084 0.1392 -0.0072 -0.0084 0.1404 -0.0096 -0.0072 0.1392 -0.0096 -0.0072 0.1404 -0.012 -0.0072 0.1392 -0.012 -0.0072 0.1404 -0.0132 -0.0084 0.1392 -0.0132 -0.0084 0.1404 -0.0144 -0.0096 0.1392 -0.0144 -0.0096 0.1404 0.0012 -0.0132 0.1392 0.0024 -0.012 0.1404 0.0012 -0.012 0.1404 0 -0.0144 0.1392 0 -0.0144 0.1404 0 -0.0168 0.1392 0 -0.0168 0.1404 0.0012 -0.018 0.1392 0.0012 -0.018 0.1404 0.0024 -0.0192 0.1392 0.0024 -0.0192 0.1404 0.0048 -0.0192 0.1392 0.0048 -0.0192 0.1404 0.006 -0.018 0.1392 0.006 -0.0192 0.1404 0.0072 -0.0168 0.1392 0.0072 -0.0168 0.1404 0.0072 -0.0144 0.1392 0.0084 -0.0144 0.1404 0.006 -0.0132 0.1392 0.0072 -0.0132 0.1404 0.0048 -0.012 0.1392 0.0048 -0.012 0.1404 0.0036 -0.012 0.1392 0.0048 -0.0192 0.1344 0 -0.0144 0.1344 0.0012 -0.0132 0.1344 0.0012 -0.012 0.1344 0.0036 -0.012 0.1344 0.0048 -0.012 0.1344 0.006 -0.0132 0.1344 0.0072 -0.0132 0.1344 0.0072 -0.0144 0.1344 0.0084 -0.0144 0.1344 0.0072 -0.0168 0.1344 0.006 -0.018 0.1344 0.006 -0.0192 0.1344 0.018 0.0144 0.1344 0.018 0.0156 0.1344 0.0168 0.0156 0.1344 -0.0012 -0.0228 0.1404 -0.0012 -0.0228 0.1392 0 -0.0228 0.1404 0 -0.0228 0.1392 0.018 0.0132 0.1344 0.018 0.0132 0.1356 0.018 0.012 0.1344 0.0192 0.012 0.1356 0.0204 0.0108 0.1344 0.0216 0.0108 0.1344 0.0204 0.012 0.1344 -0.0084 -0.0216 0.1392 -0.0084 -0.0228 0.1392 -0.0096 -0.0216 0.1392 -0.0084 -0.0216 0.1404 -0.0096 -0.0216 0.1404 0.0216 0.0072 0.1344 0.0216 0.0072 0.1356 0.0216 0.0084 0.1356 0.0204 0.0084 0.1344 -0.0144 -0.0168 0.1404 -0.0144 -0.0168 0.1392 -0.0144 -0.0156 0.1404 -0.0156 -0.0168 0.1392 0.0228 0.006 0.1344 0.024 0.0048 0.1344 0.0228 0.0048 0.1344 -0.018 -0.0144 0.1392 -0.018 -0.0144 0.1404 -0.018 -0.0156 0.1392 -0.0216 -0.0096 0.1392 -0.0204 -0.0108 0.1392 -0.0204 -0.0096 0.1404 -0.0204 -0.0096 0.1392 -0.0204 -0.0108 0.1404 0.0228 0.0024 0.1356 0.0228 0.0024 0.1344 0.0228 0.0012 0.1344 0.0228 0.0012 0.1356 -0.0228 -0.0048 0.1392 -0.0216 -0.0048 0.1392 -0.0228 -0.0048 0.1404 -0.0228 -0.0036 0.1392 -0.0216 -0.0048 0.1404 -0.0228 -0.0036 0.1404 -0.0216 0 0.1404 -0.0216 -0.0012 0.1392 -0.0216 -0.0012 0.1404 -0.0216 0 0.1392 0.0228 -0.0036 0.1344 0.0228 -0.0036 0.1356 0.0228 -0.0024 0.1356 0.0228 -0.0024 0.1344 -0.0204 0.0036 0.1404 -0.0216 0.0036 0.1392 -0.0216 0.0036 0.1404 -0.0216 0.0048 0.1392 -0.0216 0.0072 0.1392 -0.0216 0.0072 0.1404 -0.0216 0.0084 0.1392 -0.0204 0.0072 0.1404 0.0216 -0.0096 0.1344 0.0216 -0.0084 0.1344 0.0216 -0.0084 0.1356 0.0216 -0.0096 0.1356 -0.0144 0.0168 0.1404 -0.0144 0.0168 0.1392 -0.0156 0.0168 0.1392 -0.0108 0.018 0.1404 -0.012 0.018 0.1392 -0.012 0.018 0.1404 -0.0108 0.018 0.1392 -0.0096 0.0204 0.1404 -0.0084 0.0204 0.1392 -0.0096 0.0204 0.1392 -0.0084 0.0204 0.1404 -0.0036 0.0216 0.1392 -0.0048 0.0216 0.1392 -0.0036 0.0216 0.1404 -0.0036 0.0228 0.1392 -0.0048 0.0216 0.1404 0.0192 -0.0132 0.1356 0.0192 -0.0132 0.1344 0.018 -0.0144 0.1344 0.0192 -0.0144 0.1356 0.0024 0.0228 0.1392 0.0012 0.0228 0.1392 0.0012 0.0228 0.1404 0.0024 0.0228 0.1404 0.0144 -0.018 0.1356 0.0144 -0.0168 0.1344 0.0156 -0.018 0.1356 0.0156 -0.0168 0.1344 0.0144 -0.018 0.1344 0.012 0.0192 0.1392 0.0132 0.0192 0.1392 0.0132 0.0192 0.1404 0.012 0.0192 0.1404 0.0096 -0.0216 0.1356 0.0096 -0.0204 0.1344 0.0108 -0.0204 0.1356 0.0108 -0.0204 0.1344 0.0192 0.012 0.1392 0.018 0.012 0.1404 0.018 0.0132 0.1392 0.018 0.0132 0.1404 0.0048 -0.0216 0.1344 0.006 -0.0228 0.1356 0.006 -0.0216 0.1344 0.024 0.006 0.1392 0.0228 0.006 0.1404 0.0228 0.0048 0.1404 0.0228 0.006 0.1392 0.024 0.0048 0.1392 0.0228 0.0024 0.1392 0.0228 0.0012 0.1404 0.0228 0.0012 0.1392 0.0228 0.0024 0.1404 0.0228 -0.0036 0.1404 0.0228 -0.0036 0.1392 0.0228 -0.0024 0.1392 0.0228 -0.0024 0.1404 0.0216 -0.0084 0.1404 0.0216 -0.0084 0.1392 0.0216 -0.0096 0.1392 0.0216 -0.0096 0.1404 0.0192 -0.0132 0.1404 0.0192 -0.0132 0.1392 0.018 -0.0132 0.1404 0.0192 -0.0144 0.1392 0.018 -0.0144 0.1404 0.0144 -0.018 0.1392 0.0144 -0.0168 0.1404 0.0144 -0.018 0.1404 0.0156 -0.018 0.1392 0.0156 -0.0168 0.1404 0.012 -0.0204 0.1392 0.0132 -0.0204 0.1404 0.012 -0.0204 0.1404 0.0132 -0.0204 0.1392 0.0084 -0.0228 0.1392 0.0084 -0.0228 0.1404 0.0072 -0.0228 0.1392 0.0072 -0.0228 0.1404 -0.006 -0.0216 0.1344 -0.006 -0.0216 0.1356 -0.0072 -0.0216 0.1356 -0.0072 -0.0216 0.1344 -0.0108 -0.0192 0.1344 -0.0108 -0.0204 0.1356 -0.0096 -0.0204 0.1344 -0.018 -0.012 0.1344 -0.0192 -0.012 0.1356 -0.0192 -0.0108 0.1344 -0.018 -0.012 0.1356 -0.0204 -0.0072 0.1356 -0.0204 -0.0072 0.1344 -0.0204 -0.006 0.1356 -0.0204 -0.006 0.1344 -0.0192 0.0096 0.1356 -0.0192 0.0084 0.1344 -0.0204 0.0084 0.1356 -0.0192 0.0096 0.1344 -0.0192 0.012 0.1344 -0.018 0.012 0.1344 -0.018 0.0132 0.1344 -0.0156 0.0144 0.1344 -0.0156 0.0156 0.1356 -0.0156 0.0144 0.1356 -0.006 0.0204 0.1344 -0.0072 0.0204 0.1356 -0.006 0.0204 0.1356 0 0.0216 0.1356 -0.0012 0.0216 0.1344 -0.0012 0.0216 0.1356 0 0.0216 0.1344 0.0036 0.0216 0.1356 0.0036 0.0216 0.1344 0.0036 0.0204 0.1344 0.0048 0.0216 0.1356 0.0048 0.0204 0.1344 -0.0024 -0.024 0.1404 -0.0024 -0.024 0.1392 -0.0036 -0.024 0.1392 -0.0036 -0.024 0.1404 -0.0096 -0.0204 0.1404 -0.0108 -0.0204 0.1392 -0.0108 -0.0192 0.1404 -0.0204 -0.0072 0.1392 -0.0204 -0.006 0.1404 -0.0204 -0.006 0.1392 -0.0204 -0.0072 0.1404 -0.0228 0.0024 0.1392 -0.0228 0.0012 0.1392 -0.0228 0.0012 0.1404 -0.0228 0.0024 0.1404 -0.0192 0.0084 0.1404 -0.0192 0.0096 0.1392 -0.0204 0.0084 0.1392 -0.0192 0.0096 0.1404 -0.0156 0.0144 0.1392 -0.0156 0.0144 0.1404 -0.0156 0.0156 0.1392 -0.0012 0.0216 0.1392 -0.0012 0.0216 0.1404 0 0.0216 0.1404 0 0.0216 0.1392 0.0072 0.0216 0.1392 0.0084 0.0216 0.1392 0.0072 0.0216 0.1404 0.0084 0.0216 0.1404 0.0144 0.0168 0.1404 0.0144 0.0168 0.1392 0.0132 0.0168 0.1404 0.0144 0.018 0.1392 0.0204 0.0108 0.1404 0.0204 0.012 0.1392 0.0216 0.0108 0.1392 0.018 -0.0168 0.1392 0.018 -0.0156 0.1392 0.0168 -0.0168 0.1392 0.018 -0.0168 0.1404 0.018 -0.0156 0.1404 0.0168 -0.0168 0.1404 0.0096 -0.0204 0.1404 0.0096 -0.0216 0.1392 0.0108 -0.0204 0.1392 0.0108 -0.0204 0.1404 0 -0.0228 0.1356 0 -0.0228 0.1344 -0.0012 -0.0228 0.1356 -0.0012 -0.0228 0.1344 -0.0084 -0.0216 0.1344 -0.0096 -0.0216 0.1344 -0.0084 -0.0228 0.1344 -0.0144 -0.0168 0.1356 -0.0144 -0.0168 0.1344 -0.0156 -0.0168 0.1356 -0.0144 -0.0156 0.1344 -0.0216 -0.0012 0.1344 -0.0216 -0.0012 0.1356 -0.0216 0 0.1356 -0.0216 0 0.1344 -0.0216 0.0072 0.1344 -0.0204 0.0072 0.1344 -0.0216 0.0084 0.1344 -0.0108 0.018 0.1344 -0.012 0.018 0.1344 -0.012 0.018 0.1356 -0.0108 0.018 0.1356 -0.0036 0.0228 0.1344 -0.0036 0.0216 0.1344 -0.0048 0.0216 0.1344 -0.006 -0.0216 0.1392 -0.0072 -0.0216 0.1404 -0.0072 -0.0216 0.1392 -0.006 -0.0216 0.1404 -0.0192 -0.012 0.1392 -0.018 -0.012 0.1404 -0.018 -0.012 0.1392 -0.0192 -0.0108 0.1404 0.0048 0.0216 0.1392 0.0048 0.0204 0.1404 0.0036 0.0216 0.1404 0.0036 0.0216 0.1392 0.0168 0.0156 0.1392 0.0168 0.0156 0.1404 0.018 0.0156 0.1392 0.018 0.0144 0.1392 0.018 0.0144 0.1404 0.024 0 0.1392 0.024 -0.0012 0.1392 0.024 0 0.1404 0.024 -0.0012 0.1404 0.0048 -0.0216 0.1404 0.006 -0.0228 0.1392 0.006 -0.0216 0.1404 -0.0228 -0.0048 0.1344 -0.0228 -0.0036 0.1344 -0.0216 -0.0048 0.1344 -0.0132 -0.0192 0.1404 -0.0132 -0.0192 0.1392 -0.0144 -0.0192 0.1392 -0.0144 -0.018 0.1404 -0.018 0.012 0.1404 -0.018 0.0132 0.1392 -0.0192 0.012 0.1392 -0.018 0.0132 0.1404 -0.0204 0.0036 0.1344 -0.0216 0.0036 0.1356 -0.0216 0.0048 0.1356 -0.0216 0.0036 0.1344 0.0204 0.0072 0.1404 0.0216 0.0084 0.1392 0.0204 0.0084 0.1404 0.0216 0.0072 0.1392 0.0216 0.0072 0.1404 0.0036 -0.024 0.1392 0.0024 -0.024 0.1404 0.0024 -0.024 0.1392 0.0036 -0.024 0.1404 -0.0072 0.0204 0.1392 -0.006 0.0204 0.1404 -0.006 0.0204 0.1392 -0.0036 0.0228 0.1452 -0.0036 0.0216 0.1452 -0.0048 0.0228 0.1452 -0.0024 0.0228 0.1452 -0.0036 0.0228 0.1452 -0.0036 0.0216 0.1452 -0.0024 0.024 0.1452 0 0.0228 0.1452 -0.0012 0.024 0.1452 0 0.024 0.1452 0.0036 0.0228 0.1452 0.0024 0.0228 0.1452 0.0036 0.024 0.1452 0.0048 0.0228 0.1452 0.0048 0.024 0.1452 0.0036 0.024 0.1452 0.0036 0.0228 0.1452 0.006 0.0228 0.1452 0.0048 0.0228 0.1452 0.006 0.0216 0.1452 0.0072 0.0216 0.1452 0.006 0.0216 0.1452 0.006 0.0228 0.1452 0.0084 0.0216 0.1452 0.0072 0.0216 0.1452 0.0084 0.0228 0.1452 0.0096 0.0216 0.1452 0.0096 0.0228 0.1452 0.0084 0.0216 0.1452 0.0084 0.0228 0.1452 0.012 0.0192 0.1452 0.0108 0.0192 0.1452 0.0108 0.0204 0.1452 0.0144 0.0192 0.1452 0.0144 0.018 0.1452 0.0156 0.018 0.1452 0.0156 0.0168 0.1452 0.0156 0.0156 0.1452 0.0168 0.0156 0.1452 0.018 0.0144 0.1452 0.0192 0.0156 0.1452 0.018 0.0156 0.1452 0.0192 0.0144 0.1452 0.0204 0.0108 0.1452 0.0192 0.0108 0.1452 0.0192 0.012 0.1452 0.0204 0.012 0.1452 0.0204 0.0108 0.1452 0.0216 0.0096 0.1452 0.0216 0.0108 0.1452 0.0228 0.0084 0.1452 0.0216 0.0096 0.1452 0.0216 0.0084 0.1452 0.0216 0.0072 0.1452 0.0216 0.0084 0.1452 0.0228 0.0084 0.1452 0.0228 0.0048 0.1452 0.0216 0.006 0.1452 0.0228 0.006 0.1452 0.0228 0.0036 0.1452 0.024 0.0048 0.1452 0.0228 0.0048 0.1452 0.024 0.0036 0.1452 0.024 0.0024 0.1452 0.0228 0.0024 0.1452 0.0228 0.0036 0.1452 0.024 0.0024 0.1452 0.0228 0 0.1452 0.0228 -0.0012 0.1452 0.024 0 0.1452 0.0228 -0.0012 0.1452 0.024 -0.0012 0.1452 0.024 0 0.1452 0.024 -0.0024 0.1452 0.0228 -0.0024 0.1452 0.0228 -0.0012 0.1452 0.024 -0.0012 0.1452 0.024 -0.0024 0.1452 0.0228 -0.0036 0.1452 0.0228 -0.0024 0.1452 0.0216 -0.0036 0.1452 0.0228 -0.0036 0.1452 0.0216 -0.0048 0.1452 0.0216 -0.0036 0.1452 0.0216 -0.0072 0.1452 0.0216 -0.0048 0.1452 0.0228 -0.0072 0.1452 0.0216 -0.0072 0.1452 0.0228 -0.0072 0.1452 0.0216 -0.0084 0.1452 0.0228 -0.0084 0.1452 0.0204 -0.0096 0.1452 0.0204 -0.0084 0.1452 0.0216 -0.0084 0.1452 0.0216 -0.0096 0.1452 0.0204 -0.0096 0.1452 0.0192 -0.0108 0.1452 0.0204 -0.0108 0.1452 0.0192 -0.0096 0.1452 0.0192 -0.012 0.1452 0.0204 -0.012 0.1452 0.0204 -0.0108 0.1452 0.0192 -0.0108 0.1452 0.0192 -0.0132 0.1452 0.0204 -0.012 0.1452 0.0204 -0.0132 0.1452 0.0192 -0.012 0.1452 0.018 -0.0144 0.1452 0.0192 -0.0132 0.1452 0.018 -0.0132 0.1452 0.0168 -0.0144 0.1452 0.018 -0.0144 0.1452 0.018 -0.0132 0.1452 0.0168 -0.0156 0.1452 0.0168 -0.0144 0.1452 0.0156 -0.0168 0.1452 0.0168 -0.0168 0.1452 0.0156 -0.0168 0.1452 0.0168 -0.0168 0.1452 0.0156 -0.018 0.1452 0.0144 -0.0168 0.1452 0.0144 -0.0168 0.1452 0.0144 -0.018 0.1452 0.0156 -0.018 0.1452 0.0132 -0.018 0.1452 0.0144 -0.0168 0.1452 0.0144 -0.018 0.1452 0.012 -0.0192 0.1452 0.0108 -0.0204 0.1452 0.012 -0.0204 0.1452 0.0048 -0.0228 0.1452 0.0048 -0.0216 0.1452 0.006 -0.0228 0.1452 0.006 -0.0216 0.1452 0.0048 -0.0216 0.1452 0.0036 -0.0228 0.1452 0.0048 -0.0228 0.1452 0.0036 -0.0216 0.1452 0 -0.0228 0.1452 0.0012 -0.0228 0.1452 0.0012 -0.0216 0.1452 -0.0012 -0.0228 0.1452 -0.0012 -0.0216 0.1452 -0.0024 -0.0216 0.1452 -0.0024 -0.0228 0.1452 -0.0048 -0.0216 0.1452 -0.006 -0.0228 0.1452 -0.006 -0.0216 0.1452 -0.006 -0.0228 0.1452 -0.006 -0.0216 0.1452 -0.0072 -0.0216 0.1452 -0.0072 -0.0216 0.1452 -0.0072 -0.0204 0.1452 -0.0084 -0.0204 0.1452 -0.0096 -0.0192 0.1452 -0.0096 -0.0204 0.1452 -0.0084 -0.0192 0.1452 -0.0084 -0.0204 0.1452 -0.0108 -0.0192 0.1452 -0.0108 -0.0204 0.1452 -0.0096 -0.0204 0.1452 -0.0096 -0.0192 0.1452 -0.012 -0.0192 0.1452 -0.0108 -0.0192 0.1452 -0.012 -0.0204 0.1452 -0.0108 -0.0204 0.1452 -0.012 -0.018 0.1452 -0.0132 -0.018 0.1452 -0.012 -0.0192 0.1452 -0.0132 -0.0168 0.1452 -0.012 -0.018 0.1452 -0.0132 -0.018 0.1452 -0.0132 -0.0168 0.1452 -0.0144 -0.0168 0.1452 -0.0144 -0.0156 0.1452 -0.0144 -0.0168 0.1452 -0.0156 -0.0156 0.1452 -0.0156 -0.0168 0.1452 -0.0144 -0.0156 0.1452 -0.0156 -0.0156 0.1452 -0.0168 -0.0156 0.1452 -0.0168 -0.0168 0.1452 -0.0156 -0.0168 0.1452 -0.018 -0.012 0.1452 -0.0168 -0.0132 0.1452 -0.018 -0.0132 0.1452 -0.0204 -0.012 0.1452 -0.0192 -0.012 0.1452 -0.0192 -0.0108 0.1452 -0.0204 -0.0108 0.1452 -0.0192 -0.0096 0.1452 -0.0204 -0.0096 0.1452 -0.0204 -0.0108 0.1452 -0.0204 -0.0084 0.1452 -0.0192 -0.0096 0.1452 -0.0192 -0.0084 0.1452 -0.0204 -0.0096 0.1452 -0.0204 -0.0072 0.1452 -0.0216 -0.0048 0.1452 -0.0228 -0.0048 0.1452 -0.0216 -0.006 0.1452 -0.0228 -0.006 0.1452 -0.0228 -0.0048 0.1452 -0.0216 -0.0036 0.1452 -0.0216 -0.0048 0.1452 -0.0228 -0.0012 0.1452 -0.0216 -0.0012 0.1452 -0.0216 -0.0024 0.1452 -0.0216 0.0024 0.1452 -0.0228 0.0012 0.1452 -0.0216 0.0012 0.1452 -0.0216 0.0048 0.1452 -0.0216 0.0036 0.1452 -0.0228 0.0048 0.1452 -0.0216 0.006 0.1452 -0.0228 0.006 0.1452 -0.0216 0.0048 0.1452 -0.0228 0.0048 0.1452 -0.0216 0.006 0.1452 -0.0216 0.0072 0.1452 -0.0228 0.006 0.1452 -0.0216 0.0072 0.1452 -0.0204 0.0072 0.1452 -0.0204 0.0084 0.1452 -0.0204 0.0108 0.1452 -0.0192 0.012 0.1452 -0.0204 0.012 0.1452 -0.018 0.0132 0.1452 -0.018 0.012 0.1452 -0.0192 0.0132 0.1452 -0.0192 0.012 0.1452 -0.018 0.0132 0.1452 -0.0168 0.0132 0.1452 -0.018 0.0144 0.1452 -0.0168 0.0144 0.1452 -0.018 0.0144 0.1452 -0.0168 0.0144 0.1452 -0.018 0.0156 0.1452 -0.0168 0.0156 0.1452 -0.018 0.0156 0.1452 -0.0168 0.0156 0.1452 -0.0168 0.0168 0.1452 -0.0144 0.0168 0.1452 -0.0132 0.0168 0.1452 -0.0144 0.018 0.1452 -0.0144 0.018 0.1452 -0.0132 0.0168 0.1452 -0.0132 0.018 0.1452 -0.0132 0.0192 0.1452 -0.012 0.0204 0.1452 -0.0132 0.0192 0.1452 -0.0132 0.0204 0.1452 -0.012 0.0192 0.1452 -0.0084 0.0216 0.1452 -0.0096 0.0204 0.1452 -0.0084 0.0204 0.1452 -0.0072 0.0228 0.1452 -0.0084 0.0216 0.1452 -0.0084 0.0228 0.1452 -0.0072 0.0216 0.1452 -0.0036 0.0228 0.1404 -0.0036 0.0216 0.1404 -0.0048 0.0228 0.1404 -0.0036 0.0228 0.1404 -0.0036 0.0216 0.1404 -0.0024 0.0228 0.1404 -0.0024 0.024 0.1404 0 0.024 0.1404 -0.0012 0.024 0.1404 0 0.0228 0.1404 0.0024 0.0228 0.1404 0.0036 0.0228 0.1404 0.0036 0.024 0.1404 0.0048 0.0228 0.1404 0.0036 0.024 0.1404 0.0048 0.024 0.1404 0.0036 0.0228 0.1404 0.006 0.0228 0.1404 0.006 0.0216 0.1404 0.0048 0.0228 0.1404 0.0072 0.0216 0.1404 0.006 0.0216 0.1404 0.006 0.0228 0.1404 0.0096 0.0216 0.1404 0.0084 0.0216 0.1404 0.0096 0.0228 0.1404 0.0084 0.0228 0.1404 0.0108 0.0192 0.1404 0.0108 0.0204 0.1404 0.012 0.0192 0.1404 0.0144 0.0192 0.1404 0.0144 0.018 0.1404 0.0156 0.018 0.1404 0.0156 0.0168 0.1404 0.0156 0.0156 0.1404 0.0168 0.0156 0.1404 0.0192 0.0156 0.1404 0.0192 0.0144 0.1404 0.018 0.0144 0.1404 0.018 0.0156 0.1404 0.0192 0.012 0.1404 0.0204 0.012 0.1404 0.0204 0.0108 0.1404 0.0192 0.0108 0.1404 0.0216 0.0108 0.1404 0.0204 0.0108 0.1404 0.0216 0.0096 0.1404 0.0228 0.0084 0.1404 0.0216 0.0084 0.1404 0.0216 0.0096 0.1404 0.0228 0.0084 0.1404 0.0216 0.0084 0.1404 0.0216 0.0072 0.1404 0.0216 0.006 0.1404 0.0228 0.006 0.1404 0.0228 0.0048 0.1404 0.0228 0.0036 0.1404 0.024 0.0048 0.1404 0.024 0.0036 0.1404 0.0228 0.0048 0.1404 0.024 0.0024 0.1404 0.0228 0.0024 0.1404 0.024 0.0024 0.1404 0.0228 0.0036 0.1404 0.0228 0 0.1404 0.024 0 0.1404 0.0228 -0.0012 0.1404 0.0228 0.0012 0.1404 0.024 -0.0012 0.1404 0.0228 -0.0012 0.1404 0.024 0 0.1404 0.0228 -0.0024 0.1404 0.024 -0.0012 0.1404 0.024 -0.0024 0.1404 0.0228 -0.0012 0.1404 0.0228 -0.0024 0.1404 0.0228 -0.0036 0.1404 0.0216 -0.0036 0.1404 0.024 -0.0024 0.1404 0.0216 -0.0048 0.1404 0.0228 -0.0036 0.1404 0.0216 -0.0036 0.1404 0.0228 -0.006 0.1404 0.0216 -0.0048 0.1404 0.0216 -0.0072 0.1404 0.0228 -0.0072 0.1404 0.0216 -0.0072 0.1404 0.0228 -0.0072 0.1404 0.0216 -0.0084 0.1404 0.0228 -0.0084 0.1404 0.0216 -0.0084 0.1404 0.0204 -0.0084 0.1404 0.0204 -0.0096 0.1404 0.0204 -0.0096 0.1404 0.0192 -0.0096 0.1404 0.0204 -0.0108 0.1404 0.0192 -0.0108 0.1404 0.0192 -0.012 0.1404 0.0204 -0.012 0.1404 0.0204 -0.0108 0.1404 0.0192 -0.0108 0.1404 0.0204 -0.012 0.1404 0.0192 -0.0132 0.1404 0.0192 -0.012 0.1404 0.0204 -0.0132 0.1404 0.0192 -0.0132 0.1404 0.018 -0.0144 0.1404 0.018 -0.0132 0.1404 0.0168 -0.0144 0.1404 0.018 -0.0144 0.1404 0.018 -0.0132 0.1404 0.0168 -0.0156 0.1404 0.0168 -0.0144 0.1404 0.0156 -0.0168 0.1404 0.0168 -0.0168 0.1404 0.0156 -0.0168 0.1404 0.0156 -0.018 0.1404 0.0144 -0.0168 0.1404 0.0168 -0.0168 0.1404 0.0144 -0.018 0.1404 0.0144 -0.0168 0.1404 0.0156 -0.018 0.1404 0.0144 -0.0168 0.1404 0.0132 -0.018 0.1404 0.0144 -0.018 0.1404 0.012 -0.0192 0.1404 0.0108 -0.0204 0.1404 0.012 -0.0204 0.1404 0.0048 -0.0216 0.1404 0.006 -0.0228 0.1404 0.0048 -0.0228 0.1404 0.006 -0.0216 0.1404 0.0036 -0.0216 0.1404 0.0048 -0.0228 0.1404 0.0048 -0.0216 0.1404 0.0024 -0.0216 0.1404 0.0012 -0.0216 0.1404 0.0012 -0.0228 0.1404 0 -0.0228 0.1404 0.0012 -0.0228 0.1404 0.0012 -0.0216 0.1404 -0.0012 -0.0228 0.1404 -0.0012 -0.0216 0.1404 -0.0024 -0.0216 0.1404 -0.0024 -0.0228 0.1404 -0.006 -0.0228 0.1404 -0.0048 -0.0216 0.1404 -0.006 -0.0216 0.1404 -0.0072 -0.0216 0.1404 -0.006 -0.0228 0.1404 -0.006 -0.0216 0.1404 -0.0084 -0.0204 0.1404 -0.0072 -0.0204 0.1404 -0.0072 -0.0216 0.1404 -0.0096 -0.0192 0.1404 -0.0084 -0.0204 0.1404 -0.0096 -0.0204 0.1404 -0.0084 -0.0192 0.1404 -0.0096 -0.0204 0.1404 -0.0108 -0.0192 0.1404 -0.0096 -0.0192 0.1404 -0.0108 -0.0204 0.1404 -0.012 -0.0204 0.1404 -0.0108 -0.0192 0.1404 -0.0108 -0.0204 0.1404 -0.012 -0.0192 0.1404 -0.012 -0.0192 0.1404 -0.012 -0.018 0.1404 -0.0132 -0.018 0.1404 -0.0132 -0.0168 0.1404 -0.012 -0.018 0.1404 -0.0132 -0.018 0.1404 -0.0144 -0.0168 0.1404 -0.0132 -0.0168 0.1404 -0.0144 -0.0156 0.1404 -0.0156 -0.0168 0.1404 -0.0156 -0.0156 0.1404 -0.0144 -0.0168 0.1404 -0.0144 -0.0156 0.1404 -0.0156 -0.0156 0.1404 -0.0168 -0.0156 0.1404 -0.0168 -0.0168 0.1404 -0.0156 -0.0168 0.1404 -0.0168 -0.0132 0.1404 -0.018 -0.0132 0.1404 -0.018 -0.012 0.1404 -0.0192 -0.012 0.1404 -0.0204 -0.012 0.1404 -0.0192 -0.0108 0.1404 -0.0204 -0.0108 0.1404 -0.0204 -0.0108 0.1404 -0.0204 -0.0096 0.1404 -0.0192 -0.0096 0.1404 -0.0204 -0.0072 0.1404 -0.0204 -0.0084 0.1404 -0.0192 -0.0096 0.1404 -0.0204 -0.0096 0.1404 -0.0192 -0.0084 0.1404 -0.0216 -0.006 0.1404 -0.0228 -0.006 0.1404 -0.0228 -0.0048 0.1404 -0.0216 -0.0048 0.1404 -0.0216 -0.0048 0.1404 -0.0228 -0.0048 0.1404 -0.0216 -0.0036 0.1404 -0.0228 -0.0012 0.1404 -0.0216 -0.0012 0.1404 -0.0216 -0.0024 0.1404 -0.0228 0.0012 0.1404 -0.0216 0.0024 0.1404 -0.0216 0.0012 0.1404 -0.0216 0.0036 0.1404 -0.0216 0.0048 0.1404 -0.0228 0.0048 0.1404 -0.0216 0.006 0.1404 -0.0228 0.006 0.1404 -0.0228 0.0048 0.1404 -0.0216 0.0048 0.1404 -0.0216 0.006 0.1404 -0.0216 0.0072 0.1404 -0.0228 0.006 0.1404 -0.0204 0.0084 0.1404 -0.0204 0.0072 0.1404 -0.0216 0.0072 0.1404 -0.0204 0.0108 0.1404 -0.0192 0.012 0.1404 -0.0204 0.012 0.1404 -0.018 0.0132 0.1404 -0.0192 0.012 0.1404 -0.018 0.012 0.1404 -0.018 0.0144 0.1404 -0.0168 0.0132 0.1404 -0.018 0.0132 0.1404 -0.0168 0.0144 0.1404 -0.0168 0.0156 0.1404 -0.018 0.0144 0.1404 -0.018 0.0156 0.1404 -0.0168 0.0144 0.1404 -0.018 0.0156 0.1404 -0.0168 0.0156 0.1404 -0.0168 0.0168 0.1404 -0.0144 0.0168 0.1404 -0.0132 0.0168 0.1404 -0.0144 0.018 0.1404 -0.0132 0.018 0.1404 -0.0144 0.018 0.1404 -0.0132 0.0168 0.1404 -0.012 0.0204 0.1404 -0.012 0.0192 0.1404 -0.0132 0.0204 0.1404 -0.0132 0.0192 0.1404 -0.0084 0.0228 0.1404 -0.0084 0.0216 0.1404 -0.0072 0.0228 0.1404 -0.0072 0.0216 0.1404 0.0096 0.0156 0.1452 0.0084 0.0156 0.1404 0.0084 0.0156 0.1452 0.0072 0.0132 0.1404 0.0072 0.0132 0.1452 0.0096 0.0156 0.1404 0.006 0.0132 0.1452 0.0072 0.0132 0.1404 0.006 0.0132 0.1404 0.0048 0.0132 0.1452 0.0048 0.0132 0.1404 0.0036 0.0132 0.1452 0.0036 0.0132 0.1404 0.0036 0.0144 0.1452 0.0036 0.0144 0.1404 0.0024 0.0156 0.1452 0.0024 0.0156 0.1404 0.0072 0.0132 0.1452 0.0024 0.0156 0.1452 0.0024 0.0168 0.1404 0.0024 0.0168 0.1452 0.0024 0.0192 0.1404 0.0024 0.0192 0.1452 0.0024 0.0156 0.1404 -0.0072 0.0132 0.1404 -0.0084 0.0144 0.1452 -0.0084 0.0144 0.1404 -0.0072 0.0132 0.1452 -0.0084 0.0168 0.1452 -0.0084 0.0168 0.1404 -0.0084 0.0108 0.1452 -0.0072 0.012 0.1404 -0.0084 0.0108 0.1404 -0.0072 0.012 0.1452 -0.0072 0.0132 0.1404 -0.0072 0.0132 0.1452 -0.0084 0.0096 0.1452 -0.0084 0.0096 0.1404 -0.0096 0.0096 0.1452 -0.0096 0.0096 0.1404 -0.0108 0.0096 0.1452 -0.0108 0.0096 0.1404 -0.0108 0.0096 0.1452 -0.0132 0.0108 0.1404 -0.0132 0.0108 0.1452 -0.0144 0.0108 0.1404 -0.0108 0.0096 0.1404 -0.0144 0.0108 0.1452 -0.0144 0 0.1404 -0.0168 0 0.1452 -0.0168 0 0.1404 -0.018 0.0012 0.1452 -0.018 0.0012 0.1404 -0.0144 0 0.1452 -0.012 -0.0012 0.1404 -0.012 -0.0024 0.1452 -0.012 -0.0012 0.1452 -0.012 -0.0024 0.1404 -0.0132 -0.0036 0.1452 -0.0132 -0.0012 0.1452 -0.0144 0 0.1404 -0.0132 -0.0012 0.1404 -0.0144 0 0.1452 -0.0132 -0.0036 0.1404 -0.0132 -0.0048 0.1452 -0.0132 -0.0048 0.1404 -0.0132 -0.0048 0.1452 -0.0144 -0.006 0.1404 -0.0144 -0.006 0.1452 -0.0156 -0.0072 0.1404 -0.0156 -0.0072 0.1452 -0.0132 -0.0048 0.1404 -0.0096 -0.0156 0.1452 -0.0072 -0.0144 0.1404 -0.0072 -0.0144 0.1452 -0.006 -0.0132 0.1404 -0.006 -0.0132 0.1452 -0.0096 -0.0156 0.1404 -0.0048 -0.012 0.1404 -0.0036 -0.012 0.1452 -0.0048 -0.012 0.1452 -0.0036 -0.012 0.1404 -0.0024 -0.0132 0.1452 -0.0024 -0.0132 0.1404 -0.0024 -0.0144 0.1452 -0.0024 -0.0144 0.1404 -0.006 -0.0132 0.1404 -0.006 -0.0132 0.1452 -0.0024 -0.0144 0.1452 -0.0024 -0.0156 0.1404 -0.0024 -0.0156 0.1452 -0.0012 -0.018 0.1404 -0.0012 -0.018 0.1452 -0.0024 -0.0144 0.1404 0.0084 -0.012 0.1404 0.0096 -0.0132 0.1452 0.0096 -0.0132 0.1404 0.0084 -0.012 0.1452 0.0096 -0.0156 0.1452 0.0096 -0.0156 0.1404 0.012 -0.0084 0.1452 0.0108 -0.0084 0.1404 0.012 -0.0084 0.1404 0.0084 -0.0108 0.1404 0.0084 -0.0096 0.1452 0.0084 -0.0108 0.1452 0.0084 -0.0096 0.1404 0.0096 -0.0084 0.1452 0.0096 -0.0084 0.1404 0.0108 -0.0084 0.1452 0.0084 -0.012 0.1404 0.0084 -0.012 0.1452 0.012 -0.0084 0.1452 0.0132 -0.0096 0.1404 0.0132 -0.0096 0.1452 0.0156 -0.0096 0.1404 0.012 -0.0084 0.1404 0.0156 -0.0096 0.1452 0.0132 0.0036 0.1404 0.0132 0.0048 0.1452 0.0132 0.0036 0.1452 0.0132 0.0048 0.1404 0.0144 0.006 0.1452 0.0144 0.0012 0.1452 0.0156 0.0012 0.1404 0.0144 0.0012 0.1404 0.0132 0.0024 0.1404 0.0132 0.0024 0.1452 0.0156 0.0012 0.1452 0.0144 0.006 0.1404 0.0156 0.0072 0.1452 0.0168 0.0084 0.1404 0.0168 0.0084 0.1452 0.0144 0.006 0.1452 0.0156 0.0072 0.1404 0.0144 0.006 0.1404 0.0168 0.0084 0.1452 0.0168 0.0084 0.1404 0.018 0.0084 0.1452 0.018 0.0084 0.1404 0.0192 0.0084 0.1452 0.0192 0.0084 0.1404 -0.0036 0.0192 0.1404 -0.0012 0.0192 0.1452 -0.0036 0.0192 0.1452 -0.0012 0.0192 0.1404 0 0.018 0.1452 0 0.018 0.1404 0.0012 0.0156 0.1452 0.0012 0.0156 0.1404 0.0012 0.0144 0.1452 0 0.0132 0.1404 -0.0024 0.012 0.1452 0 0.0132 0.1452 -0.0024 0.012 0.1404 -0.0036 0.012 0.1452 -0.0036 0.012 0.1404 -0.006 0.0132 0.1452 -0.006 0.0132 0.1404 -0.006 0.0144 0.1452 -0.006 0.0144 0.1404 -0.006 0.0168 0.1452 -0.006 0.0168 0.1404 -0.0048 0.018 0.1452 -0.0048 0.018 0.1404 0.0012 0.0144 0.1404 -0.0132 0.0084 0.1452 -0.0144 0.0084 0.1404 -0.0132 0.0084 0.1404 -0.0144 0.0084 0.1452 -0.0168 0.0084 0.1404 -0.0168 0.0084 0.1452 -0.018 0.006 0.1404 -0.018 0.006 0.1452 -0.018 0.0048 0.1404 -0.018 0.0048 0.1452 -0.0168 0.0024 0.1404 -0.0168 0.0024 0.1452 -0.0156 0.0012 0.1404 -0.0156 0.0012 0.1452 -0.0132 0.0012 0.1404 -0.0132 0.0012 0.1452 -0.012 0.0024 0.1404 -0.012 0.0024 0.1452 -0.0108 0.0036 0.1404 -0.0108 0.0036 0.1452 -0.0108 0.006 0.1404 -0.0108 0.006 0.1452 -0.012 0.0072 0.1404 -0.012 0.0072 0.1452 -0.0132 -0.012 0.1452 -0.012 -0.0132 0.1404 -0.0132 -0.012 0.1404 -0.012 -0.0132 0.1452 -0.0096 -0.0132 0.1404 -0.0096 -0.0132 0.1452 -0.0084 -0.012 0.1404 -0.0084 -0.012 0.1452 -0.0072 -0.0108 0.1404 -0.0072 -0.0108 0.1452 -0.0072 -0.0084 0.1404 -0.012 -0.006 0.1404 -0.0096 -0.006 0.1452 -0.012 -0.006 0.1452 -0.0096 -0.006 0.1404 -0.0084 -0.0072 0.1452 -0.0084 -0.0072 0.1404 -0.0072 -0.0084 0.1452 -0.0144 -0.0108 0.1452 -0.0144 -0.0108 0.1404 -0.0144 -0.0084 0.1452 -0.0144 -0.0084 0.1404 -0.0132 -0.0072 0.1452 -0.0132 -0.0072 0.1404 0.0048 -0.0108 0.1404 0.006 -0.012 0.1452 0.0048 -0.0108 0.1452 0.006 -0.012 0.1404 0.0072 -0.0132 0.1452 0.0072 -0.0132 0.1404 0.0072 -0.0156 0.1452 0.0072 -0.0156 0.1404 0.006 -0.0168 0.1452 0 -0.0156 0.1452 0.0012 -0.0168 0.1404 0 -0.0156 0.1404 0.0048 -0.018 0.1404 0.0024 -0.018 0.1452 0.0048 -0.018 0.1452 0.0012 -0.0168 0.1452 0.0024 -0.018 0.1404 0.006 -0.0168 0.1404 0.0024 -0.0108 0.1404 0 -0.0132 0.1452 0 -0.0132 0.1404 0.0012 -0.012 0.1452 0.0024 -0.0108 0.1452 0.0012 -0.012 0.1404 0.012 -0.0036 0.1404 0.012 -0.0012 0.1452 0.012 -0.0036 0.1452 0.012 -0.0012 0.1404 0.0144 -0.0012 0.1452 0.0144 -0.0012 0.1404 0.0108 -0.0048 0.1404 0.0108 -0.0048 0.1452 0.012 -0.0072 0.1404 0.0132 -0.0072 0.1452 0.0156 -0.0072 0.1404 0.0132 -0.0072 0.1404 0.0156 -0.0072 0.1452 0.0168 -0.0072 0.1404 0.0168 -0.0072 0.1452 0.018 -0.0048 0.1404 0.018 -0.0048 0.1452 0.018 -0.0036 0.1404 0.018 -0.0036 0.1452 0.018 -0.0024 0.1404 0.018 -0.0024 0.1452 0.0156 -0.0012 0.1404 0.0156 -0.0012 0.1452 0.012 -0.0072 0.1452 0.0156 0.012 0.1404 0.0156 0.0096 0.1452 0.0156 0.012 0.1452 0.0144 0.0132 0.1404 0.0144 0.0132 0.1452 0.0132 0.0144 0.1404 0.0132 0.0144 0.1452 0.0108 0.0144 0.1404 0.0108 0.0144 0.1452 0.0156 0.0096 0.1404 0.0144 0.0084 0.1452 0.0144 0.0084 0.1404 0.012 0.0072 0.1452 0.012 0.0072 0.1404 0.0108 0.0072 0.1452 0.0108 0.0072 0.1404 0.0096 0.0084 0.1452 0.0096 0.0084 0.1404 0.0084 0.0096 0.1452 0.0084 0.0096 0.1404 0.0084 0.012 0.1452 0.0084 0.012 0.1404 0.0096 0.0132 0.1452 0.0096 0.0132 0.1404 -0.0012 0.0228 0.1452 -0.0012 0.0216 0.1452 0 0.0216 0.1452 0 0.0204 0.1452 -0.0012 0.0204 0.1452 -0.0024 0.0204 0.1452 -0.0024 0.0216 0.1452 -0.0024 0.0228 0.1452 -0.0012 0.0216 0.144 -0.0024 0.0216 0.144 -0.0012 0.0204 0.144 -0.0072 0.0192 0.1452 -0.006 0.0204 0.144 -0.0072 0.0204 0.144 -0.006 0.0216 0.1452 -0.0072 0.0216 0.1452 -0.006 0.0204 0.1452 -0.0072 0.0204 0.1452 -0.006 0.0192 0.1452 0.0048 -0.0192 0.1452 0.0048 -0.0192 0.144 0.006 -0.0192 0.1452 0.006 -0.0204 0.1452 0.0048 -0.0204 0.144 0.0048 -0.0204 0.1452 0.0048 -0.0216 0.1452 0.0036 -0.0204 0.1452 0.0036 -0.0192 0.1452 -0.0036 0.0192 0.1452 -0.0048 0.018 0.1452 -0.006 0.018 0.1452 -0.006 0.0168 0.1452 -0.0072 0.0168 0.1452 0.0012 0.0168 0.1452 0 0.018 0.1452 0.0012 0.0156 0.1452 0.0012 0.0144 0.1452 0 0.012 0.1452 0 0.0132 0.1452 -0.0024 0.0108 0.1452 -0.0024 0.012 0.1452 -0.0036 0.012 0.1452 -0.006 0.0132 0.1452 -0.0072 0.0144 0.1452 -0.006 0.0144 0.1452 -0.0132 0.0012 0.1452 -0.012 0.0024 0.1452 -0.0108 0.0024 0.1452 -0.0108 0.0036 0.1452 -0.0096 0.0036 0.1452 -0.0108 0.006 0.1452 -0.0096 0.006 0.1452 -0.012 0.0072 0.1452 -0.0108 0.0084 0.1452 -0.0132 0.0084 0.1452 -0.0132 0.0096 0.1452 -0.0144 0.0084 0.1452 -0.0144 0.0096 0.1452 -0.0168 0.0084 0.1452 -0.0072 -0.0108 0.1452 -0.0084 -0.0132 0.1452 -0.0084 -0.012 0.1452 -0.0096 -0.0132 0.1452 -0.0144 -0.0108 0.1452 -0.0132 -0.012 0.1452 -0.0144 -0.012 0.1452 -0.012 -0.0132 0.1452 0.0072 -0.0132 0.1452 0.0072 -0.0156 0.1452 0.006 -0.012 0.1452 0.0072 -0.012 0.1452 0.0048 -0.0108 0.1452 0.0024 -0.0108 0.1452 0.0012 -0.012 0.1452 0.0012 -0.0108 0.1452 0 -0.0132 0.1452 0 -0.0156 0.1452 0.0012 -0.0168 0.1452 0 -0.0168 0.1452 0.0024 -0.018 0.1452 0.0048 -0.018 0.1452 0.006 -0.0168 0.1452 0.006 -0.018 0.1452 0.018 -0.0048 0.1452 0.018 -0.0072 0.1452 0.0192 -0.006 0.1452 0.0168 -0.0072 0.1452 0.0156 -0.0084 0.1452 0.0156 -0.0072 0.1452 0.0132 -0.0084 0.1452 0.0132 -0.0072 0.1452 0.012 -0.0072 0.1452 0.0108 -0.0048 0.1452 0.0108 -0.0024 0.1452 0.012 -0.0036 0.1452 0.012 -0.0012 0.1452 0.0144 0 0.1452 0.0144 -0.0012 0.1452 0.0156 0 0.1452 0.018 -0.0012 0.1452 0.0156 -0.0012 0.1452 0.018 -0.0024 0.1452 0.0192 -0.0036 0.1452 0.018 -0.0036 0.1452 0.0024 0.0204 0.1452 0.0108 0.018 0.1452 0.0096 0.018 0.1452 0.0012 0.0192 0.1452 0.0024 0.0192 0.1452 0.0012 0.0204 0.1452 0.0024 0.0204 0.1452 0.0012 0.018 0.1452 0.0024 0.0168 0.1452 0.0024 0.0192 0.1452 0.0012 0.018 0.1452 0.0024 0.0156 0.1452 0.0036 0.0144 0.1452 0.0024 0.0132 0.1452 0.0036 0.0132 0.1452 0.0048 0.0132 0.1452 0.0048 0.012 0.1452 0.006 0.0132 0.1452 0.006 0.012 0.1452 0.0072 0.0132 0.1452 0.0096 0.0156 0.1452 0.0108 0.0168 0.1452 0.0108 0.0156 0.1452 0.0096 0.0156 0.1452 0.0084 0.0156 0.1452 0.0084 0.0144 0.1452 0.0072 0.0132 0.1452 -0.0096 0.018 0.1452 -0.0156 0.012 0.1452 -0.0156 0.0132 0.1452 -0.0132 0.0096 0.1452 -0.0144 0.0108 0.1452 -0.0108 0.0096 0.1452 -0.0132 0.0108 0.1452 -0.0084 0.0096 0.1452 -0.0084 0.0108 0.1452 -0.0072 0.012 0.1452 -0.0072 0.0108 0.1452 -0.018 -0.0072 0.1452 -0.0204 0 0.1452 -0.0192 0 0.1452 -0.0168 -0.0084 0.1452 -0.018 -0.0084 0.1452 -0.018 -0.0072 0.1452 -0.0168 -0.0072 0.1452 -0.0156 -0.0084 0.1452 -0.0156 -0.0072 0.1452 -0.012 -0.0024 0.1452 -0.012 -0.0048 0.1452 -0.012 -0.0012 0.1452 -0.0132 -0.0036 0.1452 -0.0132 -0.0048 0.1452 -0.0132 -0.0012 0.1452 -0.0132 0 0.1452 -0.0144 0 0.1452 -0.0192 0.0012 0.1452 -0.0204 0.0012 0.1452 -0.0192 0 0.1452 -0.0204 0 0.1452 -0.018 0.0012 0.1452 -0.0168 0 0.1452 -0.0156 0 0.1452 -0.0012 -0.018 0.1452 0 -0.018 0.1452 -0.0012 -0.0168 0.1452 0 -0.0192 0.1452 -0.0012 -0.0192 0.1452 -0.0024 -0.0156 0.1452 -0.0012 -0.0144 0.1452 -0.0024 -0.0144 0.1452 -0.0012 -0.0156 0.1452 -0.0012 -0.018 0.1452 -0.006 -0.012 0.1452 -0.006 -0.0132 0.1452 -0.0048 -0.012 0.1452 -0.0024 -0.0132 0.1452 -0.0012 -0.0144 0.1452 -0.0036 -0.012 0.1452 -0.0024 -0.012 0.1452 -0.0036 -0.0108 0.1452 -0.0072 -0.012 0.1452 -0.0024 -0.0144 0.1452 -0.0096 -0.0156 0.1452 -0.0096 -0.0144 0.1452 -0.0108 -0.0156 0.1452 -0.0108 -0.0168 0.1452 -0.0096 -0.0168 0.1452 -0.006 -0.0132 0.1452 -0.0072 -0.0132 0.1452 -0.0072 -0.0144 0.1452 -0.0096 -0.0144 0.1452 -0.0096 -0.0156 0.1452 -0.0072 -0.012 0.1452 0.0096 -0.0156 0.1452 0.0084 -0.0156 0.1452 0.0096 -0.0168 0.1452 0.0084 -0.0168 0.1452 0.0084 -0.0132 0.1452 0.0084 -0.012 0.1452 0.0084 -0.0156 0.1452 0.0096 -0.0132 0.1452 0.0096 -0.0156 0.1452 0.0072 0.006 0.1452 0.0024 0.0084 0.1452 0.006 0.006 0.1452 0.0084 0.0024 0.1452 0.006 -0.006 0.1452 0.0024 -0.0084 0.1452 0.0024 -0.0072 0.1452 -0.0024 -0.0072 0.1452 -0.006 -0.0048 0.1452 -0.0048 0.006 0.1452 -0.0012 0.0084 0.1452 -0.0048 0.0072 0.1452 -0.0072 0.0024 0.1452 -0.0072 0.0036 0.1452 -0.0072 -0.0012 0.1452 -0.0084 -0.0012 0.1452 0.0036 0.0084 0.1452 -0.0012 0.0084 0.1452 -0.0048 0.006 0.144 -0.0012 0.0084 0.144 0.006 0.006 0.1452 0.0024 0.0084 0.144 0.006 0.006 0.144 -0.006 -0.0048 0.1452 -0.0024 -0.0072 0.144 -0.006 -0.0048 0.144 0.0084 -0.0024 0.144 0.006 -0.006 0.1452 0.0084 -0.0024 0.1452 0.006 -0.006 0.144 0.0024 -0.0072 0.1452 0.0024 -0.0072 0.144 -0.0024 -0.0072 0.1452 -0.0072 -0.0012 0.1452 -0.0072 -0.0012 0.144 -0.0072 0.0024 0.1452 0.0024 0.0084 0.1452 0.0084 0.0024 0.144 0.0084 0.0024 0.1452 -0.0048 0.006 0.1452 -0.0072 0.0024 0.144 0.0084 0.012 0.1452 0.0084 0.0096 0.1452 0.0072 0.0096 0.1452 0.0096 0.0084 0.1452 0.0084 0.0084 0.1452 0.0108 0.0072 0.1452 0.012 0.0072 0.1452 0.0108 0.0144 0.1452 0.0156 0.0096 0.1452 0.0144 0.0072 0.1452 0.0144 0.0084 0.1452 0.0084 0.0132 0.1452 0.0096 0.0132 0.1452 0.0204 0.0012 0.1404 0.0204 0 0.1452 0.0204 0.0012 0.1452 0.0204 0 0.1404 0.0192 0 0.1452 0.0192 0 0.1404 0.0168 0.0012 0.1404 0.0192 0 0.1452 0.0192 0 0.1404 0.0156 0.0012 0.1404 0.0168 0.0012 0.1452 0.0156 0.0012 0.1452 0.0132 0.0048 0.1452 0.0132 0.0036 0.1452 0.0132 0.0024 0.1452 0.012 0.0036 0.1452 0.018 0.0096 0.1452 0.018 0.0084 0.1452 0.0192 0.0096 0.1452 0.0192 0.0084 0.1452 0.0168 0.0084 0.1452 0.0168 0.0096 0.1452 0.0204 0.0048 0.1452 0.0204 0.0012 0.1452 0.0192 0.0084 0.1452 0.0204 0 0.1452 0.0192 -0.0012 0.1452 0.0192 0 0.1452 0.018 0 0.1452 0.0156 0.0012 0.1452 0.0168 0 0.1452 0.0168 0.0012 0.1452 0.018 0 0.1452 0.0192 0 0.1452 -0.0012 -0.0192 0.1404 -0.0024 -0.0192 0.1452 -0.0012 -0.0192 0.1452 -0.0012 -0.018 0.1452 -0.0012 -0.018 0.1404 -0.0024 -0.0192 0.1404 -0.0096 -0.0168 0.1452 -0.0024 -0.0192 0.1404 -0.0096 -0.0168 0.1404 -0.0024 -0.0192 0.1452 -0.0096 -0.0156 0.1452 -0.0096 -0.0156 0.1404 -0.0096 -0.0168 0.1404 -0.0096 -0.0168 0.1452 0.0168 -0.0108 0.1404 0.0168 -0.0108 0.1452 0.0168 -0.012 0.1452 0.0168 -0.012 0.1404 0.0168 -0.0096 0.1404 0.0168 -0.0096 0.1452 0.0156 -0.0096 0.1404 0.0156 -0.0096 0.1452 0.0168 -0.012 0.1404 0.0108 -0.0168 0.1452 0.0168 -0.012 0.1452 0.0108 -0.0168 0.1404 0.0096 -0.0168 0.1452 0.0108 -0.0168 0.1404 0.0096 -0.0168 0.1404 0.0096 -0.0156 0.1452 0.0096 -0.0156 0.1404 0.0108 -0.0168 0.1452 0.0192 0.0084 0.1404 0.0204 0.0012 0.1452 0.0192 0.0084 0.1452 0.0204 0.0012 0.1404 0.0012 0.0192 0.1452 0.0012 0.0192 0.1404 0.0024 0.0204 0.1452 0.0024 0.0204 0.1404 0.0024 0.0192 0.1404 0.0024 0.0192 0.1452 0.0024 0.0204 0.1404 0.0096 0.018 0.1452 0.0024 0.0204 0.1452 0.0096 0.018 0.1404 0.0096 0.018 0.1404 0.0108 0.018 0.1452 0.0096 0.018 0.1452 0.0108 0.0168 0.1452 0.0108 0.018 0.1404 0.0108 0.0168 0.1404 0.0096 0.0156 0.1452 0.0096 0.0156 0.1404 -0.0156 0.0108 0.1404 -0.0156 0.0108 0.1452 -0.0156 0.012 0.1452 -0.0156 0.012 0.1404 -0.0144 0.0108 0.1404 -0.0144 0.0108 0.1452 -0.0156 0.012 0.1404 -0.0096 0.018 0.1452 -0.0156 0.012 0.1452 -0.0096 0.018 0.1404 -0.0084 0.0168 0.1404 -0.0084 0.0168 0.1452 -0.0084 0.018 0.1452 -0.0096 0.018 0.1404 -0.0084 0.018 0.1404 -0.0096 0.018 0.1452 -0.0168 -0.0072 0.1452 -0.0156 -0.0072 0.1404 -0.0168 -0.0072 0.1404 -0.0168 -0.0084 0.1452 -0.0168 -0.0084 0.1404 -0.018 -0.0072 0.1452 -0.018 -0.0072 0.1404 -0.0156 -0.0072 0.1452 -0.0192 0 0.1452 -0.018 -0.0072 0.1404 -0.0192 0 0.1404 -0.018 -0.0072 0.1452 -0.0192 0.0012 0.1452 -0.0192 0 0.1404 -0.0192 0.0012 0.1404 -0.018 0.0012 0.1452 -0.018 0.0012 0.1404 -0.0192 0 0.1452 -0.0024 0.0216 0.1404 -0.0012 0.0216 0.1404 -0.0024 0.0204 0.1404 -0.0012 0.0204 0.1404 0 0.0216 0.1404 -0.0012 0.0228 0.1404 -0.0024 0.0228 0.1404 0 0.0204 0.1404 -0.0072 0.0204 0.1404 -0.0072 0.0192 0.1404 -0.006 0.0192 0.1404 -0.006 0.0204 0.1404 -0.0072 0.0216 0.1404 -0.006 0.0216 0.1404 0.0192 0 0.1404 0.0192 -0.0012 0.1404 0.0204 0 0.1404 0.018 0 0.1404 0.0168 0.0012 0.1404 0.0156 0.0012 0.1404 0.0168 0 0.1404 0.0192 0 0.1404 0.0132 0.0024 0.1404 0.0132 0.0036 0.1404 0.012 0.0036 0.1404 0.0132 0.0048 0.1404 0.0156 0.0096 0.1404 0.0144 0.0084 0.1404 0.0144 0.0072 0.1404 0.012 0.0072 0.1404 0.0108 0.0072 0.1404 0.0096 0.0084 0.1404 0.0084 0.0084 0.1404 0.0084 0.0096 0.1404 0.0072 0.0096 0.1404 0.0084 0.012 0.1404 0.0096 0.0132 0.1404 0.0084 0.0132 0.1404 0.0108 0.0144 0.1404 -0.0084 -0.0012 0.1404 -0.0084 0.0036 0.144 -0.0084 -0.0012 0.144 -0.0084 0.0036 0.1404 -0.006 0.0072 0.144 -0.0012 0.0096 0.144 -0.006 0.0072 0.1404 -0.0012 0.0096 0.1404 -0.006 -0.006 0.1404 -0.006 -0.006 0.144 -0.0024 -0.0084 0.144 0.0024 -0.0084 0.1404 -0.0024 -0.0084 0.1404 0.0024 -0.0084 0.144 0.006 -0.006 0.1404 0.006 -0.006 0.144 0.0084 -0.0024 0.1404 0.0084 -0.0024 0.144 0.0096 0.0024 0.1404 0.0096 0.0024 0.144 0.0072 0.006 0.1404 0.0072 0.006 0.144 0.0036 0.0096 0.1404 0.0036 0.0096 0.144 -0.0084 -0.0012 0.1404 -0.0072 -0.006 0.1404 -0.006 -0.006 0.1404 -0.0024 -0.0084 0.1404 0.0024 -0.0084 0.1404 0.0072 -0.006 0.1404 0.006 -0.006 0.1404 0.0096 -0.0024 0.1404 0.0084 -0.0024 0.1404 0.0096 0.0024 0.1404 0.0072 0.0072 0.1404 0.0036 0.0096 0.1404 0.0072 0.006 0.1404 0.0084 -0.012 0.1404 0.0096 -0.0132 0.1404 0.0084 -0.0132 0.1404 0.0096 -0.0156 0.1404 0.0084 -0.0156 0.1404 0.0096 -0.0168 0.1404 0.0084 -0.0168 0.1404 0.0096 -0.0156 0.1404 0.0084 -0.0156 0.1404 -0.0024 -0.0156 0.1404 -0.0012 -0.0168 0.1404 -0.0012 -0.018 0.1404 -0.0012 -0.0156 0.1404 -0.0024 -0.0144 0.1404 -0.0012 -0.0144 0.1404 -0.0012 -0.018 0.1404 -0.0012 -0.0168 0.1404 0 -0.018 0.1404 0 -0.0192 0.1404 -0.0012 -0.0192 0.1404 -0.006 -0.012 0.1404 -0.0036 -0.012 0.1404 -0.0048 -0.012 0.1404 -0.0072 -0.012 0.1404 -0.0036 -0.0108 0.1404 -0.0024 -0.012 0.1404 -0.006 -0.0132 0.1404 -0.0024 -0.0132 0.1404 -0.0024 -0.0144 0.1404 -0.0012 -0.0144 0.1404 -0.0096 -0.0156 0.1404 -0.0072 -0.0132 0.1404 -0.0072 -0.0144 0.1404 -0.0072 -0.012 0.1404 -0.006 -0.0132 0.1404 -0.0096 -0.0144 0.1404 -0.0156 -0.0072 0.1404 -0.0168 -0.0072 0.1404 -0.0156 -0.0084 0.1404 -0.0168 -0.0084 0.1404 -0.018 -0.0072 0.1404 -0.018 -0.0084 0.1404 -0.0132 -0.0012 0.1404 -0.0144 0 0.1404 -0.0132 0 0.1404 -0.012 -0.0012 0.1404 -0.012 -0.0024 0.1404 -0.0132 -0.0036 0.1404 -0.012 -0.0048 0.1404 -0.0132 -0.0048 0.1404 -0.0156 0 0.1404 -0.018 0.0012 0.1404 -0.0168 0 0.1404 -0.0132 0.0096 0.1404 -0.0108 0.0096 0.1404 -0.0144 0.0108 0.1404 -0.0132 0.0108 0.1404 -0.0084 0.0096 0.1404 -0.0072 0.0108 0.1404 -0.0084 0.0108 0.1404 -0.0072 0.012 0.1404 0.0024 0.0168 0.1404 0.0012 0.018 0.1404 0.0024 0.0192 0.1404 0.0012 0.0192 0.1404 0.0012 0.018 0.1404 0.0024 0.0192 0.1404 0.0024 0.0204 0.1404 0.0012 0.0204 0.1404 0.006 0.012 0.1404 0.0048 0.0132 0.1404 0.006 0.0132 0.1404 0.0048 0.012 0.1404 0.0036 0.0132 0.1404 0.0024 0.0132 0.1404 0.0024 0.0156 0.1404 0.0036 0.0144 0.1404 0.0072 0.0132 0.1404 0.0072 0.0132 0.1404 0.0084 0.0156 0.1404 0.0084 0.0144 0.1404 0.0096 0.0156 0.1404 0.0108 0.0168 0.1404 0.0108 0.0156 0.1404 0.0096 0.0156 0.1404 0.0132 -0.0072 0.1404 0.0156 -0.0084 0.1404 0.0132 -0.0084 0.1404 0.012 -0.0072 0.1404 0.0108 -0.0048 0.1404 0.012 -0.0036 0.1404 0.0108 -0.0024 0.1404 0.012 -0.0012 0.1404 0.0144 -0.0012 0.1404 0.0144 0 0.1404 0.0156 -0.0012 0.1404 0.0156 0 0.1404 0.018 -0.0024 0.1404 0.018 -0.0012 0.1404 0.0156 -0.0072 0.1404 0.018 -0.0072 0.1404 0.0168 -0.0072 0.1404 0.0192 -0.006 0.1404 0.018 -0.0048 0.1404 0.0192 -0.0036 0.1404 0.018 -0.0036 0.1404 0.0024 -0.0108 0.1404 0.0012 -0.0108 0.1404 0.0048 -0.0108 0.1404 0.006 -0.012 0.1404 0.0072 -0.012 0.1404 0.0072 -0.0132 0.1404 0.0072 -0.0156 0.1404 0.0012 -0.012 0.1404 0 -0.0132 0.1404 0 -0.0156 0.1404 0 -0.0168 0.1404 0.0012 -0.0168 0.1404 0.0024 -0.018 0.1404 0.0048 -0.018 0.1404 0.006 -0.018 0.1404 0.006 -0.0168 0.1404 -0.0144 -0.0108 0.1404 -0.0072 -0.0108 0.1404 -0.0084 -0.012 0.1404 -0.0084 -0.0132 0.1404 -0.0096 -0.0132 0.1404 -0.0144 -0.012 0.1404 -0.0132 -0.012 0.1404 -0.012 -0.0132 0.1404 -0.012 0.0072 0.1404 -0.0132 0.0096 0.1404 -0.0108 0.0084 0.1404 -0.0132 0.0084 0.1404 -0.0144 0.0096 0.1404 -0.0144 0.0084 0.1404 -0.0168 0.0084 0.1404 -0.0108 0.0036 0.1404 -0.0096 0.006 0.1404 -0.0096 0.0036 0.1404 -0.012 0.0024 0.1404 -0.0108 0.0024 0.1404 -0.0132 0.0012 0.1404 -0.0108 0.006 0.1404 -0.006 0.018 0.1404 -0.0036 0.0192 0.1404 -0.0048 0.018 0.1404 -0.0072 0.0168 0.1404 -0.006 0.0168 0.1404 0 0.018 0.1404 0.0012 0.0156 0.1404 0.0012 0.0168 0.1404 0.0012 0.0144 0.1404 0 0.0132 0.1404 0 0.012 0.1404 -0.0024 0.012 0.1404 -0.0024 0.0108 0.1404 -0.0036 0.012 0.1404 -0.006 0.0132 0.1404 -0.006 0.0144 0.1404 -0.0072 0.0144 0.1404 0.0048 -0.0204 0.1404 0.0048 -0.0192 0.1404 0.006 -0.0204 0.1404 0.006 -0.0192 0.1404 0.0036 -0.0192 0.1404 0.0036 -0.0204 0.1404 0.0048 -0.0216 0.1404 0.0204 0.0048 0.1404 0.0192 0.0084 0.1404 0.0204 0.0012 0.1404 0.018 0.0096 0.1404 0.018 0.0084 0.1404 0.0192 0.0096 0.1404 0.0192 0.0084 0.1404 0.0168 0.0084 0.1404 0.0168 0.0096 0.1404 0.0024 0.0204 0.1404 0.0096 0.018 0.1404 0.0108 0.018 0.1404 -0.0156 0.0132 0.1404 -0.0096 0.018 0.1404 -0.0156 0.012 0.1404 -0.0204 0.0012 0.1404 -0.0192 0.0012 0.1404 -0.0204 0 0.1404 -0.0192 0 0.1404 -0.0192 0 0.1404 -0.018 -0.0072 0.1404 -0.0204 0 0.1404 -0.0096 -0.0156 0.1404 -0.0096 -0.0168 0.1404 -0.0108 -0.0168 0.1404 -0.0108 -0.0156 0.1404 -0.0096 -0.0144 0.1404 0.006 -0.006 0.144 0.0084 -0.0024 0.144 0.0024 -0.0072 0.144 0.0024 -0.0084 0.144 -0.0024 -0.0072 0.144 -0.0024 -0.0084 0.144 -0.006 -0.0048 0.144 -0.006 -0.006 0.144 -0.0072 -0.0012 0.144 -0.0084 -0.0012 0.144 -0.0072 0.0024 0.144 -0.006 0.0072 0.144 -0.0048 0.006 0.144 -0.0012 0.0096 0.144 -0.0012 0.0084 0.144 -0.0084 0.0036 0.144 0.0036 0.0096 0.144 0.0024 0.0084 0.144 0.0072 0.006 0.144 0.006 0.006 0.144 0.0096 0.0024 0.144 0.0084 0.0024 0.144 -0.0156 0.0108 0.1404 -0.0168 0.0084 0.1404 -0.018 0.012 0.1404 0.0012 0.0168 0.1404 0.0012 0.018 0.1404 0.0024 0.0168 0.1404 0.0024 0.0108 0.1404 0.0048 0.012 0.1404 0.0084 -0.0144 0.1404 0.0108 -0.0168 0.1404 0.0096 -0.0168 0.1404 -0.0108 0.018 0.1404 -0.0096 0.018 0.1404 -0.0072 0.0144 0.1404 -0.0072 0.0132 0.1404 -0.0084 0.0144 0.1404 -0.006 0.0096 0.1404 -0.0036 0.012 0.1404 -0.0024 0.0096 0.1404 0 0.0108 0.1404 -0.0024 0.0108 0.1404 0 0.012 0.1404 0.0012 0.0204 0.1404 -0.0012 0.0192 0.1404 -0.0024 0.0192 0.1404 -0.0036 0.0192 0.1404 -0.006 0.018 0.1404 -0.0048 0.0192 0.1404 -0.0072 0.0192 0.1404 -0.0072 0.0168 0.1404 -0.0072 -0.012 0.1404 -0.0084 -0.0132 0.1404 -0.0072 -0.0108 0.1404 0.018 -0.0072 0.1404 0.0156 -0.0096 0.1404 0.0156 -0.0084 0.1404 -0.006 0.0072 0.1404 -0.0012 0.0096 0.1404 -0.0084 0.0084 0.1404 -0.0084 0.006 0.1404 -0.0084 0.0036 0.1404 -0.012 -0.006 0.1404 -0.0132 -0.0048 0.1404 -0.012 -0.0048 0.1404 -0.0048 -0.0108 0.1404 -0.0024 -0.0084 0.1404 -0.0012 -0.0096 0.1404 0.0012 -0.0096 0.1404 0.0024 -0.0084 0.1404 0.0036 -0.0096 0.1404 0.0072 -0.006 0.1404 0.0096 -0.0084 0.1404 0.0096 -0.0024 0.1404 0.0108 -0.0048 0.1404 0.012 -0.0072 0.1404 0.0072 0.0072 0.1404 0.0036 0.0096 0.1404 0.006 0.0096 0.1404 0.0072 0.0096 0.1404 0.012 0.0072 0.1404 0.0144 0.006 0.1404 0.0132 0.0048 0.1404 0.0072 -0.0084 0.1404 0.0048 -0.0108 0.1404 0.0024 -0.0108 0.1404 0.0012 -0.0108 0.1404 0 -0.0132 0.1404 0 -0.0156 0.1404 -0.0024 -0.012 0.1404 -0.0036 -0.0108 0.1404 -0.0012 -0.0168 0.1404 -0.0012 -0.0156 0.1404 0.0012 -0.0192 0.1404 0.0024 -0.018 0.1404 0.0036 -0.0192 0.1404 0.006 -0.018 0.1404 0.0048 -0.018 0.1404 0.0072 -0.0156 0.1404 0.0072 -0.0132 0.1404 -0.0096 0.0036 0.1404 -0.0096 0.006 0.1404 -0.0108 0.0084 0.1404 -0.0144 0.0096 0.1404 -0.0036 0.0216 0.1404 0 0.0216 0.1404 0.0012 0.0228 0.1404 0.0036 0.0204 0.1404 0.0024 0.0228 0.1404 0.006 0.0216 0.1404 0.0108 0.018 0.1404 0.012 0.0192 0.1404 0.0132 0.0192 0.1404 0.0072 0.0132 0.1404 0.0084 0.0132 0.1404 0.0084 0.012 0.1404 0.0144 0.0132 0.1404 0.018 0.0144 0.1404 0.0192 0.0144 0.1404 0.0156 0.012 0.1404 0.0192 0.012 0.1404 0.0168 0.0096 0.1404 0.0156 0.0096 0.1404 0.018 -0.0012 0.1404 0.018 0 0.1404 0.0192 -0.0012 0.1404 0.0192 -0.012 0.1404 0.0192 -0.0108 0.1404 0.0192 -0.0132 0.1404 0.0168 -0.0144 0.1404 0.012 -0.018 0.1404 0.012 -0.0192 0.1404 0.0084 -0.018 0.1404 0.0096 -0.0204 0.1404 0.0072 -0.0204 0.1404 0.006 -0.0204 0.1404 0.0024 -0.0216 0.1404 0.0012 -0.0216 0.1404 -0.0024 -0.0216 0.1404 -0.0024 -0.0204 0.1404 -0.0072 -0.0216 0.1404 -0.012 -0.018 0.1404 -0.0108 -0.0192 0.1404 -0.012 -0.0192 0.1404 -0.0144 -0.012 0.1404 -0.0168 -0.0132 0.1404 -0.0192 -0.012 0.1404 -0.0192 -0.0096 0.1404 -0.0144 -0.0108 0.1404 -0.0204 -0.0036 0.1404 -0.0216 -0.0048 0.1404 -0.0216 -0.0036 0.1404 -0.0228 -0.0012 0.1404 -0.0228 0.0012 0.1404 -0.0216 0.0012 0.1404 -0.0204 0 0.1404 -0.0216 0.0036 0.1404 -0.018 0.0048 0.1404 -0.0168 0.0024 0.1404 -0.018 0.0132 0.1404 -0.0156 0.0132 0.1404 -0.0108 0.0204 0.1404 -0.0084 0.0204 0.1404 -0.0048 0.0216 0.1404 -0.006 0.0204 0.1404 -0.0072 0.0204 0.1404 -0.006 0.0192 0.1404 -0.006 0.0216 0.1404 -0.006 0.0228 0.1404 -0.0072 0.0216 0.1404 -0.0072 0.0228 0.1404 -0.0084 0.0216 0.1404 -0.0096 0.0204 0.1404 -0.0132 0.018 0.1404 -0.0132 0.0168 0.1404 -0.012 0.0204 0.1404 -0.012 0.0192 0.1404 -0.0132 0.0192 0.1404 -0.0156 0.0168 0.1404 -0.0144 0.0168 0.1404 -0.0168 0.0132 0.1404 -0.0168 0.0144 0.1404 -0.0168 0.0168 0.1404 -0.018 0.006 0.1404 -0.0204 0.0072 0.1404 -0.0204 0.0084 0.1404 -0.0216 0.0072 0.1404 -0.0216 0.006 0.1404 -0.0192 0.012 0.1404 -0.0204 0.0096 0.1404 -0.0204 0.0108 0.1404 -0.0216 0.0048 0.1404 -0.0192 0.0012 0.1404 -0.018 0.0012 0.1404 -0.0216 0.0024 0.1404 -0.0156 0.0012 0.1404 -0.0204 0.0012 0.1404 -0.0156 0 0.1404 -0.0216 -0.0024 0.1404 -0.0216 -0.0012 0.1404 -0.0204 -0.0072 0.1404 -0.0216 -0.0072 0.1404 -0.0132 -0.0072 0.1404 -0.0156 -0.0072 0.1404 -0.0144 -0.006 0.1404 -0.0144 -0.0084 0.1404 -0.0156 -0.0084 0.1404 -0.018 -0.0084 0.1404 -0.0168 -0.0084 0.1404 -0.018 -0.012 0.1404 -0.0192 -0.0084 0.1404 -0.018 -0.0072 0.1404 -0.0204 -0.0108 0.1404 -0.0192 -0.0108 0.1404 -0.012 -0.0132 0.1404 -0.0132 -0.0168 0.1404 -0.0168 -0.0144 0.1404 -0.0144 -0.0156 0.1404 -0.0156 -0.0156 0.1404 -0.0168 -0.0156 0.1404 -0.0024 -0.0192 0.1404 -0.0072 -0.0204 0.1404 -0.0084 -0.0204 0.1404 -0.0096 -0.0168 0.1404 -0.0084 -0.0192 0.1404 -0.0096 -0.0192 0.1404 -0.0048 -0.0216 0.1404 -0.0036 -0.0216 0.1404 -0.0012 -0.0216 0.1404 -0.0012 -0.0228 0.1404 0 -0.0228 0.1404 0.0036 -0.0216 0.1404 0.0048 -0.0216 0.1404 0.0048 -0.0192 0.1404 0.006 -0.0216 0.1404 0.006 -0.0192 0.1404 0.0036 -0.0204 0.1404 0.0084 -0.0204 0.1404 0.0108 -0.0204 0.1404 0.0132 -0.018 0.1404 0.0156 -0.0168 0.1404 0.0144 -0.018 0.1404 0.0144 -0.0168 0.1404 0.0168 -0.012 0.1404 0.018 -0.0132 0.1404 0.0204 -0.0084 0.1404 0.0204 -0.0096 0.1404 0.0192 -0.006 0.1404 0.0216 -0.0084 0.1404 0.0192 -0.0096 0.1404 0.0216 -0.0048 0.1404 0.0216 -0.0072 0.1404 0.0192 -0.0036 0.1404 0.0216 -0.0036 0.1404 0.0204 0 0.1404 0.0228 -0.0012 0.1404 0.0228 -0.0024 0.1404 0.0156 0 0.1404 0.0204 0.0048 0.1404 0.0228 0.0012 0.1404 0.0204 0.0012 0.1404 0.0168 0 0.1404 0.0228 0.0048 0.1404 0.0228 0.0024 0.1404 0.0228 0 0.1404 0.0144 0.0072 0.1404 0.0168 0.0084 0.1404 0.0156 0.0072 0.1404 0.0216 0.006 0.1404 0.0192 0.0084 0.1404 0.0216 0.0072 0.1404 0.018 0.0096 0.1404 0.0204 0.0108 0.1404 0.0192 0.0096 0.1404 0.0216 0.0084 0.1404 0.0192 0.0108 0.1404 0.0216 0.0096 0.1404 0.0192 0.0132 0.1404 0.0132 0.0144 0.1404 0.0156 0.0156 0.1404 0.0156 0.0168 0.1404 0.0168 0.0156 0.1404 0.0156 0.018 0.1404 0.018 0.0156 0.1404 0.0144 0.0192 0.1404 0.0144 0.018 0.1404 0.0108 0.0144 0.1404 0.0096 0.0156 0.1404 0.0108 0.0156 0.1404 0.006 0.012 0.1404 0.0108 0.0168 0.1404 0.0084 0.0144 0.1404 0.0108 0.0192 0.1404 0.0108 0.0204 0.1404 0.0072 0.0216 0.1404 0.0024 0.0204 0.1404 0.0084 0.0216 0.1404 0.0108 0.0216 0.1404 0.0048 0.0228 0.1404 0.0036 0.0228 0.1404 -0.0012 0.0228 0.1404 -0.0024 0.024 0.1404 -0.0012 0.024 0.1404 -0.0024 0.0204 0.1404 0 0.0228 0.1404 -0.0024 0.0228 0.1404 -0.0024 0.0216 0.1404 -0.0012 0.0204 0.1404 0 0.0204 0.1404 -0.0096 0.0096 0.1404 -0.0084 0.0096 0.1404 -0.0108 0.0096 0.1404 -0.0132 0.0096 0.1404 -0.0144 0.0108 0.1404 -0.0156 0.012 0.1404 -0.0096 -0.006 0.1404 -0.012 -0.0024 0.1404 -0.0084 -0.0012 0.1404 -0.0144 0 0.1404 -0.0132 0.0012 0.1404 -0.0132 0 0.1404 -0.0108 0.0024 0.1404 -0.012 -0.0012 0.1404 0 -0.0168 0.1404 -0.0012 -0.0192 0.1404 0 -0.0192 0.1404 0 -0.018 0.1404 -0.0024 -0.0132 0.1404 0.0036 0.0132 0.1404 0.0024 0.0132 0.1404 0.0024 0.0156 0.1404 0.0084 -0.0108 0.1404 0.0084 -0.0096 0.1404 0.0084 -0.0168 0.1404 -0.0084 0.0168 0.1404 -0.0084 0.018 0.1404 -0.0072 0.012 0.1404 -0.0072 0.0108 0.1404 -0.006 0.0132 0.1404 0.0012 0.0144 0.1404 0 0.018 0.1404 -0.0108 -0.0168 0.1404 -0.0108 -0.0156 0.1404 -0.0096 -0.0144 0.1404 -0.0096 -0.0132 0.1404 -0.0072 -0.0132 0.1404 -0.006 -0.012 0.1404 0.0168 -0.0108 0.1404 0.0168 -0.0096 0.1404 0.0132 -0.0084 0.1404 0.012 -0.0084 0.1404 0.0108 -0.0084 0.1404 0.0132 -0.0096 0.1404 -0.0072 -0.006 0.1404 -0.0084 -0.0072 0.1404 -0.0072 -0.0084 0.1404 0.0132 0.0024 0.1404 0.012 -0.0012 0.1404 0.0096 0.0024 0.1404 0.0108 -0.0024 0.1404 0.0144 0.0012 0.1404 0.0144 0 0.1404 0.0156 0.0012 0.1404 0.012 0.0036 0.1404 0.0108 0.0072 0.1404 0.0084 0.0084 0.1404 0.0072 -0.012 0.1404 -0.0012 -0.0144 0.1404 -0.0048 0.0228 0.1404 -0.006 0.0216 0.1404 -0.006 0.0228 0.1404 -0.0048 0.0216 0.1404 -0.0036 0.0216 0.1404 0.0168 -0.012 0.1452 0.0192 -0.0132 0.1452 0.0192 -0.012 0.1452 -0.0072 -0.0204 0.1452 -0.0036 -0.0204 0.1452 -0.0024 -0.0192 0.1452 -0.0048 -0.0216 0.1452 0.0012 -0.0192 0.1452 0.0012 -0.0216 0.1452 0.0036 -0.0192 0.1452 0.0024 -0.0216 0.1452 0.0036 -0.0216 0.1452 0.0036 -0.0204 0.1452 -0.006 0.018 0.1452 -0.0036 0.0192 0.1452 -0.0048 0.0192 0.1452 -0.0012 0.0192 0.1452 -0.0024 0.0192 0.1452 0.0012 0.0168 0.1452 0 0.018 0.1452 0.0024 0.0108 0.1452 0 0.012 0.1452 0 0.0096 0.1452 -0.0024 0.0096 0.1452 -0.0024 0.0108 0.1452 -0.0036 0.012 0.1452 -0.0048 0.0084 0.1452 -0.006 0.0132 0.1452 -0.0072 0.0144 0.1452 -0.0072 0.0192 0.1452 -0.0084 0.0168 0.1452 -0.0084 0.0144 0.1452 -0.0096 0.0084 0.1452 -0.0084 0.0096 0.1452 -0.0096 0.0096 0.1452 -0.012 -0.0132 0.1452 -0.0096 -0.0144 0.1452 -0.0096 -0.0132 0.1452 0.0036 0.0084 0.1452 -0.0012 0.0084 0.1452 0.0072 0.012 0.1452 0.0072 0.0084 0.1452 0.0084 0.0024 0.1452 0.0072 0.006 0.1452 0.0108 -0.0072 0.1452 0.006 -0.006 0.1452 0.0072 -0.0084 0.1452 0.0036 -0.0084 0.1452 0.0024 -0.0084 0.1452 0.0012 -0.0096 0.1452 -0.0024 -0.0072 0.1452 -0.0084 -0.0012 0.1452 -0.006 -0.0048 0.1452 -0.0096 0.0048 0.1452 -0.0072 0.0036 0.1452 -0.0048 0.0072 0.1452 0.0144 0 0.1452 0.0156 0.0012 0.1452 0.0144 0.0012 0.1452 0.0084 0.0084 0.1452 0.0072 0.0096 0.1452 0.0084 0.012 0.1452 0.012 -0.0084 0.1452 0.0132 -0.0084 0.1452 0.012 -0.0072 0.1452 0.0084 -0.0144 0.1452 0.0096 -0.0084 0.1452 0.0108 -0.0084 0.1452 -0.006 -0.0108 0.1452 -0.0072 -0.0084 0.1452 -0.0072 -0.0108 0.1452 0.0024 0.0156 0.1452 0.0024 0.0168 0.1452 0.0048 0.0216 0.1452 0.0024 0.0204 0.1452 0.0048 -0.018 0.1452 0.0024 -0.018 0.1452 0 -0.0168 0.1452 0 -0.0156 0.1452 -0.0012 -0.0192 0.1452 -0.0012 -0.0144 0.1452 -0.0012 -0.0156 0.1452 -0.0012 -0.0096 0.1452 0.0012 -0.0108 0.1452 0.0024 -0.0108 0.1452 0.0048 -0.0108 0.1452 0.0072 -0.0132 0.1452 0.0084 -0.018 0.1452 0.006 -0.018 0.1452 -0.0108 0.0096 0.1452 -0.0132 0.0096 0.1452 -0.0108 0.0084 0.1452 -0.0096 0.006 0.1452 -0.0132 0.0012 0.1452 -0.0144 0 0.1452 -0.0132 0 0.1452 -0.0072 0.0204 0.1452 -0.0084 0.0204 0.1452 -0.012 0.018 0.1452 -0.012 0.0192 0.1452 -0.0132 0.0192 0.1452 -0.0132 0.018 0.1452 -0.0132 0.0168 0.1452 -0.0156 0.0132 0.1452 -0.018 0.0132 0.1452 -0.018 0.012 0.1452 -0.018 0.006 0.1452 -0.0204 0.0084 0.1452 -0.0204 0.0072 0.1452 -0.0168 0.0024 0.1452 -0.0216 0.0036 0.1452 -0.0216 0.0024 0.1452 -0.0156 0.0012 0.1452 -0.018 0.0012 0.1452 -0.0156 0 0.1452 -0.0204 -0.0036 0.1452 -0.0216 -0.0036 0.1452 -0.0204 -0.0072 0.1452 -0.0192 -0.0096 0.1452 -0.0192 -0.0108 0.1452 -0.0192 -0.012 0.1452 -0.0144 -0.0084 0.1452 -0.0156 -0.0072 0.1452 -0.0156 -0.0084 0.1452 -0.012 -0.018 0.1452 0.0012 0.0204 0.1452 0.0012 0.0144 0.1452 -0.0072 0.0168 0.1452 -0.0084 0.018 0.1452 -0.0096 0.018 0.1452 -0.0072 0.0108 0.1452 -0.0072 0.012 0.1452 -0.0072 0.0132 0.1452 -0.0108 -0.0168 0.1452 -0.0096 -0.0168 0.1452 -0.0084 -0.0132 0.1452 -0.006 -0.012 0.1452 -0.0072 -0.012 0.1452 -0.0108 -0.0156 0.1452 -0.0072 -0.0132 0.1452 0.0084 -0.0024 0.1452 0.0132 0.0024 0.1452 0.012 -0.0012 0.1452 0.0156 0 0.1452 0.0168 0 0.1452 0.0108 -0.0024 0.1452 0.0108 -0.0048 0.1452 0.012 0.0036 0.1452 0.0108 0.0072 0.1452 0.0144 0.0072 0.1452 0.0144 0.006 0.1452 0.0156 0.0072 0.1452 0.0132 0.0048 0.1452 0.012 0.0072 0.1452 0.0168 -0.0108 0.1452 0.018 -0.0072 0.1452 0.0168 -0.0096 0.1452 0.0156 -0.0096 0.1452 0.0156 -0.0084 0.1452 0.0132 -0.0096 0.1452 0.0084 -0.0168 0.1452 0.0096 -0.0168 0.1452 0.0132 -0.0168 0.1452 0.0108 -0.0168 0.1452 0.0084 -0.0096 0.1452 0.0084 -0.0108 0.1452 -0.012 -0.0024 0.1452 -0.0096 -0.006 0.1452 -0.0084 -0.0072 0.1452 -0.012 -0.0048 0.1452 -0.0132 -0.0072 0.1452 -0.0132 -0.0048 0.1452 -0.0144 -0.006 0.1452 -0.012 -0.0012 0.1452 -0.012 -0.006 0.1452 0.0024 0.0132 0.1452 0.0036 0.0132 0.1452 0.0048 0.012 0.1452 0.006 0.012 0.1452 0.0012 0.018 0.1452 0 -0.0192 0.1452 0 -0.018 0.1452 -0.0012 -0.0168 0.1452 -0.0024 -0.0132 0.1452 -0.0036 -0.0108 0.1452 -0.0024 -0.012 0.1452 0 -0.0132 0.1452 0.0072 -0.012 0.1452 0.0072 -0.0156 0.1452 -0.0156 0.0108 0.1452 -0.0168 0.0084 0.1452 -0.0144 0.0096 0.1452 -0.0144 0.0108 0.1452 -0.0156 0.012 0.1452 -0.0108 0.0024 0.1452 -0.0096 0.0036 0.1452 -0.006 0.0204 0.1452 -0.0048 0.0216 0.1452 -0.006 0.0216 0.1452 -0.006 0.0228 0.1452 -0.0072 0.0216 0.1452 -0.0084 0.0216 0.1452 -0.006 0.0192 0.1452 -0.0072 0.0228 0.1452 -0.012 0.0204 0.1452 -0.0108 0.0204 0.1452 -0.0096 0.0204 0.1452 -0.0168 0.0144 0.1452 -0.0168 0.0168 0.1452 -0.0156 0.0168 0.1452 -0.0144 0.0168 0.1452 -0.0168 0.0132 0.1452 -0.0204 0.0108 0.1452 -0.0192 0.012 0.1452 -0.0204 0.0096 0.1452 -0.0216 0.006 0.1452 -0.018 0.0048 0.1452 -0.0216 0.0072 0.1452 -0.0216 0.0048 0.1452 -0.0192 0.0012 0.1452 -0.0204 0.0012 0.1452 -0.0216 0.0012 0.1452 -0.0204 0 0.1452 -0.0228 -0.0012 0.1452 -0.0228 0.0012 0.1452 -0.0216 -0.0012 0.1452 -0.0216 -0.0024 0.1452 -0.0216 -0.0048 0.1452 -0.0216 -0.0072 0.1452 -0.0204 -0.0108 0.1452 -0.018 -0.0072 0.1452 -0.018 -0.0084 0.1452 -0.0168 -0.0084 0.1452 -0.0144 -0.0108 0.1452 -0.0192 -0.0084 0.1452 -0.0168 -0.0132 0.1452 -0.018 -0.012 0.1452 -0.0144 -0.012 0.1452 -0.0156 -0.0156 0.1452 -0.0168 -0.0156 0.1452 -0.0168 -0.0144 0.1452 -0.0132 -0.0168 0.1452 -0.0144 -0.0156 0.1452 -0.012 -0.0192 0.1452 -0.0096 -0.0192 0.1452 -0.0108 -0.0192 0.1452 -0.0072 -0.0216 0.1452 -0.0084 -0.0204 0.1452 -0.0084 -0.0192 0.1452 -0.0012 -0.0228 0.1452 -0.0012 -0.0216 0.1452 0 -0.0228 0.1452 -0.0024 -0.0216 0.1452 -0.0036 -0.0216 0.1452 0.006 -0.0204 0.1452 0.006 -0.0216 0.1452 0.0048 -0.0216 0.1452 0.0072 -0.0204 0.1452 0.006 -0.0192 0.1452 0.0048 -0.0192 0.1452 0.0084 -0.0204 0.1452 0.0108 -0.0204 0.1452 0.0096 -0.0204 0.1452 0.012 -0.0192 0.1452 0.0132 -0.018 0.1452 0.012 -0.018 0.1452 0.0144 -0.0168 0.1452 0.0156 -0.0168 0.1452 0.0144 -0.018 0.1452 0.018 -0.0132 0.1452 0.0168 -0.0144 0.1452 0.0216 -0.0072 0.1452 0.0192 -0.006 0.1452 0.0216 -0.0084 0.1452 0.0204 -0.0084 0.1452 0.0216 -0.0048 0.1452 0.0192 -0.0108 0.1452 0.0204 -0.0096 0.1452 0.0192 -0.0096 0.1452 0.0228 0.0024 0.1452 0.0228 0.0048 0.1452 0.0228 0.0012 0.1452 0.0204 0 0.1452 0.0228 0 0.1452 0.0204 0.0012 0.1452 0.0228 -0.0012 0.1452 0.0192 -0.0012 0.1452 0.0192 -0.0036 0.1452 0.0228 -0.0024 0.1452 0.0204 0.0048 0.1452 0.018 0 0.1452 0.018 -0.0012 0.1452 0.0216 -0.0036 0.1452 0.0216 0.0096 0.1452 0.0192 0.0096 0.1452 0.0216 0.0084 0.1452 0.0216 0.0072 0.1452 0.0216 0.006 0.1452 0.0204 0.0108 0.1452 0.018 0.0096 0.1452 0.0192 0.0084 0.1452 0.0192 0.0108 0.1452 0.0192 0.012 0.1452 0.0156 0.0096 0.1452 0.0168 0.0096 0.1452 0.0168 0.0084 0.1452 0.0144 0.0132 0.1452 0.0156 0.012 0.1452 0.0192 0.0132 0.1452 0.0192 0.0144 0.1452 0.0156 0.018 0.1452 0.0132 0.0144 0.1452 0.0144 0.018 0.1452 0.0144 0.0192 0.1452 0.018 0.0144 0.1452 0.0156 0.0168 0.1452 0.0132 0.0192 0.1452 0.018 0.0156 0.1452 0.0156 0.0156 0.1452 0.0168 0.0156 0.1452 0.0108 0.0156 0.1452 0.0108 0.0168 0.1452 0.012 0.0192 0.1452 0.0108 0.018 0.1452 0.0096 0.0156 0.1452 0.0084 0.0132 0.1452 0.0108 0.0144 0.1452 0.0072 0.0132 0.1452 0.0084 0.0144 0.1452 0.0108 0.0216 0.1452 0.0084 0.0216 0.1452 0.0108 0.0204 0.1452 0.006 0.0216 0.1452 0.0072 0.0216 0.1452 0.0108 0.0192 0.1452 0.0048 0.0228 0.1452 0.0036 0.0228 0.1452 0.0012 0.0228 0.1452 0.0024 0.0228 0.1452 0 0.0216 0.1452 0 0.0228 0.1452 -0.0012 0.0228 0.1452 -0.0012 0.024 0.1452 0 0.0204 0.1452 -0.0024 0.0228 0.1452 -0.0024 0.024 0.1452 -0.0012 0.0204 0.1452 -0.0036 0.0216 0.1452 -0.0024 0.0216 0.1452 -0.0024 0.0204 0.1452 -0.0216 0.0024 0.1452 -0.0216 0.0024 0.1404 -0.0216 -0.0024 0.1404 -0.0216 -0.0024 0.1452 -0.0216 -0.0036 0.1404 -0.0216 -0.0036 0.1452 -0.0216 -0.0072 0.1452 -0.0204 -0.0072 0.1404 -0.0204 -0.0072 0.1452 -0.0204 -0.0084 0.1404 -0.0204 -0.0084 0.1452 -0.0204 -0.0096 0.1452 -0.0204 -0.0108 0.1404 -0.0204 -0.0108 0.1452 -0.0204 -0.012 0.1404 -0.0204 -0.012 0.1452 -0.0192 -0.012 0.1404 -0.0192 -0.012 0.1452 -0.018 -0.0132 0.1404 -0.0168 -0.0132 0.1452 -0.018 -0.0132 0.1452 -0.0168 -0.0144 0.1452 -0.0168 -0.0144 0.1404 -0.0168 -0.0156 0.1452 -0.0168 -0.0156 0.1404 -0.0168 -0.0168 0.1452 -0.0168 -0.0168 0.1404 -0.0156 -0.0168 0.1452 -0.0156 -0.0168 0.1404 -0.0132 -0.018 0.1404 -0.012 -0.0192 0.1452 -0.0132 -0.018 0.1452 -0.012 -0.0204 0.1452 -0.012 -0.0192 0.1404 -0.012 -0.0204 0.1404 -0.0108 -0.0204 0.1452 -0.0096 -0.0204 0.1404 -0.0108 -0.0204 0.1404 -0.0084 -0.0204 0.1452 -0.0096 -0.0204 0.1452 -0.0084 -0.0204 0.1404 -0.0072 -0.0216 0.1452 -0.006 -0.0228 0.1404 -0.0072 -0.0216 0.1404 -0.006 -0.0228 0.1452 -0.0024 -0.0216 0.1404 -0.0024 -0.0228 0.1452 -0.0024 -0.0216 0.1452 -0.0012 -0.0228 0.1404 -0.0012 -0.0228 0.1452 0 -0.0228 0.1452 0 -0.0228 0.1404 0.0024 -0.0216 0.1404 0.0036 -0.0216 0.1452 0.0024 -0.0216 0.1452 0.0084 -0.0204 0.1452 0.0072 -0.0204 0.1404 0.0084 -0.0204 0.1404 0.0108 -0.0204 0.1404 0.0108 -0.0204 0.1452 0.012 -0.0204 0.1452 0.012 -0.0204 0.1404 0.012 -0.0192 0.1452 0.012 -0.018 0.1452 0.012 -0.0192 0.1404 0.012 -0.018 0.1404 0.0132 -0.018 0.1452 0.0132 -0.018 0.1404 0.0144 -0.018 0.1404 0.0144 -0.018 0.1452 0.0156 -0.018 0.1452 0.0156 -0.018 0.1404 0.0168 -0.0168 0.1404 0.0168 -0.0168 0.1452 0.0168 -0.0144 0.1452 0.0168 -0.0144 0.1404 0.018 -0.0144 0.1452 0.0204 -0.0108 0.1452 0.0204 -0.0108 0.1404 0.0216 -0.0084 0.1404 0.0228 -0.0084 0.1452 0.0216 -0.0084 0.1452 0.0228 -0.0084 0.1404 0.0228 -0.0072 0.1452 0.0216 -0.0048 0.1404 0.0228 -0.0036 0.1452 0.0216 -0.0048 0.1452 0.0228 -0.0036 0.1404 0.024 -0.0024 0.1452 0.024 -0.0024 0.1404 0.024 -0.0012 0.1404 0.024 -0.0012 0.1452 0.024 0 0.1404 0.0228 0 0.1452 0.024 0 0.1452 0.0228 0.0012 0.1452 0.0228 0.0012 0.1404 -0.0036 0.0228 0.1404 -0.0036 0.0228 0.1452 0.0012 0.0228 0.1404 0 0.0228 0.1452 0.0012 0.0228 0.1452 0.0024 0.0228 0.1404 0.0024 0.0228 0.1452 0.0036 0.024 0.1404 0.0036 0.024 0.1452 0.0048 0.024 0.1404 0.0048 0.024 0.1452 0.0048 0.0228 0.1452 0.006 0.0228 0.1404 0.0048 0.0228 0.1404 0.0072 0.0216 0.1404 0.006 0.0228 0.1452 0.0072 0.0216 0.1452 0.0084 0.0216 0.1404 0.012 0.0192 0.1404 0.0108 0.0204 0.1452 0.012 0.0192 0.1452 0.0144 0.0192 0.1404 0.0144 0.0192 0.1452 0.0156 0.018 0.1452 0.0156 0.0168 0.1404 0.0156 0.0168 0.1452 0.0168 0.0156 0.1404 0.0168 0.0156 0.1452 0.018 0.0156 0.1452 0.018 0.0156 0.1404 0.0192 0.0156 0.1404 0.0192 0.0156 0.1452 0.0192 0.0144 0.1452 0.0192 0.0144 0.1404 0.0192 0.012 0.1404 0.0192 0.0132 0.1452 0.0192 0.012 0.1452 0.0204 0.012 0.1452 -0.0048 0.0228 0.1404 -0.0048 0.0228 0.1452 0 0.0228 0.1404 0.0084 0.0228 0.1452 0.0108 0.0204 0.1404 0.0156 0.018 0.1404 0.0192 0.0132 0.1404 0.0204 0.012 0.1404 0.0228 0.0084 0.1404 0.0216 0.0096 0.1452 0.0228 0.0084 0.1452 0.0216 0.0072 0.1404 0.0216 0.0072 0.1452 0.024 0.0048 0.1452 0.024 0.0048 0.1404 0.0228 0.0048 0.1404 0.0228 0.0048 0.1452 0.024 0.0036 0.1452 0.024 0.0036 0.1404 0.0228 0.0024 0.1452 0.0228 0.0024 0.1404 0.024 0.0024 0.1452 0.024 0.0024 0.1404 0.0228 -0.0072 0.1404 0.0204 -0.012 0.1452 0.0204 -0.012 0.1404 0.0204 -0.0096 0.1404 0.0204 -0.0096 0.1452 0.018 -0.0144 0.1404 0.0096 -0.0204 0.1452 0.0096 -0.0204 0.1404 0.0072 -0.0204 0.1452 0.0036 -0.0216 0.1404 0.0012 -0.0228 0.1404 0.0012 -0.0228 0.1452 -0.0024 -0.0228 0.1404 -0.0036 -0.0216 0.1404 -0.0036 -0.0216 0.1452 -0.0048 -0.0216 0.1404 -0.0048 -0.0216 0.1452 -0.0144 -0.0168 0.1404 -0.0144 -0.0168 0.1452 -0.0168 -0.0132 0.1404 -0.018 -0.012 0.1452 -0.018 -0.012 0.1404 -0.0204 -0.0096 0.1404 -0.0216 -0.0072 0.1404 -0.0228 -0.0048 0.1404 -0.0228 -0.0048 0.1452 -0.0228 -0.0012 0.1452 -0.0228 -0.0012 0.1404 -0.0216 0.0072 0.1452 -0.0204 0.0084 0.1404 -0.0216 0.0072 0.1404 -0.0204 0.0084 0.1452 -0.0204 0.0096 0.1452 -0.0204 0.0108 0.1404 -0.0204 0.0096 0.1404 -0.0204 0.0108 0.1452 -0.0204 0.012 0.1452 -0.0204 0.012 0.1404 -0.0192 0.012 0.1404 -0.0192 0.012 0.1452 -0.0192 0.0132 0.1452 -0.018 0.0132 0.1404 -0.018 0.0132 0.1452 -0.018 0.0144 0.1404 -0.018 0.0144 0.1452 -0.018 0.0156 0.1452 -0.018 0.0156 0.1404 -0.0168 0.0168 0.1404 -0.0156 0.0168 0.1452 -0.0156 0.0168 0.1404 -0.0168 0.0168 0.1452 -0.0144 0.0168 0.1452 -0.0132 0.0192 0.1452 -0.0132 0.0204 0.1404 -0.0132 0.0192 0.1404 -0.012 0.0204 0.1452 -0.012 0.0204 0.1404 -0.0108 0.0204 0.1404 -0.0108 0.0204 0.1452 -0.0096 0.0204 0.1404 -0.0096 0.0204 0.1452 -0.0084 0.0204 0.1404 0.0228 -0.006 0.1404 -0.0024 0.024 0.1404 -0.0024 0.024 0.1452 -0.0012 0.024 0.1404 -0.0012 0.024 0.1452 0 0.024 0.1452 0 0.024 0.1404 0.0096 0.0228 0.1404 0.0096 0.0228 0.1452 0.0084 0.0228 0.1404 0.0096 0.0216 0.1404 0.0096 0.0216 0.1452 0.0108 0.0216 0.1404 0.0108 0.0216 0.1452 0.0132 0.0192 0.1452 0.0132 0.0192 0.1404 0.0204 0.0108 0.1452 0.0216 0.0108 0.1404 0.0204 0.0108 0.1404 0.0216 0.0108 0.1452 0.0216 0.0096 0.1404 0.0216 0.006 0.1404 0.0216 0.006 0.1452 0.0228 0.006 0.1404 0.0228 0.006 0.1452 0.0216 -0.0096 0.1452 0.0204 -0.0132 0.1452 0.0192 -0.0132 0.1452 0.0204 -0.0132 0.1404 0.0192 -0.0132 0.1404 0.0168 -0.0156 0.1404 0.0168 -0.0156 0.1452 0.006 -0.0216 0.1404 0.006 -0.0228 0.1404 0.006 -0.0216 0.1452 0.006 -0.0228 0.1452 0.0048 -0.0228 0.1452 0.0048 -0.0228 0.1404 0.0036 -0.0228 0.1452 0.0012 -0.0216 0.1452 -0.0132 -0.0168 0.1452 -0.0132 -0.0168 0.1404 -0.0216 -0.006 0.1404 -0.0216 -0.006 0.1452 -0.0228 -0.006 0.1452 -0.0228 -0.006 0.1404 -0.0228 0 0.1404 -0.0228 0 0.1452 -0.0228 0.0012 0.1452 -0.0228 0.0012 0.1404 -0.0216 0.0036 0.1452 -0.0228 0.0048 0.1404 -0.0216 0.0036 0.1404 -0.0228 0.0048 0.1452 -0.0228 0.006 0.1452 -0.0228 0.006 0.1404 -0.0144 0.018 0.1452 -0.0144 0.0168 0.1404 -0.0144 0.018 0.1404 -0.0132 0.018 0.1404 -0.0084 0.0228 0.1404 -0.0084 0.0216 0.1452 -0.0084 0.0228 0.1452 -0.0084 0.0216 0.1404 -0.0072 0.0228 0.1404 -0.0072 0.0228 0.1452 -0.006 0.0228 0.1452 -0.006 0.0228 0.1404 -0.0132 0.0204 0.1452 -0.006 0.0216 0.1452 -0.0048 0.0228 0.1452 -0.006 0.0228 0.1452 -0.0048 0.0216 0.1452 -0.0036 0.0216 0.1452 0.0065 -0.0005 0.1455 0.0075 -0.003 0.1455 0.0085 -0.001 0.1455 0.0015 0.0065 0.1455 0.004 0.0075 0.1455 0.002 0.0085 0.1455 0.005 -0.0035 0.1455 0.005 -0.006 0.1455 0.0065 -0.0045 0.1455 -0.004 0.0045 0.1455 -0.004 0.007 0.1455 -0.0055 0.0055 0.1455 0.004 0.005 0.1455 0.007 0.005 0.1455 0.0055 0.0065 0.1455 -0.0055 0.0015 0.1455 -0.007 0.004 0.1455 -0.0075 0.002 0.1455 0.0025 -0.005 0.1455 0.001 -0.0075 0.1455 0.003 -0.007 0.1455 -0.0015 0.006 0.1455 -0.0025 0.008 0.1455 -0.0005 0.0085 0.1455 0.006 0.0025 0.1455 0.008 0.003 0.1455 0.0085 0.001 0.1455 -0.0005 -0.0055 0.1455 -0.001 -0.0075 0.1455 -0.003 -0.007 0.1455 -0.0035 -0.004 0.1455 -0.006 -0.004 0.1455 -0.0045 -0.0055 0.1455 -0.005 -0.0015 0.1455 -0.0075 0 0.1455 -0.007 -0.0025 0.1455 0.0025 -0.005 0.1415 0.005 -0.006 0.1415 0.003 -0.007 0.1415 0.006 0.0025 0.1415 0.007 0.005 0.1415 0.008 0.003 0.1415 0.005 -0.0035 0.1415 0.0075 -0.003 0.1415 0.0065 -0.0045 0.1415 -0.004 0.0045 0.1415 -0.007 0.004 0.1415 -0.0055 0.0055 0.1415 0.0065 -0.0005 0.1415 0.0085 0.001 0.1415 0.0085 -0.001 0.1415 0.0015 0.0065 0.1415 -0.0005 0.0085 0.1415 0.002 0.0085 0.1415 -0.0055 0.0015 0.1415 -0.0075 0 0.1415 -0.0075 0.002 0.1415 0.004 0.005 0.1415 0.004 0.0075 0.1415 0.0055 0.0065 0.1415 -0.0015 0.006 0.1415 -0.004 0.007 0.1415 -0.0025 0.008 0.1415 -0.005 -0.0015 0.1415 -0.006 -0.004 0.1415 -0.007 -0.0025 0.1415 -0.0035 -0.004 0.1415 -0.003 -0.007 0.1415 -0.0045 -0.0055 0.1415 -0.0005 -0.0055 0.1415 -0.001 -0.0075 0.1415 0.001 -0.0075 0.1415 0.0035 -0.008 0.1425 0.0055 -0.007 0.1445 0.0035 -0.008 0.1445 -0.001 -0.0085 0.1425 0.001 -0.0085 0.1445 -0.001 -0.0085 0.1445 -0.0055 -0.0065 0.1425 -0.0035 -0.0075 0.1445 -0.0055 -0.0065 0.1445 -0.008 -0.0025 0.1425 -0.007 -0.0045 0.1445 -0.008 -0.0025 0.1445 -0.0085 0.002 0.1425 -0.0085 -0.0005 0.1445 -0.0085 0.002 0.1445 -0.0065 0.0065 0.1425 -0.008 0.0045 0.1445 -0.0065 0.0065 0.1445 -0.0025 0.009 0.1425 -0.005 0.008 0.1445 -0.0025 0.009 0.1445 0.002 0.0095 0.1425 -0.0005 0.0095 0.1445 0.002 0.0095 0.1445 0.006 0.0075 0.1425 0.004 0.0085 0.1445 0.006 0.0075 0.1445 0.009 0.0035 0.1425 0.008 0.0055 0.1445 0.009 0.0035 0.1445 0.0095 -0.001 0.1425 0.0095 0.0015 0.1445 0.0095 -0.001 0.1445 0.0075 -0.0055 0.1425 0.0085 -0.0035 0.1445 0.0075 -0.0055 0.1445 0.0085 -0.0035 0.1425 0.0095 0.0015 0.1425 0.008 0.0055 0.1425 0.004 0.0085 0.1425 -0.0005 0.0095 0.1425 -0.005 0.008 0.1425 -0.008 0.0045 0.1425 -0.0085 -0.0005 0.1425 -0.007 -0.0045 0.1425 -0.0035 -0.0075 0.1425 0.001 -0.0085 0.1425 0.0055 -0.007 0.1425 0.006 0.0025 0.1415 0.0065 -0.0005 0.1455 0.006 0.0025 0.1455 0.004 0.005 0.1415 0.004 0.005 0.1455 0.0015 0.0065 0.1415 0.0015 0.0065 0.1455 -0.0015 0.006 0.1415 -0.0015 0.006 0.1455 -0.004 0.0045 0.1415 -0.004 0.0045 0.1455 -0.0055 0.0015 0.1415 -0.0055 0.0015 0.1455 -0.005 -0.0015 0.1415 -0.005 -0.0015 0.1455 -0.0035 -0.004 0.1415 -0.0035 -0.004 0.1455 -0.0005 -0.0055 0.1415 -0.0005 -0.0055 0.1455 0.0025 -0.005 0.1415 0.0025 -0.005 0.1455 0.005 -0.0035 0.1415 0.005 -0.0035 0.1455 0.0065 -0.0005 0.1415 -0.0075 0.004 0.1415 -0.0075 0.002 0.1415 -0.008 0.002 0.1415 -0.0075 0 0.1415 -0.008 -0.0005 0.1415 -0.007 -0.0025 0.1415 -0.0075 -0.0025 0.1415 -0.006 -0.004 0.1415 -0.0065 -0.0045 0.1415 -0.0045 -0.0055 0.1415 -0.005 -0.006 0.1415 -0.003 -0.007 0.1415 -0.001 -0.0075 0.1415 -0.001 -0.008 0.1415 0.001 -0.0075 0.1415 0.001 -0.008 0.1415 0.003 -0.007 0.1415 0.0035 -0.0075 0.1415 0.005 -0.006 0.1415 0.0055 -0.0065 0.1415 0.0065 -0.0045 0.1415 0.007 -0.005 0.1415 0.0075 -0.003 0.1415 0.008 -0.003 0.1415 0.0085 -0.001 0.1415 0.009 -0.001 0.1415 0.0085 0.001 0.1415 0.009 0.001 0.1415 0.008 0.003 0.1415 0.0085 0.0035 0.1415 0.007 0.005 0.1415 0.0075 0.0055 0.1415 0.0055 0.0065 0.1415 0.006 0.007 0.1415 0.004 0.0075 0.1415 0.004 0.008 0.1415 0.002 0.0085 0.1415 0.002 0.009 0.1415 -0.0005 0.0085 0.1415 -0.0005 0.009 0.1415 -0.0025 0.008 0.1415 -0.0025 0.0085 0.1415 -0.004 0.007 0.1415 -0.0045 0.0075 0.1415 -0.0055 0.0055 0.1415 -0.006 0.006 0.1415 -0.0065 0.006 0.142 -0.0075 0.004 0.142 0.007 -0.005 0.142 0.0055 -0.007 0.1425 0.0055 -0.007 0.142 -0.0085 0.002 0.142 -0.0085 -0.0005 0.142 -0.008 -0.0025 0.142 -0.007 -0.0045 0.142 -0.0055 -0.0065 0.142 -0.0035 -0.0075 0.142 -0.001 -0.0085 0.142 0.001 -0.0085 0.142 0.0035 -0.008 0.142 0.0085 -0.0035 0.142 0.009 -0.001 0.142 0.009 0.0015 0.142 0.0085 0.0035 0.142 0.0075 0.0055 0.142 0.006 0.0075 0.142 0.004 0.0085 0.142 0.002 0.009 0.142 -0.0005 0.0095 0.142 -0.0025 0.009 0.142 -0.0045 0.0075 0.142 -0.0065 0.0065 0.1425 -0.008 0.0045 0.1425 -0.0085 0.002 0.1425 -0.0085 -0.0005 0.1425 -0.008 -0.0025 0.1425 -0.007 -0.0045 0.1425 -0.0055 -0.0065 0.1425 -0.0035 -0.0075 0.1425 -0.001 -0.0085 0.1425 0.001 -0.0085 0.1425 0.0035 -0.008 0.1425 0.0075 -0.0055 0.1425 0.0085 -0.0035 0.1425 0.0095 -0.001 0.1425 0.0095 0.0015 0.1425 0.009 0.0035 0.1425 0.008 0.0055 0.1425 0.006 0.0075 0.1425 0.004 0.0085 0.1425 0.002 0.0095 0.1425 -0.0005 0.0095 0.1425 -0.0025 0.009 0.1425 -0.005 0.008 0.1425 -0.007 0.004 0.1415 -0.0045 0.0075 0.145 -0.0065 0.006 0.145 -0.006 0.006 0.145 -0.0025 0.0085 0.145 -0.0005 0.009 0.145 -0.0025 0.009 0.145 0.002 0.009 0.145 -0.0005 0.0095 0.145 0.004 0.008 0.145 0.006 0.007 0.145 0.004 0.0085 0.145 0.0075 0.0055 0.145 0.006 0.0075 0.145 0.0085 0.0035 0.145 0.009 0.001 0.145 0.009 -0.001 0.145 0.009 0.0015 0.145 0.008 -0.003 0.145 0.007 -0.005 0.145 0.0085 -0.0035 0.145 0.0055 -0.0065 0.145 0.0035 -0.0075 0.145 0.0055 -0.007 0.145 0.001 -0.008 0.145 0.0035 -0.008 0.145 -0.001 -0.008 0.145 0.001 -0.0085 0.145 -0.003 -0.007 0.145 -0.001 -0.0085 0.145 -0.005 -0.006 0.145 -0.0035 -0.0075 0.145 -0.0065 -0.0045 0.145 -0.0055 -0.0065 0.145 -0.0075 -0.0025 0.145 -0.007 -0.0045 0.145 -0.008 -0.0005 0.145 -0.008 -0.0025 0.145 -0.008 0.002 0.145 -0.0085 -0.0005 0.145 -0.0075 0.004 0.145 -0.0085 0.002 0.145 -0.0065 0.0065 0.1445 -0.005 0.008 0.1445 -0.0025 0.009 0.1445 -0.0005 0.0095 0.1445 0.002 0.0095 0.1445 0.004 0.0085 0.1445 0.006 0.0075 0.1445 0.008 0.0055 0.1445 0.009 0.0035 0.1445 0.0095 0.0015 0.1445 0.0095 -0.001 0.1445 0.0085 -0.0035 0.1445 0.0075 -0.0055 0.1445 0.0055 -0.007 0.1445 0.0035 -0.008 0.1445 0.001 -0.0085 0.1445 -0.001 -0.0085 0.1445 -0.0035 -0.0075 0.1445 -0.0055 -0.0065 0.1445 -0.007 -0.0045 0.1445 -0.008 -0.0025 0.1445 -0.0085 -0.0005 0.1445 -0.0085 0.002 0.1445 -0.008 0.0045 0.1445 -0.0055 0.0055 0.1455 -0.007 0.004 0.1455 -0.0075 0.002 0.1455 -0.0075 0 0.1455 -0.007 -0.0025 0.1455 -0.006 -0.004 0.1455 -0.0045 -0.0055 0.1455 -0.003 -0.007 0.1455 -0.001 -0.0075 0.1455 0.001 -0.0075 0.1455 0.003 -0.007 0.1455 0.005 -0.006 0.1455 0.0065 -0.0045 0.1455 0.0075 -0.003 0.1455 0.0085 -0.001 0.1455 0.0085 0.001 0.1455 0.008 0.003 0.1455 0.007 0.005 0.1455 0.0055 0.0065 0.1455 0.004 0.0075 0.1455 0.002 0.0085 0.1455 -0.0005 0.0085 0.1455 -0.0025 0.008 0.1455 -0.004 0.007 0.1455 0.003 -0.006 0.145 0.0065 -0.0045 0.145 0.003 -0.007 0.145 -0.001 -0.0075 0.145 -0.001 -0.0065 0.145 -0.0045 -0.0055 0.145 -0.004 -0.005 0.145 -0.006 -0.002 0.145 -0.007 -0.0025 0.145 -0.0065 0.0015 0.145 -0.0075 0.002 0.145 -0.0055 0.0055 0.145 -0.005 0.005 0.145 -0.0025 0.008 0.145 -0.002 0.007 0.145 0.0015 0.0075 0.145 0.002 0.0085 0.145 0.005 0.006 0.145 0.0055 0.0065 0.145 0.007 0.003 0.145 0.008 0.003 0.145 0.0075 -0.0005 0.145 0.0085 -0.001 0.145 0.006 -0.004 0.145 0.0065 -0.0045 0.145 0.0085 -0.001 0.1425 0.0065 -0.0045 0.1425 0.0085 -0.001 0.145 0.008 0.003 0.1425 0.008 0.003 0.145 0.0055 0.0065 0.1425 0.0055 0.0065 0.145 0.002 0.0085 0.1425 0.002 0.0085 0.145 -0.0025 0.008 0.1425 -0.0025 0.008 0.145 -0.0055 0.0055 0.1425 -0.0055 0.0055 0.145 -0.0075 0.002 0.1425 -0.0075 0.002 0.145 -0.007 -0.0025 0.1425 -0.007 -0.0025 0.145 -0.0045 -0.0055 0.1425 -0.0045 -0.0055 0.145 -0.001 -0.0075 0.1425 -0.001 -0.0075 0.145 0.003 -0.007 0.1425 0.003 -0.007 0.145 -0.0065 0.0015 0.1425 -0.007 -0.0025 0.1425 -0.006 -0.002 0.1425 -0.0045 -0.0055 0.1425 -0.004 -0.005 0.1425 -0.005 0.005 0.1425 -0.0075 0.002 0.1425 -0.001 -0.0065 0.1425 -0.001 -0.0075 0.1425 0.003 -0.006 0.1425 0.003 -0.007 0.1425 0.0075 -0.0005 0.1425 0.008 0.003 0.1425 0.007 0.003 0.1425 0.0055 0.0065 0.1425 0.005 0.006 0.1425 0.006 -0.004 0.1425 0.0065 -0.0045 0.1425 0.0015 0.0075 0.1425 0.002 0.0085 0.1425 -0.0025 0.008 0.1425 -0.002 0.007 0.1425 -0.0055 0.0055 0.1425 0.0085 -0.001 0.1425 0.0075 -0.0005 0.145 0.007 0.003 0.1425 0.007 0.003 0.145 0.005 0.006 0.1425 0.005 0.006 0.145 0.0015 0.0075 0.1425 0.0015 0.0075 0.145 -0.002 0.007 0.1425 -0.002 0.007 0.145 -0.005 0.005 0.1425 -0.005 0.005 0.145 -0.0065 0.0015 0.1425 -0.0065 0.0015 0.145 -0.006 -0.002 0.1425 -0.006 -0.002 0.145 -0.004 -0.005 0.1425 -0.004 -0.005 0.145 -0.001 -0.0065 0.1425 -0.001 -0.0065 0.145 0.003 -0.006 0.1425 0.003 -0.006 0.145 0.006 -0.004 0.1425 0.006 -0.004 0.145 0.0075 -0.0005 0.1425 0.0065 -0.0015 0.1385 0.008 -0.004 0.1385 0.0085 -0.002 0.1385 0.0015 0.005 0.1385 0.004 0.0065 0.1385 0.002 0.007 0.1385 0.0055 -0.0045 0.1385 0.0055 -0.007 0.1385 0.007 -0.0055 0.1385 -0.004 0.003 0.1385 -0.004 0.0055 0.1385 -0.0055 0.004 0.1385 0.0045 0.004 0.1385 0.007 0.004 0.1385 0.0055 0.0055 0.1385 -0.0055 0 0.1385 -0.0065 0.0025 0.1385 -0.0075 0.0005 0.1385 0.003 -0.0065 0.1385 0.0015 -0.0085 0.1385 0.0035 -0.008 0.1385 -0.0015 0.005 0.1385 -0.0025 0.0065 0.1385 -0.0005 0.007 0.1385 0.006 0.0015 0.1385 0.008 0.002 0.1385 0.0085 0 0.1385 0 -0.0065 0.1385 -0.0005 -0.0085 0.1385 -0.0025 -0.008 0.1385 -0.003 -0.0055 0.1385 -0.0055 -0.0055 0.1385 -0.0045 -0.007 0.1385 -0.005 -0.003 0.1385 -0.0075 -0.0015 0.1385 -0.007 -0.0035 0.1385 0.003 -0.0065 0.1345 0.0055 -0.007 0.1345 0.0035 -0.008 0.1345 0.006 0.0015 0.1345 0.007 0.004 0.1345 0.008 0.002 0.1345 0.0055 -0.0045 0.1345 0.008 -0.004 0.1345 0.007 -0.0055 0.1345 -0.004 0.003 0.1345 -0.0065 0.0025 0.1345 -0.0055 0.004 0.1345 0.0065 -0.0015 0.1345 0.0085 0 0.1345 0.0085 -0.002 0.1345 0.0015 0.005 0.1345 -0.0005 0.007 0.1345 0.002 0.007 0.1345 -0.0055 0 0.1345 -0.0075 -0.0015 0.1345 -0.0075 0.0005 0.1345 0.0045 0.004 0.1345 0.004 0.0065 0.1345 0.0055 0.0055 0.1345 -0.0015 0.005 0.1345 -0.004 0.0055 0.1345 -0.0025 0.0065 0.1345 -0.005 -0.003 0.1345 -0.0055 -0.0055 0.1345 -0.007 -0.0035 0.1345 -0.003 -0.0055 0.1345 -0.0025 -0.008 0.1345 -0.0045 -0.007 0.1345 0 -0.0065 0.1345 -0.0005 -0.0085 0.1345 0.0015 -0.0085 0.1345 0.004 -0.009 0.1355 0.006 -0.008 0.1375 0.004 -0.009 0.1375 -0.0005 -0.0095 0.1355 0.0015 -0.0095 0.1375 -0.0005 -0.0095 0.1375 -0.005 -0.008 0.1355 -0.003 -0.009 0.1375 -0.005 -0.008 0.1375 -0.0075 -0.004 0.1355 -0.0065 -0.006 0.1375 -0.0075 -0.004 0.1375 -0.0085 0.0005 0.1355 -0.0085 -0.002 0.1375 -0.0085 0.0005 0.1375 -0.0065 0.005 0.1355 -0.0075 0.003 0.1375 -0.0065 0.005 0.1375 -0.0025 0.0075 0.1355 -0.0045 0.0065 0.1375 -0.0025 0.0075 0.1375 0.002 0.008 0.1355 -0.0005 0.008 0.1375 0.002 0.008 0.1375 0.006 0.0065 0.1355 0.004 0.0075 0.1375 0.006 0.0065 0.1375 0.009 0.0025 0.1355 0.008 0.0045 0.1375 0.009 0.0025 0.1375 0.0095 -0.002 0.1355 0.0095 0.0005 0.1375 0.0095 -0.002 0.1375 0.0075 -0.0065 0.1355 0.009 -0.0045 0.1375 0.0075 -0.0065 0.1375 0.009 -0.0045 0.1355 0.0095 0.0005 0.1355 0.008 0.0045 0.1355 0.004 0.0075 0.1355 -0.0005 0.008 0.1355 -0.0045 0.0065 0.1355 -0.0075 0.003 0.1355 -0.0085 -0.002 0.1355 -0.0065 -0.006 0.1355 -0.003 -0.009 0.1355 0.0015 -0.0095 0.1355 0.006 -0.008 0.1355 0.006 0.0015 0.1345 0.0065 -0.0015 0.1385 0.006 0.0015 0.1385 0.0045 0.004 0.1345 0.0045 0.004 0.1385 0.0015 0.005 0.1345 0.0015 0.005 0.1385 -0.0015 0.005 0.1345 -0.0015 0.005 0.1385 -0.004 0.003 0.1345 -0.004 0.003 0.1385 -0.0055 0 0.1345 -0.0055 0 0.1385 -0.005 -0.003 0.1345 -0.005 -0.003 0.1385 -0.003 -0.0055 0.1345 -0.003 -0.0055 0.1385 0 -0.0065 0.1345 0 -0.0065 0.1385 0.003 -0.0065 0.1345 0.003 -0.0065 0.1385 0.0055 -0.0045 0.1345 0.0055 -0.0045 0.1385 0.0065 -0.0015 0.1345 -0.007 0.0025 0.1345 -0.0075 0.0005 0.1345 -0.008 0.0005 0.1345 -0.0075 -0.0015 0.1345 -0.008 -0.002 0.1345 -0.007 -0.0035 0.1345 -0.007 -0.004 0.1345 -0.0055 -0.0055 0.1345 -0.006 -0.006 0.1345 -0.0045 -0.007 0.1345 -0.0045 -0.0075 0.1345 -0.0025 -0.008 0.1345 -0.0025 -0.0085 0.1345 -0.0005 -0.0085 0.1345 -0.0005 -0.009 0.1345 0.0015 -0.0085 0.1345 0.0015 -0.009 0.1345 0.0035 -0.008 0.1345 0.004 -0.0085 0.1345 0.0055 -0.007 0.1345 0.006 -0.0075 0.1345 0.007 -0.0055 0.1345 0.0075 -0.006 0.1345 0.008 -0.004 0.1345 0.0085 -0.004 0.1345 0.0085 -0.002 0.1345 0.009 -0.002 0.1345 0.0085 0 0.1345 0.009 0.0005 0.1345 0.008 0.002 0.1345 0.0085 0.0025 0.1345 0.007 0.004 0.1345 0.0075 0.0045 0.1345 0.0055 0.0055 0.1345 0.006 0.006 0.1345 0.004 0.0065 0.1345 0.004 0.007 0.1345 0.002 0.007 0.1345 0.002 0.0075 0.1345 -0.0005 0.007 0.1345 -0.0005 0.0075 0.1345 -0.0025 0.0065 0.1345 -0.0025 0.007 0.1345 -0.004 0.0055 0.1345 -0.0045 0.006 0.1345 -0.0055 0.004 0.1345 -0.006 0.0045 0.1345 -0.0065 0.0045 0.135 -0.0075 0.0025 0.135 0.0075 -0.006 0.135 0.006 -0.008 0.1355 0.006 -0.008 0.135 -0.008 0.0005 0.135 -0.008 -0.002 0.135 -0.0075 -0.004 0.135 -0.0065 -0.006 0.135 -0.005 -0.0075 0.135 -0.003 -0.009 0.135 -0.0005 -0.0095 0.135 0.0015 -0.0095 0.135 0.004 -0.009 0.135 0.009 -0.004 0.135 0.0095 -0.002 0.135 0.0095 0.0005 0.135 0.009 0.0025 0.135 0.008 0.0045 0.135 0.006 0.006 0.135 0.004 0.0075 0.135 0.002 0.008 0.135 -0.0005 0.008 0.135 -0.0025 0.0075 0.135 -0.0045 0.0065 0.135 -0.0065 0.005 0.1355 -0.0075 0.003 0.1355 -0.0085 0.0005 0.1355 -0.0085 -0.002 0.1355 -0.0075 -0.004 0.1355 -0.0065 -0.006 0.1355 -0.005 -0.008 0.1355 -0.003 -0.009 0.1355 -0.0005 -0.0095 0.1355 0.0015 -0.0095 0.1355 0.004 -0.009 0.1355 0.0075 -0.0065 0.1355 0.009 -0.0045 0.1355 0.0095 -0.002 0.1355 0.0095 0.0005 0.1355 0.009 0.0025 0.1355 0.008 0.0045 0.1355 0.006 0.0065 0.1355 0.004 0.0075 0.1355 0.002 0.008 0.1355 -0.0005 0.008 0.1355 -0.0025 0.0075 0.1355 -0.0045 0.0065 0.1355 -0.0065 0.0025 0.1345 -0.0045 0.006 0.1385 -0.0065 0.0045 0.138 -0.006 0.0045 0.1385 -0.0025 0.007 0.1385 -0.0045 0.0065 0.138 -0.0005 0.0075 0.1385 -0.0025 0.0075 0.138 0.002 0.0075 0.1385 -0.0005 0.008 0.138 0.004 0.007 0.1385 0.002 0.008 0.138 0.006 0.006 0.1385 0.004 0.0075 0.138 0.0075 0.0045 0.1385 0.006 0.006 0.138 0.0085 0.0025 0.1385 0.008 0.0045 0.138 0.009 0.0005 0.1385 0.009 0.0025 0.138 0.009 -0.002 0.1385 0.0095 0.0005 0.138 0.0085 -0.004 0.1385 0.0095 -0.002 0.138 0.0075 -0.006 0.1385 0.009 -0.004 0.138 0.006 -0.0075 0.1385 0.0075 -0.006 0.138 0.004 -0.0085 0.1385 0.006 -0.008 0.138 0.0015 -0.009 0.1385 0.004 -0.009 0.138 -0.0005 -0.009 0.1385 0.0015 -0.0095 0.138 -0.0025 -0.0085 0.1385 -0.0005 -0.0095 0.138 -0.0045 -0.0075 0.1385 -0.003 -0.009 0.138 -0.006 -0.006 0.1385 -0.005 -0.0075 0.138 -0.007 -0.004 0.1385 -0.0065 -0.006 0.138 -0.008 -0.002 0.1385 -0.0075 -0.004 0.138 -0.008 0.0005 0.1385 -0.008 -0.002 0.138 -0.007 0.0025 0.1385 -0.008 0.0005 0.138 -0.0075 0.0025 0.138 -0.0065 0.005 0.1375 -0.0045 0.0065 0.1375 -0.0025 0.0075 0.1375 -0.0005 0.008 0.1375 0.002 0.008 0.1375 0.004 0.0075 0.1375 0.006 0.0065 0.1375 0.008 0.0045 0.1375 0.009 0.0025 0.1375 0.0095 0.0005 0.1375 0.0095 -0.002 0.1375 0.009 -0.0045 0.1375 0.0075 -0.0065 0.1375 0.006 -0.008 0.1375 0.004 -0.009 0.1375 0.0015 -0.0095 0.1375 -0.0005 -0.0095 0.1375 -0.003 -0.009 0.1375 -0.005 -0.008 0.1375 -0.0065 -0.006 0.1375 -0.0075 -0.004 0.1375 -0.0085 -0.002 0.1375 -0.0085 0.0005 0.1375 -0.0075 0.003 0.1375 -0.0055 0.004 0.1385 -0.0065 0.0025 0.1385 -0.0075 0.0005 0.1385 -0.0075 -0.0015 0.1385 -0.007 -0.0035 0.1385 -0.0055 -0.0055 0.1385 -0.0045 -0.007 0.1385 -0.0025 -0.008 0.1385 -0.0005 -0.0085 0.1385 0.0015 -0.0085 0.1385 0.0035 -0.008 0.1385 0.0055 -0.007 0.1385 0.007 -0.0055 0.1385 0.008 -0.004 0.1385 0.0085 -0.002 0.1385 0.0085 0 0.1385 0.008 0.002 0.1385 0.007 0.004 0.1385 0.0055 0.0055 0.1385 0.004 0.0065 0.1385 0.002 0.007 0.1385 -0.0005 0.007 0.1385 -0.0025 0.0065 0.1385 -0.004 0.0055 0.1385 0.0035 -0.007 0.138 0.007 -0.0055 0.138 0.0035 -0.008 0.138 -0.0005 -0.0085 0.138 -0.0005 -0.0075 0.138 -0.0045 -0.007 0.138 -0.0035 -0.006 0.138 -0.006 -0.0035 0.138 -0.007 -0.0035 0.138 -0.0065 0 0.138 -0.0075 0.0005 0.138 -0.0055 0.004 0.138 -0.005 0.0035 0.138 -0.0025 0.0065 0.138 -0.002 0.006 0.138 0.0015 0.006 0.138 0.002 0.007 0.138 0.005 0.005 0.138 0.0055 0.0055 0.138 0.007 0.002 0.138 0.008 0.002 0.138 0.0075 -0.0015 0.138 0.0085 -0.002 0.138 0.006 -0.005 0.138 0.007 -0.0055 0.138 0.0085 -0.002 0.1355 0.007 -0.0055 0.1355 0.0085 -0.002 0.138 0.008 0.002 0.1355 0.008 0.002 0.138 0.0055 0.0055 0.1355 0.0055 0.0055 0.138 0.002 0.007 0.1355 0.002 0.007 0.138 -0.0025 0.0065 0.1355 -0.0025 0.0065 0.138 -0.0055 0.004 0.1355 -0.0055 0.004 0.138 -0.0075 0.0005 0.1355 -0.0075 0.0005 0.138 -0.007 -0.0035 0.1355 -0.007 -0.0035 0.138 -0.0045 -0.007 0.1355 -0.0045 -0.007 0.138 -0.0005 -0.0085 0.1355 -0.0005 -0.0085 0.138 0.0035 -0.008 0.1355 0.0035 -0.008 0.138 -0.0065 0 0.1355 -0.007 -0.0035 0.1355 -0.006 -0.0035 0.1355 -0.0045 -0.007 0.1355 -0.0035 -0.006 0.1355 -0.005 0.0035 0.1355 -0.0075 0.0005 0.1355 -0.0005 -0.0075 0.1355 -0.0005 -0.0085 0.1355 0.0035 -0.007 0.1355 0.0035 -0.008 0.1355 0.0075 -0.0015 0.1355 0.008 0.002 0.1355 0.007 0.002 0.1355 0.0055 0.0055 0.1355 0.005 0.005 0.1355 0.006 -0.005 0.1355 0.007 -0.0055 0.1355 0.0015 0.006 0.1355 0.002 0.007 0.1355 -0.0025 0.0065 0.1355 -0.002 0.006 0.1355 -0.0055 0.004 0.1355 0.0085 -0.002 0.1355 0.0075 -0.0015 0.138 0.007 0.002 0.1355 0.007 0.002 0.138 0.005 0.005 0.1355 0.005 0.005 0.138 0.0015 0.006 0.1355 0.0015 0.006 0.138 -0.002 0.006 0.1355 -0.002 0.006 0.138 -0.005 0.0035 0.1355 -0.005 0.0035 0.138 -0.0065 0 0.1355 -0.0065 0 0.138 -0.006 -0.0035 0.1355 -0.006 -0.0035 0.138 -0.0035 -0.006 0.1355 -0.0035 -0.006 0.138 -0.0005 -0.0075 0.1355 -0.0005 -0.0075 0.138 0.0035 -0.007 0.1355 0.0035 -0.007 0.138 0.006 -0.005 0.1355 0.006 -0.005 0.138 0.0075 -0.0015 0.1355 0.0175 0.01 0.134 0.015 0.0135 0.128 0.015 0.0135 0.134 0.0175 0.01 0.128 0.019 0.006 0.134 0.019 0.006 0.128 0.008 0.0185 0.128 0.008 0.0185 0.134 0 0.02 0.134 -0.008 0.0185 0.128 -0.008 0.0185 0.134 -0.015 0.0135 0.128 -0.015 0.0135 0.134 -0.019 0.006 0.128 -0.019 0.006 0.134 -0.02 -0.002 0.128 -0.02 -0.002 0.134 0.02 -0.002 0.134 0.0175 -0.01 0.134 0.02 -0.002 0.128 0.012 -0.016 0.134 0.0175 -0.01 0.128 0.004 -0.0195 0.134 0.012 -0.016 0.128 -0.004 -0.0195 0.134 0.004 -0.0195 0.128 -0.012 -0.016 0.134 -0.004 -0.0195 0.128 -0.0175 -0.01 0.128 -0.0175 -0.01 0.134 -0.012 -0.016 0.128 0 0.02 0.128 0.005 0.008 0.1345 0.012 0.002 0.1345 0.0075 0.0095 0.1345 -0.0075 -0.0095 0.1345 -0.003 -0.0115 0.1345 -0.005 -0.008 0.1345 0.0095 0.0005 0.1345 0.0145 -0.002 0.1345 -0.012 -0.002 0.1345 -0.0095 -0.0005 0.1345 -0.0145 0.002 0.1345 -0.0115 0.0035 0.1345 0.003 0.0115 0.1345 0.0055 0.0135 0.1345 0.0145 0.0135 0.1345 0.008 0.018 0.1345 0.0025 0.0195 0.1345 -0.0055 -0.0135 0.1345 0.0115 -0.0035 0.1345 -0.012 -0.0095 0.1345 -0.011 -0.009 0.1345 -0.0145 -0.0055 0.1345 -0.0195 -0.002 0.1345 -0.0155 -0.0075 0.1345 -0.017 -0.01 0.1345 -0.015 -0.009 0.1345 -0.0145 -0.0095 0.1345 -0.0115 -0.016 0.1345 -0.013 -0.01 0.1345 -0.011 -0.0075 0.1345 -0.013 -0.0055 0.1345 -0.015 -0.0065 0.1345 -0.011 -0.0065 0.1345 -0.012 -0.0055 0.1345 -0.004 -0.019 0.1345 0.004 -0.019 0.1345 0.009 -0.015 0.1345 0.002 -0.0195 0.1345 0.0195 0.001 0.1345 0.0145 0.0055 0.1345 0.0185 0.0055 0.1345 0.0185 0.006 0.1345 0.015 0.0065 0.1345 0.0145 0.013 0.1345 0.013 0.01 0.1345 0.0145 0.0095 0.1345 0.012 0.0095 0.1345 0.011 0.009 0.1345 0.011 0.0065 0.1345 0.013 0.0055 0.1345 0.0155 0.0075 0.1345 0.011 0.0075 0.1345 0.012 0.0055 0.1345 0.017 0.01 0.1345 0.015 0.009 0.1345 -0.0145 0.0055 0.1345 -0.0185 0.006 0.1345 -0.013 0.0055 0.1345 -0.015 0.009 0.1345 -0.0155 0.0075 0.1345 -0.015 0.0065 0.1345 -0.011 0.0065 0.1345 -0.0045 0.0075 0.1345 -0.011 0.0075 0.1345 -0.011 0.009 0.1345 -0.008 0.018 0.1345 -0.012 0.0095 0.1345 -0.012 0.0055 0.1345 -0.013 0.01 0.1345 -0.0145 0.013 0.1345 -0.0145 0.0095 0.1345 -0.016 0.011 0.1345 0.011 -0.009 0.1345 0.0045 -0.0075 0.1345 0.011 -0.0065 0.1345 0.011 -0.0075 0.1345 0.012 -0.0095 0.1345 0.013 -0.01 0.1345 0.012 -0.0055 0.1345 0.016 -0.0115 0.1345 0.0145 -0.0095 0.1345 0.015 -0.009 0.1345 0.017 -0.01 0.1345 0.0145 -0.0055 0.1345 0.013 -0.0055 0.1345 0.0155 -0.0075 0.1345 0.0195 -0.002 0.1345 0.015 -0.0065 0.1345 -0.002 0.014 0.1345 -0.001 0.017 0.1345 0 0.0195 0.1345 -0.0025 0.015 0.1345 -0.001 0.0135 0.1345 0 0.013 0.1345 -0.002 0.0165 0.1345 0.001 0.0135 0.1345 0.002 0.014 0.1345 0.0025 0.015 0.1345 0.002 0.0165 0.1345 0 0.0175 0.1345 0.001 0.017 0.1345 -0.0055 0.003 0.1345 -0.0065 0 0.1345 0 0.0065 0.1345 0.003 0.0055 0.1345 -0.0035 0.0055 0.1345 0.0055 0.0035 0.1345 0.0055 -0.003 0.1345 0.0065 0 0.1345 0 -0.0065 0.1345 -0.003 -0.0055 0.1345 0.0035 -0.0055 0.1345 -0.0055 -0.0035 0.1345 0.002 -0.014 0.1345 0.001 -0.0135 0.1345 0.0025 -0.015 0.1345 0 -0.013 0.1345 -0.001 -0.0135 0.1345 0.0015 -0.0195 0.1345 0.001 -0.017 0.1345 0 -0.0175 0.1345 0.002 -0.0165 0.1345 -0.002 -0.014 0.1345 -0.0025 -0.015 0.1345 -0.002 -0.0165 0.1345 -0.002 -0.0195 0.1345 -0.001 -0.017 0.1345 0.0115 -0.016 0.1345 -0.007 0.004 0.1275 -0.0045 0.008 0.1275 -0.004 0.007 0.1275 0.015 0.0065 0.1275 0.0185 0.006 0.1275 0.019 0.005 0.1275 0.0135 0.014 0.1275 0.013 0.01 0.1275 0.012 0.0095 0.1275 0.0145 0.0055 0.1275 0.0125 0.0015 0.1275 0.013 0.0055 0.1275 0.0155 0.0075 0.1275 0.017 0.01 0.1275 0.0145 0.013 0.1275 0.0145 0.0095 0.1275 0.0075 0.01 0.1275 0.011 0.009 0.1275 0.011 0.0075 0.1275 0.015 0.009 0.1275 0.011 0.0065 0.1275 0.01 0.017 0.1275 0.005 0.014 0.1275 -0.0105 0 0.1275 -0.007 -0.004 0.1275 -0.005 -0.009 0.1275 -0.008 0 0.1275 0.0125 -0.0035 0.1275 0.0105 0 0.1275 -0.005 -0.014 0.1275 -0.0075 -0.01 0.1275 0.005 0.009 0.1275 -0.0125 -0.0015 0.1275 0.003 0.0125 0.1275 -0.0125 0.0035 0.1275 -0.0145 0.0025 0.1275 0.0045 -0.008 0.1275 0 -0.008 0.1275 0.004 -0.007 0.1275 0.007 -0.004 0.1275 0.007 0.004 0.1275 0.004 0.007 0.1275 0 0.008 0.1275 -0.004 -0.007 0.1275 -0.0195 -0.002 0.1275 -0.0185 0.006 0.1275 0.008 0.018 0.1275 0.0145 -0.0025 0.1275 0.0195 -0.002 0.1275 0.018 -0.008 0.1275 0.017 -0.01 0.1275 0.0115 -0.016 0.1275 0.009 -0.015 0.1275 0.004 -0.019 0.1275 0.002 -0.0195 0.1275 -0.004 -0.019 0.1275 -0.0115 -0.016 0.1275 -0.017 -0.01 0.1275 -0.0155 -0.0075 0.1275 -0.015 -0.009 0.1275 0.013 -0.0055 0.1275 0.0145 -0.0095 0.1275 0.015 -0.009 0.1275 -0.0145 0.013 0.1275 -0.015 0.009 0.1275 -0.013 0.0055 0.1275 0 0.0195 0.1275 0.001 0.017 0.1275 0 0.0175 0.1275 0.001 0.0135 0.1275 0.002 0.014 0.1275 -0.003 -0.0125 0.1275 -0.001 -0.0135 0.1275 -0.002 -0.014 0.1275 -0.002 -0.0195 0.1275 0 -0.0175 0.1275 0.0005 -0.0195 0.1275 -0.002 -0.0165 0.1275 -0.001 -0.017 0.1275 -0.0025 -0.015 0.1275 0.001 -0.017 0.1275 0 -0.013 0.1275 0.002 -0.0165 0.1275 0.0025 -0.015 0.1275 0.002 -0.014 0.1275 0.001 -0.0135 0.1275 0 0.013 0.1275 -0.001 0.017 0.1275 -0.008 0.018 0.1275 -0.002 0.014 0.1275 -0.001 0.0135 0.1275 -0.002 0.0165 0.1275 -0.0025 0.015 0.1275 0.0025 0.015 0.1275 0.002 0.0165 0.1275 -0.0155 0.0075 0.1275 -0.0145 0.0055 0.1275 -0.015 0.0065 0.1275 -0.011 0.0065 0.1275 -0.012 0.0055 0.1275 -0.011 0.0075 0.1275 -0.011 0.009 0.1275 -0.013 0.01 0.1275 -0.012 0.0095 0.1275 -0.0145 0.0095 0.1275 0.012 -0.0055 0.1275 0.011 -0.009 0.1275 0.012 -0.0095 0.1275 0.011 -0.0065 0.1275 0.013 -0.01 0.1275 0.011 -0.0075 0.1275 0.0155 -0.0075 0.1275 0.015 -0.0065 0.1275 0.0145 -0.0055 0.1275 0.008 0 0.1275 0.012 0.0055 0.1275 -0.0145 -0.0055 0.1275 -0.013 -0.0055 0.1275 -0.011 -0.0065 0.1275 -0.015 -0.0065 0.1275 -0.0145 -0.0095 0.1275 -0.013 -0.01 0.1275 -0.012 -0.0095 0.1275 -0.011 -0.009 0.1275 -0.012 -0.0055 0.1275 -0.011 -0.0075 0.1275 0.015 0.009 0.1345 0.014 0.0095 0.134 0.015 0.0085 0.134 0.0145 0.0095 0.1345 0.013 0.0095 0.134 0.013 0.01 0.1345 0.012 0.0095 0.134 0.012 0.0095 0.1345 0.0115 0.0085 0.134 0.011 0.009 0.1345 0.011 0.0075 0.134 0.011 0.0075 0.1345 0.0115 0.0065 0.134 0.011 0.0065 0.1345 0.012 0.006 0.134 0.012 0.0055 0.1345 0.013 0.0055 0.134 0.013 0.0055 0.1345 0.014 0.006 0.134 0.0145 0.0055 0.1345 0.015 0.0065 0.134 0.015 0.0065 0.1345 0.0155 0.0075 0.134 0.0155 0.0075 0.1345 0.015 0.0085 0.1275 0.0155 0.0075 0.134 0.015 0.0085 0.134 0.0155 0.0075 0.1275 0.015 0.0065 0.134 0.015 0.0065 0.1275 0.014 0.006 0.134 0.014 0.006 0.1275 0.013 0.0055 0.134 0.013 0.0055 0.1275 0.012 0.006 0.134 0.013 0.0095 0.1275 0.014 0.0095 0.134 0.013 0.0095 0.134 0.012 0.006 0.1275 0.0115 0.0065 0.134 0.012 0.0095 0.1275 0.012 0.0095 0.134 0.0115 0.0085 0.1275 0.0115 0.0085 0.134 0.011 0.0075 0.1275 0.011 0.0075 0.134 0.0115 0.0065 0.1275 0.014 0.0095 0.1275 0.0155 0.0075 0.1275 0.015 0.0065 0.1275 0.015 0.009 0.1275 0.015 0.0085 0.1275 0.0145 0.0095 0.1275 0.014 0.0095 0.1275 0.013 0.01 0.1275 0.013 0.0095 0.1275 0.012 0.0095 0.1275 0.011 0.009 0.1275 0.0115 0.0085 0.1275 0.011 0.0075 0.1275 0.011 0.0065 0.1275 0.0115 0.0065 0.1275 0.014 0.006 0.1275 0.0145 0.0055 0.1275 0.013 0.0055 0.1275 0.012 0.006 0.1275 0.012 0.0055 0.1275 0.001 -0.0135 0.134 0.002 -0.014 0.1345 0.001 -0.0135 0.1345 0 -0.013 0.134 0 -0.013 0.1345 -0.001 -0.0135 0.134 -0.001 -0.0135 0.1345 0.002 -0.014 0.134 -0.002 -0.014 0.134 -0.002 -0.014 0.1345 -0.002 -0.015 0.134 -0.0025 -0.015 0.1345 -0.002 -0.0165 0.134 -0.002 -0.0165 0.1345 -0.001 -0.017 0.134 -0.001 -0.017 0.1345 0 -0.0175 0.134 0 -0.0175 0.1345 0.001 -0.017 0.134 0.001 -0.017 0.1345 0.002 -0.0165 0.134 0.002 -0.0165 0.1345 0.002 -0.0155 0.134 0.0025 -0.015 0.1345 0 -0.013 0.1275 0.001 -0.0135 0.134 0 -0.013 0.134 -0.002 -0.0165 0.134 -0.001 -0.017 0.1275 -0.002 -0.0165 0.1275 -0.001 -0.017 0.134 0 -0.0175 0.1275 0 -0.0175 0.134 0.001 -0.017 0.1275 0.001 -0.017 0.134 0.002 -0.0165 0.1275 0.002 -0.0165 0.134 0.002 -0.0155 0.1275 0.002 -0.0155 0.134 0.002 -0.014 0.1275 0.002 -0.014 0.134 0.001 -0.0135 0.1275 -0.001 -0.0135 0.1275 -0.001 -0.0135 0.134 -0.002 -0.014 0.1275 -0.002 -0.014 0.134 -0.002 -0.015 0.1275 -0.002 -0.015 0.134 -0.0025 -0.015 0.1275 -0.002 -0.014 0.1275 -0.002 -0.015 0.1275 0.002 -0.0155 0.1275 0.002 -0.014 0.1275 0.0025 -0.015 0.1275 -0.002 -0.0165 0.1275 0.002 -0.0165 0.1275 -0.002 0.014 0.134 -0.001 0.0135 0.1275 -0.002 0.014 0.1275 -0.001 0.0135 0.134 0 0.013 0.1275 0 0.013 0.134 0.001 0.0135 0.1275 0.001 0.0135 0.134 0.002 0.014 0.1275 0.002 0.014 0.134 0.002 0.015 0.1275 0.002 0.015 0.134 0.002 0.0165 0.1275 0.002 0.0165 0.134 0.001 0.017 0.1275 0.001 0.017 0.134 0 0.0175 0.1275 -0.001 0.017 0.134 -0.002 0.0165 0.1275 -0.001 0.017 0.1275 -0.002 0.0165 0.134 -0.002 0.0155 0.1275 -0.002 0.0155 0.134 0 0.0175 0.134 -0.015 0.0065 0.134 -0.014 0.006 0.1275 -0.015 0.0065 0.1275 -0.014 0.006 0.134 -0.013 0.0055 0.1275 -0.013 0.0055 0.134 -0.012 0.006 0.1275 -0.012 0.006 0.134 -0.0115 0.0065 0.1275 -0.0115 0.0065 0.134 -0.011 0.0075 0.1275 -0.011 0.0075 0.134 -0.0115 0.0085 0.1275 -0.0115 0.0085 0.134 -0.012 0.0095 0.1275 -0.012 0.0095 0.134 -0.013 0.0095 0.1275 -0.013 0.0095 0.134 -0.014 0.0095 0.1275 -0.014 0.0095 0.134 -0.015 0.0085 0.1275 -0.015 0.0085 0.134 -0.0155 0.0075 0.1275 -0.0155 0.0075 0.134 -0.014 -0.0095 0.1275 -0.015 -0.0085 0.134 -0.014 -0.0095 0.134 -0.013 -0.0095 0.1275 -0.013 -0.0095 0.134 -0.012 -0.0095 0.1275 -0.012 -0.0095 0.134 -0.0115 -0.0085 0.1275 -0.0115 -0.0085 0.134 -0.011 -0.0075 0.1275 -0.011 -0.0075 0.134 -0.0115 -0.0065 0.1275 -0.0115 -0.0065 0.134 -0.012 -0.006 0.1275 -0.012 -0.006 0.134 -0.013 -0.0055 0.1275 -0.013 -0.0055 0.134 -0.014 -0.006 0.1275 -0.014 -0.006 0.134 -0.015 -0.0065 0.1275 -0.015 -0.0065 0.134 -0.0155 -0.0075 0.1275 -0.0155 -0.0075 0.134 -0.015 -0.0085 0.1275 0.013 -0.0055 0.134 0.012 -0.006 0.1275 0.013 -0.0055 0.1275 0.012 -0.006 0.134 0.0115 -0.0065 0.1275 0.0115 -0.0065 0.134 0.011 -0.0075 0.1275 0.011 -0.0075 0.134 0.0115 -0.0085 0.1275 0.0115 -0.0085 0.134 0.014 -0.006 0.134 0.014 -0.006 0.1275 0.015 -0.0065 0.134 0.015 -0.0065 0.1275 0.0155 -0.0075 0.134 0.0155 -0.0075 0.1275 0.015 -0.0085 0.134 0.014 -0.0095 0.1275 0.013 -0.0095 0.134 0.014 -0.0095 0.134 0.013 -0.0095 0.1275 0.012 -0.0095 0.134 0.012 -0.0095 0.1275 0.015 -0.0085 0.1275 -0.0055 -0.0035 0.1345 -0.003 -0.0055 0.1335 -0.0055 -0.0035 0.1335 -0.003 -0.0055 0.1345 0 -0.0065 0.1335 0 -0.0065 0.1345 0.0035 -0.0055 0.1335 0.0035 -0.0055 0.1345 0.0055 -0.003 0.1335 0.0055 -0.003 0.1345 0.0065 0 0.1335 0.0065 0 0.1345 0.0055 0.0035 0.1335 0.0055 0.0035 0.1345 0.003 0.0055 0.1335 0.003 0.0055 0.1345 0 0.0065 0.1335 0 0.0065 0.1345 -0.0035 0.0055 0.1335 -0.0035 0.0055 0.1345 -0.0055 0.003 0.1335 -0.0055 0.003 0.1345 -0.0065 0 0.1335 -0.0065 0 0.1345 -0.0055 -0.0035 0.1335 -0.0075 0 0.1335 -0.0065 0 0.1335 -0.0055 0.003 0.1335 -0.0035 0.0055 0.1335 -0.0065 0.0035 0.1335 -0.0035 0.0065 0.1335 0 0.0065 0.1335 0 0.0075 0.1335 0.003 0.0055 0.1335 0.0035 0.0065 0.1335 0.0055 0.0035 0.1335 0.0075 0 0.1335 0.0065 0 0.1335 0.0055 -0.003 0.1335 0.0065 -0.0035 0.1335 0.0065 0.0035 0.1335 0.0035 -0.0055 0.1335 0.0035 -0.0065 0.1335 0 -0.0065 0.1335 0 -0.0075 0.1335 -0.0035 -0.0065 0.1335 -0.003 -0.0055 0.1335 -0.0065 -0.0035 0.1335 -0.0035 0.0065 0.128 0 0.0075 0.1335 -0.0035 0.0065 0.1335 -0.0065 -0.0035 0.1335 -0.0035 -0.0065 0.128 -0.0065 -0.0035 0.128 -0.0035 -0.0065 0.1335 0 -0.0075 0.128 0 -0.0075 0.1335 0.0035 -0.0065 0.128 0.0035 -0.0065 0.1335 0.0065 -0.0035 0.128 0.0065 -0.0035 0.1335 0.0075 0 0.128 0.0075 0 0.1335 0.0065 0.0035 0.128 0.0065 0.0035 0.1335 0.0035 0.0065 0.128 0.0035 0.0065 0.1335 0 0.0075 0.128 -0.0065 0.0035 0.128 -0.0065 0.0035 0.1335 -0.0075 0 0.128 -0.0075 0 0.1335 -0.012 0.0095 0.134 -0.011 0.009 0.1345 -0.012 0.0095 0.1345 -0.013 0.0095 0.134 -0.013 0.01 0.1345 -0.014 0.0095 0.134 -0.0145 0.0095 0.1345 -0.015 0.0085 0.134 -0.015 0.009 0.1345 -0.0155 0.0075 0.134 -0.0155 0.0075 0.1345 -0.015 0.0065 0.134 -0.015 0.0065 0.1345 -0.014 0.006 0.134 -0.0145 0.0055 0.1345 -0.013 0.0055 0.134 -0.013 0.0055 0.1345 -0.0115 0.0085 0.134 -0.012 0.006 0.134 -0.012 0.0055 0.1345 -0.0115 0.0065 0.134 -0.011 0.0065 0.1345 -0.011 0.0075 0.134 -0.011 0.0075 0.1345 0.012 -0.0095 0.134 0.011 -0.009 0.1345 0.012 -0.0095 0.1345 0.0115 -0.0085 0.134 0.011 -0.0075 0.1345 0.011 -0.0075 0.134 0.011 -0.0065 0.1345 0.0115 -0.0065 0.134 0.012 -0.0055 0.1345 0.0145 -0.0055 0.1345 0.013 -0.0055 0.134 0.014 -0.006 0.134 0.012 -0.006 0.134 0.013 -0.0055 0.1345 0.015 -0.0065 0.1345 0.013 -0.0095 0.134 0.013 -0.01 0.1345 0.014 -0.0095 0.134 0.0145 -0.0095 0.1345 0.015 -0.0085 0.134 0.015 -0.009 0.1345 0.0155 -0.0075 0.134 0.0155 -0.0075 0.1345 0.015 -0.0065 0.134 -0.014 -0.006 0.134 -0.013 -0.0055 0.1345 -0.0145 -0.0055 0.1345 -0.015 -0.0065 0.134 -0.015 -0.0065 0.1345 -0.0155 -0.0075 0.134 -0.0155 -0.0075 0.1345 -0.015 -0.0085 0.134 -0.015 -0.009 0.1345 -0.014 -0.0095 0.134 -0.0145 -0.0095 0.1345 -0.013 -0.0095 0.134 -0.013 -0.01 0.1345 -0.012 -0.0095 0.134 -0.012 -0.0095 0.1345 -0.0115 -0.0085 0.134 -0.011 -0.009 0.1345 -0.011 -0.0075 0.134 -0.011 -0.0075 0.1345 -0.0115 -0.0065 0.134 -0.011 -0.0065 0.1345 -0.013 -0.0055 0.134 -0.012 -0.0055 0.1345 -0.012 -0.006 0.134 0.011 -0.0075 0.1275 0.011 -0.009 0.1275 0.0115 -0.0065 0.1275 0.011 -0.0065 0.1275 0.012 -0.006 0.1275 0.012 -0.0055 0.1275 0.013 -0.0055 0.1275 0.014 -0.006 0.1275 0.0145 -0.0055 0.1275 0.015 -0.0065 0.1275 0.0155 -0.0075 0.1275 0.015 -0.0085 0.1275 0.015 -0.009 0.1275 0.014 -0.0095 0.1275 0.0145 -0.0095 0.1275 0.013 -0.0095 0.1275 0.013 -0.01 0.1275 0.012 -0.0095 0.1275 0.0115 -0.0085 0.1275 0 0.0175 0.134 0.001 0.017 0.1345 0 0.0175 0.1345 -0.001 0.017 0.134 -0.001 0.017 0.1345 -0.002 0.0165 0.134 -0.002 0.0165 0.1345 -0.002 0.0155 0.134 -0.0025 0.015 0.1345 -0.002 0.014 0.134 -0.002 0.014 0.1345 -0.001 0.0135 0.134 -0.001 0.0135 0.1345 0 0.013 0.134 0 0.013 0.1345 0.001 0.0135 0.134 0.001 0.0135 0.1345 0.002 0.014 0.134 0.002 0.014 0.1345 0.002 0.0165 0.134 0.0025 0.015 0.1345 0.002 0.0165 0.1345 0.002 0.015 0.134 0.001 0.017 0.134 -0.0155 -0.0075 0.1275 -0.015 -0.009 0.1275 -0.015 -0.0065 0.1275 -0.014 -0.006 0.1275 -0.0145 -0.0055 0.1275 -0.013 -0.0055 0.1275 -0.012 -0.006 0.1275 -0.012 -0.0055 0.1275 -0.0115 -0.0065 0.1275 -0.011 -0.0065 0.1275 -0.011 -0.0075 0.1275 -0.0115 -0.0085 0.1275 -0.011 -0.009 0.1275 -0.012 -0.0095 0.1275 -0.013 -0.0095 0.1275 -0.013 -0.01 0.1275 -0.014 -0.0095 0.1275 -0.0145 -0.0095 0.1275 -0.015 -0.0085 0.1275 -0.015 0.0085 0.1275 -0.0155 0.0075 0.1275 -0.015 0.009 0.1275 -0.014 0.0095 0.1275 -0.0145 0.0095 0.1275 -0.013 0.0095 0.1275 -0.013 0.01 0.1275 -0.012 0.0095 0.1275 -0.0115 0.0085 0.1275 -0.011 0.009 0.1275 -0.011 0.0075 0.1275 -0.0115 0.0065 0.1275 -0.011 0.0065 0.1275 -0.012 0.006 0.1275 -0.012 0.0055 0.1275 -0.013 0.0055 0.1275 -0.014 0.006 0.1275 -0.0145 0.0055 0.1275 -0.015 0.0065 0.1275 -0.0025 0.015 0.1275 -0.002 0.0165 0.1275 -0.002 0.0155 0.1275 0.002 0.0165 0.1275 0.002 0.015 0.1275 0.0025 0.015 0.1275 0.002 0.014 0.1275 -0.002 0.014 0.1275 0.007 -0.004 0.1275 0.0035 -0.0065 0.128 0.0065 -0.0035 0.128 0.008 0 0.1275 0.0075 0 0.128 0.007 0.004 0.1275 0.0065 0.0035 0.128 0.004 0.007 0.1275 0.0035 0.0065 0.128 0 0.008 0.1275 0 0.0075 0.128 -0.004 0.007 0.1275 -0.0035 0.0065 0.128 -0.007 0.004 0.1275 -0.0065 0.0035 0.128 -0.008 0 0.1275 -0.0075 0 0.128 -0.007 -0.004 0.1275 0 -0.0075 0.128 0.004 -0.007 0.1275 0 -0.008 0.1275 -0.0035 -0.0065 0.128 -0.004 -0.007 0.1275 -0.0065 -0.0035 0.128 -0.004 -0.0195 0.134 0.0015 -0.0195 0.1345 -0.002 -0.0195 0.1345 0.004 -0.0195 0.134 0.002 -0.0195 0.1345 0.004 -0.019 0.1345 0.012 -0.016 0.134 0.0115 -0.016 0.1345 0.016 -0.0115 0.1345 0.0175 -0.01 0.134 0.017 -0.01 0.1345 0.02 -0.002 0.134 0.0195 -0.002 0.1345 0.019 0.006 0.134 0.0195 0.001 0.1345 0.0185 0.0055 0.1345 0.0185 0.006 0.1345 0.015 0.0135 0.134 0.017 0.01 0.1345 0.0175 0.01 0.134 0.0145 0.013 0.1345 0.008 0.0185 0.134 0.0145 0.0135 0.1345 -0.0175 -0.01 0.134 -0.0195 -0.002 0.1345 -0.02 -0.002 0.134 -0.0185 0.006 0.1345 -0.019 0.006 0.134 -0.015 0.0135 0.134 -0.016 0.011 0.1345 -0.0145 0.013 0.1345 -0.008 0.018 0.1345 -0.008 0.0185 0.134 0 0.0195 0.1345 0 0.02 0.134 0.0025 0.0195 0.1345 0.008 0.018 0.1345 -0.004 -0.019 0.1345 -0.0115 -0.016 0.1345 -0.012 -0.016 0.134 -0.017 -0.01 0.1345 0.0145 0.013 0.1275 0.0175 0.01 0.128 0.017 0.01 0.1275 0.01 0.017 0.1275 0.015 0.0135 0.128 0.0135 0.014 0.1275 0.008 0.0185 0.128 0 0.0195 0.1275 0.008 0.018 0.1275 -0.008 0.018 0.1275 0 0.02 0.128 -0.0145 0.013 0.1275 -0.008 0.0185 0.128 -0.0185 0.006 0.1275 -0.015 0.0135 0.128 -0.0195 -0.002 0.1275 -0.019 0.006 0.128 -0.017 -0.01 0.1275 -0.02 -0.002 0.128 -0.0115 -0.016 0.1275 -0.0175 -0.01 0.128 -0.004 -0.019 0.1275 -0.012 -0.016 0.128 0.002 -0.0195 0.1275 0.004 -0.0195 0.128 0.0005 -0.0195 0.1275 -0.004 -0.0195 0.128 -0.002 -0.0195 0.1275 0.0115 -0.016 0.1275 0.004 -0.019 0.1275 0.017 -0.01 0.1275 0.012 -0.016 0.128 0.018 -0.008 0.1275 0.02 -0.002 0.128 0.0175 -0.01 0.128 0.019 0.005 0.1275 0.0195 -0.002 0.1275 0.019 0.006 0.128 0.0185 0.006 0.1275 0.0005 0.0055 0.142 0.0035 0.004 0.149 0.0035 0.004 0.142 -0.0045 -0.005 0.149 -0.0015 -0.0065 0.142 -0.0015 -0.0065 0.149 0.0015 -0.006 0.142 0.0015 -0.006 0.149 0.0045 -0.0045 0.142 0.0045 -0.0045 0.149 0.0055 -0.0015 0.149 0.0045 -0.004 0.142 0.0055 -0.0015 0.142 0.0055 0.0015 0.142 0.0055 0.0015 0.149 0.0005 0.0055 0.149 -0.0025 0.005 0.142 -0.0025 0.005 0.149 -0.005 0.0035 0.149 -0.0045 0.004 0.142 -0.005 0.0035 0.142 -0.0065 0.0005 0.142 -0.0065 0.0005 0.149 -0.006 -0.0025 0.142 -0.006 -0.0025 0.149 -0.0045 -0.005 0.142 0.0015 -0.006 0.142 -0.0005 -0.0055 0.142 0.0025 -0.005 0.142 -0.0055 -0.0015 0.142 -0.0065 0.0005 0.142 -0.0055 0.0015 0.142 -0.005 0.0035 0.142 -0.0015 -0.0065 0.142 -0.0035 -0.004 0.142 -0.0045 -0.005 0.142 -0.006 -0.0025 0.142 -0.0045 0.004 0.142 0.0045 -0.0045 0.142 0.0045 -0.004 0.142 -0.0015 -0.0065 0.149 -0.003 -0.004 0.149 -0.0045 -0.005 0.149 0.0035 0.004 0.149 0.001 0.005 0.149 0.003 0.004 0.149 -0.001 -0.005 0.149 0.0015 -0.006 0.149 0.002 -0.0045 0.149 0.0045 -0.0045 0.149 0.004 -0.003 0.149 0.0055 -0.0015 0.149 0.005 -0.001 0.149 0.0055 0.0015 0.149 0.0045 0.002 0.149 -0.002 0.0045 0.149 0.0005 0.0055 0.149 -0.0025 0.005 0.149 -0.004 0.003 0.149 -0.005 0.0035 0.149 -0.005 0.001 0.149 -0.0065 0.0005 0.149 -0.0045 -0.002 0.149 -0.006 -0.0025 0.149 -0.0005 -0.0055 0.1345 -0.0035 -0.004 0.142 -0.0035 -0.004 0.1345 -0.0005 -0.0055 0.142 0.0025 -0.005 0.1345 0.0045 -0.004 0.142 0.0025 -0.005 0.142 0.005 -0.0035 0.142 0.0065 -0.0005 0.1345 0.0065 -0.0005 0.142 0.006 0.0025 0.1345 0.006 0.0025 0.142 0.0045 0.005 0.1345 0.0045 0.005 0.142 0.0015 0.0065 0.1345 0.0015 0.0065 0.142 -0.0015 0.006 0.1345 -0.0015 0.006 0.142 -0.0045 0.0045 0.1345 -0.0045 0.0045 0.142 -0.0045 0.004 0.142 -0.0055 0.0015 0.142 -0.0055 -0.0015 0.1345 -0.0055 -0.0015 0.142 -0.0055 0.0015 0.1345 0.005 -0.0035 0.1345 0.003 0.004 0.1345 0.006 0.0025 0.1345 0.0045 0.002 0.1345 0.0015 0.0065 0.1345 0.0045 0.005 0.1345 0.001 0.005 0.1345 -0.0015 0.006 0.1345 -0.004 0.003 0.1345 -0.0055 0.0015 0.1345 -0.0045 0.0045 0.1345 -0.005 0.001 0.1345 -0.0055 -0.0015 0.1345 -0.001 -0.005 0.1345 -0.0035 -0.004 0.1345 -0.003 -0.004 0.1345 0.002 -0.0045 0.1345 -0.0005 -0.0055 0.1345 0.005 -0.001 0.1345 0.005 -0.0035 0.1345 0.004 -0.003 0.1345 0.0065 -0.0005 0.1345 -0.0045 -0.002 0.1345 0.0025 -0.005 0.1345 -0.002 0.0045 0.1345 0.006 0.0025 0.142 0.0035 0.004 0.142 0.0055 0.0015 0.142 0.0015 0.0065 0.142 0.0005 0.0055 0.142 -0.0015 0.006 0.142 -0.0025 0.005 0.142 -0.0045 0.0045 0.142 0.0055 -0.0015 0.142 0.005 -0.0035 0.142 0.0065 -0.0005 0.142 0.0045 0.005 0.142 -0.0045 0.004 0.142 0.0045 -0.004 0.142 0.002 -0.0045 0.153 0.004 -0.003 0.149 0.004 -0.003 0.153 -0.001 -0.005 0.153 0.002 -0.0045 0.149 -0.003 -0.004 0.153 -0.001 -0.005 0.149 -0.0045 -0.002 0.153 -0.003 -0.004 0.149 -0.005 0.001 0.153 -0.0045 -0.002 0.149 -0.004 0.003 0.153 -0.005 0.001 0.149 0.0045 0.002 0.153 0.003 0.004 0.149 0.003 0.004 0.153 -0.002 0.0045 0.153 -0.004 0.003 0.149 0.005 -0.001 0.153 0.0045 0.002 0.149 0.001 0.005 0.153 -0.002 0.0045 0.149 0.001 0.005 0.149 0.005 -0.001 0.149 -0.001 -0.0045 0.1535 -0.001 -0.001 0.1535 -0.003 -0.0035 0.1535 -0.0045 -0.0015 0.1535 -0.001 0 0.1535 -0.0045 0.001 0.1535 -0.001 -0.0005 0.1535 -0.0035 0.003 0.1535 -0.001 0.001 0.1535 -0.0015 0.0045 0.1535 -0.0005 0.001 0.1535 0.001 0.0045 0.1535 0 0.001 0.1535 0.0015 -0.0045 0.1535 0 -0.001 0.1535 0.0045 0.0015 0.1535 0.001 0.001 0.1535 0.001 0.0005 0.1535 0.003 0.0035 0.1535 0.0045 -0.001 0.1535 0.001 -0.001 0.1535 0.0035 -0.003 0.1535 0.001 0 0.1535 0.0005 -0.001 0.1535 -0.003 -0.004 0.1345 -0.001 -0.005 0.1305 -0.001 -0.005 0.1345 0.002 -0.0045 0.1305 0.002 -0.0045 0.1345 0.004 -0.003 0.1345 0.005 -0.001 0.1305 0.005 -0.001 0.1345 0.0045 0.002 0.1305 0.0045 0.002 0.1345 0.003 0.004 0.1305 0.003 0.004 0.1345 0.001 0.005 0.1305 0.001 0.005 0.1345 -0.002 0.0045 0.1305 -0.002 0.0045 0.1345 -0.004 0.003 0.1305 -0.004 0.003 0.1345 -0.005 0.001 0.1305 -0.005 0.001 0.1345 -0.0045 -0.002 0.1305 -0.0045 -0.002 0.1345 -0.003 -0.004 0.1305 0.004 -0.003 0.1305 -0.0045 0.001 0.1305 -0.003 -0.0005 0.1305 -0.0045 -0.0015 0.1305 -0.003 0.001 0.1305 -0.0035 0.003 0.1305 -0.002 0.0025 0.1305 0.003 0.001 0.1305 0.003 0.0035 0.1305 0.0045 0.0015 0.1305 0.003 -0.0005 0.1305 0.0045 -0.001 0.1305 0.0035 -0.003 0.1305 0.0015 -0.0025 0.1305 0.0025 -0.0015 0.1305 0 -0.003 0.1305 -0.001 -0.0045 0.1305 -0.0015 0.0045 0.1305 -0.001 0.003 0.1305 0.0015 -0.0045 0.1305 -0.003 -0.0035 0.1305 0.001 0.0045 0.1305 0.0005 0.003 0.1305 0.002 0.0025 0.1305 0.0015 -0.0025 0.1485 0.002 -0.0015 0.131 0.0015 -0.0025 0.131 0.002 -0.0015 0.1485 0.0025 0 0.131 0.0025 0 0.1485 0.0025 0.001 0.131 0.0025 0.001 0.1485 0.0015 0.002 0.131 0 -0.0025 0.1485 0.0015 0.002 0.1485 0.0005 0.0025 0.131 0.0005 0.0025 0.1485 -0.0005 0.0025 0.131 -0.0005 0.0025 0.1485 -0.002 0.002 0.131 -0.002 0.002 0.1485 -0.0025 0.001 0.131 -0.0025 0.001 0.1485 -0.0025 -0.0005 0.131 -0.0025 -0.0005 0.1485 0 -0.0025 0.131 -0.0025 -0.0005 0.1485 0 -0.0025 0.131 -0.0025 -0.0005 0.131 0 -0.0025 0.1485 0.001 0.001 0.1485 0.0025 0.001 0.1485 0.001 0.0005 0.1485 0.0015 0.002 0.1485 -0.0005 0.0025 0.1485 0 0.001 0.1485 -0.0005 0.001 0.1485 0.0005 0.0025 0.1485 -0.0025 0.001 0.1485 -0.001 0.001 0.1485 -0.001 0 0.1485 -0.002 0.002 0.1485 0 -0.0025 0.1485 -0.001 -0.001 0.1485 0 -0.001 0.1485 -0.0025 -0.0005 0.1485 -0.001 -0.0005 0.1485 0.0015 -0.0025 0.1485 0.001 -0.001 0.1485 0.002 -0.0015 0.1485 0.0005 -0.001 0.1485 0.001 0 0.1485 0.0025 0 0.1485 -0.0005 -0.001 0.1485 -0.001 -0.0005 0.153 -0.0005 -0.001 0.153 -0.0005 0.001 0.1485 0 0.001 0.153 -0.0005 0.001 0.153 0 0.001 0.1485 0.0005 0.001 0.153 0.0005 0.001 0.1485 0.001 0.0005 0.153 0.001 0.0005 0.1485 0.001 0 0.153 0.001 0 0.1485 0.001 -0.0005 0.153 0.001 -0.0005 0.1485 0.0005 -0.001 0.153 0.0005 -0.001 0.1485 0 -0.001 0.153 0 -0.001 0.1485 -0.001 0.0005 0.1485 -0.001 0.0005 0.153 -0.001 0 0.1485 -0.001 0 0.153 -0.001 -0.0005 0.1485 0.001 0.0005 0.1485 0.001 0.001 0.1485 0.001 -0.0005 0.1485 0.001 -0.001 0.1485 0.0005 -0.001 0.1485 -0.0005 -0.001 0.1485 -0.001 -0.001 0.1485 -0.001 -0.0005 0.1485 -0.001 0.0005 0.1485 -0.001 0.001 0.1485 -0.0005 0.001 0.1485 0.0005 0.001 0.1485 -0.005 0.001 0.1305 -0.0045 -0.0015 0.1305 -0.0045 -0.002 0.1305 -0.003 -0.0035 0.1305 -0.003 -0.004 0.1305 -0.0045 0.001 0.1305 -0.004 0.003 0.1305 -0.0035 0.003 0.1305 -0.002 0.0045 0.1305 -0.0015 0.0045 0.1305 0.001 0.005 0.1305 0.001 0.0045 0.1305 0.003 0.004 0.1305 0.003 0.0035 0.1305 0.0045 0.002 0.1305 0.0045 0.0015 0.1305 0.005 -0.001 0.1305 0.0045 -0.001 0.1305 0.004 -0.003 0.1305 0.0035 -0.003 0.1305 0.002 -0.0045 0.1305 0.0015 -0.0045 0.1305 -0.001 -0.005 0.1305 -0.001 -0.0045 0.1305 0.003 0.004 0.153 0.0045 0.0015 0.1535 0.0045 0.002 0.153 0.0045 -0.001 0.1535 0.005 -0.001 0.153 0.0035 -0.003 0.1535 0.004 -0.003 0.153 0.0015 -0.0045 0.1535 0.002 -0.0045 0.153 -0.001 -0.0045 0.1535 -0.001 -0.005 0.153 -0.003 -0.0035 0.1535 -0.003 -0.004 0.153 -0.0045 -0.0015 0.1535 -0.0045 -0.002 0.153 -0.0045 0.001 0.1535 -0.005 0.001 0.153 -0.0035 0.003 0.1535 -0.004 0.003 0.153 -0.0015 0.0045 0.1535 -0.002 0.0045 0.153 0.001 0.0045 0.1535 0.001 0.005 0.153 0.003 0.0035 0.1535 -0.001 -0.001 0.1535 0 -0.001 0.153 -0.0005 -0.001 0.153 0 -0.001 0.1535 0.0005 -0.001 0.153 0.0005 -0.001 0.1535 0.001 -0.0005 0.153 0.001 -0.001 0.1535 0.001 0 0.153 0.001 0 0.1535 0.001 0.0005 0.153 0.001 0.0005 0.1535 0.0005 0.001 0.153 0.001 0.001 0.1535 0 0.001 0.153 0 0.001 0.1535 -0.0005 0.001 0.153 -0.0005 0.001 0.1535 -0.001 0.0005 0.153 -0.001 0.001 0.1535 -0.001 0 0.153 -0.001 0 0.1535 -0.001 -0.0005 0.153 -0.001 -0.0005 0.1535 -0.003 0.001 0.1305 -0.002 0.002 0.131 -0.0025 0.001 0.131 -0.002 0.0025 0.1305 -0.0005 0.0025 0.131 -0.001 0.003 0.1305 0.0005 0.0025 0.131 0.0005 0.003 0.1305 0.0015 0.002 0.131 0.002 0.0025 0.1305 0.0025 0.001 0.131 0.003 0.001 0.1305 0.0025 0 0.131 0.003 -0.0005 0.1305 0.002 -0.0015 0.131 0.0025 -0.0015 0.1305 0.0015 -0.0025 0.131 0.0015 -0.0025 0.1305 0 -0.0025 0.131 -0.0025 -0.0005 0.131 -0.003 -0.0005 0.1305 0 -0.003 0.1305 0 -0.0025 0.131 -0.003 -0.0005 0.1305 -0.0025 -0.0005 0.131 0 -0.003 0.1305 0.015 -0.009 0.1575 0.027 -0.0095 0.1575 0.017 -0.008 0.1575 0.018 -0.0065 0.1575 0.028 -0.005 0.1575 0.013 -0.009 0.1575 0.011 -0.0135 0.1575 0.0115 -0.0075 0.1575 0.002 -0.011 0.1575 -0.004 -0.01 0.1575 0 -0.012 0.1575 0.007 -0.008 0.1575 0.006 -0.0125 0.1575 0.008 -0.014 0.1575 -0.001 -0.0135 0.1575 -0.0025 -0.016 0.1575 -0.001 -0.0155 0.1575 0.004 -0.011 0.1575 -0.0005 -0.0175 0.1575 0 -0.0285 0.1575 0.0035 -0.019 0.1575 0.005 -0.028 0.1575 0.01 -0.0265 0.1575 0.0055 -0.018 0.1575 0.0015 -0.019 0.1575 0.008 0.0015 0.1575 0.0105 -0.006 0.1575 0.0105 -0.004 0.1575 0.0095 -0.0075 0.1575 0.028 0.005 0.1575 0.0135 -0.001 0.1575 0.0155 -0.0015 0.1575 0.012 -0.002 0.1575 0.0175 -0.0025 0.1575 0.0285 0 0.1575 0.0185 -0.0045 0.1575 0.0265 0.01 0.1575 0.0155 0.0105 0.1575 0.0155 0.0085 0.1575 0.0245 0.0145 0.1575 0.0145 0.0125 0.1575 0.0105 0.006 0.1575 0.0085 0.0075 0.1575 0.0125 0.006 0.1575 0.0075 0.009 0.1575 0.0065 0.0105 0.1575 0.014 0.007 0.1575 0.0215 0.0185 0.1575 0.011 0.014 0.1575 0.013 0.0135 0.1575 0.005 0.0165 0.1575 0.009 0.013 0.1575 0.008 0.011 0.1575 -0.005 -0.0165 0.1575 -0.018 -0.022 0.1575 -0.014 -0.025 0.1575 -0.0195 -0.0195 0.1575 -0.0095 -0.027 0.1575 -0.0215 -0.0185 0.1575 -0.021 -0.013 0.1575 -0.0245 -0.0145 0.1575 -0.0265 -0.01 0.1575 -0.0225 -0.004 0.1575 -0.028 -0.005 0.1575 0.0065 -0.0165 0.1575 0.0065 -0.0145 0.1575 -0.0075 -0.009 0.1575 -0.008 -0.0015 0.1575 -0.0085 -0.0075 0.1575 -0.0125 -0.006 0.1575 -0.014 -0.007 0.1575 -0.0105 -0.006 0.1575 -0.0065 -0.0105 0.1575 -0.0155 -0.0105 0.1575 -0.01 0.0265 0.1575 -0.0035 0.019 0.1575 -0.005 0.028 0.1575 0 0.0285 0.1575 -0.0015 0.019 0.1575 -0.0055 0.018 0.1575 -0.0065 0.0165 0.1575 -0.008 0.014 0.1575 -0.0065 0.0145 0.1575 -0.002 0.011 0.1575 -0.007 0.008 0.1575 0.004 0.01 0.1575 -0.006 0.0125 0.1575 -0.004 0.011 0.1575 0 0.012 0.1575 0.001 0.0135 0.1575 0.0025 0.016 0.1575 0.001 0.0155 0.1575 -0.0055 -0.0045 0.1575 -0.0065 0.0025 0.1575 -0.007 -0.0015 0.1575 -0.0095 0.0075 0.1575 0.0025 0.0065 0.1575 -0.0015 0.007 0.1575 -0.0045 0.0055 0.1575 0.0055 0.0045 0.1575 0.0065 -0.0025 0.1575 0.007 0.0015 0.1575 0.0015 -0.007 0.1575 -0.0025 -0.0065 0.1575 0.0045 -0.0055 0.1575 0.0005 0.0175 0.1575 -0.024 0.005 0.1575 -0.0185 0.0045 0.1575 -0.018 0.0065 0.1575 -0.011 0.0135 0.1575 -0.0115 0.0075 0.1575 -0.0145 -0.0125 0.1575 -0.008 -0.011 0.1575 -0.005 -0.028 0.1575 -0.0285 0 0.1575 -0.027 0.0095 0.1575 -0.028 0.005 0.1575 -0.025 0.014 0.1575 -0.0255 0.011 0.1575 0.005 0.028 0.1575 0.0095 0.027 0.1575 0.025 -0.014 0.1575 -0.0105 0.006 0.1575 -0.0105 0.004 0.1575 0.0145 -0.0245 0.1575 0.022 -0.018 0.1575 0.0185 -0.0215 0.1575 0.014 0.025 0.1575 0.018 0.022 0.1575 -0.0145 0.0245 0.1575 -0.022 0.018 0.1575 -0.0185 0.0215 0.1575 -0.0155 -0.0085 0.1575 -0.013 -0.0135 0.1575 -0.011 -0.014 0.1575 -0.009 -0.013 0.1575 -0.015 0.009 0.1575 -0.017 0.008 0.1575 -0.013 0.009 0.1575 -0.0135 0.001 0.1575 -0.0175 0.0025 0.1575 -0.0155 0.0015 0.1575 -0.012 0.002 0.1575 -0.0015 0.013 0.1455 0.003 0.012 0.1455 -0.0025 0.0125 0.1455 -0.0005 0.0155 0.1455 -0.0005 0.014 0.1455 -0.0155 0.012 0.1455 -0.0115 0.0095 0.1455 -0.0175 0.0085 0.1455 -0.019 0.0045 0.1455 -0.017 -0.003 0.1455 -0.019 -0.0035 0.1455 -0.016 -0.011 0.1455 -0.016 -0.0115 0.1455 -0.01 -0.0165 0.1455 -0.007 -0.013 0.1455 -0.0025 -0.0195 0.1455 0.0055 -0.019 0.1455 0.003 -0.0175 0.1455 0.004 -0.017 0.1455 0.007 -0.0105 0.1455 0.0045 -0.0135 0.1455 0.0035 -0.013 0.1455 0.0085 -0.0175 0.1455 0.005 -0.016 0.1455 0.005 -0.0145 0.1455 0.0005 -0.0155 0.1455 0.001 -0.0165 0.1455 -0.003 -0.012 0.1455 0.0025 -0.0125 0.1455 0.0015 -0.013 0.1455 0.002 -0.017 0.1455 0.0005 -0.014 0.1455 0.0125 -0.015 0.1455 0.0115 -0.0095 0.1455 0.0075 -0.0025 0.1455 0.0065 -0.008 0.1455 0.005 -0.006 0.1455 0.011 -0.007 0.1455 0.0095 0.0015 0.1455 -0.0035 -0.0095 0.1455 0.0015 -0.008 0.1455 -0.0025 -0.0075 0.1455 -0.0095 -0.0015 0.1455 -0.006 -0.005 0.1455 -0.0075 -0.0105 0.1455 -0.008 -0.0015 0.1455 -0.0075 0.0025 0.1455 -0.0065 0.008 0.1455 -0.005 0.006 0.1455 -0.011 0.007 0.1455 0.0035 0.0095 0.1455 -0.0015 0.008 0.1455 0.0025 0.0075 0.1455 0.006 0.005 0.1455 0.0075 0.0105 0.1455 0.008 0.0015 0.1455 0.007 0.013 0.1455 -0.007 0.0105 0.1455 -0.0035 0.013 0.1455 -0.0045 0.0135 0.1455 -0.005 0.0145 0.1455 -0.0095 0.017 0.1455 -0.005 0.016 0.1455 -0.003 0.0175 0.1455 -0.0015 0.0195 0.1455 -0.002 0.017 0.1455 0.002 0.0195 0.1455 -0.001 0.0165 0.1455 -0.004 0.017 0.1455 0.0065 0.0185 0.1455 -0.0095 -0.0105 0.1455 -0.01 -0.0115 0.1455 -0.011 -0.012 0.1455 -0.0135 -0.0145 0.1455 -0.0135 -0.0115 0.1455 -0.0155 -0.012 0.1455 -0.0125 -0.012 0.1455 -0.012 -0.0075 0.1455 -0.011 -0.0075 0.1455 -0.013 -0.008 0.1455 -0.01 -0.0085 0.1455 -0.0095 -0.0095 0.1455 -0.014 -0.0105 0.1455 -0.014 -0.009 0.1455 0.015 -0.0075 0.1455 0.0135 -0.0075 0.1455 0.0175 -0.0085 0.1455 0.0125 -0.0065 0.1455 0.0165 -0.006 0.1455 0.016 -0.007 0.1455 0.014 -0.003 0.1455 0.019 0.0035 0.1455 0.015 -0.003 0.1455 0.0195 -0.0005 0.1455 0.016 -0.0035 0.1455 0.0165 -0.0045 0.1455 0.0185 -0.006 0.1455 0.012 -0.0045 0.1455 0.013 -0.0035 0.1455 0.012 -0.0055 0.1455 -0.0165 0.006 0.1455 -0.016 0.007 0.1455 -0.015 0.0075 0.1455 -0.0135 0.0075 0.1455 -0.0125 0.0065 0.1455 -0.012 0.0045 0.1455 -0.014 0.003 0.1455 -0.015 0.003 0.1455 -0.013 0.0035 0.1455 -0.012 0.0055 0.1455 -0.016 0.0035 0.1455 -0.019 0.005 0.1455 -0.0165 0.0045 0.1455 -0.0185 0.006 0.1455 0.011 0.012 0.1455 0.0135 0.014 0.1455 0.0095 0.0105 0.1455 0.01 0.0115 0.1455 0.0125 0.012 0.1455 0.0135 0.0115 0.1455 0.018 0.0075 0.1455 0.013 0.008 0.1455 0.014 0.009 0.1455 0.012 0.0075 0.1455 0.014 0.0105 0.1455 0.011 0.0075 0.1455 0.01 0.0085 0.1455 0.0095 0.0095 0.1455 -0.027 0.0155 0.155 -0.024 0.02 0.153 -0.029 0.0105 0.153 -0.02 0.0235 0.155 -0.0155 0.0265 0.153 -0.024 0.02 0.155 -0.011 0.029 0.155 -0.0055 0.0305 0.153 -0.0155 0.0265 0.155 0 0.031 0.155 0.005 0.0305 0.153 -0.0055 0.0305 0.155 0.0105 0.029 0.155 0.0155 0.027 0.153 0.005 0.0305 0.155 0.02 0.024 0.155 0.0155 0.027 0.155 0.0235 0.02 0.153 0.0265 0.0155 0.155 0.0235 0.02 0.155 0.029 0.011 0.153 0.0305 0.0055 0.155 0.029 0.011 0.155 0.031 0 0.153 0.0305 -0.005 0.155 0.029 -0.0105 0.153 0.031 0 0.155 0.027 -0.0155 0.155 0.024 -0.02 0.153 0.029 -0.0105 0.155 0.02 -0.0235 0.155 0.0155 -0.0265 0.153 0.024 -0.02 0.155 0.011 -0.029 0.155 0.0155 -0.0265 0.155 0.0055 -0.0305 0.153 -0.029 0.0105 0.155 0.0055 -0.0305 0.155 -0.0305 0.005 0.155 -0.031 0 0.153 -0.0305 -0.0055 0.155 -0.031 0 0.155 -0.029 -0.011 0.153 -0.0265 -0.0155 0.155 -0.029 -0.011 0.155 -0.0235 -0.02 0.153 -0.02 -0.024 0.155 -0.0235 -0.02 0.155 -0.0155 -0.027 0.153 -0.0105 -0.029 0.155 -0.0155 -0.027 0.155 -0.005 -0.0305 0.153 0 -0.031 0.155 -0.005 -0.0305 0.155 0.0195 0.0035 0.1525 0.0305 0 0.1525 0.02 -0.0005 0.1525 0.0285 -0.01 0.1525 0.018 -0.0085 0.1525 -0.0025 -0.02 0.1525 -0.015 -0.0265 0.1525 -0.0105 -0.017 0.1525 -0.023 -0.02 0.1525 -0.0165 -0.0115 0.1525 0.014 0.0145 0.1525 0.015 0.0265 0.1525 0.023 0.02 0.1525 0.0185 0.0075 0.1525 0.0285 0.0105 0.1525 0.0235 -0.0195 0.1525 0.013 -0.0155 0.1525 -0.0285 -0.0105 0.1525 -0.0195 -0.0035 0.1525 -0.0195 0.0045 0.1525 -0.0305 0 0.1525 -0.0285 0.01 0.1525 -0.0015 0.02 0.1525 0.005 0.03 0.1525 0.0065 0.019 0.1525 0.0155 -0.0265 0.1525 0.0055 -0.019 0.1525 0.0055 -0.03 0.1525 -0.005 -0.03 0.1525 -0.016 0.012 0.1525 -0.0235 0.0195 0.1525 -0.0055 0.03 0.1525 -0.0095 0.0175 0.1525 -0.0155 0.0265 0.1525 -0.0165 -0.0115 0.1525 -0.0105 -0.017 0.146 -0.0105 -0.017 0.1525 0.014 0.0145 0.146 0.0185 0.0075 0.1525 0.0185 0.0075 0.146 0.02 -0.0005 0.1525 0.0195 0.0035 0.146 0.0195 0.0035 0.1525 0.02 -0.0005 0.146 -0.0015 0.02 0.146 0.0065 0.019 0.1525 0.0065 0.019 0.146 -0.0095 0.0175 0.146 -0.0015 0.02 0.1525 -0.016 0.012 0.146 -0.0095 0.0175 0.1525 -0.0195 0.0045 0.146 -0.016 0.012 0.1525 -0.0195 -0.0035 0.146 -0.0195 0.0045 0.1525 -0.0195 -0.0035 0.1525 0.014 0.0145 0.1525 0.018 -0.0085 0.1525 0.018 -0.0085 0.146 0.013 -0.0155 0.1525 0.013 -0.0155 0.146 0.0055 -0.019 0.1525 0.0055 -0.019 0.146 -0.0025 -0.02 0.1525 -0.0025 -0.02 0.146 -0.0165 -0.0115 0.146 0.0005 -0.0155 0.1455 0.001 -0.0145 0.1455 0.0005 -0.014 0.1455 0.0015 -0.0135 0.1455 0.0015 -0.013 0.1455 0.0025 -0.013 0.1455 0.0025 -0.0125 0.1455 0.002 -0.017 0.1455 0.003 -0.017 0.1455 0.004 -0.017 0.1455 0.003 -0.0175 0.1455 0.004 -0.0165 0.1455 0.005 -0.016 0.1455 0.0045 -0.0155 0.1455 0.005 -0.0145 0.1455 0.0035 -0.013 0.1455 0.003 -0.017 0.1455 0.002 -0.017 0.153 0.003 -0.017 0.153 0.002 -0.017 0.1455 0.001 -0.0165 0.153 0.001 -0.0165 0.1455 0.0005 -0.0155 0.153 0.0005 -0.0155 0.1455 0.001 -0.0145 0.153 0.001 -0.0145 0.1455 0.0015 -0.0135 0.153 0.0015 -0.0135 0.1455 0.0025 -0.013 0.153 0.0025 -0.013 0.1455 0.0035 -0.013 0.153 0.0035 -0.013 0.1455 0.0045 -0.0135 0.153 0.0045 -0.0135 0.1455 0.005 -0.0145 0.153 0.005 -0.0145 0.1455 0.0045 -0.0155 0.153 0.0045 -0.0155 0.1455 0.004 -0.0165 0.153 0.004 -0.0165 0.1455 0.005 -0.0145 0.1535 0.0055 -0.0125 0.1535 0.0045 -0.0135 0.1535 0.0035 -0.013 0.1535 0.004 -0.0115 0.1535 0.005 -0.016 0.1535 0.006 -0.0145 0.1535 0.002 -0.0115 0.1535 0.0025 -0.0125 0.1535 0.0005 -0.0125 0.1535 0.0015 -0.013 0.1535 -0.0005 -0.014 0.1535 0.0005 -0.014 0.1535 -0.0005 -0.0155 0.1535 0.0005 -0.0155 0.1535 0.003 -0.0175 0.1535 0.005 -0.0175 0.1535 0.004 -0.017 0.1535 0.006 -0.016 0.1535 0 -0.0175 0.1535 0.001 -0.0165 0.1535 0.0015 -0.0185 0.1535 0.002 -0.017 0.1535 0.0035 -0.0185 0.1535 0.0035 -0.0185 0.1535 0.0015 -0.0185 0.157 0.0035 -0.0185 0.157 0.0015 -0.0185 0.1535 0 -0.0175 0.157 0 -0.0175 0.1535 -0.0005 -0.0155 0.157 -0.0005 -0.0155 0.1535 -0.0005 -0.014 0.157 -0.0005 -0.014 0.1535 0.0005 -0.0125 0.157 0.0005 -0.0125 0.1535 0.002 -0.0115 0.157 0.002 -0.0115 0.1535 0.004 -0.0115 0.157 0.004 -0.0115 0.1535 0.0055 -0.0125 0.157 0.0055 -0.0125 0.1535 0.006 -0.0145 0.157 0.006 -0.0145 0.1535 0.006 -0.016 0.157 0.006 -0.016 0.1535 0.005 -0.0175 0.157 0.005 -0.0175 0.1535 0.013 0.011 0.1455 0.0125 0.012 0.1455 0.0135 0.0115 0.1455 0.0135 0.0105 0.1455 0.014 0.0105 0.1455 0.011 0.012 0.1455 0.0135 0.009 0.1455 0.014 0.009 0.1455 0.013 0.0085 0.1455 0.013 0.008 0.1455 0.012 0.008 0.1455 0.012 0.0075 0.1455 0.011 0.008 0.1455 0.011 0.0075 0.1455 0.01 0.0085 0.1455 0.0095 0.0105 0.1455 0.0105 0.0115 0.1455 0.01 0.0115 0.1455 0.012 0.008 0.1455 0.011 0.008 0.153 0.012 0.008 0.153 0.011 0.008 0.1455 0.01 0.0085 0.153 0.01 0.0085 0.1455 0.0095 0.0095 0.153 0.0095 0.0095 0.1455 0.0095 0.0105 0.153 0.0095 0.0105 0.1455 0.0105 0.0115 0.153 0.0105 0.0115 0.1455 0.011 0.012 0.153 0.011 0.012 0.1455 0.0125 0.012 0.153 0.0125 0.012 0.1455 0.013 0.011 0.153 0.013 0.011 0.1455 0.0135 0.0105 0.153 0.0135 0.0105 0.1455 0.0135 0.009 0.153 0.0135 0.009 0.1455 0.013 0.0085 0.153 0.013 0.0085 0.1455 0.014 0.007 0.1535 0.012 0.0075 0.1535 0.012 0.0065 0.1535 0.013 0.008 0.1535 0.015 0.0085 0.1535 0.014 0.009 0.1535 0.015 0.0105 0.1535 0.014 0.0105 0.1535 0.0145 0.012 0.1535 0.0135 0.0115 0.1535 0.013 0.013 0.1535 0.0125 0.012 0.1535 0.011 0.0135 0.1535 0.011 0.012 0.1535 0.0095 0.0125 0.1535 0.01 0.0115 0.1535 0.0085 0.011 0.1535 0.0095 0.0105 0.1535 0.008 0.0095 0.1535 0.0095 0.0095 0.1535 0.009 0.0075 0.1535 0.01 0.0085 0.1535 0.0105 0.0065 0.1535 0.011 0.0075 0.1535 0.013 0.013 0.1535 0.0145 0.012 0.157 0.013 0.013 0.157 0.0145 0.012 0.1535 0.015 0.0105 0.157 0.015 0.0105 0.1535 0.015 0.0085 0.157 0.015 0.0085 0.1535 0.014 0.007 0.157 0.014 0.007 0.1535 0.012 0.0065 0.157 0.012 0.0065 0.1535 0.011 0.0135 0.1535 0.0105 0.0065 0.1535 0.009 0.0075 0.157 0.0105 0.0065 0.157 0.011 0.0135 0.157 0.0095 0.0125 0.1535 0.0095 0.0125 0.157 0.0085 0.011 0.1535 0.0085 0.011 0.157 0.008 0.0095 0.1535 0.008 0.0095 0.157 0.009 0.0075 0.1535 -0.012 -0.008 0.1455 -0.011 -0.008 0.153 -0.012 -0.008 0.153 -0.0125 -0.012 0.1455 -0.013 -0.011 0.153 -0.0125 -0.012 0.153 -0.013 -0.011 0.1455 -0.0135 -0.0105 0.153 -0.0135 -0.0105 0.1455 -0.0135 -0.009 0.153 -0.0135 -0.009 0.1455 -0.013 -0.0085 0.153 -0.013 -0.0085 0.1455 -0.011 -0.008 0.1455 -0.01 -0.0085 0.153 -0.01 -0.0085 0.1455 -0.0095 -0.0095 0.153 -0.0095 -0.0095 0.1455 -0.0095 -0.0105 0.153 -0.0095 -0.0105 0.1455 -0.0105 -0.0115 0.153 -0.0105 -0.0115 0.1455 -0.011 -0.012 0.153 -0.011 -0.012 0.1455 -0.0095 -0.0125 0.1535 -0.011 -0.012 0.1535 -0.011 -0.0135 0.1535 -0.015 -0.0105 0.1535 -0.014 -0.009 0.1535 -0.015 -0.0085 0.1535 -0.013 -0.013 0.1535 -0.0135 -0.0115 0.1535 -0.0145 -0.012 0.1535 -0.009 -0.0075 0.1535 -0.0095 -0.0095 0.1535 -0.008 -0.0095 0.1535 -0.0125 -0.012 0.1535 -0.014 -0.0105 0.1535 -0.012 -0.0065 0.1535 -0.011 -0.0075 0.1535 -0.0105 -0.0065 0.1535 -0.0085 -0.011 0.1535 -0.0095 -0.0105 0.1535 -0.014 -0.007 0.1535 -0.012 -0.0075 0.1535 -0.01 -0.0085 0.1535 -0.01 -0.0115 0.1535 -0.013 -0.008 0.1535 -0.0085 -0.011 0.157 -0.008 -0.0095 0.1535 -0.0085 -0.011 0.1535 -0.009 -0.0075 0.157 -0.0105 -0.0065 0.1535 -0.009 -0.0075 0.1535 -0.0105 -0.0065 0.157 -0.012 -0.0065 0.1535 -0.012 -0.0065 0.157 -0.014 -0.007 0.1535 -0.014 -0.007 0.157 -0.015 -0.0085 0.1535 -0.015 -0.0085 0.157 -0.015 -0.0105 0.1535 -0.015 -0.0105 0.157 -0.0145 -0.012 0.1535 -0.0145 -0.012 0.157 -0.013 -0.013 0.1535 -0.013 -0.013 0.157 -0.011 -0.0135 0.1535 -0.0095 -0.0125 0.157 -0.0095 -0.0125 0.1535 -0.011 -0.0135 0.157 -0.008 -0.0095 0.157 0.016 -0.004 0.153 0.015 -0.003 0.1455 0.016 -0.004 0.1455 0.0165 -0.0045 0.153 0.0165 -0.0045 0.1455 0.0165 -0.006 0.153 0.0165 -0.006 0.1455 0.0155 -0.0065 0.153 0.0155 -0.0065 0.1455 0.015 -0.003 0.153 0.014 -0.003 0.1455 0.014 -0.003 0.153 0.013 -0.0035 0.1455 0.013 -0.0035 0.153 0.0125 -0.0045 0.1455 0.0125 -0.0045 0.153 0.0125 -0.0055 0.1455 0.0125 -0.0055 0.153 0.013 -0.0065 0.1455 0.013 -0.0065 0.153 0.0135 -0.007 0.1455 0.0135 -0.007 0.153 0.0145 -0.007 0.1455 0.0145 -0.007 0.153 0.011 -0.004 0.1535 0.013 -0.0035 0.1535 0.012 -0.0025 0.1535 0.015 -0.003 0.1535 0.017 -0.003 0.1535 0.0155 -0.002 0.1535 0.0135 -0.0015 0.1535 0.014 -0.003 0.1535 0.012 -0.0045 0.1535 0.011 -0.0055 0.1535 0.012 -0.0055 0.1535 0.0115 -0.0075 0.1535 0.0125 -0.0065 0.1535 0.0165 -0.006 0.1535 0.018 -0.0045 0.1535 0.0165 -0.0045 0.1535 0.016 -0.0035 0.1535 0.013 -0.0085 0.1535 0.0135 -0.0075 0.1535 0.015 -0.0085 0.1535 0.015 -0.0075 0.1535 0.0165 -0.008 0.1535 0.016 -0.007 0.1535 0.0175 -0.0065 0.1535 0.018 -0.0045 0.157 0.017 -0.003 0.1535 0.018 -0.0045 0.1535 0.0175 -0.0065 0.157 0.0175 -0.0065 0.1535 0.0155 -0.002 0.157 0.0135 -0.0015 0.1535 0.0155 -0.002 0.1535 0.0165 -0.008 0.157 0.0165 -0.008 0.1535 0.015 -0.0085 0.157 0.015 -0.0085 0.1535 0.017 -0.003 0.157 0.0135 -0.0015 0.157 0.012 -0.0025 0.1535 0.012 -0.0025 0.157 0.0115 -0.0075 0.157 0.013 -0.0085 0.1535 0.0115 -0.0075 0.1535 0.011 -0.004 0.1535 0.011 -0.004 0.157 0.011 -0.0055 0.1535 0.011 -0.0055 0.157 0.013 -0.0085 0.157 -0.0035 0.013 0.153 -0.0025 0.013 0.1455 -0.0035 0.013 0.1455 -0.0045 0.0135 0.153 -0.0045 0.0135 0.1455 -0.005 0.0145 0.153 -0.005 0.0145 0.1455 -0.0045 0.0155 0.153 -0.0045 0.0155 0.1455 -0.004 0.0165 0.153 -0.004 0.0165 0.1455 -0.003 0.017 0.153 -0.003 0.017 0.1455 -0.002 0.017 0.153 -0.002 0.017 0.1455 -0.001 0.0165 0.153 -0.001 0.0165 0.1455 -0.0005 0.0155 0.153 -0.0005 0.0155 0.1455 -0.001 0.0145 0.153 -0.001 0.0145 0.1455 -0.0015 0.0135 0.153 -0.0015 0.0135 0.1455 -0.0025 0.013 0.153 -0.003 0.0175 0.1535 -0.005 0.0175 0.1535 -0.004 0.017 0.1535 -0.006 0.016 0.1535 -0.005 0.016 0.1535 -0.006 0.0145 0.1535 -0.005 0.0145 0.1535 -0.0015 0.013 0.1535 0.0005 0.014 0.1535 -0.0005 0.014 0.1535 0.0005 0.0155 0.1535 -0.0005 0.0155 0.1535 0 0.0175 0.1535 -0.001 0.0165 0.1535 -0.002 0.017 0.1535 -0.0015 0.0185 0.1535 -0.0035 0.0185 0.1535 -0.0055 0.0125 0.1535 -0.0045 0.0135 0.1535 -0.002 0.0115 0.1535 -0.0025 0.0125 0.1535 -0.004 0.0115 0.1535 -0.0035 0.013 0.1535 -0.0005 0.0125 0.1535 -0.005 0.0175 0.1535 -0.0035 0.0185 0.157 -0.005 0.0175 0.157 -0.0055 0.0125 0.157 -0.004 0.0115 0.1535 -0.0055 0.0125 0.1535 -0.006 0.0145 0.157 -0.006 0.0145 0.1535 -0.006 0.016 0.1535 -0.0035 0.0185 0.1535 -0.0015 0.0185 0.157 -0.0015 0.0185 0.1535 0 0.0175 0.157 0 0.0175 0.1535 0.0005 0.0155 0.157 0.0005 0.0155 0.1535 0.0005 0.014 0.157 0.0005 0.014 0.1535 -0.0005 0.0125 0.157 -0.0005 0.0125 0.1535 -0.002 0.0115 0.157 -0.002 0.0115 0.1535 -0.004 0.0115 0.157 -0.006 0.016 0.157 -0.014 0.003 0.1455 -0.015 0.003 0.153 -0.014 0.003 0.153 -0.013 0.0065 0.1455 -0.0125 0.0055 0.153 -0.013 0.0065 0.153 -0.0125 0.0055 0.1455 -0.0125 0.0045 0.153 -0.0125 0.0045 0.1455 -0.013 0.0035 0.153 -0.013 0.0035 0.1455 -0.0135 0.007 0.1455 -0.0135 0.007 0.153 -0.0145 0.007 0.1455 -0.0145 0.007 0.153 -0.0155 0.0065 0.1455 -0.0155 0.0065 0.153 -0.0165 0.006 0.1455 -0.0165 0.006 0.153 -0.0165 0.0045 0.1455 -0.0165 0.0045 0.153 -0.016 0.004 0.1455 -0.016 0.004 0.153 -0.015 0.003 0.1455 -0.013 0.0035 0.1535 -0.0135 0.0015 0.1535 -0.012 0.0025 0.1535 -0.011 0.004 0.1535 -0.012 0.0045 0.1535 -0.011 0.0055 0.1535 -0.012 0.0055 0.1535 -0.0125 0.0065 0.1535 -0.0115 0.0075 0.1535 -0.013 0.0085 0.1535 -0.0135 0.0075 0.1535 -0.015 0.0085 0.1535 -0.015 0.0075 0.1535 -0.0165 0.008 0.1535 -0.016 0.007 0.1535 -0.0175 0.0065 0.1535 -0.0165 0.006 0.1535 -0.018 0.0045 0.1535 -0.0165 0.0045 0.1535 -0.017 0.003 0.1535 -0.016 0.0035 0.1535 -0.0155 0.002 0.1535 -0.015 0.003 0.1535 -0.014 0.003 0.1535 -0.0165 0.008 0.1535 -0.015 0.0085 0.157 -0.0165 0.008 0.157 -0.0175 0.0065 0.1535 -0.0175 0.0065 0.157 -0.018 0.0045 0.1535 -0.018 0.0045 0.157 -0.017 0.003 0.1535 -0.017 0.003 0.157 -0.0155 0.002 0.1535 -0.0155 0.002 0.157 -0.0135 0.0015 0.1535 -0.0135 0.0015 0.157 -0.0115 0.0075 0.1535 -0.011 0.0055 0.157 -0.0115 0.0075 0.157 -0.015 0.0085 0.1535 -0.013 0.0085 0.157 -0.013 0.0085 0.1535 -0.011 0.0055 0.1535 -0.011 0.004 0.157 -0.011 0.004 0.1535 -0.012 0.0025 0.157 -0.012 0.0025 0.1535 0.0065 0.001 0.1515 0.006 -0.002 0.157 0.0065 0.001 0.157 -0.005 -0.004 0.157 -0.002 -0.006 0.1515 -0.005 -0.004 0.1515 -0.002 -0.006 0.157 0.001 -0.0065 0.1515 0.001 -0.0065 0.157 0.004 -0.005 0.1515 0.004 -0.005 0.157 0.006 -0.002 0.1515 -0.0065 -0.001 0.157 -0.0065 -0.001 0.1515 -0.006 0.002 0.157 -0.006 0.002 0.1515 -0.004 0.005 0.157 -0.004 0.005 0.1515 -0.001 0.0065 0.157 -0.001 0.0065 0.1515 0.002 0.006 0.157 0.002 0.006 0.1515 0.005 0.004 0.157 0.005 0.004 0.1515 -0.004 0.005 0.1515 -0.0015 0.0075 0.1515 -0.001 0.0065 0.1515 0.004 -0.005 0.1515 0.007 -0.0025 0.1515 0.005 -0.0055 0.1515 0.006 -0.002 0.1515 0.001 -0.0065 0.1515 0.0015 -0.0075 0.1515 -0.0025 -0.007 0.1515 -0.002 -0.006 0.1515 0.0065 0.001 0.1515 0.0075 0.0015 0.1515 0.0055 0.005 0.1515 0.002 0.006 0.1515 0.0025 0.007 0.1515 0.005 0.004 0.1515 -0.005 0.0055 0.1515 -0.007 0.0025 0.1515 -0.0065 -0.001 0.1515 -0.0075 -0.0015 0.1515 -0.006 0.002 0.1515 -0.005 -0.004 0.1515 -0.0055 -0.005 0.1515 0.005 -0.0055 0.1515 0.007 -0.0025 0.146 0.005 -0.0055 0.146 0.0025 0.007 0.146 0.0055 0.005 0.1515 0.0025 0.007 0.1515 -0.0015 0.0075 0.146 -0.0015 0.0075 0.1515 -0.005 0.0055 0.146 -0.005 0.0055 0.1515 -0.007 0.0025 0.146 -0.007 0.0025 0.1515 -0.0075 -0.0015 0.146 -0.0075 -0.0015 0.1515 -0.0055 -0.005 0.146 -0.0055 -0.005 0.1515 -0.0025 -0.007 0.146 -0.0025 -0.007 0.1515 0.0015 -0.0075 0.146 0.0015 -0.0075 0.1515 0.007 -0.0025 0.1515 0.0075 0.0015 0.146 0.0075 0.0015 0.1515 0.0055 0.005 0.146 -0.002 0.017 0.1455 -0.0005 0.0155 0.1455 -0.001 0.0145 0.1455 -0.0005 0.014 0.1455 -0.0015 0.0135 0.1455 -0.0015 0.013 0.1455 -0.0025 0.013 0.1455 -0.0025 0.0125 0.1455 -0.0035 0.013 0.1455 -0.005 0.0145 0.1455 -0.0045 0.0155 0.1455 -0.005 0.016 0.1455 -0.004 0.0165 0.1455 -0.004 0.017 0.1455 -0.003 0.0175 0.1455 -0.003 0.017 0.1455 0.013 0.0085 0.153 0.012 0.0075 0.1535 0.013 0.008 0.1535 0.0135 0.0105 0.153 0.014 0.009 0.1535 0.014 0.0105 0.1535 0.013 0.011 0.153 0.0135 0.0115 0.1535 0.0125 0.012 0.153 0.0125 0.012 0.1535 0.011 0.012 0.153 0.011 0.012 0.1535 0.0105 0.0115 0.153 0.01 0.0115 0.1535 0.0095 0.0105 0.153 0.0095 0.0105 0.1535 0.0095 0.0095 0.153 0.0095 0.0095 0.1535 0.01 0.0085 0.153 0.01 0.0085 0.1535 0.011 0.008 0.153 0.011 0.0075 0.1535 0.012 0.008 0.153 0.0135 0.009 0.153 0.005 -0.0145 0.153 0.005 -0.016 0.1535 0.005 -0.0145 0.1535 0.0045 -0.0135 0.153 0.0045 -0.0135 0.1535 0.0035 -0.013 0.153 0.0035 -0.013 0.1535 0.0025 -0.013 0.153 0.0025 -0.0125 0.1535 0.0015 -0.0135 0.153 0.0015 -0.013 0.1535 0.001 -0.0145 0.153 0.0005 -0.014 0.1535 0.0005 -0.0155 0.153 0.0005 -0.0155 0.1535 0.001 -0.0165 0.153 0.001 -0.0165 0.1535 0.002 -0.017 0.153 0.002 -0.017 0.1535 0.003 -0.017 0.153 0.003 -0.0175 0.1535 0.0045 -0.0155 0.153 0.004 -0.017 0.1535 0.004 -0.0165 0.153 -0.01 -0.0085 0.1455 -0.011 -0.0075 0.1455 -0.011 -0.008 0.1455 -0.0095 -0.0105 0.1455 -0.0105 -0.0115 0.1455 -0.01 -0.0115 0.1455 -0.011 -0.012 0.1455 -0.0125 -0.012 0.1455 -0.013 -0.011 0.1455 -0.0135 -0.0115 0.1455 -0.0135 -0.0105 0.1455 -0.014 -0.0105 0.1455 -0.0135 -0.009 0.1455 -0.014 -0.009 0.1455 -0.013 -0.0085 0.1455 -0.013 -0.008 0.1455 -0.012 -0.008 0.1455 -0.012 -0.0075 0.1455 -0.0005 0.014 0.1535 -0.0005 0.0155 0.153 -0.001 0.0145 0.153 -0.0015 0.0135 0.153 -0.0025 0.0125 0.1535 -0.0015 0.013 0.1535 -0.0005 0.0155 0.1535 -0.001 0.0165 0.153 -0.001 0.0165 0.1535 -0.002 0.017 0.153 -0.002 0.017 0.1535 -0.003 0.017 0.153 -0.003 0.0175 0.1535 -0.004 0.0165 0.153 -0.004 0.017 0.1535 -0.0045 0.0155 0.153 -0.005 0.016 0.1535 -0.0045 0.0135 0.153 -0.005 0.0145 0.1535 -0.0045 0.0135 0.1535 -0.0025 0.013 0.153 -0.0035 0.013 0.1535 -0.0035 0.013 0.153 -0.005 0.0145 0.153 0.0145 -0.007 0.153 0.0135 -0.0075 0.1535 0.015 -0.0075 0.1535 0.0165 -0.006 0.153 0.016 -0.007 0.1535 0.0165 -0.006 0.1535 0.0165 -0.0045 0.153 0.0165 -0.0045 0.1535 0.016 -0.004 0.153 0.016 -0.0035 0.1535 0.015 -0.003 0.153 0.015 -0.003 0.1535 0.014 -0.003 0.153 0.014 -0.003 0.1535 0.013 -0.0035 0.153 0.013 -0.0035 0.1535 0.0125 -0.0045 0.153 0.012 -0.0045 0.1535 0.0125 -0.0055 0.153 0.012 -0.0055 0.1535 0.013 -0.0065 0.153 0.0125 -0.0065 0.1535 0.0135 -0.007 0.153 0.0155 -0.0065 0.153 -0.0095 -0.0105 0.1535 -0.0095 -0.0095 0.153 -0.0095 -0.0105 0.153 -0.0095 -0.0095 0.1535 -0.01 -0.0085 0.153 -0.01 -0.0085 0.1535 -0.011 -0.008 0.153 -0.011 -0.0075 0.1535 -0.012 -0.008 0.153 -0.012 -0.0075 0.1535 -0.013 -0.0085 0.153 -0.013 -0.008 0.1535 -0.0135 -0.009 0.153 -0.014 -0.009 0.1535 -0.0135 -0.0105 0.153 -0.014 -0.0105 0.1535 -0.013 -0.011 0.153 -0.0135 -0.0115 0.1535 -0.0125 -0.012 0.153 -0.0125 -0.012 0.1535 -0.011 -0.012 0.153 -0.011 -0.012 0.1535 -0.0105 -0.0115 0.153 -0.01 -0.0115 0.1535 0.015 -0.003 0.1455 0.016 -0.004 0.1455 0.016 -0.0035 0.1455 0.0165 -0.0045 0.1455 0.0165 -0.006 0.1455 0.0155 -0.0065 0.1455 0.016 -0.007 0.1455 0.0145 -0.007 0.1455 0.015 -0.0075 0.1455 0.0135 -0.007 0.1455 0.0135 -0.0075 0.1455 0.013 -0.0065 0.1455 0.0125 -0.0065 0.1455 0.0125 -0.0055 0.1455 0.012 -0.0055 0.1455 0.0125 -0.0045 0.1455 0.012 -0.0045 0.1455 0.013 -0.0035 0.1455 -0.0155 0.0065 0.153 -0.015 0.0075 0.1535 -0.016 0.007 0.1535 -0.0125 0.0045 0.153 -0.013 0.0035 0.1535 -0.012 0.0045 0.1535 -0.0125 0.0055 0.153 -0.012 0.0055 0.1535 -0.013 0.0065 0.153 -0.0125 0.0065 0.1535 -0.0135 0.007 0.153 -0.0135 0.0075 0.1535 -0.0145 0.007 0.153 -0.0165 0.006 0.153 -0.0165 0.006 0.1535 -0.014 0.003 0.1535 -0.013 0.0035 0.153 -0.014 0.003 0.153 -0.0165 0.0045 0.153 -0.0165 0.0045 0.1535 -0.016 0.004 0.153 -0.016 0.0035 0.1535 -0.015 0.003 0.153 -0.015 0.003 0.1535 -0.013 0.0035 0.1455 -0.012 0.0045 0.1455 -0.0125 0.0045 0.1455 -0.012 0.0055 0.1455 -0.0125 0.0055 0.1455 -0.0125 0.0065 0.1455 -0.013 0.0065 0.1455 -0.0135 0.0075 0.1455 -0.0135 0.007 0.1455 -0.015 0.0075 0.1455 -0.015 0.003 0.1455 -0.016 0.004 0.1455 -0.016 0.0035 0.1455 -0.0165 0.0045 0.1455 -0.0165 0.006 0.1455 -0.0155 0.0065 0.1455 -0.016 0.007 0.1455 -0.0145 0.007 0.1455 0.0055 -0.0305 0.153 0.0155 -0.0265 0.1525 0.0155 -0.0265 0.153 0.0235 -0.0195 0.1525 0.024 -0.02 0.153 0.0285 -0.01 0.1525 0.029 -0.0105 0.153 0.0305 0 0.1525 0.031 0 0.153 0.0285 0.0105 0.1525 0.029 0.011 0.153 0.023 0.02 0.1525 0.0235 0.02 0.153 0.015 0.0265 0.1525 0.0155 0.027 0.153 0.005 0.03 0.1525 0.005 0.0305 0.153 -0.0055 0.03 0.1525 -0.0055 0.0305 0.153 -0.0155 0.0265 0.1525 -0.0155 0.0265 0.153 -0.0235 0.0195 0.1525 -0.024 0.02 0.153 -0.0285 0.01 0.1525 -0.029 0.0105 0.153 -0.0305 0 0.1525 -0.031 0 0.153 -0.0285 -0.0105 0.1525 -0.029 -0.011 0.153 -0.023 -0.02 0.1525 -0.0235 -0.02 0.153 -0.015 -0.0265 0.1525 -0.0155 -0.027 0.153 -0.005 -0.03 0.1525 -0.005 -0.0305 0.153 0.0055 -0.03 0.1525 0.008 0.0015 0.1455 0.007 -0.0025 0.146 0.0075 0.0015 0.146 0.0075 -0.0025 0.1455 0.005 -0.0055 0.146 0.005 -0.006 0.1455 0.0015 -0.0075 0.146 0.0015 -0.008 0.1455 -0.0025 -0.007 0.146 -0.0025 -0.0075 0.1455 -0.0055 -0.005 0.146 -0.006 -0.005 0.1455 -0.0075 -0.0015 0.146 -0.008 -0.0015 0.1455 -0.007 0.0025 0.146 -0.0075 0.0025 0.1455 -0.005 0.0055 0.146 -0.005 0.006 0.1455 -0.0015 0.0075 0.146 -0.0015 0.008 0.1455 0.0025 0.007 0.146 0.0025 0.0075 0.1455 0.0055 0.005 0.146 0.006 0.005 0.1455 0.0075 0.009 0.1575 0.009 0.0075 0.157 0.008 0.0095 0.157 0.009 0.013 0.1575 0.0085 0.011 0.157 0.0095 0.0125 0.157 0.011 0.014 0.1575 0.011 0.0135 0.157 0.013 0.0135 0.1575 0.013 0.013 0.157 0.0145 0.0125 0.1575 0.0145 0.012 0.157 0.0155 0.0105 0.1575 0.015 0.0105 0.157 0.0155 0.0085 0.1575 0.015 0.0085 0.157 0.014 0.007 0.1575 0.014 0.007 0.157 0.0125 0.006 0.1575 0.012 0.0065 0.157 0.0085 0.0075 0.1575 0.0105 0.0065 0.157 0.0105 0.006 0.1575 0.008 0.011 0.1575 0.0105 -0.006 0.1575 0.0115 -0.0075 0.157 0.011 -0.0055 0.157 0.0165 -0.008 0.157 0.015 -0.009 0.1575 0.017 -0.008 0.1575 0.0175 -0.0065 0.157 0.018 -0.0065 0.1575 0.018 -0.0045 0.157 0.0185 -0.0045 0.1575 0.017 -0.003 0.157 0.0175 -0.0025 0.1575 0.0155 -0.002 0.157 0.0155 -0.0015 0.1575 0.0135 -0.0015 0.157 0.0135 -0.001 0.1575 0.012 -0.0025 0.157 0.012 -0.002 0.1575 0.011 -0.004 0.157 0.0105 -0.004 0.1575 0.0115 -0.0075 0.1575 0.015 -0.0085 0.157 0.013 -0.009 0.1575 0.013 -0.0085 0.157 0.006 -0.0145 0.157 0.0065 -0.0165 0.1575 0.0065 -0.0145 0.1575 0.0015 -0.019 0.1575 0.0035 -0.0185 0.157 0.0015 -0.0185 0.157 0.0035 -0.019 0.1575 -0.0005 -0.0175 0.1575 0 -0.0175 0.157 -0.001 -0.0155 0.1575 -0.0005 -0.0155 0.157 -0.001 -0.0135 0.1575 -0.0005 -0.014 0.157 0 -0.012 0.1575 0.0005 -0.0125 0.157 0.002 -0.011 0.1575 0.002 -0.0115 0.157 0.004 -0.011 0.1575 0.004 -0.0115 0.157 0.006 -0.0125 0.1575 0.0055 -0.0125 0.157 0.006 -0.016 0.157 0.0055 -0.018 0.1575 0.005 -0.0175 0.157 -0.009 -0.013 0.1575 -0.0085 -0.011 0.157 -0.0095 -0.0125 0.157 -0.011 -0.014 0.1575 -0.008 -0.011 0.1575 -0.008 -0.0095 0.157 -0.0075 -0.009 0.1575 -0.009 -0.0075 0.157 -0.0085 -0.0075 0.1575 -0.0105 -0.0065 0.157 -0.0105 -0.006 0.1575 -0.012 -0.0065 0.157 -0.0125 -0.006 0.1575 -0.014 -0.007 0.157 -0.014 -0.007 0.1575 -0.015 -0.0085 0.157 -0.0155 -0.0085 0.1575 -0.015 -0.0105 0.157 -0.0155 -0.0105 0.1575 -0.0145 -0.012 0.157 -0.0145 -0.0125 0.1575 -0.013 -0.013 0.157 -0.013 -0.0135 0.1575 -0.011 -0.0135 0.157 -0.017 0.003 0.157 -0.0185 0.0045 0.1575 -0.0175 0.0025 0.1575 -0.018 0.0045 0.157 -0.018 0.0065 0.1575 -0.0175 0.0065 0.157 -0.017 0.008 0.1575 -0.0165 0.008 0.157 -0.015 0.009 0.1575 -0.015 0.0085 0.157 -0.013 0.009 0.1575 -0.013 0.0085 0.157 -0.0115 0.0075 0.1575 -0.0115 0.0075 0.157 -0.0105 0.006 0.1575 -0.011 0.0055 0.157 -0.0105 0.004 0.1575 -0.011 0.004 0.157 -0.012 0.002 0.1575 -0.012 0.0025 0.157 -0.0135 0.001 0.1575 -0.0135 0.0015 0.157 -0.0155 0.0015 0.1575 -0.0155 0.002 0.157 0.0005 0.0175 0.1575 -0.0015 0.0185 0.157 0 0.0175 0.157 0.0005 0.014 0.157 0 0.012 0.1575 0.001 0.0135 0.1575 0.0005 0.0155 0.157 0.001 0.0155 0.1575 -0.0015 0.019 0.1575 -0.0035 0.0185 0.157 -0.0035 0.019 0.1575 -0.005 0.0175 0.157 -0.0055 0.018 0.1575 -0.006 0.016 0.157 -0.0065 0.0165 0.1575 -0.006 0.0145 0.157 -0.0065 0.0145 0.1575 -0.0055 0.0125 0.157 -0.006 0.0125 0.1575 -0.004 0.0115 0.157 -0.004 0.011 0.1575 -0.002 0.011 0.1575 -0.0005 0.0125 0.157 -0.002 0.0115 0.157 -0.005 -0.004 0.157 -0.007 -0.0015 0.1575 -0.0055 -0.0045 0.1575 -0.002 -0.006 0.157 -0.0025 -0.0065 0.1575 0.001 -0.0065 0.157 0.0015 -0.007 0.1575 0.004 -0.005 0.157 0.0045 -0.0055 0.1575 0.006 -0.002 0.157 0.0065 -0.0025 0.1575 0.0065 0.001 0.157 0.007 0.0015 0.1575 0.005 0.004 0.157 0.0055 0.0045 0.1575 0.002 0.006 0.157 0.0025 0.0065 0.1575 -0.001 0.0065 0.157 -0.0015 0.007 0.1575 -0.004 0.005 0.157 -0.0045 0.0055 0.1575 -0.006 0.002 0.157 -0.0065 0.0025 0.1575 -0.0065 -0.001 0.157 -0.016 -0.011 0.1455 -0.0195 -0.0035 0.146 -0.019 -0.0035 0.1455 -0.016 -0.0115 0.1455 -0.0165 -0.0115 0.146 -0.0155 -0.012 0.1455 -0.0135 -0.0145 0.1455 -0.0105 -0.017 0.146 -0.0025 -0.0195 0.1455 -0.01 -0.0165 0.1455 0.0055 -0.019 0.1455 -0.0025 -0.02 0.146 0.0085 -0.0175 0.1455 0.013 -0.0155 0.146 0.0055 -0.019 0.146 0.0175 -0.0085 0.1455 0.0125 -0.015 0.1455 0.0185 -0.006 0.1455 0.02 -0.0005 0.146 0.018 -0.0085 0.146 0.018 0.0075 0.1455 0.0195 0.0035 0.146 0.019 0.0035 0.1455 0.0195 -0.0005 0.1455 0.0135 0.014 0.1455 0.0185 0.0075 0.146 0.0065 0.0185 0.1455 0.014 0.0145 0.146 0.002 0.0195 0.1455 0.0065 0.019 0.146 -0.0015 0.02 0.146 -0.0095 0.017 0.1455 -0.0015 0.0195 0.1455 -0.0155 0.012 0.1455 -0.0095 0.0175 0.146 -0.019 0.005 0.1455 -0.0195 0.0045 0.146 -0.0185 0.006 0.1455 -0.0175 0.0085 0.1455 -0.016 0.012 0.146 -0.019 0.0045 0.1455 -0.029 -0.011 0.155 -0.03 -0.0055 0.156 -0.0305 -0.0055 0.155 -0.0265 -0.0155 0.155 -0.0285 -0.0105 0.156 -0.0235 -0.02 0.155 -0.0265 -0.0155 0.156 -0.02 -0.024 0.155 -0.0235 -0.02 0.156 -0.0155 -0.027 0.155 -0.0195 -0.0235 0.156 -0.0105 -0.029 0.155 -0.015 -0.0265 0.156 -0.005 -0.0305 0.155 -0.0105 -0.029 0.156 0 -0.031 0.155 -0.005 -0.03 0.156 0.0055 -0.0305 0.155 0 -0.0305 0.156 0.0105 -0.0285 0.156 0.0055 -0.0295 0.157 0.0055 -0.03 0.156 0.0155 -0.0265 0.156 0.0105 -0.028 0.157 0.02 -0.0235 0.156 0.015 -0.0255 0.157 0.0235 -0.0195 0.156 0.0195 -0.0225 0.157 0.0265 -0.015 0.156 0.023 -0.019 0.157 0.029 -0.0105 0.156 0.026 -0.0145 0.157 0.03 -0.005 0.156 0.028 -0.01 0.157 0.0305 0 0.156 0.0295 -0.005 0.157 0.03 0.0055 0.156 0.0295 0 0.157 0.0285 0.0105 0.156 0.0295 0.0055 0.157 0.0265 0.0155 0.156 0.028 0.0105 0.157 0.0235 0.02 0.156 0.0255 0.015 0.157 0.0195 0.0235 0.156 0.0225 0.0195 0.157 0.015 0.0265 0.156 0.019 0.023 0.157 0.0105 0.029 0.156 0.0145 0.026 0.157 0.005 0.03 0.156 0.01 0.028 0.157 0 0.0305 0.156 0.005 0.0295 0.157 -0.0055 0.03 0.156 0 0.0295 0.157 -0.0105 0.0285 0.156 -0.0055 0.0295 0.157 -0.0155 0.0265 0.156 -0.0105 0.028 0.157 -0.02 0.0235 0.156 -0.015 0.0255 0.157 -0.0235 0.0195 0.156 -0.0195 0.0225 0.157 -0.0265 0.015 0.156 -0.023 0.019 0.157 -0.029 0.0105 0.156 -0.026 0.0145 0.157 -0.03 0.005 0.156 -0.028 0.01 0.157 -0.0305 0 0.156 -0.0295 0.005 0.157 -0.0295 0 0.157 -0.0295 -0.0055 0.157 -0.028 -0.0105 0.157 -0.0255 -0.015 0.157 -0.0225 -0.0195 0.157 -0.019 -0.023 0.157 0.0305 -0.005 0.155 0.029 -0.0105 0.155 0.027 -0.0155 0.155 0.024 -0.02 0.155 0.02 -0.0235 0.155 0.0155 -0.0265 0.155 0.011 -0.029 0.155 -0.031 0 0.155 -0.0305 0.005 0.155 -0.029 0.0105 0.155 -0.027 0.0155 0.155 -0.024 0.02 0.155 -0.02 0.0235 0.155 -0.0155 0.0265 0.155 -0.011 0.029 0.155 -0.0055 0.0305 0.155 0 0.031 0.155 0.005 0.0305 0.155 0.031 0 0.155 0.0155 0.027 0.155 0.02 0.024 0.155 -0.0145 -0.026 0.157 -0.01 -0.028 0.157 -0.005 -0.0295 0.157 0 -0.0295 0.157 0.005 -0.028 0.1575 0.01 -0.0265 0.1575 0.0145 -0.0245 0.1575 0.0185 -0.0215 0.1575 0.022 -0.018 0.1575 0.025 -0.014 0.1575 0.027 -0.0095 0.1575 0.028 -0.005 0.1575 0.0285 0 0.1575 0.028 0.005 0.1575 0.0265 0.01 0.1575 0.0245 0.0145 0.1575 0.0215 0.0185 0.1575 0.018 0.022 0.1575 0.0235 0.02 0.155 0.0095 0.027 0.1575 0.005 0.028 0.1575 0 0.0285 0.1575 -0.005 0.028 0.1575 -0.01 0.0265 0.1575 -0.0145 0.0245 0.1575 -0.0185 0.0215 0.1575 -0.022 0.018 0.1575 -0.025 0.014 0.1575 -0.027 0.0095 0.1575 -0.028 0.005 0.1575 -0.0285 0 0.1575 -0.028 -0.005 0.1575 -0.0265 -0.01 0.1575 -0.0245 -0.0145 0.1575 -0.0215 -0.0185 0.1575 -0.018 -0.022 0.1575 -0.014 -0.025 0.1575 -0.0095 -0.027 0.1575 -0.005 -0.028 0.1575 0 -0.0285 0.1575 0.014 0.025 0.1575 0.0265 0.0155 0.155 0.029 0.011 0.155 0.0305 0.0055 0.155 0.0105 0.029 0.155</float_array><technique_common><accessor source="#pa" count="19276" stride="3"><param name="X" type="float"/><param name="Y" type="float"/><param name="Z" type="float"/></accessor></technique_common></source>
        <source id="n"><float_array id="na" count="57828">0 0 -1 0 0 -1 0 0 -1 0 0 -1 0 0 -1 0 0 -1 0 0 -1 0 0 -1 0 0 -1 0 0 -1 0 0 -1 0 0 -1 0 0 -1 0 0 -1 0 0 -1 0 0 -1 0 0 -1 0 0 -1 0 0 -1 0 0 -1 0 0 -1 0 0 -1 0 0 -1 0 0 -1 0 0 -1 0 0 -1 0 0 -1 0 0 -1 0 0 -1 0 0 -1 0 0 -1 0 0 -1 0 0 -1 0 0 -1 0 0 -1 0 0 -1 0 0 1 0 0 1 0 0 1 0 0 1 0 0 1 0 0 1 0 0 1 0 0 1 0 0 1 0 0 1 0 0 1 0 0 1 0 0 1 0 0 1 0 0 1 0 0 1 0 0 1 0 0 1 0 0 1 0 0 1 0 0 1 0 0 1 0 0 1 0 0 1 0 0 1 0 0 1 0 0 1 0 0 1 0 0 1 0 0 1 0 0 1 0 0 1 0 0 1 0 0 1 0 0 1 0 0 1 -0.57 0.82 0 -0.41 0.91 0 -0.71 0.71 0 -0.97 0.24 0 -0.94 0.34 0 -0.97 0.24 0 -0.96 -0.26 0 -1 -0.08 0 -0.96 -0.29 0 -0.82 -0.57 0 -0.91 -0.41 0 -0.71 -0.71 0 -0.24 -0.97 0 -0.34 -0.94 0 -0.24 -0.97 0 0.26 -0.96 0 0.08 -1 0 0.29 -0.96 0 0.57 -0.82 0 0.41 -0.91 0 0.71 -0.71 0 0.97 -0.24 0 0.94 -0.34 0 0.97 -0.24 0 0.96 0.26 0 1 0.08 0 0.96 0.29 0 0.82 0.57 0 0.91 0.41 0 0.71 0.71 0 0.24 0.97 0 0.34 0.94 0 0.24 0.97 0 -0.26 0.96 0 -0.08 1 0 -0.29 0.96 0 0.08 1 0 0.45 0.89 0 0.93 0.37 0 1 -0.08 0 0.89 -0.45 0 0.37 -0.93 0 -0.08 -1 0 -0.45 -0.89 0 -0.93 -0.37 0 -1 0.08 0 -0.89 0.45 0 -0.37 0.93 0 -0.67 -0.74 0 -0.39 -0.92 0 -0.74 -0.67 0 -0.92 -0.39 0 -0.98 -0.18 0 -0.98 0.18 0 -0.92 0.39 0 -0.74 0.67 0 -0.67 0.74 0 -0.39 0.92 0 -0.18 0.98 0 0.18 0.98 0 0.39 0.92 0 0.67 0.74 0 0.74 0.67 0 0.92 0.39 0 0.98 0.18 0 0.98 -0.18 0 0.92 -0.39 0 0.74 -0.67 0 0.67 -0.74 0 0.39 -0.92 0 0.18 -0.98 0 -0.18 -0.98 0 0.04 -0.53 0.84 0 0 1 -0.15 -0.54 0.83 0 0 1 -0.26 -0.47 0.84 0 0 1 -0.38 -0.38 0.85 0 0 1 -0.38 -0.29 0.88 0 0 1 -0.55 -0.16 0.82 0 0 1 -0.53 -0.04 0.84 0 0 1 -0.54 0.15 0.83 0 0 1 -0.47 0.26 0.84 0 0 1 -0.38 0.38 0.85 0 0 1 -0.29 0.38 0.88 0 0 1 -0.16 0.55 0.82 0 0 1 -0.04 0.53 0.84 0 0 1 0.15 0.54 0.83 0 0 1 0.26 0.47 0.84 0 0 1 0.38 0.38 0.85 0 0 1 0.38 0.29 0.88 0 0 1 0.55 0.16 0.82 0 0 1 0.53 0.04 0.84 0 0 1 0.54 -0.15 0.83 0 0 1 0.47 -0.26 0.84 0 0 1 0.38 -0.38 0.85 0 0 1 0.29 -0.38 0.88 0 0 1 0.16 -0.55 0.82 0.23 -0.96 0.18 0.04 -0.95 0.32 -0.23 0.96 0.18 -0.37 0.93 0 -0.47 0.75 0.47 -0.31 -0.94 0.13 -0.46 -0.79 0.41 -0.58 -0.58 0.58 -0.75 -0.47 0.47 -0.96 -0.23 0.18 -0.95 -0.04 0.32 -0.94 0.31 0.13 -0.79 0.46 0.41 -0.58 0.58 0.58 -0.04 0.95 0.32 0.31 0.94 0.13 0.46 0.79 0.41 0.58 0.58 0.58 0.75 0.47 0.47 0.96 0.23 0.18 0.95 0.04 0.32 0.94 -0.31 0.13 0.79 -0.46 0.41 0.58 -0.58 0.58 0.47 -0.75 0.47 0.26 -0.96 0 -0.08 -1 0 -0.26 -0.96 0.09 -0.41 -0.68 0.61 -0.55 -0.49 0.67 -0.93 -0.37 0 -0.96 -0.26 0 -1 0.08 0 -0.96 0.26 0.09 -0.68 0.41 0.61 -0.49 0.55 0.67 -0.26 0.96 0 0.08 1 0 0.26 0.96 0.09 0.41 0.68 0.61 0.55 0.49 0.67 0.93 0.37 0 0.96 0.26 0 1 -0.08 0 0.96 -0.26 0.09 0.68 -0.41 0.61 0.49 -0.55 0.67 0.37 -0.93 0 0 0 1 0.21 -0.38 -0.9 0.31 -0.94 -0.13 0.14 -0.52 -0.84 0.43 -0.43 -0.8 0.5 -0.82 -0.27 0.42 -0.33 -0.84 0.59 -0.62 -0.52 0.55 -0.16 -0.82 0.68 -0.46 -0.57 0.53 -0.04 -0.84 0.95 -0.22 -0.22 0.52 0.14 -0.84 0.95 -0.04 -0.32 0.38 0.21 -0.9 0.94 0.31 -0.13 0.43 0.43 -0.8 0.82 0.5 -0.27 0.33 0.42 -0.84 0.62 0.59 -0.52 0.16 0.55 -0.82 0.46 0.68 -0.57 0.04 0.53 -0.84 0.22 0.95 -0.22 -0.14 0.52 -0.84 0.04 0.95 -0.32 -0.21 0.38 -0.9 -0.31 0.94 -0.13 -0.43 0.43 -0.8 -0.5 0.82 -0.27 -0.42 0.33 -0.84 -0.59 0.62 -0.52 -0.55 0.16 -0.82 -0.68 0.46 -0.57 -0.53 0.04 -0.84 -0.95 0.22 -0.22 -0.52 -0.14 -0.84 -0.95 0.04 -0.32 -0.38 -0.21 -0.9 -0.94 -0.31 -0.13 -0.43 -0.43 -0.8 -0.82 -0.5 -0.27 -0.33 -0.42 -0.84 -0.62 -0.59 -0.52 -0.16 -0.55 -0.82 -0.46 -0.68 -0.57 -0.04 -0.53 -0.84 -0.22 -0.95 -0.22 -0.04 -0.95 -0.32 0.29 -0.96 0 0.46 -0.76 -0.46 0.43 -0.49 -0.76 0.89 -0.36 -0.27 0.97 -0.24 0 1 0.08 0 0.96 0.29 0 0.76 0.46 -0.46 0.49 0.43 -0.76 0.36 0.89 -0.27 0.24 0.97 0 -0.08 1 0 -0.29 0.96 0 -0.46 0.76 -0.46 -0.43 0.49 -0.76 -0.89 0.36 -0.27 -0.97 0.24 0 -1 -0.08 0 -0.96 -0.29 0 -0.76 -0.46 -0.46 -0.49 -0.43 -0.76 -0.36 -0.89 -0.27 -0.24 -0.97 0 0.08 -1 0 0 0 -1 0 0 -1 0 0 -1 0 0 -1 0 0 -1 0 0 -1 0 0 -1 0 0 -1 0 0 -1 0 0 -1 0 0 -1 0 0 -1 0 0 -1 0 0 -1 0 0 -1 0 0 -1 0 0 -1 0 0 -1 0 0 -1 0 0 -1 0 0 -1 0 0 -1 0 0 -1 0 0 -1 0 0 1 0 0 1 0 0 1 0 0 1 0 0 1 0 0 1 0 0 1 0 0 1 0 0 1 0 0 1 0 0 1 0 0 1 0 0 1 0 0 1 0 0 1 0 0 1 0 0 1 0 0 1 0 0 1 0 0 1 0 0 1 0 0 1 0 0 1 0 0 1 0.22 -0.98 0 -0.22 -0.98 0 0.41 -0.91 0 -0.41 -0.91 0 -0.66 -0.75 0 -0.75 -0.66 0 -0.91 -0.41 0 -0.98 -0.22 0 -0.98 0.22 0 -0.91 0.41 0 -0.75 0.66 0 -0.66 0.75 0 -0.41 0.91 0 -0.22 0.98 0 0.22 0.98 0 0.41 0.91 0 0.66 0.75 0 0.75 0.66 0 0.91 0.41 0 0.98 0.22 0 0.98 -0.22 0 0.91 -0.41 0 0.75 -0.66 0 0.66 -0.75 0 0 0 -1 0 0 -1 0 0 -1 0 0 -1 0 0 -1 0 0 -1 0 0 -1 0 0 -1 0 0 -1 0 0 -1 0 0 -1 0 0 -1 0 0 -1 0 0 -1 0 0 -1 0 0 -1 0 0 -1 0 0 -1 0 0 -1 0 0 -1 0 0 -1 0 0 -1 0 0 -1 0 0 -1 0.45 0.89 0 0.68 0.73 0 0.73 0.68 0 0.89 0.45 0 0.97 0.23 0 0.97 -0.23 0 0.89 -0.45 0 0.73 -0.68 0 0.68 -0.73 0 0.45 -0.89 0 0.23 -0.97 0 -0.23 -0.97 0 -0.45 -0.89 0 -0.68 -0.73 0 -0.73 -0.68 0 -0.89 -0.45 0 -0.97 -0.23 0 -0.97 0.23 0 -0.89 0.45 0 -0.73 0.68 0 -0.68 0.73 0 -0.45 0.89 0 -0.23 0.97 0 0.23 0.97 0 0 0 -1 0 0 -1 0 0 -1 0 0 -1 0 0 -1 0 0 -1 0 0 -1 0 0 -1 0 0 -1 0 0 -1 0 0 -1 0 0 -1 0 0 -1 0 0 -1 0 0 -1 0 0 -1 0 0 -1 0 0 -1 0 0 -1 0 0 -1 0 0 -1 0 0 -1 0 0 -1 0 0 -1 0 0 -1 0 0 -1 0 0 -1 0 0 -1 0 0 -1 0 0 -1 0 0 -1 0 0 -1 0 0 -1 0 0 -1 0 0 -1 0 0 -1 0 0 1 0 0 1 0 0 1 0 0 1 0 0 1 0 0 1 0 0 1 0 0 1 0 0 1 0 0 1 0 0 1 0 0 1 0 0 1 0 0 1 0 0 1 0 0 1 0 0 1 0 0 1 0 0 1 0 0 1 0 0 1 0 0 1 0 0 1 0 0 1 0 0 1 0 0 1 0 0 1 0 0 1 0 0 1 0 0 1 0 0 1 0 0 1 0 0 1 0 0 1 0 0 1 0 0 1 -0.08 1 0 0.09 1 0 -0.16 0.99 0 -0.61 0.79 0 -0.45 0.89 0 -0.66 0.75 0 -0.91 0.41 0 -0.84 0.54 0 -0.93 0.37 0 -1 -0.08 0 -1 0.09 0 -0.99 -0.16 0 -0.79 -0.61 0 -0.89 -0.45 0 -0.75 -0.66 0 -0.41 -0.91 0 -0.54 -0.84 0 -0.37 -0.93 0 0.08 -1 0 -0.09 -1 0 0.16 -0.99 0 0.61 -0.79 0 0.45 -0.89 0 0.66 -0.75 0 0.91 -0.41 0 0.84 -0.54 0 0.93 -0.37 0 1 0.08 0 1 -0.09 0 0.99 0.16 0 0.79 0.61 0 0.89 0.45 0 0.75 0.66 0 0.41 0.91 0 0.54 0.84 0 0.37 0.93 0 0.62 0.78 0 0.94 0.34 0 0.98 -0.2 0 0.78 -0.62 0 0.34 -0.94 0 -0.2 -0.98 0 -0.62 -0.78 0 -0.94 -0.34 0 -0.98 0.2 0 -0.78 0.62 0 -0.34 0.94 0 0.2 0.98 0 -0.98 -0.21 0 -0.81 -0.59 0 -1 0 0 -0.95 0.3 0 -0.89 0.45 0 -0.71 0.71 0 -0.59 0.81 0 -0.21 0.98 0 0 1 0 0.3 0.95 0 0.45 0.89 0 0.71 0.71 0 0.81 0.59 0 0.98 0.21 0 1 0 0 0.95 -0.3 0 0.89 -0.45 0 0.71 -0.71 0 0.59 -0.81 0 0.21 -0.98 0 0 -1 0 -0.3 -0.95 0 -0.45 -0.89 0 -0.71 -0.71 0 -0.24 -0.4 0.88 0 0 1 -0.35 -0.31 0.88 0 0 1 -0.58 -0.29 0.76 0 0 1 -0.54 -0.15 0.83 0 0 1 -0.43 0.04 0.9 0 0 1 -0.48 0.19 0.86 -0.4 0.24 0.88 0 0 1 -0.31 0.35 0.88 0 0 1 -0.29 0.58 0.76 0 0 1 -0.15 0.54 0.83 0 0 1 0.04 0.43 0.9 0 0 1 0.19 0.48 0.86 0.24 0.4 0.88 0 0 1 0.35 0.31 0.88 0 0 1 0.58 0.29 0.76 0 0 1 0.54 0.15 0.83 0 0 1 0.43 -0.04 0.9 0 0 1 0.48 -0.19 0.86 0.4 -0.24 0.88 0 0 1 0.31 -0.35 0.88 0 0 1 0.29 -0.58 0.76 0 0 1 0.15 -0.54 0.83 0 0 1 -0.04 -0.43 0.9 0 0 1 -0.19 -0.48 0.86 -0.36 -0.8 0.48 -0.54 -0.73 0.42 0.36 0.8 0.48 0.2 0.98 0 0.12 0.87 0.48 -0.78 -0.57 0.26 -0.76 -0.4 0.51 -0.82 -0.18 0.54 -0.87 0.12 0.48 -0.8 0.36 0.48 -0.73 0.54 0.42 -0.57 0.78 0.26 -0.4 0.76 0.51 -0.18 0.82 0.54 0.54 0.73 0.42 0.78 0.57 0.26 0.76 0.4 0.51 0.82 0.18 0.54 0.87 -0.12 0.48 0.8 -0.36 0.48 0.73 -0.54 0.42 0.57 -0.78 0.26 0.4 -0.76 0.51 0.18 -0.82 0.54 -0.12 -0.87 0.48 -0.41 -0.91 0 -0.64 -0.73 0.24 -0.62 -0.48 0.62 -0.79 -0.36 0.5 -1 -0.08 0 -0.98 0.2 0 -0.91 0.41 0 -0.73 0.64 0.24 -0.48 0.62 0.62 -0.36 0.79 0.5 -0.08 1 0 0.41 0.91 0 0.64 0.73 0.24 0.62 0.48 0.62 0.79 0.36 0.5 1 0.08 0 0.98 -0.2 0 0.91 -0.41 0 0.73 -0.64 0.24 0.48 -0.62 0.62 0.36 -0.79 0.5 0.08 -1 0 -0.2 -0.98 0 -0.09 -0.43 -0.9 -0.34 -0.83 -0.45 -0.19 -0.41 -0.89 0.04 -0.45 -0.89 -0.13 -0.87 -0.48 0.22 -0.49 -0.84 0.19 -0.93 -0.31 0.48 -0.55 -0.69 0.45 -0.85 -0.28 0.38 -0.33 -0.86 0.51 -0.66 -0.55 0.41 -0.19 -0.89 0.62 -0.52 -0.59 0.43 -0.09 -0.9 0.83 -0.34 -0.45 0.45 0.04 -0.89 0.87 -0.13 -0.48 0.49 0.22 -0.84 0.93 0.19 -0.31 0.55 0.48 -0.69 0.85 0.45 -0.28 0.33 0.38 -0.86 0.66 0.51 -0.55 0.19 0.41 -0.89 0.52 0.62 -0.59 0.09 0.43 -0.9 0.34 0.83 -0.45 -0.04 0.45 -0.89 0.13 0.87 -0.48 -0.22 0.49 -0.84 -0.19 0.93 -0.31 -0.48 0.55 -0.69 -0.45 0.85 -0.28 -0.38 0.33 -0.86 -0.51 0.66 -0.55 -0.41 0.19 -0.89 -0.62 0.52 -0.59 -0.43 0.09 -0.9 -0.83 0.34 -0.45 -0.45 -0.04 -0.89 -0.87 0.13 -0.48 -0.49 -0.22 -0.84 -0.93 -0.19 -0.31 -0.55 -0.48 -0.69 -0.85 -0.45 -0.28 -0.33 -0.38 -0.86 -0.66 -0.51 -0.55 -0.52 -0.62 -0.59 -0.37 -0.93 0 -0.09 -1 0 0.23 -0.92 -0.31 0.33 -0.67 -0.67 0.54 -0.7 -0.47 0.84 -0.54 0 0.93 -0.37 0 1 -0.09 0 0.92 0.23 -0.31 0.67 0.33 -0.67 0.7 0.54 -0.47 0.54 0.84 0 0.37 0.93 0 0.09 1 0 -0.23 0.92 -0.31 -0.33 0.67 -0.67 -0.54 0.7 -0.47 -0.84 0.54 0 -0.93 0.37 0 -1 0.09 0 -0.92 -0.23 -0.31 -0.67 -0.33 -0.67 -0.7 -0.54 -0.47 -0.54 -0.84 0 0 0 -1 0 0 -1 0 0 -1 0 0 -1 0 0 -1 0 0 -1 0 0 -1 0 0 -1 0 0 -1 0 0 -1 0 0 -1 0 0 -1 0 0 -1 0 0 -1 0 0 -1 0 0 -1 0 0 -1 0 0 -1 0 0 -1 0 0 -1 0 0 1 0 0 1 0 0 1 0 0 1 0 0 1 0 0 1 0 0 1 0 0 1 0 0 1 0 0 1 0 0 1 0 0 1 0 0 1 0 0 1 0 0 1 0 0 1 0 0 1 0 0 1 0 0 1 0 0 1 0 0 1 0 0 1 0 0 1 0 0 1 -0.47 -0.88 0 -0.73 -0.68 0 -0.3 -0.95 0 -0.82 -0.57 0 -0.97 -0.25 0 -1 -0.05 0 -0.95 0.3 0 -0.88 0.47 0 -0.68 0.73 0 -0.57 0.82 0 -0.25 0.97 0 -0.05 1 0 0.3 0.95 0 0.47 0.88 0 0.73 0.68 0 0.82 0.57 0 0.97 0.25 0 1 0.05 0 0.95 -0.3 0 0.88 -0.47 0 0.68 -0.73 0 0.57 -0.82 0 0.25 -0.97 0 0.05 -1 0 0 0 -1 0 0 -1 0 0 -1 0 0 -1 0 0 -1 0 0 -1 0 0 -1 0 0 -1 0 0 -1 0 0 -1 0 0 -1 0 0 -1 0 0 -1 0 0 -1 0 0 -1 0 0 -1 0 0 -1 0 0 -1 0 0 -1 0 0 -1 0 0 -1 0 0 -1 0 0 -1 0 0 -1 0.81 0.59 0 0.96 0.27 0 1 0.06 0 0.96 -0.28 0 0.92 -0.4 0 0.73 -0.68 0 0.59 -0.81 0 0.27 -0.96 0 0.06 -1 0 -0.28 -0.96 0 -0.4 -0.92 0 -0.68 -0.73 0 -0.81 -0.59 0 -0.96 -0.27 0 -1 -0.06 0 -0.96 0.28 0 -0.92 0.4 0 -0.73 0.68 0 -0.59 0.81 0 -0.27 0.96 0 -0.06 1 0 0.28 0.96 0 0.4 0.92 0 0.68 0.73 0 0 0 1 0 0 1 0 0 1 0 0 1 0 0 1 0 0 1 0 0 1 0 0 1 0 0 1 0 0 1 0 0 1 0 0 1 0 0 1 0 0 1 0 0 1 0 0 1 0 0 1 0 0 1 0 0 1 0 0 1 0 0 1 0 0 1 0 0 1 0 0 1 0 0 1 0 0 1 0 0 1 0 0 1 0 0 1 0 0 1 0 0 1 0 0 1 0 0 1 0 0 1 0 0 1 0 0 1 0 0 1 0 0 1 0 0 1 0 0 1 0 0 1 0 0 1 0 0 1 0 0 1 0 0 1 0 0 1 0 0 1 0 0 1 -0.47 0.88 0 -0.37 0.93 0 -0.54 0.84 0 -0.1 1 0 0.07 1 0 -0.2 0.98 0 0.26 0.97 0 0.38 0.92 0 0.23 0.97 0 0.66 0.75 0 0.74 0.67 0 0.61 0.8 0 0.88 0.47 0 0.93 0.37 0 0.84 0.54 0 1 0.1 0 1 -0.07 0 0.98 0.2 0 0.97 -0.26 0 0.92 -0.38 0 0.97 -0.23 0 0.75 -0.66 0 0.67 -0.74 0 0.8 -0.61 0 0.47 -0.88 0 0.37 -0.93 0 0.54 -0.84 0 0.1 -1 0 -0.07 -1 0 0.2 -0.98 0 -0.26 -0.97 0 -0.38 -0.92 0 -0.23 -0.97 0 -0.66 -0.75 0 -0.74 -0.67 0 -0.61 -0.8 0 -0.88 -0.47 0 -0.93 -0.37 0 -0.84 -0.54 0 -1 -0.1 0 -1 0.07 0 -0.98 -0.2 0 -0.97 0.26 0 -0.92 0.38 0 -0.97 0.23 0 -0.75 0.66 0 -0.67 0.74 0 -0.8 0.61 0 -0.33 0.95 0 0.13 0.99 0 0.47 0.88 0 0.77 0.64 0 0.95 0.33 0 0.99 -0.13 0 0.88 -0.47 0 0.64 -0.77 0 0.33 -0.95 0 -0.13 -0.99 0 -0.47 -0.88 0 -0.77 -0.64 0 -0.95 -0.33 0 -0.99 0.13 0 -0.88 0.47 0 -0.64 0.77 0 0.43 -0.9 0 0.16 -0.99 0 0.56 -0.83 0 0.02 -1 0 -0.25 -0.97 0 -0.36 -0.93 0 -0.6 -0.8 0 -0.72 -0.7 0 -0.89 -0.46 0 -0.94 -0.33 0 -1 -0.06 0 -1 0.06 0 -0.94 0.33 0 -0.89 0.46 0 -0.75 0.67 0 -0.43 0.9 0 -0.2 0.98 0 -0.2 0.98 0 -0.51 0.86 0 -0.75 0.67 0 0.02 1 0 0.16 0.99 0 0.43 0.9 0 0.56 0.83 0 0.77 0.63 0 0.86 0.52 0 0.96 0.28 0 0.99 0.14 0 0.99 -0.14 0 0.96 -0.28 0 0.86 -0.52 0 0.77 -0.63 0 0.23 -0.37 0.9 0 0 1 0.16 -0.4 0.9 0 0 1 0.1 -0.57 0.81 0 0 1 -0.02 -0.51 0.86 0 0 1 -0.1 -0.43 0.9 0 0 1 -0.25 -0.54 0.81 0 0 1 -0.38 -0.51 0.77 0 0 1 -0.37 -0.37 0.85 0 0 1 -0.37 -0.23 0.9 0 0 1 -0.4 -0.16 0.9 0 0 1 -0.57 -0.1 0.81 0 0 1 -0.51 0.02 0.86 0 0 1 -0.43 0.1 0.9 0 0 1 -0.54 0.25 0.81 0 0 1 -0.51 0.38 0.77 0 0 1 -0.37 0.37 0.85 0 0 1 -0.23 0.37 0.9 0 0 1 -0.16 0.4 0.9 0 0 1 -0.1 0.57 0.81 0 0 1 0.02 0.51 0.86 0 0 1 0.1 0.43 0.9 0 0 1 0.25 0.54 0.81 0 0 1 0.38 0.51 0.77 0 0 1 0.37 0.37 0.85 0 0 1 0.37 0.23 0.9 0 0 1 0.4 0.16 0.9 0 0 1 0.57 0.1 0.81 0 0 1 0.51 -0.02 0.86 0 0 1 0.43 -0.1 0.9 0 0 1 0.54 -0.25 0.81 0 0 1 0.51 -0.38 0.77 0 0 1 0.37 -0.37 0.85 0 0 1 0.44 -0.77 0.46 0.3 -0.87 0.39 0.13 -0.89 0.44 -0.06 -0.83 0.55 -0.26 -0.92 0.31 -0.41 -0.82 0.4 -0.49 -0.65 0.58 -0.66 -0.6 0.44 -0.77 -0.44 0.46 -0.87 -0.3 0.39 -0.89 -0.13 0.44 -0.83 0.06 0.55 -0.92 0.26 0.31 -0.82 0.41 0.4 -0.65 0.49 0.58 -0.6 0.66 0.44 -0.44 0.77 0.46 -0.3 0.87 0.39 -0.13 0.89 0.44 0.06 0.83 0.55 0.26 0.92 0.31 0.41 0.82 0.4 0.49 0.65 0.58 0.66 0.6 0.44 0.77 0.44 0.46 0.87 0.3 0.39 0.89 0.13 0.44 0.83 -0.06 0.55 0.92 -0.26 0.31 0.82 -0.41 0.4 0.65 -0.49 0.58 0.6 -0.66 0.44 0.47 -0.88 0 0.28 -0.91 0.31 0.11 -0.83 0.55 -0.13 -0.99 0 -0.27 -0.91 0.3 -0.36 -0.7 0.62 -0.59 -0.71 0.38 -0.77 -0.64 0 -0.88 -0.47 0 -0.91 -0.28 0.31 -0.83 -0.11 0.55 -0.99 0.13 0 -0.91 0.27 0.3 -0.7 0.36 0.62 -0.71 0.59 0.38 -0.64 0.77 0 -0.47 0.88 0 -0.28 0.91 0.31 -0.11 0.83 0.55 0.13 0.99 0 0.27 0.91 0.3 0.36 0.7 0.62 0.59 0.71 0.38 0.77 0.64 0 0.88 0.47 0 0.91 0.28 0.31 0.83 0.11 0.55 0.99 -0.13 0 0.91 -0.27 0.3 0.7 -0.36 0.62 0.71 -0.59 0.38 0.64 -0.77 0 -0.25 0.76 -0.59 -0.2 0.38 -0.9 -0.47 0.79 -0.39 -0.37 0.43 -0.82 -0.64 0.69 -0.34 -0.41 0.34 -0.84 -0.71 0.56 -0.42 -0.49 0.26 -0.83 -0.78 0.39 -0.49 -0.51 0.15 -0.85 -0.81 0.23 -0.54 -0.45 0.06 -0.89 -0.95 0.06 -0.32 -0.6 -0.08 -0.79 -0.87 -0.13 -0.47 -0.44 -0.14 -0.89 -0.76 -0.25 -0.59 -0.38 -0.2 -0.9 -0.79 -0.47 -0.39 -0.43 -0.37 -0.82 -0.69 -0.64 -0.34 -0.34 -0.41 -0.84 -0.56 -0.71 -0.42 -0.26 -0.49 -0.83 -0.39 -0.78 -0.49 -0.15 -0.51 -0.85 -0.23 -0.81 -0.54 -0.06 -0.45 -0.89 -0.06 -0.95 -0.32 0.08 -0.6 -0.79 0.13 -0.87 -0.47 0.14 -0.44 -0.89 0.25 -0.76 -0.59 0.54 -0.84 0 0.64 -0.69 -0.34 0.67 -0.7 -0.22 0.71 -0.56 -0.42 0.66 -0.49 -0.57 0.78 -0.39 -0.49 0.78 -0.35 -0.51 0.81 -0.23 -0.54 0.97 -0.23 0 0.95 -0.06 -0.32 0.95 -0.03 -0.32 0.87 0.13 -0.47 0.82 0.14 -0.55 0.76 0.25 -0.59 0.93 0.37 0 0.79 0.47 -0.39 0.84 0.54 0 0.69 0.64 -0.34 0.7 0.67 -0.22 0.56 0.71 -0.42 0.49 0.66 -0.57 0.39 0.78 -0.49 0.35 0.78 -0.51 0.23 0.81 -0.54 0.23 0.97 0 0.06 0.95 -0.32 0.03 0.95 -0.32 -0.13 0.87 -0.47 -0.14 0.82 -0.55 -0.37 0.93 0 -0.54 0.84 0 -0.67 0.7 -0.22 -0.66 0.49 -0.57 -0.78 0.35 -0.51 -0.97 0.23 0 -0.95 0.03 -0.32 -0.82 -0.14 -0.55 -0.93 -0.37 0 -0.84 -0.54 0 -0.7 -0.67 -0.22 -0.49 -0.66 -0.57 -0.35 -0.78 -0.51 -0.23 -0.97 0 -0.03 -0.95 -0.32 0.14 -0.82 -0.55 0.37 -0.93 0 0.2 -0.38 -0.9 0.47 -0.79 -0.39 -0.14 0.44 -0.89 -0.08 0.6 -0.79 0.06 0.45 -0.89 0.15 0.51 -0.85 0.26 0.49 -0.83 0.34 0.41 -0.84 0.43 0.37 -0.82 0.38 0.2 -0.9 0.44 0.14 -0.89 0.6 0.08 -0.79 0.45 -0.06 -0.89 0.51 -0.15 -0.85 0.49 -0.26 -0.83 0.41 -0.34 -0.84 0.37 -0.43 -0.82 0 0 -1 0 0 -1 0 0 -1 0 0 -1 0 0 -1 0 0 -1 0 0 -1 0 0 -1 0 0 -1 0 0 -1 0 0 -1 0 0 -1 0 0 -1 0 0 -1 0 0 -1 0 0 -1 0 0 -1 0 0 -1 0 0 -1 0 0 -1 0 0 -1 0 0 -1 0 0 -1 0 0 -1 0 0 -1 0 0 -1 0 0 -1 0 0 -1 0 0 -1 0 0 -1 0 0 -1 0 0 -1 0 0 -1 0 0 -1 0 0 -1 0 0 -1 0 0 -1 0 0 -1 0 0 -1 0 0 -1 0 0 -1 0 0 -1 0 0 -1 0 0 -1 0 0 -1 0 0 -1 0 0 -1 0 0 -1 0 0 -1 0 0 -1 0 0 -1 0 0 -1 0 0 -1 0 0 -1 0 0 -1 0 0 -1 0 0 -1 0 0 -1 0 0 -1 0 0 -1 0 0 -1 0 0 -1 0 0 -1 0 0 -1 0 0 -1 0 0 -1 0 0 -1 0 0 -1 0 0 -1 0 0 -1 0 0 -1 0 0 -1 0 0 -1 0 0 -1 0 0 -1 0 0 -1 0 0 -1 0 0 -1 0 0 -1 0 0 -1 0 0 -1 0 0 -1 0 0 -1 0 0 -1 0 0 -1 0 0 -1 0 0 -1 0 0 -1 0 0 -1 0 0 -1 0 0 -1 0 0 -1 0 0 -1 0 0 -1 0 0 -1 0 0 -1 0 0 1 0 0 1 0 0 1 0 0 1 0 0 1 0 0 1 0 0 1 0 0 1 0 0 1 0 0 1 0 0 1 0 0 1 0 0 1 0 0 1 0 0 1 0 0 1 0 0 1 0 0 1 0 0 1 0 0 1 0 0 1 0 0 1 0 0 1 0 0 1 0 0 1 0 0 1 0 0 1 0 0 1 0 0 1 0 0 1 0 0 1 0 0 1 0 0 -1 0 0 -1 0 0 -1 0 0 -1 0 0 -1 0 0 -1 0 0 -1 0 0 -1 0 0 -1 0 0 -1 0 0 -1 0 0 -1 0 0 -1 0 0 -1 0 0 -1 0 0 -1 0 0 -1 0 0 -1 0 0 -1 0 0 -1 0 0 -1 0 0 -1 0 0 -1 0 0 -1 0 0 -1 0 0 -1 0 0 -1 0 0 -1 0 0 -1 0 0 -1 0 0 -1 0 0 -1 0.45 -0.89 0 0.18 -0.98 0 0.57 -0.82 0 0.04 -1 0 -0.22 -0.98 0 -0.33 -0.94 0 -0.54 -0.84 0 -0.64 -0.77 0 -0.82 -0.57 0 -0.89 -0.45 0 -0.98 -0.18 0 -1 -0.04 0 -0.98 0.22 0 -0.94 0.33 0 -0.84 0.54 0 -0.77 0.64 0 -0.57 0.82 0 -0.45 0.89 0 -0.18 0.98 0 -0.04 1 0 0.22 0.98 0 0.33 0.94 0 0.54 0.84 0 0.64 0.77 0 0.82 0.57 0 0.89 0.45 0 0.98 0.18 0 1 0.04 0 0.98 -0.22 0 0.94 -0.33 0 0.84 -0.54 0 0.77 -0.64 0 -0.76 0.65 0 -0.55 0.83 0 -0.45 0.89 0 -0.97 0.26 0 -0.85 0.52 0 -0.99 -0.13 0 -0.99 0.13 0 -0.85 -0.52 0 -0.97 -0.26 0 -0.55 -0.83 0 -0.76 -0.65 0 -0.19 -0.98 0 -0.45 -0.89 0 0.17 -0.99 0 -0.04 -1 0 0.5 -0.86 0 0.69 -0.72 0 0.78 -0.62 0 0.48 -0.88 0 0.27 -0.96 0 0.89 -0.45 0 1 -0.07 0 0.94 -0.33 0 0.94 0.35 0 1 0.07 0 0.73 0.69 0 0.88 0.48 0 0.38 0.93 0 0.63 0.78 0 -0.04 1 0 0.24 0.97 0 -0.19 0.98 0 0 0 -1 0 0 -1 0 0 -1 0 0 -1 0 0 -1 0 0 -1 0 0 -1 0 0 -1 0 0 -1 0 0 -1 0 0 -1 0 0 -1 0 0 -1 0 0 -1 0 0 -1 0 0 -1 0 0 -1 0 0 -1 0 0 -1 0 0 -1 0 0 -1 0 0 -1 0 0 -1 0 0 -1 0 0 -1 0 0 -1 0 0 -1 0 0 -1 0 0 -1 0 0 -1 0 0 -1 0 0 -1 0 0 -1 0 0 -1 0 0 -1 0 0 -1 0 0 -1 0 0 -1 0 0 -1 0 0 -1 0 0 -1 0 0 -1 0 0 -1 0 0 -1 0 0 -1 0 0 -1 0 0 -1 0 0 -1 -0.2 -0.98 0 -0.03 -1 0 -0.29 -0.96 0 0.16 -0.99 0 0.3 -0.96 0 0.13 -0.99 0 0.56 -0.83 0 0.66 -0.75 0 0.52 -0.85 0 0.82 -0.58 0 0.88 -0.47 0 0.78 -0.62 0 0.98 -0.2 0 1 -0.03 0 0.96 -0.29 0 0.99 0.16 0 0.96 0.3 0 0.99 0.13 0 0.83 0.56 0 0.75 0.66 0 0.85 0.52 0 0.58 0.82 0 0.47 0.88 0 0.62 0.78 0 0.2 0.98 0 0.03 1 0 0.29 0.96 0 -0.16 0.99 0 -0.3 0.96 0 -0.13 0.99 0 -0.56 0.83 0 -0.66 0.75 0 -0.52 0.85 0 -0.82 0.58 0 -0.88 0.47 0 -0.78 0.62 0 -0.98 0.2 0 -1 0.03 0 -0.96 0.29 0 -0.99 -0.16 0 -0.96 -0.3 0 -0.99 -0.13 0 -0.83 -0.56 0 -0.75 -0.66 0 -0.85 -0.52 0 -0.58 -0.82 0 -0.47 -0.88 0 -0.62 -0.78 0 0.03 -1 0 0.39 -0.92 0 0.71 -0.71 0 0.91 -0.42 0 1 0.03 0 0.92 0.39 0 0.71 0.71 0 0.42 0.91 0 -0.03 1 0 -0.39 0.92 0 -0.71 0.71 0 -0.91 0.42 0 -1 -0.03 0 -0.92 -0.39 0 -0.71 -0.71 0 -0.42 -0.91 0 0.15 0.99 0 -0.12 0.99 0 0.29 0.96 0 -0.24 0.97 0 -0.49 0.87 0 -0.62 0.78 0 -0.82 0.57 0 -0.89 0.46 0 -0.98 0.2 0 -1 0.04 0 -0.97 -0.24 0 -0.93 -0.37 0 -0.79 -0.61 0 -0.71 -0.71 0 -0.53 -0.85 0 -0.2 -0.98 0 0.08 -1 0 0.08 -1 0 -0.28 -0.96 0 -0.53 -0.85 0 0.33 -0.94 0 0.46 -0.89 0 0.68 -0.74 0 0.76 -0.64 0 0.91 -0.41 0 0.96 -0.27 0 1 0.02 0 0.99 0.16 0 0.91 0.42 0 0.84 0.54 0 0.67 0.75 0 0.55 0.84 0 0.16 0.55 -0.82 0 0 -1 0.03 0.51 -0.86 0 0 -1 -0.06 0.44 -0.9 0 0 -1 -0.2 0.58 -0.79 0 0 -1 -0.33 0.57 -0.75 0 0 -1 -0.37 0.43 -0.82 0 0 -1 -0.46 0.35 -0.81 0 0 -1 -0.41 0.21 -0.89 0 0 -1 -0.55 0.16 -0.82 0 0 -1 -0.51 0.03 -0.86 0 0 -1 -0.44 -0.06 -0.9 0 0 -1 -0.58 -0.2 -0.79 0 0 -1 -0.57 -0.33 -0.75 0 0 -1 -0.43 -0.37 -0.82 0 0 -1 -0.35 -0.46 -0.81 0 0 -1 -0.21 -0.41 -0.89 0 0 -1 -0.16 -0.55 -0.82 0 0 -1 -0.03 -0.51 -0.86 0 0 -1 0.06 -0.44 -0.9 0 0 -1 0.2 -0.58 -0.79 0 0 -1 0.33 -0.57 -0.75 0 0 -1 0.37 -0.43 -0.82 0 0 -1 0.46 -0.35 -0.81 0 0 -1 0.41 -0.21 -0.89 0 0 -1 0.55 -0.16 -0.82 0 0 -1 0.51 -0.03 -0.86 0 0 -1 0.44 0.06 -0.9 0 0 -1 0.58 0.2 -0.79 0 0 -1 0.57 0.33 -0.75 0 0 -1 0.43 0.37 -0.82 0 0 -1 0.35 0.46 -0.81 0 0 -1 0.21 0.41 -0.89 0 0 -1 0.22 0.85 -0.48 0.03 0.83 -0.55 -0.17 0.93 -0.31 -0.31 0.85 -0.42 -0.45 0.74 -0.49 -0.64 0.69 -0.34 -0.75 0.53 -0.38 -0.83 0.39 -0.41 -0.85 0.22 -0.48 -0.83 0.03 -0.55 -0.93 -0.17 -0.31 -0.85 -0.31 -0.42 -0.74 -0.45 -0.49 -0.69 -0.64 -0.34 -0.53 -0.75 -0.38 -0.39 -0.83 -0.41 -0.22 -0.85 -0.48 -0.03 -0.83 -0.55 0.17 -0.93 -0.31 0.31 -0.85 -0.42 0.45 -0.74 -0.49 0.64 -0.69 -0.34 0.75 -0.53 -0.38 0.83 -0.39 -0.41 0.85 -0.22 -0.48 0.83 -0.03 -0.55 0.93 0.17 -0.31 0.85 0.31 -0.42 0.74 0.45 -0.49 0.69 0.64 -0.34 0.53 0.75 -0.38 0.39 0.83 -0.41 0.19 0.82 -0.54 -0.03 1 0 -0.19 0.93 -0.31 -0.31 0.79 -0.53 -0.56 0.83 0 -0.71 0.71 0 -0.82 0.55 -0.16 -0.78 0.35 -0.52 -0.82 0.19 -0.54 -1 -0.03 0 -0.93 -0.19 -0.31 -0.79 -0.31 -0.53 -0.83 -0.56 0 -0.71 -0.71 0 -0.55 -0.82 -0.16 -0.35 -0.78 -0.52 -0.19 -0.82 -0.54 0.03 -1 0 0.19 -0.93 -0.31 0.31 -0.79 -0.53 0.56 -0.83 0 0.71 -0.71 0 0.82 -0.55 -0.16 0.78 -0.35 -0.52 0.82 -0.19 -0.54 1 0.03 0 0.93 0.19 -0.31 0.79 0.31 -0.53 0.83 0.56 0 0.71 0.71 0 0.55 0.82 -0.16 0.35 0.78 -0.52 0 -0.83 0.55 -0.16 -0.62 0.77 -0.26 -0.53 0.81 -0.22 -0.52 0.83 -0.34 -0.45 0.83 -0.41 -0.61 0.68 -0.44 -0.38 0.82 -0.57 -0.57 0.59 -0.45 -0.26 0.85 -0.73 -0.47 0.5 -0.59 -0.22 0.77 -0.51 -0.07 0.86 -0.6 -0.12 0.79 -0.44 0.02 0.9 -0.83 0 0.55 -0.62 0.16 0.77 -0.53 0.26 0.81 -0.52 0.22 0.83 -0.45 0.34 0.83 -0.61 0.41 0.68 -0.38 0.44 0.82 -0.57 0.57 0.59 -0.26 0.45 0.85 -0.47 0.73 0.5 -0.22 0.59 0.77 -0.07 0.51 0.86 -0.12 0.6 0.79 0.02 0.44 0.9 0 0.83 0.55 0.21 0.77 0.61 0.22 0.52 0.83 0.44 0.85 0.28 0.41 0.61 0.68 0.62 0.78 0 0.57 0.57 0.59 0.75 0.66 0 0.73 0.47 0.5 0.83 0.48 0.29 0.59 0.22 0.77 0.8 0.28 0.53 0.6 0.12 0.79 0.99 0.13 0 0.83 0 0.55 0.95 -0.06 0.32 0.62 -0.16 0.77 0.77 -0.21 0.61 0.52 -0.22 0.83 0.85 -0.44 0.28 0.61 -0.41 0.68 0.78 -0.62 0 0.57 -0.57 0.59 0.66 -0.75 0 0.47 -0.73 0.5 0.48 -0.83 0.29 0.22 -0.59 0.77 0.28 -0.8 0.53 0.12 -0.6 0.79 0.13 -0.99 0 -0.06 -0.95 0.32 -0.21 -0.77 0.61 -0.44 -0.85 0.28 -0.62 -0.78 0 -0.75 -0.66 0 -0.83 -0.48 0.29 -0.8 -0.28 0.53 -0.99 -0.13 0 -0.95 0.06 0.32 -0.77 0.21 0.61 -0.85 0.44 0.28 -0.78 0.62 0 -0.66 0.75 0 -0.48 0.83 0.29 -0.28 0.8 0.53 -0.13 0.99 0 0.06 0.95 0.32 0.16 0.62 0.77 -0.02 -0.44 0.9 0.07 -0.51 0.86 0.26 -0.45 0.85 0.38 -0.44 0.82 0.45 -0.34 0.83 0.53 -0.26 0.81 0.44 -0.02 0.9 0.51 0.07 0.86 0.45 0.26 0.85 0.44 0.38 0.82 0.34 0.45 0.83 0.26 0.53 0.81 0.13 0.64 0.75 -0.02 0.71 0.71 -0.12 0.68 0.73 -0.27 0.66 0.71 -0.47 0.74 0.47 -0.59 0.59 0.56 -0.7 0.45 0.56 -0.63 0.28 0.72 -0.64 0.13 0.75 -0.71 -0.02 0.71 -0.68 -0.12 0.73 -0.66 -0.27 0.71 -0.74 -0.47 0.47 -0.59 -0.59 0.56 -0.45 -0.7 0.56 -0.28 -0.63 0.72 -0.13 -0.64 0.75 0.02 -0.71 0.71 0.12 -0.68 0.73 0.27 -0.66 0.71 0.47 -0.74 0.47 0.59 -0.59 0.56 0.7 -0.45 0.56 0.63 -0.28 0.72 0.64 -0.13 0.75 0.71 0.02 0.71 0.68 0.12 0.73 0.66 0.27 0.71 0.74 0.47 0.47 0.59 0.59 0.56 0.45 0.7 0.56 0.28 0.63 0.72 0 0 1 0 0 1 0 0 1 0 0 1 0 0 1 0 0 1 0 0 1 0 0 1 0 0 1 0 0 1 0 0 1 0 0 1 0 0 1 0 0 1 0 0 1 0 0 1 0 0 1 0 0 1 0 0 1 0 0 1 0 0 1 0 0 1 0 0 1 0 0 1 0 0 1 0 0 1 0 0 1 0 0 1 0 0 1 0 0 1 0 0 1 0 0 1 0 0 1 0 0 1 0 0 1 0 0 1 0 0 1 0 0 1 0 0 1 0 0 1 0 0 1 0 0 1 0 0 1 0 0 1 0 0 1 0 0 1 0 0 1 0 0 1 0 0 1 0 0 1 0 0 1 0 0 1 0 0 1 0 0 1 0 0 1 0 0 1 0 0 1 0 0 1 0 0 1 0 0 1 0 0 1 0 0 1 0 0 1 0 0 1 0 0 -1 0 0 -1 0 0 -1 0 0 -1 0 0 -1 0 0 -1 0 0 -1 0 0 -1 0 0 -1 0 0 -1 0 0 -1 0 0 -1 0 0 -1 0 0 -1 0 0 -1 0 0 -1 0 0 -1 0 0 -1 0 0 -1 0 0 -1 0 0 -1 0 0 -1 0 0 -1 0 0 -1 0 0 -1 0 0 -1 0 0 -1 0 0 -1 0 0 -1 0 0 -1 0 0 -1 0 0 -1 0 0 1 0 0 1 0 0 1 0 0 1 0 0 1 0 0 1 0 0 1 0 0 1 0 0 1 0 0 1 0 0 1 0 0 1 0 0 1 0 0 1 0 0 1 0 0 1 0 0 1 0 0 1 0 0 1 0 0 1 0 0 1 0 0 1 0 0 1 0 0 1 0 0 1 0 0 1 0 0 1 0 0 1 0 0 1 0 0 1 0 0 1 0 0 1 0.14 0.99 0 -0.11 0.99 0 0.29 0.96 0 -0.22 0.98 0 -0.46 0.89 0 -0.58 0.81 0 -0.77 0.64 0 -0.84 0.54 0 -0.96 0.29 0 -0.99 0.14 0 -0.99 -0.11 0 -0.98 -0.22 0 -0.89 -0.46 0 -0.81 -0.58 0 -0.64 -0.77 0 -0.54 -0.84 0 -0.29 -0.96 0 -0.14 -0.99 0 0.11 -0.99 0 0.22 -0.98 0 0.46 -0.89 0 0.58 -0.81 0 0.77 -0.64 0 0.84 -0.54 0 0.96 -0.29 0 0.99 -0.14 0 0.99 0.11 0 0.98 0.22 0 0.89 0.46 0 0.81 0.58 0 0.64 0.77 0 0.54 0.84 0 -0.55 -0.84 0 -0.29 -0.96 0 -0.15 -0.99 0 -0.84 -0.54 0 -0.66 -0.75 0 -0.99 -0.15 0 -0.91 -0.42 0 -0.97 0.26 0 -1 -0.02 0 -0.76 0.65 0 -0.91 0.41 0 -0.46 0.89 0 -0.68 0.73 0 -0.11 0.99 0 -0.32 0.95 0 0.25 0.97 0 0.47 0.88 0 0.56 0.83 0 0.18 0.98 0 -0.03 1 0 0.72 0.7 0 0.93 0.37 0 0.8 0.6 0 1 -0.04 0 0.97 0.23 0 0.88 -0.47 0 0.98 -0.19 0 0.61 -0.79 0 0.8 -0.6 0 0.26 -0.97 0 0.5 -0.87 0 0.13 -0.99 0 0 1 0 0 1 0 0 1 0 0 1 0 0 1 0 0 1 0 0 1 0 0 1 0 0 1 0 0 1 0 0 1 0 0 1 0 0 1 0 0 1 0 0 1 0 0 1 0 -1 0 0 -1 0 0 -1 0 0 -1 0 0 0 -1 0 0 -1 0 0 -1 0 0 -1 0 0 -1 0 0 -1 0 0 -1 0 0 -1 0 0 -1 0 0 -1 0 0 -1 0 0 -1 0 1 0 0 1 0 0 1 0 0 1 0 0 0 -1 0 0 -1 0 0 -1 0 0 -1 0 0 0 -1 0 0 -1 0 0 -1 0 0 -1 0 0 -1 0 0 -1 0 0 -1 0 0 -1 0 1 0 -1 0 0 -0.71 -0.71 0 -1 0 0 -0.71 -0.71 0 0 1 0 0 1 0 -0.71 -0.71 0 0 1 0 0 -1 0 0 -1 0 0 -1 0 0 -1 0 0 -1 0 -1 0 0 -0.71 0.71 0 1 0 0 0 -1 0 1 0 0 1 0 0 1 0 0 0 -1 0 0 1 0 -1 0 0 -0.89 0.45 0 -0.71 0.71 0 -1 0 0 -0.71 -0.71 0 0 -1 0 1 0 0 -1 0 0 -0.89 0.45 0 0 1 0 1 0 0 1 0 0 0 -1 0 0 -1 0 1 0 0 1 0 0 -0.89 0.45 0 -1 0 0 0 1 0 0 1 0 1 0 0 1 0 0 0 1 0 -0.71 0.71 0 -1 0 0 0 0 -1 0 0 -1 0 0 -1 0 0 -1 0 0 -1 0 0 -1 0 0 -1 0 0 -1 0 0 -1 0 0 -1 0 0 -1 0 0 -1 0 0 -1 0 0 -1 0 0 -1 0 0 -1 0 0 -1 0 0 -1 0 0 -1 0 0 -1 0.55 -0.83 0 0.95 -0.32 0 0 -1 0 -0.3 -0.9 -0.3 -0.87 -0.44 -0.22 -1 0 0 -0.89 0.45 0 0 1 0 0 1 0 0.3 0.9 -0.3 0.8 0.53 -0.27 1 0 0 0.83 -0.55 0 0.32 -0.95 0 0 -1 0 -0.55 -0.83 0 -0.98 -0.2 0 -1 0 0 0 1 0 0 1 0 0.55 0.83 0 0.95 0.32 0 1 0 0 -0.45 0.89 0 0 0 -1 0 0 -1 0 0 -1 0 0 -1 0 0 -1 1 0 0 1 0 0 1 0 0 1 0 0 0 0 1 0 0 1 0 0 1 0 0 1 0 0 1 0 0 1 0 0 1 0 0 1 0 0 1 0 0 1 0 0 1 0 0 1 0 0 1 0 0 1 0 0 1 0 0 1 0 0 1 0 0 1 0 0 1 0 0 1 0 0 1 0 0 1 0 0 1 0 0 1 0 0 1 0 0 1 0 0 1 0 0 1 0 0 1 0 0 1 0 0 1 0 0 1 0 0 1 0 0 1 0 0 1 0.67 0.67 0.33 0.82 0.41 0.41 1 0 0 0.41 0.82 0.41 0 1 0 0 1 0 0 1 0 0 1 0 0 1 0 -1 0 0 -1 0 0 -1 0 0 -1 0 0 -0.67 -0.67 0.33 -0.82 -0.41 0.41 -1 0 0 -0.41 -0.82 0.41 0 -1 0 0 -1 0 0 -1 0 0 -1 0 0 -1 0 1 0 0 1 0 0 1 0 0 1 0 0 0 1 0 0.71 0.71 0 1 0 0 0 -1 0 -0.45 -0.89 0 -1 0 0 -0.71 0.71 0 0.71 0.71 0 1 0 0 0.45 -0.89 0 0 -1 0 -0.45 -0.89 0 0 1 0 0 -1 0 -0.89 -0.45 0 -1 0 0 -0.71 0.71 0 0 1 0 1 0 0 0.89 -0.45 0 1 0 0 -1 0 0 -0.71 -0.71 0 -0.45 -0.89 0 0 -1 0 0 -1 0 0.45 -0.89 0 1 0 0 0.45 0.89 0 0 1 0 1 0 0 0.89 0.45 0 0 1 0 -0.71 0.71 0 -1 0 0 -0.45 -0.89 0 0 -1 0 -1 0 0 -1 0 0 -0.89 -0.45 0 0 -1 0 1 0 0 0.71 -0.71 0 0.71 0.71 0 0.89 -0.45 0 1 0 0 0.71 0.71 0 0 1 0 -0.71 0.71 0 -1 0 0 -1 0 0 -0.89 -0.45 0 0 -1 0 0.71 -0.71 0 1 0 0 0.71 0.71 0 0.89 -0.45 0 1 0 0 0.71 0.71 0 0 1 0 -0.71 0.71 0 -1 0 0 0 1 0 -0.71 0.71 0 -1 0 0 -0.89 -0.45 0 0 -1 0 0.89 -0.45 0 1 0 0 -0.45 -0.89 0 0 -1 0 0.45 -0.89 0 1 0 0 0.71 0.71 0 0 1 0 1 0 0 0.71 0.71 0 0 1 0 0 1 0 0.89 -0.45 0 0 1 0 -1 0 0 -1 0 0 0.71 0.71 0 1 0 0 0 -1 0 0 -1 0 0.71 0.71 0 0 -1 0 0 1 0 0 1 0 0 0 1 0 0 1 0 -0.89 0.45 -0.89 0 0.45 -1 0 0 -1 0 0 -1 0 0 0 -1 0 0.89 -0.45 0 1 0 0 1 0 0 0.71 -0.71 0 0 1 0 -0.71 0.71 0 -0.45 0.89 0 0 1 0 -1 0 0 0 -1 0 0 -1 0 0 -1 0 0 -1 0 1 0 0 0.71 0.71 0 0.71 0.71 0 0 1 0 -1 0 0 -1 0 0 -1 0 0 1 0 0 1 0 0 1 0 0 0 0 1 0 0 1 0 0 1 0 0 1 0 0 1 0 0 1 -1 0 0 -1 0 0 0 -0.32 0.95 0.45 0 0.89 0.3 -0.3 0.9 0.3 -0.3 0.9 0 1 0 0 1 0 0 0 1 0 0 1 0 0 1 0 0 -1 0 0 -1 0 0 -1 0 0 -1 0 0 -1 0 1 0 0 1 0 0 1 0 0 1 0 -0.45 0.89 0 -1 0 0 -0.45 -0.89 0 0.27 -0.53 -0.8 0 0 -1 0 0 -1 -1 0 0 -0.89 -0.45 0 0 -0.83 -0.55 0.69 -0.23 -0.69 0.8 0 -0.6 0.71 0.71 0 0 1 0 0.95 0 -0.32 0.71 0 -0.71 0.71 0.71 0 0 1 0 -0.71 0.71 0 -1 0 0 -0.89 -0.45 0 0 0 -1 0 1 0 -0.71 0.71 0 -1 0 0 -0.45 -0.89 0 0 -1 0 0.71 -0.71 0 1 0 0 0 -1 0 0.71 -0.71 0 1 0 0 0.45 0.89 0 0 1 0 -0.45 0.89 0 0 1 0 0 1 0 -0.71 0.71 0 -1 0 0 -0.45 -0.89 0 0 -1 0 -1 0 0 -0.89 -0.45 0 0 -1 0 0.89 -0.45 0 1 0 0 0.89 0.45 0 0 1 0 1 0 0 1 0 0 0.45 0.89 0 0 1 0 -0.89 0.45 0 -1 0 0 -0.89 -0.45 0 0 1 0 -0.45 0.89 0 -1 0 0 -0.45 -0.89 0 0 -1 0 0.71 -0.71 0 1 0 0 0 -1 0 0.71 -0.71 0 1 0 0 0.71 0.71 0 0 1 0 -0.45 0.89 0 -1 0 0 0.71 0.71 0 0 1 0 -0.89 0.45 0 -1 0 0 -0.71 -0.71 0 0 -1 0 0.45 -0.89 0 -0.89 0 -0.45 -0.58 -0.58 -0.58 0 -0.97 -0.24 0.71 -0.71 0 1 0 0 -0.71 0.71 0 1 0 0 1 0 0 1 0 0 1 0 0 -1 0 0 -1 0 0 -1 0 0 -1 0 0 -1 0 0 -1 0 0 -1 0 0 -1 0 0 -1 0 0 -1 0 0 -1 0 0 -1 0 0 1 0 0 1 0 0 1 0 0 1 0 0 0 0 -1 0 0 -1 0 0 -1 0 0 -1 0 0 -1 0 0 -1 0 0 -1 0 0 -1 0 0 -1 0 0 -1 0 0 -1 0 0 -1 0 0 -1 0 0 -1 0 0 -1 0 0 -1 0 0 -1 0 0 -1 0 0 -1 0 0 -1 0 0 -1 0 0 -1 0 0 -1 0 0 -1 0 0 -1 0 0 -1 0 0 -1 0 0 1 0 0 -1 0 0 -1 0 0 -1 0 0.97 -0.24 0 1 0 0 0.89 -0.45 0 1 0 0 0 -1 0 0.89 -0.45 0 1 0 0 0 -1 0 0 -1 0 0 1 0 -0.89 0.45 0 -1 0 0 0 1 0 -1 0 0 -1 0 -0.67 -0.67 0.33 -0.71 -0.71 0 -0.97 0 0.24 -1 0 0 0 0 1 0 0 1 0 0 1 0 0 1 0 0 1 0 0 1 0 0 -1 0 0 -1 0 0 -1 0 0 1 0 0 1 0 0 -1 0 0 -1 0 0 -1 0 0 1 0 0 1 0 0 1 0 0 1 0 0 1 0 0 1 0 0 1 0 0 1 0 0 1 0 0 1 0 0 1 0 0 1 0 0 1 0 0 1 0 0 1 0 0 1 0 0 1 0 0 1 0 0 1 0 0 1 0 0 1 0 0 1 0 0 1 0 0 1 0 0 1 0 0 1 0 0 1 0 0 1 0 0 1 0 -1 0 0 -1 0 0 -1 0 0 -1 0 0 -1 0 -1 0 0 -1 0 0 -1 0 0 -1 0 0 -1 0 0 -1 0 0 -1 0 0 -1 0 0 0 1 0 0 1 0 0 1 0 0 1 0 0 1 0 1 0 0 1 0 0 1 0 0 1 0 0 1 0 0 1 0 0 1 0 0 1 0 0 -1 0 0 -1 0 0 -1 0 0 -0.9 -0.3 -0.3 -0.67 -0.67 -0.33 0 -0.89 -0.45 0 -1 0 0.67 -0.67 -0.33 0.9 -0.3 -0.3 1 0 0 1 0 0 0.71 0 -0.71 0 0 -1 0 0 -1 0 0 -1 0 0 -1 0 0 -1 0 0 -1 0 0 -1 0 0 -1 0 0 -1 0 0 -1 0 0 -1 0 0 -1 0 0 -1 0 -1 0 0.45 -0.89 0 0 -1 0 0.71 -0.71 0 1 0 0 0.71 0.71 0 0.71 0.71 0 0 -1 0 0.71 0.71 0 0.71 0.71 0 -1 0 0 -0.89 -0.45 0 -0.71 -0.71 0 0 -1 0 1 0 0 1 0 0 -1 0 0 1 0 0 1 0 0 0 -1 0 0 -1 0 0 -1 0 0 -1 0 0 -1 0 0.71 0.71 0 0.71 0.71 0 0.71 0.71 0 0.71 0.71 0 -1 0 0 -0.89 -0.45 0 -1 0 0 -0.71 -0.71 0 0 -1 0 1 0 0 1 0 0 1 0 0 1 0 0 -1 0 0 -1 0 0 -1 0 0 0 -1 0 0 -1 0 0 -1 0 0 -1 0 0 -1 0 0.71 0.71 0 0.71 0.71 0 0.71 0.71 0 0.71 0.71 0 -1 0 0 -0.89 -0.45 0 -1 0 0 -0.71 -0.71 0 0 -1 0 1 0 0 1 0 0 1 0 0 1 0 0 -1 0 0 -1 0 0 -1 0 0 0 -1 0 0 -1 0 0 -1 0 0.71 0.71 0 0.71 0.71 0 0 -1 0 0.71 0.71 0 0.71 0.71 0 0 0 -1 0 0 -1 0 0 -1 0 0 -1 0 0 -1 0 0 -1 0 1 0 0 0 1 0.58 -0.58 0.58 0 1 0 0 1 0 -0.71 -0.71 0 -0.71 -0.71 0 -0.71 -0.71 0 1 0 0 0.71 0.71 0 0.71 0.71 0 0 1 0 -1 0 0 -0.45 0 0.89 0 0 1 -0.45 0 0.89 0.41 -0.41 0.82 0.71 -0.71 0 0.71 -0.71 0 0 1 0 0 1 0 0 1 0 -0.71 -0.71 0 -0.58 -0.58 -0.58 0 0 -1 0 0 -1 -0.58 -0.58 -0.58 1 0 0 0.71 0.71 0 0 0 -1 0 0 -1 0.71 0.71 0 0 1 0 -1 0 0 -0.71 0 -0.71 0 0 -1 0 0 -1 -1 0 0 0.71 -0.71 0 0.71 -0.71 0 0.71 -0.71 0 0 1 0 0 1 0 0 1 0 0 1 0 0 1 0 0 1 0 0 1 0 -0.71 -0.71 0 -0.71 -0.71 0 -0.71 -0.71 0 1 0 0 0.71 0.71 0 0.71 0.71 0 0 1 0 -1 0 0 -1 0 0 0 0 1 0 0 1 0 0 1 -1 0 0 -1 0 0 0.3 -0.3 0.9 0 0 1 0.3 -0.3 0.9 0 0 1 0 0 1 0 0 1 0.64 0.43 0.64 0 0 1 -0.27 0.53 0.8 -0.49 -0.49 0.73 0 0 1 0 -0.51 0.86 0.69 -0.23 0.69 0.71 0 0.71 0.41 0.41 0.82 0 0.64 0.77 -0.33 0.67 0.67 -0.89 0 0.45 -0.33 -0.67 0.67 0 -0.24 0.97 -0.67 0.33 0.67 -0.55 0 0.83 -0.53 -0.27 0.8 0 -0.32 0.95 0 0 1 0 0 1 0 0 1 0 0 1 -0.71 0 0.71 0 0 1 -0.95 0 0.32 -0.71 0 0.71 -0.82 -0.41 0.41 -0.3 -0.3 0.9 0 -0.37 0.93 0.49 -0.49 0.73 0.71 0 0.71 0.71 0 0.71 0 0 1 0 0 1 -0.71 0 0.71 0.78 -0.2 0.59 0.3 0.3 0.9 0 0 1 0 0.32 0.95 -0.27 0.53 0.8 -0.71 0 0.71 0 0 1 0.18 -0.37 0.91 0 0 1 -0.67 0.33 0.67 -0.71 0 0.71 -0.49 -0.49 0.73 0 -0.71 0.71 0.58 -0.58 0.58 0.89 0 0.45 0 0 1 0 0 1 0 0.6 0.8 0.71 -0.71 0 1 0 0 0.8 0.27 0.53 0 0.45 0.89 0 0 1 -0.27 0.53 0.8 -0.53 -0.27 0.8 0 0 1 -0.23 -0.69 0.69 0.49 0.49 0.73 -0.14 0.55 0.82 -0.33 0.67 0.67 -0.83 0 0.55 -0.67 -0.33 0.67 0 0 1 0 0 1 0.89 0 0.45 0 0 1 -0.71 0 0.71 -0.3 -0.3 0.9 0 -0.37 0.93 0.3 -0.3 0.9 0.69 -0.23 0.69 0.71 0 0.71 0 0 1 0 0 1 -0.67 0.33 0.67 0.8 -0.27 0.53 0.3 0.3 0.9 0 0 1 0 0.32 0.95 -0.27 0.53 0.8 -0.71 0 0.71 0 0 1 0.35 -0.35 0.87 0 0 1 -0.67 0.33 0.67 -1 0 0 -0.89 -0.45 0 0 -0.89 0.45 0.41 -0.41 0.82 0.71 0 0.71 0 0 1 0 0 1 0 0.6 0.8 0.49 -0.49 0.73 0.55 0 0.83 0.64 0.43 0.64 0 0.45 0.89 0 0 1 -0.41 0.41 0.82 -0.89 0 0.45 -0.41 -0.82 0.41 0 -0.45 0.89 0.41 0.41 0.82 0.14 0.55 0.82 -0.43 0.64 0.64 -0.89 0 0.45 -0.41 -0.41 0.82 0 0 1 0 0 1 0.71 0 0.71 0 0 1 -0.55 0 0.83 -0.53 -0.27 0.8 0 -0.37 0.93 0.3 -0.3 0.9 0.78 -0.2 0.59 0.45 0 0.89 0 0 1 0 0 1 -0.67 0.33 0.67 0.67 -0.33 0.67 0.53 0.27 0.8 0 0.45 0.89 0 0 1 -0.53 0.27 0.8 -0.45 0 0.89 0 0 1 0.35 -0.35 0.87 0 0 1 -0.33 0.67 0.67 -0.83 0 0.55 -0.3 -0.3 0.9 -0.17 -0.51 0.85 0.49 -0.49 0.73 0.45 0 0.89 0 0 1 0 0.45 0.89 0 0 1 0 0.32 0.95 0 0 1 0 0 1 0 0 1 0 0 1 0 0 1 0 0 1 0 0 1 0 0 1 0 0 1 0 0 1 0 0 1 0 0 1 -0.53 -0.27 -0.8 0 0 -1 0 0 -1 0 0 -1 0.71 0 -0.71 0.95 0 -0.32 0.71 0 -0.71 0.49 0.49 -0.73 -0.29 0.43 -0.86 -0.2 0 -0.98 -0.41 0.41 -0.82 -0.69 -0.23 -0.69 0 0 -1 0 0 -1 0 0 -1 -0.64 0.43 -0.64 -0.37 0.18 -0.91 -0.71 0 -0.71 -0.27 -0.53 -0.8 0.27 -0.53 -0.8 0 0 -1 0.67 -0.33 -0.67 0 0 -1 0 0 -1 0 -0.45 -0.89 0.3 -0.3 -0.9 0.69 -0.23 -0.69 0.41 0.41 -0.82 0 0.51 -0.86 0 0 -1 0 0.71 -0.71 0 0 -1 0 0 -1 0.27 0.53 -0.8 0 0.16 -0.99 -0.18 0.37 -0.91 -0.53 0.27 -0.8 -0.55 0 -0.83 -0.49 -0.49 -0.73 0.18 -0.37 -0.91 0 0 -1 0 0 -1 0 0 -1 0 0 -1 0 -0.45 -0.89 0 0 -1 -0.74 -0.37 -0.56 -0.53 0.27 -0.8 -0.18 0.37 -0.91 0 0.16 -0.99 0.27 0.53 -0.8 -0.89 0 -0.45 -0.45 0 -0.89 -0.41 -0.41 -0.82 0.17 -0.51 -0.85 0.32 0 -0.95 0.78 -0.2 -0.59 0.67 0.33 -0.67 0 0.45 -0.89 0 0 -1 0.83 0 -0.55 0.71 0 -0.71 0.27 0.53 -0.8 -0.29 0.43 -0.86 -0.2 0 -0.98 -0.41 0.41 -0.82 -0.8 -0.27 -0.53 0 0 -1 0 0 -1 -0.64 0.43 -0.64 -0.37 0.18 -0.91 0 -0.32 -0.95 0.14 -0.55 -0.82 0 0 -1 0.67 -0.33 -0.67 0 0 -1 0 0 -1 0 -0.45 -0.89 0.3 -0.3 -0.9 0.69 -0.23 -0.69 0.41 0.41 -0.82 0 0.51 -0.86 0 0 -1 -0.33 0.67 -0.67 0 0 -1 0 0 -1 -0.71 0 -0.71 -0.3 -0.3 -0.9 0 -0.45 -0.89 0.32 0 -0.95 0.78 -0.2 -0.59 0.67 0.33 -0.67 0 0.45 -0.89 0 0 -1 0 0 -1 0.95 0 -0.32 0.89 0 -0.45 0.27 0.53 -0.8 -0.29 0.43 -0.86 -0.2 0 -0.98 -0.41 0.41 -0.82 -0.8 -0.27 -0.53 0 0 -1 0 0 -1 -0.64 0.43 -0.64 -0.37 0.18 -0.91 -0.67 -0.33 -0.67 0 -0.45 -0.89 0.15 -0.62 -0.77 0 0 -1 0.67 -0.33 -0.67 0 0 -1 0 0 -1 0 -0.55 -0.83 0.3 -0.3 -0.9 0.69 -0.23 -0.69 0.41 0.41 -0.82 0 0.62 -0.78 0 0 -1 -0.41 0.41 -0.82 0 0 -1 0 0 -1 0.27 0.53 -0.8 0 0.16 -0.99 -0.19 0.19 -0.96 -0.49 0.49 -0.73 -0.74 -0.37 -0.56 0 0 -1 0 -0.45 -0.89 0 0 -1 0 0 -1 -0.71 0 -0.71 -0.3 -0.3 -0.9 0 -0.45 -0.89 0.32 0 -0.95 0.78 -0.2 -0.59 0.58 0.58 -0.58 0 0.24 -0.97 0 0 -1 0 0 -1 0.83 0 -0.55 0.71 0 -0.71 0.3 0.3 -0.9 -0.15 0.44 -0.88 -0.2 0 -0.98 -0.27 0.53 -0.8 0 0 -1 0 0 -1 0 0 -1 -0.67 0.67 -0.33 -0.71 0.71 0 0 1 0 0.71 0.71 0 1 0 0 1 0 0 1 0 0 1 0 0 0 -1 0 0 -1 0 0 -1 0 0 -1 0 1 0 0 1 0 0 1 0 0 1 0 0 1 0 0 1 0 0 1 0 0 1 0 0 1 0 0 1 0 0 1 0 0 1 0 0 0 1 0 0 1 0 0 1 0 0 1 0 1 0 0 1 0 0 1 0 0 1 0 0 -1 0 0 -1 0 0 -1 0 0 -1 0 0 1 0 0 1 0 0 1 0 0 1 0 0 -1 0 0 -1 0 0 -1 0 0 -1 0 0 1 0 0 1 0 0 1 0 0 1 0 0 -1 0 0 -1 0 0 -1 0 0 -1 0 0 0 1 0 0 1 0 0 1 0 0 1 0 -1 0 0 -1 0 0 -1 0 0 -1 0 0 -1 0 0 -1 0 0 -1 0 0 -1 0 0 -1 0 0 -1 0 0 -1 0 0 -1 0 0 0 -1 0 0 -1 0 0 -1 0 0 -1 0 1 0 0 1 0 0 1 0 0 1 0 0 -1 0 0 -1 0 0 -1 0 0 -1 0 0 -0.99 -0.16 0 -1 -0.03 0 -1 0.03 0 -0.94 -0.35 0 -0.98 -0.22 0 -0.84 -0.54 0 -0.91 -0.42 0 -0.73 -0.69 0 -0.81 -0.59 0 -0.59 -0.81 0 -0.69 -0.73 0 -0.42 -0.91 0 -0.54 -0.84 0 -0.22 -0.98 0 -0.35 -0.94 0 -0.03 -1 -0.01 -0.16 -0.99 0 0.1 -0.99 -0.01 0.17 -0.99 -0.01 0.23 -0.97 0 0.3 -0.95 0 0.49 -0.87 0.01 0.58 -0.82 0 0.39 -0.92 0.01 0.69 -0.73 0 0.59 -0.81 0 0.81 -0.59 0 0.73 -0.69 0 0.91 -0.42 0 0.84 -0.54 0 0.98 -0.22 0 0.94 -0.35 0 1 -0.03 -0.01 0.99 -0.16 0 0.99 0.1 -0.01 0.99 0.17 -0.01 0.97 0.23 0 0.94 0.35 0 0.84 0.54 0 0.91 0.42 0 0.73 0.69 0 0.81 0.59 0 0.59 0.81 0 0.69 0.73 0 0.42 0.91 0 0.54 0.84 0 0.22 0.98 0 0.35 0.94 0 0.03 1 0 0.16 0.99 0 -0.16 0.99 0 -0.03 1 0 -0.35 0.94 0 -0.22 0.98 0 -0.54 0.84 0 -0.42 0.91 0 -0.69 0.73 0 -0.59 0.81 0 -0.8 0.61 0 -0.73 0.69 0 -0.87 0.49 0.01 -0.83 0.55 0.01 -0.93 0.36 0.01 -0.98 0.22 0 -0.95 0.32 0 -0.99 0.16 0 1 -0.09 0 -0.09 -1 0 0 0 -1 0 0 -1 0 0 -1 0 0 -1 0 0 -1 0 0 -1 0 0 -1 0 0 -1 0 0 -1 0 0 -1 0 0 -1 0 0 -1 0 0 -1 0 0 -1 0 0 -1 0 0 -1 0 0 -1 0 0 -1 0 0 -1 0 0 -1 0 0 -1 0 0 -1 0 0 -1 0 0 -1 0 0 -1 0 0 -1 0 0 -1 0 0 -1 0 0 -1 0 0 -1 0 0 -1 0 0 -1 0 0 -1 0 0 -1 0 0 -1 0 0 -1 0 0 -1 0 0 -1 0 0 -1 0 0 -1 0 0 -1 0 0 -1 0 0 -1 0 0 -1 0 0 -1 0 0 -1 0 0 -1 0 0 -1 0 0 -1 0 0 -1 0 0 -1 0 0 -1 0 0 -1 0 0 -1 0 0 -1 0 0 -1 0 0 -1 0 0 -1 0 0 -1 0 0 -1 0 0 -1 0 0 -1 0 0 -1 0 0 -1 0 0 -1 0 0 -1 0 0 -1 0 0 -1 0 0 -1 0 0 -1 0 0 -1 0 0 -1 0 0 -1 0 0 -1 0 0 -1 0 0 -1 0 0 -1 0 0 -1 0 0 -1 0 0 -1 0 0 -1 0 0 -1 0 0 -1 0 0 -1 0 0 -1 0 0 -1 0 0 -1 0 0 -1 0 0 -1 0 0 -1 0 0 -1 0 0 -1 0 0 -1 0 0 -1 0 0 -1 0 0 -1 0 0 -1 0 0 -1 0 0 -1 0 0 -1 0 0 -1 0 0 -1 0 0 -1 0 0 -1 0 0 -1 0 0 -1 0 0 -1 0 0 -1 0 0 -1 0 0 -1 0 0 -1 0 0 -1 0 0 -1 0 0 1 0 0 1 0 0 1 0 0 1 0 0 1 0 0 1 0 0 1 0 0 1 0 0 1 0 0 1 0 0 1 0 0 1 0 0 1 0 0 1 0 0 1 0 0 1 0 0 1 0 0 1 0 0 1 0 0 1 0 0 1 0 0 1 0 0 1 0 0 1 0 0 1 0 0 1 0 0 1 0 0 1 0 0 1 0 0 1 0 0 1 0 0 1 0 0 1 0 0 1 0 0 1 0 0 1 0 0 1 0 0 1 0 0 1 0 0 1 0 0 1 0 0 1 0 0 1 0 0 1 0 0 1 0 0 1 0 0 1 0 0 1 0 0 1 0 0 1 0 0 1 0 0 1 0 0 1 0 0 1 0 0 1 0 0 1 0 0 1 0 0 1 0 0 1 0 0 1 0 0 1 0 0 1 0 0 1 0 0 1 0 0 1 0 0 1 0 0 1 0 0 1 0 0 1 0 0 1 0 0 1 0 0 1 0 0 1 0 0 1 0 0 1 0 0 1 0 0 1 0 0 1 0 0 1 0 0 1 0 0 1 0 0 1 0 0 1 0 0 1 0 0 1 0 0 1 0 0 1 0 0 1 0 0 1 0 0 1 0 0 1 0 0 1 0 0 1 0 0 1 0 0 1 0 0 1 0 0 1 0 0 1 0 0 1 0 0 1 0 0 1 0 0 1 0 0 1 0 0 1 0 0 1 0 0 1 0 0 1 0 0 1 0 0 1 0 0 1 0 0 1 0 0 1 0 0 1 0 0 1 0 0 1 0 0 1 0 0 1 0 0 1 0 0 1 0 0 1 0 0 1 0 0 1 0 0 1 0 0 1 0 0 1 0 0 1 0 0 1 0 0 1 0 0 1 0 0 1 0 0 1 0 0 1 0 0 1 0 0 1 0 0 1 0 0 1 0 0 1 0 0 1 0 0 1 0 0 1 0 0 1 0 0 1 0 0 1 0 0 1 0 0 1 0 0 1 0 0 1 0 0 1 0 0 1 0 0 1 0 0 1 0 0 1 0 0 1 0 0 1 0 0 1 0 0 -1 0 0 -1 0 0 -1 0 0 -1 0 0 -1 0 0 -1 0 0 -1 0 0 -1 0 0 -1 0 0 -1 0 0 -1 0 0 -1 0 0 -1 0 0 -1 0 0 -1 0 0 -1 0 0 -1 0 0 -1 0 0 -1 0 0 -1 0 0 -1 0 0 -1 0 0 -1 0 0 -1 0 0 -1 0 0 -1 0 0 -1 0 0 -1 0 0 -1 0 0 -1 0 0 -1 0 0 -1 0 0 -1 0 0 -1 0 0 -1 0 0 -1 0 0 -1 0 0 -1 0 0 -1 0 0 -1 0 0 -1 0 0 -1 0 0 -1 0 0 -1 0 0 -1 0 0 -1 0 0 -1 0 0 -1 0 0 -1 0 0 -1 0 0 -1 0 0 -1 0 0 -1 0 0 -1 0 0 -1 0 0 -1 0 0 -1 0 0 -1 0 0 -1 0 0 -1 -0.92 -0.39 0 -0.97 -0.25 0 -0.99 -0.17 0 -0.82 -0.57 0 -0.89 -0.45 0 -0.67 -0.74 0 -0.77 -0.63 0 -0.5 -0.87 0 -0.62 -0.79 0 -0.29 -0.96 0 -0.43 -0.9 0 0.13 -0.99 0 -0.02 -1 0 -0.09 -1 0 0.35 -0.94 -0.04 0.2 -0.98 0 0.47 -0.88 -0.08 0.56 -0.83 -0.07 0.63 -0.78 0 -1 -0.03 0 -1 0.03 0 0.7 -0.72 0 0.2 0.98 0 0.34 0.94 0 0.4 0.92 0 0.53 0.85 0 0.58 0.81 0 0.7 0.72 0 0.76 0.66 0 0.84 0.54 0 0.87 0.49 0 0.93 0.37 0 0.96 0.29 0 0.99 0.13 0 0.99 0.15 0 1 0 0 1 -0.09 0 0.98 -0.18 0 0.96 -0.29 0 0.93 -0.37 0 0.87 -0.49 0 0.84 -0.54 0 -0.23 -0.97 0 0.76 -0.66 0 0.33 -0.94 0 0.13 0.99 0 -0.02 1 0 -0.09 1 0 -0.23 0.97 0 -0.29 0.96 0 -0.43 0.9 0 -0.5 0.87 0 -0.62 0.79 0 -0.67 0.74 0 -0.78 0.62 -0.01 -0.77 0.64 0 -0.86 0.51 -0.02 -0.93 0.36 0 -0.97 0.25 0 -0.99 0.17 0 -0.9 0.43 -0.02 0.49 -0.87 0 0.61 -0.79 0 0.44 -0.9 0 0.31 -0.95 0 0.24 -0.97 0 0.1 -1 0 0.02 -1 0 -0.13 -0.99 0 -0.19 -0.98 0 -0.34 -0.94 0 -0.41 -0.91 0 -0.54 -0.84 0 -0.59 -0.81 0 -0.7 -0.71 0 -0.75 -0.66 0 -0.84 -0.55 0 -0.87 -0.49 0 -0.93 -0.36 0 -0.96 -0.28 0 -0.99 -0.15 0 -0.99 -0.15 0 -0.99 0.15 0 -1 0.02 0 -1 -0.02 0 -0.96 0.28 0 -0.93 0.36 0 -0.87 0.49 0 -0.84 0.55 0 -0.75 0.66 0 -0.7 0.71 0 -0.59 0.81 0 -0.54 0.84 0 -0.41 0.91 0 -0.34 0.94 0 -0.19 0.98 0 -0.13 0.99 0 0.68 -0.74 0 0.78 -0.62 0 0.24 0.97 0 0.1 1 0 0.31 0.95 0 0.44 0.9 0 0.49 0.87 0 0.61 0.79 0 0.68 0.74 0 0.78 0.62 0 0.82 0.57 0 0.89 0.45 0 0.92 0.38 0 0.97 0.25 0 0.98 0.18 0 1 0.04 0 1 -0.04 0 0.82 -0.57 0 0.89 -0.45 0 0.02 1 0 -0.99 0.15 0 0.92 -0.38 0 0.97 -0.25 0 0.98 -0.18 0 0 0 -1 0 0 -1 0 0 -1 0 0 -1 0 0 -1 0 0 -1 0 0 -1 0 0 -1 0 0 -1 0 0 -1 0 0 -1 0 0 -1 0 0 -1 0 0 -1 0 0 -1 0 0 -1 0 0 -1 0 0 -1 0 0 -1 0 0 -1 0 0 -1 0 0 -1 0 0 -1 0 0 -1 0 0 -1 0 0 -1 0 0 -1 0 0 -1 0 0 -1 0 0 -1 0 0 -1 0 0 -1 0 0 -1 0 0 -1 0 0 -1 0 0 -1 0 0 -1 0 0 -1 0 0 -1 0 0 -1 0 0 -1 0 0 -1 0 0 -1 0 0 -1 0 0 -1 0 0 -1 0 0 -1 0 0 -1 0 0 -1 0 0 -1 0 0 -1 0 0 -1 0 0 -1 0 0 -1 0 0 -1 0 0 -1 0 0 -1 0 0 -1 0 0 -1 0 0 -1 0 0 -1 0 0 -1 0 0 -1 0 0 -1 0 0 -1 0 0 -1 0 0 -1 0 0 -1 0 0 -1 0 0 -1 0 0 -1 0 0 -1 0 0 -1 0 0 -1 0 0 -1 0 0 -1 0 0 -1 0 0 -1 0.8 -0.6 0 0.6 -0.8 0 0.86 -0.51 0 0.51 -0.86 0 0.16 -0.99 0 -0.16 -0.99 0 -0.51 -0.86 0 -0.6 -0.8 0 -0.8 -0.6 0 -0.86 -0.51 0 -0.99 -0.16 0 -0.99 0.16 0 -0.86 0.51 0 -0.8 0.6 0 -0.6 0.8 0 -0.51 0.86 0 -0.16 0.99 0 0.16 0.99 0 0.51 0.86 0 0.6 0.8 0 0.8 0.6 0 0.86 0.51 0 0.99 0.16 0 0.99 -0.16 0 -0.86 0.51 0 -0.99 0.16 0 -0.8 0.6 0 0.6 -0.8 0 0.8 -0.6 0 0.51 -0.86 0 0.16 -0.99 0 -0.16 -0.99 0 -0.51 -0.86 0 -0.6 -0.8 0 -0.8 -0.6 0 -0.86 -0.51 0 -0.99 -0.16 0 -0.6 0.8 0 -0.51 0.86 0 -0.16 0.99 0 0.16 0.99 0 0.51 0.86 0 0.6 0.8 0 0.8 0.6 0 0.86 0.51 0 0.99 0.16 0 0.99 -0.16 0 0.86 -0.51 0 0.86 0.51 0 0.99 0.16 0 0.8 0.6 0 0.99 -0.16 0 0.6 0.8 0 0.51 0.86 0 0.16 0.99 0 -0.16 0.99 0 -0.51 0.86 0 -0.6 0.8 0 -0.8 0.6 0 -0.86 0.51 0 -0.99 0.16 0 0.86 -0.51 0 0.8 -0.6 0 -0.99 -0.16 0 -0.86 -0.51 0 -0.8 -0.6 0 -0.6 -0.8 0 -0.51 -0.86 0 -0.16 -0.99 0 0.16 -0.99 0 0.51 -0.86 0 0.6 -0.8 0 0.6 -0.8 0 0.8 -0.6 0 0.51 -0.86 0 0.16 -0.99 0 -0.16 -0.99 0 -0.8 -0.6 0 -0.6 -0.8 0 -0.86 -0.51 0 -0.99 -0.16 0 -0.99 0.16 0 -0.86 0.51 0 -0.8 0.6 0 -0.6 0.8 0 -0.51 0.86 0 -0.16 0.99 0 0.16 0.99 0 0.51 0.86 0 0.6 0.8 0 0.8 0.6 0 0.86 0.51 0 0.99 0.16 0 0.99 -0.16 0 0.86 -0.51 0 -0.51 -0.86 0 0.98 0.2 0 1 0 0 0.89 0.45 0 1 0 0 0.98 -0.2 0 0.89 -0.45 0 0.45 -0.89 0 0.2 -0.98 0 0 -1 0 0 -1 0 -0.2 -0.98 0 -0.45 -0.89 0 -0.89 -0.45 0 -0.98 -0.2 0 -1 0 0 -1 0 0 -0.98 0.2 0 -0.89 0.45 0 -0.45 0.89 0 -0.2 0.98 0 0 1 0 0 1 0 0.2 0.98 0 0.45 0.89 0 0 0 1 0 0 1 0 0 1 0 0 1 0 0 1 0 0 1 0 0 1 0 0 1 0 0 1 0 0 1 0 0 1 0 0 1 0 0 1 0 0 1 0 0 1 0 0 1 0 0 1 0 0 1 0 0 1 0 0 1 0 0 1 0 0 1 0 0 1 0 0 1 0.87 0.49 0 0.99 0.11 0 0.79 0.61 0 0.99 -0.11 0 0.87 -0.49 0 0.79 -0.61 0 0.61 -0.79 0 0.49 -0.87 0 0.11 -0.99 0 -0.11 -0.99 0 -0.49 -0.87 0 -0.61 -0.79 0 -0.83 -0.55 0 -0.95 -0.32 0 -1 0 0 -1 0 0 -0.95 0.32 0 -0.83 0.55 0 -0.61 0.79 0 -0.49 0.87 0 -0.11 0.99 0 0.11 0.99 0 0.49 0.87 0 0.61 0.79 0 0.2 -0.98 0 0 -1 0 0.45 -0.89 0 0 -1 0 -0.2 -0.98 0 -0.45 -0.89 0 -0.89 -0.45 0 -0.98 -0.2 0 -1 0 0 -1 0 0 -0.98 0.2 0 -0.89 0.45 0 -0.45 0.89 0 -0.2 0.98 0 0 1 0 0 1 0 0.2 0.98 0 0.45 0.89 0 0.89 0.45 0 0.98 0.2 0 1 0 0 1 0 0 0.98 -0.2 0 0.89 -0.45 0 0 0 1 0 0 1 0 0 1 0 0 1 0 0 1 0 0 1 0 0 1 0 0 1 0 0 1 0 0 1 0 0 1 0 0 1 0 0 1 0 0 1 0 0 1 0 0 1 0 0 1 0 0 1 0 0 1 0 0 1 0 0 1 0 0 1 0 0 1 0 0 1 -0.79 -0.61 0 -0.61 -0.79 0 -0.87 -0.49 0 -0.49 -0.87 0 -0.99 -0.11 0 -0.99 0.11 0 -0.87 0.49 0 -0.79 0.61 0 -0.55 0.83 0 -0.32 0.95 0 0 1 0 0 1 0 0.32 0.95 0 0.55 0.83 0 0.79 0.61 0 0.87 0.49 0 0.99 0.11 0 0.99 -0.11 0 0.87 -0.49 0 0.79 -0.61 0 0.61 -0.79 0 0.49 -0.87 0 0.11 -0.99 0 -0.11 -0.99 0 -0.2 0.98 0 0 1 0 -0.45 0.89 0 -0.89 0.45 0 -0.98 0.2 0 0 1 0 0.2 0.98 0 0.45 0.89 0 0.89 0.45 0 0.98 0.2 0 1 0 0 1 0 0 0.98 -0.2 0 0.89 -0.45 0 0.45 -0.89 0 0.2 -0.98 0 0 -1 0 0 -1 0 -0.2 -0.98 0 -0.45 -0.89 0 -0.89 -0.45 0 -0.98 -0.2 0 -1 0 0 -1 0 0 0 0 1 0 0 1 0 0 1 0 0 1 0 0 1 0 0 1 0 0 1 0 0 1 0 0 1 0 0 1 0 0 1 0 0 1 0 0 1 0 0 1 0 0 1 0 0 1 0 0 1 0 0 1 0 0 1 0 0 1 0 0 1 0 0 1 0 0 1 0 0 1 -0.99 0.11 0 -0.87 0.49 0 -0.99 -0.11 0 -0.79 0.61 0 -0.61 0.79 0 -0.49 0.87 0 -0.11 0.99 0 0.11 0.99 0 0.49 0.87 0 0.61 0.79 0 0.83 0.55 0 0.95 0.32 0 1 0 0 1 0 0 0.95 -0.32 0 0.83 -0.55 0 0.61 -0.79 0 0.49 -0.87 0 0.11 -0.99 0 -0.11 -0.99 0 -0.49 -0.87 0 -0.61 -0.79 0 -0.79 -0.61 0 -0.87 -0.49 0 0 1 0 0.2 0.98 0 0 1 0 0.45 0.89 0 0.89 0.45 0 0.98 0.2 0 1 0 0 1 0 0 0.98 -0.2 0 0.89 -0.45 0 0.45 -0.89 0 0.2 -0.98 0 0 -1 0 0 -1 0 -0.2 -0.98 0 -0.45 -0.89 0 -0.89 -0.45 0 -0.98 -0.2 0 -1 0 0 -1 0 0 -0.98 0.2 0 -0.89 0.45 0 -0.45 0.89 0 -0.2 0.98 0 0 0 1 0 0 1 0 0 1 0 0 1 0 0 1 0 0 1 0 0 1 0 0 1 0 0 1 0 0 1 0 0 1 0 0 1 0 0 1 0 0 1 0 0 1 0 0 1 0 0 1 0 0 1 0 0 1 0 0 1 0 0 1 0 0 1 0 0 1 0 0 1 0.11 0.99 0 0.49 0.87 0 -0.11 0.99 0 0.61 0.79 0 0.79 0.61 0 0.87 0.49 0 0.99 0.11 0 0.99 -0.11 0 0.87 -0.49 0 0.79 -0.61 0 0.55 -0.83 0 0.32 -0.95 0 0 -1 0 0 -1 0 -0.32 -0.95 0 -0.55 -0.83 0 -0.79 -0.61 0 -0.87 -0.49 0 -0.99 -0.11 0 -0.99 0.11 0 -0.87 0.49 0 -0.79 0.61 0 -0.61 0.79 0 -0.49 0.87 0 0 0 -1 0 0 -1 0 0 -1 0 0 -1 0 0 -1 0 0 -1 0 0 -1 0 0 -1 0 0 -1 0 0 -1 0 0 -1 0 0 -1 0 0 -1 0 0 -1 0 0 -1 0 0 -1 0 0 -1 0 0 -1 0 0 -1 0 0 -1 0 0 -1 0 0 -1 0 0 -1 0 0 -1 0 0 -1 0 0 -1 0 0 -1 0 0 -1 0 0 -1 0 0 -1 0 0 -1 0 0 -1 0 0 -1 0 0 -1 0 0 -1 0 0 -1 0 0 1 0 0 1 0 0 1 0 0 1 0 0 1 0 0 1 0 0 1 0 0 1 0 0 1 0 0 1 0 0 1 0 0 1 0 0 1 0 0 1 0 0 1 0 0 1 0 0 1 0 0 1 0 0 1 0 0 1 0 0 1 0 0 1 0 0 1 0 0 1 0 0 1 0 0 1 0 0 1 0 0 1 0 0 1 0 0 1 0 0 1 0 0 1 0 0 1 0 0 1 0 0 1 0 0 1 0 0 1 0 0 1 0 0 1 0 0 1 0 0 1 0 0 1 0 0 1 0 0 1 0 0 1 0 0 1 0 0 1 0 0 1 0 0 1 0 0 1 0 0 1 0 0 1 0 0 1 0 0 1 0 0 1 0 0 1 0 0 1 0 0 1 0 0 1 0 0 1 0 0 1 0 0 1 0 0 1 0 0 1 0 0 1 0 0 1 0 0 1 0 0 1 0 0 1 0 0 1 0 0 1 0 0 1 0 0 1 0 0 1 0 0 1 0 0 1 0 0 1 0 0 1 0 0 1 0 0 1 0 0 1 0 0 1 0 0 1 0 0 1 0 0 1 0 0 1 0 0 1 0 0 1 0 0 1 0 0 1 0 0 1 0 0 1 0 0 1 0 0 1 0 0 1 0 0 1 0 0 1 0 0 1 0 0 1 0 0 1 0 0 1 0 0 1 0 0 1 0 0 1 0 0 1 0 0 1 0 0 1 0 0 1 0 0 1 0 0 1 0 0 1 0 0 1 0 0 1 -0.98 -0.21 0 -0.99 -0.1 0 -0.97 -0.24 0 -0.95 -0.32 0 -0.94 -0.34 0.01 -0.8 -0.6 0 -0.86 -0.51 0 -0.85 -0.53 0 -0.93 0.36 0 -0.87 0.49 0.01 -0.94 0.34 0 -0.81 0.59 -0.01 -0.85 0.52 0.01 -0.85 0.53 0 -0.83 -0.56 0.05 -0.86 -0.5 0.06 -0.85 -0.53 0 -0.87 -0.49 -0.01 -0.9 -0.44 -0.01 -0.81 -0.59 0 -0.9 -0.43 0.01 -0.9 -0.44 0.02 -0.9 -0.44 -0.01 -0.91 -0.42 0 -0.91 -0.42 0 -0.91 -0.42 0 -1 -0.01 0 -1 -0.06 0.01 -1 -0.08 0 -1 0 0 -1 0 0 -0.97 0.24 0.01 -0.96 0.27 -0.06 -0.97 0.23 -0.01 -0.97 0.25 0 -0.99 0.11 -0.01 -0.97 0.24 0 -1 0.09 -0.01 -1 -0.02 -0.04 -1 -0.01 -0.04 0.74 -0.64 -0.21 -1 0.08 0 -1 0.09 -0.01 -0.95 0.3 0.02 -1 0.07 0.03 -0.99 0.16 0 -1 0.04 -0.01 -1 0.08 0.05 -1 0 0 -0.99 0.1 0.07 -1 0 0 -1 0 0 -0.72 0.7 -0.02 -0.75 0.66 -0.01 -0.7 0.71 -0.01 -0.68 0.73 0.05 -0.71 0.7 0.07 -0.64 0.77 0.05 -0.89 0.46 0.02 -0.83 0.55 0 -0.76 0.64 0.1 -0.84 0.55 0.01 -0.69 -0.73 0 -0.59 -0.81 0 -0.59 -0.8 0 -0.15 -0.99 0 -0.02 -1 0 -0.01 -1 0.01 0.44 -0.9 0 0.56 -0.83 0 0.57 -0.82 0 0.86 -0.51 0.01 0.91 -0.42 0 0.94 -0.35 0 0.97 -0.23 0 0.97 -0.24 0.01 1 0.08 0.01 1 0 0 1 0 0 0.99 0.16 0 0.98 0.22 0 0.94 0.35 0 0.95 0.32 0 0.69 0.73 0 0.59 0.81 0 0.59 0.81 0.01 0.15 0.99 0 0.02 1 0 0.01 1 0.01 -0.44 0.9 0 -0.56 0.83 0 -0.57 0.82 0 0.82 0.57 0.04 0.86 0.52 0.04 0.85 0.53 0 0.83 0.56 -0.01 0.8 0.6 0 0.38 0.92 0.06 0.47 0.88 0.06 0.39 0.92 0 0.39 0.92 -0.01 0.3 0.95 -0.01 0.39 0.92 0 -0.2 0.98 0.02 -0.14 0.99 0.03 -0.25 0.97 0 -0.2 0.98 -0.01 -0.26 0.97 -0.01 -0.25 0.97 0 0.2 -0.98 0.02 0.14 -0.99 0.03 0.25 -0.97 0 0.2 -0.98 -0.01 0.26 -0.97 -0.01 0.25 -0.97 0 0.64 -0.77 0.05 0.71 -0.7 0.07 0.72 -0.7 -0.02 0.7 -0.71 -0.01 0.63 -0.77 0 -0.41 -0.91 0.01 -0.47 -0.88 0.03 -0.42 -0.91 0.03 -0.39 -0.92 -0.01 -0.3 -0.95 -0.01 -0.39 -0.92 0 -0.63 0.77 0 -0.75 0.66 0.07 -0.83 0.55 0 -0.83 0.55 0 -0.77 0.63 0.07 -0.86 0.5 -0.07 -0.83 0.55 0 -0.74 0.67 -0.02 -0.76 0.65 -0.02 -0.69 0.68 0.23 -0.64 0.77 0 -0.51 0.82 -0.26 -0.2 -0.98 0 -0.04 -1 0.09 -0.31 -0.95 -0.03 -0.32 -0.95 0.05 -0.28 -0.96 0.05 -0.37 -0.93 -0.02 -0.2 -0.98 -0.1 -0.27 -0.96 0 -0.16 -0.97 -0.16 -0.2 -0.97 -0.1 -0.14 -0.99 0.05 -0.26 -0.97 0 -0.47 -0.88 -0.01 -0.55 -0.84 0.01 -0.49 -0.87 0.04 -0.51 -0.86 0.02 -0.47 -0.88 -0.02 -0.39 -0.9 0.2 -0.52 -0.85 -0.01 -0.53 -0.85 0 -0.72 -0.69 0 -0.87 -0.48 -0.1 -0.82 -0.57 -0.06 -0.77 -0.63 0.03 -0.62 -0.72 -0.31 -0.76 -0.65 0 -0.8 -0.58 0.18 -0.74 -0.67 -0.03 -0.73 -0.68 0.01 -0.75 -0.66 0.01 0.68 -0.73 0.05 0.75 -0.66 -0.01 0.83 -0.56 -0.01 0.89 -0.46 0.02 0.83 -0.55 0 0.76 -0.64 0.1 0.84 -0.55 0.01 0.75 -0.66 0.07 -1 0.08 0 0.77 -0.63 0.07 0.83 -0.55 0 0.86 -0.5 -0.07 0.83 -0.55 0 0.83 -0.55 0 0.74 -0.67 -0.02 0.76 -0.65 -0.02 0.69 -0.68 0.23 0.64 -0.77 0 0.51 -0.82 -0.26 0.37 -0.93 0 0.43 -0.9 0.04 0.25 -0.97 -0.03 0.26 -0.96 0.04 0.28 -0.96 0.08 0.32 -0.95 0 0.32 -0.95 0 0.22 -0.97 0.11 0.37 -0.93 -0.1 0.14 -0.99 -0.05 0.32 -0.95 0 0.11 -0.99 0 0.21 -0.97 -0.06 0.17 -0.96 0.21 0.11 -0.99 0.06 0.31 -0.95 -0.11 0.05 -1 -0.03 0.06 -1 0 0.07 -1 0 -0.37 0.93 0 -0.43 0.9 0.04 -0.25 0.97 -0.03 -0.26 0.96 0.04 -0.28 0.96 0.08 -0.32 0.95 0 -0.32 0.95 0 -0.22 0.97 0.11 -0.37 0.93 -0.1 -0.14 0.99 -0.05 -0.32 0.95 0 -0.17 0.96 0.21 -0.11 0.99 0.06 -0.11 0.99 0 -0.21 0.97 -0.06 -0.31 0.95 -0.11 -0.05 1 -0.03 -0.06 1 0 -0.07 1 0 0.2 0.98 0 0.04 1 0.09 0.31 0.95 -0.03 0.28 0.96 0.05 0.37 0.93 -0.02 0.2 0.98 -0.1 0.27 0.96 0 0.16 0.97 -0.16 0.2 0.97 -0.1 0.14 0.99 0.05 0.26 0.97 0 0.49 0.87 0.04 0.54 0.84 -0.02 0.47 0.88 -0.01 0.55 0.84 0.01 0.47 0.88 -0.02 0.39 0.9 0.2 0.52 0.85 -0.01 0.53 0.85 0 0.72 0.69 0 0.87 0.48 -0.1 0.82 0.57 -0.06 0.77 0.63 0.03 0.62 0.72 -0.31 0.76 0.65 0 0.8 0.58 0.18 0.74 0.67 -0.03 0.73 0.68 0.01 0.75 0.66 0.01 0.86 0.5 -0.01 0.9 0.44 -0.01 0.9 0.44 0.03 0.87 0.48 0.06 0.9 0.44 -0.01 0.91 0.42 0 0.9 0.43 0.01 0.91 0.42 0 0.91 0.42 0 1 -0.01 -0.01 0.96 -0.27 -0.06 0.97 -0.23 -0.01 1 -0.1 -0.01 0.97 -0.24 0 1 0 0 1 0 0 1 0 0 1 0 0 1 -0.09 -0.01 0.95 -0.3 0.02 1 -0.07 0.03 0.99 -0.16 0 1 -0.03 -0.01 1 -0.08 0.05 1 0 0 0.99 -0.1 0.07 1 0 0 1 0 0 0 0 1 0 0 1 0 0 1 0 0 1 0 0.94 -0.33 0 1 0 0 0.71 -0.71 0 0.32 0.95 0 0.27 0.96 0 0.32 0.95 0 0.2 0.98 0 0.32 0.95 0 1 0 0 1 0 0 0.91 0.42 0 1 0 0 1 0 0 0.94 -0.33 0 0.71 -0.71 0 0.71 -0.71 0 0.49 -0.87 0 0.32 -0.95 0 0.42 -0.91 0 0.32 -0.95 0 0.71 -0.71 0 0.71 -0.71 0 0.71 -0.71 0 0.71 -0.71 0 1 0 0 1 0 0 1 0 0 0.96 0.28 0 1 0 0 1 0 0 1 0 0 1 0 0 1 0 0 1 0 0 0.55 0.83 0 1 0 0 1 0 0 0 -1 0 0 -1 0 0 -1 0 0 -1 0 -0.56 -0.83 0 -0.45 -0.89 0 -0.45 -0.89 0 -0.71 -0.71 0 -0.64 -0.77 0 -1 0 0 -0.78 -0.62 -0.01 -0.89 -0.45 0 -0.83 0.55 -0.01 -0.95 0.32 0 -0.62 0.78 0 -0.45 0.89 0 -0.45 0.89 0 -0.45 0.89 0 -0.45 0.89 0.01 -0.95 0.32 0 -1 0 0.01 -0.89 -0.45 -0.28 -0.38 0.88 -0.45 -0.62 0.64 -0.25 -0.34 0.91 -0.58 -0.81 0 -0.57 -0.78 0.26 -0.58 -0.82 0 -0.22 -0.3 0.93 -0.2 -0.27 0.94 -0.54 -0.75 0.39 -0.56 -0.8 0.19 -0.52 -0.72 -0.46 -0.55 -0.78 -0.28 -0.49 -0.67 -0.56 -0.4 -0.54 -0.74 -0.32 -0.42 -0.85 -0.22 -0.3 -0.93 -0.2 -0.27 -0.94 -0.55 -0.75 -0.37 0 0 -1 0 0 -1 0 0 -1 0 0 -1 0.3 0.41 -0.86 0.41 0.56 -0.72 0.4 0.54 -0.74 0.48 0.66 -0.57 0.57 0.78 -0.26 0.6 0.8 0 0.47 0.67 -0.57 0.6 0.8 0 0.6 0.8 0 0.58 0.8 0.16 0.6 0.8 0 0.25 0.34 -0.91 0.22 0.3 -0.93 0.51 0.71 0.49 0.47 0.67 0.57 0.24 0.36 0.9 0.22 0.3 0.93 0.25 0.34 0.91 0.25 0.33 0.91 0.21 0.3 0.93 0.22 0.35 0.91 0.25 0.33 -0.91 0 0 1 0 0 1 0 0 1 0 0 1 0 0 1 0 0 1 0 0 1 0 0 1 0 0 1 -0.29 0.09 0.95 -0.33 0.11 0.94 -0.22 0.08 0.97 -0.39 0.13 0.91 -0.63 0.21 0.74 -0.83 0.27 0.49 -0.89 0.3 0.35 -0.29 0.09 0.95 -0.93 0.32 0.19 -0.9 0.31 -0.3 -0.95 0.32 0 -0.95 0.31 0 -0.76 0.26 -0.59 -0.76 0.25 -0.59 -0.8 0.27 -0.53 -0.33 0.11 -0.94 -0.41 0.14 -0.9 -0.56 0.19 -0.81 -0.29 0.09 -0.95 -0.76 0.26 -0.59 -0.9 0.31 -0.3 -0.92 0.32 0.23 0 0 -1 0 0 -1 0 0 -1 0 0 -1 0 0 -1 0.22 -0.06 -0.97 0.55 -0.18 -0.82 0.4 -0.11 -0.91 0.78 -0.26 -0.57 0.71 -0.23 -0.66 0.8 -0.26 -0.53 0.95 -0.32 0 0.86 -0.28 -0.43 0.96 -0.3 0 0.86 -0.28 -0.43 0.84 -0.28 0.46 0.91 -0.29 0.3 0.9 -0.3 0.3 0.62 -0.21 0.76 0.64 -0.2 0.74 0.44 -0.14 0.88 0.22 -0.06 0.97 0.39 -0.13 0.91 0.4 -0.11 0.91 0.39 -0.13 -0.91 0 0 1 0 0 1 0 0 1 0 0 1 -0.19 0.27 0.95 -0.24 0.34 0.91 -0.11 0.16 0.98 -0.16 0.23 0.96 -0.34 0.48 0.81 -0.51 0.71 0.48 -0.53 0.74 0.41 -0.56 0.78 0.27 -0.57 0.81 0.14 -0.58 0.82 0 -0.58 0.82 0 -0.57 0.8 -0.19 -0.53 0.74 -0.42 -0.47 0.65 -0.59 -0.47 0.65 -0.59 -0.43 0.6 -0.68 -0.38 0.54 -0.75 -0.3 0.42 -0.86 -0.27 0.37 -0.89 -0.24 0.34 -0.91 -0.24 0.34 -0.91 -0.24 0.34 0.91 0 0 -1 0 0 -1 0 0 -1 0 0 -1 0.24 -0.33 -0.91 0.3 -0.42 -0.86 0.35 -0.49 -0.8 0.44 -0.61 -0.66 0.53 -0.74 -0.4 0.58 -0.81 0 0.58 -0.81 0 0.58 -0.81 0 0.58 -0.81 0 0.55 -0.76 0.35 0.58 -0.81 0 0.58 -0.81 0 0.24 -0.33 0.91 0.39 -0.54 0.74 0.24 -0.33 0.91 0.24 -0.33 0.91 0.24 -0.33 0.91 0.24 -0.33 -0.91 0 0 1 0 0 1 0 0 1 0 0 1 0 0 1 -0.18 -0.24 0.95 -0.22 -0.3 0.93 -0.12 -0.16 0.98 -0.2 -0.27 0.94 -0.34 -0.47 0.81 -0.48 -0.66 0.57 -0.54 -0.74 0.4 -0.58 -0.8 0.16 -0.6 -0.8 0 -0.6 -0.8 0 -0.6 -0.8 0 -0.6 -0.8 0 -0.57 -0.78 -0.26 -0.47 -0.65 -0.59 -0.43 -0.59 -0.68 -0.43 -0.59 -0.68 -0.43 -0.59 -0.68 -0.3 -0.41 -0.86 -0.25 -0.34 -0.91 -0.25 -0.33 0.91 -0.22 -0.3 -0.93 -0.25 -0.33 -0.91 0 0 -1 0 0 -1 0 0 -1 0 0 -1 0 0 -1 0.22 0.3 -0.93 0.32 0.42 -0.85 0.4 0.54 -0.74 0.49 0.67 -0.56 0.52 0.72 -0.46 0.58 0.81 0 0.55 0.75 -0.37 0.58 0.82 0 0.55 0.78 -0.28 0.54 0.75 0.39 0.56 0.8 0.19 0.57 0.78 0.26 0.28 0.38 0.88 0.45 0.62 0.64 0.25 0.34 0.91 0.22 0.3 0.93 0.2 0.27 0.94 0.2 0.27 -0.94 0 0 1 0 0 1 0 0 1 0 0 1 0 0 1 0 0 1 -0.3 -0.09 0.95 -0.26 -0.08 0.96 -0.29 -0.09 0.95 -0.19 -0.06 0.98 -0.39 -0.12 0.91 -0.88 -0.3 0.35 -0.92 -0.31 0.24 -0.85 -0.3 0.43 -0.95 -0.3 -0.1 -0.95 -0.3 0 -0.96 -0.3 0 -0.76 -0.25 -0.59 -0.8 -0.28 -0.53 -0.8 -0.28 -0.53 -0.3 -0.09 -0.95 -0.38 -0.12 -0.92 -0.48 -0.15 -0.86 -0.29 -0.09 -0.95 -0.77 -0.24 -0.59 -0.88 -0.29 -0.39 -0.95 -0.3 0.08 -0.64 -0.22 0.74 0 0 -1 0 0 -1 0 0 -1 0 0 -1 0 0 -1 0 0 -1 0.53 0.17 -0.83 0.37 0.12 -0.92 0.31 0.11 -0.94 0.71 0.24 -0.66 0.65 0.21 -0.73 0.95 0.3 0 0.8 0.27 -0.54 0.86 0.28 -0.43 0.84 0.28 0.47 0.9 0.3 0.3 0.64 0.21 0.74 0.46 0.15 0.87 0.43 0.14 0.89 0.37 0.12 0.92 0.31 0.11 0.94 0.91 0.29 0.3 0.95 0.33 0 0.86 0.28 -0.43 -0.84 -0.28 0.47 -0.9 -0.3 0.3 -0.64 -0.21 0.74 -0.95 -0.3 0 -0.8 -0.27 -0.54 -0.86 -0.28 -0.43 -0.71 -0.24 -0.66 -0.65 -0.21 -0.73 -0.53 -0.17 -0.83 -0.37 -0.12 -0.92 -0.31 -0.11 -0.94 -0.46 -0.15 0.87 -0.43 -0.14 0.89 -0.37 -0.12 0.92 -0.86 -0.28 -0.43 -0.95 -0.33 0 -0.91 -0.29 0.3 -0.31 -0.11 0.94 0 0 -1 0 0 -1 0 0 -1 0 0 -1 0 0 -1 0.48 0.15 -0.86 0.77 0.24 -0.59 0.76 0.25 -0.59 0.38 0.12 -0.92 0.3 0.09 -0.95 0.29 0.09 -0.95 0.8 0.28 -0.53 0.8 0.28 -0.53 0.95 0.3 -0.1 0.95 0.3 0 0.96 0.3 0 0.88 0.3 0.35 0.92 0.31 0.24 0.85 0.3 0.43 0.19 0.06 0.98 0.39 0.12 0.91 0.26 0.08 0.96 0.3 0.09 0.95 0.29 0.09 0.95 0.64 0.22 0.74 0.88 0.29 -0.39 0.95 0.3 0.08 0 0 1 0 0 1 0 0 1 0 0 1 0 0 1 -0.64 0.2 0.74 -0.44 0.15 0.88 -0.84 0.28 0.46 -0.44 0.15 0.89 -0.39 0.13 0.91 -0.39 0.13 0.91 -0.95 0.32 0 -0.9 0.3 0.3 -0.96 0.3 0 -0.91 0.29 0.3 -0.86 0.28 -0.43 -0.8 0.26 -0.53 -0.63 0.21 -0.75 -0.71 0.23 -0.66 -0.39 0.13 -0.91 -0.54 0.19 -0.82 -0.86 0.28 -0.43 -0.39 0.13 -0.91 0 0 -1 0 0 -1 0 0 -1 0 0 -1 0 0 -1 0 0 -1 0.29 -0.09 0.95 0.33 -0.11 0.94 0.22 -0.08 0.97 0.39 -0.13 0.91 0.63 -0.21 0.74 0.83 -0.27 0.49 0.89 -0.3 0.35 0.93 -0.32 0.19 0.92 -0.32 0.23 0.95 -0.32 0 0.95 -0.31 0 0.9 -0.31 -0.3 0.9 -0.31 -0.3 0.8 -0.27 -0.53 0.76 -0.25 -0.59 0.76 -0.26 -0.59 0.76 -0.26 -0.59 0.56 -0.19 -0.81 0.41 -0.14 -0.9 0.33 -0.11 -0.94 0.29 -0.09 -0.95 0.29 -0.09 0.95 0 0 1 0 0 1 0 0 1 0 0 1 0 0 1 0 0 1 -0.24 0.33 0.91 -0.39 0.54 0.74 -0.24 0.33 0.91 -0.3 0.42 -0.86 -0.24 0.33 -0.91 -0.24 0.33 -0.91 -0.44 0.61 -0.66 -0.35 0.49 -0.8 -0.58 0.81 0 -0.53 0.74 -0.4 -0.58 0.81 0 -0.58 0.81 0 -0.58 0.81 0 -0.55 0.76 0.35 -0.58 0.81 0 -0.58 0.81 0 -0.24 0.33 0.91 -0.24 0.33 0.91 0 0 -1 0 0 -1 0 0 -1 0 0 -1 0 0 -1 0.19 -0.27 0.95 0.24 -0.34 0.91 0.11 -0.16 0.98 0.16 -0.23 0.96 0.34 -0.48 0.81 0.51 -0.71 0.48 0.53 -0.74 0.41 0.56 -0.78 0.27 0.57 -0.81 0.14 0.58 -0.82 0 0.58 -0.82 0 0.57 -0.8 -0.19 0.53 -0.74 -0.42 0.47 -0.65 -0.59 0.47 -0.65 -0.59 0.38 -0.54 -0.75 0.3 -0.42 -0.86 0.27 -0.37 -0.89 0.43 -0.6 -0.68 0.24 -0.34 -0.91 0.24 -0.34 -0.91 0.24 -0.34 0.91 0 0 1 0 0 1 0 0 1 0 0 1 0 0 1 0 0 1 0 0 1 0 0 1 0 0 1 0 0 1 0 -0.55 0.83 0 -0.91 0.42 0 -0.32 0.95 0 -0.96 0.28 0 -0.2 0.98 0 -0.27 0.96 0 -0.32 0.95 0 -0.94 -0.33 0 -1 0 0 -1 0 0 -1 0 0 -1 0 0 -1 0 0 -1 0 0 -1 0 0 -1 0 0 -1 0 0 -1 0 0 -1 0 0 -1 0 0 -0.71 -0.71 0 -1 0 0 -1 0 0 -1 0 0 -0.94 -0.33 0 -1 0 0 -0.71 -0.71 0 -0.71 -0.71 0 -0.71 -0.71 0 -0.49 -0.87 0 -0.71 -0.71 0 -0.42 -0.91 0 -0.71 -0.71 0 -0.71 -0.71 0 -0.32 -0.95 0 -0.32 -0.95 0 -0.32 0.95 0 0 -1 0 0 -1 0 0 -1 0 0 -1 0 0 -1 0 0.45 0.89 0 0.45 0.89 0 0.45 0.89 0 0.56 -0.83 0 0.45 -0.89 0 0.45 -0.89 0 1 0 0 0.78 -0.62 0.01 0.89 -0.45 0 0.83 0.55 0.01 0.95 0.32 0 0.62 0.78 0 0.64 -0.77 0 0.71 -0.71 -0.01 0.89 -0.45 0 1 0 -0.01 0.95 0.32 0 0.45 0.89 0.79 -0.61 0.01 0.75 -0.66 0.02 0.83 -0.56 -0.01 0.7 -0.71 0 0.61 -0.79 0.01 0.61 -0.79 -0.01 0.93 -0.34 0.11 0.91 -0.38 -0.19 0.56 -0.82 0.1 0.52 -0.85 -0.07 0.69 -0.72 -0.03 0.74 -0.67 -0.05 0.79 -0.61 -0.02 0.75 -0.66 -0.04 0.83 -0.56 0.02 0.84 -0.53 -0.05 0.7 -0.71 0.02 0.84 -0.54 0.03 0.91 -0.41 0 0.4 0.92 -0.04 0.41 0.91 -0.01 0.49 0.87 0 0.45 0.89 0.01 0.55 0.84 0.01 0.45 0.89 0 -0.72 0.69 -0.06 -0.78 0.63 -0.04 -0.73 0.68 0 -0.73 0.69 0.03 -0.77 0.64 -0.02 -0.73 0.68 0 -0.16 0.99 -0.02 -0.26 0.96 -0.04 -0.2 0.98 0 -0.17 0.99 0.01 0 1 0 -0.2 0.98 0 0.26 -0.97 0.01 0.21 -0.98 0 0.26 -0.97 -0.02 0.36 -0.93 -0.03 0.21 -0.98 0 -0.38 -0.93 0.02 -0.46 -0.89 0.02 -0.41 -0.91 0 -0.38 -0.93 -0.03 -0.32 -0.95 0 -0.41 -0.91 0 -0.86 -0.51 0.02 -0.91 -0.42 0.02 -0.87 -0.49 0 -0.8 -0.59 -0.06 -0.85 -0.53 0.02 -0.88 -0.47 -0.02 -0.99 0.11 -0.07 -1 0.02 -0.06 -1 0.1 0 -0.99 0.11 0.03 -0.98 0.21 0.02 -1 0.1 0 1 0.07 -0.01 0.98 0.18 0 1 0.01 0.01 0.97 0.26 0 0.92 0.38 0.01 0.93 0.38 -0.03 1 0 0 1 0 0 0.75 0.66 -0.01 0.66 0.75 0 0.78 0.62 0.02 0.2 0.98 -0.01 0.07 1 0 0.25 0.97 0.01 -0.42 0.91 -0.01 -0.54 0.84 0.01 -0.38 0.92 0.01 -0.89 0.46 -0.01 -0.94 0.34 0.01 -0.86 0.51 0.01 -0.99 -0.16 -0.01 -0.96 -0.28 0.01 -0.99 -0.11 0.01 -0.69 -0.72 -0.01 -0.6 -0.8 0.01 -0.72 -0.69 0.01 0.74 -0.67 0.02 0.9 -0.44 0 0.86 -0.5 0 0.81 -0.57 0.12 0.91 -0.4 -0.13 0.89 -0.41 0.2 0.83 -0.54 -0.15 0.52 0.84 -0.16 0.26 0.96 0.05 0.38 0.93 0.02 0.25 0.97 -0.03 0.41 0.91 0 0.29 0.96 0 0.52 0.85 0.11 0.15 0.99 -0.05 0.63 0.77 0.14 0.16 0.98 0.08 0.49 0.85 -0.18 0.38 0.92 -0.05 0.56 0.83 0.02 0.55 0.84 0.02 0.47 0.88 -0.02 0.65 0.76 0 0.44 0.89 0.15 0.52 0.85 0.06 0.45 0.86 -0.22 0.56 0.83 0 -0.13 -0.99 0 0.01 -1 0.01 -0.18 -0.98 0.01 -0.27 -0.96 0 0.96 -0.28 -0.01 1 -0.08 -0.04 0.97 -0.24 0 0.96 -0.28 0.01 -0.63 0.73 -0.27 -0.82 0.57 0.04 -0.78 0.63 0.02 -0.83 0.56 -0.03 -0.81 0.58 0 -0.53 0.82 0.23 -0.78 0.62 0.05 -0.92 0.38 -0.13 -0.9 0.4 0.2 -0.78 0.61 -0.09 -0.65 0.76 -0.05 -0.55 0.83 -0.01 1 -0.05 -0.05 0.98 -0.22 0.04 0.99 -0.12 -0.06 1 -0.08 -0.05 1 0 0 1 0 0 1 0 0 1 0 0 1 0 0 1 0 0 1 0 0 1 0 0 1 0 0 0.99 -0.12 0.03 0.97 -0.23 -0.02 1 -0.09 0.03 1 -0.07 0.02 1 -0.03 0.03 0.49 -0.87 0 0.02 -1 -0.01 -0.59 -0.8 -0.01 -0.96 -0.29 -0.01 -0.94 0.33 -0.01 0.05 1 0 0.91 0.42 -0.03 0.9 0.43 -0.03 0.86 0.5 -0.09 0.88 0.48 -0.05 0.81 0.58 -0.06 0.76 0.65 0.05 0.95 0.28 -0.14 0.55 0.82 0.14 0.78 0.62 0 0.96 0.25 0.08 0.75 0.66 -0.03 0.48 0.87 -0.1 0.83 0.56 0.04 0.86 0.5 0.04 0.88 0.48 0.02 0.9 0.44 0.02 1 0 0 0.9 0.43 0.01 -0.97 0.24 0 -0.96 0.27 0 -0.98 0.19 0.06 -0.98 0.2 -0.1 -0.98 0.15 -0.15 -0.99 0.12 0.12 -0.97 0.24 0 -0.98 0.21 -0.05 -1 -0.02 -0.04 -1 -0.03 -0.02 -1 -0.05 0 -1 -0.05 0 -1 -0.03 -0.03 -1 -0.05 0 -1 -0.03 0.01 -1 -0.01 0.03 -1 -0.01 0.03 -1 0.02 0.03 -0.78 -0.62 -0.06 -0.76 -0.65 0.05 -0.84 -0.49 -0.24 -0.76 -0.64 0 -0.63 -0.73 0.26 -0.87 -0.47 0.16 -0.76 -0.65 -0.03 -0.53 -0.81 -0.25 -0.79 -0.62 0.03 -0.85 -0.53 -0.01 -0.9 -0.43 0.05 -0.93 -0.36 0 -0.93 -0.36 0 -0.93 -0.36 0 -0.92 -0.39 -0.04 -0.91 -0.41 0.03 -0.91 -0.41 -0.06 -0.9 -0.42 -0.06 -0.91 -0.41 -0.06 -0.77 0.64 0.04 -0.37 -0.89 -0.26 -0.19 -0.98 0.1 -0.25 -0.97 0 -0.39 -0.89 -0.25 -0.18 -0.98 -0.06 -0.4 -0.9 0.17 -0.52 -0.81 0.29 -0.27 -0.96 0 -0.32 -0.95 0 -0.46 -0.89 0.04 -0.53 -0.85 0 -0.32 -0.94 0.11 -0.34 -0.92 -0.17 -0.49 -0.87 -0.04 -0.48 -0.88 0.03 -0.48 -0.88 -0.05 -0.46 -0.89 -0.05 0.32 -0.94 -0.16 0.31 -0.94 -0.16 0.48 -0.86 0.19 0.4 -0.92 0 0.45 -0.89 0 0.5 -0.86 -0.12 0.3 -0.95 0.1 0.21 -0.95 0.21 0.36 -0.93 0.02 0.17 -0.99 0.01 0.22 -0.97 0.04 0.08 -1 0 0.04 -1 -0.01 0.05 -1 0.02 0.27 -0.95 -0.14 0.32 -0.94 0.1 0.2 -0.98 -0.06 0.17 -0.99 -0.03 -0.07 1 0.02 -0.03 1 0 -0.02 1 -0.01 -0.03 1 0.01 -0.15 0.96 -0.22 -0.21 0.96 0.18 -0.07 1 -0.03 0 1 0 -0.27 0.96 -0.06 -0.22 0.97 -0.11 -0.53 0.84 0.16 -0.23 0.97 -0.11 -0.36 0.93 0 -0.55 0.83 -0.1 -0.21 0.98 0.07 -0.12 0.99 0.12 -0.25 0.97 0.04 -0.26 0.96 0.02 -0.65 0.76 0.03 -0.63 0.78 0 -0.78 0.6 0.2 -0.74 0.61 -0.3 -0.57 0.81 0.11 -0.55 0.83 -0.09 0 0 1 0 0 1 0 0 1 0 0 1 0 0 1 0 0 1 0 0 1 0 0 1 0 0 1 0 0 1 0 0 1 0 0 1 0 0 1 0 0 1 0 0 1 0 0 1 0 0 1 0 0 1 0 0 1 0 0 1 0 0 1 0 0 1 0 0 1 0 0 1 0 0 1 0 0 1 0 0 1 0 0 1 0 0 1 0 0 1 0 0 1 0 0 1 0 0 1 0 0 1 0 0 1 0 0 1 0 0 1 0 0 1 0 0 1 0 0 1 0 0 1 0 0 1 0 0 1 0 0 1 0 0 1 0 0 1 0 0 1 0 0 1 0 0 1 0 0 1 0 0 1 0 0 1 0 0 1 0 0 -1 0 0 -1 0 0 -1 0 0 -1 0 0 -1 0 0 -1 0 0 -1 0 0 -1 0 0 -1 0 0 -1 0 0 -1 0 0 -1 0 0 -1 0 0 -1 0 0 -1 0 0 -1 0 0 -1 0 0 -1 0 1 0 0 1 0 0 1 0 0 1 0 0 -1 0 0 -1 0 0 -1 0 0 -1 0 -1 0 0 -1 0 0 -1 0 0 -1 0 0 0 0 -1 0 0 -1 0 0 -1 0 0 -1 0 0 -1 0 0 -1 0 0 -1 0 0 -1 0 0 -1 0 0 -1 0 0 -1 0 0 -1 0 0 -1 0 0 -1 0 0 -1 0 0 -1 0 0 -1 0 0 -1 0 1 0 0 1 0 0 1 0 0 1 0 0 -1 0 0 -1 0 0 -1 0 0 -1 0 -1 0 0 -1 0 0 -1 0 0 -1 0 0 -0.59 -0.81 0 -0.84 -0.54 0 -0.47 -0.88 0 -0.13 -0.99 0 0.13 -0.99 0 0.45 -0.89 0 0.52 -0.85 0 0.77 -0.63 0 0.91 -0.42 0 1 -0.07 0 1 0.07 0 0.91 0.42 0 0.77 0.63 0 0.52 0.85 0 0.45 0.89 0 0.13 0.99 0 -0.13 0.99 0 -0.47 0.88 0 -0.59 0.81 0 -0.84 0.54 0 -0.93 0.36 0 -1 0.07 0 -1 -0.07 0 -0.93 -0.36 0 -0.84 -0.54 0 -0.59 -0.81 0 -0.93 -0.36 0 -0.93 0.36 0 -1 0.07 0 -0.84 0.54 0 -0.47 -0.88 0 -0.13 -0.99 0 0.13 -0.99 0 0.45 -0.89 0 0.52 -0.85 0 0.77 -0.63 0 0.91 -0.42 0 1 -0.07 0 1 0.07 0 0.91 0.42 0 0.77 0.63 0 0.52 0.85 0 0.45 0.89 0 0.13 0.99 0 -0.13 0.99 0 -0.47 0.88 0 -1 -0.07 0 -0.59 0.81 0 -0.71 0.71 0 -0.83 0.56 0 -0.71 0.71 0 -0.46 0.89 0 -0.84 0.55 0 0.85 0.52 0 0.99 0.16 0 0.8 0.59 0 -0.99 0.16 0 -0.99 -0.16 0 -0.86 -0.51 0 -0.8 -0.6 0 -0.6 -0.8 0 -0.51 -0.86 0 -0.16 -0.99 0 0.16 -0.99 0 0.51 -0.86 0 0.6 -0.8 0 0.8 -0.6 0 0.86 -0.51 0 0.99 -0.16 0 -0.52 0.86 0 0 1 -0.02 0 1 0 0.52 0.86 0 0.68 0.73 0.04 0.46 0.89 0 0.71 0.71 0 0.71 0.71 0 0.71 0.71 0 0.71 0.71 0 0.71 0.71 0 -0.68 0.73 0.04 -0.71 0.71 0 -0.71 0.71 0 -0.71 0.71 0 0 0 1 0 0 1 0 0 1 0 0 1 0 0 1 0 0 1 0 0 1 0 0 1 0 0 1 0 0 1 0 0 1 0.99 -0.16 0 0.84 -0.55 0 0.99 0.16 0 -0.85 -0.52 0 -0.99 -0.16 0 -0.8 -0.59 0 -0.99 0.16 0 -0.86 0.51 0 -0.8 0.6 0 -0.6 0.8 0 -0.51 0.86 0 -0.16 0.99 0 0.16 0.99 0 0.51 0.86 0 0.6 0.8 0 0.8 0.6 0 0.86 0.51 0 0.46 -0.89 0 0.71 -0.71 0 0.83 -0.56 0 0.71 -0.71 0 0.71 -0.71 0 0.71 -0.71 0 0 -1 -0.02 0.52 -0.86 0 0.71 -0.71 0 0.68 -0.73 0.04 -0.52 -0.86 0 0 -1 0 -0.71 -0.71 0 -0.68 -0.73 0.04 -0.71 -0.71 0 -0.71 -0.71 0 -0.71 -0.71 0 -0.46 -0.89 0 -0.71 -0.71 0 0 0 1 0 0 1 0 0 1 0 0 1 0 0 1 0 0 1 0 0 1 0 0 1 0 0 1 0 0 1 0 0 1 0.6 -0.8 0 0.8 -0.6 0 0.51 -0.86 0 0.16 -0.99 0 -0.16 -0.99 0 -0.51 -0.86 0 -0.6 -0.8 0 -0.8 -0.6 0 -0.86 -0.51 0 -0.99 -0.16 0 -0.99 0.16 0 -0.86 0.51 0 -0.8 0.6 0 -0.6 0.8 0 -0.51 0.86 0 -0.16 0.99 0 0.16 0.99 0 0.51 0.86 0 0.6 0.8 0 0.8 0.6 0 0.86 0.51 0 0.99 0.16 0 0.99 -0.16 0 0.86 -0.51 0 0 0 1 0 0 1 0 0 1 0 0 1 0 0 1 0 0 1 0 0 1 0 0 1 0 0 1 0 0 1 0 0 1 0 0 1 0 0 1 0.6 0.8 0 0.8 0.6 0 0.51 0.86 0 -0.51 0.86 0 -0.16 0.99 0 -0.6 0.8 0 -0.8 0.6 0 -0.86 0.51 0 -0.99 0.16 0 -0.99 -0.16 0 -0.86 -0.51 0 -0.8 -0.6 0 -0.6 -0.8 0 -0.51 -0.86 0 -0.16 -0.99 0 0.16 -0.99 0 0.51 -0.86 0 0.6 -0.8 0 0.8 -0.6 0 0.86 -0.51 0 0.99 -0.16 0 0.99 0.16 0 0.86 0.51 0 0.16 0.99 0 0 0 1 0 0 1 0 0 1 0 0 1 0 0 1 0 0 1 0 0 1 0 0 1 0 0 1 0 0 1 0 0 1 0 0 1 0 0 1 0 0 1 0 0 1 0 0 1 0 0 1 0 0 1 0 0 1 0 0 1 0 0 1 0 0 1 0 0 1 0 0 1 0 0 1 0 0 1 0 0 1 0 0 1 0 0 1 0 0 1 0 0 1 0 0 1 0 0 1 0 0 1 0 0 1 0 0 1 0 0 1 0 0 -1 0 0 -1 0 0 -1 0 0 -1 0 0 -1 0 0 -1 0 0 -1 0 0 -1 0 0 -1 0 0 -1 0 0 -1 0 0 -1 0 0 -1 0 0 -1 0 0 -1 0 0 -1 0 0 -1 0 0 -1 0 0 -1 0 0 -1 0 0 -1 0 0 -1 0 0 -1 0 0 -1 -0.16 -0.99 0 0.16 -0.99 0 0.32 -0.95 0 -0.62 -0.78 0 -0.32 -0.95 0 -0.95 -0.32 0 -0.78 -0.62 0 -0.99 0.16 0 -0.99 -0.16 0 -0.78 0.62 0 -0.95 0.32 0 -0.32 0.95 0 -0.62 0.78 0 0.16 0.99 0 -0.16 0.99 0 0.62 0.78 0 0.32 0.95 0 0.95 0.32 0 0.78 0.62 0 0.99 -0.16 0 0.99 0.16 0 0.78 -0.62 0 0.95 -0.32 0 0.62 -0.78 0 -0.37 0.93 0 -0.51 0.86 0 -0.24 0.97 0 -0.83 0.55 0 -0.6 0.8 0 -0.95 0.32 0 -0.97 -0.24 0 -0.93 -0.37 0 -0.86 -0.51 0 -0.8 -0.6 0 -0.55 -0.83 0 -0.32 -0.95 0 0.24 -0.97 0 0.37 -0.93 0 0.51 -0.86 0 0.6 -0.8 0 0.83 -0.55 0 0.95 -0.32 0 0.97 0.24 0 0.93 0.37 0 0.86 0.51 0 0.8 0.6 0 0.55 0.83 0 0.32 0.95 0 0 0 1 0 0 1 0 0 1 0 0 1 0 0 1 0 0 1 0 0 1 0 0 1 0 0 1 0 0 1 0 0 1 0 0 1 0 0 1 0 0 1 0 0 1 0 0 1 0 0 1 0 0 1 0 0 1 0 0 1 0 0 1 0 0 1 0 0 1 0 0 1 0 0 -1 0 0 -1 0 0 -1 0 0 -1 0 0 -1 0 0 -1 0 0 -1 0 0 -1 0 0 -1 0 0 -1 0 0 -1 0 0 -1 0 0 -1 0 0 -1 0 0 -1 0 0 -1 0 0 -1 0 0 -1 0 0 -1 0 0 -1 0 0 -1 0 0 -1 0 0 -1 0 0 -1 -0.95 -0.32 0 -0.89 -0.45 0 -0.89 -0.45 0 -0.93 0.37 0 -0.99 -0.16 0 -0.45 0.89 0 -0.71 0.71 0 -0.32 0.95 0 -0.45 0.89 0 0.37 0.93 0 -0.16 0.99 0 0.89 0.45 0 0.71 0.71 0 0.95 0.32 0 0.89 0.45 0 0.93 -0.37 0 0.99 0.16 0 0.45 -0.89 0 0.71 -0.71 0 0.32 -0.95 0 0.45 -0.89 0 -0.37 -0.93 0 0.16 -0.99 0 -0.71 -0.71 0 0.8 0.6 0 0.55 0.83 0 0.86 0.51 0 -0.24 0.97 0 0.32 0.95 0 -0.37 0.93 0 -0.51 0.86 0 -0.6 0.8 0 -0.83 0.55 0 -0.95 0.32 0 -0.97 -0.24 0 -0.93 -0.37 0 -0.86 -0.51 0 -0.8 -0.6 0 -0.55 -0.83 0 -0.32 -0.95 0 0.24 -0.97 0 0.37 -0.93 0 0.51 -0.86 0 0.6 -0.8 0 0.83 -0.55 0 0.95 -0.32 0 0.97 0.24 0 0.93 0.37 0 0 0 1 0 0 1 0 0 1 0 0 1 0 0 1 0 0 1 0 0 1 0 0 1 0 0 1 0 0 1 0 0 1 0 0 1 0 0 1 0 0 1 0 0 1 0 0 1 0 0 1 0 0 1 0 0 1 0 0 1 0 0 1 0 0 1 0 0 1 0 0 1 0 0 -1 0 0 -1 0 0 -1 0 0 -1 0 0 -1 0 0 -1 0 0 -1 0 0 -1 0 0 -1 0 0 -1 0 0 -1 0 0 -1 0 0 -1 0 0 -1 0 0 -1 0 0 -1 0 0 -1 0 0 -1 0 0 -1 0 0 -1 0 0 -1 0 0 -1 0 0 -1 0 0 -1 0.16 0.99 0 -0.16 0.99 0 -0.32 0.95 0 0.62 0.78 0 0.32 0.95 0 0.95 0.32 0 0.78 0.62 0 0.99 -0.16 0 0.99 0.16 0 0.78 -0.62 0 0.95 -0.32 0 0.32 -0.95 0 0.62 -0.78 0 -0.16 -0.99 0 0.16 -0.99 0 -0.62 -0.78 0 -0.32 -0.95 0 -0.95 -0.32 0 -0.78 -0.62 0 -0.99 0.16 0 -0.99 -0.16 0 -0.78 0.62 0 -0.95 0.32 0 -0.62 0.78 0 0.45 -0.89 0 0.71 -0.71 0 0.2 -0.98 0 0.89 -0.45 0 0.71 -0.71 0 0.98 -0.2 0 0.98 0.2 0 0.89 0.45 0 0.71 0.71 0 0.71 0.71 0 0.45 0.89 0 0.2 0.98 0 -0.2 0.98 0 -0.45 0.89 0 -0.71 0.71 0 -0.71 0.71 0 -0.89 0.45 0 -0.98 0.2 0 -0.98 -0.2 0 -0.89 -0.45 0 -0.71 -0.71 0 -0.71 -0.71 0 -0.45 -0.89 0 -0.2 -0.98 0 0 0 1 0 0 1 0 0 1 0 0 1 0 0 1 0 0 1 0 0 1 0 0 1 0 0 1 0 0 1 0 0 1 0 0 1 0 0 1 0 0 1 0 0 1 0 0 1 0 0 1 0 0 1 0 0 1 0 0 1 0 0 -1 0 0 -1 0 0 -1 0 0 -1 0 0 -1 0 0 -1 0 0 -1 0 0 -1 0 0 -1 0 0 -1 0 0 -1 0 0 -1 0 0 -1 0 0 -1 0 0 -1 0 0 -1 0 0 -1 0 0 -1 0 0 -1 0 0 -1 0.51 0.86 0 0.16 0.99 0 -0.16 0.99 0 0.8 0.6 0 0.6 0.8 0 0.99 0.16 0 0.86 0.51 0 0.86 -0.51 0 0.99 -0.16 0 0.6 -0.8 0 0.8 -0.6 0 0.16 -0.99 0 0.51 -0.86 0 -0.51 -0.86 0 -0.16 -0.99 0 -0.8 -0.6 0 -0.6 -0.8 0 -0.99 -0.16 0 -0.86 -0.51 0 -0.86 0.51 0 -0.99 0.16 0 -0.6 0.8 0 -0.8 0.6 0 -0.51 0.86 0 0 -1 0 0.37 -0.93 0 0 -1 0 0.93 -0.37 0 0.71 -0.71 0 0.97 -0.24 0 1 0 0 1 0 0 0.93 0.37 0 0.71 0.71 0 0.37 0.93 0 0.24 0.97 0 0 1 0 0 1 0 -0.37 0.93 0 -0.71 0.71 0 -0.93 0.37 0 -0.97 0.24 0 -1 0 0 -1 0 0 -0.93 -0.37 0 -0.71 -0.71 0 -0.37 -0.93 0 -0.24 -0.97 0 0 0 1 0 0 1 0 0 1 0 0 1 0 0 1 0 0 1 0 0 1 0 0 1 0 0 1 0 0 1 0 0 1 0 0 1 0 0 1 0 0 1 0 0 1 0 0 1 0 0 1 0 0 1 0 0 1 0 0 1 0 0 1 0 0 1 0 0 1 0 0 1 0 0 -1 0 0 -1 0 0 -1 0 0 -1 0 0 -1 0 0 -1 0 0 -1 0 0 -1 0 0 -1 0 0 -1 0 0 -1 0 0 -1 0 0 -1 0 0 -1 0 0 -1 0 0 -1 0 0 -1 0 0 -1 0 0 -1 0 0 -1 0 0 -1 0 0 -1 0 0 -1 0 0 -1 -0.93 0.37 0 -0.99 -0.16 0 -0.95 -0.32 0 -0.45 0.89 0 -0.71 0.71 0 -0.32 0.95 0 -0.45 0.89 0 0.37 0.93 0 -0.16 0.99 0 0.89 0.45 0 0.71 0.71 0 0.95 0.32 0 0.89 0.45 0 0.93 -0.37 0 0.99 0.16 0 0.45 -0.89 0 0.71 -0.71 0 0.32 -0.95 0 0.45 -0.89 0 -0.37 -0.93 0 0.16 -0.99 0 -0.89 -0.45 0 -0.71 -0.71 0 -0.89 -0.45 0 0.93 0.37 0 0.86 0.51 0 0.97 0.24 0 0.55 0.83 0 0.8 0.6 0 0.32 0.95 0 -0.24 0.97 0 -0.37 0.93 0 -0.51 0.86 0 -0.6 0.8 0 -0.83 0.55 0 -0.95 0.32 0 -0.97 -0.24 0 -0.93 -0.37 0 -0.86 -0.51 0 -0.8 -0.6 0 -0.55 -0.83 0 -0.32 -0.95 0 0.24 -0.97 0 0.37 -0.93 0 0.51 -0.86 0 0.6 -0.8 0 0.83 -0.55 0 0.95 -0.32 0 -0.39 -0.65 0.65 -0.33 -0.67 0.67 -0.33 -0.67 0.67 -0.62 -0.49 0.62 -0.49 -0.62 0.62 -0.7 -0.12 0.7 -0.64 -0.43 0.64 -0.62 0.35 0.7 -0.7 0.12 0.7 -0.32 0.49 0.81 -0.27 0.53 0.8 -0.44 0.44 0.78 -0.67 0.33 0.67 0 0 1 0 0 1 0 0 1 0 1 0 0 1 0 0 1 0 0 1 0 0 1 0 0 1 0 0 0 -1 0 0 -1 0 0 -1 0 0 -1 0 0 -1 0 0 -1 0 0 -1 0 0 -1 0 0 -1 0 0 -1 0 0 -1 0 0 -1 0 0 1 0 0 1 0 0 1 0 0 1 0 0 1 0 0 1 0 0 1 0 0 1 0 0 1 0 0 1 0 0 1 0 0 1 -0.89 0.45 0 -0.99 0.16 0 -0.99 -0.16 0 -0.77 -0.64 0 -0.64 -0.77 0 -0.55 -0.83 0 -0.83 -0.55 0 -0.45 -0.89 0 -0.86 0.51 -0.01 -0.5 0.87 -0.01 -0.81 0.58 -0.01 -0.32 0.95 0 -0.45 0.89 0 -0.45 0.89 0 -0.89 0.45 0 -0.45 -0.89 0 0.89 0.45 0 0.81 0.58 -0.01 0.89 0.45 0 0.45 0.89 0 0.37 0.93 0 0.51 0.86 -0.02 0.87 0.49 -0.01 0.77 -0.64 0 0.64 -0.77 0 0.55 -0.83 0 0.99 -0.16 0 0.83 -0.55 0 0.99 0.16 0 0.45 0.89 0 0.45 -0.89 0 0.45 -0.89 0 0.65 -0.39 0.65 0.7 -0.12 0.7 0.7 0.12 0.7 0.6 0.36 0.72 0.6 0.3 0.75 0.37 0.18 0.91 0.67 0.33 0.67 0.33 -0.67 0.67 0.43 -0.64 0.64 0.49 -0.62 0.62 0.62 -0.49 0.62 0.33 -0.67 0.67 0.32 0 0.95 0 0 1 0.2 -0.98 0 0 -1 0 0 -1 0 0.45 -0.89 0 0.71 -0.71 0 0.71 -0.71 0 0.98 -0.2 0 1 0 0 1 0 0 0.71 -0.71 0 0.89 -0.45 0 0.71 -0.71 0 -1 0 0 -0.98 -0.2 0 -0.89 -0.45 0 -0.71 -0.71 0 -0.71 -0.71 0 -1 0 0 -0.45 -0.89 0 -0.71 -0.71 0 -0.71 -0.71 0 -0.2 -0.98 0 0 -1 0 0 -1 0 -0.89 0.45 0 -0.71 0.71 0 -0.71 0.71 0 -1 0 0 -0.98 0.2 0 -1 0 0 -0.45 0.89 0 -0.71 0.71 0 -0.71 0.71 0 0 1 0 -0.2 0.98 0 0 1 0 0.98 0.2 0 1 0 0 1 0 0 0.89 0.45 0 0.71 0.71 0 0.71 0.71 0 0.71 0.71 0 0.45 0.89 0 0.2 0.98 0 0.71 0.71 0 0 1 0 0 1 0 1 0 0 0.95 -0.32 0 0.83 -0.55 0 1 0 0 0.32 -0.95 0 0 -1 0 0 -1 0 0.55 -0.83 0 -0.32 -0.95 0 0 -1 0 0 -1 0 -0.83 -0.55 0 -0.55 -0.83 0 -1 0 0 -0.95 -0.32 0 -1 0 0 0 -1 0 0 -1 0 0 -1 0 0 -1 0 0 0 -1 0 0 -1 0 0 -1 0 0 -1 -1 0 0 -1 0 0 -1 0 0 -1 0 0 1 0 0 1 0 0 1 0 0 1 0 0 0 -1 0 0 -1 0 0 -1 0 0 -1 0 1 0 0 1 0 0 1 0 0 1 0 0 0 0 -1 0 0 -1 0 0 -1 0 0 -1 -1 0 0 -1 0 0 -1 0 0 -1 0 0 0 0 1 0 0 1 0 0 1 0 0 1 0 -1 0 0 -1 0 0 -1 0 0 -1 0 1 0 0 1 0 0 1 0 0 1 0 0 0 0 -1 0 0 -1 0 0 -1 0 0 -1 -1 0 0 -1 0 0 -1 0 0 -1 0 0 0 0 1 0 0 1 0 0 1 0 0 1 0 -1 0 0 -1 0 0 -1 0 0 -1 0 1 0 0 1 0 0 1 0 0 1 0 0 0 0 -1 0 0 -1 0 0 -1 0 0 -1 -1 0 0 -1 0 0 -1 0 0 -1 0 0 0 0 1 0 0 1 0 0 1 0 0 1 0 -1 0 0 -1 0 0 -1 0 0 -1 0 1 0 0 1 0 0 1 0 0 1 0 0 0 0 -1 0 0 -1 0 0 -1 0 0 -1 -1 0 0 -1 0 0 -1 0 0 -1 0 0 0 0 1 0 0 1 0 0 1 0 0 1 0 -1 0 0 -1 0 0 -1 0 0 -1 0 1 0 0 1 0 0 1 0 0 1 0 0 0 0 -1 0 0 -1 0 0 -1 0 0 -1 -1 0 0 -1 0 0 -1 0 0 -1 0 0 0 0 1 0 0 1 0 0 1 0 0 1 0 -1 0 0 -1 0 0 -1 0 0 -1 0 0 0 1 0 0 1 0 0 1 0 0 1 1 0 0 1 0 0 1 0 0 1 0 0 0 0 -1 0 0 -1 0 0 -1 0 0 -1 -1 0 0 -1 0 0 -1 0 0 -1 0 0 0 -1 0 0 -1 0 0 -1 0 0 -1 0 0 -1 0 0 -1 0 0 -1 0 0 -1 0 0 -1 0 0 -1 0 0 -1 0 0 -1 0 1 0 0 1 0 0 1 0 0 1 0 0 -1 0 0 -1 0 0 -1 0 0 -1 0 0 0 0 1 0 0 1 0 0 1 0 0 1 0 0 1 0 0 1 0 0 1 0 0 1 0 0 1 0 0 1 0 0 1 0 0 1 0 0 1 0 0 1 0 0 1 0 0 1 0 0 1 0 0 1 0 0 1 0 0 1 0 0 1 1 0 0 1 0 0 1 0 0 1 0 0 0 -1 0 0 -1 0 0 -1 0 0 -1 0 -1 0 0 -1 0 0 -1 0 0 -1 0 0 0 0 -1 0 0 -1 0 0 -1 0 0 -1 0 0 -1 0 0 -1 0 0 -1 0 0 -1 0 0 -1 0 0 -1 0 0 -1 0 0 -1 0 0 -1 0 0 -1 0 0 -1 0 0 -1 0 0 -1 0 0 -1 0 0 -1 0 0 -1 0 0 -1 0 0 -1 0 0 -1 0 0 -1 -0.45 0.89 0 -0.32 0.95 0 -0.58 0.81 0 -0.81 0.58 0 -0.89 0.45 0 -0.99 0.11 0 -0.99 -0.11 0 -0.89 -0.45 0 -0.81 -0.58 0 -0.58 -0.81 0 -0.45 -0.89 0 -0.32 -0.95 0 -0.32 -0.95 0 -0.32 0.95 0 0 0 -1 0 0 -1 0 0 -1 0 0 -1 0 0 -1 0 0 -1 0 0 -1 0 0 -1 0 0 -1 0 0 -1 0 0 -1 0 0 -1 0 0 -1 0 0 -1 0 0 -1 0 0 -1 0 0 -1 0 0 -1 0 0 -1 0 0 -1 0 0 -1 0 0 -1 0 0 -1 0 0 -1 -0.81 0.58 0 -0.58 0.81 0 -0.89 0.45 0 -0.32 0.95 0 -0.45 0.89 0 -0.32 0.95 0 -0.99 -0.11 0 -0.89 -0.45 0 -0.99 0.11 0 -0.81 -0.58 0 -0.58 -0.81 0 -0.45 -0.89 0 -0.32 -0.95 0 -0.32 -0.95 0 0 0 -1 0 0 -1 0 0 -1 0 0 -1 0 0 -1 0 0 -1 0 0 -1 0 0 -1 0 0 -1 0 0 -1 0 0 -1 0 0 -1 0 0 -1 0 0 -1 0 0 -1 0 0 -1 0 0 -1 0 0 -1 0 0 -1 0 0 -1 0 0 -1 0 0 -1 0 0 -1 0 0 -1 -0.58 0.81 0 -0.81 0.58 0 -0.45 0.89 0 -0.89 0.45 0 -0.99 0.11 0 -0.99 -0.11 0 -0.89 -0.45 0 -0.32 0.95 0 -0.32 0.95 0 -0.81 -0.58 0 -0.58 -0.81 0 -0.45 -0.89 0 -0.32 -0.95 0 -0.32 -0.95 0 0 0 -1 0 0 -1 0 0 -1 0 0 -1 0 0 -1 0 0 -1 0 0 -1 0 0 -1 0 0 -1 0 0 -1 0 0 -1 0 0 -1 0 0 -1 0 0 -1 0 0 -1 0 0 -1 0 0 -1 0 0 -1 0 0 -1 0 0 -1 0 0 -1 0 0 -1 0 0 -1 0 0 -1 -0.45 0.89 0 -0.32 0.95 0 -0.58 0.81 0 -0.81 0.58 0 -0.89 0.45 0 -0.99 0.11 0 -0.99 -0.11 0 -0.89 -0.45 0 -0.81 -0.58 0 -0.58 -0.81 0 -0.45 -0.89 0 -0.32 -0.95 0 -0.32 -0.95 0 -0.32 0.95 0 -0.32 -0.95 0 0 -1 0 -0.55 -0.83 0 -0.98 -0.2 0 -0.86 -0.51 0 -0.97 0.24 0 -0.71 0.71 0 -0.71 0.71 0 -0.71 0.71 0 -0.71 0.71 0 -0.71 0.71 0 -0.71 0.71 0 -0.8 -0.6 0 0 -1 0 -1 0 0 -0.95 -0.32 0 -1 0 0 -0.83 -0.55 0 -0.6 -0.8 0 -0.98 0.2 0 -0.89 0.45 0 -0.45 0.89 0 -0.2 0.98 0 0 1 0 0 1 0 -0.51 -0.86 0 -0.45 -0.89 0 -0.45 -0.89 0 0 0 1 0 0 1 0 0 1 0 0 1 0 0 1 0 0 1 0 0 1 0 0 1 0 0 1 0 0 1 0 0 1 0 0 1 -0.99 0.11 0 -0.89 0.45 0 -0.99 -0.11 0 -0.81 0.58 0 -0.58 0.81 0 -0.89 -0.45 0 -0.81 -0.58 0 -0.58 -0.81 0 -0.45 -0.89 0 -0.32 -0.95 0 -0.32 -0.95 0 -0.32 0.95 0 -0.45 0.89 0 -0.32 0.95 0 0 0 1 0 0 1 0 0 1 0 0 1 0 0 1 0 0 1 0 0 1 0 0 1 0 0 1 0 0 1 0 0 1 0 0 1 0 0 1 0 0 1 0 0 1 0 0 1 0 0 1 0 0 1 0 0 1 0 0 1 0 0 1 0 0 1 0 0 1 0 0 1 -0.85 0.53 0 -0.53 0.85 0 -0.93 0.37 0 -1 0.08 0 -1 -0.08 0 -0.93 -0.37 0 -0.85 -0.53 0 -0.53 -0.85 0 -0.37 -0.93 0 -0.24 -0.97 0 -0.24 -0.97 0 -0.24 0.97 0 -0.37 0.93 0 -0.24 0.97 0 0 0 1 0 0 1 0 0 1 0 0 1 0 0 1 0 0 1 0 0 1 0 0 1 0 0 1 0 0 1 0 0 1 0 0 1 0 0 1 0 0 1 0 0 1 0 0 1 0 0 1 0 0 1 0 0 1 0 0 1 0 0 1 0 0 1 0 0 1 0 0 1 -0.58 -0.82 0 -0.82 -0.58 0 -0.91 -0.42 0 -0.26 -0.96 0 -0.42 -0.91 0 -1 0.09 0 -0.91 0.42 0 -0.82 0.58 0 -0.26 -0.96 0 -1 -0.09 0 -0.58 0.82 0 -0.26 0.96 0 -0.42 0.91 0 -0.26 0.96 0 0 0 1 0 0 1 0 0 1 0 0 1 0 0 1 0 0 1 0 0 1 0 0 1 0 0 1 0 0 1 0 0 1 0 0 1 0 0 1 0 0 1 0 0 1 0 0 1 0 0 1 0 0 1 0 0 1 0 0 1 0 0 1 0 0 1 0 0 1 0 0 1 0 0 1 0 0 1 -0.98 -0.2 0 -1 0 0 -0.93 -0.37 0 -0.82 0.57 0 -0.96 0.27 0 -0.72 0.7 0 -0.48 0.88 0 -0.35 0.94 0 -0.82 -0.57 0 -0.72 -0.7 0 -0.48 -0.88 0 -0.35 -0.94 0 -0.21 0.98 0 -0.21 0.98 0 -0.95 0.32 0 -0.21 -0.98 0 -0.21 -0.98 0 0 0 -1 0 0 -1 0 0 -1 0 0 -1 0 0 -1 0 0 -1 0 0 1 0 0 1 0 0 1 0 0 1 0 0 1 0 0 1 0 0 1 0 0 1 0 0 1 0 0 1 0 0 1 0 0 1 0 0 1 0 0 1 0 0 1 0 0 1 0 0 1 0 0 1 0 0 1 0 0 1 0 0 1 0 0 1 0 0 1 0 0 1 0 0 1 0 0 1 0 0 1 0 0 1 0 0 1 0 0 1 0 0 1 0 0 1 0 0 1 0 0 1 0 0 1 0 0 1 0 0 1 0 0 1 0 0 1 0 0 1 0 0 1 0 0 1 0 0 1 0 0 1 0 0 1 0 0 1 0 0 1 0 0 1 0 0 1 0 0 1 0 0 1 0 0 1 0 0 1 0 0 1 0 0 1 0 0 1 0 0 1 0 0 1 0 0 1 0 0 1 0 0 1 0 0 1 0 0 1 0 0 1 0 0 1 0 0 1 0 0 1 0 0 1 0 0 1 0 0 1 0 0 1 0 0 1 0 0 1 0 0 1 0 0 1 0 0 1 -0.71 0.71 0 -0.71 0.71 0 -0.71 0.71 0 -0.71 0.71 0 0.71 0.71 0 0.71 0.71 0 0.71 0.71 0 0.71 0.71 0 0.71 -0.71 0 0.71 -0.71 0 0.71 -0.71 0 0.71 -0.71 0 -0.71 -0.71 0 -0.71 -0.71 0 -0.71 -0.71 0 -0.71 -0.71 0 0 0 -1 0 0 -1 0 0 -1 0 0 -1 0 0 -1 0 0 -1 0 0 -1 0 0 -1 0 0 -1 0 0 -1 0 0 -1 0 0 -1 0 0 -1 0 0 -1 0 0 -1 0 0 -1 0 0 -1 0 0 -1 0.71 0.71 0 0.71 0.71 0 0.71 0.71 0 0.71 0.71 0 0.71 -0.71 0 0.71 -0.71 0 0.71 -0.71 0 0.71 -0.71 0 -0.71 -0.71 0 -0.71 -0.71 0 -0.71 -0.71 0 -0.71 -0.71 0 -0.71 0.71 0 -0.71 0.71 0 -0.71 0.71 0 -0.71 0.71 0 0 0 -1 0 0 -1 0 0 -1 0 0 -1 0 0 -1 0 0 -1 0 0 -1 0 0 -1 0 0 -1 0 0 -1 0 0 -1 0 0 -1 0 0 -1 0 0 -1 0 0 -1 0 0 -1 0 0 -1 0 0 -1 0 0 -1 0 0 -1 0 0 -1 0 0 -1 0 0 -1 0 0 -1 0 0 -1 0 0 -1 0 0 -1 0 0 -1 0 0 -1 0 0 -1 0 0 -1 0 0 -1 0 0 -1 0 0 -1 0 0 -1 0 0 -1 0 0 -1 0 0 -1 0 0 -1 0 0 -1 0 0 -1 0 0 -1 0 0 -1 0 0 -1 0 0 -1 0 0 -1 0 0 -1 0 0 -1 0 0 -1 0 0 -1 0 0 -1 0 0 -1 0 0 -1 0 0 -1 0 0 -1 0 0 -1 0 0 -1 0 0 -1 0 0 -1 0 0 -1 0 0 -1 0 0 -1 0 0 -1 0 0 -1 0 0 -1 0 0 -1 0 0 1 0 0 1 0 0 1 0 0 1 0 0 1 0 0 1 1 0 0 1 0 0 1 0 0 1 0 0 1 0 0 1 0 0 1 0 0 1 0 0 1 0 0 1 0 0 1 0 0 1 0 0 1 0 0 0.71 -0.71 0 0.71 -0.71 0 0.71 -0.71 0 0.71 -0.71 0 -0.71 -0.71 0 -0.71 -0.71 0 -0.71 -0.71 0 -0.71 -0.71 0 -1 0 0 -1 0 0 -1 0 0 -1 0 0 -1 0 0 -1 0 0 -1 0 0 -1 0 0 -1 0 0 -1 0 0 -1 0 0 -1 0 0 -1 0 0 -0.71 0.71 0 -0.71 0.71 0 -0.71 0.71 0 -0.71 0.71 0 0 1 0 0 1 0 0 1 0 0 1 0 0 1 0 0 1 0 0 1 0 0 1 0 0 1 0 0 1 0 0 1 0 0 1 0 0 1 0 0.71 0.71 0 0.71 0.71 0 0.71 0.71 0 0.71 0.71 0 0 0 1 0 0 1 0 0 1 0 0 1 0 0 1 0 0 1 0 0 1 0 0 1 0 0 1 0 0 1 0 0 1 0 0 1 0 0 1 0 0 1 0 0 1 0 0 1 0 0 1 0 0 1 -0.98 -0.2 0 -1 0 0 -0.89 -0.45 0 -1 0 0 -0.95 0.32 0 -0.83 0.55 0 -0.6 0.8 0 -0.51 0.86 0 -0.45 0.89 0 -0.45 -0.89 0 -0.2 -0.98 0 0 -1 0 -0.45 0.89 0 0 -1 0 -0.97 -0.24 0 -0.71 -0.71 0 -0.98 0.2 0 -0.86 0.51 0 -0.8 0.6 0 -0.55 0.83 0 -0.32 0.95 0 0 1 0 0 1 0 -0.71 -0.71 0 -0.71 -0.71 0 -0.71 -0.71 0 -0.71 -0.71 0 -0.71 -0.71 0 1 0 0 1 0 0 1 0 0 1 0 0 0 0 -1 0 0 -1 0 0 -1 0 0 -1 1 0 0 1 0 0 1 0 0 1 0 0 0 0 1 0 0 1 0 0 1 0 0 1 0 0 1 0 0 1 0 0 1 0 0 1 0 0 1 0 0 1 -1 0 0 -1 0 0 -1 0 0 -1 0 0 0 0 -1 0 0 -1 0 0 -1 0 0 -1 0 0 -1 0 0 -1 -1 0 0 -1 0 0 -1 0 0 -1 0 0 0 -1 0 0 -1 0 0 -1 0 0 -1 0 0 -1 0 0 -1 0 0 -1 0 0 -1 0 0 -1 0 0 -1 0 0 -1 0 0 -1 0 0 -1 0 0 -1 0 0 -1 0 0 -1 0 0 -1 0 0 -1 0 0 -1 0 0 -1 0 0 -1 0 0 -1 0 0 -1 0 0 -1 0 0 -1 0 0 -1 0 0 -1 0 0 -1 0 0 -1 0 0 -1 0 0 -1 0 0 -1 0 0 -1 0 0 -1 0 0 -1 0 0 -1 0 0 -1 0 0 -1 0 0 -1 0 0 -1 0 0 -1 0 0 -1 0 0 -1 0 0 -1 0 0 -1 0 0 -1 0 0 0 -1 0 0 -1 0 0 -1 0 0 -1 0 0 -1 0 0 -1 0 0 -1 0 0 -1 0 -1 0 0 -1 0 0 -1 0 0 -1 0 0 -1 0 0 -1 0 0 -1 0 0 -1 0 0 -1 0 0 -1 0 0 -1 0 0 -1 0 0 -1 0 0 -1 0 0 -1 0 0 -1 0 0 -1 0 0 -1 0 0 -1 0 0 -1 0 0 -1 0 0 -1 0 0 -1 0 0 -1 0 0 -1 0 0.6 -0.8 0 0.83 -0.55 0 0.51 -0.86 0 0.45 -0.89 0 0.45 -0.89 0 0.2 0.98 0 0 1 0 0.45 0.89 0 0.89 0.45 0 0.98 0.2 0 0.95 -0.32 0 1 0 0 1 0 0 0 1 0 0.71 0.71 0 0.71 0.71 0 0.71 0.71 0 0.71 0.71 0 0.71 0.71 0 0.97 0.24 0 0.98 -0.2 0 0.86 -0.51 0 0.8 -0.6 0 0.55 -0.83 0 0.32 -0.95 0 0 -1 0 0 -1 0 0.71 0.71 0 0.35 -0.94 0 0.21 -0.98 0 0.48 -0.88 0 0.21 -0.98 0 0.72 -0.7 0 0.82 -0.57 0 0.48 0.88 0 0.72 0.7 0 0.35 0.94 0 0.21 0.98 0 0.21 0.98 0 1 0 0 0.96 -0.27 0 0.95 -0.32 0 0.98 0.2 0 0.82 0.57 0 0.93 0.37 0 0.91 -0.42 0 1 -0.09 0 1 0.09 0 0.91 0.42 0 0.82 0.58 0 0.58 0.82 0 0.42 0.91 0 0.26 0.96 0 0.26 0.96 0 0.58 -0.82 0 0.82 -0.58 0 0.42 -0.91 0 0.26 -0.96 0 0.26 -0.96 0 0.37 -0.93 0 0.24 -0.97 0 0.53 -0.85 0 1 -0.08 0 0.93 -0.37 0 1 0.08 0 0.85 -0.53 0 0.24 -0.97 0 0.93 0.37 0 0.85 0.53 0 0.53 0.85 0 0.37 0.93 0 0.24 0.97 0 0.24 0.97 0 0.99 0.11 0 0.89 0.45 0 0.99 -0.11 0 0.81 0.58 0 0.58 0.81 0 0.45 0.89 0 0.32 0.95 0 0.58 -0.81 0 0.81 -0.58 0 0.45 -0.89 0 0.89 -0.45 0 0.32 0.95 0 0.32 -0.95 0 0.32 -0.95 0 0 1 0 0.32 0.95 0 0 1 0 0.55 0.83 0 0.8 0.6 0 0.86 0.51 0 0.98 0.2 0 0.97 -0.24 0 0.71 -0.71 0 0.71 -0.71 0 0.71 -0.71 0 0.71 -0.71 0 0.71 -0.71 0 0.71 -0.71 0 0.45 0.89 0 0.51 0.86 0 0.45 0.89 0 0.83 0.55 0 0.6 0.8 0 0.95 0.32 0 0.98 -0.2 0 1 0 0 0.89 -0.45 0 0.45 -0.89 0 0.2 -0.98 0 1 0 0 0 -1 0 0 -1 0 0.99 0.11 0 0.89 0.45 0 0.99 -0.11 0 0.32 0.95 0 0.45 0.89 0 0.32 0.95 0 0.58 0.81 0 0.89 -0.45 0 0.81 0.58 0 0.81 -0.58 0 0.32 -0.95 0 0.45 -0.89 0 0.32 -0.95 0 0.58 -0.81 0 0.32 0.95 0 0.45 0.89 0 0.32 0.95 0 0.45 -0.89 0 0.32 -0.95 0 0.58 -0.81 0 0.81 -0.58 0 0.89 -0.45 0 0.99 -0.11 0 0.99 0.11 0 0.32 -0.95 0 0.89 0.45 0 0.81 0.58 0 0.58 0.81 0 0.58 0.81 0 0.81 0.58 0 0.45 0.89 0 0.89 0.45 0 0.99 0.11 0 0.99 -0.11 0 0.89 -0.45 0 0.32 0.95 0 0.32 0.95 0 0.45 -0.89 0 0.32 -0.95 0 0.58 -0.81 0 0.81 -0.58 0 0.32 -0.95 0 0.58 -0.81 0 0.81 -0.58 0 0.45 -0.89 0 0.32 -0.95 0 0.32 -0.95 0 0.89 -0.45 0 0.99 -0.11 0 0.99 0.11 0 0.89 0.45 0 0.81 0.58 0 0.58 0.81 0 0.45 0.89 0 0.32 0.95 0 0.32 0.95 0 0.3 -0.96 0.01 0.41 -0.91 0 0.55 -0.83 0 0.24 -0.97 -0.01 0.4 -0.92 -0.01 0.18 -0.98 0 0.25 -0.97 0 0.16 -0.99 0.01 0.22 -0.98 0 0 -1 0.01 -0.16 -0.99 0.01 0 -1 0 -0.41 -0.91 0 -0.4 -0.92 -0.01 -0.53 -0.84 0 -0.16 -0.99 0 -0.05 -1 0 0.05 -1 0 -0.69 -0.72 0 -0.55 -0.83 0 -0.86 -0.51 0 -0.75 -0.66 0 -0.97 -0.25 0 -0.91 -0.42 0 -1 0.02 0 -0.99 -0.16 0 -0.95 0.3 0 -0.99 0.13 0 -0.85 0.52 0 -0.93 0.37 0 -0.66 0.75 0 -0.79 0.61 0 -0.44 0.9 0 -0.59 0.8 0 -0.16 0.99 0 -0.35 0.94 0 0 1 0 -0.2 0.98 0 0.35 0.94 0 0.22 0.98 0 0.12 0.99 0 0.59 0.8 0 0.44 0.9 0 0.78 0.63 0 0.66 0.75 0 0.96 0.29 0 0.9 0.43 0 0.97 0.23 0 0.99 0.13 0 0.99 -0.16 0 1 0.02 0 0.91 -0.42 0 0.97 -0.25 0 0.75 -0.66 0 0.86 -0.51 0 0.69 -0.72 0 0.84 0.54 0 0.52 -0.86 0 -0.28 -0.96 -0.01 -0.22 -0.97 0.01 -0.25 -0.97 0 -0.4 -0.92 -0.01 -0.22 -0.98 0 0 0 1 0 0 1 0 0 1 0 0 1 0 0 1 0 0 1 0 0 1 0 0 1 0 0 1 0 0 1 0 0 1 0 0 1 0 0 1 0 0 1 0 0 1 0 0 1 0 0 1 0 0 1 0 0 1 0 0 1 0 0 1 0 0 1 0 0 1 0 0 1 0 0 1 0 0 1 0 0 1 0 0 1 0 0 1 0 0 1 0 0 1 0 0 1 0 0 1 0 0 1 0 0 1 0 0 1 0 0 1 0 0 1 0 0 1 0 0 1 0 0 1 0 0 1 0 0 1 0 0 1 0 0 1 0 0 1 0 0 1 0 0 1 0 0 1 0 0 1 0 0 1 0 0 1 0 0 1 0 0 1 0 0 1 0 0 1 0 0 1 0 0 1 0 0 1 0 0 1 0 0 1 0 0 1 0 0 1 0 0 1 0 0 1 0 0 1 0 0 1 0 0 1 0 0 1 0 0 1 0 0 1 0 0 1 0 0 1 0 0 1 0 0 1 0 0 1 0 0 1 0 0 1 0 0 1 0 0 1 0 0 1 0 0 1 0 0 1 0 0 1 0 0 1 0 0 1 0 0 1 0 0 1 0 0 1 0 0 1 0 0 1 0 0 1 0 0 1 0 0 1 0 0 1 0 1 -0.02 -0.2 0.98 -0.02 0 1 0 -0.37 0.93 -0.02 -0.51 0.86 -0.01 -0.37 0.93 0 -0.06 1 0 -0.29 0.96 0.02 0.06 1 0 -0.8 0.6 0 -0.67 0.75 0 -0.87 0.5 0 0.21 0.98 0 0.34 0.94 0.03 -0.65 0.76 0.01 -0.96 0.29 0 -0.98 0.19 0 -1 -0.03 0 -0.99 -0.15 0 -0.93 -0.37 0 -0.76 -0.65 0 -0.85 -0.53 0 -0.66 -0.75 0 -0.53 -0.85 0 -0.43 -0.9 0 -0.21 -0.98 0 -0.1 -0.99 0 0.1 -0.99 0 0.21 -0.98 0 0.44 -0.9 0 0.71 -0.71 0 0.62 -0.78 0 0.79 -0.62 0 0.89 -0.45 0 0.93 -0.36 0 0.99 -0.15 0 1 -0.03 0 0.98 0.19 0 0.96 0.29 0 0.87 0.5 0 0.8 0.6 0 0.68 0.73 0 -0.94 -0.33 0 0.37 -0.93 0 0.67 0.74 0 -0.24 0.97 0 -0.49 0.87 0.03 -0.37 0.93 0 0.2 0.98 -0.02 0.37 0.93 0 0.34 0.94 -0.02 0.37 0.93 0 0.49 0.87 0.03 0.51 0.86 0 0.48 0.88 -0.01 -0.98 -0.2 0 -1 0 0 -0.89 -0.45 0 0.89 0.45 0 0.45 0.89 0 0.98 0.2 0 1 0 0 1 0 0 0.98 -0.2 0 0.89 -0.45 0 0.45 -0.89 0 0.2 -0.98 0 0 -1 0 0 -1 0 -0.2 -0.98 0 -0.45 -0.89 0 -1 0 0 -0.98 0.2 0 -0.89 0.45 0 0 1 0 0.2 0.98 0 0 1 0 -0.45 0.89 0 -0.2 0.98 0 0 0 1 0 0 1 0 0 1 0 0 1 0 0 1 0 0 1 0 0 1 0 0 1 0 0 1 0 0 1 0 0 1 0 0 1 0 0 1 -0.2 0.98 0 0 1 0 -0.45 0.89 0 0 1 0 -0.89 0.45 0 -0.98 0.2 0 -1 0 0 -1 0 0 -0.98 -0.2 0 -0.2 -0.98 0 0 -1 0 -0.45 -0.89 0 0 -1 0 0.2 -0.98 0 0.98 -0.2 0 1 0 0 0.89 -0.45 0 1 0 0 0.98 0.2 0 0.89 0.45 0 0.45 0.89 0 0.2 0.98 0 -0.89 -0.45 0 0.45 -0.89 0 0 0 1 0 0 1 0 0 1 0 0 1 0 0 1 0 0 1 0 0 1 0 0 1 0 0 1 0 0 1 0 0 1 0 0 1 0 0 1 0 1 0 -0.2 0.98 0 0 1 0 0.45 0.89 0 0.89 0.45 0 0.2 0.98 0 0.98 0.2 0 1 0 0 1 0 0 0.98 -0.2 0 0.89 -0.45 0 0.45 -0.89 0 0.2 -0.98 0 0 -1 0 0 -1 0 -0.2 -0.98 0 -0.45 -0.89 0 -0.89 -0.45 0 -0.98 -0.2 0 -1 0 0 -1 0 0 -0.98 0.2 0 -0.89 0.45 0 -0.45 0.89 0 0 0 1 0 0 1 0 0 1 0 0 1 0 0 1 0 0 1 0 0 1 0 0 1 0 0 1 0 0 1 0 0 1 0 0 1 0 0 1 -0.2 -0.98 0 0 -1 0 -0.45 -0.89 0 0.2 0.98 0 0 1 0 0.45 0.89 0 -0.89 -0.45 0 -0.98 -0.2 0 -1 0 0 -1 0 0 -0.98 0.2 0 -0.89 0.45 0 -0.45 0.89 0 -0.2 0.98 0 0 -1 0 0 1 0 0.89 0.45 0 0.98 0.2 0 1 0 0 1 0 0 0.98 -0.2 0 0.89 -0.45 0 0.45 -0.89 0 0.2 -0.98 0 0 0 1 0 0 1 0 0 1 0 0 1 0 0 1 0 0 1 0 0 1 0 0 1 0 0 1 0 0 1 0 0 1 0 0 1 0 0 1 -1 0 0 -1 0 0 -1 0 0 -1 0 0 0 0 1 0 0 1 0 0 1 0 0 1 0 0 1 0 0 1 0 0 1 0 0 1 0 0 1 0 0 1 1 0 0 1 0 0 1 0 0 1 0 0 0 0 -1 0 0 -1 0 0 -1 0 0 -1 0 0 -1 0 0 -1 1 0 0 1 0 0 1 0 0 1 0 0 0 0 -1 0 0 -1 0 0 -1 0 0 -1 0 0 -1 0 0 -1 -1 0 0 -1 0 0 -1 0 0 -1 0 0 0 0 -1 0 0 -1 0 0 -1 0 0 -1 0 0 -1 0 0 -1 0 0 1 0 0 1 0 0 1 0 0 1 0 0 1 0 0 1 0 0 1 0 0 1 0 0 1 0 0 1 0 0 1 0 0 1 0 0 1 0 0 1 0 0 1 0 0 1 0 0 1 0 0 1 0 0 1 0 0 1 0 0 1 0 0 1 0 0 1 0 0 1 0 0 1 0 0 1 0 0 1 0 0 1 0 0 1 0 0 1 0 0 1 0 0 1 0 0 1 0 0 1 0 0 1 0 0 1 0 0 1 0 0 1 0 0 1 0 0 1 0 0 1 0 0 1 0 0 1 0 0 1 0 0 1 0 0 1 0 0 1 0 0 1 0 0 1 0 0 1 0 0 1 0 0 1 0 0 1 0 0 1 0 0 1 0 0 1 0 0 1 0 0 1 0 0 1 0 0 1 0 0 1 0 0 1 0 0 1 0 0 1 0 0 1 0 0 1 0 0 1 0 0 -1 0 0 -1 0 0 -1 0 0 -1 0 0 -1 0 0 -1 0 0 -1 0 0 -1 0 0 -1 0 0 -1 0 0 -1 0 0 -1 0 0 -1 0 0 -1 0 0 -1 0 0 -1 0 0 -1 0 0 -1 0 0 -1 0 0 -1 0 0 -1 0 0 -1 0 0 -1 0 0 -1 0 0 -1 0 0 -1 0 0 -1 0 0 -1 0 0 -1 0 0 -1 0 0 -1 0 0 -1 0 0 -1 0 0 -1 0 0 -1 0 0 -1 0 0 -1 0 0 -1 0 0 -1 0 0 -1 0 0 -1 0 0 -1 0 0 -1 0 0 -1 0 0 -1 0 0 -1 0 0 -1 0 0 -1 0 0 -1 0 0 -1 0 0 -1 0 0 -1 0 0 -1 0 0 -1 0 0 -1 0 0 -1 0 0 -1 0 0 -1 0 0 -1 0 0 -1 0 0 -1 0 0 -1 0 0 -1 0 0 -1 0 0 -1 0 0 -1 0 0 -1 0 0 -1 0 0 -1 0 0 -1 0 0 -1 0 0 -1 0 1 0 0.2 0.98 0 0 1 0 -0.2 -0.98 0 0 -1 0 -0.45 -0.89 0 0 -1 0 0.2 -0.98 0 0.45 -0.89 0 0.89 -0.45 0 0.98 -0.2 0 1 0 0 1 0 0 0.98 0.2 0 0.89 0.45 0 0.45 0.89 0 -0.89 -0.45 0 -0.98 -0.2 0 -1 0 0 -1 0 0 -0.98 0.2 0 -0.89 0.45 0 -0.45 0.89 0 -0.2 0.98 0 0 1 0 0.2 0.98 0 0 1 0 0.45 0.89 0 0.89 0.45 0 0.98 0.2 0 1 0 0 1 0 0 0.98 -0.2 0 0.89 -0.45 0 0.45 -0.89 0 0.2 -0.98 0 0 -1 0 0 -1 0 -0.2 -0.98 0 -0.45 -0.89 0 -0.89 -0.45 0 -0.98 -0.2 0 -1 0 0 -1 0 0 -0.98 0.2 0 -0.89 0.45 0 -0.45 0.89 0 -0.2 0.98 0 0 1 0 0.2 0.98 0 0 1 0 0.45 0.89 0 0.89 0.45 0 0.98 0.2 0 1 0 0 1 0 0 0.98 -0.2 0 0.89 -0.45 0 0.45 -0.89 0 0.2 -0.98 0 0 -1 0 0 -1 0 -0.2 -0.98 0 -0.45 -0.89 0 -0.89 -0.45 0 -0.98 -0.2 0 -1 0 0 -1 0 0 -0.98 0.2 0 -0.89 0.45 0 -0.45 0.89 0 -0.2 0.98 0 0 1 0 0.2 0.98 0 0 1 0 0.45 0.89 0 0.89 0.45 0 0.98 0.2 0 1 0 0 1 0 0 0.98 -0.2 0 0.89 -0.45 0 0.45 -0.89 0 0.2 -0.98 0 0 -1 0 0 -1 0 -0.2 -0.98 0 -0.45 -0.89 0 -0.89 -0.45 0 -0.98 -0.2 0 -1 0 0 -1 0 0 -0.98 0.2 0 -0.89 0.45 0 -0.45 0.89 0 -0.2 0.98 0 0 1 0 0.2 0.98 0 0 1 0 -0.89 -0.45 0 -0.45 -0.89 0 -0.98 -0.2 0 -0.2 -0.98 0 0 -1 0 0 -1 0 0.2 -0.98 0 0.45 -0.89 0 0.89 -0.45 0 0.98 -0.2 0 1 0 0 1 0 0 0.98 0.2 0 0.89 0.45 0 0.45 0.89 0 -1 0 0 -1 0 0 -0.98 0.2 0 -0.89 0.45 0 -0.45 0.89 0 -0.2 0.98 0 0 1 0 -0.2 0.98 0 0 1 0 0.89 0.45 0 0.45 0.89 0 0.98 0.2 0 1 0 0 1 0 0 0.98 -0.2 0 0.89 -0.45 0 0.45 -0.89 0 0.2 -0.98 0 0 -1 0 0 -1 0 -0.2 -0.98 0 -0.45 -0.89 0 -0.89 -0.45 0 -0.98 -0.2 0 -1 0 0 -1 0 0 -0.98 0.2 0 -0.89 0.45 0 -0.45 0.89 0 0.2 0.98 0 0 0 -1 0 0 -1 0 0 -1 0 0 -1 0 0 -1 0 0 -1 0 0 -1 0 0 -1 0 0 -1 0 0 -1 0 0 -1 0 0 -1 0 0 -1 0 0 -1 0 0 -1 0 0 -1 0 0 -1 0 0 -1 0 0 -1 0 0 -1 0 0 -1 0 0 -1 0 0 -1 0 0 -1 0 0 -1 0 0 -1 0 0 -1 0 0 -1 0 0 -1 0 0 -1 0 0 -1 0 0 -1 0 0 -1 0 0 -1 0 0 -1 0 0 -1 0 0 -1 0 0 -1 0 0 -1 0 0 -1 0 0 -1 0 0 -1 0 0 -1 0 0 -1 0 0 -1 0 0 -1 0 0 -1 0 0 -1 0 0 -1 0 0 -1 0 0 -1 0 0 -1 0 0 -1 0 0 -1 0 0 -1 0 0 -1 0 0 -1 0 0 -1 0 0 -1 0 0 -1 0 0 -1 0 0 -1 0 0 -1 0 0 -1 0 0 -1 0 0 -1 0 0 -1 0 0 -1 0 0 -1 0 0 -1 0 0 -1 0 0 -1 0 0 -1 0 0 -1 0 0 -1 0 0 -1 0 0 -1 0 0 -1 0 0 -1 0 0 -1 0 0 -1 0 0 -1 0 0 -1 0 0 -1 0 0 -1 0 0 -1 0 0 -1 0 0 -1 0 0 -1 0 0 -1 0 0 -1 0 0 -1 0 0 -1 0 0 -1 0 0 1 0 0 1 0 0 1 0 0 1 0 0 1 0 0 1 0 0 1 0 0 1 0 0 1 0 0 1 0 0 1 0 0 1 0 0 1 0 0 1 0 0 1 0 0 1 0 0 1 0 0 1 0 0 1 0 0 1 0 0 1 0 0 1 0 0 1 0 0 1 0 0 1 0 0 1 0 0 1 0 0 1 0 0 1 0 0 1 0 0 1 0 0 1 0 0 1 0 0 1 0 0 1 0 0 1 0 0 1 0 0 1 0 0 1 0 0 1 0 0 1 0 0 1 0 0 1 0 0 1 0 0 1 0 0 1 0 0 1 0 0 1 0 0 1 0 0 1 0 0 1 0 0 1 0 0 1 0 0 1 0 0 1 0 0 1 0 0 1 0 0 1 0 0 1 0 0 1 0 0 1 0 0 1 0 0 1 0 0 1 0 0 1 0 0 1 0 0 1 0 0 1 0 0 1 0 0 1 0 0 1 0 0 1 0 0 1 0 0 1 0 0 1 0 0 1 0 0 1 0 0 1 0 0 1 0 0 1 0 0 1 0 0 1 0 0 1 0 0 1 0 0 1 0 0 1 0 0 1 0 0 1 0 0 1 0 0 1 0 0 1 0 0 1 0 0 1 0 0 1 -0.48 -0.88 0 -0.32 -0.95 0 -0.23 -0.97 0 0.05 -1 0 0.23 -0.97 0 0.32 -0.95 0 0.48 -0.88 0 0.56 -0.83 0 0.69 -0.72 0 0.75 -0.66 0 0.85 -0.53 -0.01 0.84 -0.54 0 0.99 -0.14 0 0.95 -0.3 -0.02 0.99 -0.15 0 1 0.02 0 0.99 0.13 0 0.95 0.3 0 0.93 0.37 0 -0.05 -1 0 0.94 -0.34 -0.02 0.85 0.52 0 0.66 0.75 0 0.79 0.61 0 0.44 0.9 0 0.59 0.8 0 0.22 0.98 0 0.35 0.94 0 -0.02 1 0 -0.15 0.99 0 -0.2 0.98 0 0.02 1 0 0.16 0.99 0 -0.26 0.96 -0.01 -0.45 0.89 0 -0.5 0.87 0 -0.25 0.97 -0.01 -0.59 0.8 0 -0.79 0.61 0 -0.66 0.75 0 -0.93 0.37 0 -0.85 0.52 0 -0.99 0.13 0 -0.95 0.3 0 -0.99 -0.16 0 -1 0.02 0 -0.91 -0.42 0 -0.97 -0.25 0 -0.75 -0.66 0 -0.86 -0.51 0 -0.56 -0.83 0 -0.69 -0.72 0 -0.06 1 0 -0.3 0.95 0 0.06 1 0 -0.4 0.92 0 -0.61 0.79 0 -0.61 0.79 0 -0.93 0.36 0 -0.76 0.65 -0.01 -0.74 0.67 0 -0.94 0.34 0 -0.98 0.22 0 -0.99 0.11 0 0.3 0.95 0 0.4 0.92 0 0.59 0.81 0 0.68 0.74 0 0.83 0.56 0 0.89 0.45 0 0.98 0.22 0 0.99 0.11 0 0.99 -0.11 0 0.98 -0.22 0 0.89 -0.45 0 0.83 -0.56 0 0.74 -0.68 0 0.48 -0.88 0 0.34 -0.94 0 0.52 -0.85 0 0.69 -0.72 0 0.25 -0.97 0 0.06 -1 0 -0.06 -1 0 -0.3 -0.95 0 -0.99 -0.11 0 -0.98 -0.22 0 -0.4 -0.92 0 -0.59 -0.81 0 -0.68 -0.74 0 -0.83 -0.56 0 -0.89 -0.45 0 -0.45 -0.89 0 -0.89 -0.45 0 -0.2 -0.98 0 0 -1 0 0 -1 0 0.2 -0.98 0 0.45 -0.89 0 0.89 -0.45 0 0.98 -0.2 0 1 0 0 1 0 0 0.98 0.2 0 0.89 0.45 0 0.45 0.89 0 0.2 0.98 0 0 1 0 0 1 0 -0.98 -0.2 0 -1 0 0 -1 0 0 -0.98 0.2 0 -0.89 0.45 0 -0.45 0.89 0 -0.2 0.98 0 0.89 0.45 0 0.45 0.89 0 0.98 0.2 0 1 0 0 1 0 0 0.98 -0.2 0 0.89 -0.45 0 0.45 -0.89 0 0.2 -0.98 0 0 -1 0 0 -1 0 -0.2 -0.98 0 -0.45 -0.89 0 -0.89 -0.45 0 -0.98 -0.2 0 -1 0 0 -1 0 0 -0.98 0.2 0 -0.89 0.45 0 -0.45 0.89 0 -0.2 0.98 0 0 1 0 0 1 0 0.2 0.98 0 0 0 1 0 0 1 0 0 1 0 0 1 0 0 1 0 0 1 0 0 1 0 0 1 0 0 1 0 0 1 0 0 1 0 0 1 0 0 1 0 0 1 0 0 1 0 0 1 0 0 1 0 0 1 0 0 1 0 0 1 0 0 1 0 0 1 0 0 1 0 0 1 0.61 0.79 0 0.79 0.61 0 0.49 0.87 0 0.87 0.49 0 0.99 0.11 0 0.99 -0.11 0 0.87 -0.49 0 0.79 -0.61 0 0.55 -0.83 0 0.32 -0.95 0 0 -1 0 0 -1 0 -0.32 -0.95 0 -0.55 -0.83 0 -0.79 -0.61 0 -0.87 -0.49 0 -0.99 -0.11 0 -0.99 0.11 0 -0.87 0.49 0 -0.79 0.61 0 -0.61 0.79 0 -0.49 0.87 0 -0.11 0.99 0 0.11 0.99 0 0 0 1 0 0 1 0 0 1 0 0 1 0 0 1 0 0 1 0 0 1 0 0 1 0 0 1 0 0 1 0 0 1 0 0 1 0 0 1 0 0 1 0 0 1 0 0 1 0 0 1 0 0 1 0 0 1 0 0 1 0 0 1 0 0 1 0 0 1 0 0 1 0.11 0.99 0 0.49 0.87 0 -0.11 0.99 0 0.61 0.79 0 0.79 0.61 0 0.87 0.49 0 0.99 0.11 0 0.99 -0.11 0 0.87 -0.49 0 0.79 -0.61 0 0.61 -0.79 0 0.49 -0.87 0 0.11 -0.99 0 -0.11 -0.99 0 -0.49 -0.87 0 -0.61 -0.79 0 -0.83 -0.55 0 -0.95 -0.32 0 -1 0 0 -1 0 0 -0.95 0.32 0 -0.83 0.55 0 -0.61 0.79 0 -0.49 0.87 0 0 0 1 0 0 1 0 0 1 0 0 1 0 0 1 0 0 1 0 0 1 0 0 1 0 0 1 0 0 1 0 0 1 0 0 1 0 0 1 0 0 1 0 0 1 0 0 1 0 0 1 0 0 1 0 0 1 0 0 1 0 0 1 0 0 1 0 0 1 0 0 1 0 1 0 0.32 0.95 0 0 1 0 0.55 0.83 0 0.79 0.61 0 0.87 0.49 0 0.99 0.11 0 0.99 -0.11 0 0.87 -0.49 0 0.79 -0.61 0 0.61 -0.79 0 0.49 -0.87 0 0.11 -0.99 0 -0.11 -0.99 0 -0.49 -0.87 0 -0.61 -0.79 0 -0.79 -0.61 0 -0.87 -0.49 0 -0.99 -0.11 0 -0.99 0.11 0 -0.87 0.49 0 -0.79 0.61 0 -0.55 0.83 0 -0.32 0.95 0 0 0 1 0 0 1 0 0 1 0 0 1 0 0 1 0 0 1 0 0 1 0 0 1 0 0 1 0 0 1 0 0 1 0 0 1 0 0 1 0 0 1 0 0 1 0 0 1 0 0 1 0 0 1 0 0 1 0 0 1 0 0 1 0 0 1 0 0 1 0 0 1 0.11 0.99 0 0.49 0.87 0 -0.11 0.99 0 0.61 0.79 0 0.83 0.55 0 0.95 0.32 0 1 0 0 1 0 0 0.95 -0.32 0 0.83 -0.55 0 0.61 -0.79 0 0.49 -0.87 0 0.11 -0.99 0 -0.11 -0.99 0 -0.49 -0.87 0 -0.61 -0.79 0 -0.79 -0.61 0 -0.87 -0.49 0 -0.99 -0.11 0 -0.99 0.11 0 -0.87 0.49 0 -0.79 0.61 0 -0.61 0.79 0 -0.49 0.87 0 0.34 -0.92 0.22 0.19 -0.97 0.13 0.33 -0.94 0 0.63 -0.75 0.18 0.49 -0.85 0.19 0.66 -0.75 0 0.86 -0.5 0.09 0.75 -0.66 0.08 0.87 -0.5 0 0.98 -0.17 0.12 0.94 -0.33 0.06 0.98 -0.19 0 0.98 0.17 0.12 0.99 0 0.12 0.98 0.19 0 0.86 0.5 0.09 0.94 0.33 0.06 0.87 0.5 0 0.63 0.75 0.18 0.75 0.66 0.08 0.66 0.75 0 0.34 0.92 0.22 0.49 0.85 0.19 0.33 0.94 0 0 0.98 0.18 0.19 0.97 0.13 0 1 0 -0.34 0.92 0.22 -0.19 0.97 0.13 -0.33 0.94 0 -0.63 0.75 0.18 -0.49 0.85 0.19 -0.66 0.75 0 -0.86 0.5 0.09 -0.75 0.66 0.08 -0.87 0.5 0 -0.98 0.17 0.12 -0.94 0.33 0.06 -0.98 0.19 0 -0.98 -0.17 0.12 -0.99 0 0.12 -0.98 -0.19 0 -0.86 -0.5 0.09 -0.94 -0.33 0.06 -0.87 -0.5 0 -0.63 -0.75 0.18 -0.75 -0.66 0.08 -0.66 -0.75 0 -0.34 -0.92 0.22 -0.49 -0.85 0.19 -0.33 -0.94 0 0 -0.98 0.18 -0.19 -0.97 0.13 0 -1 0 0 0 -1 0 0 -1 0 0 -1 0 0 -1 0 0 -1 0 0 -1 0 0 -1 0 0 -1 0 0 -1 0 0 -1 0 0 -1 0 0 -1 0 0 -1 0 0 -1 0 0 -1 0 0 -1 0 0 -1 0 0 -1 0 0 -1 0 0 -1 0 0 -1 0 0 -1 0 0 -1 0 0 -1 0 0 -1 0 0 -1 0 0 -1 0 0 -1 0 0 -1 0 0 -1 0 0 -1 0 0 -1 0 0 -1 0 0 -1 0 0 -1 0 0 -1 0 0 -1 0 0 -1 0 0 -1 0 0 -1 0 0 -1 0 0 -1 0 0 -1 0 0 -1 0 0 -1 0 0 -1 0 0 -1 0 0 -1 0 0 -1 0 0 -1 0 0 -1 0 0 -1 0 0 -1 0 0 -1 0 0 -1 0 0 -1 0 0 -1 0 0 -1 0 0 -1 0 0 -1 0 0 -1 0 0 -1 0 0 -1 0 0 -1 0 0 -1 0 0 -1 0 0 -1 0 0 -1 0 0 -1 0 0 -1 0 0 -1 0 0 -1 0 0 -1 0 0 -1 0 0 -1 0 0 -1 0 0 -1 0 0 -1 0 0 -1 0 0 -1 0 0 -1 0 0 -1 0 0 -1 0 0 -1 0 0 -1 0 0 -1 0 0 -1 0 0 -1 0 0 -1 0 0 -1 0 0 -1 0 0 -1 0 0 -1 0 0 -1 0 0 -1 0 0 -1 0 0 -1 0 0 -1 0 0 -1 0 0 -1 0 0 -1 0 0 -1 0 0 -1 0 0 -1 0 0 -1 0 0 -1 0 0 -1 0 0 -1 0 0 -1 0 0 -1 0 0 -1 0 0 -1 0 0 -1 0 0 -1 0 0 -1 0 0 -1 0 0 -1 0 0 -1 0 0 -1 0 0 -1 0 0 -1 0 0 -1 0 0 -1 0 0 -1 0 0 -1 0 0 -1 0 0 -1 0 0 -1 0 0 -1 0 0 -1 0 0 -1 0 0 -1 0 0 -1 0 0 -1 0 0 -1 0 0 -1 0 0 -1 0 0 -1 0 0 -1 0 0 -1 0 0 -1 0 0 -1 0 0 -1 0 0 -1 0 0 -1 0 0 -1 0 0 -1 0 0 -1 0 0 -1 0 0 -1 0 0 -1 0 0 -1 0 0 -1 0 0 -1 0 0 -1 0 0 -1 0 0 -1 0 0 -1 0 0 -1 0 0 -1 0 0 -1 0 0 -1 0 0 -1 0 0 -1 0 0 -1 0 0 -1 0 0 -1 0 0 -1 0 0 -1 0 0 -1 0 0 -1 0 0 -1 0 0 -1 0 0 -1 0 0 -1 0 0 1 0 0 1 0 0 1 0 0 1 0 0 1 0 0 1 0 0 1 0 0 1 0 0 1 0 0 1 0 0 1 0 0 1 0 0 1 0 0 1 0 0 1 0 0 1 0 0 1 0 0 1 0 0 1 0 0 1 0 0 1 0 0 1 0 0 1 0 0 1 0 0 1 0 0 1 0 0 1 0 0 1 0 0 1 0 0 1 0 0 1 0 0 1 0 0 1 0 0 1 0 0 1 0 0 1 0 0 1 0 0 1 0 0 1 0 0 1 0 0 1 0 0 1 0 0 1 0 0 1 0 0 1 0 0 1 0 0 1 0 0 1 0 0 1 0 0 1 0 0 1 0 0 1 0 0 1 0 0 1 0 0 1 0 0 1 0 0 1 0 0 1 0 0 1 0 0 1 0 0 1 0 0 1 0 0 1 0 0 1 0 0 1 0 0 1 0 0 1 0 0 1 0 0 1 0 0 1 0 0 1 0 0 1 0 0 1 0 0 1 0 0 1 0 0 1 0 0 1 0 0 1 0 0 1 0 0 1 0 0 1 0 0 1 0 0 1 0 0 1 0 0 1 0 0 1 0 0 1 0 0 1 0 0 1 0 0 1 0 0 1 0 0 1 0 0 1 0 0 1 0 0 1 0 0 1 0 0 1 0 0 1 0 0 1 0 0 1 0 0 1 0 0 1 0 0 1 0 0 1 0 0 1 0 0 1 0 0 1 0 0 1 0 0 1 0 0 1 0 0 1 0 0 1 0 0 1 0 0 1 0 0 1 0 0 1 0 0 1 0 0 1 0 0 1 0 0 1 0 0 1 0 0 1 0 0 1 0 0 1 0 0 1 0 0 1 0 0 1 0 0 1 0 0 1 0 0 1 0 0 1 0 0 1 0 0 1 0 0 1 0 0 1 0 0 1 0 0 1 0 0 1 0 0 1 0 0 1 0 0 1 0 0 1 0 0 1 0 0 1 0 0 1 0 0 1 0 0 1 0 0 1 0 0 1 0 0 1 0 0 1 0 0 1 0 0 1 0 0 1 0 0 1 0 0 1 0 0 1 0 0 1 0 0 1 0 0 1 0 0 1 0 0 1 0 0 1 0 0 1 0 0 1 0 0 1 0 0 1 0 0 1 0 0 1 0 0 1 0 0 1 0 0 1 0 0 1 0 0 1 0 0 1 0 0 1 0 0 1 0 0 1 0 0 1 0 0 1 0 0 1 0 0 1 0 0 1 0 0 1 0 0 1 0 0 1 0 0 1 0 0 1 0.86 0.51 0 0.86 0.51 0 0.86 0.51 0 0.86 0.51 0 0 1 0 0 1 0 0 1 0 0 1 0 -0.86 0.51 0 -0.86 0.51 0 -0.86 0.51 0 -0.86 0.51 0 -0.89 -0.45 0 -0.89 -0.45 0 -0.89 -0.45 0 -0.89 -0.45 0 0 -1 0 0 -1 0 0 -1 0 0 -1 0 0.89 -0.45 0 0.89 -0.45 0 0.89 -0.45 0 0.89 -0.45 0 0 0 -1 0 0 -1 0 0 -1 0 0 -1 0 0 -1 0 0 -1 0 0 -1 0 0 -1 0 0 -1 0 0 -1 0 0 -1 0 0 -1 0 0 -1 0 0 -1 0 0 -1 0 0 -1 0 0 -1 0 0 -1 0.86 -0.51 0 0.86 -0.51 0 0.86 -0.51 0 0.86 -0.51 0 0.89 0.45 0 0.89 0.45 0 0.89 0.45 0 0.89 0.45 0 0 1 0 0 1 0 0 1 0 0 1 0 0 1 0 -0.89 0.45 0 -0.89 0.45 0 -0.89 0.45 0 -0.89 0.45 0 -0.86 -0.51 0 -0.86 -0.51 0 -0.86 -0.51 0 -0.86 -0.51 0 0 -1 0 0 -1 0 0 -1 0 0 -1 0 0 -1 0 0 0 -1 0 0 -1 0 0 -1 0 0 -1 0 0 -1 0 0 -1 0 0 -1 0 0 -1 0 0 -1 0 0 -1 0 0 -1 0 0 -1 0 0 -1 0 0 -1 0 0 -1 0 0 -1 0 0 -1 0 0 -1 0 -1 0 0 -1 0 0 -1 0 0 -1 0 0 -1 0 0.89 -0.45 0 0.89 -0.45 0 0.89 -0.45 0 0.89 -0.45 0 0.86 0.51 0 0.86 0.51 0 0.86 0.51 0 0.86 0.51 0 0 1 0 0 1 0 0 1 0 0 1 0 0 1 0 -0.86 0.51 0 -0.86 0.51 0 -0.86 0.51 0 -0.86 0.51 0 -0.89 -0.45 0 -0.89 -0.45 0 -0.89 -0.45 0 -0.89 -0.45 0 0 0 -1 0 0 -1 0 0 -1 0 0 -1 0 0 -1 0 0 -1 0 0 -1 0 0 -1 0 0 -1 0 0 -1 0 0 -1 0 0 -1 0 0 -1 0 0 -1 0 0 -1 0 0 -1 0 0 -1 0 0 -1 0 1 0 0 1 0 0 1 0 0 1 0 0 1 0 -0.89 0.45 0 -0.89 0.45 0 -0.89 0.45 0 -0.89 0.45 0 -0.86 -0.51 0 -0.86 -0.51 0 -0.86 -0.51 0 -0.86 -0.51 0 0 -1 0 0 -1 0 0 -1 0 0 -1 0 0 -1 0 0.86 -0.51 0 0.86 -0.51 0 0.86 -0.51 0 0.86 -0.51 0 0.89 0.45 0 0.89 0.45 0 0.89 0.45 0 0.89 0.45 0 0 0 -1 0 0 -1 0 0 -1 0 0 -1 0 0 -1 0 0 -1 0 0 -1 0 0 -1 0 0 -1 0 0 -1 0 0 -1 0 0 -1 0 0 -1 0 0 -1 0 0 -1 0 0 -1 0 0 -1 0 0 -1 -0.86 0.51 0 -0.86 0.51 0 -0.86 0.51 0 -0.86 0.51 0 -0.89 -0.45 0 -0.89 -0.45 0 -0.89 -0.45 0 -0.89 -0.45 0 0 -1 0 0 -1 0 0 -1 0 0 -1 0 0 -1 0 0.89 -0.45 0 0.89 -0.45 0 0.89 -0.45 0 0.89 -0.45 0 0.86 0.51 0 0.86 0.51 0 0.86 0.51 0 0.86 0.51 0 0 1 0 0 1 0 0 1 0 0 1 0 0 1 0 0 0 -1 0 0 -1 0 0 -1 0 0 -1 0 0 -1 0 0 -1 0 0 -1 0 0 -1 0 0 -1 0 0 -1 0 0 -1 0 0 -1 0 0 -1 0 0 -1 0 0 -1 0 0 -1 0 0 -1 0 0 -1 -0.86 -0.51 0 -0.86 -0.51 0 -0.86 -0.51 0 -0.86 -0.51 0 0 -1 0 0 -1 0 0 -1 0 0 -1 0 0.86 -0.51 0 0.86 -0.51 0 0.86 -0.51 0 0.86 -0.51 0 0.89 0.45 0 0.89 0.45 0 0.89 0.45 0 0.89 0.45 0 0 1 0 0 1 0 0 1 0 0 1 0 -0.89 0.45 0 -0.89 0.45 0 -0.89 0.45 0 -0.89 0.45 0 0 0 -1 0 0 -1 0 0 -1 0 0 -1 0 0 -1 0 0 -1 0 0 -1 0 0 -1 0 0 -1 0 0 -1 0 0 -1 0 0 -1 0 0 -1 0 0 -1 0 0 -1 0 0 -1 0 0 -1 0 0 -1 -0.09 1 0 -0.41 0.91 0 0.09 1 0 0.41 0.91 0 0.55 0.83 0 0.83 0.55 0 0.91 0.41 0 -0.55 0.83 0 1 0.09 0 1 -0.09 0 0.91 -0.41 0 0.83 -0.55 0 0.55 -0.83 0 0.41 -0.91 0 0.09 -1 0 -0.09 -1 0 -0.41 -0.91 0 -0.55 -0.83 0 -0.83 -0.55 0 -0.91 -0.41 0 -1 -0.09 0 -1 0.09 0 -0.83 0.55 0 -0.91 0.41 0 0 0 -1 0 0 -1 0 0 -1 0 0 -1 0 0 -1 0 0 -1 0 0 -1 0 0 -1 0 0 -1 0 0 -1 0 0 -1 0 0 -1 0 0 -1 0 0 -1 0 0 -1 0 0 -1 0 0 -1 0 0 -1 0 0 -1 0 0 -1 0 0 -1 0 0 -1 0 0 -1 0 0 -1 -0.4 -0.92 0 -0.08 -1 0 -0.56 -0.83 0 -1 -0.08 0 -0.92 -0.4 0 -1 0.08 0 -0.83 -0.56 0 0.08 -1 0 0.4 -0.92 0 0.56 -0.83 0 0.83 -0.56 0 0.92 -0.4 0 1 -0.08 0 1 0.08 0 0.92 0.4 0 0.83 0.56 0 0.56 0.83 0 0.4 0.92 0 0.08 1 0 -0.08 1 0 -0.4 0.92 0 -0.56 0.83 0 -0.83 0.56 0 -0.92 0.4 0 0.89 0.45 0 1 0 0 0.78 0.62 0 0.62 0.78 0 1 0 0 0.89 -0.45 0 0.78 -0.62 0 0.62 -0.78 0 0.45 -0.89 0 0 -1 0 0 -1 0 -0.45 -0.89 0 -0.62 -0.78 0 -0.78 -0.62 0 -0.89 -0.45 0 -1 0 0 -1 0 0 -0.89 0.45 0 -0.78 0.62 0 -0.62 0.78 0 -0.45 0.89 0 0 1 0 0 1 0 0.45 0.89 0 0 0.79 0.61 -0.36 0.72 0.6 0.16 0.79 0.6 -0.7 0.4 0.6 -0.79 0.16 0.6 -0.62 0.52 0.58 -0.79 0 0.61 -0.72 -0.36 0.6 -0.49 0.65 0.58 -0.65 -0.49 0.58 -0.52 -0.62 0.58 -0.4 -0.7 0.6 -0.16 -0.79 0.6 0 -0.79 0.61 0.36 -0.72 0.6 0.49 -0.65 0.58 0.62 -0.52 0.58 0.7 -0.4 0.6 0.79 -0.16 0.6 0.79 0 0.61 0.72 0.36 0.6 0.65 0.49 0.58 0.52 0.62 0.58 0.4 0.7 0.6 0.45 -0.89 0 0 -1 0 0.62 -0.78 0 0 -1 0 -0.45 -0.89 0 -0.62 -0.78 0 -0.78 -0.62 0 -0.89 -0.45 0 -1 0 0 -1 0 0 -0.89 0.45 0 -0.78 0.62 0 -0.62 0.78 0 -0.45 0.89 0 0 1 0 0 1 0 0.78 -0.62 0 0.89 -0.45 0 1 0 0 1 0 0 0.89 0.45 0 0.78 0.62 0 0.62 0.78 0 0.45 0.89 0 0 0.79 0.61 -0.36 0.72 0.6 0.16 0.79 0.6 -0.49 0.65 0.58 -0.62 0.52 0.58 -0.7 0.4 0.6 -0.79 0.16 0.6 -0.79 0 0.61 -0.72 -0.36 0.6 -0.65 -0.49 0.58 -0.52 -0.62 0.58 -0.4 -0.7 0.6 -0.16 -0.79 0.6 0.49 -0.65 0.58 0.62 -0.52 0.58 0.36 -0.72 0.6 0.7 -0.4 0.6 0.79 -0.16 0.6 0.79 0 0.61 0.72 0.36 0.6 0.65 0.49 0.58 0.52 0.62 0.58 0.4 0.7 0.6 0 -0.79 0.61 0.45 -0.89 0 0 -1 0 0.62 -0.78 0 1 0 0 0.89 -0.45 0 1 0 0 0.89 0.45 0 0.78 0.62 0 0.62 0.78 0 0.45 0.89 0 0 1 0 0 1 0 0 -1 0 -0.45 -0.89 0 -0.62 -0.78 0 -0.78 -0.62 0 -0.89 -0.45 0 -1 0 0 -1 0 0 -0.89 0.45 0 -0.45 0.89 0 -0.62 0.78 0 -0.78 0.62 0 0.78 -0.62 0 -0.52 -0.62 0.58 -0.65 -0.49 0.58 -0.4 -0.7 0.6 -0.72 -0.36 0.6 -0.79 0 0.61 -0.79 0.16 0.6 -0.7 0.4 0.6 -0.62 0.52 0.58 -0.49 0.65 0.58 -0.36 0.72 0.6 0 0.79 0.61 -0.16 -0.79 0.6 0 -0.79 0.61 0.36 -0.72 0.6 0.49 -0.65 0.58 0.62 -0.52 0.58 0.7 -0.4 0.6 0.79 -0.16 0.6 0.79 0 0.61 0.72 0.36 0.6 0.65 0.49 0.58 0.52 0.62 0.58 0.4 0.7 0.6 0.16 0.79 0.6 0 1 0 0.45 0.89 0 0 1 0 0.78 0.62 0 0.62 0.78 0 0.89 0.45 0 1 0 0 1 0 0 0.89 -0.45 0 0.78 -0.62 0 0.62 -0.78 0 0.45 -0.89 0 0 -1 0 0 -1 0 -0.45 -0.89 0 -0.62 -0.78 0 -0.78 -0.62 0 -0.89 -0.45 0 -1 0 0 -1 0 0 -0.89 0.45 0 -0.78 0.62 0 -0.62 0.78 0 -0.45 0.89 0 0 0.79 0.61 -0.36 0.72 0.6 0.16 0.79 0.6 -0.49 0.65 0.58 -0.62 0.52 0.58 -0.7 0.4 0.6 -0.79 0.16 0.6 -0.79 0 0.61 -0.72 -0.36 0.6 -0.65 -0.49 0.58 -0.52 -0.62 0.58 -0.4 -0.7 0.6 -0.16 -0.79 0.6 0 -0.79 0.61 0.36 -0.72 0.6 0.49 -0.65 0.58 0.62 -0.52 0.58 0.7 -0.4 0.6 0.79 -0.16 0.6 0.79 0 0.61 0.72 0.36 0.6 0.65 0.49 0.58 0.52 0.62 0.58 0.4 0.7 0.6 0.95 -0.32 0 1 0 0 0.83 -0.55 0 0.2 0.98 0 0 1 0 0.45 0.89 0 0 1 0 -0.32 0.95 0 -0.86 0.51 0 -0.98 0.2 0 -0.8 0.6 0 0.89 0.45 0 0.98 0.2 0 1 0 0 0.6 -0.8 0 -0.55 0.83 0 -0.24 -0.97 0 -0.71 -0.71 0 0.2 -0.98 0 -0.71 -0.71 0 -0.71 -0.71 0 -0.71 -0.71 0 -0.97 -0.24 0 0.51 -0.86 0 0.51 0.86 0 0.2 0.98 0 0.6 0.8 0 0.83 0.55 0 0.95 0.32 0 1 0 0 1 0 0 0.98 -0.2 0 0.89 -0.45 0 0.45 -0.89 0 0.2 -0.98 0 0 -1 0 0 -1 0 -0.32 -0.95 0 -0.55 -0.83 0 -0.8 -0.6 0 -0.86 -0.51 0 -0.98 -0.2 0 -0.97 0.24 0 -0.71 0.71 0 -0.71 0.71 0 -0.71 0.71 0 -0.71 0.71 0 -0.24 0.97 0 0.16 0.99 0 0.51 0.86 0 -0.16 0.99 0 0.89 0.45 0 0.6 0.8 0 0.98 0.2 0 1 0 0 1 0 0 0.95 -0.32 0 0.83 -0.55 0 0.6 -0.8 0 0.51 -0.86 0 0.16 -0.99 0 -0.16 -0.99 0 -0.51 -0.86 0 -0.6 -0.8 0 -0.83 -0.55 0 -0.95 -0.32 0 -1 0 0 -1 0 0 -0.98 0.2 0 -0.89 0.45 0 -0.6 0.8 0 -0.51 0.86 0 0.71 0.71 0 0.24 0.97 0 0.71 0.71 0 0.71 0.71 0 0.71 0.71 0 0.97 0.24 0 0.98 -0.2 0 0.86 -0.51 0 0.8 -0.6 0 0.55 -0.83 0 0.32 -0.95 0 0 -1 0 0 -1 0 -0.2 -0.98 0 -0.45 -0.89 0 -0.89 -0.45 0 -0.98 -0.2 0 -1 0 0 -1 0 0 -0.95 0.32 0 -0.83 0.55 0 -0.6 0.8 0 -0.51 0.86 0 -0.2 0.98 0 0.32 0.95 0 0 1 0 0.55 0.83 0 0.8 0.6 0 0.86 0.51 0 0.98 0.2 0 0.97 -0.24 0 0.71 -0.71 0 0.71 -0.71 0 0.71 -0.71 0 0.71 -0.71 0 0.24 -0.97 0 -0.2 -0.98 0 -0.51 -0.86 0 -0.6 -0.8 0 -0.83 -0.55 0 -0.95 -0.32 0 -1 0 0 -1 0 0 -0.98 0.2 0 -0.89 0.45 0 -0.45 0.89 0 -0.2 0.98 0 0 1 0 0.16 0.99 0 0.51 0.86 0 -0.16 0.99 0 0.6 0.8 0 0.83 0.55 0 0.95 0.32 0 1 0 0 1 0 0 0.98 -0.2 0 0.89 -0.45 0 0.6 -0.8 0 0.51 -0.86 0 0.16 -0.99 0 -0.16 -0.99 0 -0.51 -0.86 0 -0.6 -0.8 0 -0.89 -0.45 0 -0.98 -0.2 0 -1 0 0 -1 0 0 -0.95 0.32 0 -0.83 0.55 0 -0.6 0.8 0 -0.51 0.86 0 -0.78 -0.2 -0.59 -0.74 -0.37 -0.56 -0.78 0 -0.62 -0.69 -0.51 -0.51 -0.53 -0.66 -0.53 -0.42 -0.71 -0.57 0 -0.78 -0.62 -0.71 0.42 -0.57 -0.66 0.53 -0.53 -0.51 0.69 -0.51 -0.37 0.74 -0.56 -0.2 0.78 -0.59 0 0.78 -0.62 0.42 0.71 -0.57 0.53 0.66 -0.53 0.69 0.51 -0.51 0.74 0.37 -0.56 0.78 0.2 -0.59 0.78 0 -0.62 0.71 -0.42 -0.57 0.66 -0.53 -0.53 0.51 -0.69 -0.51 0.37 -0.74 -0.56 0.2 -0.78 -0.59 0 -0.78 -0.62 -0.42 -0.71 -0.57 0.2 -0.78 -0.59 -0.53 -0.66 -0.53 -0.69 -0.51 -0.51 -0.74 -0.37 -0.56 -0.78 -0.2 -0.59 -0.78 0 -0.62 -0.71 0.42 -0.57 -0.66 0.53 -0.53 -0.51 0.69 -0.51 -0.37 0.74 -0.56 -0.2 0.78 -0.59 0 0.78 -0.62 0.42 0.71 -0.57 0.53 0.66 -0.53 0.69 0.51 -0.51 0.74 0.37 -0.56 0.78 0.2 -0.59 0.78 0 -0.62 0.71 -0.42 -0.57 0.66 -0.53 -0.53 0.51 -0.69 -0.51 0.37 -0.74 -0.56 -0.69 0.23 0.69 -0.71 0 0.71 -0.65 0.39 0.65 -0.39 0.65 0.65 -0.14 0.7 0.7 0 0.71 0.71 0 0.71 0.71 -0.51 -0.38 0.77 -0.36 -0.6 0.72 -0.62 -0.15 0.77 -0.33 -0.67 0.67 -0.14 -0.7 0.7 0.13 -0.64 0.76 0.38 -0.51 0.77 0.35 -0.46 0.81 0.41 -0.41 0.82 0.51 -0.38 0.77 0.64 -0.13 0.76 0.7 0.12 0.7 0.65 0.39 0.65 0.6 0.36 0.72 0.46 0.46 0.76 0.27 0.53 0.8 -0.71 0 0.71 0 -0.78 -0.62 -0.42 -0.71 -0.57 0.2 -0.78 -0.59 -0.53 -0.66 -0.53 -0.69 -0.51 -0.51 -0.74 -0.37 -0.56 -0.78 -0.2 -0.59 -0.78 0 -0.62 -0.71 0.42 -0.57 -0.37 0.74 -0.56 -0.2 0.78 -0.59 -0.51 0.69 -0.51 0 0.78 -0.62 0.42 0.71 -0.57 0.53 0.66 -0.53 0.69 0.51 -0.51 0.74 0.37 -0.56 0.78 0.2 -0.59 0.78 0 -0.62 0.71 -0.42 -0.57 0.66 -0.53 -0.53 0.51 -0.69 -0.51 0.37 -0.74 -0.56 -0.66 0.53 -0.53 0.41 0.41 0.82 0.46 0.35 0.81 0.38 0.51 0.77 0.51 0.38 0.77 0.64 0.13 0.76 0.7 -0.14 0.7 0.67 -0.33 0.67 0.6 -0.36 0.72 0.38 -0.51 0.77 0.15 -0.62 0.77 0 -0.71 0.71 0 -0.71 0.71 -0.23 -0.69 0.69 -0.39 -0.65 0.65 -0.65 -0.39 0.65 0.13 0.64 0.76 -0.12 0.7 0.7 -0.71 0 0.71 -0.53 0.27 0.8 -0.71 0 0.71 -0.46 0.46 0.76 -0.36 0.6 0.72 -0.39 0.65 0.65 -0.7 -0.14 0.7 -0.66 0.53 -0.53 -0.51 0.69 -0.51 -0.71 0.42 -0.57 -0.37 0.74 -0.56 -0.2 0.78 -0.59 0 0.78 -0.62 0.42 0.71 -0.57 0.53 0.66 -0.53 0.69 0.51 -0.51 0.74 0.37 -0.56 0.78 0.2 -0.59 0.78 0 -0.62 0.71 -0.42 -0.57 0.66 -0.53 -0.53 0.51 -0.69 -0.51 0.37 -0.74 -0.56 0.2 -0.78 -0.59 0 -0.78 -0.62 -0.74 -0.37 -0.56 -0.78 -0.2 -0.59 -0.69 -0.51 -0.51 -0.53 -0.66 -0.53 -0.42 -0.71 -0.57 -0.78 0 -0.62 -0.78 -0.59 0.2 -0.62 -0.62 0.47 -0.8 -0.53 0.27 0.32 -0.81 0.49 0.16 -0.94 0.31 0.51 -0.69 0.51 0 -0.95 0.32 -0.46 -0.76 0.46 -0.8 0 0.6 -0.85 0.17 0.51 -0.9 0.3 0.3 -0.91 0.37 0.18 -0.62 0.62 0.47 -0.39 0.65 0.65 -0.12 0.7 0.7 0.78 -0.2 0.59 0.87 -0.44 0.22 0.86 0 0.51 0.87 0.35 0.35 0.85 0.51 0.17 0.62 0.62 0.47 0.49 0.62 0.62 0.12 0.7 0.7 0.87 -0.44 0.22 0.65 -0.39 0.65 0.39 -0.65 0.65 0.69 -0.23 0.69 0.71 0 0.71 0.62 0.15 0.77 0.71 0 0.71 0.51 0.38 0.77 0.36 0.6 0.72 0.33 0.67 0.67 0.14 0.7 0.7 -0.13 0.64 0.76 0.14 -0.7 0.7 0 -0.71 0.71 0 -0.71 0.71 -0.27 -0.53 0.8 -0.46 -0.46 0.76 -0.6 -0.36 0.72 -0.65 -0.39 0.65 -0.7 -0.12 0.7 -0.64 0.13 0.76 -0.51 0.38 0.77 -0.41 0.41 0.82 -0.35 0.46 0.81 -0.38 0.51 0.77 0.46 0.76 0.46 0 0.95 0.32 0.62 0.62 0.47 0.78 0.59 0.2 0.8 0.53 0.27 0.8 0 0.6 0.85 -0.17 0.51 0.9 -0.3 0.3 0.91 -0.37 0.18 0.62 -0.62 0.47 0.39 -0.65 0.65 0.12 -0.7 0.7 -0.12 -0.7 0.7 -0.49 -0.62 0.62 -0.62 -0.62 0.47 -0.85 -0.51 0.17 -0.87 -0.35 0.35 -0.86 0 0.51 -0.78 0.2 0.59 -0.87 0.44 0.22 -0.87 0.44 0.22 -0.51 0.69 0.51 -0.32 0.81 0.49 -0.16 0.94 0.31 -0.13 -0.64 0.76 -0.38 -0.51 0.77 0.12 -0.7 0.7 -0.41 -0.41 0.82 -0.46 -0.35 0.81 -0.51 -0.38 0.77 -0.64 -0.13 0.76 -0.7 0.14 0.7 -0.67 0.33 0.67 -0.6 0.36 0.72 -0.38 0.51 0.77 -0.15 0.62 0.77 0 0.71 0.71 0.39 -0.65 0.65 0.36 -0.6 0.72 0.46 -0.46 0.76 0.53 -0.27 0.8 0.71 0 0.71 0.23 0.69 0.69 0 0.71 0.71 0.39 0.65 0.65 0.71 0 0.71 0.7 0.14 0.7 0.65 0.39 0.65 0.04 0.71 0.71 0.21 0.69 0.69 0.31 0.72 0.62 0.48 0.66 0.58 0.56 0.61 0.56 0.62 0.48 0.62 0.77 0.43 0.48 0.79 0.1 0.61 0.83 0.29 0.48 0.71 0.06 0.71 0.71 -0.01 0.71 0.85 -0.16 0.51 0.71 -0.45 0.54 0.61 -0.27 0.75 0.62 -0.47 0.62 0.56 -0.61 0.56 0.48 -0.66 0.58 0.35 -0.72 0.6 0.27 -0.78 0.56 -0.03 -0.78 0.62 0.16 -0.83 0.53 -0.07 -0.71 0.71 -0.21 -0.69 0.69 -0.31 -0.72 0.62 -0.48 -0.66 0.58 -0.56 -0.61 0.56 -0.61 -0.5 0.61 -0.76 -0.42 0.5 -0.81 -0.11 0.58 -0.82 -0.22 0.52 -0.71 -0.03 0.71 -0.71 0.08 0.71 -0.7 0.16 0.7 -0.67 0.33 0.67 -0.64 0.43 0.64 -0.56 0.61 0.56 -0.48 0.66 0.58 -0.31 0.72 0.62 -0.22 0.69 0.69 -0.04 0.71 0.71 -0.89 -0.33 0.33 -0.61 -0.27 0.75 0.82 -0.22 0.52 0.89 -0.33 0.33 -0.83 0.02 -0.55 -0.43 -0.06 -0.9 -0.84 -0.12 -0.52 0.15 0.88 -0.46 0.29 0.95 -0.11 0.3 0.83 -0.48 0.47 0.86 -0.19 0.46 0.72 -0.52 0.62 0.75 -0.23 0.59 0.66 -0.46 0.72 0.66 -0.22 0.67 0.58 -0.47 0.82 0.52 -0.25 0.78 0.44 -0.43 0.92 0.37 -0.1 0.83 0.28 -0.49 0.96 0.19 -0.22 0.84 0.12 -0.52 0.95 0.03 -0.32 0.83 -0.02 -0.55 0.94 -0.15 -0.31 0.88 -0.15 -0.46 0.95 -0.29 -0.11 0.83 -0.3 -0.48 0.86 -0.47 -0.19 0.72 -0.46 -0.52 0.75 -0.62 -0.23 0.66 -0.59 -0.46 0.66 -0.72 -0.22 0.58 -0.67 -0.47 0.52 -0.82 -0.25 0.44 -0.78 -0.43 0.37 -0.92 -0.1 0.28 -0.83 -0.49 0.19 -0.96 -0.22 0.12 -0.84 -0.52 0.03 -0.95 -0.32 -0.02 -0.83 -0.55 -0.15 -0.94 -0.31 -0.15 -0.88 -0.46 -0.29 -0.95 -0.11 -0.3 -0.83 -0.48 -0.47 -0.86 -0.19 -0.46 -0.72 -0.52 -0.62 -0.75 -0.23 -0.59 -0.66 -0.46 -0.72 -0.66 -0.22 -0.67 -0.58 -0.47 -0.82 -0.52 -0.25 -0.78 -0.44 -0.43 -0.92 -0.37 -0.1 -0.83 -0.28 -0.49 -0.96 -0.19 -0.22 -0.95 -0.03 -0.32 -0.94 0.15 -0.31 -0.88 0.15 -0.46 -0.95 0.29 -0.11 -0.83 0.3 -0.48 -0.86 0.47 -0.19 -0.72 0.46 -0.52 -0.75 0.62 -0.23 -0.66 0.59 -0.46 -0.66 0.72 -0.22 -0.58 0.67 -0.47 -0.52 0.82 -0.25 -0.44 0.78 -0.43 -0.37 0.92 -0.1 -0.28 0.83 -0.49 -0.19 0.96 -0.22 -0.12 0.84 -0.52 -0.03 0.95 -0.32 0.02 0.83 -0.55 0 0.45 -0.89 0.06 0.43 -0.9 0.14 0.39 -0.91 0.2 0.35 -0.91 0.28 0.34 -0.9 0.37 0.32 -0.87 0.35 0.2 -0.91 0.42 0.14 -0.9 0.43 0.06 -0.9 0.45 0 -0.89 0.43 -0.06 -0.9 0.39 -0.14 -0.91 0.36 -0.22 -0.91 0.34 -0.28 -0.9 0.32 -0.37 -0.87 0.18 -0.34 -0.92 0.13 -0.38 -0.92 0.06 -0.43 -0.9 0 -0.45 -0.89 -0.06 -0.43 -0.9 -0.14 -0.39 -0.91 -0.2 -0.35 -0.91 -0.28 -0.34 -0.9 -0.37 -0.32 -0.87 -0.34 -0.18 -0.92 -0.38 -0.13 -0.92 -0.45 0 -0.89 -0.43 0.06 -0.9 -0.4 0.14 -0.91 -0.37 0.22 -0.9 -0.34 0.28 -0.9 -0.32 0.37 -0.87 -0.18 0.34 -0.92 -0.13 0.38 -0.92 -0.06 0.43 -0.9 0 0.39 -0.92 0.07 0.34 -0.94 0.13 0.32 -0.94 0.16 0.26 -0.95 0.27 0.32 -0.91 0.28 0.21 -0.94 0.23 0.14 -0.96 0.24 0.18 -0.95 0.36 0.1 -0.93 0.35 0.04 -0.94 0.39 0 -0.92 0.34 -0.07 -0.94 0.4 -0.11 -0.91 0.33 -0.16 -0.93 0.26 -0.17 -0.95 0.32 -0.27 -0.91 0.21 -0.28 -0.94 0.14 -0.27 -0.95 0.13 -0.36 -0.93 0.04 -0.35 -0.94 0 -0.39 -0.92 -0.07 -0.34 -0.94 -0.13 -0.32 -0.94 -0.16 -0.26 -0.95 -0.27 -0.32 -0.91 -0.28 -0.21 -0.94 -0.27 -0.14 -0.95 -0.36 -0.13 -0.93 -0.35 -0.04 -0.94 0.15 0.94 -0.31 0.38 0.16 -0.91 0.41 0.16 -0.9 -0.39 0 -0.92 -0.34 0.07 -0.94 -0.38 0.16 -0.91 -0.24 0.18 -0.95 -0.26 0.18 -0.95 -0.41 0.16 -0.9 -0.32 0.27 -0.91 -0.21 0.28 -0.94 -0.14 0.27 -0.95 -0.13 0.36 -0.93 -0.04 0.35 -0.94 -0.4 0.1 -0.91 0 0 -1 0 0 -1 0 0 -1 0 0 -1 0 0 -1 0 0 -1 0 0 -1 0 0 -1 0 0 -1 0 0 -1 0 0 -1 0 0 -1 0 0 -1 0 0 -1 0 0 -1 0 0 -1 0 0 -1 0 0 -1 0 0 -1 0 0 -1 0 0 -1 0 0 -1 0 0 -1 0 0 -1 0 0 -1 0 0 -1 0 0 -1 0 0 -1 0 0 -1 0 0 -1 0 0 -1 0 0 -1 0 0 -1 0 0 -1 0 0 -1 0 0 -1 0 0 -1 0 0 -1 0 0 -1 0 0 -1 0 0 -1 0 0 -1 0 0 -1 0 0 -1 0 0 -1 0 0 -1 0 0 -1 0 0 -1 0 0 -1 0 0 -1 0 0 -1 0 0 -1 0 0 -1 0 0 -1 0 0 -1 0 0 -1 0 0 -1 0 0 -1 0 0 -1 0 0 -1 0 0 -1 0 0 -1 0 0 -1 0 0 -1 0 0 -1 0 0 -1 0 0 -1 0 0 -1 0 0 -1 0 0 -1 0 0 -1 0 0 -1 0 0 -1 0 0 -1 0 0 -1 0 0 -1 0 0 -1 0 0 -1 0 0 -1 0 0 -1 0 0 -1 0 0 -1 0 0 -1 0 0 -1 0 0 -1 0 0 -1 0 0 -1 0 0 -1 0 0 -1 0 0 -1 0 0 -1 0 0 -1 0 0 -1 0 0 -1 0 0 -1 0 0 -1 0 0 -1 0 0 -1 0 0 -1 0 0 -1 0 0 -1 0 0 -1 0 0 -1 0 0 -1 0 0 -1 0 0 -1 0 0 -1 0 0 -1 0 0 -1 0 0 -1 0 0 -1 0 0 -1 0 0 -1 0 0 -1 0 0 -1 0 0 -1 0 0 -1 0 0 -1 0 0 -1 0 0 -1 0 0 -1 0 0 -1 0 0 -1 0 0 -1 0 0 -1 0 0 -1 0 0 -1 0 0 -1 0 0 -1 0 0 -1 0 0 -1 0 0 -1 0 0 -1 0 0 -1 0 0 -1 0 0 -1 0 0 -1 0 0 -1 0 0 -1 0 0 -1 0 0 -1 0 0 -1 0 0 -1 0 0 -1 0 0 -1 0 0 -1 0 0 -1 0 0 -1 0 0 -1 0 0 -1 0 0 -1 0 0 -1 0 0 -1 0 0 -1 0 0 -1 0 0 -1 0 0 -1 0 0 -1 0 0 -1 0 0 -1 0 0 -1 0 0 -1 0 0 -1 0 0 -1 0 0 -1 0 0 -1 0 0 -1 0 0 -1 0 0 -1 0 0 -1 0 0 -1 0 0 -1 0 0 -1 0 0 -1 0 0 -1 0 0 -1 0 0 -1 0 0 -1 0 0 -1 0 0 -1 0 0 -1 0 0 -1 0 0 -1 0 0 -1 0 0 1 0 0 -1 0 0 -1 0 0 -1 0 0 -1 0 0 -1 0 0 -1 0 0 -1 0 0 -1 0 0 -1 0 0 -1 0 0 -1 0 0 -1 0 0 -1 0 0 -1 0 0 -1 0 0 -1 0 0 -1 0 0 -1 0 0 -1 0 0 -1 0 0 -1 0 0 -1 0 0 -1 0 0 -1 0 0 -1 0 0 -1 0 0 -1 0 0 -1 0 0 -1 0 0 -1 0 0 -1 0 0 -1 0 0 -1 0 0 -1 0 0 -1 0 0 -1 0 0 -1 0 0 -1 0 0 -1 0 0 -1 0 0 -1 0 0 -1 0 0 -1 0 0 -1 0 0 -1 0 0 -1 0 0 -1 0 0 -1 0 0 -1 0 0 -1 0 0 -1 0 0 -1 0 0 -1 0 0 -1 0 0 -1 0 0 -1 0 0 -1 0 0 -1 0 0 -1 0 0 -1 0 0 -1 0 0 -1 0 0 -1 0 0 -1 0 0 1 0 0 -1 0 0 -1 0 0 -1 0 0 -1 0 0 -1 0 0 -1 0 0 -1 0 0 -1 0 0 -1 0 0 -1 0 0 -1 0 0 -1 0 0 -1 0 0 -1 0 0 -1 0 0 -1 0 0 -1 0 0 -1 0 0 -1 0 0 -1 0 0 -1 0 0 -1 0 0 -1 0 0 -1 0 0 -1 0 0 -1 0 0 -1 0 0 -1 0 0 -1 0 0 -1 0 0 -1 0 0 -1 0 0 -1 0 0 -1 0 0 -1 0 0 -1 0 0 -1 0 0 -1 0 0 -1 0 0 -1 0 0 -1 0 0 -1 0 0 -1 0 0 -1 0 0 -1 0 0 -1 0 0 -1 0 0 -1 0 0 -1 0 0 -1 0 0 -1 0 0 -1 0 0 -1 0 0 -1 0 0 -1 0 0 -1 0 0 -1 0 0 -1 0 0 -1 0 0 -1 0 0 -1 0 0 -1 0 0 -1 0 0 -1 0 0 -1 0 0 -1 0 0 -1 0 0 -1 0 0 -1 0 0 -1 0 0 -1 0 0 -1 0 0 -1 0 0 -1 0 0 -1 0 0 -1 0 0 -1 0 0 -1 0 0 -1 0 0 -1 0 0 -1 0 0 -1 0 0 -1 0 0 -1 0 0 -1 0 0 -1 0 0 -1 0 0 -1 0 0 -1 0 0 -1 0 0 -1 0 0 -1 0 0 -1 0 0 -1 0 0 -1 0 0 1 0 0 1 0 0 1 0 0 1 0 0 1 0 0 1 0 0 1 0 0 1 0 0 1 0 0 1 0 0 1 0 0 1 0 0 1 0 0 1 0 0 1 0 0 1 0 0 1 0 0 1 0 0 1 0 0 1 0 0 1 0 0 1 0 0 1 0 0 1 0 0 1 0 0 1 0 0 1 0 0 1 0 0 1 0 0 1 0 0 1 0 0 1 0 0 1 0 0 1 0 0 1 0 0 1 0 0 1 0 0 1 0 0 1 0 0 1 0 0 1 0 0 1 0 0 1 0 0 1 0 0 1 0 0 1 0 0 1 0 0 1 0 0 1 0 0 1 0 0 1 0 0 1 0 0 1 0 0 1 0 0 1 0 0 1 0 0 1 0 0 1 0 0 1 0 0 1 0 0 1 0 0 1 0 0 1 0 0 1 0 0 1 0 0 1 0 0 1 0 0 1 0 0 1 0 0 1 0 0 1 0 0 1 0 0 1 0 0 1 0 0 1 0 0 1 0 0 1 0 0 1 0 0 1 0 0 1 0 0 1 0 0 1 0 0 1 0 0 1 0 0 1 0 0 1 0 0 1 0 0 1 0 0 1 0 0 1 0 0 1 0 0 1 0 0 1 0 0 1 0 0 1 0 0 1 0 0 1 0 0 1 0 0 1 0 0 1 0 0 1 0 0 1 0 0 1 0 0 1 0 0 1 0 0 1 0 0 1 0 0 1 0 0 1 0 0 1 0 0 1 0 0 1 0 0 1 0 0 1 0 0 1 0 0 1 0 0 1 0 0 1 0 0 1 0 0 1 0 0 1 0 0 1 0 0 1 0 0 1 0 0 1 0 0 1 0 0 1 0 0 1 0 0 1 0 0 1 0 0 1 0 0 1 0 0 1 0 0 1 0 0 1 0 0 1 0 0 1 0 0 1 0 0 1 0 0 1 0 0 1 0 0 1 0 0 1 0 0 1 0 0 1 0 0 1 0 0 1 0 0 1 0 0 1 0 0 1 0 0 1 0 0 1 0 0 1 0 0 1 0 0 1 0 0 1 0 0 1 0 0 1 0 0 1 0 0 1 0 0 1 0 0 1 0 0 1 0 0 1 0 0 1 0 0 1 0 0 1 0 0 1 0 0 1 0 0 1 0 0 1 0 0 1 0 0 1 0 0 1 0 0 1 0 0 1 0 0 1 0 0 1 0 0 1 0 0 1 0 0 1 0 0 1 0 0 1 0 0 1 0 0 1 0 0 1 0 0 1 0 0 1 0 0 1 0 0 1 0 0 1 0 0 1 0 0 1 0 0 1 0 0 1 0 0 1 0 0 1 0 0 1 0 0 1 0 0 1 0 0 1 0 0 1 0 0 1 0 0 1 0 0 1 0 0 1 0 0 1 0 0 1 0 0 1 0 0 1 0 0 1 0 0 1 0 0 1 0 0 1 0 0 1 0 0 1 0 0 1 0 0 1 0 0 1 0 0 1 0 0 1 0 0 1 0 0 1 0 0 1 0 0 1 0 0 1 0 0 1 0 0 1 0 0 1 0 0 1 0 0 1 0 0 1 0 0 1 0 0 1 0 0 1 0 0 1 0 0 1 0 0 1 0 0 1 0 0 1 0 0 1 0 0 1 0 0 1 0 0 1 0 0 1 0 0 1 0 0 1 0 0 1 0 0 1 0 0 1 0 0 1 0 0 1 0 0 1 0 0 1 0 0 1 0 0 1 0 0 1 0 0 1 0 0 -1 0 0 1 0 0 1 0 0 1 0 0 1 0 0 1 0 0 1 0 0 1 0 0 1 0 0 1 0 0 1 0 0 1 0 0 1 0 0 1 0 0 1 0 0 1 0 0 1 0 0 1 0 0 1 0 0 1 0 0 1 0 0 1 0 0 1 0 0 1 0 0 1 0 0 1 0 0 1 0 0 1 0 0 1 0 0 1 0 0 1 0 0 1 0 0 1 0 0 1 0 0 1 0 0 1 0 0 1 0 0 1 0 0 1 0 0 1 0 0 1 0 0 1 0 0 1 0 0 1 0 0 1 0 0 1 0 0 1 0 0 1 0 0 1 0 0 1 0 0 1 0 0 1 0 0 1 0 0 1 0 0 1 0 0 1 0 0 1 0 0 1 0 0 1 0 0 1 0 0 1 0 0 1 0 0 1 0 0 1 0 0 1 0 0 1 0 0 1 0 0 1 0 0 1 0 0 1 0 0 1 0 0 1 0 0 1 0 0 1 0 0 1 0 0 1 0 0 1 0 0 1 0 0 1 0 0 1 0 0 1 0 0 1 0 0 1 0 0 1 0 0 1 0 0 1 0 0 1 0 0 1 -0.58 -0.58 -0.58 -0.58 -0.58 -0.58 -0.58 -0.58 -0.58 0.82 -0.41 -0.41 0.82 -0.41 -0.41 0.82 -0.41 -0.41 0 -1 0 0 -1 0 0 -1 0 0 -1 0 0 0 -1 0 0 -1 0 0 -1 1 0 0 1 0 0 1 0 0 1 0 0 0.3 -0.9 -0.3 0.45 -0.89 0 0 -0.71 -0.71 0.58 -0.58 0.58 0 -0.71 -0.71 0.71 0 -0.71 0.71 0 -0.71 0.71 0 -0.71 0.71 0 -0.71 0 -0.45 -0.89 0.58 -0.58 -0.58 1 0 0 -0.41 -0.41 -0.82 -0.71 0 -0.71 1 0 0 1 0 0 1 0 0 1 0 0 0 0 -1 0 0 -1 0 0 -1 0 0 -1 0 0 -1 0 0 -1 0 0 -1 0 0 -1 0 0 -1 0.89 0.45 0 1 0 0 1 0 0 0.71 0.71 0 0 1 0 0.41 -0.82 -0.41 0.41 -0.82 -0.41 0.71 -0.71 0 0 -0.71 -0.71 0.41 0.82 -0.41 0.41 0.82 -0.41 0 0.71 -0.71 0.71 0.71 0 1 0 0 1 0 0 1 0 0 1 0 0 0 0 -1 0 0 -1 0 0 -1 0.58 0.58 -0.58 0.41 0.82 -0.41 0.41 0.82 -0.41 0 1 0 0 -0.71 -0.71 0 -0.45 -0.89 0 -1 0 0 0 -1 0 0 -1 0 0 -1 0 0 -1 0 0 -1 0 0 -1 0 0.71 -0.71 0 0.83 -0.55 -1 0 0 0.27 0.8 -0.53 0 1 0 1 0 0 1 0 0 1 0 0 1 0 0 1 0 0 0 0 -1 0 0 -1 0 0 -1 -1 0 0 0 0.89 -0.45 -0.58 0.58 -0.58 0.71 0.71 0 0.41 0.82 -0.41 0.82 0.41 -0.41 0.82 0.41 -0.41 0 0.71 0.71 0.71 0 -0.71 0 0 -1 0 0 -1 0 0 -1 0.58 0.58 0.58 0.58 0.58 -0.58 0.58 0.58 -0.58 0 0 -1 -0.71 0 -0.71 -0.71 0 -0.71 -1 0 0 0 0 -1 0.82 0.41 -0.41 1 0 0 0.41 0.82 -0.41 0.67 0.67 -0.33 0 1 0 -0.82 0.41 -0.41 -0.82 0.41 -0.41 -0.71 0 -0.71 -0.71 0.71 0 0.3 0.9 -0.3 0 0.71 0.71 0.3 0.9 0.3 0.33 0.67 -0.67 0 0 -1 -0.82 0.41 -0.41 -0.71 0 -0.71 -0.82 0.41 -0.41 -0.71 0.71 0 0 1 0 0 1 0 0 1 0 0 1 0 0 0 -1 0 0 -1 0 0 -1 0 0 -1 -0.95 0 -0.32 -0.71 0 -0.71 -1 0 0 -1 0 0 -1 0 0 -0.58 0.58 -0.58 0 0.45 -0.89 -1 0 0 0.41 0.41 -0.82 0.71 0 -0.71 0 0 -1 0 0 -1 0 0 -1 0 0 -1 -0.71 0 -0.71 -0.71 0 -0.71 -1 0 0 0 0 -1 0 0 -1 0 0 -1 0 0 -1 0 1 0 0 1 0 0 1 0 0 0 -1 0 0 -1 0 0 -1 0 0 -1 -0.71 0.71 0 -0.82 0.41 -0.41 -0.89 0 -0.45 -0.58 -0.58 -0.58 0 -1 0 0 0.89 -0.45 0 0.71 -0.71 0.58 0.58 -0.58 -0.71 0.71 0 0 1 0 0 0 -1 0 0 -1 0 0 -1 0 0 -1 -0.3 -0.3 -0.9 -0.58 -0.58 -0.58 -0.71 -0.71 0 0 0 -1 0 0 -1 -0.41 0.82 -0.41 0 1 0 -0.67 0.67 -0.33 -0.82 0.41 -0.41 -1 0 0 -0.41 -0.82 -0.41 -0.41 -0.82 -0.41 0 -0.71 -0.71 -0.71 -0.71 0 0 0 -1 0 0 -1 0 0 -1 0 0 -1 0 0 -1 0 0 -1 0 0 -1 -0.33 -0.67 -0.67 -0.41 -0.82 -0.41 -0.27 -0.8 -0.53 0 -0.71 -0.71 0 -1 0 -0.64 0.43 -0.64 0 0.71 -0.71 -0.8 0.27 -0.53 -0.53 0.27 -0.8 -0.71 0.71 0 0 -1 0 0 -1 0 -0.45 -0.89 0 -0.71 -0.71 0 -1 0 0 -1 0 0 -1 0 0 -1 0 0 -1 0 0 0 0 -1 0 0 -1 0 0 -1 0.58 -0.58 -0.58 0 0 -1 0.58 -0.58 -0.58 0.71 -0.71 0 -1 0 0 -1 0 0 -1 0 0 -1 0 0 -1 0 0 0 -1 0 0 -1 0 -0.71 -0.71 0 -0.45 -0.89 0 -1 0 0 -0.82 -0.41 -0.41 -0.82 -0.41 -0.41 -0.71 0 -0.71 -0.71 -0.71 0 0.58 -0.58 -0.58 0.67 -0.33 -0.67 0 -1 0 0.71 0 -0.71 0.71 0 -0.71 -1 0 0 -0.82 -0.41 -0.41 -0.67 -0.67 -0.33 -0.41 -0.82 -0.41 0 -1 0 0.82 -0.41 -0.41 0.82 -0.41 -0.41 0.58 -0.58 -0.58 1 0 0 -0.67 -0.67 -0.33 -0.58 -0.58 -0.58 -0.71 0 -0.71 -0.71 -0.71 0 -0.45 -0.89 0 0 0 -1 0 0 -1 0 0 -1 0 -1 0 -0.41 -0.82 0.41 -0.41 -0.82 0.41 -0.58 -0.58 0.58 0.8 -0.53 0.27 0.8 -0.53 0.27 0.58 -0.58 0.58 0.89 -0.45 0 0 -1 0 0 -1 0 0 -1 0 0 -1 0 0.67 -0.67 0.33 0.71 -0.71 0 0.58 -0.58 0.58 0 0 1 0.71 -0.71 0 1 0 0 1 0 0 1 0 0 1 0 0 0.41 -0.82 0.41 0.41 -0.82 0.41 0.71 -0.71 0 0 0 1 0 -0.71 0.71 0 0 1 0.58 -0.58 0.58 0.67 -0.33 0.67 0.82 -0.41 0.41 0.71 0 0.71 0 -0.71 0.71 0.33 -0.67 0.67 0.58 -0.58 0.58 0 -0.71 0.71 1 0 0 0.71 -0.71 0 0.71 -0.71 0 0 -1 0 1 0 0 1 0 0 1 0 0 0.89 -0.45 0 0.71 -0.71 0 0 -1 0 1 0 0 1 0 0 1 0 0 1 0 0 1 0 0 0.82 -0.41 0.41 0.67 -0.67 0.33 0.41 -0.82 0.41 0 -1 0 0.67 -0.33 0.67 0.58 -0.58 0.58 0 -1 0 0.71 0 0.71 0.71 0 0.71 0.71 0 0.71 0.71 0 0.71 1 0 0 0.82 0.41 0.41 0.82 0.41 0.41 0.58 0.58 0.58 0.67 -0.67 0.33 0.58 -0.58 0.58 0.71 -0.71 0 0 0 1 0.71 -0.71 0 0.67 0.67 0.33 0.71 0.71 0 0.58 0.58 0.58 0 0 1 0.71 0.71 0 1 0 0 1 0 0 1 0 0 1 0 0 0.82 -0.41 0.41 0.82 -0.41 0.41 0.58 -0.58 0.58 1 0 0 0.82 0.41 0.41 0.67 0.67 0.33 0.41 0.82 0.41 0 1 0 1 0 0 0.71 0 0.71 0.71 0 0.71 0.71 0 0.71 0.71 0 0.71 0.71 0 0.71 0.71 0 0.71 0.71 0 0.71 0.71 0 0.71 0.27 0.8 0.53 0.27 0.8 0.53 0 0.71 0.71 0.41 0.82 0.41 1 0 0 1 0 0 1 0 0 1 0 0 0.41 0.82 0.41 0.71 0.71 0 0.41 0.82 0.41 0 0.71 0.71 0.41 0.82 0.41 0 0.71 0.71 0.41 0.82 0.41 0.71 0.71 0 0.58 0.58 -0.58 0 0 -1 0.9 0.3 0.3 0.8 0.27 0.53 0.71 0 0.71 0 1 0 0 1 0 0 1 0 0 1 0 0.41 0.82 0.41 0.71 0 0.71 0 1 0 0.58 0.58 0.58 0 1 0 0 1 0 0.9 0.3 0.3 0.58 0.58 -0.58 0.8 0.27 0.53 0 0 -1 0.71 0 0.71 0 1 0 0 1 0 0 1 0 0 1 0 -0.41 0.82 0.41 -0.41 0.82 0.41 0 1 0 -0.58 0.58 0.58 0.67 0.67 0.33 0.82 0.41 0.41 1 0 0 0.41 0.82 0.41 0 1 0 -0.71 0.71 0 -0.71 0.71 0 -0.71 0.71 0 -0.71 0.71 0 0 0.89 0.45 0 0 -1 0.41 0.82 -0.41 0 0.89 0.45 -0.33 0.67 0.67 0 1 0 -0.41 0.82 0.41 -0.67 0.67 0.33 -0.58 0.58 0.58 -1 0 0 -0.71 0.71 0 0 1 0 0 1 0 0 1 0 0 1 0 0 1 0 -0.71 0 0.71 -0.58 0.58 0.58 -0.58 0.58 0.58 0 1 0 -0.9 0.3 0.3 -0.71 0.71 0 -1 0 0 -0.58 0.58 0.58 -0.71 0 0.71 -1 0 0 0 0.71 0.71 -0.33 0.67 0.67 0 0.71 0.71 -0.58 0.58 0.58 -1 0 0 0 0.71 0.71 -0.33 0.67 0.67 -0.58 0.58 0.58 0 0.71 0.71 -1 0 0 -0.8 0.27 0.53 -0.8 0.27 0.53 -0.82 0.41 0.41 -0.71 0 0.71 -0.67 0.67 0.33 -0.58 0.58 0.58 -1 0 0 -0.41 0.82 0.41 -0.71 0.71 0 0 1 0 0 1 0 0 1 0 0 1 0 -0.71 0 0.71 -0.71 0 0.71 -0.71 0 0.71 -0.71 0 0.71 -0.71 0 0.71 -0.82 0.41 0.41 -0.82 0.41 0.41 -0.71 0.71 0 -0.41 0.82 0.41 -0.71 0.71 0 0 1 0 -0.58 0.58 0.58 0 0.71 0.71 -0.58 -0.58 0.58 -0.82 -0.41 0.41 -0.82 -0.41 0.41 -1 0 0 -0.71 0 0.71 -0.71 0 0.71 -0.71 0 0.71 -0.71 0 0.71 -0.71 0 0.71 -0.67 0.67 0.33 -0.82 0.41 0.41 -0.41 0.82 0.41 -1 0 0 0 1 0 -0.67 -0.67 0.33 -0.71 -0.71 0 -0.58 -0.58 0.58 -0.71 -0.71 0 0 0 1 -0.71 0.71 0 -0.89 0.45 0 0 1 0 -1 0 0 -1 0 0 -0.71 0 0.71 -0.67 0.33 0.67 -0.71 0 0.71 -0.58 0.58 0.58 0 1 0 -0.67 -0.33 0.67 -0.41 -0.41 0.82 -0.67 -0.67 0.33 -0.71 -0.71 0 0 -1 0 0 0 1 0 0 1 0 0 1 -0.8 0 0.6 -0.71 0 0.71 -1 0 0 -1 0 0 0 -1 0 -0.45 -0.89 0 0 -1 0 -0.71 -0.71 0 -1 0 0 -1 0 0 -1 0 0 -1 0 0 -1 0 0 -0.41 -0.82 0.41 0 -1 0 -0.41 -0.82 0.41 -0.58 -0.58 0.58 -0.58 -0.58 0.58 -0.71 0 0.71 0 -1 0 0 -1 0 0 -1 0 -0.41 -0.82 0.41 -1 0 0 -1 0 0 -1 0 0 -1 0 0 -1 0 0 0 -1 0 0 -1 0 0 -1 0 0 -1 0 0 -1 0 0 -1 0 -0.45 -0.89 0 -0.71 -0.71 0 -1 0 0 -0.82 -0.41 0.41 -0.82 -0.41 0.41 -0.71 0 0.71 -0.71 -0.71 0 0 0 1 0 0 1 0 -0.71 0.71 0 -0.71 0.71 0 -1 0 0 -1 0 -1 0 0 -0.67 -0.67 0.33 -0.58 -0.58 0.58 -0.41 -0.82 0.41 -0.71 -0.71 0 -0.71 -0.71 0 -0.71 -0.71 0 -0.71 -0.71 0 -0.71 -0.71 0 0.82 -0.41 0.41 0.67 -0.67 0.33 1 0 0 0.41 -0.82 0.41 0 -1 0 -0.44 -0.87 0.22 -0.45 -0.89 0 0 0 1 -0.45 -0.89 0 -0.41 -0.82 0.41 0.71 -0.71 0 0.82 -0.41 0.41 0.82 -0.41 0.41 0.71 0 0.71 -0.89 -0.45 0 -0.69 -0.23 -0.69 0 -0.89 -0.45 0.8 -0.27 -0.53 1 0 0 0.89 0.45 0 0 0.71 -0.71 -0.67 0.67 -0.33 0 -0.71 -0.71 0 0 -1 0.55 0 -0.83 -0.71 0 -0.71 0 0.55 -0.83 0 0 -1 -0.43 0.64 -0.64 0 1 0 0.58 -0.58 -0.58 0.23 -0.69 -0.69 0.82 0.41 -0.41 0.71 0 -0.71 -0.58 0.58 -0.58 -0.67 -0.33 -0.67 0 -1 0 0.83 0 0.55 -0.69 -0.23 0.69 -0.41 -0.82 0.41 0.67 0.33 0.67 -0.41 0.82 0.41 0.45 0.89 0 1 0 0 0 0 1 0.71 -0.71 0 -0.83 -0.55 0 -0.89 0.45 0 0.78 -0.2 0.59 0 0 1 -0.8 0.27 0.53 -0.27 -0.8 0.53 0 0.71 0.71 0.32 -0.95 0 -0.95 -0.32 0 -0.55 0.83 0 0.89 -0.45 0 0.67 0.67 0.33 0 0.83 0.55 0 -0.6 0.8 0.67 0.33 0.67 -0.82 -0.41 0.41 -0.33 0.67 0.67 0.41 -0.82 0.41 0 -1 0 -0.45 -0.89 0 -0.89 0.45 0 0 1 0 0.45 0.89 0 0.89 -0.45 0 0.58 -0.58 0.58 0.41 -0.82 0.41 0 -0.71 0.71 0.71 -0.71 0 0 -1 0 -0.45 0.89 0 0 1 0 -0.89 0.45 0 -0.83 0.55 0 -0.89 0.45 0 -0.5 0.87 0 -0.47 0.88 0 0 1 0 -0.71 0.71 0 -0.83 0.55 0 -0.95 0.32 0 -1 0 0 -1 0 0 -1 0 0 -0.95 0.32 0 -0.83 0.55 0 -0.29 0.96 0 -0.55 0.83 0 -0.75 0.66 0 -0.71 0.71 0 -1 0 0 -1 0 0 -1 0 0 -1 0 0 -1 0 0 -1 0 0 -1 0 0 -0.71 0.71 0 -0.83 0.55 0 -0.95 0.32 0 -0.96 0.26 0 -1 0 0 -1 0 0 -0.45 0.89 0 -0.7 0.7 0.12 -0.65 0.75 0.11 0.26 0.96 0 0 1 0 -0.26 0.96 0.09 0 1 0 0.71 0.71 0 0.55 0.83 0 0 1 0 0 1 0 0 1 0 0 1 0 0 1 0 0 1 0 0.45 0.89 0 0.87 0.5 0 0.92 0.39 0 0.39 0.92 0 0.89 0.45 0 0.75 0.66 0 0.45 0.89 0 0 1 0 0 1 0 0 1 0 0.45 0.89 0 0.87 0.5 0 0.76 0.65 0 0.71 0.71 0 0.45 0.89 0 0.89 0.45 0 0.45 0.89 0 0 1 0 0.32 0.95 0 0.55 0.83 0 0.45 0.89 0 0.87 0.5 0 1 0 0 1 0 0 0.95 0.32 0 0.83 0.55 0 0.45 0.89 0 0.45 0.89 0 0 1 0 0.71 0.71 0 0.5 0.87 0 0.89 0.45 0 0.89 0.45 0 1 0 0 1 0 0 0.45 0.89 0 0.89 0.45 0 0.7 0.7 -0.09 0.87 0.5 0 1 0 -0.08 0.83 -0.55 0 1 0 0 0.93 -0.37 0 1 0 0 0.71 0.71 0 0.71 0.71 0 0.45 0.89 0 0.92 0.39 0 1 0 0 1 0 0 1 0 0 1 0 0 0.45 -0.89 0 0.45 -0.89 0 0.92 -0.39 0 0.89 -0.45 0 0.97 0.24 -0.08 0.65 0.75 -0.11 1 0 0 1 0 0 0.89 0.45 0 0.7 0.7 -0.1 1 0 0 0.71 -0.71 0 0.71 -0.71 0 0.32 -0.95 0 0.55 -0.83 0 0.71 -0.71 0 0.87 -0.5 0 1 0 0 1 0 0 1 0 0 1 0 0 0.89 -0.45 0 0.45 -0.89 0 0.45 -0.89 0 0.75 -0.66 0 0.65 -0.76 0 0.71 -0.71 0 0.71 -0.71 0 1 0 0 1 0 0 0.75 -0.66 0 0.75 -0.66 0 0.71 -0.71 0 0.45 -0.89 0 0.55 -0.83 0 0.29 -0.96 0 0.45 -0.89 0 0.45 -0.89 0 0.89 -0.45 0 1 0 0 0 -1 0 0 -1 0 0 -1 0 0 -1 0 0 -1 0 0.32 -0.95 0 0.55 -0.83 0 0.71 -0.71 0 0.71 -0.71 0 0.54 -0.84 0 0.32 -0.95 0 0 -1 0 0 -1 0 0 -1 0 0 -1 0 0.34 -0.94 0 0.55 -0.83 0 0 -1 0 0.32 -0.95 0 0 -1 0 0 -1 0 -0.55 -0.83 0 -0.32 -0.95 0 0.89 -0.45 0 0.45 -0.89 0 0.89 -0.45 0 0.39 -0.92 0 0 -1 0 0 -1 0 -0.55 -0.83 0 -0.32 -0.95 0 -0.71 -0.71 0 -0.71 -0.71 0 -0.71 -0.71 0 -0.45 -0.89 0 -0.45 -0.89 0 0.45 -0.89 0 0.89 -0.45 0 -0.55 -0.83 0 -0.34 -0.94 0 -0.71 -0.71 0 -0.71 -0.71 0 -0.71 -0.71 0 -0.89 -0.45 0 -0.95 -0.32 0 -0.45 -0.89 0 0 -1 0 0 -1 0 0 -1 0 -0.89 -0.45 0 -1 0 0 -1 0 0 -0.71 -0.71 0 -0.8 -0.6 0 -0.71 -0.71 0 0 -1 0 0 -1 0 -0.89 -0.45 0 -0.45 -0.89 0 -1 0 0 -1 0 0 -0.71 -0.71 0 -1 0 0 -1 0 0 -0.71 -0.71 0 -0.89 -0.45 0 -0.71 -0.71 0 -1 0 0 -0.55 -0.83 0 -0.89 -0.45 0 -0.45 -0.89 0 -0.66 -0.75 0 -0.71 -0.71 0 -0.91 0.42 0 -0.89 0.45 0 -0.89 0.45 0 -0.71 -0.71 0 -0.71 -0.71 0 -0.47 -0.88 0 -0.91 -0.42 0 -0.89 -0.45 0 -1 0 0 -1 0 0 -0.89 0.45 0 -1 0 0 -0.89 0.44 0.11 -0.7 0.7 0.09 -1 0 0 -0.89 -0.45 0 -0.45 -0.89 0 -1 0 0 -1 0 0 -1 0 0 -1 0 0 -0.66 0.75 0 -0.71 0.71 0 -0.32 0.95 0 0.26 0.96 0 -0.55 0.83 0 -0.34 0.94 0 -0.89 0.45 0 -0.89 0.45 0 -0.39 0.92 0 0 1 0 0 1 0 0 1 0 0 1 0 -0.45 0.89 0 -0.87 0.5 0 -1 0 0 -1 0 0 0 1 0 0 1 0 0 1 0 -0.71 0.71 0 -0.71 0.71 0 -0.45 0.89 0 -0.89 0.45 0 0 1 0 -0.45 0.89 0 -0.89 0.45 0 0 1 0 0 1 0 -0.45 0.89 0 0.47 0.88 0 0.45 0.89 0 0 1 0 0 1 0 0.32 0.95 0 0 1 0 0.71 0.71 0 0 1 0 -0.87 -0.5 0 -0.45 -0.89 0 0.89 0.45 0 0.71 0.71 0 0.5 0.87 0 1 0 0 1 0 0 1 0 0 0.45 0.89 0 0.92 0.39 0 0.7 0.7 -0.09 0.71 -0.71 0 1 0 0 1 0 0 1 0 0 0.89 -0.45 0 0.65 -0.76 0 0.71 -0.71 0 0.71 -0.71 0 1 0 0 1 0 0 0.71 -0.71 0 0.71 -0.71 0 0.55 -0.83 0 -0.71 -0.71 0 -0.39 -0.92 0 0.65 -0.76 0 0.71 -0.71 0 -0.83 -0.55 0 0 -1 0 0 -1 0 -0.45 -0.89 0 0 -1 0 -1 0 0 -0.45 -0.89 0 -0.71 -0.71 0 0 -1 0 -0.89 0.45 0 -0.45 -0.89 0 -0.7 0.7 0.09 -0.45 -0.89 0 -0.92 -0.39 0 0.71 0 -0.71 0.71 0 -0.71 0.71 0 -0.71 -0.62 0.78 0 -0.62 0.78 0 -0.62 0.78 0 -0.62 0.78 0 -1 0 0 -1 0 0 -1 0 0 -1 0 0 -0.89 -0.45 0 -0.45 -0.89 0 0 -1 0 0 -1 0 -0.24 -0.97 0 0 -1 0 0 -1 0 -0.37 -0.93 0 -0.45 -0.89 0 -0.45 -0.89 0 0.95 -0.32 0 1 0 0 0.83 -0.55 0 1 0 0 0 -1 0 0.32 -0.95 0 0 -1 0 0 -1 0 0 -1 0 0.55 -0.83 0 1 0 0 1 0 0 0.71 0.71 0 0.89 0.45 0 0.98 0.2 0 0.71 0.71 0 1 0 0 1 0 0 0.45 0.89 0 0 1 0 0.89 0.45 0 1 0 0 1 0 0 0 1 0 0.27 0.96 0 0.27 0.96 0 0.27 0.96 0 0.27 0.96 0 -1 0 0 -0.89 -0.45 0 -1 0 0 0 -1 0 -0.71 0.71 0 0 1 0 -1 0 0 -1 0 0 -1 0 0 -1 0 0 -1 0 0 -1 0 0 0.55 -0.83 0 0.71 -0.71 0 0.32 -0.95 0 0.71 -0.71 0 -0.89 -0.45 0 -0.95 -0.32 0 -0.45 -0.89 0 0 -1 0 0 -1 0 -0.83 -0.55 0 -0.71 -0.71 0 -0.71 -0.71 0 0.71 -0.71 0 0.71 -0.71 0 0.71 -0.71 0 0.71 -0.71 0 0.71 -0.71 0 0.71 -0.71 0 1 0 0 1 0 0 0.89 -0.45 0 0.45 -0.89 0 0 -1 0 0 -1 0 0.99 0.16 0 0.99 0.16 0 0.99 0.16 0 0.99 0.16 0 0.89 0.45 0 0.71 0.71 0 0.45 0.89 0 0 1 0 0 1 0 -0.45 0.89 0 -0.71 0.71 0 -0.71 0.71 0 -0.71 0.71 0 -0.71 0.71 0 -0.71 0.71 0 -0.71 0.71 0 -0.71 0.71 0 -0.71 0.71 0 -1 0 0 -0.95 0.32 0 -1 0 0 -0.83 0.55 0 -0.32 -0.95 0 -0.45 -0.89 0 -0.55 -0.83 0 -0.71 -0.71 0 -0.71 -0.71 0 -0.89 -0.45 0 -0.71 0.71 0 -0.71 0.71 0 -0.37 -0.93 0 -0.45 -0.89 0 -0.45 -0.89 0 -0.24 -0.97 0 0 -1 0 0 -1 0 0 -1 0 0 -1 0 0.45 -0.89 0 0.89 -0.45 0 1 0 0 1 0 0 0.71 -0.71 0 0.71 -0.71 0 0.71 -0.71 0 0.71 -0.71 0 1 0 0 1 0 0 0.89 0.45 0 0.45 0.89 0 0 1 0 0 1 0 0.45 0.89 0 0.71 0.71 0 0.71 0.71 0 0.2 0.98 0 0 1 0 0 1 0 0 1 0 0 1 0 0 1 0 -0.95 0.32 0 -1 0 0 -0.83 0.55 0 -0.55 0.83 0 -0.32 0.95 0 -1 0 0 -1 0 0 -1 0 0 0 1 0 -0.98 -0.2 0 -1 0 0 -1 0 0 -0.89 -0.45 0 -0.71 -0.71 0 -0.71 -0.71 0 -1 0 0 -1 0 0 -0.45 -0.89 0 0 -1 0 -0.89 -0.45 0 0 -1 0 -0.32 -0.95 0 -0.32 -0.95 0 -0.32 -0.95 0 -0.32 -0.95 0 0.89 -0.45 0 0.45 -0.89 0 1 0 0 1 0 0 0 -1 0 0 -1 0 0.98 0.2 0 1 0 0 1 0 0 0.89 0.45 0 0.71 0.71 0 0.71 0.71 0 0 1 0 0 1 0 0 1 0 0 1 0 0 1 0 0.45 0.89 0 0 1 0 0.89 0.45 0 1 0 0 1 0 0 1 0 0 1 0 0 0 1 0 -0.55 0.83 0 -0.8 0.6 0 0 1 0 -0.89 0.45 0 -0.89 0.45 0 -0.95 0.32 0 -0.83 0.55 0 -1 0 0 -0.71 0.71 0 -1 0 0 -0.71 0.71 0 0.95 0.32 0 1 0 0 0.83 0.55 0 1 0 0 0.95 -0.32 0 0.83 -0.55 0 0.71 -0.71 0 0 1 0 0.32 0.95 0 0 1 0 0.71 -0.71 0 0.55 0.83 0 0.45 0.89 0 0.37 0.93 0 0.24 0.97 0 0 1 0 0 1 0 0.45 0.89 0 0 1 0 -0.45 0.89 0 0 1 0 -1 0 0 -0.89 0.45 0 -1 0 0 -0.99 -0.16 0 -0.99 -0.16 0 -0.99 -0.16 0 -0.99 -0.16 0 0 -1 0 0 -1 0 0 -1 0 0 -1 0 0 -1 0 0 -1 0 0.71 -0.71 0 0.71 -0.71 0 0.71 -0.71 0 0.71 -0.71 0 0.71 -0.71 0 0.71 -0.71 0 -0.18 -0.98 0 0.18 -0.98 0 -0.37 -0.93 0 0.37 -0.93 0 0.66 -0.75 0 0.75 -0.66 0 0.91 -0.41 0 -0.71 -0.71 0 -0.85 -0.53 0 -0.98 -0.2 0 -1 -0.09 0 0.98 -0.22 0 -0.98 0.18 0 -0.93 0.37 0 0.98 0.22 0 0.91 0.41 0 -0.71 0.71 0 -0.53 0.85 0 -0.2 0.98 0 -0.09 1 0 0.2 0.98 0 0.45 0.89 0 0.76 0.65 0 0.8 0.6 0 0.55 -0.83 0 0 -1 0 0.8 -0.6 0 0.97 -0.24 0 1 0 0 0.93 -0.37 0 0 -1 0 0.89 0.45 0 1 0 0 0.45 0.89 0 -0.2 -0.98 0 -0.45 -0.89 0 -0.71 -0.71 0 -0.71 -0.71 0 -0.83 -0.55 0 -0.95 -0.32 0 -0.97 0.24 0 -0.93 0.37 0 -0.71 0.71 0 -0.37 0.93 0 0 1 0 0 1 0 0 1 0 0 1 0 -0.98 0.2 0 -0.98 -0.2 0 -0.89 0.45 0 0.98 0.2 0 0.98 -0.2 0 0.89 0.45 0 0.71 -0.71 0 0.45 -0.89 0 0.71 -0.71 0 0.2 -0.98 0 -0.2 -0.98 0 -0.45 -0.89 0 -0.71 -0.71 0 -0.71 -0.71 0 -0.89 -0.45 0 -0.71 0.71 0 -0.71 0.71 0 -0.45 0.89 0 -0.2 0.98 0 0.2 0.98 0 0.45 0.89 0 0.71 0.71 0 0.71 0.71 0 0.89 -0.45 0 0.98 0.2 0 0.98 -0.2 0 0.89 0.45 0 0.71 0.71 0 0.45 0.89 0 0.71 0.71 0 -0.86 -0.51 0 -0.93 -0.37 0 -0.8 -0.6 0 0.2 0.98 0 -0.2 0.98 0 -0.45 0.89 0 -0.71 0.71 0 -0.71 0.71 0 -0.97 -0.24 0 -0.45 -0.89 0 -0.2 -0.98 0 0.2 -0.98 0 0.45 -0.89 0 0.71 -0.71 0 -0.83 0.55 0 -0.95 0.32 0 0.71 -0.71 0 0.89 -0.45 0 -0.71 0.71 0 -0.55 0.83 0 -0.71 0.71 0 0.45 -0.89 0 0 -1 0 0.89 -0.45 0 1 0 0 1 0 0 1 0 0 1 0 0 -0.37 -0.93 0 -0.6 -0.8 0 -0.24 -0.97 0 -0.83 -0.55 0 -1 0 0 -1 0 0 -0.98 0.2 0 -0.89 0.45 0 -0.32 0.95 0 0.24 0.97 0 0.37 0.93 0 0.71 0.71 0 0.93 0.37 0 0 -1 0 -0.98 0.2 0 -0.98 -0.2 0 -0.89 0.45 0 0.98 -0.2 0 0.98 0.2 0 0.89 -0.45 0 -0.2 0.98 0 0.2 0.98 0 -0.45 0.89 0 -0.71 0.71 0 -0.71 0.71 0 -0.89 -0.45 0 -0.71 -0.71 0 -0.71 -0.71 0 0.71 -0.71 0 0.71 -0.71 0 -0.45 -0.89 0 -0.2 -0.98 0 0.45 -0.89 0 0.2 -0.98 0 0.71 0.71 0 0.89 0.45 0 0.71 0.71 0 0.45 0.89 0 -0.89 0.45 0 -0.71 0.71 0 -0.98 0.2 0 -0.98 -0.2 0 -0.89 -0.45 0 -0.71 -0.71 0 -0.71 -0.71 0 -0.55 -0.83 0 -0.32 -0.95 0 0.24 -0.97 0 0.37 -0.93 0 0.51 -0.86 0 0.6 -0.8 0 0.89 -0.45 0 0.98 -0.2 0 -0.71 0.71 0 -0.45 0.89 0 0.98 0.2 0 0.89 0.45 0 0.71 0.71 0 0.71 0.71 0 0.45 0.89 0 0.2 0.98 0 -0.2 0.98 0 0.58 0.58 -0.58 0 1 0 0.58 0.58 -0.58 0.71 0 -0.71 0 0 -1 0 0 -1 0 0 -1 0 0 -1 0 0 -1 0 0 -1 0 0 -1 0 0 -1 0 0 -1 0 0 -1 0 0 -1 0 0 -1 0 0 -1 0 0 -1 0 0 -1 0 0 -1 0 0 -1 0 0 -1 0 0 -1 0 0 -1 0 0 -1 0 0 -1 0 0 -1 0 0 -1 0 0 -1 0 0 -1 0 0 -1 0 0 -1 0 0 -1 0 0 -1 0 0 -1 0 0 -1 0 0 -1 0 0 -1 0 0 -1 0 0 -1 0 0 -1 0 0 -1 0 0 -1 0 0 -1 0 0 -1 0 0 -1 0 0 -1 0 0 -1 0 0 -1 0 0 -1 0 0 -1 0 0 -1 0 0 -1 0 0 -1 0 0 -1 0 0 -1 0 0 -1 0 0 -1 0 0 -1 0 0 -1 0 0 -1 0 0 -1 0 0 -1 0 0 -1 0 0 -1 0 0 -1 0 0 -1 0 0 -1 0 0 -1 0 0 -1 0 0 -1 0 0 -1 0 0 -1 0 0 -1 0 0 -1 0 0 -1 0 0 -1 0 0 -1 0 0 -1 0 0 -1 0 0 -1 0 0 -1 0 0 -1 0 0 -1 0 0 -1 0 0 -1 0 0 -1 0 0 -1 0 0 -1 0 0 -1 0 0 -1 0 0 -1 0 0 -1 0 0 -1 0 0 -1 0 0 -1 0 0 -1 0 0 -1 0 0 -1 0 0 -1 0 0 -1 0 0 -1 0 0 -1 0 0 -1 0 0 -1 0 0 -1 0 0 -1 0 0 -1 0 0 -1 0 0 -1 0 0 -1 0 0 -1 0 0 -1 0 0 -1 0 0 -1 0 0 -1 0 0 -1 0 0 -1 0 0 -1 0 0 -1 0 0 -1 0 0 -1 0 0 -1 0 0 -1 0 0 -1 0 0 -1 0 0 -1 0 0 -1 0 0 -1 0 0 -1 0 0 -1 0 0 -1 0 0 -1 0 0 -1 0 0 -1 0 0 -1 0 0 -1 0 0 -1 0 0 -1 0 0 -1 0 0 -1 0 0 -1 0 0 -1 0 0 -1 0 0 -1 0 0 -1 0 0 -1 0 0 -1 0 0 -1 0 0 -1 0 0 -1 0 0 -1 0 0 -1 0 0 -1 0 0 -1 0 0 -1 0 0 -1 0 0 -1 0 0 -1 0 0 -1 0 0 -1 0 0 -1 0 0 -1 0 0 -1 0 0 -1 0 0 -1 0 0 -1 0 0 -1 0 0 -1 0 0 -1 0 0 -1 0 0 -1 0 0 -1 0 0 -1 0 0 -1 0 0 -1 0 0 -1 0 0 -1 0 0 -1 0 0 -1 0 0 -1 0 0 -1 0 0 -1 0 0 -1 0 0 -1 0 0 -1 0 0 -1 0 0 -1 0 0 -1 0 0 -1 0 0 -1 0 0 -1 0 0 -1 0 0 -1 0 0 -1 0 0 -1 0 0 -1 0 0 -1 0 0 -1 0 0 -1 0 0 -1 0 0 -1 0.27 0.8 0.53 0.2 0.78 0.59 0.27 0.8 0.53 0.41 0.82 0.41 0.41 0.82 0.41 0.71 0.71 0 0.83 -0.55 0 0.71 -0.71 0 0.95 -0.32 0 1 0 0 1 0 0 0.71 -0.71 0 0.95 0.32 0 0.83 0.55 0 0.55 0.83 0 0.32 0.95 0 0 1 0 0 1 0 0.23 0.69 0.69 0.58 0.58 0.58 0.33 0.67 0.67 -0.33 0.67 0.67 -0.82 0.41 0.41 -0.9 0.3 0.3 -0.82 0.41 0.41 -0.58 0.58 0.58 0.71 -0.71 0 0.71 -0.71 0 0.71 -0.71 0 0.71 -0.71 0 0.71 -0.71 0 0.71 -0.71 0 -0.87 -0.22 0.44 -0.82 -0.18 0.55 -0.69 -0.23 0.69 -0.93 -0.21 0.31 -0.95 -0.32 0 0.58 -0.58 0.58 0.33 -0.67 0.67 0 -0.71 0.71 0 -0.71 0.71 -0.33 -0.67 0.67 -0.58 -0.58 0.58 -1 0 0 1 0 0 -0.17 0.85 0.51 -0.49 0.81 0.32 0 0.71 0.71 0.17 0.7 0.7 0.17 0.85 0.51 0.49 0.81 0.32 0.74 0.56 0.37 -0.7 0.7 0.17 -0.87 0.44 0.22 -0.94 0.24 0.24 -0.97 -0.24 0 -0.69 -0.51 0.51 -0.33 -0.67 0.67 -0.74 -0.56 0.37 0.82 0.14 0.55 0.71 0 0.71 -0.14 -0.7 0.7 0 -0.71 0.71 0.15 -0.77 0.62 0.47 -0.62 0.62 0.53 -0.53 0.66 0.6 -0.3 0.75 0.62 -0.15 0.77 -0.91 -0.37 0.18 -0.27 0.8 0.53 -0.51 0.69 0.51 -0.62 0.62 0.47 0 1 0 -0.8 0.53 0.27 -0.71 0.71 0 0.71 0 0.71 0.71 0 0.71 0.69 0.23 0.69 0.41 0.82 0.41 0.3 0.9 0.3 0.27 0.8 0.53 0.17 0.7 0.7 0 0.71 0.71 -0.23 0.69 0.69 -0.58 0.58 0.58 -1 0 0 0.71 0 0.71 -0.9 0.3 0.3 -0.82 0.41 0.41 -1 0 0 -0.58 0.58 0.58 -1 0 0 -1 0 0 0.82 0.41 0.41 0.94 0.24 0.24 0.87 0.22 0.44 0.58 0.58 0.58 0.8 0.27 0.53 0.41 0.41 0.82 -0.32 -0.95 0 -0.32 -0.95 0 -0.32 -0.95 0 -0.32 -0.95 0 0.45 -0.89 0 0 -1 0 0.67 -0.67 0.33 0.8 -0.27 0.53 0.67 -0.33 0.67 0 -1 0 0.71 0 0.71 -0.71 0 0.71 -0.7 -0.14 0.7 -0.78 -0.2 0.59 -0.71 0 0.71 -0.82 -0.41 0.41 -1 0 0 0 1 0 0 1 0 0 1 0 -0.32 0.95 0 -0.55 0.83 0 -0.83 0.55 0 -0.95 0.32 0 -1 0 0 -1 0 0 -1 0 0 -1 0 0 0 1 0 -0.58 -0.58 0.58 -0.82 -0.41 0.41 -0.53 -0.8 0.27 -0.71 -0.71 0 0 -1 0 0 -1 0 0.27 0.8 0.53 0.15 0.77 0.62 0.15 0.77 0.62 0.71 0.71 0 0.27 0.8 0.53 0.71 0.71 0 0.63 -0.7 0.35 0.63 -0.7 0.35 0.49 -0.62 0.62 0.71 -0.71 0 1 0 0 1 0 0 0.71 0.71 0 1 0 0 0.71 0.71 0 0 1 0 0 1 0 -0.53 -0.8 0.27 -0.44 -0.87 0.22 -0.32 -0.95 0 -0.41 -0.82 0.41 0 -1 0 0 -1 0 -0.67 0.67 0.33 -0.41 0.82 0.41 -0.9 0.3 0.3 -1 0 0 -1 0 0 -0.89 -0.45 0 -0.67 -0.67 0.33 -0.49 -0.73 0.49 -0.49 -0.73 0.49 -0.41 -0.82 0.41 0 -1 0 -0.71 0.71 0 0 -1 0 0 -1 0 0 -1 0 0.45 -0.89 0 0.89 -0.45 0 1 0 0 1 0 0 -0.71 0.71 0 -0.71 0.71 0 -0.71 0.71 0 -0.71 0.71 0 -0.71 0.71 0 -0.71 0.71 0 0.99 0.16 0 0.99 0.16 0 0.99 0.16 0 0.99 0.16 0 0 0.89 0.45 0.67 0.33 0.67 -0.3 0.9 0.3 -0.67 0.67 0.33 -0.58 0.58 0.58 -1 0 0 0.67 0.33 0.67 0.58 0.58 0.58 0 1 0 0.47 -0.62 0.62 0.58 -0.58 0.58 0.58 -0.58 0.58 0.42 -0.57 0.71 0.37 -0.56 0.74 0.41 -0.41 0.82 0.41 -0.82 0.41 0.53 -0.8 0.27 0 -0.71 0.71 -0.67 -0.67 0.33 -0.8 -0.27 0.53 -0.53 -0.8 0.27 -0.8 -0.27 0.53 -0.82 -0.41 0.41 0.53 -0.8 0.27 0 -0.83 0.55 -0.27 -0.8 0.53 -0.71 -0.71 0 0.9 -0.3 0.3 0.58 -0.58 0.58 1 0 0 1 0 0 1 0 0 0 -0.71 0.71 -1 0 0 -1 0 0 -0.91 -0.18 0.37 -1 0 0 -0.87 -0.22 0.44 -0.67 -0.33 0.67 0.27 0.96 0 0.27 0.96 0 0.27 0.96 0 0.27 0.96 0 -0.58 0.58 0.58 0 1 0 -0.58 0.58 0.58 -0.45 0 0.89 -0.71 -0.71 0 -0.71 0 0.71 0.71 0 0.71 0.7 0.14 0.7 0.78 0.2 0.59 0.71 0 0.71 0.82 0.41 0.41 1 0 0 0 -1 0 0 -1 0 0 -1 0 0.32 -0.95 0 0.55 -0.83 0 0.83 -0.55 0 0.95 -0.32 0 1 0 0 1 0 0 1 0 0 1 0 0 0 -1 0 0 1 0 0 1 0 0.32 0.95 0 0.67 0.67 0.33 0.82 0.41 0.41 0.71 0 0.71 -0.37 -0.93 0 -0.45 -0.89 0 -0.45 -0.89 0 -0.24 -0.97 0 0 -1 0 0 -1 0 -0.62 0.78 0 -0.62 0.78 0 -0.62 0.78 0 -0.62 0.78 0 0 -1 0 -0.45 -0.89 0 -1 0 0 -1 0 0 -0.89 -0.45 0 -1 0 0 -1 0 0 0 -1 0 0.94 0.24 0.24 0.73 0.49 0.49 0.98 0.2 0 0.64 0.64 0.43 0.37 0.91 0.18 0.16 0.99 0 -0.2 0.98 0 -0.24 0.94 0.24 -0.49 0.73 0.49 -0.64 0.64 0.43 -0.91 0.37 0.18 -0.99 0.16 0 -0.98 -0.2 0 -0.94 -0.24 0.24 -0.73 -0.49 0.49 -0.64 -0.64 0.43 -0.37 -0.91 0.18 -0.16 -0.99 0 0.2 -0.98 0 0.45 -0.89 0 0.71 -0.71 0 0.71 -0.71 0 0.89 -0.45 0 0.98 -0.2 0 0.94 0.24 0.24 0.73 0.49 0.49 0.98 0.2 0 0.64 0.64 0.43 0.37 0.91 0.18 0.3 0.9 0.3 0 0.86 0.51 -0.17 0.7 0.7 -0.58 0.58 0.58 -0.74 0.56 0.37 -0.87 0.44 0.22 -0.98 0.2 0 -0.96 -0.19 0.19 -0.91 -0.37 0.18 -0.78 -0.59 0.2 -0.71 -0.71 0 -0.45 -0.89 0 -0.2 -0.98 0 0.2 -0.98 0 0.45 -0.89 0 0.71 -0.71 0 0.71 -0.71 0 0.89 -0.45 0 0.98 -0.2 0 0.85 0.17 0.51 0.81 0.49 0.32 0.71 0 0.71 0.7 0.7 0.17 0.44 0.87 0.22 0.24 0.94 0.24 -0.24 0.97 0 -0.37 0.91 0.18 -0.56 0.74 0.37 -0.51 0.69 0.51 -0.67 0.33 0.67 -0.7 0.14 0.7 -0.71 0 0.71 -0.77 -0.15 0.62 -0.62 -0.47 0.62 -0.53 -0.53 0.66 -0.3 -0.6 0.75 -0.15 -0.62 0.77 0 -0.71 0.71 0.14 -0.82 0.55 0.56 -0.74 0.37 0.81 -0.49 0.32 0.85 -0.17 0.51 0.7 -0.17 0.7 0.89 0.45 0 0.71 0.71 0 0.98 0.2 0 0.45 0.89 0 0.71 0.71 0 0.2 0.98 0 -0.2 0.98 0 -0.24 0.94 0.24 -0.49 0.73 0.49 -0.64 0.64 0.43 -0.91 0.37 0.18 -0.99 0.16 0 -0.98 -0.2 0 -0.94 -0.24 0.24 -0.73 -0.49 0.49 -0.64 -0.64 0.43 -0.37 -0.91 0.18 -0.16 -0.99 0 0.2 -0.98 0 0.45 -0.89 0 0.71 -0.71 0 0.71 -0.71 0 0.89 -0.45 0 0.98 -0.2 0 0.37 -0.74 0.56 0.18 -0.91 0.37 0.64 -0.64 0.43 0.91 -0.37 0.18 0.99 -0.16 0 0.98 0.2 0 0.89 0.45 0 0.71 0.71 0 0.71 0.71 0 0.45 0.89 0 0.2 0.98 0 -0.2 0.98 0 -0.24 0.94 0.24 -0.49 0.73 0.49 -0.64 0.64 0.43 -0.91 0.37 0.18 -0.9 0.3 0.3 -0.86 0 0.51 -0.7 -0.17 0.7 -0.58 -0.58 0.58 -0.56 -0.74 0.37 -0.44 -0.87 0.22 -0.2 -0.98 0 0.19 -0.96 0.19 0 0 -1 0 0 -1 0 0 -1 0 0 -1 0 0 -1 0 0 -1 0 0 -1 0 0 -1 0 0 -1 0 0 -1 0 0 -1 0 0 -1 0 0 -1 0 0 -1 0 0 -1 0 0 -1 0 -1 0 0 -1 0 0 -1 0 0 -1 0 1 0 0 0.82 0.41 -0.41 0.82 0.41 -0.41 0.58 0.58 -0.58 0 0 -1 0 0 -1 0 0 -1 0 -0.71 0.71 0 0 1 0 -0.89 0.45 0 -1 0 0 -1 0 0.82 0.41 -0.41 1 0 0 0.82 0.41 -0.41 0.58 0.58 -0.58 -0.58 -0.58 0.58 0 -1 0 -0.71 0 0.71 -0.58 -0.58 0.58 0 0 -1 0 0 -1 0 0 -1 -1 0 0 -1 0 0 -1 0 0 -1 0 0 -0.89 -0.45 0 -0.89 0 0.45 0 0.71 -0.71 -1 0 0 1 0 0 1 0 0 1 0 0 1 0 0 -0.71 -0.71 0 0 -1 0 -0.58 -0.58 0.58 -0.89 0 0.45 -0.58 -0.58 0.58 -0.71 -0.71 0 -1 0 0 -1 0 0 -1 0 0 -1 0 0 1 0 0 1 0 0 1 0 0 1 0 0 -0.58 0.58 0.58 -0.58 0.58 0.58 0 1 0 -0.71 0 0.71 -1 0 0 -0.58 0.58 0.58 -0.58 0.58 0.58 0 0.71 0.71 1 0 0 1 0 0 1 0 0 1 0 0 0 1 0 0 1 0 0 1 0 0 1 0 0 1 0 0 1 0 0 1 0 0 1 0 0 1 0 0 1 0 0 1 0 0 0.71 0.71 0 0.89 0.45 0 1 0 0 0 1 0 1 0 0.82 -0.41 -0.41 0.71 -0.71 0 0.82 -0.41 -0.41 0.71 0 -0.71 0 1 0 0 1 0 0 1 0 0 1 0 0.58 -0.58 -0.58 0.33 -0.67 -0.67 0 -0.71 -0.71 0 -0.71 -0.71 1 0 0 0 1 0 0 1 0 0 1 0 0 1 0 0.58 -0.58 -0.58 0.41 -0.82 -0.41 0.41 -0.82 -0.41 0 -1 0 0.58 0.58 0.58 0.82 0.41 0.41 0.82 0.41 0.41 1 0 0 0 -0.71 -0.71 0 -0.71 -0.71 0 -0.71 -0.71 0.67 0.33 0.67 0.58 0.58 0.58 0.71 0 0.71 0 1 0 0.71 0 0.71 1 0 0 1 0 0 1 0 0 1 0 0 1 0 0 1 0 0 1 0 0 1 0 0 1 0 0 1 0 0 1 0 0 1 0 0 0 -1 0 0.58 -0.58 0.58 0.67 -0.33 0.67 0.71 0 0.71 0.71 0 0.71 0.58 -0.58 0.58 0.33 -0.67 0.67 1 0 0 0 -0.71 0.71 0 -0.71 0.71 0 -1 0 0 -1 0 0 -1 0 0 -1 0 0 -1 0 0 -1 0 0 -1 0 0 -1 0 0 -1 0 0 -1 0 0 -1 0 0 -1 0 -0.58 -0.58 -0.58 -0.58 -0.58 -0.58 -0.58 -0.58 -0.58 -0.41 -0.82 -0.41 -0.41 -0.82 -0.41 -0.58 -0.58 -0.58 0 -1 0 -1 0 0 -1 0 0 -1 0 0 -1 0 0 -0.82 0.41 -0.41 -0.82 0.41 -0.41 -0.58 0.58 -0.58 -1 0 0 0 0 -1 0 0 -1 0 0 -1 -1 0 0 -1 0 0 -1 0 0 0 1 0 0 1 0 0 1 0 0 1 0 0 1 0 0 1 0 0 1 0 0.58 0.58 -0.58 1 0 0 0.33 0.67 -0.67 0 0.71 -0.71 0 0.71 -0.71 0 -1 0 0 -1 0 0 -1 0 0 -1 0 -0.58 -0.58 0.58 -0.58 -0.58 0.58 -0.58 -0.58 0.58 -1 0 0 -1 0 0 -1 0 0 -1 0 0 -1 0 0 -1 0 0 -1 0 0 -1 0 0 -0.82 0.41 0.41 -0.82 0.41 0.41 -0.58 0.58 0.58 -1 0 0 -1 0 0 -1 0 0 -1 0 0 0 1 0 0 1 0 0 1 0 0 1 0 0 1 0 0 1 0 0 1 0 0 1 0 0 1 0 0.58 0.58 0.58 0.58 0.58 0.58 0.71 0 0.71 0.58 0.58 0.58 0.58 0.58 0.58 0.58 0.58 0.58 0.71 -0.71 0 1 0 0 0 -1 0 0.71 -0.71 0 1 0 0 0 -1 0 0.41 -0.82 0.41 0.58 -0.58 0.58 0.41 -0.82 0.41 0 -1 0 0 -1 0 0 -1 0 0 -1 0 0 -1 0 0 0 -1 0 0 -1 0 0 -1 0 -1 0 -0.58 -0.58 -0.58 -0.58 -0.58 -0.58 -0.71 0 -0.71 -1 0 0 -1 0 0 -1 0 0 -1 0 0 0 0 -1 0 0 -1 0 0 -1 0 1 0 0 1 0 0 1 0 0 1 0 0 0 -1 0 0 -1 0 0 -1 0 -1 0 0 -1 0 0 -1 0 0 -1 0 -0.41 -0.82 0.41 -0.41 -0.82 0.41 0 -1 0 -0.58 -0.58 0.58 0.41 0.82 0.41 0.58 0.58 0.58 0.41 0.82 0.41 0 1 0 0 1 0 0.67 0.67 0.33 0.58 0.58 0.58 0.82 0.41 0.41 0.71 0.71 0 1 0 0 1 0 0 1 0 0 1 0 0 0 -0.71 0.71 0 -0.71 0.71 0 -0.71 0.71 0 0 -1 0 0 -1 0 0 -1 -0.41 -0.82 0.41 0 -1 0 -0.41 -0.82 0.41 -0.58 -0.58 0.58 -0.82 0.41 0.41 -0.82 0.41 0.41 -0.58 0.58 0.58 -1 0 0 -0.58 0.58 -0.58 -0.58 0.58 -0.58 -0.71 0 -0.71 0 1 0 0.67 0.33 0.67 0.71 0 0.71 0.71 0 0.71 0.58 0.58 0.58 0 1 0 0 -1 0 0 -1 0 0 -1 0 0 -1 0 0 1 0 0 1 0 0 1 0 0 0 1 0 0 1 0 0 1 0 0 1 0 0 1 0 0 1 0 0 1 0 0 1 0 0 1 0 0 1 0 0 1 0 0 1 0 0 1 0 0 1 0 0 1 0 0 1 0 0 1 0 0 1 0 0 1 0 0 1 0 0 1 0 0 1 0 0 1 0 0 1 0 0 1 0 0 1 0 0 1 0 0 1 0 0 1 0 0 1 0 0 1 0 0 1 0 0 1 0 0 1 0 0 1 0 0 1 0 0 1 0 0 1 0 0 1 0 0 1 0 0 1 0 0 1 0 0 1 0 0 1 0 0 1 0 0 1 0 0 1 0 0 1 0 0 1 0 0 1 0 0 1 0 0 1 0 0 1 0 0 1 0 0 1 0 0 1 0 0 1 0 0 1 0 0 1 0 0 1 0 0 1 0 0 1 0 0 1 0 0 1 0 0 1 0 0 1 0 0 1 0 0 1 0 0 1 0 0 1 0 0 1 0 0 1 0 0 1 0 0 1 0 0 1 0 0 1 0 0 1 0 0 1 0 0 1 0 0 1 0 0 1 0 0 1 0 0 1 0 0 1 0 0 1 0 0 1 0 0 1 0 0 1 0 0 1 0 0 1 0 0 1 0 0 1 0 0 1 0 0 1 0 0 1 0 0 1 0 0 1 0 0 1 0 0 1 0 0 1 0 0 1 0 0 1 0 0 1 0 0 1 0 0 1 0 0 1 0 0 1 0 0 1 0 0 1 0 0 1 0 0 1 0 0 1 0 0 1 0 0 1 0 0 1 0 0 1 0 0 1 0 0 1 0 0 1 0 0 1 0 0 1 0 0 1 0 0 1 0 0 1 0 0 1 0 0 1 0 0 1 0 0 1 0 0 1 0 0 1 0 0 1 0 0 1 0 0 1 0 0 1 0 0 1 0 0 1 0 0 1 0 0 1 0 0 1 0 0 1 0 0 1 0 0 1 0 0 1 0 0 1 0 0 1 0 0 1 0 0 1 0 0 1 0 0 1 0 0 1 0 0 1 0 0 1 0 0 1 0 0 1 0 0 1 0 0 1 0 0 1 0 0 1 0 0 1 0 0 1 0 0 1 0 0 1 0 0 1 0 0 1 0 0 1 0 0 1 0 0 1 0 0 1 0 0 1 0 0 1 0 0 1 0 0 1 0 0 1 0 0 1 0 0 1 0 0 1 0 0 1 0 0 1 0 0 1 0 0 1 0 0 1 0 0 1 0 0 1 0 0 1 0 0 1 0 0 1 0 0 1 0 0 1 0 0 1 0 0 1 0 0 1 0 0 1 0 0 1 0 0 1 0 0 1 0 0 1 0 0 1 0 0 1 0 0 1 0 0 1 0 0 1 0 0 1 0 0 1 0 0 1 0 0 1 0 0 1 0 0 1 0 0 1 0 0 1 0 0 1 0 0 1 0 0 1 0 0 1 0 0 1 0 0 1 0 0 1 0 0 1 0 0 1 0 0 1 0 0 1 0 0 1 0 0 1 0 0 1 0 0 1 0 0 1 0 0 1 0 0 1 0 0 1 0 0 1 0 0 1 0 0 1 0 0 1 0 0 1 0 0 1 0 0 1 0 0 1 0 0 1 0 0 1 0 0 1 0 0 1 0 0 1 0 0 1 0 0 1 0 0 1 0 0 1 0 0 1 0 0 1 0 0 1 0 0 1 0 0 1 0 0 1 0 0 1 0 0 1 0 0 1 0 0 1 0 0 1 0 0 1 0 0 1 0 0 1 0 0 1 0 0 -1 0 0 -1 0 0 -1 0 0 -1 0 0 -1 0 0 -1 0 0 -1 0 0 -1 0 0 -1 0 0 -1 0 0 -1 0 0 -1 0 0 -1 0 0 -1 0 0 -1 0 0 -1 0 0 -1 0 0 -1 0 0 -1 0 0 -1 0 0 -1 0 0 -1 0 0 -1 0 0 -1 0 0 -1 0 0 -1 0 0 -1 0 0 -1 0 0 -1 0 0 -1 0 0 -1 0 0 -1 0 0 -1 0 0 -1 0 0 -1 0 0 -1 0 0 -1 0 0 -1 0 0 -1 0 0 -1 0 0 -1 0 0 -1 0 0 -1 0 0 -1 0 0 -1 0 0 -1 0 0 -1 0 0 -1 0 0 -1 0 0 -1 0 0 -1 0 0 -1 0 0 -1 0 0 -1 0 0 -1 0 0 -1 0 0 -1 0 0 -1 0 0 -1 0 0 -1 0 0 -1 0 0 -1 0 0 -1 0 0 -1 0 0 -1 0 0 -1 0 0 -1 0 0 -1 0 0 -1 0 0 -1 0 0 -1 0 0 -1 0 0 -1 0 0 -1 0 0 -1 0 0 -1 0 0 -1 0 0 -1 0 0 -1 0 0 -1 0 0 -1 0 0 -1 0 0 -1 0 0 -1 0 0 -1 0 0 -1 0 0 -1 0 0 -1 0 0 -1 0 0 -1 0 0 -1 0 0 -1 0 0 -1 0 0 -1 0 0 -1 0 0 -1 0 0 -1 0 0 -1 0 0 -1 0 0 -1 0 0 -1 0 0 -1 0 0 -1 0 0 -1 0 0 -1 0 0 -1 0 0 -1 0 0 -1 0 0 -1 0 0 -1 0 0 -1 0 0 -1 0 0 -1 0 0 -1 0 0 -1 0 0 -1 0 0 -1 0 0 -1 0 0 -1 0 0 -1 0 0 -1 0 0 -1 0 0 -1 0 0 -1 0 0 -1 0 0 -1 0 0 -1 0 0 -1 0 0 -1 0 0 -1 0 0 -1 0 0 -1 0 0 -1 0 0 -1 0 0 -1 0 0 -1 0 0 -1 0 0 -1 0 0 -1 0 0 -1 0 0 -1 0 0 -1 0 0 -1 0 0 -1 0 0 -1 0 0 -1 0 0 -1 0 0 -1 0 0 -1 0 0 -1 0 0 -1 0 0 -1 0 0 -1 0 0 -1 0 0 -1 0 0 -1 0 0 -1 0 0 -1 0 0 -1 0 0 -1 0 0 -1 0 0 -1 0 0 -1 0 0 -1 0 0 -1 0 0 -1 0 0 -1 0 0 -1 0 0 -1 0 0 -1 0 0 -1 0 0 -1 0 0 -1 0 0 -1 0 0 -1 0 0 -1 0 0 -1 0 0 -1 0 0 -1 0 0 -1 0 0 -1 0 0 -1 0 0 -1 0 0 -1 0 0 -1 0 0 -1 0 0 -1 0 0 -1 0 0 -1 0 0 -1 0 0 -1 0 0 -1 0 0 -1 0 0 -1 0 0 -1 0 0 -1 0 0 -1 0 0 -1 0 0 -1 0 0 -1 0 0 -1 0 0 -1 0 0 -1 0 0 -1 0 0 -1 0 0 -1 0 0 -1 0 0 -1 0 0 -1 0 0 -1 0 0 -1 0 0 -1 0 0 -1 0 0 -1 0 0 -1 0 0 -1 0 0 -1 0 0 -1 0 0 -1 0 0 -1 0 0 -1 0 0 -1 0 0 -1 0 0 -1 0 0 -1 0 0 -1 0 0 -1 0 0 -1 0 0 -1 0 0 -1 0 0 -1 0 0 -1 0 0 -1 0 0 -1 0 0 -1 0 0 -1 0 0 -1 0 0 -1 0 0 -1 0 0 -1 0 0 -1 0 0 -1 0 0 -1 0 0 -1 0 0 -1 0 0 -1 0 0 -1 0 0 -1 0 0 -1 0 0 -1 0 0 -1 0 0 -1 0 0 -1 0 0 -1 0 0 -1 0 1 0 -0.55 0.83 0 -0.8 0.6 0 -0.89 0.45 0 -0.89 0.45 0 0 1 0 0 1 0 0 1 0 0 1 0 0 1 0 0 1 0 0.45 0.89 0 0.89 0.45 0 0.95 0.32 0 0.83 0.55 0 0.71 0.71 0 0.71 0.71 0 0 1 0 1 0 0 1 0 0 1 0 0 1 0 0 1 0 0 1 0 0 -0.71 -0.71 0 -0.89 -0.45 0 -0.98 -0.2 0 -0.71 -0.71 0 -1 0 0 -1 0 0 -0.83 0.55 0 -0.83 0.55 0 -0.95 0.32 0 -0.95 0.32 0 -1 0 0 -1 0 0 -0.89 0.45 0 -0.45 0.89 0 0 1 0 0 1 0 0 1 0 0 1 0 0.45 0.89 0 0.37 0.93 0 0.24 0.97 0 0 1 0 0.45 0.89 0 0 1 0 0 -1 0 -0.2 -0.98 0 -0.45 -0.89 0 -0.71 -0.71 0 -0.71 -0.71 0 0 -1 0 -0.89 -0.45 0 -0.95 0.32 0 -0.45 -0.89 0 -0.83 0.55 0 -0.83 0.55 0 -0.55 -0.83 0 -0.71 -0.71 0 -0.32 -0.95 0 -0.71 -0.71 0 -0.95 0.32 0 -1 0 0 -1 0 0 -0.71 0.71 0 -0.71 0.71 0 -0.71 0.71 0 -0.71 0.71 0 -0.71 0.71 0 -0.71 0.71 0 0.45 -0.89 0 0.51 -0.86 0 0.6 -0.8 0 0.71 -0.71 0 0.71 -0.71 0 0.45 -0.89 0 0.32 -0.95 0 -0.32 -0.95 0 0.55 -0.83 0 -0.55 -0.83 0 -0.83 -0.55 0 -0.95 -0.32 0 -1 0 0 -1 0 0 0.71 -0.71 0 0.71 -0.71 0 -1 0 0 -0.97 -0.24 0 -0.93 -0.37 0 -0.89 -0.45 0 -0.89 -0.45 0 -1 0 0 0.71 0.71 0 0.89 0.45 0 0.98 0.2 0 0.71 0.71 0 1 0 0 1 0 0 0 -1 0 0 -1 0 0 -1 0 1 0 0 0.95 -0.32 0 1 0 0 0.83 -0.55 0 0.55 -0.83 0 0.32 -0.95 0 0 -1 0 1 0 0 1 0 0 -0.71 -0.71 0 -0.45 -0.89 0 -0.2 -0.98 0 0 -1 0 -0.71 -0.71 0 0 -1 0 1 0 0 0.95 -0.32 0 1 0 0 0.83 -0.55 0 0.71 -0.71 0 0.32 0.95 0 0 1 0 0.55 0.83 0 0.95 0.32 0 0.83 0.55 0 0 1 0 0.71 -0.71 0 0.71 -0.71 0 0.71 -0.71 0 0.71 -0.71 0 0.71 -0.71 0 0.71 -0.71 0 0.71 -0.71 0 0 -1 0 0 -1 0 0 -1 0 0 -1 0 0 -1 0 0 -1 0 0.2 -0.98 0 -0.2 -0.98 0 0.45 -0.89 0 -0.45 -0.89 0 -0.8 -0.6 0 -0.86 -0.51 0 -0.93 -0.37 0 -0.97 -0.24 0 -0.95 0.32 0 -0.51 0.86 0 -0.37 0.93 0 -0.6 0.8 0 -0.24 0.97 0 0.24 0.97 0 0.37 0.93 0 0.6 0.8 0 0.83 0.55 0 1 0 0 1 0 0 0.98 -0.2 0 0.89 -0.45 0 0.71 -0.71 0 0.71 -0.71 0 -0.83 0.55 0 -0.32 -0.95 0 0 -1 0 -0.55 -0.83 0 0 -1 0 0.37 -0.93 0 0.71 -0.71 0 0.93 -0.37 0 0.97 -0.24 0 0.97 0.24 0 0.93 0.37 0 0.86 0.51 0 0.8 0.6 0 0.45 0.89 0 0.2 0.98 0 -0.2 0.98 0 -0.45 0.89 0 -0.71 0.71 0 -0.71 0.71 0 -0.89 0.45 0 -0.98 0.2 0 -0.98 -0.2 0 -0.89 -0.45 0 -0.71 -0.71 0 -0.71 -0.71 0 0.71 0.71 0 0.45 0.89 0 0.71 0.71 0 0.2 0.98 0 -0.2 0.98 0 -0.45 0.89 0 -0.71 0.71 0 -0.71 0.71 0 -0.89 0.45 0 -0.98 0.2 0 -0.98 -0.2 0 0.2 -0.98 0 -0.2 -0.98 0 0.45 -0.89 0 -0.45 -0.89 0 -0.71 -0.71 0 -0.71 -0.71 0 -0.89 -0.45 0 0.89 0.45 0 0.98 0.2 0 0.98 -0.2 0 0.89 -0.45 0 0.71 -0.71 0 0.71 -0.71 0 -0.45 -0.89 0 -0.71 -0.71 0 -0.2 -0.98 0 -0.71 -0.71 0 -0.89 -0.45 0 -0.98 -0.2 0 -0.98 0.2 0 -0.89 0.45 0 -0.71 0.71 0 0.89 0.45 0 0.71 0.71 0 0.98 0.2 0 -0.2 0.98 0 0.2 0.98 0 -0.45 0.89 0 0.71 0.71 0 0.45 0.89 0 -0.71 0.71 0 0.2 -0.98 0 0.98 -0.2 0 0.89 -0.45 0 0.71 -0.71 0 0.45 -0.89 0 0.71 -0.71 0 0.98 -0.2 0 0.89 -0.45 0 0.89 -0.45 0 0.45 -0.89 0 0 -1 0 0 -1 0 0.97 -0.24 0 0.98 0.2 0 0.8 0.6 0 0 1 0 0 1 0 0 1 0 0 1 0 -0.55 0.83 0 -0.8 0.6 0 -0.93 0.37 0 -0.97 0.24 0 -1 0 0 -1 0 0 -0.83 -0.55 0 -0.6 -0.8 0 -0.37 -0.93 0 -0.24 -0.97 0 0.55 0.83 0 -0.98 -0.2 0 -0.98 0.2 0 -0.89 -0.45 0 -0.71 -0.71 0 -0.71 -0.71 0 -0.45 -0.89 0 -0.2 -0.98 0 0.2 -0.98 0 0.45 -0.89 0 -0.89 0.45 0 -0.6 0.8 0 -0.51 0.86 0 -0.37 0.93 0 -0.24 0.97 0 0.32 0.95 0 0.55 0.83 0 0.71 0.71 0 0.71 0.71 0 0.89 0.45 0 0.98 0.2 0 0.98 -0.2 0 0.89 -0.45 0 0.71 -0.71 0 0.71 -0.71 0 0 -0.32 0.95 -0.58 -0.58 0.58 -0.32 0 0.95 0 0 1 -0.58 0.58 0.58 0.67 0.33 0.67 0.53 -0.27 0.8 0 0 1 0 -0.24 0.97 0 0 1 0 0.71 0.71 0.33 0.67 0.67 -0.53 0.27 0.8 0.53 -0.27 0.8 -0.33 -0.67 0.67 0.58 -0.58 0.58 -1 0 0 1 0 0 -0.58 0.58 0.58 0 -1 0 -0.27 -0.53 0.8 -0.58 -0.58 0.58 -0.53 0.27 0.8 0.27 0.53 0.8 0 0.71 0.71 0 0 1 0.41 0.41 0.82 0.67 -0.33 0.67 0 0 1 0 0 1 0 0 1 0 0 1 0 0 1 0 0 1 0 0 1 0 0 1 0 0 1 0 0 1 0 0 1 0 0 1 0 0 1 0 0 1 0 0 1 0 0 1 0 0 1 0 0 1 0 0 1 0 0 1 0 0 1 0 0 1 0 0 1 0 0 1 0 0 1 0 0 1 0 0 1 0 0 1 0 0 1 0 0 1 0 0 1 0 0 1 0 0 1 0 0 1 0 0 1 0 0 1 0 0 1 0 0 1 0 0 1 0 0 1 0 0 1 0 0 1 0 0 1 0 0 1 0 0 1 0 0 1 0 0 1 0 0 1 0 0 1 0 0 1 0 0 1 0 0 1 0 0 1 0 0 1 0 0 1 0 0 1 0 0 1 0 0 1 0 0 1 0 0 1 0 0 1 0 0 1 0 0 1 0 0 1 0 0 1 0 0 1 0 0 1 0 0 1 0 0 1 0 0 1 0 0 1 0 0 1 0 0 1 0 0 1 0 0 1 0 0 1 0 0 1 0 0 1 0 0 1 0 0 1 0 0 1 0 0 1 0 0 1 0 0 1 0 0 1 0 0 1 0 0 1 0 0 1 0 0 1 0 0 1 0 0 1 0 0 1 0 0 1 0 0 1 0 0 1 0 0 1 0 0 1 0 0 1 0 0 1 0 0 1 0 0 1 0 0 1 0 0 1 0 0 1 0 0 1 0 0 1 0 0 1 0 0 1 0 0 1 0 0 1 0 0 1 0 0 1 0 0 1 0 0 1 0 0 1 0 0 1 0 0 1 0 0 1 0 0 1 0 0 1 0 0 1 0 0 1 0 0 1 0 0 1 0 0 1 0 0 1 0 0 1 0 0 1 0 0 1 0 0 1 0 0 1 0 0 1 0 0 1 0 0 1 0 0 1 0 0 1 0 0 1 0 0 1 0 0 1 0 0 1 0 0 1 0 0 1 0 0 1 0 0 1 0 0 1 0 0 1 0 0 1 0 0 1 0 0 1 0 0 1 0 0 1 0 0 1 0 0 1 0 0 1 0 0 1 0 0 1 0 0 1 0 0 1 0 0 1 0 0 1 0 0 1 0 0 1 0 0 1 0 0 1 0 0 1 0 0 1 0 0 1 0 0 1 0 0 1 0 0 1 0 0 1 0 0 1 0 0 1 0 0 1 0 0 1 0 0 1 0 0 1 0 0 1 0 0 1 0 0 1 0 0 1 0 0 1 0 0 1 0 0 1 0 0 1 0 0 1 0 0 1 0 0 1 0 0 1 0 0 1 0 0 1 0 0 1 0 0 1 0 0 1 0 0 1 0.41 -0.91 0 0.66 -0.75 0 0.22 -0.98 0 -0.66 -0.75 0 -0.41 -0.91 0 -0.75 -0.66 0 0.71 0.71 0 0.37 0.93 0 0.85 0.53 0 -0.93 0.37 0 -0.71 0.71 0 -0.98 0.18 0 -0.53 0.85 0 -0.2 0.98 0 -0.09 1 0 0.18 0.98 0 0.98 0.22 0 0.99 0.11 0 0.98 -0.22 0 -0.22 -0.98 0 -0.98 -0.18 0 -0.93 -0.37 0 0.75 -0.66 0 0.91 -0.41 0 0 0 1 0 0 1 0 0 1 0 0 1 0 0 1 0 0 1 0 0 1 0 0 1 0 0 1 0 0 1 0 0 1 0 0 1 0 0 1 -1 0 0 -0.89 0.45 0 -1 0 0 -0.45 0.89 0 0 1 0 0 1 0 0.37 0.93 0 0.45 0.89 0 0.45 0.89 0 0 1 0 0.24 0.97 0 0 1 0 0 0 1 0 0 1 0 0 1 0 0 1 0 0 1 0 0 1 0 0 1 0 0 1 0 0 1 0 0 1 0 0 1 0 0 1 0 0 1 0 0 1 0 0 1 0 0 1 0 0 1 0 0 1 0 0 1 0 0 1 0 0 1 0 0 1 -0.45 0.89 0 0 1 0 -0.89 0.45 0 -1 0 0 -1 0 0 0 1 0 0.32 0.95 0 0.32 0.95 0 0.32 0.95 0 0.32 0.95 0 1 0 0 1 0 0 1 0 0 1 0 0 -1 0 0 -1 0 0 -1 0 0 -1 0 0 -0.89 -0.45 0 -0.45 -0.89 0 0 -1 0 0 -1 0 -0.62 0.78 0 -0.62 0.78 0 -0.62 0.78 0 -0.62 0.78 0 0.45 0.89 0 0 1 0 0.89 0.45 0 1 0 0 1 0 0 0 1 0 -0.99 -0.16 0 -0.99 -0.16 0 -0.99 -0.16 0 -0.99 -0.16 0 0.71 0.71 0 0.89 -0.45 0 0.71 -0.71 0 0.71 -0.71 0 0 1 0 0 1 0 -0.32 -0.95 0 -0.32 -0.95 0 -0.32 -0.95 0 -0.32 -0.95 0 0 -1 0 -0.45 -0.89 0 0 -1 0 -0.95 0.32 0 -0.89 -0.45 0 -0.83 0.55 0 -0.71 0.71 0 -0.71 0.71 0 0.89 0.45 0 0.45 0.89 0 1 0 0 1 0 0 0 1 0 0 1 0 0.71 -0.71 0 0.71 -0.71 0 0.71 -0.71 0 0.71 -0.71 0 -1 0 0 -1 0 0 -0.45 -0.89 0 0 -1 0 -0.89 -0.45 0 0 -1 0 -0.45 0.89 0 0 1 0 -0.89 0.45 0 -0.71 0.71 0 0.45 0.89 0 0.71 0.71 0 0.71 0.71 0 0 1 0 0.99 0.16 0 0.99 0.16 0 0.99 0.16 0 0.99 0.16 0 0.89 -0.45 0 1 0 0 0.45 -0.89 0 0 -1 0 0 -1 0 1 0 0 0 0 -1 0 0 -1 0 0 -1 0 0 -1 0 0 -1 0 0 -1 0 0 -1 0 0 -1 0 0 -1 0 0 -1 0 0 -1 0 0 -1 0 0 -1 0 0 -1 0 0 -1 0 0 -1 0 0 -1 0 0 -1 0 0 -1 0 0 -1 0 0 -1 0 0 -1 0 0 -1 0 0 -1 0 0 -1 0 0 -1 0 0 -1 0 0 -1 0 0 -1 0 0 -1 0 0 -1 0 0 -1 0 0 -1 0 0 -1 0 0 -1 0 0 -1 0 0 -1 0 0 -1 0 0 -1 0.99 0.16 0 0.98 -0.18 0 0.95 0.32 0 0.93 -0.37 0 0.71 -0.71 0 0.32 -0.95 0 0.57 -0.82 0 0.16 -0.99 0 0.82 0.57 0 0.71 0.71 0 0.18 0.98 0 -0.18 0.98 0 0.37 0.93 0 -0.37 0.93 0 -0.66 0.75 0 -0.75 0.66 0 -0.89 0.45 0 -0.94 0.34 0 -1 0 0 -0.96 -0.29 0 -0.79 -0.61 0 -0.75 -0.66 0 -0.51 -0.86 0 -0.26 -0.96 0 0 0 -1 0 0 -1 0 0 -1 0 0 -1 0 0 -1 0 0 -1 0 0 -1 0 0 -1 0 0 -1 0 0 -1 0 0 -1 0 0 -1 0 0 -1 0 0 -1 0 0 -1 0 0 -1 0 0 -1 0 0 -1 0 0 -1 0 0 -1 0 0 -1 0 0 -1 0 0 -1 0 0 -1 0 0 -1 0 0 -1 0 0 -1 0 0 -1 0 0 -1 0 0 -1 0 0 -1 0 0 -1 0 0 -1 0 0 -1 0 0 -1 0 0 -1 0 0 -1 0 0 -1 0 0 -1 0 0 -1 0 0 -1 0 0 -1 0 0 -1 0 0 -1 0 0 -1 0 0 -1 0 0 -1 0 0 -1 0 0 -1 0 0 -1 0 0 -1 0 0 -1 0 0 -1 0 0 -1 0 0 -1 0 0 -1 0 0 -1 0 0 -1 0 0 -1 0 0 -1 0 0 -1 0 0 -1 0 0 -1 0 0 -1 0 0 -1 0 0 -1 0 0 -1 0 0 -1 0 0 -1 0 0 -1 0 0 -1 0 0 -1 0 0 -1 0 0 -1 0 0 -1 0 0 -1 0 0 -1 0 0 -1 0 0 -1 0 0 -1 0 0 -1 0 0 -1 0 0 -1 0 0 -1 0 0 -1 0 0 -1 0 0 -1 0 0 -1 0 0 -1 0 0 -1 0 0 -1 0 0 -1 0 0 -1 0 0 -1 0 0 -1 0 0 -1 0 0 -1 0 0 -1 0 0 -1 0 0 -1 0 0 -1 0 0 -1 0 0 -1 0 0 -1 0 0 -1 0 0 -1 0 0 -1 0 0 -1 0 0 -1 0 0 -1 0 0 -1 0 0 -1 0 0 -1 0 0 -1 0 0 -1 0 0 -1 0 0 -1 0 0 -1 0 0 -1 0 0 -1 0 0 -1 0 0 -1 0 0 -1 0 0 -1 0 0 -1 0 0 -1 0 0 -1 0 0 -1 0 0 -1 0 0 -1 0 0 -1 0 0 -1 0 0 -1 0 0 -1 0 0 -1 0 0 -1 0 0 -1 0 0 -1 0 0 -1 0 0 -1 0 0 -1 0 0 -1 0 0 -1 0 0 -1 0 0 -1 0 0 -1 0 0 -1 0 0 -1 0 0 -1 0 0 -1 0 0 -1 0 0 -1 0 0 -1 0 0 -1 0 0 -1 0 0 -1 0 0 -1 0 0 -1 0 0 -1 0 0 -1 0 0 -1 0 0 -1 0 0 -1 0 0 -1 0 0 -1 0 0 -1 0 0 -1 0 0 -1 0 0 -1 0 0 -1 0 0 -1 0 0 -1 0 0 -1 0 0 -1 0 0 -1 0 0 -1 0 0 -1 0 0 -1 0 0 -1 0 0 -1 0 0 -1 0 0 -1 0 0 -1 0 0 -1 0 0 -1 0 0 -1 0 0 -1 0 0 -1 0 0 -1 0 0 -1 0 0 -1 0 0 -1 0 0 -1 0 0 -1 0 0 -1 0 0 -1 0 0 -1 0 0 -1 0 0 -1 0 0 -1 0 0 -1 0 0 -1 0 0 -1 0 0 -1 0 0 -1 0 0 -1 0 0 -1 0 0 -1 0 0 -1 0 0 -1 0 0 -1 0 0 -1 0 0 -1 0 0 -1 0 0 -1 0 0 -1 0 0 -1 0 0 -1 0 0 -1 0 0 -1 0 0 -1 0 0 -1 0 0 -1 0 0 -1 0 0 -1 0 0 -1 0 0 -1 0 0 -1 0 0 -1 0 0 -1 0 0 -1 0 0 -1 0 0 -1 0 0 -1 0 0 -1 0 0 -1 0 0 -1 0 0 -1 0 0 -1 0 0 -1 0 0 -1 0 0 -1 0 0 -1 0 0 -1 0 0 -1 0 0 -1 0 0 -1 0 0 -1 0 0 -1 0 0 -1 0 0 -1 0 0 -1 0 0 -1 0 0 -1 0 0 -1 0 0 -1 0 0 -1 0 0 -1 0 0 -1 0 0 -1 0 0 -1 0 0 -1 0 0 -1 0 0 -1 0 0 -1 0 0 -1 0 0 -1 0 0 -1 0 0 -1 0 0 -1 0 0 -1 0 0 -1 0 0 -1 0 0 -1 0 0 -1 0 0 -1 0 0 -1 0 0 -1 0 0 -1 0 0 -1 0 0 -1 0 0 -1 0 0 -1 0 0 -1 0 0 -1 0 0 -1 0 0 -1 0 0 -1 0 0 -1 0 0 -1 0 0 -1 0 0 -1 0 0 -1 0 0 -1 0 0 -1 0 0 -1 0 0 -1 0 0 -1 0 0 -1 0 0 1 0 0 -1 0 0 -1 0 0 -1 0 0 -1 0 0 -1 0 0 -1 0 0 -1 0 0 -1 0 0 -1 0 0 -1 0 0 -1 0 0 -1 0 0 -1 0 0 -1 0 0 -1 0 0 -1 0 0 -1 0 0 -1 0 0 -1 0 0 -1 0 0 -1 0 0 -1 0 0 -1 0 0 -1 0 0 -1 0 0 -1 0 0 -1 0 0 -1 0 0 -1 0 0 -1 0 0 -1 0 0 -1 0 0 -1 0 0 -1 0 0 -1 0 0 -1 0 0 -1 0 0 -1 0 0 -1 0 0 -1 0 0 -1 0 0 -1 0 0 -1 0 0 -1 0 0 -1 0 0 -1 0 0 -1 0 0 -1 0 0 -1 0 0 -1 0 0 -1 0 0 -1 0 0 -1 0 0 -1 0 0 -1 0 0 -1 0 0 -1 0 0 -1 0 0 -1 0 0 -1 0 0 -1 0 0 -1 0 0 -1 0 0 -1 0 0 -1 0 0 -1 0 0 -1 0 0 -1 0 0 -1 0 0 -1 0 0 -1 0 0 -1 0 0 -1 0 0 -1 0 0 -1 0 0 -1 0 0 -1 0 0 -1 0 0 -1 0 0 -1 0 0 -1 0 0 -1 0 0 -1 0 0 -1 0 0 -1 0 0 -1 0 0 -1 0 0 -1 0 0 -1 0 0 -1 0 0 -1 0 0 -1 0 0 -1 0 0 -1 0 0 -1 0 0 -1 0 0 -1 0 0 -1 0 0 -1 0 0 -1 0 0 -1 0 0 -1 0 0 -1 0 0 -1 0 0 -1 0 0 -1 0 0 -1 0 0 -1 0 0 -1 0 0 -1 0 0 -1 0 0 -1 0 0 -1 0 0 -1 0 0 -1 0 0 -1 0 0 -1 0 0 -1 0 0 -1 0 0 -1 0 0 -1 0 0 -1 0 0 -1 0 0 -1 0 0 -1 0 0 -1 0 0 -1 0 0 -1 0 0 -1 0 0 -1 0 0 -1 0 0 -1 0 0 -1 0 0 -1 0 0 -1 0 0 -1 0 0 -1 0 0 -1 0 0 -1 0 0 -1 0 0 -1 0 0 -1 0 0 -1 0 0 -1 0 0 -1 0 0 -1 0 0 -1 0 0 -1 0 0 -1 0 0 -1 0 0 1 0 0 1 0 0 -1 0 0 -1 0 0 -1 0 0 -1 0 0 -1 0 0 -1 0 0 -1 0 0 -1 0 0 -1 0 0 -1 0 0 -1 0 0 -1 0 0 -1 0 0 -1 0 0 -1 0 0 -1 0 0 -1 0 0 -1 0 0 -1 0 0 -1 0 0 -1 0 0 -1 0 0 -1 0 0 -1 0 0 -1 0 0 -1 0 0 -1 0 0 -1 0 0 -1 0 0 -1 0 0 -1 0 0 -1 0 0 -1 0 0 -1 0 0 -1 0 0 -1 0 0 -1 0 0 -1 0 0 -1 0 0 -1 0 0 -1 0 0 -1 0 0 -1 0 0 -1 0 0 -1 0 0 -1 0 0 -1 0 0 -1 0 0 -1 0 0 -1 0 0 -1 0 0 -1 0 0 -1 0 0 -1 0 0 -1 0 0 -1 0 0 -1 0 0 -1 0 0 -1 0 0 -1 0 0 -1 0 0 -1 0 0 -1 0 0 -1 0 0 -1 0 0 -1 0 0 -1 0 0 -1 0 0 -1 0 0 -1 0 0 -1 0 0 -1 0 0 -1 0 0 -1 0 0 -1 0 0 -1 0 0 -1 0 0 -1 0 0 -1 0 0 -1 0 0 -1 0 0 -1 0 0 -1 0 0 -1 0 0 -1 0 0 -1 0 0 -1 0 0 -1 0 0 -1 0 0 -1 0 0 -1 0 0 -1 0 0 -1 0 0 -1 0 0 -1 0 0 -1 0 0 -1 0 0 -1 0 0 -1 0 0 -1 0 0 -1 0 0 -1 0 0 -1 0 0 -1 0 0 -1 0 0 -1 0 0 -1 0 0 -1 0 0 -1 0 0 -1 0 0 -1 0 0 -1 0 0 -1 0 0 -1 0 0 -1 0 0 -1 0 0 -1 0 0 -1 0 0 -1 0 0 -1 0 0 -1 0 0 -1 0 0 -1 0 0 -1 0 0 -1 0 0 -1 0 0 -1 0 0 -1 0 0 -1 0 0 -1 0 0 1 0 0 1 0 0 1 0 0 1 0 0 1 0 0 1 0 0 1 0 0 1 0 0 1 0 0 1 0 0 1 0 0 1 0 0 1 0 0 1 0 0 1 0 0 1 0 0 1 0 0 1 0 0 1 0 0 1 0 0 1 0 0 1 0 0 1 0 0 1 0 0 1 0 0 1 0 0 1 0 0 1 0 0 1 0 0 1 0 0 1 0 0 1 0 0 1 0 0 1 0 0 1 0 0 1 0 0 1 0 0 1 0 0 1 0 0 1 0 0 1 0 0 1 0 0 1 0 0 1 0 0 1 0 0 1 0 0 1 0 0 1 0 0 1 0 0 1 0 0 1 0 0 1 0 0 1 0 0 1 0 0 1 0 0 1 0 0 1 0 0 1 0 0 1 0 0 1 0 0 1 0 0 1 0 0 1 0 0 1 0 0 1 0 0 1 0 0 1 0 0 1 0 0 1 0 0 1 0 0 1 0 0 1 0 0 1 0 0 1 0 0 1 0 0 1 0 0 1 0 0 1 0 0 1 0 0 1 0 0 1 0 0 1 0 0 1 0 0 1 0 0 1 0 0 1 0 0 1 0 0 1 0 0 1 0 0 1 0 0 1 0 0 1 0 0 1 0 0 1 0 0 1 0 0 1 0 0 1 0 0 1 0 0 1 0 0 1 0 0 1 0 0 1 0 0 1 0 0 1 0 0 1 0 0 1 0 0 1 0 0 1 0 0 1 0 0 1 0 0 1 0 0 1 0 0 1 0 0 1 0 0 1 0 0 1 0 0 1 0 0 1 0 0 1 0 0 1 0 0 1 0 0 1 0 0 1 0 0 1 0 0 1 0 0 1 0 0 1 0 0 1 0 0 1 0 0 1 0 0 1 0 0 1 0 0 1 0 0 1 0 0 1 0 0 1 0 0 1 0 0 1 0 0 1 0 0 1 0 0 1 0 0 1 0 0 1 0 0 1 0 0 1 0 0 1 0 0 1 0 0 1 0 0 1 0 0 1 0 0 1 0 0 1 0 0 1 0 0 1 0 0 1 0 0 1 0 0 1 0 0 1 0 0 1 0 0 1 0 0 1 0 0 1 0 0 1 0 0 1 0 0 1 0 0 1 0 0 1 0 0 1 0 0 1 0 0 1 0 0 1 0 0 1 0 0 1 0 0 1 0 0 1 0 0 1 0 0 1 0 0 1 0 0 1 0 0 1 0 0 1 0 0 1 0 0 1 0 0 1 0 0 1 0 0 1 0 0 1 0 0 1 0 0 1 0 0 1 0 0 1 0 0 1 0 0 1 0 0 1 0 0 1 0 0 1 0 0 1 0 0 1 0 0 1 0 0 1 0 0 1 0 0 1 0 0 1 0 0 1 0 0 1 0 0 1 0 0 1 0 0 1 0 0 1 0 0 1 0 0 1 0 0 1 0 0 1 0 0 1 0 0 1 0 0 1 0 0 1 0 0 1 0 0 1 0 0 1 0 0 1 0 0 1 0 0 1 0 0 1 0 0 1 0 0 1 0 0 1 0 0 1 0 0 1 0 0 1 0 0 1 0 0 1 0 0 1 0 0 1 0 0 1 0 0 1 0 0 1 0 0 1 0 0 1 0 0 1 0 0 1 0 0 1 0 0 1 0 0 1 0 0 1 0 0 1 0 0 1 0 0 1 0 0 1 0 0 1 0 0 1 0 0 1 0 0 1 0 0 1 0 0 1 0 0 1 0 0 1 0 0 1 0 0 1 0 0 1 0 0 1 0 0 1 0 0 1 0 0 1 0 0 1 0 0 1 0 0 1 0 0 1 0 0 1 0 0 1 0 0 1 0 0 1 0 0 1 0 0 1 0 0 1 0 0 1 0 0 1 0 0 1 0 0 1 0 0 1 0 0 1 0 0 1 0 0 1 0 0 1 0 0 1 0 0 1 0 0 1 0 0 1 0 0 1 0 0 1 0 0 1 0 0 1 0 0 1 0 0 1 0 0 1 0 0 1 0 0 1 0 0 1 0 0 1 0 0 1 0 0 1 0 0 1 0 0 1 0 0 1 0 0 1 0 0 1 0 0 1 0 0 1 0 0 1 0 0 1 0 0 1 0 0 1 0 0 1 0 0 1 0 0 1 0 0 1 0 0 1 0 0 1 0 0 1 0 0 1 0 0 1 0 0 1 0 0 1 0 0 1 0 0 1 0 0 1 0 0 1 0 0 1 0 0 1 0 0 1 0 0 1 0 0 1 0 0 1 0 0 1 0 0 1 0 0 1 0 0 1 0 0 1 0 0 1 0 0 1 0 0 1 0 0 1 0 0 1 0 0 1 0 0 1 0 0 1 0 0 1 0 0 1 0 0 1 0 0 1 -0.95 0.32 0 -0.83 0.55 0 -0.83 -0.55 0 -0.95 -0.32 0 -0.95 0.32 0 -0.83 0.55 0 -0.71 -0.71 0 -0.45 -0.89 0 -0.89 -0.45 0 -1 0 0 -1 0 0 -1 0 0 -1 0 0 -1 0 0 -0.71 -0.71 0 -0.71 -0.71 0 0 -1 0 0 -1 0 -0.71 -0.71 0 -0.45 -0.89 0 -0.71 -0.71 0 -1 0 0 -1 0 0 -1 0 0 -1 0 0 -0.89 -0.45 0 -0.45 -0.89 0 0 -1 0 0 -1 0 -0.89 -0.45 0 -0.83 -0.55 0 -0.89 -0.45 0 -0.89 -0.45 0 -0.95 -0.32 0 -0.45 -0.89 0 0 -1 0 0 -1 0 0 -1 0 -0.32 -0.95 0 0 -1 0 -0.55 -0.83 0 -0.71 -0.71 0 -0.32 -0.95 0 -0.71 -0.71 0 0.32 -0.95 0 -0.89 -0.45 0 -0.89 -0.45 0 -0.45 -0.89 0 0 -1 0 0 -1 0 0 -1 0 0 -1 0 0.24 -0.97 0.06 -0.45 -0.89 0 0 -1 0 0 -1 0 0.32 -0.95 0 0 -1 0 0 -1 0 0 -1 0 0.45 -0.89 0 0.89 -0.45 0 1 0 0 0.89 -0.45 0 1 0 0 0.45 -0.89 0 0 -1 0 0 -1 0 0 -1 0 0 -1 0 0.45 -0.89 0 0.45 -0.89 0 0.83 -0.55 0 0.95 -0.32 0 0.89 -0.45 0 0.45 -0.89 0 0.32 -0.95 0 1 0 0 1 0 0 0.55 -0.83 -0.07 0.45 -0.89 0 0.71 -0.71 0 0.89 -0.45 0 0.98 0.2 0.05 0.95 -0.32 0 0.71 -0.71 0 0.97 0.24 0.06 0.71 -0.71 0 0.89 -0.45 0 0.89 -0.45 0 1 0 0 1 0 0 0.7 0.7 0.09 0.7 0.7 0.09 0.89 0.45 0 1 0 0 0.97 0.24 0.06 -0.45 0.89 0 -0.45 0.89 0 0 1 0 0.45 0.89 0 0 1 0 -0.45 0.89 0 -0.45 0.89 0 -0.55 0.83 0 -0.32 0.95 0 0.71 0.71 0 0.71 0.71 0 0.71 0.71 0 0.32 0.95 0 0.71 0.71 0 0.55 0.83 0 0.55 0.83 0 0 1 -0.08 -0.7 0.7 -0.09 0.45 0.89 0 0.83 0.55 0 0.45 0.89 0 0.45 0.89 0 0.45 0.89 0 0.89 0.45 0 0.89 0.45 0 0.89 0.45 0 0.32 0.95 0 0.55 0.83 0 0 1 0 0 1 0 0.71 0.71 0 0.71 0.71 0 1 0 0 1 0 0 0.71 0.71 0 1 0 0 0.71 0.71 0 0.71 0.71 0 0 1 0 0 1 0 0.89 0.45 0 -0.55 0.83 -0.07 0.95 0.32 0 0.89 0.45 0 1 0 0 0.71 0.71 0 0.95 0.32 0 0.83 0.55 0 0.95 -0.32 0 0.83 -0.55 0 0.95 -0.32 0 0.45 0.89 0 0.89 0.45 0 0.45 0.89 0 0.89 0.45 0 1 0 0 1 0 0 0.89 -0.45 0 0.45 -0.89 0 0.45 -0.89 0 0.89 -0.45 0 1 0 0 1 0 0 1 0 0 0.83 -0.55 -0.07 0.71 -0.71 0 0.55 -0.83 0 0 -1 0 0 -1 0 0.55 -0.83 0 -0.7 -0.7 -0.09 0.55 -0.83 0.07 0.71 -0.71 0 -0.45 -0.89 0 0 -1 0 0 -1 0 0.45 -0.89 0 0.45 -0.89 0 0 -1 0 0 -1 0 -0.89 -0.45 0 -0.89 -0.45 0 -0.45 -0.89 0 -1 0 0 -0.71 -0.71 0 -0.83 0.55 0 -0.95 0.32 0 -0.83 -0.55 0 -0.95 -0.32 0 -0.71 0.71 0 -0.89 0.45 0 -0.71 0.71 0 -0.89 0.45 0 -1 0 0 -1 0 0 -1 0 0 -1 0 0 -0.71 0.71 0 -0.71 0.71 0 -0.55 0.83 -0.07 -0.71 0.71 0 -0.7 0.7 -0.09 -0.83 0.55 -0.07 -0.71 0.71 0 -1 0 0 -1 0 0 -0.89 0.45 0 -0.89 0.45 0 -0.45 0.89 0 0 1 0 0 1 0 -0.45 0.89 0 -0.45 0.89 0 -0.97 0.24 -0.06 -0.71 0.71 0 -1 0 0 0 1 0 0 1 0 0 1 0 0 1 0 0 1 0 -0.32 0.95 -0.08 -0.7 0.7 -0.09 0.89 0.45 0.06 -0.55 0.83 0 -0.32 0.95 0 0 1 0 0 1 0 0.71 0.71 0 0.71 0.71 0 0.45 0.89 0 0.89 0.45 0 -0.71 0.71 0 0.89 0.45 0 0.45 0.89 0 0.45 0.89 0 0.89 0.45 0 0 1 0 0 1 0 0.45 0.89 0 0.45 0.89 0 0.89 0.45 0 0.89 0.45 0 0.95 0.32 0 0.71 0.71 0 0.71 0.71 0 0.89 0.45 0 0.45 0.89 0 0.7 -0.7 -0.09 0.89 -0.45 0 0.45 -0.89 0 0.45 -0.89 0 0.45 -0.89 0 1 0 0 1 0 0 0.83 -0.55 0 0.89 -0.45 0 0.95 -0.32 0 0.45 -0.89 0 0 -1 0 -0.24 -0.97 -0.06 -0.7 -0.7 -0.09 0.7 -0.7 0.09 -0.71 -0.71 0 -0.71 -0.71 0 -0.71 -0.71 0 -0.71 -0.71 0 -0.45 -0.89 0 -0.89 -0.45 0 -1 0 0 -1 0 0 -0.89 0.45 0 -0.89 0.45 0 -0.83 -0.55 0 -0.89 -0.45 0 -0.95 -0.32 0 -0.89 -0.45 0 -0.89 0.45 0 -0.89 0.45 0 -0.83 0.55 -0.07 -0.89 0.45 0 -0.71 0.71 0 -0.7 0.7 -0.09 -0.89 0.45 0 -0.97 0.24 -0.06 -0.45 0.89 0 -1 0 0 0 1 0 0 1 0 0 1 0 0 1 0 -0.71 0.71 0 0 0 1 0 0 1 0 0 1 0 0 1 0 0 1 0 0 1 0 0 1 0 0 1 0 0 1 0 0 1 0 0 1 0 0 1 0 0 1 0 0 1 0 0 1 0 0 1 0 0 1 0 0 1 0 0 1 0 0 1 0 0 1 0 0 1 0 0 1 0 0 1 0 0 1 0 0 1 0 0 1 0 0 1 0 0 1 0 0 1 0 0 1 0 0 1 0 0 1 0 0 1 0 0 1 0 0 1 0 0 1 0 0 1 0 0 1 0 0 1 0 0 1 0 0 -1 0 0 -1 0 0 -1 0 0 -1 0 0 -1 0 0 -1 0 0 -1 0 0 -1 0 0 -1 0 0 -1 0 0 -1 0 0 -1 0 0 -1 0 0 -1 0 0 -1 0 0 -1 0 0 -1 0 0 -1 0 0 -1 0 0 -1 0 0 -1 0 0 -1 0 0 -1 0 0 -1 0 0 -1 0 0 -1 0 0 -1 0 0 -1 0 0 -1 0 0 -1 0 0 -1 0 0 -1 0 0 -1 0 0 -1 0 0 -1 0 0 -1 0.36 -0.93 0 0.5 -0.86 0 0.27 -0.96 0 -0.15 -0.99 0 0.08 -1 0 -0.27 -0.96 0 -0.59 -0.81 0 -0.42 -0.91 0 -0.71 -0.71 0 -0.92 -0.38 0 -0.86 -0.5 0 -0.95 -0.32 0 -1 0.07 0 -1 -0.07 0 -0.99 0.13 0 -0.77 0.63 0 -0.88 0.47 0 -0.74 0.67 0 -0.34 0.94 0 -0.47 0.88 0 -0.29 0.96 0 0.14 0.99 0 -0.07 1 0 0.29 0.96 0 0.55 0.83 0 0.45 0.89 0 0.64 0.77 0 0.92 0.38 0 0.83 0.55 0 0.95 0.32 0 0.99 -0.13 0 1 0.07 0 0.97 -0.26 0 0.81 -0.59 0 0.91 -0.42 0 0.71 -0.71 0 0.92 -0.39 0 0.99 0.15 0 0.77 0.64 0 0.45 0.89 0 -0.15 0.99 0 -0.59 0.81 0 -0.94 0.34 0 -0.99 -0.15 0 -0.83 -0.55 0 -0.39 -0.92 0 0.14 -0.99 0 0.55 -0.83 0 -0.94 -0.33 0 -1 0.06 0 -0.87 -0.49 0 -0.71 -0.71 0 -0.62 -0.79 0 -0.3 -0.95 0 -0.06 -1 0 0.28 -0.96 0 0.4 -0.92 0 0.68 -0.73 0 0.81 -0.59 0 0.96 -0.27 0 1 -0.06 0 0.96 0.28 0 0.92 0.4 0 0.73 0.68 0 0.59 0.81 0 0.27 0.96 0 0.06 1 0 -0.28 0.96 0 -0.4 0.92 0 -0.68 0.73 0 -0.81 0.59 0 -0.96 0.27 0 -0.57 0.29 -0.77 0 0 -1 -0.51 0.12 -0.86 0 0 -1 -0.43 -0.03 -0.9 0 0 -1 -0.43 -0.14 -0.89 0 0 -1 -0.35 -0.22 -0.91 0 0 -1 -0.29 -0.32 -0.9 -0.19 -0.39 -0.9 0 0 -1 -0.13 -0.43 -0.89 0 0 -1 0.03 -0.43 -0.9 0 0 -1 0.11 -0.4 -0.91 0 0 -1 0.22 -0.35 -0.91 0 0 -1 0.49 -0.35 -0.8 0 0 -1 0.4 -0.26 -0.88 0 0 -1 0.58 -0.13 -0.8 0 0 -1 0.68 0.05 -0.73 0 0 -1 0.56 0.17 -0.81 0 0 -1 0.49 0.31 -0.81 0 0 -1 0.35 0.39 -0.85 0 0 -1 0.22 0.44 -0.87 0 0 -1 0.13 0.58 -0.8 0 0 -1 0 0.54 -0.84 0 0 -1 -0.14 0.43 -0.89 0 0 -1 -0.31 0.43 -0.85 0 0 -1 -0.37 0.37 -0.85 -0.63 0.54 -0.57 -0.73 0.36 -0.58 0.63 -0.54 -0.57 0.57 -0.69 -0.44 0.61 -0.75 -0.25 -0.81 0.14 -0.58 -0.9 -0.1 -0.43 -0.85 -0.32 -0.42 -0.75 -0.49 -0.45 -0.54 -0.63 -0.57 -0.36 -0.78 -0.51 -0.2 -0.88 -0.43 0.1 -0.88 -0.46 0.29 -0.86 -0.42 0.74 -0.37 -0.56 0.94 -0.13 -0.32 0.88 0.09 -0.47 0.85 0.32 -0.42 0.74 0.48 -0.48 0.56 0.68 -0.47 0.37 0.88 -0.29 0.19 0.87 -0.45 -0.03 0.83 -0.55 -0.4 0.87 -0.29 -0.5 0.71 -0.5 -0.61 0.44 -0.66 -0.67 0.31 -0.67 -1 0.07 0 -0.99 -0.15 0 -0.92 -0.38 0 -0.83 -0.55 0 -0.59 -0.81 0 -0.39 -0.92 0 -0.15 -0.99 0 0.14 -0.99 0 0.36 -0.93 0 0.53 -0.48 -0.69 0.89 -0.32 -0.32 0.7 -0.09 -0.7 0.7 0.11 -0.7 0.68 0.28 -0.68 0.71 0.53 -0.47 0.55 0.83 0 0.37 0.88 -0.29 0.18 0.83 -0.53 -0.15 0.99 0 -0.38 0.82 -0.44 -0.36 0.54 -0.76 0 0 -1 -0.34 0.45 0.83 -0.45 0.37 0.82 -0.34 0.31 0.89 -0.17 0.51 0.85 -0.03 0.46 0.89 -0.25 0.55 0.8 0.14 0.65 0.75 -0.06 0.82 0.57 0.25 0.45 0.86 0.25 0.32 0.91 0.24 0.58 0.78 0.57 0.4 0.72 0.52 0.72 0.46 0.64 0.23 0.74 0.68 0.05 0.73 0.63 -0.12 0.77 0.68 0.1 0.73 0.39 -0.21 0.89 0.44 -0.33 0.83 0.58 -0.27 0.76 0.25 -0.39 0.89 0.12 -0.41 0.91 0.39 -0.48 0.78 0.03 -0.43 0.9 0.25 -0.66 0.71 -0.13 -0.51 0.85 0.1 -0.73 0.68 -0.26 -0.42 0.87 -0.1 -0.65 0.75 -0.21 -0.26 0.94 -0.25 -0.57 0.78 -0.32 -0.22 0.92 -0.38 -0.52 0.76 -0.44 -0.14 0.89 -0.64 -0.43 0.64 -0.43 -0.03 0.9 -0.68 -0.28 0.68 -0.43 0.07 0.9 -0.68 -0.1 0.73 -0.55 0.28 0.78 -0.84 0.12 0.54 -0.52 0.52 0.68 -0.41 0.62 0.67 -0.29 0.96 0 0 0.94 0.34 0.19 0.81 0.56 0.45 0.89 0 0.65 0.71 0.26 0.64 0.43 0.64 0.69 0.23 0.69 0.71 0.05 0.71 0.82 -0.16 0.55 0.79 -0.46 0.4 0.57 -0.47 0.67 0.5 -0.86 0 0.27 -0.96 0 0.08 -1 0 -0.27 -0.96 0 -0.42 -0.91 0 -0.71 -0.71 0 -0.86 -0.5 0 -0.95 -0.32 0 -1 -0.07 0 -0.9 0.19 0.39 -0.63 0.29 0.72 -0.48 0.43 0.77 -0.67 0.31 0.67 -0.71 0.05 0.71 -0.68 -0.1 0.73 -0.63 -0.26 0.73 -0.43 -0.38 0.82 -0.46 -0.57 0.68 -0.46 -0.84 0.3 -0.06 -0.71 0.71 0.1 -0.68 0.73 0.23 -0.56 0.79 0.36 -0.45 0.81 0.52 -0.36 0.78 0.66 -0.36 0.66 0.7 -0.12 0.7 0.68 0.1 0.73 0.56 0.23 0.79 0.45 0.36 0.81 0.36 0.52 0.78 0.36 0.66 0.66 0.1 0.7 0.7 -0.11 0.7 0.7 -0.28 0.62 0.73 -0.38 0.43 0.82 0 0 -1 0 0 -1 0 0 -1 0 0 -1 0 0 -1 0 0 -1 0 0 -1 0 0 -1 0 0 -1 0 0 -1 0 0 -1 0 0 -1 0 0 -1 0 0 -1 0 0 -1 0 0 -1 0 0 -1 0 0 -1 0 0 -1 0 0 -1 0 0 -1 0 0 -1 0 0 -1 0 0 -1 -0.78 0.62 0 -0.95 0.3 0 -0.69 0.73 0 -1 0.09 0 -0.96 -0.29 0 -0.89 -0.45 0 -0.73 -0.69 0 -0.62 -0.78 0 -0.29 -0.96 0 -0.08 -1 0 0.28 -0.96 0 0.46 -0.89 0 0.73 -0.69 0 0.81 -0.59 0 0.96 -0.29 0 1 -0.08 0 0.96 0.28 0 0.89 0.46 0 0.69 0.73 0 0.59 0.81 0 0.3 0.95 0 0.09 1 0 -0.29 0.96 0 -0.45 0.89 0 0 0 1 0 0 1 0 0 1 0 0 1 0 0 1 0 0 1 0 0 1 0 0 1 0 0 1 0 0 1 0 0 1 0 0 1 0 0 1 0 0 1 0 0 1 0 0 1 0 0 1 0 0 1 0 0 1 0 0 1 0 0 1 0 0 1 0 0 1 0 0 1 1 -0.05 0 0.96 0.29 0 0.9 0.43 0 0.71 0.71 0 0.55 0.83 0 0.23 0.97 0 0.05 1 0 -0.29 0.96 0 -0.43 0.9 0 -0.71 0.71 0 -0.83 0.55 0 -0.97 0.23 0 -1 0.05 0 -0.96 -0.29 0 -0.9 -0.43 0 -0.73 -0.68 0 -0.6 -0.8 0 -0.24 -0.97 0 -0.05 -1 0 0.26 -0.96 0 0.41 -0.91 0 0.71 -0.71 0 0.83 -0.55 0 0.97 -0.23 0 0 0 1 0 0 1 0 0 1 0 0 1 0 0 1 0 0 1 0 0 1 0 0 1 0 0 1 0 0 1 0 0 1 0 0 1 0 0 1 0 0 1 0 0 1 0 0 1 0 0 1 0 0 1 0 0 1 0 0 1 0 0 1 0 0 1 0 0 1 0 0 1 0 0 1 0 0 1 0 0 1 0 0 1 0 0 1 0 0 1 0 0 1 0 0 1 0 0 1 0 0 1 0 0 1 0 0 1 0 0 -1 0 0 -1 0 0 -1 0 0 -1 0 0 -1 0 0 -1 0 0 -1 0 0 -1 0 0 -1 0 0 -1 0 0 -1 0 0 -1 0 0 -1 0 0 -1 0 0 -1 0 0 -1 0 0 -1 0 0 -1 0 0 -1 0 0 -1 0 0 -1 0 0 -1 0 0 -1 0 0 -1 0 0 -1 0 0 -1 0 0 -1 0 0 -1 0 0 -1 0 0 -1 0 0 -1 0 0 -1 0 0 -1 0 0 -1 0 0 -1 0 0 -1 0.36 -0.93 0 0.54 -0.84 0 0.27 -0.96 0 -0.08 -1 0 0.08 -1 0 -0.14 -0.99 0 -0.59 -0.81 0 -0.36 -0.93 0 -0.71 -0.71 0 -0.89 -0.45 0 -0.86 -0.5 0 -0.89 -0.45 0 -0.99 0.13 0 -0.99 -0.14 0 -0.97 0.26 0 -0.81 0.59 0 -0.91 0.42 0 -0.71 0.71 0 -0.38 0.92 0 -0.5 0.86 0 -0.32 0.95 0 0.07 1 0 -0.07 1 0 0.15 0.99 0 0.55 0.83 0 0.38 0.92 0 0.64 0.77 0 0.92 0.38 0 0.83 0.55 0 0.95 0.32 0 1 -0.07 0 1 0.07 0 0.99 -0.13 0 0.77 -0.63 0 0.88 -0.47 0 0.74 -0.67 0 0.94 -0.34 0 0.99 0.15 0 0.77 0.64 0 0.32 0.95 0 -0.15 0.99 0 -0.55 0.83 0 -0.92 0.39 0 -0.96 -0.29 0 -0.83 -0.55 0 -0.27 -0.96 0 0.14 -0.99 0 0.62 -0.78 0 -0.96 -0.28 0 -1 0 0 -0.92 -0.4 0 -0.71 -0.71 0 -0.51 -0.86 0 -0.22 -0.98 0 -0.11 -0.99 0 0.23 -0.97 0 0.45 -0.89 0 0.73 -0.68 0 0.82 -0.57 0 0.96 -0.27 0 1 -0.06 0 0.94 0.33 0 0.87 0.49 0 0.65 0.76 0 0.49 0.87 0 0.22 0.98 0 0.11 0.99 0 -0.23 0.97 0 -0.45 0.89 0 -0.76 0.65 0 -0.87 0.49 0 -0.99 0.16 0 -0.44 0.22 -0.87 0 0 -1 -0.6 0.14 -0.79 0 0 -1 -0.75 -0.11 -0.65 0 0 -1 -0.52 -0.22 -0.83 0 0 -1 -0.39 -0.25 -0.89 0 0 -1 -0.35 -0.44 -0.83 0 0 -1 -0.21 -0.41 -0.89 0 0 -1 -0.07 -0.45 -0.89 0 0 -1 0.03 -0.43 -0.9 0 0 -1 0.11 -0.4 -0.91 0 0 -1 0.22 -0.35 -0.91 0 0 -1 0.49 -0.35 -0.8 0 0 -1 0.5 -0.25 -0.83 0 0 -1 0.45 -0.07 -0.89 0 0 -1 0.43 0.03 -0.9 0 0 -1 0.38 0.13 -0.92 0 0 -1 0.35 0.22 -0.91 0 0 -1 0.35 0.49 -0.8 0 0 -1 0.25 0.5 -0.83 0 0 -1 0.07 0.43 -0.9 0 0 -1 -0.03 0.46 -0.89 0 0 -1 -0.14 0.43 -0.89 0 0 -1 -0.22 0.35 -0.91 0 0 -1 -0.37 0.3 -0.88 -0.67 0.52 -0.52 -0.83 0.34 -0.45 0.76 -0.56 -0.33 0.65 -0.73 -0.22 0.61 -0.75 -0.25 -0.92 0.13 -0.36 -0.83 -0.12 -0.55 -0.79 -0.33 -0.52 -0.76 -0.54 -0.36 -0.54 -0.63 -0.57 -0.31 -0.74 -0.6 -0.1 -0.9 -0.43 0.1 -0.88 -0.46 0.29 -0.86 -0.42 0.73 -0.36 -0.58 0.88 -0.09 -0.47 0.9 0.1 -0.43 0.85 0.32 -0.42 0.75 0.61 -0.25 0.56 0.74 -0.37 0.36 0.78 -0.52 0.1 0.88 -0.46 -0.1 0.9 -0.43 -0.32 0.85 -0.42 -0.55 0.75 -0.36 -0.7 0.51 -0.51 -0.81 0.31 -0.5 -0.7 0.09 -0.7 -0.81 -0.19 -0.56 -0.89 -0.45 0 -0.79 -0.57 -0.22 -0.57 -0.69 -0.44 -0.27 -0.96 0 -0.08 -1 0 0.14 -0.99 0 0.36 -0.93 0 0.65 -0.53 -0.53 0.9 -0.35 -0.28 1 -0.07 0 0.99 0.15 0 0.92 0.38 0 0.71 0.65 -0.26 0.53 0.71 -0.47 0.32 0.95 0 0.07 1 0 -0.15 0.99 0 -0.38 0.92 0 -0.58 0.77 -0.26 0 0 -1 -0.3 0.37 0.88 -0.67 0.5 0.55 -0.35 0.22 0.91 -0.18 0.44 0.88 -0.51 0.72 0.48 -0.07 0.43 0.9 -0.32 0.85 0.42 0.03 0.46 0.89 -0.1 0.88 0.46 0.14 0.43 0.89 0.1 0.9 0.43 0.31 0.43 0.85 0.4 0.87 0.29 0.35 0.32 0.88 0.55 0.75 0.36 0.39 0.16 0.91 0.68 0.56 0.47 0.43 0.07 0.9 0.85 0.32 0.42 0.46 -0.03 0.89 0.88 0.1 0.46 0.43 -0.14 0.89 0.9 -0.1 0.43 0.43 -0.31 0.85 0.84 -0.37 0.4 0.32 -0.35 0.88 0.73 -0.57 0.38 0.16 -0.4 0.9 0.56 -0.69 0.46 0.07 -0.46 0.89 0.28 -0.85 0.44 -0.04 -0.45 0.89 0.1 -0.9 0.43 -0.13 -0.42 0.9 -0.1 -0.88 0.47 -0.29 -0.4 0.87 -0.34 -0.82 0.46 -0.36 -0.28 0.89 -0.54 -0.67 0.51 -0.48 -0.24 0.84 -0.73 -0.5 0.47 -0.56 -0.13 0.82 -0.88 -0.37 0.29 -0.73 0.1 0.68 -0.94 -0.14 0.31 -0.49 0.2 0.85 -0.83 0.12 0.55 -0.75 0.3 0.6 -0.69 0.62 0.37 -0.5 0.86 0 -0.32 0.95 0 -0.07 1 0 0.15 0.99 0 0.43 0.86 0.29 0.53 0.71 0.47 0.83 0.55 0 0.95 0.32 0 1 0.07 0 0.99 -0.14 0.07 0.8 -0.43 0.43 0.71 -0.58 0.39 0.54 -0.84 0 0.27 -0.96 0 0.08 -1 0 -0.14 -0.99 0 -0.4 -0.87 0.27 -0.59 -0.66 0.46 -0.86 -0.5 0 -0.88 -0.37 0.29 -0.7 -0.1 0.7 -0.78 0.17 0.61 -0.84 0.39 0.39 0 0 1 0 0 1 0 0 1 0 0 1 0 0 1 0 0 1 0 0 1 0 0 1 0 0 1 0 0 1 0 0 1 0 0 1 0 0 1 0 0 1 0 0 1 0 0 1 0 0 1 0 0 1 0 0 1 0 0 1 0 0 1 0 0 1 0 0 1 0 0 1 0 0 -1 0 0 -1 0 0 -1 0 0 -1 0 0 -1 0 0 -1 0 0 -1 0 0 -1 0 0 -1 0 0 -1 0 0 -1 0 0 -1 0 0 -1 0 0 -1 0 0 -1 0 0 -1 0 0 -1 0 0 -1 0 0 -1 0 0 -1 0 0 -1 0 0 -1 0 0 -1 0 0 -1 -0.83 0.56 0 -0.98 0.22 0 -0.71 0.71 0 -1 0.04 0 -0.96 -0.29 0 -0.89 -0.45 0 -0.71 -0.71 0 -0.56 -0.83 0 -0.21 -0.98 0 -0.04 -1 0 0.28 -0.96 0 0.46 -0.89 0 0.73 -0.69 0 0.81 -0.59 0 0.95 -0.3 0 1 -0.09 0 0.96 0.29 0 0.89 0.45 0 0.69 0.73 0 0.53 0.85 0 0.2 0.98 0 0.04 1 0 -0.29 0.96 0 -0.45 0.89 0 0 0 1 0 0 1 0 0 1 0 0 1 0 0 1 0 0 1 0 0 1 0 0 1 0 0 1 0 0 1 0 0 1 0 0 1 0 0 1 0 0 1 0 0 1 0 0 1 0 0 1 0 0 1 0 0 1 0 0 1 0 0 1 0 0 1 0 0 1 0 0 1 1 -0.05 0 0.96 0.29 0 0.9 0.43 0 0.68 0.73 0 0.49 0.87 0 0.19 0.98 0 0.09 1 0 -0.24 0.97 0 -0.47 0.88 0 -0.75 0.66 0 -0.85 0.53 0 -0.97 0.23 0 -1 0.05 0 -0.94 -0.35 0 -0.84 -0.54 0 -0.63 -0.78 0 -0.54 -0.84 0 -0.24 -0.97 0 -0.05 -1 0 0.27 -0.96 0 0.45 -0.89 0 0.76 -0.65 0 0.85 -0.52 0 0.97 -0.23 0 0.86 0.51 0 0.71 0.71 0 0.63 0.77 0 0.9 0.43 0 0.97 0.24 0 0.99 0.17 0 0.46 0.89 0 0.33 0.94 0 -0.06 1 0 -0.33 0.94 0 -0.46 0.89 0 -0.7 0.72 0 -0.8 0.6 0 -0.93 0.36 0 -0.97 0.25 0 -1 -0.02 0 -0.99 -0.16 0 1 -0.02 0 0.9 -0.43 0 0.99 -0.16 0 0.63 -0.77 0 0.83 -0.56 0 0.28 -0.96 0 0.52 -0.86 0 -0.14 -0.99 0 0.14 -0.99 0 -0.52 -0.86 0 -0.28 -0.96 0 -0.9 -0.43 0 -0.83 -0.56 0 -0.63 -0.77 0 0.06 1 0 0 0 1 0 0 1 0 0 1 0 0 1 0 0 1 0 0 1 0 0 1 0 0 1 0 0 1 0 0 1 0 0 1 0 0 1 0 0 1 0 0 1 0 0 1 0 0 1 0 0 1 0 0 1 0 0 1 0 0 1 0 0 1 0 0 1 0 0 1 0 0 1 0 0 1 0 0 1 0 0 1 0 0 1 0 0 1 0 0 1 0 0 1 0 0 1 0 0 1 0 0 1 0 0 1 0 0 1 0 0 1 0 0 1 0 0 1 0 0 1 0 0 1 0 0 1 0 0 1 0 0 1 0 0 1 0 0 1 0 0 1 0 0 1 0 0 1 0 0 1 0 0 1 0 0 1 0 0 1 0 0 1 0 0 1 0 0 1 0 0 1 0 0 1 0 0 1 0 0 1 0 0 1 0 0 1 0 0 1 0 0 1 0 0 1 0 0 1 0 0 1 0 0 1 0 0 1 0 0 1 0 0 1 0 0 1 0 0 1 0 0 1 0 0 1 0 0 1 0 0 1 0 0 1 0 0 1 0 0 1 0 0 1 0 0 1 0 0 1 0 0 1 0 0 1 0 0 1 0 0 1 0 0 1 0 0 1 0 0 1 0 0 1 0 0 1 0 0 1 0 0 1 0 0 1 0 0 1 0 0 1 0 0 1 0 0 1 0 0 1 0 0 1 0 0 1 0 0 1 0 0 1 0 0 1 0 0 1 0 0 1 0 0 1 0 0 1 0 0 1 0 0 1 0 0 1 0 0 1 0 0 1 0 0 1 0 0 1 0 0 1 0 0 1 0 0 1 0 0 1 0 0 1 0 0 1 0 0 1 0 0 1 0 0 1 0 0 1 0 0 1 0 0 1 0 0 -1 0 0 -1 0 0 -1 0 0 -1 0 0 -1 0 0 -1 0 0 -1 0 0 -1 0 0 -1 0 0 -1 0 0 -1 0 0 -1 0 0 -1 0 0 -1 0 0 -1 0 0 -1 0 0 -1 0 0 -1 0 0 -1 0 0 -1 0 0 -1 0 0 -1 0 0 -1 0 0 -1 0 0 -1 0 0 -1 0 0 -1 0 0 -1 0 0 -1 0 0 -1 0 0 -1 0 0 -1 0 0 -1 0 0 -1 0 0 -1 0 0 -1 0 0 -1 0 0 -1 0 0 -1 0 0 -1 0 0 -1 0 0 -1 0 0 -1 0 0 -1 0 0 -1 0 0 -1 0 0 -1 0 0 -1 0 0 -1 0 0 -1 0 0 -1 0 0 -1 0 0 -1 0 0 -1 0 0 -1 0 0 -1 0 0 -1 0 0 -1 0 0 -1 0 0 -1 0 0 -1 0 0 -1 0 0 -1 0 0 -1 0 0 -1 0 0 -1 0 0 -1 0 0 -1 0 0 -1 0 0 -1 0 0 -1 0 0 -1 0 0 -1 0 0 -1 0 0 -1 0 0 -1 0 0 -1 0 0 -1 0 0 -1 0 0 -1 0 0 -1 0 0 -1 0 0 -1 0 0 -1 0 0 -1 0 0 -1 0 0 -1 0 0 -1 0 0 -1 0 0 -1 0 0 -1 0 0 -1 0 0 -1 0 0 -1 0 0 -1 0 0 -1 0 0 -1 0 0 -1 0 0 -1 0 0 -1 0 0 -1 0 0 -1 0 0 -1 0 0 -1 0 0 -1 0 0 -1 0 0 -1 0 0 -1 0 0 -1 0 0 -1 0 0 -1 0 0 -1 0 0 -1 0 0 -1 0 0 -1 0 0 -1 0 0 -1 0 0 -1 0 0 -1 0 0 -1 0 0 -1 0 0 -1 0 0 -1 0 0 -1 0 0 -1 0 0 -1 -0.73 -0.49 0.49 -0.46 -0.76 0.46 -0.81 -0.46 0.35 -0.27 -0.8 0.53 -0.12 -0.81 0.58 0 -0.81 0.58 0.49 -0.81 0.32 0.57 -0.71 0.42 0.57 -0.46 0.68 0.67 -0.33 0.67 0.92 0 0.39 0.95 0.14 0.27 0.81 0.32 0.49 0.65 0.39 0.65 0.49 0.62 0.62 0.38 0.77 0.51 0 0.95 0.32 -0.13 0.91 0.39 -0.21 0.74 0.64 -0.33 0.67 0.67 -0.71 0.57 0.42 -0.89 0.45 0 -0.99 0.16 0 -0.98 -0.14 0.14 -0.83 -0.55 0 -0.99 -0.16 0 -0.77 -0.64 0 -0.99 0.16 0 -0.78 0.62 0 -0.62 0.78 0 -0.45 0.89 0 -0.45 0.89 0 -0.16 0.99 0 0.16 0.99 0 0.51 0.86 0 0 -1 0 -0.32 -0.95 0 0 -1 0 0.6 0.8 0 0.8 0.6 0 0.37 -0.93 0 0.71 -0.71 0 0.89 -0.45 0 0.89 -0.45 0 0.99 -0.16 0 0.99 0.16 0 0.86 0.51 0 -0.55 -0.83 0 0 0 -1 0 0 -1 0 0 -1 0 0 -1 0 0 -1 0 0 -1 0 0 -1 0 0 -1 0 0 -1 0 0 -1 0 0 -1 0 0 -1 0 0 -1 0 0 -1 0 0 -1 0 0 -1 0 0 -1 0 0 -1 0 0 -1 -0.45 -0.89 0 -0.62 -0.78 0 -0.45 -0.89 0 -0.16 -0.99 0 0.16 -0.99 0 0.45 -0.89 0 0.45 -0.89 0 -0.82 -0.41 0.41 0.71 -0.71 0 0.81 -0.49 0.32 0.81 -0.12 0.58 0.85 0 0.53 0.86 0.37 0.37 0.71 0.71 0 0.45 0.89 0 0.45 0.89 0 0.16 0.99 0 -0.16 0.99 0 -0.45 0.89 0 -0.45 0.89 0 -0.71 0.71 0 -0.86 0.43 0.29 -0.84 0.11 0.53 -0.85 0 0.53 -0.16 -0.99 0 -0.45 -0.89 0 0.16 -0.99 0 0.78 0.62 0 0.45 0.89 0 0.96 0.27 0 0.45 0.89 0 0.16 0.99 0 -0.16 0.99 0 -0.45 0.89 0 -0.45 0.89 0 -0.71 0.71 0 -0.93 0.37 0 -1 0 0 -1 0 0 -0.96 -0.27 0 -0.78 -0.62 0 -0.45 -0.89 0 0.45 -0.89 0 0.45 -0.89 0 0.71 -0.71 0 0.93 -0.37 0 1 0 0 1 0 0 0 0 -1 0 0 -1 0 0 -1 0 0 -1 0 0 -1 0 0 -1 0 0 -1 0 0 -1 0.78 0.62 0 0.45 0.89 0 0.96 0.27 0 0.45 0.89 0 0.16 0.99 0 -0.16 0.99 0 -0.45 0.89 0 -0.45 0.89 0 -0.71 0.71 0 -0.93 0.37 0 -1 0 0 -1 0 0 -0.96 -0.27 0 -0.78 -0.62 0 -0.45 -0.89 0 -0.45 -0.89 0 -0.16 -0.99 0 0.45 -0.89 0 0.71 -0.71 0 0.45 -0.89 0 0.93 -0.37 0 1 0 0 1 0 0 0.16 -0.99 0 0.62 0.78 0 0.45 0.89 0 0.78 0.62 0 0.45 0.89 0 0.16 0.99 0 -0.16 0.99 0 -0.51 0.86 0 -0.6 0.8 0 -0.8 0.6 0 -0.86 0.51 0 -0.99 0.16 0 -0.99 -0.16 0 -0.89 -0.45 0 -0.89 -0.45 0 -0.71 -0.71 0 -0.37 -0.93 0 0 -1 0 0 -1 0 0.32 -0.95 0 0.55 -0.83 0 0.77 -0.64 0 0.83 -0.55 0 0.99 -0.16 0 0.99 0.16 0 0.55 0.83 0 0.77 0.64 0 0.32 0.95 0 0 1 0 0 1 0 -0.37 0.93 0 -0.71 0.71 0 -0.89 0.45 0 -0.89 0.45 0 -0.99 0.16 0 -0.99 -0.16 0 -0.86 -0.51 0 -0.8 -0.6 0 -0.6 -0.8 0 -0.51 -0.86 0 -0.16 -0.99 0 0.16 -0.99 0 0.45 -0.89 0 0.45 -0.89 0 0.62 -0.78 0 0.78 -0.62 0 0.99 -0.16 0 0.99 0.16 0 0.83 0.55 0 0.16 -0.99 0 0.51 -0.86 0 -0.16 -0.99 0 0.6 -0.8 0 0.8 -0.6 0 0.86 -0.51 0 0.99 -0.16 0 0.99 0.16 0 0.89 0.45 0 0.89 0.45 0 -0.45 -0.89 0 -0.45 -0.89 0 -0.62 -0.78 0 -0.78 -0.62 0 -0.99 -0.16 0 -0.99 0.16 0 -0.83 0.55 0 -0.32 0.95 0 0 1 0 -0.55 0.83 0 0 1 0 0.37 0.93 0 0.71 0.71 0 -0.77 0.64 0 0.78 0.62 0 0.53 0.85 0 0.89 0.45 0 0.43 0.9 0 0.1 0.99 0 -0.1 1 0 -0.45 0.89 0 -0.62 0.78 0 -0.85 0.53 0 -0.9 0.43 0 -0.99 0.1 0 -1 -0.1 0 -0.89 -0.45 0 -0.78 -0.62 0 -0.53 -0.85 0 -0.43 -0.9 0 -0.1 -0.99 0 0.1 -1 0 0.45 -0.89 0 0.62 -0.78 0 0.85 -0.53 0 0.9 -0.43 0 0.99 -0.1 0 1 0.1 0 0 0 -1 0 0 -1 0 0 -1 0 0 -1 0 0 -1 0 0 -1 0 0 -1 0 0 -1 0 0 -1 0 0 -1 0 0 -1 0 0 -1 0 0 -1 0 0 -1 0 0 -1 0 0 -1 0 0 -1 0 0 -1 0 0 -1 0 0 -1 0 0 -1 0 0 -1 0 0 -1 0 0 -1 0.45 -0.89 0 0.09 -1 0 0.59 -0.81 0 0.81 0.59 0 0.59 0.81 0 0.89 0.45 0 0.45 0.89 0 0.09 1 0 -0.09 1 0 -0.45 0.89 0 -0.59 0.81 0 -0.81 0.59 0 -0.89 0.45 0 -1 0.09 0 -1 -0.09 0 -0.89 -0.45 0 -0.81 -0.59 0 -0.59 -0.81 0 -0.45 -0.89 0 -0.09 -1 0 0.81 -0.59 0 0.89 -0.45 0 1 -0.09 0 1 0.09 0 -0.46 -0.76 0.46 -0.67 -0.33 0.67 -0.3 -0.9 0.3 -0.14 -0.82 0.55 0 -0.81 0.58 0.33 -0.77 0.55 0.49 -0.73 0.49 0.66 -0.53 0.53 0.86 -0.43 0.29 0.98 -0.14 0.14 0.99 0.14 0 0.78 0.62 0 0.71 0.57 0.42 0.46 0.57 0.68 0.33 0.67 0.67 0 0.92 0.39 -0.14 0.95 0.27 -0.74 -0.21 0.64 -0.32 0.81 0.49 -0.39 0.65 0.65 -0.62 0.49 0.62 -0.77 0.38 0.51 -0.95 0 0.32 -0.91 -0.13 0.39 0.46 0.76 0.46 0.67 0.33 0.67 0.3 0.9 0.3 0.74 0.21 0.64 0.91 0.13 0.39 0.95 0 0.32 0.77 -0.38 0.51 0.62 -0.49 0.62 0.39 -0.65 0.65 -0.33 -0.67 0.67 0 -0.92 0.39 -0.46 -0.57 0.68 0.32 -0.81 0.49 0.14 -0.95 0.27 -0.71 -0.57 0.42 0.14 0.82 0.55 0 0.81 0.58 -0.33 0.77 0.55 -0.49 0.73 0.49 -0.66 0.53 0.53 -0.86 0.43 0.29 -0.98 0.14 0.14 -0.99 -0.14 0 -0.78 -0.62 0 0.21 -0.74 0.64 0.13 -0.91 0.39 0.33 -0.67 0.67 0.71 -0.57 0.42 0.89 -0.45 0 0.99 -0.16 0 0.98 0.14 0.14 0.81 0.46 0.35 0.73 0.49 0.49 0.46 0.76 0.46 0.27 0.8 0.53 0.12 0.81 0.58 0 0.81 0.58 -0.49 0.81 0.32 -0.57 0.71 0.42 -0.57 0.46 0.68 -0.67 0.33 0.67 -0.92 0 0.39 -0.95 -0.14 0.27 -0.81 -0.32 0.49 -0.65 -0.39 0.65 0 -0.95 0.32 -0.38 -0.77 0.51 -0.49 -0.62 0.62 0 0 -1 0 0 -1 0 0 -1 0 0 -1 0 0 -1 0 0 -1 0 0 -1 0 0 -1 0 0 -1 0 0 -1 0 0 -1 0 0 -1 0 0 -1 0 0 -1 0 0 -1 0 0 -1 0 0 -1 0 0 -1 0 0 -1 -0.16 -0.99 0 -0.45 -0.89 0 0.16 -0.99 0 0.45 -0.89 0 0.45 -0.89 0 0.71 -0.71 0 0.86 -0.43 0.29 0.84 -0.11 0.53 0.85 0 0.53 0.82 0.41 0.41 0.62 0.78 0 0.45 0.89 0 0.45 0.89 0 0.16 0.99 0 -0.16 0.99 0 -0.45 0.89 0 -0.45 0.89 0 -0.71 0.71 0 -0.81 0.49 0.32 -0.86 -0.37 0.37 -0.85 0 0.53 -0.71 -0.71 0 -0.81 0.12 0.58 -0.45 -0.89 0 0 0 -1 0 0 -1 0 0 -1 0 0 -1 0 0 -1 0 0 -1 0 0 -1 0 0 -1 0 0 -1 0 0 -1 0 0 -1 0 0 -1 0 0 -1 0 0 -1 0 0 -1 0 0 -1 0 0 -1 0 0 -1 0 0 -1 0 0 -1 0 0 -1 0 0 -1 0 0 -1 0 0 -1 0 0 -1 0 0 -1 0 0 -1 0 0 -1 0 0 -1 0 0 -1 0 0 -1 0 0 -1 0 0 -1 0 0 -1 0 0 -1 0 0 -1 0 0 -1 0 0 -1 0 0 -1 0 0 -1 0 0 -1 0 0 -1 0 0 -1 0 0 -1 0 0 -1 0 0 -1 -0.48 0.33 -0.81 -0.35 0.47 -0.81 -0.56 0.27 -0.78 -0.68 0.06 -0.73 -0.67 -0.06 -0.74 -0.56 -0.27 -0.78 -0.47 -0.35 -0.81 -0.33 -0.48 -0.81 -0.27 -0.56 -0.78 -0.06 -0.68 -0.73 0.06 -0.67 -0.74 0.27 -0.56 -0.78 0.35 -0.47 -0.81 0.48 -0.33 -0.81 0.56 -0.27 -0.78 0.68 -0.06 -0.73 0.67 0.06 -0.74 0.56 0.27 -0.78 -0.06 0.67 -0.74 -0.27 0.56 -0.78 0.06 0.68 -0.73 0.27 0.56 -0.78 0.33 0.48 -0.81 0.47 0.35 -0.81 -0.22 -0.89 0.4 0 -1 0 -0.09 -0.94 0.34 0.19 -0.86 0.47 0.15 -0.77 0.62 0.31 -0.76 0.57 0.49 -0.73 0.49 0.47 -0.75 0.47 0.67 -0.61 0.42 0.74 -0.43 0.52 0.69 -0.24 0.69 0.78 -0.12 0.61 0.7 -0.16 0.7 0.81 0.17 0.57 0.82 0.11 0.56 0.64 0.13 0.76 0.69 0.24 0.69 0.54 0.54 0.65 0.59 0.36 0.73 0.67 0.32 0.67 0.47 0.34 0.81 0.36 0.78 0.51 0.48 0.65 0.58 -0.67 -0.32 0.67 -0.7 -0.12 0.7 -0.71 -0.01 0.71 -0.7 0.15 0.7 -0.72 0.27 0.64 -0.51 0.5 0.7 -0.68 0.37 0.63 -0.38 0.44 0.82 -0.32 0.6 0.74 -0.24 0.69 0.69 -0.11 0.7 0.7 0 0.86 0.51 0.16 0.87 0.46 0.33 0.67 0.67 -0.25 -0.68 0.68 -0.42 -0.71 0.57 -0.53 -0.65 0.53 -0.64 -0.43 0.64 0.51 0.41 -0.75 0.59 0.36 -0.73 0.67 0.33 -0.67 0.51 0.71 -0.48 0.53 0.59 -0.61 0.42 0.47 -0.78 0.28 0.77 -0.58 0.04 0.71 -0.71 0.17 0.7 -0.7 -0.24 0.69 -0.69 -0.04 0.71 -0.71 -0.44 0.46 -0.77 -0.32 0.6 -0.74 -0.63 0.25 -0.74 -0.5 0.38 -0.78 -0.71 -0.01 -0.71 -0.7 0.18 -0.7 -0.67 -0.32 -0.67 -0.7 -0.12 -0.7 -0.53 -0.66 -0.53 -0.64 -0.43 -0.64 -0.31 -0.76 -0.57 -0.42 -0.71 -0.57 0.12 -0.86 -0.49 0.23 -0.88 -0.42 0 -1 0 -0.17 -0.89 -0.43 -0.1 -0.91 -0.4 0.42 -0.71 -0.57 0.25 -0.68 -0.68 0.6 -0.52 -0.6 0.53 -0.65 -0.53 0.82 -0.26 -0.51 0.86 -0.07 -0.5 0.77 -0.43 -0.48 0.84 0.11 -0.53 0.71 -0.05 -0.71 0.82 0.22 -0.53 0.68 0.27 -0.68 0.27 0.96 0 0.57 0.82 0 0.68 0.73 0 -0.59 -0.81 0 -0.27 -0.96 0 -0.06 -1 0 0.27 -0.96 0 0.36 -0.93 0 0.5 -0.86 0 0.78 -0.62 -0.01 0.99 -0.17 -0.01 0.95 -0.32 -0.01 0.98 -0.18 0 0.97 0.23 0 0.89 0.45 0 0.06 1 0 -0.24 0.97 0 -0.37 0.93 0.01 -0.8 0.6 0.01 -0.51 0.86 0.01 -0.87 0.5 0 -0.96 0.27 0 -1 0.06 0 -0.96 -0.28 0 -0.92 -0.4 0 -0.73 -0.68 0 0 0 -1 0 0 -1 0 0 -1 0 0 -1 0 0 -1 0 0 -1 0 0 -1 0 0 -1 0 0 -1 0 0 -1 0 0 -1 0 0 -1 0 0 -1 0 0 -1 0 0 1 0 0 1 0 0 1 0 0 1 0 0 1 0 0 1 0 0 1 0 0 1 0 0 1 0 0 1 0 0 1 0 0 1 0 0 1 0 0 1 0 0 1 0 0 1 0 0 1 0 0 1 0 0 1 0 0 1 0 0 1 0 0 1 0 0 1 0 0 1 -0.27 -0.96 0 -0.57 -0.82 0 -0.68 -0.73 0 -0.06 -1 0 0.32 -0.95 -0.01 0.51 -0.86 -0.01 0.29 -0.96 0 0.88 -0.47 0 0.96 -0.27 0 1 -0.06 0 0.96 0.28 0 0.92 0.4 0 0.73 0.68 0 0.59 0.81 0 0.27 0.96 0 0.06 1 0 -0.27 0.96 0 -0.36 0.93 0 -0.68 0.73 0.01 -0.55 0.83 0 -0.95 0.32 0.01 -0.99 0.12 0 -0.97 -0.23 0 -0.89 -0.45 0 -0.97 0.23 0.01 0.74 -0.67 -0.01 0 0 -1 0 0 -1 0 0 -1 0 0 -1 0 0 -1 0 0 -1 0 0 -1 0 0 -1 0 0 -1 0 0 -1 0 0 -1 0 0 -1 0 0 -1 0 0 -1 0 0 -1 0 0 -1 0 0 -1 0 0 -1 0 0 -1 0 0 -1 0 0 -1 0 0 -1 0 0 -1 0 0 -1 0 0 1 0 0 1 0 0 1 0 0 1 0 0 1 0 0 1 0 0 1 0 0 1 0 0 1 0 0 1 0 0 1 0 0 1 0 0 1 0 0 1 0.45 -0.89 0 0.71 -0.71 0 0.81 -0.59 0 0 -1 0 0.3 -0.95 0 -0.59 -0.81 0 -0.21 -0.98 0 -0.89 -0.45 0 -0.71 -0.71 0 -1 0 0 -0.95 -0.3 0 -0.81 0.59 0 -0.98 0.21 0 0.89 0.45 0 0.71 0.71 0 0.59 0.81 0 -0.45 0.89 0 -0.71 0.71 0 1 0 0 0.95 0.3 0 0 1 0 -0.3 0.95 0 0.21 0.98 0 0.98 -0.21 0 0 0 1 0 0 1 0 0 1 0 0 1 0 0 1 0 0 1 0 0 1 0 0 1 0 0 1 0 0 1 0 0 1 0 0 1 0 0 1 0 0 1 0 0 1 0 0 1 0 0 1 0 0 1 0 0 1 0 0 1 0 0 1 0 0 1 0 0 1 0 0 1 -0.59 -0.81 0 -0.21 -0.98 0 0 -1 0 0.3 -0.95 0 0.45 -0.89 0 0.81 -0.59 0 0.98 -0.21 0 1 0 0 0.95 0.3 0 0.89 0.45 0 0.71 0.71 0 0.59 0.81 0 0.21 0.98 0 0 1 0 -0.3 0.95 0 -0.45 0.89 0 -0.71 0.71 0 -0.81 0.59 0 -0.98 0.21 0 -1 0 0 -0.95 -0.3 0 -0.89 -0.45 0 -0.71 -0.71 0 0.71 -0.71 0 0 0 -1 0 0 -1 0 0 -1 0 0 -1 0 0 -1 0 0 -1 0 0 -1 0 0 -1 0 0 -1 0 0 -1 0 0 -1 0 0 -1 0 0 -1 0 0 -1 0 0 -1 0 0 -1 0 0 -1 0 0 -1 0 0 -1 0 0 -1 0 0 -1 0 0 -1 0 0 -1 -0.62 0.78 0 -0.92 0.39 0 -0.27 0.96 0 -0.94 0.35 0 -0.97 0.24 0 -0.99 0.14 0 -0.95 -0.32 0 -0.83 -0.55 0 -0.64 -0.77 0 0 1 0 -0.55 -0.83 0 -0.32 -0.95 0 -0.16 -0.99 0 0.14 -0.99 0 0.24 -0.97 0 0.5 -0.87 0 0.71 -0.71 0 0.96 -0.27 0 0.99 -0.12 0 1 0 0 1 0 0 0 1 0 0.62 0.78 0 0.62 0.78 0 0.62 0.78 0 0.62 0.78 0 0 0 -1 0 0 -1 0 0 -1 0 0 -1 0 0 -1 0 0 -1 0 0 -1 0 0 -1 0 0 -1 0 0 -1 0 0 -1 0 0 -1 0 0 -1 0 0 -1 0 0 -1 0 0 -1 0 0 -1 0 0 -1 0 0 -1 0 0 -1 0 0 -1 0 0 -1 0 0 -1 0.55 0.83 0 0.83 0.55 0 0.32 0.95 0 0.32 -0.95 0 0 -1 0 0.55 -0.83 0 0 -1 0 -0.32 -0.95 0 -0.55 -0.83 0 -0.83 -0.55 0 -0.95 -0.32 0 -1 0 0 -1 0 0 -0.95 0.32 0 -0.83 0.55 0 -0.55 0.83 0 -0.32 0.95 0 0 1 0 0 1 0 0.83 -0.55 0 0.95 -0.32 0 1 0 0 1 0 0 0.95 0.32 0 0 0 -1 0 0 -1 0 0 -1 0 0 -1 0 0 -1 0 0 -1 0 0 -1 0 0 -1 0 0 -1 0 0 -1 0 0 -1 0 0 -1 0 0 -1 0 0 -1 0 0 -1 0 0 -1 0 0 -1 0 0 -1 0 0 -1 0 0 -1 0 0 -1 0 0 -1 0 0 -1 0 0 -1 0 0 -1 0 0 -1 0 0 -1 0 0 -1 0 0 -1 0 0 -1 0 0 -1 0 0 -1 0 0 -1 0 0 -1 0 0 -1 0 0 -1 0.58 0.58 0.58 0.84 0.39 0.39 0.84 0.22 0.5 0.83 -0.06 0.55 0.7 -0.15 0.7 0.63 -0.46 0.63 0.58 -0.58 0.58 0.39 -0.84 0.39 0.22 -0.84 0.5 -0.06 -0.83 0.55 -0.15 -0.7 0.7 -0.46 -0.63 0.63 -0.58 -0.58 0.58 -0.84 -0.39 0.39 -0.84 -0.22 0.5 -0.83 0.06 0.55 -0.7 0.15 0.7 -0.63 0.46 0.63 -0.58 0.58 0.58 -0.39 0.84 0.39 -0.22 0.84 0.5 0.06 0.83 0.55 0.15 0.7 0.7 0.46 0.63 0.63 0.3 0.9 0.3 0 1 0 0.67 0.67 0.33 0 1 0 -0.32 0.95 0 -0.3 0.9 0.3 -0.67 0.67 0.33 -0.9 0.3 0.3 -1 0 0 -1 0 0 -0.95 -0.32 0 -0.9 -0.3 0.3 -0.67 -0.67 0.33 -0.3 -0.9 0.3 0 -1 0 0 -1 0 0.32 -0.95 0 0.3 -0.9 0.3 0.67 -0.67 0.33 0.9 -0.3 0.3 1 0 0 1 0 0 0.95 0.32 0 0.9 0.3 0.3 0.72 -0.27 -0.63 0.55 -0.55 -0.64 0.7 -0.09 -0.7 0.43 -0.6 -0.68 0.18 -0.65 -0.74 0.09 -0.66 -0.75 -0.1 -0.7 -0.7 -0.16 -0.66 -0.74 -0.31 -0.54 -0.78 -0.42 -0.49 -0.77 -0.58 -0.33 -0.74 -0.7 -0.17 -0.7 -0.66 0.08 -0.74 -0.66 0.16 -0.74 -0.63 0.27 -0.72 -0.73 0.49 -0.49 -0.53 0.8 -0.27 -0.33 0.88 -0.33 -0.15 0.88 -0.44 0.71 0 -0.71 0.71 0 -0.71 -0.23 0.69 -0.69 0.52 0.63 -0.58 0.52 0.63 -0.58 0.53 0.66 -0.53 0.51 0.61 -0.61 0 0 1 0 0 1 0 0 1 0 0 1 0 0 1 0 0 1 0 0 1 0 0 1 0 0 1 0 0 1 0 0 1 0 0 1 0 0 1 0 0 1 0 0 1 0 0 1 0 0 1 0 0 1 0 0 1 0 0 1 0 0 1 0 0 1 0 0 1 0 0 1 0 0 1 0 0 1 0 0 1 0 0 1 0 0 1 0 0 1 0 0 1 0 0 1 0 0 1 0 0 1 0 0 1 0 0 1 0 0 1 0 0 1 0 0 1 0 0 1 0 0 1 0 0 1 0 0 1 0 0 1 0 0 1 0 0 1 0 0 1 0 0 1 0 0 1 0 0 1 0 0 1 0 0 1 0 0 1 0 0 1 0 0 1 0 0 1 0 0 1 0 0 1 0 0 1 0 0 1 0 0 1 0 0 1 0 0 1 0 0 1 0 0 1 0 0 1 0 0 1 0 0 1 0 0 1 0 0 1 0 0 1 0 0 1 0 0 1 0 0 1 0 0 1 0 0 1 0 0 1 0 0 1 0 0 1 0 0 1 0 0 1 0 0 1 0 0 1 0 0 1 0 0 1 0 0 1 0 0 1 0 0 1 0 0 1 0 0 1 0 0 1 0 0 1 0 0 1 0 0 1 0 0 1 0 0 1 0 0 1 0 0 1 0 0 1 0 0 1 0 0 1 0 0 1 0 0 1 0 0 1 0 0 1 0 0 1 0 0 1 0 0 1 0 0 1 0 0 1 0 0 1 0 0 1 0 0 1 0 0 1 0 0 1 0 0 1 0 0 1 0 0 1 0 0 1 0 0 1 0 0 1 0 0 1 0 0 1 0 0 1 0 0 1 0 0 1 0 0 1 0 0 1 0 0 1 0 0 1 0 0 1 0 0 1 0 0 1 0 0 1 0 0 1 0 0 1 0 0 1 0 0 1 0 0 1 0 0 1 0 0 1 0 0 1 0 0 1 0 0 -1 0 0 -1 0 0 -1 0 0 -1 0 0 -1 0 0 -1 0 0 -1 0 0 -1 0 0 -1 0 0 -1 0 0 -1 0 0 -1 0 0 -1 0 0 -1 0 0 -1 0 0 -1 0 0 -1 0 0 -1 0 0 -1 0 0 -1 0 0 -1 0 0 -1 0 0 -1 0 0 -1 0 0 -1 0 0 -1 0 0 -1 0 0 -1 0 0 -1 0 0 -1 0 0 -1 0 0 -1 0 0 -1 0 0 -1 0 0 -1 0 0 -1 0 0 -1 0 0 -1 0 0 -1 0 0 -1 0 0 -1 0 0 -1 0 0 -1 0 0 -1 0 0 -1 0 0 -1 0 0 -1 0 0 -1 0 0 -1 0 0 -1 0 0 -1 0 0 -1 0 0 -1 0 0 -1 0 0 -1 0 0 -1 0 0 -1 0 0 -1 0 0 -1 0 0 -1 0 0 -1 0 0 -1 0 0 -1 0 0 -1 0 0 -1 0 0 -1 0 0 -1 0 0 -1 0 0 -1 0 0 -1 0 0 -1 0 0 -1 0 0 -1 0 0 -1 0 0 -1 0 0 -1 0 0 -1 0 0 -1 0 0 -1 0 0 -1 0 0 -1 0 0 -1 0 0 -1 0 0 -1 0 0 -1 0 0 -1 0 0 -1 0 0 -1 0 0 -1 0 0 -1 0 0 -1 0 0 -1 0 0 -1 0 0 -1 0 0 -1 0 0 -1 0 0 -1 0 0 -1 0 0 -1 0 0 -1 0 0 -1 0 0 -1 0 0 -1 0 0 -1 0 0 -1 0 0 -1 0 0 -1 0 0 -1 0 0 -1 0 0 -1 0 0 -1 0 0 -1 0 0 -1 0 0 -1 0 0 -1 0 0 -1 0 0 -1 0 0 -1 0 0 -1 0 0 -1 0 0 -1 0 0 -1 0 0 -1 0 0 -1 0 0 -1 0 0 -1 0 0 -1 0 0 -1 -0.88 0.46 -0.14 -0.75 0.64 -0.15 -0.93 0.32 -0.16 -0.61 0.79 -0.09 -0.5 0.85 -0.17 -0.75 0.66 0 -0.37 0.92 -0.16 -0.18 0.96 -0.19 -0.52 0.85 0 0 0.99 -0.12 0.17 0.98 -0.14 -0.18 0.98 0 0.32 0.95 -0.08 0.48 0.86 -0.17 0.19 0.98 0 0.65 0.74 -0.17 0.47 0.88 0 0.77 0.62 -0.15 0.85 0.52 -0.05 0.79 0.61 0 0.93 0.36 -0.12 0.98 0.18 -0.12 0.93 0.37 0 0.99 0 -0.16 0.98 -0.19 -0.11 0.93 -0.32 -0.16 1 0 0 0.88 -0.46 -0.14 0.75 -0.64 -0.15 0.95 -0.32 0 0.61 -0.79 -0.09 0.5 -0.85 -0.17 0.75 -0.66 0 0.37 -0.92 -0.16 0.52 -0.85 0 0.18 -0.96 -0.19 -0.95 0.32 0 0.18 -0.98 0 -0.98 0.19 -0.11 -0.99 0 -0.16 -0.98 -0.18 -0.12 -1 0 0 -0.93 -0.36 -0.12 -0.85 -0.52 -0.05 -0.93 -0.37 0 -0.77 -0.62 -0.15 -0.65 -0.74 -0.17 -0.79 -0.61 0 -0.48 -0.86 -0.17 -0.32 -0.95 -0.08 -0.47 -0.88 0 -0.17 -0.98 -0.14 0 -0.99 -0.12 -0.19 -0.98 0 0 0 -1 0 0 -1 0 0 -1 0 0 -1 0 0 -1 0 0 -1 0 0 -1 0 0 -1 0 0 -1 0 0 -1 0 0 -1 0 0 -1 0 0 -1 0 0 -1 0 0 -1 0 0 -1 0 0 -1 0 0 -1 0 0 -1 0 0 -1 0 0 -1 0 0 -1 0 0 -1 0 0 -1 0 0 -1 0 0 -1 0 0 -1 0 0 -1 0 0 -1 0 0 -1 0 0 -1 0 0 -1 0 0 -1 0 0 -1 -0.78 -0.62 0 -0.57 -0.82 0 -0.46 -0.89 0 0.75 0.67 0 0.87 0.49 0 0.92 0.4 0 1 -0.06 0 0.99 0.16 0 0.98 0.2 0 0.99 -0.17 0 -0.02 1 0 0.27 0.96 0 0.4 0.92 0 -0.42 0.91 0 -0.16 0.99 0 -0.75 0.67 0 -0.54 0.84 0 -0.96 0.29 0 -0.84 0.55 0 -0.99 -0.12 0 -0.99 0.15 0 -0.97 -0.24 0 0.63 0.77 0 0.93 -0.36 0 0.88 -0.48 0 0.71 -0.71 0 0.57 -0.82 0 0.33 -0.94 0 0.23 -0.97 0 -0.04 -1 0 -0.2 -0.98 0 -0.87 -0.49 0 0 0 -1 0 0 -1 0 0 -1 0 0 -1 0 0 -1 0 0 -1 0 0 -1 0 0 -1 0 0 -1 0 0 -1 0 0 -1 0 0 -1 0 0 -1 0 0 -1 0 0 -1 0 0 -1 -0.16 0.99 0 0.16 0.99 0 -0.32 0.95 0 0.32 0.95 0 0.62 0.78 0 0.78 0.62 0 0.99 0.16 0 0.99 -0.16 0 0.89 -0.45 0 0.89 -0.45 0 0.78 -0.62 0 0.62 -0.78 0 0.32 -0.95 0 0.16 -0.99 0 -0.16 -0.99 0 -0.32 -0.95 0 -0.62 -0.78 0 -0.78 -0.62 0 -0.99 -0.16 0 -0.99 0.16 0 -0.89 0.45 0 -0.89 0.45 0 -0.78 0.62 0 -0.62 0.78 0 0 0 1 0 0 1 0 0 1 0 0 1 0 0 1 0 0 1 0 0 1 0 0 1 0 0 1 0 0 1 0 0 1 0 0 1 0 0 1 0 0 1 0 0 1 0 0 1 0 0 1 0 0 1 0 0 1 0 0 1 0 0 1 0 0 1 0 0 1 0 0 1 -0.18 0.98 0 0.18 0.98 0 -0.37 0.93 0 0.37 0.93 0 0.75 0.66 0 0.89 0.45 0 0.98 0.18 0 1 0.1 0 0.98 -0.22 0 0.91 -0.41 0 0.75 -0.66 0 0.66 -0.75 0 0.37 -0.93 0 0.18 -0.98 0 -0.18 -0.98 0 -0.37 -0.93 0 -0.75 -0.66 0 -0.89 -0.45 0 -0.98 -0.18 0 -1 -0.1 0 -0.98 0.22 0 -0.91 0.41 0 -0.75 0.66 0 -0.66 0.75 0 0 0 -1 0 0 -1 0 0 -1 0 0 -1 0 0 -1 0 0 -1 0 0 -1 0 0 -1 0 0 -1 0 0 -1 0 0 -1 0 0 -1 0 0 -1 0 0 -1 0 0 -1 0 0 -1 0 0 -1 0 0 -1 -0.16 0.99 0 0.16 0.99 0 -0.32 0.95 0 0.32 0.95 0 0.62 0.78 0 0.78 0.62 0 0.95 0.32 0 0.99 0.16 0 0.95 -0.32 0 0.83 -0.55 0 0.71 -0.71 0 0.71 -0.71 0 0.37 -0.93 0 0.14 -0.99 0 -0.27 -0.96 0 -0.62 -0.78 0 -0.86 -0.51 0 -0.8 -0.6 0 -0.93 -0.37 0 -0.99 -0.14 0 -0.99 0.14 0 -0.93 0.37 0 -0.6 0.8 0 -0.51 0.86 0 0 0 1 0 0 1 0 0 1 0 0 1 0 0 1 0 0 1 0 0 1 0 0 1 0 0 1 0 0 1 0 0 1 0 0 1 0 0 1 0 0 1 0 0 1 0 0 1 0 0 1 0 0 1 0 0 1 0 0 1 0 0 1 0 0 1 0 0 1 0 0 1 -0.45 -0.89 0 -0.71 -0.71 0 -0.34 -0.94 0 -0.85 -0.53 0 -0.98 -0.2 0 -1 -0.09 0 -0.98 0.18 0 -0.93 0.37 0 -0.66 0.75 0 -0.45 0.89 0 -0.18 0.98 0 -0.1 1 0 0 -1 0 0.41 0.91 0 0.71 0.71 0 0.22 0.98 0 0.29 -0.96 0 0.66 -0.75 0 0.75 -0.66 0 0.87 -0.49 0 0.91 -0.41 0 1 0 0 0.96 0.26 0 0.82 0.57 0 0.16 -0.99 0 -0.16 -0.99 0 0.32 -0.95 0 0.62 0.78 0 0.86 0.51 0 0.27 0.96 0 0.8 0.6 0 0.93 0.37 0 0.99 0.14 0 0.99 -0.14 0 0.93 -0.37 0 0.6 -0.8 0 0.51 -0.86 0 -0.32 -0.95 0 -0.62 -0.78 0 -0.78 -0.62 0 -0.95 -0.32 0 -0.99 -0.16 0 -0.95 0.32 0 -0.83 0.55 0 -0.71 0.71 0 -0.71 0.71 0 -0.37 0.93 0 -0.14 0.99 0 0 0 1 0 0 1 0 0 1 0 0 1 0 0 1 0 0 1 0 0 1 0 0 1 0 0 1 0 0 1 0 0 1 0 0 1 0 0 1 0 0 1 0 0 1 0 0 1 0 0 1 0 0 1 0 0 1 0 0 1 0 0 1 0 0 1 0 0 1 0 0 1 -0.91 0.41 0 -1 0 0 -0.87 0.49 0 -0.71 -0.71 0 -0.41 -0.91 0 -0.82 -0.57 0 -0.22 -0.98 0 0.1 -1 0 0.18 -0.98 0 0.45 -0.89 0 0.66 -0.75 0 0.93 -0.37 0 0.98 -0.18 0 1 0.09 0 0.98 0.2 0 0.85 0.53 0 0.71 0.71 0 0.45 0.89 0 0.34 0.94 0 0 1 0 -0.75 0.66 0 -0.66 0.75 0 -0.29 0.96 0 -0.96 -0.26 0 -0.71 -0.71 0 -0.55 -0.83 0 -0.71 -0.71 0 -0.93 -0.37 0 -0.99 -0.14 0 -0.96 0.27 0 -0.78 0.62 0 -0.45 0.89 0 -0.45 0.89 0 -0.32 -0.95 0 0.16 -0.99 0 0.32 -0.95 0 0.62 -0.78 0 0.78 -0.62 0 0.95 -0.32 0 0.99 -0.16 0 0.99 0.16 0 0.95 0.32 0 0.86 0.51 0 0.8 0.6 0 0.45 0.89 0 0.2 0.98 0 -0.16 0.99 0 -0.32 0.95 0 0 0 1 0 0 1 0 0 1 0 0 1 0 0 1 0 0 1 0 0 1 0 0 1 0 0 1 0 0 1 0 0 1 0 0 1 0 0 1 0 0 1 0 0 1 0 0 1 0 0 1 0 0 1 0 0 1 0 0 1 0 0 1 0 0 1 0 0 1 0 0 1 -0.96 -0.29 0 -0.75 -0.66 0 -1 0 0 -0.94 0.34 0 -0.89 0.45 0 -0.34 -0.94 0 0 -1 0 -0.45 -0.89 0 -0.71 0.71 0 -0.53 0.85 0 -0.2 0.98 0 -0.09 1 0 -0.66 -0.75 0 0.29 -0.96 0 0.66 -0.75 0 0.75 -0.66 0 0.75 0.66 0 0.37 0.93 0 0.89 0.45 0 0.91 -0.41 0 0.98 -0.22 0 1 0.1 0 0.98 0.18 0 0.18 0.98 0 0.16 0.99 0 -0.16 0.99 0 0.32 0.95 0 0.62 0.78 0 0.78 0.62 0 0.99 0.16 0 0.99 -0.16 0 0.89 -0.45 0 0.89 -0.45 0 0.78 -0.62 0 0.62 -0.78 0 0.32 -0.95 0 0.16 -0.99 0 -0.16 -0.99 0 -0.32 -0.95 0 -0.62 -0.78 0 -0.78 -0.62 0 -0.99 -0.16 0 -0.99 0.16 0 -0.89 0.45 0 -0.89 0.45 0 -0.78 0.62 0 -0.62 0.78 0 -0.32 0.95 0 0 0 1 0 0 1 0 0 1 0 0 1 0 0 1 0 0 1 0 0 1 0 0 1 0 0 1 0 0 1 0 0 1 0 0 1 0 0 1 0 0 1 0 0 1 0 0 1 0 0 1 0 0 1 0 0 1 0 0 1 0 0 1 0 0 1 0 0 1 0 0 1 0.66 -0.75 0 0.37 -0.93 0 0.75 -0.66 0 0.75 0.66 0 0.37 0.93 0 0.89 0.45 0 0.98 0.18 0 1 0.1 0 0.91 -0.41 0 0.18 -0.98 0 -0.18 -0.98 0 -0.37 -0.93 0 -0.75 -0.66 0 -0.89 -0.45 0 -0.98 -0.18 0 -1 -0.1 0 -0.98 0.22 0 -0.91 0.41 0 -0.75 0.66 0 -0.66 0.75 0 -0.37 0.93 0 -0.18 0.98 0 0.18 0.98 0 0.98 -0.22 0 -0.16 0.99 0 0.32 0.95 0 -0.32 0.95 0 -0.86 -0.51 0 -0.95 -0.32 0 -0.8 -0.6 0 -0.99 -0.16 0 -0.99 0.16 0 -0.95 0.32 0 -0.78 0.62 0 -0.62 0.78 0 -0.45 -0.89 0 -0.2 -0.98 0 0.16 -0.99 0 0.32 -0.95 0 0.45 -0.89 0 0.45 -0.89 0 0.78 -0.62 0 0.96 -0.27 0 0.99 0.14 0 0.93 0.37 0 0.71 0.71 0 0.71 0.71 0 0.55 0.83 0 0 0 1 0 0 1 0 0 1 0 0 1 0 0 1 0 0 1 0 0 1 0 0 1 0 0 1 0 0 1 0 0 1 0 0 1 0 0 1 0 0 1 0 0 1 0 0 1 0 0 1 0 0 1 0 0 1 0 0 1 0 0 1 0 0 1 0 0 1 0 0 1 0.53 -0.85 0 0.2 -0.98 0 0.71 -0.71 0 0.89 -0.45 0 0.94 -0.34 0 1 0 0 0.96 0.29 0 0.75 0.66 0 0.66 0.75 0 0.45 0.89 0 0.34 0.94 0 0 1 0 -0.29 0.96 0 -0.89 -0.45 0 -0.98 -0.18 0 -0.75 -0.66 0 0.09 -1 0 -0.18 -0.98 0 -0.37 -0.93 0 -1 -0.1 0 -0.98 0.22 0 -0.91 0.41 0 -0.75 0.66 0 -0.66 0.75 0 -1 -0.06 0 -0.95 0.32 0 -0.96 -0.27 0 0.68 0.73 0 0.45 0.89 0 0.8 0.6 0 0.32 0.95 0 -0.06 1 0 -0.27 0.96 0 -0.6 0.8 0 -0.73 0.68 0 -0.89 0.45 0 0.96 0.27 0 1 0.06 0 0.95 -0.32 0 0.89 -0.45 0 0.73 -0.68 0 0.6 -0.8 0 0.27 -0.96 0 0.06 -1 0 -0.32 -0.95 0 -0.45 -0.89 0 -0.68 -0.73 0 -0.8 -0.6 0 0 0 -1 0 0 -1 0 0 -1 0 0 -1 0 0 -1 0 0 -1 0 0 -1 0 0 -1 0 0 -1 0 0 -1 0 0 -1 0 0 -1 0 0 -1 0 0 -1 0 0 -1 0 0 -1 0 0 -1 0 0 -1 0 0 -1 0 0 -1 0 0 -1 0 0 -1 0 0 -1 0 0 -1 -0.73 0.68 0 -0.91 0.41 0 -0.61 0.79 0 -0.41 -0.91 0 -0.68 -0.73 0 -0.26 -0.96 0 0.09 -1 0 0.3 -0.95 0 0.61 -0.79 0 0.73 -0.68 0 0.91 -0.41 0 0.96 -0.26 0 1 0.09 0 0.95 0.3 0 0.79 0.61 0 0.68 0.73 0 0.41 0.91 0 0.26 0.96 0 -0.09 1 0 -0.3 0.95 0 -0.96 0.26 0 -1 -0.09 0 -0.95 -0.3 0 -0.79 -0.61 0 0 0 -1 0 0 -1 0 0 -1 0 0 -1 0 0 -1 0 0 -1 0 0 -1 0 0 -1 0 0 -1 0 0 -1 0 0 -1 0 0 -1 0 0 -1 0 0 -1 0 0 -1 0 0 -1 -0.39 0.65 0.65 -0.23 0.69 0.69 -0.49 0.62 0.62 -0.7 -0.1 0.7 -0.7 0.17 0.7 -0.64 -0.21 0.74 -0.55 -0.33 0.77 -0.57 -0.46 0.68 -0.41 -0.82 0.41 -0.12 -0.99 0 0.14 -0.99 0 0.31 -0.94 0.16 0.57 -0.71 0.42 0.65 -0.65 0.39 0.86 -0.43 0.29 0.99 -0.16 0 0.99 0.16 0 0.95 0.32 0 0.78 0.62 0 0.68 0.68 0.27 0.38 0.77 0.51 0.23 0.69 0.69 -0.12 0.7 0.7 -0.67 0.33 0.67 -0.92 0 0.39 -0.68 0.29 0.68 -0.96 -0.27 0 -0.78 -0.62 0 -0.62 -0.78 0 -0.32 -0.95 0 -0.3 -0.9 0.3 0 -0.83 0.55 0.12 -0.7 0.7 0.49 -0.62 0.62 0.5 -0.5 0.7 0.56 -0.37 0.74 0.68 -0.29 0.68 0.92 0 0.39 0.96 0.27 0 0.78 0.62 0 0.62 0.78 0 0.32 0.95 0 0.3 0.9 0.3 0 0.83 0.55 -0.12 0.7 0.7 -0.56 0.37 0.74 -0.5 0.5 0.7 -0.49 0.62 0.62 0 0 -1 0 0 -1 0 0 -1 0 0 -1 0 0 -1 0 0 -1 0 0 -1 0 0 -1 0 0 -1 0 0 -1 0 0 -1 0 0 -1 0 0 -1 0 0 -1 0 0 -1 0 0 -1 0 0 -1 0 0 -1 -0.68 0.29 0.68 -0.92 0 0.39 -0.56 0.37 0.74 -0.49 0.62 0.62 -0.12 0.7 0.7 -0.5 0.5 0.7 -0.96 -0.27 0 -0.78 -0.62 0 -0.62 -0.78 0 -0.32 -0.95 0 -0.3 -0.9 0.3 0 -0.83 0.55 0.12 -0.7 0.7 0.49 -0.62 0.62 0.5 -0.5 0.7 0.56 -0.37 0.74 0.68 -0.29 0.68 0.78 0.62 0 0.96 0.27 0 0.62 0.78 0 0 0.83 0.55 0.3 0.9 0.3 0.32 0.95 0 0.92 0 0.39 -0.09 0.66 0.75 0.2 0.69 0.69 -0.17 0.6 0.78 -0.82 0.41 0.41 -0.46 0.57 0.68 -0.99 0.12 0 -0.99 -0.14 0 -0.94 -0.31 0.16 -0.71 -0.57 0.42 -0.65 -0.65 0.39 -0.43 -0.86 0.29 -0.16 -0.99 0 0.16 -0.99 0 0.32 -0.95 0 0.62 -0.78 0 0.68 -0.68 0.27 0.77 -0.38 0.51 0.69 -0.23 0.69 0.7 0.12 0.7 0.69 0.23 0.69 0.65 0.39 0.65 0.62 0.49 0.62 0.39 0.65 0.65 -0.27 0.53 0.8 -0.99 0.16 0 -0.99 -0.16 0 -0.86 0.43 0.29 -0.95 -0.32 0 -0.78 -0.62 0 -0.68 -0.68 0.27 -0.38 -0.77 0.51 -0.23 -0.69 0.69 0.12 -0.7 0.7 0.23 -0.69 0.69 0.39 -0.65 0.65 0.49 -0.62 0.62 0.67 -0.33 0.67 0.7 -0.17 0.7 0.7 0.1 0.7 0.64 0.21 0.74 0.55 0.33 0.77 0.57 0.46 0.68 0.41 0.82 0.41 0.12 0.99 0 -0.14 0.99 0 -0.31 0.94 0.16 -0.57 0.71 0.42 -0.65 0.65 0.39 0 0 -1 0 0 -1 0 0 -1 0 0 -1 0 0 -1 0 0 -1 0 0 -1 0 0 -1 0 0 -1 0 0 -1 0 0 -1 0 0 -1 0 0 -1 0 0 -1 0 0 -1 0 0 -1 0 0 -1 0 0 -1 0.27 -0.53 0.8 0.17 -0.6 0.78 0.46 -0.57 0.68 -0.77 0.38 0.51 -0.68 0.68 0.27 -0.69 0.23 0.69 -0.7 -0.12 0.7 -0.69 -0.23 0.69 -0.65 -0.39 0.65 -0.62 -0.49 0.62 -0.39 -0.65 0.65 -0.2 -0.69 0.69 0.09 -0.66 0.75 0.82 -0.41 0.41 0.99 -0.12 0 -0.32 0.95 0 -0.62 0.78 0 -0.16 0.99 0 0.99 0.14 0 0.94 0.31 0.16 0.71 0.57 0.42 0.65 0.65 0.39 0.43 0.86 0.29 0.16 0.99 0 0 0 -1 0 0 -1 0 0 -1 0 0 -1 0 0 -1 0 0 -1 0 0 -1 0 0 -1 0 0 -1 0 0 -1 0 0 -1 0 0 -1 0 0 -1 0 0 -1 0 0 -1 0 0 -1 0 0 -1 0 0 -1 0.2 -0.81 -0.55 0.44 -0.85 -0.3 0.5 -0.75 -0.43 0.53 -0.5 -0.68 0.47 -0.34 -0.81 0.56 -0.23 -0.79 0.62 -0.19 -0.76 0.68 -0.04 -0.73 0.68 0.04 -0.73 0.62 0.19 -0.76 0.6 0.26 -0.75 0.57 0.43 -0.7 0.52 0.49 -0.7 0.36 0.56 -0.75 0.28 0.57 -0.78 0.15 0.66 -0.74 0.08 0.7 -0.7 -0.08 0.7 -0.7 -0.2 0.81 -0.55 -0.44 0.85 -0.3 -0.5 0.75 -0.43 -0.53 0.5 -0.68 -0.47 0.34 -0.81 -0.56 0.23 -0.79 -0.62 0.19 -0.76 -0.68 0.04 -0.73 -0.68 -0.04 -0.73 -0.62 -0.19 -0.76 -0.6 -0.26 -0.75 -0.57 -0.43 -0.7 -0.52 -0.49 -0.7 -0.36 -0.56 -0.75 -0.28 -0.57 -0.78 -0.15 -0.66 -0.74 -0.08 -0.7 -0.7 0.08 -0.7 -0.7 -0.71 -0.06 -0.71 -0.69 0.19 -0.69 -0.69 -0.22 -0.69 -0.7 0.33 -0.63 -0.58 0.54 -0.61 -0.49 0.62 -0.62 -0.22 0.69 -0.69 -0.06 0.71 -0.71 0.19 0.69 -0.69 0.33 0.7 -0.63 0.54 0.58 -0.61 0.62 0.49 -0.62 0.69 0.22 -0.69 0.71 0.06 -0.71 0.69 -0.19 -0.69 0.7 -0.33 -0.63 0.58 -0.54 -0.61 0.49 -0.62 -0.62 0.22 -0.69 -0.69 0.06 -0.71 -0.71 -0.19 -0.69 -0.69 -0.33 -0.7 -0.63 -0.54 -0.58 -0.61 -0.62 -0.49 -0.62 0.66 0.18 0.72 0.57 0.44 0.69 0.68 0 0.74 0.47 -0.42 0.78 0.61 -0.3 0.73 0.39 -0.5 0.78 0.17 -0.64 0.75 0 -0.71 0.71 -0.25 -0.68 0.68 -0.33 -0.67 0.67 -0.58 -0.58 0.58 -0.67 -0.45 0.59 -0.76 -0.21 0.62 -0.71 -0.06 0.71 -0.69 0.19 0.69 -0.76 0.38 0.53 -0.68 0.68 0.26 -0.5 0.76 0.42 -0.21 0.76 0.62 -0.06 0.67 0.74 0.53 0.6 0.6 0.35 0.7 0.63 0.19 0.69 0.69 0.71 -0.26 0.65 0.76 0.21 0.62 0.76 0.5 0.42 0.67 0.06 0.74 -0.45 0.67 0.59 -0.21 0.76 0.62 -0.58 0.58 0.58 -0.67 0.33 0.67 -0.68 0.25 0.68 -0.71 0 0.71 -0.64 -0.17 0.75 -0.5 -0.39 0.78 -0.42 -0.47 0.78 -0.28 -0.62 0.73 -0.23 -0.69 0.69 0 -0.71 0.71 0.21 -0.69 0.69 0.53 -0.6 0.6 0.6 -0.53 0.6 0.7 -0.35 0.63 0.69 -0.19 0.69 0.68 0.68 0.26 -0.06 0.71 0.71 0.19 0.69 0.69 0.38 0.76 0.53 -0.71 -0.06 0.71 -0.64 0.13 0.76 -0.7 -0.12 0.7 0.17 0.7 0.7 -0.13 0.7 0.7 0.32 0.7 0.64 -0.23 0.63 0.74 0.57 0.51 0.64 0.67 0.33 0.67 0.7 0.12 0.7 0.71 0.06 0.71 0.64 -0.13 0.76 0.55 -0.25 0.8 0.41 -0.41 0.82 0.39 -0.5 0.78 0.23 -0.63 0.74 0.13 -0.7 0.7 -0.17 -0.7 0.7 -0.32 -0.7 0.64 -0.57 -0.51 0.64 -0.67 -0.33 0.67 -0.55 0.25 0.8 -0.41 0.41 0.82 -0.39 0.5 0.78 -0.47 0.42 0.78 -0.61 0.3 0.73 -0.39 0.5 0.78 -0.17 0.64 0.75 -0.71 0.26 0.65 -0.68 0 0.74 -0.66 -0.18 0.72 -0.57 -0.44 0.69 -0.53 -0.6 0.6 -0.35 -0.7 0.63 -0.19 -0.69 0.69 0.06 -0.67 0.74 0.21 -0.76 0.62 0.5 -0.76 0.42 0.68 -0.68 0.26 0.76 -0.38 0.53 0.69 -0.19 0.69 0.71 0.06 0.71 0.76 0.21 0.62 0.67 0.45 0.59 0.58 0.58 0.58 0.33 0.67 0.67 0.25 0.68 0.68 0 0.71 0.71 0.5 0.39 0.78 0.64 0.17 0.75 0.42 0.47 0.78 0.71 0 0.71 0.68 -0.25 0.68 0.67 -0.33 0.67 0.58 -0.58 0.58 0.45 -0.67 0.59 0.21 -0.76 0.62 0.06 -0.71 0.71 -0.19 -0.69 0.69 -0.38 -0.76 0.53 -0.68 -0.68 0.26 -0.76 -0.5 0.42 -0.76 -0.21 0.62 -0.67 -0.06 0.74 -0.69 0.19 0.69 -0.7 0.35 0.63 -0.6 0.53 0.6 -0.53 0.6 0.6 -0.21 0.69 0.69 0 0.71 0.71 0.23 0.69 0.69 0.28 0.62 0.73 -0.57 -0.51 0.64 -0.32 -0.7 0.64 -0.67 -0.33 0.67 -0.55 0.25 0.8 -0.41 0.41 0.82 -0.64 0.13 0.76 -0.71 -0.06 0.71 -0.7 -0.12 0.7 -0.17 -0.7 0.7 0.13 -0.7 0.7 0.23 -0.63 0.74 0.39 -0.5 0.78 0.41 -0.41 0.82 0.55 -0.25 0.8 0.64 -0.13 0.76 0.71 0.06 0.71 0.7 0.12 0.7 0.67 0.33 0.67 0.57 0.51 0.64 0.32 0.7 0.64 0.17 0.7 0.7 -0.23 0.63 0.74 -0.39 0.5 0.78 -0.13 0.7 0.7 0.46 0.35 0.81 0.62 0.15 0.77 0.39 0.42 0.82 0.27 0.53 0.8 0.19 0.63 0.75 -0.03 0.66 0.75 -0.15 0.62 0.77 -0.35 0.46 0.81 -0.42 0.39 0.82 -0.53 0.27 0.8 -0.63 0.19 0.75 -0.66 -0.03 0.75 -0.62 -0.15 0.77 -0.46 -0.35 0.81 -0.39 -0.42 0.82 -0.27 -0.53 0.8 -0.19 -0.63 0.75 0.03 -0.66 0.75 0.15 -0.62 0.77 0.35 -0.46 0.81 0.42 -0.39 0.82 0.53 -0.27 0.8 0.63 -0.19 0.75 0.66 0.03 0.75 -0.63 -0.23 -0.74 -0.65 -0.17 -0.74 -0.7 -0.09 -0.7 -0.67 -0.33 -0.67 -0.72 -0.48 -0.5 -0.57 -0.48 -0.67 -0.62 -0.71 -0.34 -0.38 -0.71 -0.59 -0.15 -0.66 -0.74 -0.25 -0.55 -0.8 0.14 -0.91 -0.38 -0.05 -0.83 -0.55 0.41 -0.8 -0.44 0.5 -0.55 -0.67 0.31 -0.95 -0.08 0.56 -0.38 -0.73 0.41 -0.41 -0.82 0.83 -0.21 -0.52 0.81 -0.08 -0.58 0.78 -0.36 -0.51 0.67 0.3 -0.67 0.7 0.15 -0.7 0.7 0.12 -0.7 0.71 -0.04 -0.71 0.47 0.42 -0.77 0.59 0.34 -0.74 0.31 0.6 -0.74 0.41 0.48 -0.78 0.11 0.87 -0.49 0.26 0.81 -0.53 -0.12 0.8 -0.59 -0.31 0.67 -0.67 -0.15 0.7 -0.7 -0.56 0.58 -0.6 -0.42 0.66 -0.63 -0.8 0.27 -0.53 -0.79 0.14 -0.6 -0.77 0.33 -0.55 -0.81 0.39 -0.45 -0.71 0.52 -0.47 -0.71 0 -0.71 -0.81 -0.3 0.51 -0.84 -0.15 0.51 -0.89 -0.13 0.44 -0.86 -0.46 0.22 -0.85 -0.32 0.41 -0.81 -0.59 0 -0.8 -0.44 0.41 -0.6 -0.68 0.43 -0.64 -0.53 0.55 -0.41 -0.72 0.56 -0.49 -0.63 0.6 -0.36 -0.91 0.21 -0.44 -0.75 0.5 -0.18 -0.94 0.31 -0.29 -0.82 0.49 -0.03 -0.89 0.45 -0.14 -0.85 0.51 0.13 -0.89 0.44 0.01 -0.83 0.55 0.32 -0.85 0.41 0.11 -0.62 0.78 0.15 -0.84 0.51 0.44 -0.8 0.41 0.21 -0.51 0.83 0.53 -0.64 0.55 0.28 -0.46 0.84 0.63 -0.49 0.6 0.36 -0.42 0.83 0.75 -0.44 0.5 0.46 -0.36 0.81 0.82 -0.29 0.49 0.51 -0.3 0.8 0.85 -0.14 0.51 0.57 -0.19 0.8 0.83 0.01 0.55 0.59 -0.09 0.8 0.84 0.15 0.51 0.61 0.01 0.8 0.85 0.32 0.41 0.62 0.11 0.78 0.8 0.44 0.41 0.51 0.21 0.83 0.64 0.53 0.55 0.46 0.28 0.84 0.49 0.63 0.6 0.42 0.36 0.83 0.44 0.75 0.5 0.36 0.46 0.81 0.29 0.82 0.49 0.3 0.51 0.8 0.14 0.85 0.51 0.19 0.57 0.8 -0.01 0.83 0.55 0.09 0.59 0.8 -0.15 0.84 0.51 -0.01 0.61 0.8 -0.32 0.85 0.41 -0.11 0.62 0.78 -0.44 0.8 0.41 -0.21 0.51 0.83 -0.53 0.64 0.55 -0.28 0.46 0.84 -0.63 0.49 0.6 -0.36 0.42 0.83 -0.75 0.44 0.5 -0.46 0.36 0.81 -0.82 0.29 0.49 -0.51 0.3 0.8 -0.85 0.14 0.51 -0.57 0.19 0.8 -0.83 -0.01 0.55 -0.59 0.09 0.8 -0.61 -0.01 0.8 -0.62 -0.11 0.78 -0.51 -0.21 0.83 -0.46 -0.28 0.84 -0.42 -0.36 0.83 -0.36 -0.46 0.81 0.94 -0.18 0.31 0.91 -0.36 0.21 0.72 -0.41 0.56 0.68 -0.6 0.43 0.59 -0.81 0 0.46 -0.86 0.22 0.3 -0.81 0.51 -0.89 0.03 0.45 -0.94 0.18 0.31 -0.91 0.36 0.21 -0.72 0.41 0.56 -0.68 0.6 0.43 -0.59 0.81 0 -0.46 0.86 0.22 -0.3 0.81 0.51 -0.13 0.89 0.44 0.03 0.89 0.45 0.18 0.94 0.31 0.89 -0.03 0.45 0.41 0.72 0.56 0.6 0.68 0.43 -0.3 -0.51 0.8 -0.19 -0.57 0.8 -0.09 -0.59 0.8 0.01 -0.61 0.8 0.07 -0.29 0.95 0.13 -0.3 0.94 0.2 -0.32 0.92 0.22 -0.25 0.94 0.28 -0.22 0.93 0.36 -0.19 0.91 0.36 -0.12 0.93 0.35 -0.04 0.94 0.39 0 0.92 0.29 0.07 0.95 0.3 0.13 0.94 0.32 0.2 0.92 0.25 0.22 0.94 0.22 0.28 0.93 0.81 0.59 0 0.12 0.36 0.93 0.04 0.35 0.94 0 0.39 0.92 -0.07 0.29 0.95 -0.13 0.3 0.94 -0.2 0.32 0.92 -0.22 0.25 0.94 -0.28 0.22 0.93 -0.36 0.19 0.91 -0.36 0.12 0.93 -0.35 0.04 0.94 -0.39 0 0.92 -0.29 -0.07 0.95 -0.3 -0.13 0.94 -0.32 -0.2 0.92 -0.25 -0.22 0.94 -0.22 -0.28 0.93 -0.19 -0.36 0.91 -0.12 -0.36 0.93 -0.04 -0.35 0.94 0 -0.39 0.92 0.19 0.36 0.91 0.86 0.46 0.22 0.81 0.3 0.51 0.89 0.13 0.44 0.36 0.91 0.21</float_array><technique_common><accessor source="#na" count="19276" stride="3"><param name="X" type="float"/><param name="Y" type="float"/><param name="Z" type="float"/></accessor></technique_common></source>
        <vertices id="v"><input semantic="POSITION" source="#p"/><input semantic="NORMAL" source="#n"/></vertices>
        <triangles material="m0" count="2432"><input semantic="VERTEX" source="#v" offset="0"/><p>0 1 2 3 4 5 6 7 8 9 10 11 12 13 14 15 16 17 18 19 20 10 21 22 21 23 22 24 25 26 1 27 28 27 29 28 30 7 6 30 31 32 16 9 11 10 9 21 23 3 5 24 4 3 25 12 14 13 0 2 1 0 27 33 29 27 34 6 8 7 30 32 31 18 20 15 19 18 16 15 9 23 21 3 4 24 26 25 24 12 13 12 0 29 33 35 34 33 6 31 30 18 33 34 35 19 15 17 36 37 38 39 40 41 42 40 39 43 44 45 40 42 46 42 47 46 48 49 50 43 47 42 51 44 43 52 53 54 55 56 57 47 43 45 44 51 58 51 59 58 49 60 61 60 62 61 63 64 65 59 66 67 66 68 67 49 48 60 62 55 57 63 56 55 64 69 70 69 71 70 59 51 66 52 68 66 48 53 52 62 60 55 56 63 65 64 63 69 36 71 69 37 39 41 68 52 54 53 48 50 71 36 38 37 36 39 72 73 74 75 76 77 78 79 80 81 82 83 84 85 86 87 88 89 90 91 92 93 94 95 96 97 98 99 100 101 102 103 104 105 106 107 104 108 102 108 104 106 106 105 108 101 109 99 109 101 103 103 102 109 98 110 96 110 98 100 100 99 110 95 111 93 111 95 97 92 112 90 112 92 94 94 93 112 89 113 87 113 89 91 91 90 113 86 114 84 114 86 88 88 87 114 83 115 81 115 83 85 85 84 115 80 116 78 116 80 82 82 81 116 77 117 75 117 77 79 79 78 117 74 118 72 118 74 76 76 75 118 107 119 105 119 107 73 73 72 119 97 96 111 120 121 122 123 122 124 125 124 126 127 126 128 129 128 130 131 130 132 133 132 134 135 134 136 137 136 138 139 138 140 141 140 142 140 141 139 138 139 137 136 137 135 134 135 133 132 133 131 130 131 129 128 129 127 126 127 125 124 125 123 122 123 120 121 120 143 142 143 141 143 142 121 144 145 146 146 147 148 148 149 150 150 151 152 152 153 154 154 155 156 156 157 158 158 159 160 160 161 162 162 163 164 164 165 166 166 167 168 168 169 170 170 171 172 172 173 174 174 175 176 176 177 178 178 179 180 180 181 182 182 183 184 184 185 186 186 187 188 188 189 190 191 144 192 193 194 195 192 146 196 196 148 197 197 150 198 198 152 199 199 154 200 200 156 201 201 158 202 202 160 203 203 162 204 204 164 195 195 166 193 193 168 205 205 170 206 206 172 207 207 174 208 208 176 209 209 178 210 210 180 211 211 182 212 212 184 213 213 186 214 214 188 215 215 190 191 216 192 217 217 196 218 218 197 219 219 198 220 220 199 221 221 200 222 222 201 223 223 202 224 224 203 225 225 204 226 226 195 194 194 193 227 227 205 228 228 206 229 229 207 230 230 208 231 231 209 232 232 210 233 233 211 234 234 212 235 235 213 236 236 214 237 237 215 238 238 191 216 191 238 215 215 237 214 214 236 213 213 235 212 212 234 211 211 233 210 210 232 209 209 231 208 208 230 207 207 229 206 206 228 205 190 239 144 239 190 189 145 144 239 147 146 145 149 148 147 151 150 149 153 152 151 155 154 153 157 156 155 159 158 157 161 160 159 163 162 161 165 164 163 167 166 165 169 168 167 171 170 169 173 172 171 175 174 173 177 176 175 205 227 193 179 178 177 181 180 179 183 182 181 185 184 183 187 186 185 189 188 187 144 191 190 146 192 144 148 196 146 150 197 148 152 198 150 154 199 152 156 200 154 158 201 156 160 202 158 162 203 160 164 204 162 166 195 164 168 193 166 170 205 168 172 206 170 174 207 172 176 208 174 178 209 176 180 210 178 182 211 180 184 212 182 186 213 184 188 214 186 190 215 188 192 216 191 196 217 192 197 218 196 198 219 197 199 220 198 200 221 199 201 222 200 202 223 201 203 224 202 204 225 203 195 226 204 240 241 242 243 244 240 245 246 243 247 248 245 249 250 247 251 252 249 253 254 251 255 256 253 257 258 255 259 260 257 261 262 259 263 264 261 265 266 263 267 268 265 269 270 267 271 272 269 273 274 271 275 276 273 277 278 275 279 280 277 281 282 279 283 284 281 285 286 283 242 287 285 244 288 241 246 289 244 248 290 246 250 291 248 252 292 250 254 293 252 256 294 254 258 295 256 260 296 258 262 297 260 264 298 262 266 299 264 268 300 266 270 301 268 272 302 270 274 303 272 276 304 274 278 305 276 280 306 278 282 307 280 284 308 282 286 309 284 287 310 286 241 311 287 312 285 313 313 283 314 314 281 315 315 279 316 316 277 317 317 275 318 318 273 319 319 271 320 320 269 321 321 267 322 322 265 323 323 263 324 324 261 325 325 259 326 326 257 327 327 255 328 328 253 329 329 251 330 330 249 331 331 247 332 332 245 333 333 243 334 334 240 335 335 242 312 242 335 240 240 334 243 243 333 245 245 332 247 247 331 249 249 330 251 251 329 253 253 328 255 255 327 257 257 326 259 259 325 261 261 324 263 263 323 265 265 322 267 267 321 269 269 320 271 271 319 273 275 317 277 277 316 279 279 315 281 281 314 283 283 313 285 285 312 242 241 240 244 244 243 246 246 245 248 248 247 250 250 249 252 252 251 254 254 253 256 256 255 258 258 257 260 260 259 262 262 261 264 264 263 266 266 265 268 268 267 270 270 269 272 272 271 274 274 273 276 276 275 278 278 277 280 280 279 282 282 281 284 284 283 286 286 285 287 287 242 241 288 244 289 289 246 290 290 248 291 291 250 292 292 252 293 293 254 294 294 256 295 295 258 296 296 260 297 297 262 298 298 264 299 299 266 300 300 268 301 301 270 302 302 272 303 303 274 304 304 276 305 305 278 306 306 280 307 307 282 308 308 284 309 309 286 310 310 287 311 311 241 288 273 318 275 336 337 338 338 339 340 341 342 343 344 343 345 339 338 337 346 339 347 343 344 341 344 348 349 350 351 336 339 346 340 352 347 353 354 353 355 348 344 345 356 348 357 337 336 351 353 354 352 348 356 349 350 357 358 347 352 346 359 355 342 357 350 356 355 359 354 351 350 358 342 341 359 360 361 362 363 364 361 365 366 364 367 368 366 369 370 368 371 372 370 373 374 372 375 376 374 377 378 376 379 380 378 381 382 380 383 362 382 362 383 360 382 381 383 380 379 381 378 377 379 376 375 377 374 373 375 372 371 373 370 369 371 368 367 369 366 365 367 364 363 365 361 360 363 384 385 386 386 387 388 387 386 385 388 389 390 389 388 387 391 389 392 389 391 390 391 393 394 393 391 392 394 395 396 395 394 393 396 397 398 399 400 401 402 400 403 404 403 405 397 396 395 400 399 406 403 404 402 404 407 384 406 398 397 407 404 405 400 402 401 385 384 407 398 406 399 408 409 410 410 411 412 412 413 414 414 415 416 416 417 418 418 419 420 420 421 422 422 423 424 424 425 426 426 427 428 428 429 430 431 430 429 409 408 431 411 410 409 413 412 411 415 414 413 417 416 415 419 418 417 421 420 419 423 422 421 425 424 423 427 426 425 430 431 408 429 428 427 432 433 434 435 436 437 438 439 440 441 442 443 444 445 446 447 448 449 450 451 452 442 453 454 453 455 454 456 457 458 433 459 460 459 461 460 462 439 438 462 463 464 448 441 443 442 441 453 455 435 437 456 436 435 457 444 446 445 432 434 433 432 459 465 461 459 466 438 440 439 462 464 463 450 452 447 451 450 448 447 441 455 453 435 436 456 458 457 456 444 445 444 432 461 465 467 466 465 438 463 462 450 465 466 467 451 447 449 468 469 470 471 472 473 474 472 471 475 476 477 472 474 478 474 479 478 480 481 482 475 479 474 483 476 475 484 485 486 487 488 489 479 475 477 476 483 490 483 491 490 481 492 493 492 494 493 495 496 497 491 498 499 498 500 499 481 480 492 494 487 489 495 488 487 496 501 502 501 503 502 491 483 498 484 500 498 480 485 484 494 492 487 488 495 497 496 495 501 468 503 501 469 471 473 500 484 486 485 480 482 503 468 470 469 468 471 504 505 506 507 508 509 510 511 512 513 514 515 516 517 518 519 520 521 522 523 524 525 526 527 528 529 530 531 532 533 534 535 536 537 538 539 536 540 534 540 536 538 538 537 540 533 541 531 541 533 535 535 534 541 530 542 528 542 530 532 532 531 542 527 543 525 543 527 529 524 544 522 544 524 526 526 525 544 521 545 519 545 521 523 523 522 545 518 546 516 546 518 520 520 519 546 515 547 513 547 515 517 517 516 547 512 548 510 548 512 514 514 513 548 509 549 507 549 509 511 511 510 549 506 550 504 550 506 508 508 507 550 539 551 537 551 539 505 505 504 551 529 528 543 552 553 554 555 554 556 557 556 558 559 558 560 561 560 562 563 562 564 565 564 566 567 566 568 569 568 570 571 570 572 573 572 574 572 573 571 570 571 569 568 569 567 566 567 565 564 565 563 562 563 561 560 561 559 558 559 557 556 557 555 554 555 552 553 552 575 574 575 573 575 574 553 576 577 578 578 579 580 580 581 582 582 583 584 584 585 586 587 588 589 589 590 591 591 592 593 593 594 595 595 596 597 598 599 600 600 601 602 602 603 604 604 605 606 606 607 608 609 610 611 611 612 613 613 614 615 615 616 617 617 618 619 620 576 621 622 623 624 621 578 625 625 580 626 626 582 627 627 584 628 628 586 629 629 587 630 630 589 631 631 591 632 632 593 633 633 595 624 624 597 622 622 598 634 634 600 635 635 602 636 636 604 637 637 606 638 638 608 639 639 609 640 640 611 641 641 613 642 642 615 643 643 617 644 644 619 620 645 621 646 646 625 647 647 626 648 648 627 649 649 628 650 650 629 651 651 630 652 652 631 653 653 632 654 654 633 655 655 624 623 623 622 656 656 634 657 657 635 658 658 636 659 659 637 660 660 638 661 661 639 662 662 640 663 663 641 664 664 642 665 665 643 666 666 644 667 667 620 645 620 667 644 644 666 643 643 665 642 642 664 641 641 663 640 640 662 639 639 661 638 638 660 637 637 659 636 636 658 635 635 657 634 576 619 618 579 578 577 581 580 579 583 582 581 585 584 583 587 586 585 590 589 588 592 591 590 594 593 592 596 595 594 598 597 596 601 600 599 603 602 601 605 604 603 607 606 605 634 656 622 609 608 607 612 611 610 614 613 612 616 615 614 618 617 616 576 620 619 578 621 576 580 625 578 582 626 580 584 627 582 586 628 584 587 629 586 589 630 587 591 631 589 593 632 591 595 633 593 597 624 595 598 622 597 600 634 598 602 635 600 604 636 602 606 637 604 608 638 606 609 639 608 611 640 609 613 641 611 615 642 613 617 643 615 619 644 617 621 645 620 625 646 621 626 647 625 627 648 626 628 649 627 629 650 628 630 651 629 631 652 630 632 653 631 633 654 632 624 655 633 668 669 670 671 672 668 673 674 671 675 676 673 677 678 675 679 680 677 681 682 679 683 684 681 685 686 683 687 688 685 689 690 687 691 692 689 693 694 691 695 696 693 697 698 695 699 700 697 701 702 699 703 704 701 705 706 703 707 708 705 709 710 707 711 712 709 713 714 711 670 715 713 672 716 669 674 717 672 676 718 674 678 719 676 680 720 678 682 721 680 684 722 682 686 723 684 688 724 686 690 725 688 692 726 690 694 727 692 696 728 694 698 729 696 700 730 698 702 731 700 704 732 702 706 733 704 708 734 706 710 735 708 712 736 710 714 737 712 715 738 714 669 739 715 713 711 741 741 709 742 742 707 743 743 705 744 744 703 745 701 699 746 746 697 747 747 695 748 748 693 749 749 691 750 689 687 751 751 685 752 752 683 753 753 681 754 754 679 755 677 675 756 756 673 757 757 671 758 758 668 759 759 670 740 670 759 668 668 758 671 671 757 673 673 756 675 677 755 679 679 754 681 681 753 683 683 752 685 685 751 687 689 750 691 691 749 693 693 748 695 695 747 697 697 746 699 703 744 705 705 743 707 707 742 709 709 741 711 713 740 670 669 668 672 672 671 674 674 673 676 676 675 678 678 677 680 680 679 682 682 681 684 684 683 686 686 685 688 688 687 690 690 689 692 692 691 694 694 693 696 696 695 698 698 697 700 700 699 702 702 701 704 704 703 706 706 705 708 708 707 710 710 709 712 712 711 714 714 713 715 715 670 669 716 672 717 717 674 718 718 676 719 719 678 720 720 680 721 721 682 722 722 684 723 723 686 724 724 688 725 725 690 726 726 692 727 727 694 728 728 696 729 729 698 730 730 700 731 731 702 732 732 704 733 733 706 734 734 708 735 735 710 736 736 712 737 737 714 738 738 715 739 739 669 716 701 745 703 760 761 762 762 763 764 765 766 767 768 767 769 763 762 761 770 763 771 767 768 765 768 772 773 774 775 760 763 770 764 776 771 777 778 777 779 772 768 769 780 772 781 761 760 775 777 778 776 772 780 773 774 781 782 771 776 770 783 779 766 781 774 780 779 783 778 775 774 782 766 765 783 784 785 786 787 788 785 789 790 788 791 792 790 793 794 792 795 796 794 797 798 796 799 800 798 801 802 800 803 804 802 805 806 804 807 786 806 786 807 784 806 805 807 804 803 805 802 801 803 800 799 801 798 797 799 796 795 797 794 793 795 792 791 793 790 789 791 788 787 789 785 784 787 808 809 810 810 811 812 811 810 809 812 813 814 813 812 811 815 813 816 813 815 814 815 817 818 817 815 816 818 819 820 819 818 817 820 821 822 823 824 825 826 824 827 828 827 829 821 820 819 824 823 830 827 828 826 828 831 808 830 822 821 831 828 829 824 826 825 809 808 831 822 830 823 832 833 834 834 835 836 836 837 838 838 839 840 840 841 842 842 843 844 844 845 846 846 847 848 848 849 850 850 851 852 852 853 854 855 854 853 833 832 855 835 834 833 837 836 835 839 838 837 841 840 839 843 842 841 845 844 843 847 846 845 849 848 847 851 850 849 854 855 832 853 852 851 856 857 858 859 860 861 862 863 864 865 860 859 865 866 867 868 869 870 871 872 873 860 865 867 874 866 865 875 876 877 868 878 869 863 871 873 872 879 880 881 859 861 866 874 882 883 884 885 874 886 882 887 888 889 878 862 864 863 862 871 872 871 879 881 879 859 875 886 874 887 876 875 888 890 891 890 892 891 878 868 862 886 875 877 893 887 889 888 887 890 892 894 895 896 883 897 876 887 893 892 890 894 894 898 895 884 899 885 898 900 901 897 902 896 856 899 884 868 857 856 898 894 900 901 902 903 884 883 896 899 856 858 857 868 870 902 901 900 902 897 903 879 881 880 904 905 906 907 908 909 910 911 912 913 914 915 916 917 918 919 920 921 922 923 924 925 926 927 928 929 930 931 932 933 934 935 936 937 938 939 940 941 942 943 944 945 946 947 948 949 950 951 909 952 907 952 909 905 905 904 952 912 953 910 953 912 908 908 907 953 915 954 913 954 915 911 911 910 954 918 955 916 955 918 914 914 913 955 921 956 919 956 921 917 917 916 956 924 957 922 957 924 920 920 919 957 927 958 925 958 927 923 923 922 958 930 959 928 959 930 926 926 925 959 933 960 931 960 933 929 929 928 960 936 961 934 961 936 932 932 931 961 939 962 937 962 939 935 935 934 962 942 963 940 963 942 938 938 937 963 945 964 943 964 945 941 941 940 964 948 965 946 965 948 944 944 943 965 951 966 949 966 951 947 947 946 966 906 967 904 967 906 950 950 949 967 968 969 970 971 972 969 973 974 972 975 976 974 977 978 976 979 980 978 981 982 980 983 984 985 986 982 987 982 986 983 984 988 985 989 990 988 991 992 990 993 994 992 995 996 994 997 998 996 999 970 998 970 999 968 998 997 999 996 995 997 994 993 995 992 991 993 990 989 991 988 984 989 984 983 986 982 981 987 980 979 981 978 977 979 976 975 977 974 973 975 972 971 973 969 968 971 1000 1001 1002 1002 1003 1004 1004 1005 1006 1006 1007 1008 1008 1009 1010 1010 1011 1012 1012 1013 1014 1014 1015 1016 1016 1017 1018 1018 1019 1020 1020 1021 1022 1022 1023 1024 1024 1025 1026 1026 1027 1028 1028 1029 1030 1030 1031 1032 1032 1033 1034 1034 1035 1036 1036 1037 1038 1038 1039 1040 1040 1041 1042 1042 1043 1044 1044 1045 1046 1046 1047 1048 1048 1049 1050 1050 1051 1052 1052 1053 1054 1054 1055 1056 1056 1057 1058 1058 1059 1060 1060 1061 1062 1062 1063 1000 1064 1002 1065 1065 1004 1066 1066 1006 1067 1067 1008 1068 1068 1010 1069 1069 1012 1070 1070 1014 1071 1071 1016 1072 1072 1018 1073 1073 1020 1074 1074 1022 1075 1075 1024 1076 1076 1026 1077 1077 1028 1078 1078 1030 1079 1079 1032 1080 1080 1034 1081 1081 1036 1082 1082 1038 1083 1083 1040 1084 1084 1042 1085 1085 1044 1086 1086 1046 1087 1087 1048 1088 1088 1050 1089 1089 1052 1090 1090 1054 1091 1091 1056 1092 1092 1058 1093 1093 1060 1094 1094 1062 1095 1095 1000 1064 1096 1065 1097 1097 1066 1098 1098 1067 1099 1099 1068 1100 1100 1069 1101 1101 1070 1102 1102 1071 1103 1103 1072 1104 1104 1073 1105 1105 1074 1106 1106 1075 1107 1107 1076 1108 1108 1077 1109 1109 1078 1110 1110 1079 1111 1111 1080 1112 1112 1081 1113 1113 1082 1114 1114 1083 1115 1115 1084 1116 1116 1085 1117 1117 1086 1118 1118 1087 1119 1119 1088 1120 1120 1089 1121 1121 1090 1122 1122 1091 1123 1123 1092 1124 1124 1093 1125 1125 1094 1126 1126 1095 1127 1127 1064 1096 1064 1127 1095 1095 1126 1094 1094 1125 1093 1093 1124 1092 1092 1123 1091 1091 1122 1090 1090 1121 1089 1089 1120 1088 1088 1119 1087 1087 1118 1086 1086 1117 1085 1085 1116 1084 1084 1115 1083 1083 1114 1082 1082 1113 1081 1081 1112 1080 1080 1111 1079 1079 1110 1078 1078 1109 1077 1077 1108 1076 1076 1107 1075 1075 1106 1074 1074 1105 1073 1073 1104 1072 1072 1103 1071 1071 1102 1070 1070 1101 1069 1069 1100 1068 1068 1099 1067 1067 1098 1066 1066 1097 1065 1065 1096 1064 1000 1095 1062 1062 1094 1060 1060 1093 1058 1058 1092 1056 1056 1091 1054 1054 1090 1052 1052 1089 1050 1050 1088 1048 1048 1087 1046 1046 1086 1044 1044 1085 1042 1042 1084 1040 1040 1083 1038 1038 1082 1036 1036 1081 1034 1034 1080 1032 1032 1079 1030 1030 1078 1028 1028 1077 1026 1026 1076 1024 1024 1075 1022 1022 1074 1020 1020 1073 1018 1018 1072 1016 1016 1071 1014 1014 1070 1012 1012 1069 1010 1010 1068 1008 1008 1067 1006 1006 1066 1004 1004 1065 1002 1002 1064 1000 1063 1062 1061 1061 1060 1059 1059 1058 1057 1057 1056 1055 1055 1054 1053 1053 1052 1051 1051 1050 1049 1049 1048 1047 1047 1046 1045 1045 1044 1043 1043 1042 1041 1041 1040 1039 1039 1038 1037 1037 1036 1035 1035 1034 1033 1033 1032 1031 1031 1030 1029 1029 1028 1027 1027 1026 1025 1025 1024 1023 1023 1022 1021 1021 1020 1019 1019 1018 1017 1017 1016 1015 1015 1014 1013 1013 1012 1011 1011 1010 1009 1009 1008 1007 1007 1006 1005 1005 1004 1003 1003 1002 1001 1001 1000 1063 1128 1129 1130 1130 1131 1132 1132 1133 1134 1134 1135 1136 1136 1137 1138 1138 1139 1140 1140 1141 1142 1142 1143 1144 1144 1145 1146 1146 1147 1148 1148 1149 1150 1150 1151 1152 1152 1153 1154 1154 1155 1156 1156 1157 1158 1158 1159 1160 1161 1162 1163 1163 1164 1165 1165 1166 1167 1167 1168 1169 1169 1170 1171 1171 1172 1173 1173 1174 1175 1175 1176 1177 1177 1178 1179 1179 1180 1181 1181 1182 1183 1183 1184 1185 1185 1186 1187 1187 1188 1189 1189 1128 1190 1190 1130 1191 1191 1132 1192 1192 1134 1193 1193 1136 1194 1194 1138 1195 1195 1140 1196 1196 1142 1197 1197 1144 1198 1198 1146 1199 1199 1148 1200 1200 1150 1201 1201 1152 1202 1202 1154 1203 1203 1156 1204 1204 1158 1205 1205 1160 1206 1160 1207 1208 1208 1206 1160 1160 1205 1158 1158 1204 1156 1156 1203 1154 1154 1202 1152 1152 1201 1150 1150 1200 1148 1148 1199 1146 1146 1198 1144 1144 1197 1142 1142 1196 1140 1140 1195 1138 1138 1194 1136 1136 1193 1134 1134 1192 1132 1132 1191 1130 1130 1190 1128 1128 1189 1188 1188 1187 1186 1186 1185 1184 1184 1183 1182 1182 1181 1180 1180 1179 1178 1178 1177 1176 1176 1175 1174 1174 1173 1172 1172 1171 1170 1170 1169 1168 1168 1167 1166 1166 1165 1164 1164 1163 1162 1162 1161 1208 1207 1160 1159 1159 1158 1157 1157 1156 1155 1155 1154 1153 1153 1152 1151 1151 1150 1149 1149 1148 1147 1147 1146 1145 1145 1144 1143 1143 1142 1141 1141 1140 1139 1139 1138 1137 1137 1136 1135 1135 1134 1133 1133 1132 1131 1131 1130 1129 1129 1128 1209 1209 1188 1210 1210 1186 1211 1211 1184 1212 1212 1182 1213 1213 1180 1214 1214 1178 1215 1215 1176 1216 1216 1174 1217 1217 1172 1218 1218 1170 1219 1219 1168 1220 1220 1166 1221 1221 1164 1222 1222 1162 1223 1223 1208 1207 1224 1159 1225 1225 1157 1226 1226 1155 1227 1227 1153 1228 1228 1151 1229 1229 1149 1230 1230 1147 1231 1231 1145 1232 1232 1143 1233 1233 1141 1234 1234 1139 1235 1235 1137 1236 1236 1135 1237 1237 1133 1238 1238 1131 1239 1239 1129 1240 1240 1209 1241 1241 1210 1242 1242 1211 1243 1243 1212 1244 1244 1213 1245 1245 1214 1246 1246 1215 1247 1247 1216 1248 1248 1217 1249 1249 1218 1250 1250 1219 1251 1251 1220 1252 1252 1221 1253 1253 1222 1254 1254 1223 1255 1255 1207 1224 1207 1255 1223 1223 1254 1222 1222 1253 1221 1221 1252 1220 1220 1251 1219 1219 1250 1218 1218 1249 1217 1217 1248 1216 1216 1247 1215 1215 1246 1214 1214 1245 1213 1213 1244 1212 1212 1243 1211 1211 1242 1210 1210 1241 1209 1209 1240 1129 1129 1239 1131 1131 1238 1133 1133 1237 1135 1135 1236 1137 1137 1235 1139 1139 1234 1141 1141 1233 1143 1143 1232 1145 1145 1231 1147 1147 1230 1149 1149 1229 1151 1151 1228 1153 1153 1227 1155 1155 1226 1157 1157 1225 1159 1159 1224 1207 1208 1223 1162 1162 1222 1164 1164 1221 1166 1166 1220 1168 1168 1219 1170 1170 1218 1172 1172 1217 1174 1174 1216 1176 1176 1215 1178 1178 1214 1180 1180 1213 1182 1182 1212 1184 1184 1211 1186 1186 1210 1188 1188 1209 1128 1206 1208 1161 1256 1257 1258 1259 1258 1260 1261 1260 1262 1263 1262 1264 1258 1259 1256 1262 1263 1261 1265 1264 1266 1267 1266 1268 1260 1261 1259 1266 1267 1265 1269 1268 1270 1271 1270 1272 1273 1274 1275 1275 1276 1277 1277 1278 1279 1279 1280 1281 1281 1282 1283 1283 1257 1284 1264 1265 1263 1270 1271 1269 1285 1286 1273 1276 1275 1274 1280 1279 1278 1257 1283 1282 1268 1269 1267 1271 1287 1285 1274 1273 1286 1282 1281 1280 1287 1271 1272 1278 1277 1276 1286 1285 1287 1257 1256 1284 1288 1289 1290 1292 1291 1290 1293 1292 1294 1295 1294 1296 1298 1297 1296 1299 1298 1300 1301 1302 1289 1303 1304 1302 1304 1306 1305 1307 1308 1305 1309 1310 1308 1311 1312 1310 1312 1314 1313 1315 1316 1313 1316 1318 1317 1319 1300 1317 1320 1321 1322 1323 1324 1325 1324 1323 1326 1327 1328 1329 1330 1325 1331 1332 1333 1334 1325 1330 1323 1335 1331 1328 1336 1337 1338 1339 1340 1341 1331 1335 1330 1328 1327 1335 1342 1329 1337 1343 1344 1345 1334 1346 1347 1324 1341 1340 1329 1342 1327 1337 1336 1342 1321 1320 1343 1345 1348 1332 1346 1334 1333 1347 1349 1339 1350 1338 1351 1344 1343 1320 1348 1345 1344 1333 1332 1348 1349 1347 1346 1340 1339 1349 1338 1350 1336 1321 1351 1322 1351 1321 1350 1341 1324 1326 1352 1353 1354 1355 1354 1356 1354 1355 1352 1357 1356 1358 1359 1360 1361 1362 1361 1363 1364 1363 1365 1366 1365 1353 1356 1357 1355 1367 1358 1368 1369 1370 1371 1371 1372 1373 1374 1375 1376 1376 1377 1378 1378 1379 1380 1380 1360 1381 1361 1362 1359 1365 1366 1364 1358 1367 1357 1367 1382 1369 1372 1371 1370 1373 1383 1374 1377 1376 1375 1360 1380 1379 1363 1364 1362 1382 1367 1368 1383 1373 1372 1379 1378 1377 1353 1352 1366 1375 1374 1383 1370 1369 1382 1360 1359 1381 1384 1385 1386 1387 1388 1385 1389 1390 1388 1391 1392 1390 1393 1394 1392 1395 1396 1394 1397 1398 1396 1399 1400 1398 1401 1402 1400 1403 1404 1402 1405 1406 1404 1407 1408 1406 1409 1410 1408 1411 1412 1410 1413 1414 1412 1415 1386 1414 1385 1384 1387 1414 1413 1415 1412 1411 1413 1410 1409 1411 1408 1407 1409 1406 1405 1407 1404 1403 1405 1402 1401 1403 1400 1399 1401 1398 1397 1399 1396 1395 1397 1394 1393 1395 1392 1391 1393 1390 1389 1391 1388 1387 1389 1386 1415 1384 1416 1417 1418 1419 1420 1416 1421 1422 1419 1423 1424 1421 1425 1426 1423 1427 1428 1425 1429 1430 1427 1431 1432 1433 1434 1435 1429 1435 1434 1431 1436 1433 1432 1437 1438 1436 1439 1440 1437 1441 1442 1439 1443 1444 1441 1445 1446 1443 1418 1447 1445 1447 1418 1417 1446 1445 1447 1444 1443 1446 1442 1441 1444 1440 1439 1442 1438 1437 1440 1433 1436 1438 1432 1431 1434 1430 1429 1435 1428 1427 1430 1426 1425 1428 1424 1423 1426 1422 1421 1424 1420 1419 1422 1417 1416 1420 1448 1449 1450 1451 1452 1453 1454 1455 1456 1457 1452 1451 1457 1458 1459 1460 1461 1462 1463 1464 1465 1452 1457 1459 1466 1458 1457 1467 1468 1469 1460 1470 1461 1455 1463 1465 1464 1471 1472 1473 1451 1453 1458 1466 1474 1475 1476 1477 1466 1478 1474 1479 1480 1481 1470 1454 1456 1455 1454 1463 1464 1463 1471 1473 1471 1451 1467 1478 1466 1479 1468 1467 1480 1482 1483 1482 1484 1483 1470 1460 1454 1478 1467 1469 1485 1479 1481 1480 1479 1482 1484 1486 1487 1488 1475 1489 1468 1479 1485 1484 1482 1486 1486 1490 1487 1476 1491 1477 1490 1492 1493 1489 1494 1488 1448 1491 1476 1460 1449 1448 1490 1486 1492 1493 1494 1495 1476 1475 1488 1491 1448 1450 1449 1460 1462 1494 1493 1492 1494 1489 1495 1471 1473 1472 1496 1497 1498 1499 1500 1501 1502 1503 1504 1505 1506 1507 1508 1509 1510 1511 1512 1513 1514 1515 1516 1517 1518 1519 1520 1521 1522 1523 1524 1525 1526 1527 1528 1529 1530 1531 1532 1533 1534 1535 1536 1537 1538 1539 1540 1541 1542 1543 1501 1544 1499 1544 1501 1497 1497 1496 1544 1504 1545 1502 1545 1504 1500 1500 1499 1545 1507 1546 1505 1546 1507 1503 1503 1502 1546 1510 1547 1508 1547 1510 1506 1506 1505 1547 1513 1548 1511 1548 1513 1509 1509 1508 1548 1516 1549 1514 1549 1516 1512 1512 1511 1549 1519 1550 1517 1550 1519 1515 1515 1514 1550 1522 1551 1520 1551 1522 1518 1518 1517 1551 1525 1552 1523 1552 1525 1521 1521 1520 1552 1528 1553 1526 1553 1528 1524 1524 1523 1553 1531 1554 1529 1554 1531 1527 1527 1526 1554 1534 1555 1532 1555 1534 1530 1530 1529 1555 1537 1556 1535 1556 1537 1533 1533 1532 1556 1540 1557 1538 1557 1540 1536 1536 1535 1557 1543 1558 1541 1558 1543 1539 1539 1538 1558 1498 1559 1496 1559 1498 1542 1542 1541 1559 1560 1561 1562 1563 1564 1561 1565 1566 1564 1567 1568 1566 1569 1570 1568 1571 1572 1570 1573 1574 1572 1575 1576 1577 1578 1574 1579 1574 1578 1575 1576 1580 1577 1581 1582 1580 1583 1584 1582 1585 1586 1584 1587 1588 1586 1589 1590 1588 1591 1562 1590 1562 1591 1560 1590 1589 1591 1588 1587 1589 1586 1585 1587 1584 1583 1585 1582 1581 1583 1580 1576 1581 1576 1575 1578 1574 1573 1579 1572 1571 1573 1570 1569 1571 1568 1567 1569 1566 1565 1567 1564 1563 1565 1561 1560 1563 1592 1593 1594 1594 1595 1596 1596 1597 1598 1598 1599 1600 1600 1601 1602 1602 1603 1604 1604 1605 1606 1606 1607 1608 1608 1609 1610 1610 1611 1612 1612 1613 1614 1614 1615 1616 1616 1617 1618 1618 1619 1620 1620 1621 1622 1622 1623 1624 1624 1625 1626 1626 1627 1628 1628 1629 1630 1630 1631 1632 1632 1633 1634 1634 1635 1636 1636 1637 1638 1638 1639 1640 1640 1641 1642 1642 1643 1644 1644 1645 1646 1646 1647 1648 1648 1649 1650 1650 1651 1652 1652 1653 1654 1654 1655 1592 1656 1594 1657 1657 1596 1658 1658 1598 1659 1659 1600 1660 1660 1602 1661 1661 1604 1662 1662 1606 1663 1663 1608 1664 1664 1610 1665 1665 1612 1666 1666 1614 1667 1667 1616 1668 1668 1618 1669 1669 1620 1670 1670 1622 1671 1671 1624 1672 1672 1626 1673 1673 1628 1674 1674 1630 1675 1675 1632 1676 1676 1634 1677 1677 1636 1678 1678 1638 1679 1679 1640 1680 1680 1642 1681 1681 1644 1682 1682 1646 1683 1683 1648 1684 1684 1650 1685 1685 1652 1686 1686 1654 1687 1687 1592 1656 1688 1657 1689 1689 1658 1690 1690 1659 1691 1691 1660 1692 1692 1661 1693 1693 1662 1694 1694 1663 1695 1695 1664 1696 1696 1665 1697 1697 1666 1698 1698 1667 1699 1699 1668 1700 1700 1669 1701 1701 1670 1702 1702 1671 1703 1703 1672 1704 1704 1673 1705 1705 1674 1706 1706 1675 1707 1707 1676 1708 1708 1677 1709 1709 1678 1710 1710 1679 1711 1711 1680 1712 1712 1681 1713 1713 1682 1714 1714 1683 1715 1715 1684 1716 1716 1685 1717 1717 1686 1718 1718 1687 1719 1719 1656 1688 1656 1719 1687 1687 1718 1686 1686 1717 1685 1685 1716 1684 1684 1715 1683 1683 1714 1682 1682 1713 1681 1681 1712 1680 1680 1711 1679 1679 1710 1678 1678 1709 1677 1677 1708 1676 1676 1707 1675 1675 1706 1674 1674 1705 1673 1673 1704 1672 1672 1703 1671 1671 1702 1670 1670 1701 1669 1669 1700 1668 1668 1699 1667 1667 1698 1666 1666 1697 1665 1665 1696 1664 1664 1695 1663 1663 1694 1662 1662 1693 1661 1661 1692 1660 1660 1691 1659 1659 1690 1658 1658 1689 1657 1657 1688 1656 1592 1687 1654 1654 1686 1652 1652 1685 1650 1650 1684 1648 1648 1683 1646 1646 1682 1644 1644 1681 1642 1642 1680 1640 1640 1679 1638 1638 1678 1636 1636 1677 1634 1634 1676 1632 1632 1675 1630 1630 1674 1628 1628 1673 1626 1626 1672 1624 1624 1671 1622 1622 1670 1620 1620 1669 1618 1618 1668 1616 1616 1667 1614 1614 1666 1612 1612 1665 1610 1610 1664 1608 1608 1663 1606 1606 1662 1604 1604 1661 1602 1602 1660 1600 1600 1659 1598 1598 1658 1596 1596 1657 1594 1594 1656 1592 1655 1654 1653 1653 1652 1651 1651 1650 1649 1649 1648 1647 1647 1646 1645 1645 1644 1643 1643 1642 1641 1641 1640 1639 1639 1638 1637 1637 1636 1635 1635 1634 1633 1633 1632 1631 1631 1630 1629 1629 1628 1627 1627 1626 1625 1625 1624 1623 1623 1622 1621 1621 1620 1619 1619 1618 1617 1617 1616 1615 1615 1614 1613 1613 1612 1611 1611 1610 1609 1609 1608 1607 1607 1606 1605 1605 1604 1603 1603 1602 1601 1601 1600 1599 1599 1598 1597 1597 1596 1595 1595 1594 1593 1593 1592 1655 1721 1722 1723 1723 1724 1725 1725 1726 1727 1727 1728 1729 1730 1731 1732 1732 1733 1734 1735 1736 1737 1737 1738 1739 1739 1740 1741 1741 1742 1743 1744 1745 1746 1746 1747 1748 1749 1750 1751 1751 1752 1753 1753 1754 1755 1755 1756 1757 1757 1758 1759 1759 1760 1761 1761 1762 1763 1763 1764 1765 1765 1766 1767 1767 1768 1769 1769 1770 1771 1771 1772 1773 1773 1774 1775 1775 1776 1777 1777 1720 1778 1778 1721 1779 1779 1723 1780 1780 1725 1781 1781 1727 1782 1782 1729 1783 1783 1730 1784 1784 1732 1785 1785 1734 1786 1786 1735 1787 1787 1737 1788 1788 1739 1789 1789 1741 1790 1790 1743 1791 1791 1744 1792 1792 1746 1793 1793 1748 1794 1795 1794 1748 1748 1793 1746 1746 1792 1744 1744 1791 1743 1743 1790 1741 1741 1789 1739 1739 1788 1737 1737 1787 1735 1735 1786 1734 1734 1785 1732 1732 1784 1730 1730 1783 1729 1729 1782 1727 1727 1781 1725 1725 1780 1723 1723 1779 1721 1721 1778 1720 1720 1777 1776 1776 1775 1774 1774 1773 1772 1772 1771 1770 1770 1769 1768 1768 1767 1766 1766 1765 1764 1764 1763 1762 1762 1761 1760 1760 1759 1758 1758 1757 1756 1756 1755 1754 1754 1753 1752 1752 1751 1750 1750 1749 1795 1795 1748 1747 1747 1746 1745 1744 1743 1742 1742 1741 1740 1740 1739 1738 1738 1737 1736 1735 1734 1733 1733 1732 1731 1730 1729 1728 1728 1727 1726 1726 1725 1724 1724 1723 1722 1721 1720 1796 1796 1776 1797 1774 1772 1798 1798 1770 1799 1799 1768 1800 1800 1766 1801 1764 1762 1802 1802 1760 1803 1758 1756 1804 1804 1754 1805 1805 1752 1806 1806 1750 1807 1808 1747 1809 1809 1745 1810 1810 1744 1811 1811 1742 1812 1812 1740 1813 1813 1738 1814 1814 1736 1815 1815 1735 1816 1816 1733 1817 1817 1731 1818 1818 1730 1819 1819 1728 1820 1820 1726 1821 1821 1724 1822 1822 1722 1823 1823 1721 1824 1824 1796 1825 1825 1797 1826 1826 1774 1827 1827 1798 1828 1828 1799 1829 1829 1800 1830 1830 1801 1831 1831 1764 1832 1832 1802 1833 1833 1803 1834 1834 1758 1835 1835 1804 1836 1836 1805 1837 1837 1806 1838 1838 1807 1839 1839 1795 1808 1795 1839 1807 1807 1838 1806 1806 1837 1805 1805 1836 1804 1804 1835 1758 1758 1834 1803 1803 1833 1802 1802 1832 1764 1764 1831 1801 1801 1830 1800 1800 1829 1799 1799 1828 1798 1798 1827 1774 1774 1826 1797 1797 1825 1796 1796 1824 1721 1721 1823 1722 1722 1822 1724 1724 1821 1726 1726 1820 1728 1728 1819 1730 1730 1818 1731 1731 1817 1733 1733 1816 1735 1735 1815 1736 1736 1814 1738 1738 1813 1740 1740 1812 1742 1742 1811 1744 1744 1810 1745 1745 1809 1747 1747 1808 1795 1795 1807 1750 1750 1806 1752 1752 1805 1754 1754 1804 1756 1758 1803 1760 1760 1802 1762 1764 1801 1766 1766 1800 1768 1768 1799 1770 1770 1798 1772 1774 1797 1776 1776 1796 1720 1794 1795 1749 1840 1841 1842 1843 1842 1844 1845 1844 1846 1847 1846 1848 1842 1843 1840 1846 1847 1845 1849 1848 1850 1851 1850 1852 1844 1845 1843 1850 1851 1849 1853 1852 1854 1855 1854 1856 1857 1858 1859 1859 1860 1861 1861 1862 1863 1863 1864 1865 1865 1866 1867 1867 1841 1868 1848 1849 1847 1854 1855 1853 1869 1870 1857 1860 1859 1858 1864 1863 1862 1841 1867 1866 1852 1853 1851 1855 1871 1869 1858 1857 1870 1866 1865 1864 1871 1855 1856 1862 1861 1860 1870 1869 1871 1841 1840 1868 1872 1873 1874 1876 1875 1874 1877 1876 1878 1879 1878 1880 1882 1881 1880 1883 1882 1884 1885 1886 1873 1887 1888 1886 1888 1890 1889 1891 1892 1889 1893 1894 1892 1895 1896 1894 1896 1898 1897 1899 1900 1897 1900 1902 1901 1903 1884 1901 1904 1905 1906 1907 1908 1909 1908 1907 1910 1911 1912 1913 1914 1909 1915 1916 1917 1918 1909 1914 1907 1919 1915 1912 1920 1921 1922 1923 1924 1925 1915 1919 1914 1912 1911 1919 1926 1913 1921 1927 1928 1929 1918 1930 1931 1908 1925 1924 1913 1926 1911 1921 1920 1926 1905 1904 1927 1929 1932 1916 1930 1918 1917 1931 1933 1923 1934 1922 1935 1928 1927 1904 1932 1929 1928 1917 1916 1932 1933 1931 1930 1924 1923 1933 1922 1934 1920 1905 1935 1906 1935 1905 1934 1925 1908 1910 1936 1937 1938 1939 1938 1940 1938 1939 1936 1941 1940 1942 1943 1944 1945 1946 1945 1947 1948 1947 1949 1950 1949 1937 1940 1941 1939 1951 1942 1952 1953 1954 1955 1955 1956 1957 1958 1959 1960 1960 1961 1962 1962 1963 1964 1964 1944 1965 1945 1946 1943 1949 1950 1948 1942 1951 1941 1951 1966 1953 1956 1955 1954 1957 1967 1958 1961 1960 1959 1944 1964 1963 1947 1948 1946 1966 1951 1952 1967 1957 1956 1963 1962 1961 1937 1936 1950 1959 1958 1967 1954 1953 1966 1944 1943 1965 1968 1969 1970 1971 1972 1969 1973 1974 1972 1975 1976 1974 1977 1978 1976 1979 1980 1978 1981 1982 1980 1983 1984 1982 1985 1986 1984 1987 1988 1986 1989 1990 1988 1991 1992 1990 1993 1994 1992 1995 1996 1994 1997 1998 1996 1999 1970 1998 1969 1968 1971 1998 1997 1999 1996 1995 1997 1994 1993 1995 1992 1991 1993 1990 1989 1991 1988 1987 1989 1986 1985 1987 1984 1983 1985 1982 1981 1983 1980 1979 1981 1978 1977 1979 1976 1975 1977 1974 1973 1975 1972 1971 1973 1970 1999 1968 2000 2001 2002 2003 2004 2000 2005 2006 2003 2007 2008 2005 2009 2010 2007 2011 2012 2009 2013 2014 2011 2015 2016 2017 2018 2019 2013 2019 2018 2015 2020 2017 2016 2021 2022 2020 2023 2024 2021 2025 2026 2023 2027 2028 2025 2029 2030 2027 2002 2031 2029 2031 2002 2001 2030 2029 2031 2028 2027 2030 2026 2025 2028 2024 2023 2026 2022 2021 2024 2017 2020 2022 2016 2015 2018 2014 2013 2019 2012 2011 2014 2010 2009 2012 2008 2007 2010 2006 2005 2008 2004 2003 2006 2001 2000 2004</p></triangles>
        <triangles material="m1" count="1008"><input semantic="VERTEX" source="#v" offset="0"/><p>2032 2033 2034 2033 2032 2035 2036 2037 2038 2037 2036 2039 2040 2041 2042 2041 2040 2043 2044 2045 2046 2045 2044 2047 2048 2049 2050 2049 2048 2051 2052 2053 2054 2053 2052 2055 2056 2057 2058 2057 2056 2059 2060 2061 2062 2061 2060 2063 2064 2065 2066 2065 2064 2067 2068 2069 2070 2069 2068 2071 2072 2073 2074 2073 2072 2076 2077 2076 2072 2074 2075 2079 2074 2079 2072 2078 2075 2074 2085 2088 2086 2090 2091 2092 2090 2092 2093 2084 2089 2087 2098 2099 2096 2107 2083 2082 2111 2094 2095 2111 2095 2112 2097 2116 2115 2117 2113 2114 2117 2114 2118 2119 2106 2120 2119 2105 2106 2094 2111 2110 2080 2121 2122 2087 2081 2084 2098 2100 2099 2105 2119 2102 2116 2097 2101 2082 2108 2107 2109 2124 2123 2104 2126 2127 2104 2127 2103 2104 2125 2126 2128 2129 2130 2131 2132 2133 2134 2130 2135 2136 2135 2137 2138 2139 2140 2138 2128 2141 2136 2143 2144 2130 2134 2128 2143 2136 2142 2142 2136 2137 2145 2144 2143 2133 2146 2147 2128 2138 2129 2139 2138 2141 2139 2131 2140 2132 2131 2139 2144 2145 2146 2146 2145 2147 2146 2133 2132 2148 2160 2149 2150 2161 2148 2151 2162 2150 2152 2163 2151 2153 2164 2152 2154 2165 2153 2156 2166 2155 2157 2167 2156 2158 2168 2157 2159 2169 2158 2149 2170 2159 2170 2149 2160 2169 2159 2170 2168 2158 2169 2167 2157 2168 2166 2156 2167 2171 2155 2166 2165 2154 2171 2164 2153 2165 2163 2152 2164 2162 2151 2163 2161 2150 2162 2160 2148 2161 2158 2157 2172 2152 2151 2173 2155 2171 2154 2175 2176 2174 2177 2178 2179 2178 2177 2180 2183 2184 2185 2188 2187 2186 2182 2181 2189 2190 2191 2192 2193 2190 2192 2195 2193 2196 2193 2195 2194 2195 2196 2197 2198 2197 2199 2198 2200 2201 2201 2200 2202 2197 2198 2195 2200 2198 2199 2203 2202 2204 2202 2203 2201 2205 2204 2206 2204 2205 2203 2205 2206 2207 2208 2207 2209 2190 2209 2191 2207 2208 2205 2209 2190 2208 2210 2211 2212 2213 2210 2212 2211 2210 2214 2210 2213 2215 2216 2217 2218 2219 2216 2220 2217 2216 2219 2221 2222 2223 2223 2222 2224 2225 2226 2227 2226 2225 2228 2229 2230 2231 2232 2229 2233 2229 2232 2230 2235 2234 2236 2236 2234 2237 2238 2239 2240 2239 2238 2241 2242 2243 2249 2249 2244 2250 2255 2253 2256 2269 2273 2272 2283 2286 2284 2290 2259 2289 2257 2258 2290 2293 2292 2247 2263 2264 2265 2265 2264 2266 2265 2266 2267 2270 2273 2269 2274 2273 2270 2279 2276 2280 2276 2279 2275 2281 2280 2276 2282 2284 2286 2286 2283 2287 2288 2289 2259 2259 2290 2258 2257 2256 2253 2253 2255 2252 2244 2249 2243 2248 2247 2292 2294 2295 2298 2298 2296 2299 2300 2301 2304 2304 2302 2305 2302 2304 2301 2306 2307 2311 2311 2308 2312 2317 2315 2318 2266 2268 2267 2321 2269 2268 2271 2275 2274 2277 2282 2281 2283 2288 2287 2285 2289 2288 2291 2256 2257 2255 2251 2252 2261 2250 2251 2254 2248 2242 2246 2294 2293 2296 2300 2299 2297 2301 2300 2303 2306 2302 2303 2307 2306 2308 2313 2312 2309 2314 2313 2316 2320 2319 2319 2315 2316 2314 2309 2310 2313 2308 2309 2300 2296 2297 2294 2246 2245 2293 2247 2246 2242 2249 2254 2250 2261 2260 2251 2255 2261 2257 2290 2291 2288 2283 2285 2282 2277 2278 2281 2276 2277 2274 2270 2271 2269 2321 2262 2268 2266 2321 2315 2319 2318 2315 2317 2314 2308 2311 2307 2306 2305 2302 2296 2298 2295 2343 2344 2341 2347 2348 2345 2375 2374 2373 2335 2334 2333 2353 2352 2351 2358 2360 2359 2380 2365 2364 2363 2361 2362 2349 2347 2346 2345 2346 2347 2341 2342 2343 2339 2338 2324 2322 2325 2329 2326 2329 2325 2327 2328 2335 2330 2335 2328 2332 2377 2331 2377 2332 2376 2378 2379 2375 2378 2379 2375 2372 2374 2375 2374 2373 2372 2374 2373 2372 2371 2370 2336 2336 2370 2337 2369 2368 2366 2367 2366 2336 2357 2356 2355 2354 2355 2356 2350 2351 2352 2340 2341 2344 2323 2324 2338 2386 2388 2387 2392 2398 2397 2399 2403 2404 2407 2413 2412 2421 2425 2424 2427 2431 2430 2428 2432 2431 2433 2437 2438 2440 2445 2444 2441 2446 2445 2451 2447 2448 2458 2453 2454 2459 2454 2455 2465 2462 2466 2381 2383 2382 2392 2393 2398 2398 2393 2399 2405 2402 2406 2407 2408 2413 2413 2409 2414 2415 2416 2419 2419 2417 2420 2420 2417 2421 2425 2423 2426 2428 2429 2432 2439 2436 2440 2441 2442 2446 2446 2443 2447 2448 2449 2452 2452 2450 2453 2459 2456 2460 2460 2457 2461 2462 2463 2467 2467 2464 2468 2467 2466 2465 2469 2468 2464 2464 2467 2463 2457 2460 2456 2456 2459 2455 2454 2453 2450 2450 2452 2449 2448 2447 2443 2443 2446 2442 2436 2439 2435 2433 2432 2429 2427 2426 2423 2423 2425 2422 2417 2419 2416 2415 2414 2409 2409 2413 2408 2403 2404 2410 2402 2405 2401 2401 2405 2400 2400 2399 2398 2400 2399 2398 2400 2399 2393 2395 2394 2393 2395 2394 2393 2391 2390 2470 2470 2390 2389 2385 2384 2383 2467 2466 2462 2462 2465 2461 2454 2459 2458 2448 2452 2451 2445 2440 2441 2437 2435 2439 2437 2434 2435 2437 2433 2434 2431 2427 2428 2425 2421 2422 2418 2415 2419 2418 2414 2415 2411 2407 2412 2411 2406 2407 2403 2400 2405 2403 2399 2400 2397 2391 2392 2396 2391 2397 2388 2389 2390 2388 2386 2389 2471 2472 2473 2472 2471 2474 2477 2476 2478 2476 2477 2475 2480 2481 2482 2481 2480 2479 2483 2484 2485 2484 2483 2486 2488 2487 2489 2487 2488 2490 2492 2493 2494 2495 2493 2491 2496 2497 2498 2499 2500 2501 2499 2501 2502 2503 2498 2504 2505 2506 2500 2498 2503 2496 2500 2499 2505 2508 2502 2509 2510 2509 2511 2512 2511 2513 2504 2507 2503 2502 2508 2499 2511 2512 2510 2509 2510 2508 2496 2513 2497 2516 2517 2514 2515 2514 2517 2519 2521 2520 2525 2522 2524 2522 2525 2523 2522 2520 2524 2527 2526 2522 2528 2522 2523 2522 2528 2527 2530 2526 2529 2532 2531 2534 2533 2535 2532 2535 2533 2536 2535 2538 2537 2538 2535 2536 2539 2518 2537 2538 2539 2537 2539 2538 2540 2544 2541 2543 2544 2542 2541 2541 2546 2545 2547 2549 2548 2550 2544 2543 2554 2552 2553 2551 2555 2550 2556 2544 2550 2557 2558 2559 2560 2561 2562 2561 2560 2558 2560 2563 2564 2563 2560 2562 2565 2563 2566 2563 2565 2564 2557 2559 2567 2566 2568 2565 2569 2570 2571 2569 2566 2570 2570 2572 2571 2566 2569 2568 2567 2573 2557 2573 2574 2575 2575 2572 2573 2573 2567 2574 2577 2578 2579 2576 2577 2579 2581 2580 2583 2583 2582 2581 2584 2585 2586 2586 2585 2587 2585 2584 2588 2589 2590 2591 2590 2589 2592 2594 2595 2596 2594 2593 2595 2597 2598 2599 2599 2598 2600 2598 2597 2601 2602 2603 2604 2604 2603 2605 2606 2607 2608 2608 2607 2609 2610 2612 2611 2612 2610 2613 2612 2613 2614 2615 2616 2614 2616 2615 2617 2618 2619 2617 2620 2621 2619 2622 2623 2621 2619 2618 2620 2617 2615 2618 2614 2613 2615 2625 2624 2627 2628 2629 2630 2631 2629 2626 2636 2637 2638 2658 2655 2656 2677 2679 2676 2697 2698 2696 2702 2700 2703 2700 2702 2699 2701 2696 2698 2632 2634 2633 2694 2693 2695 2691 2690 2692 2690 2691 2689 2688 2687 2685 2686 2685 2687 2685 2686 2684 2682 2681 2683 2681 2682 2680 2678 2676 2679 2675 2676 2678 2673 2672 2674 2670 2669 2671 2669 2670 2668 2667 2666 2664 2665 2664 2666 2664 2665 2663 2661 2660 2662 2660 2661 2659 2657 2655 2658 2654 2655 2657 2652 2650 2653 2650 2652 2649 2648 2647 2646 2651 2646 2647 2646 2651 2645 2643 2641 2644 2641 2643 2640 2639 2636 2638 2642 2637 2636 2635 2637 2642 2704 2705 2708 2707 2705 2709 2705 2704 2709 2707 2706 2705 2715 2716 2717 2726 2727 2728 2731 2730 2729 2732 2733 2736 2737 2738 2741 2755 2757 2756 2755 2756 2754 2759 2760 2758 2764 2763 2762 2767 2769 2768 2766 2770 2765 2770 2766 2771 2772 2773 2774 2772 2773 2774 2711 2775 2712 2718 2719 2720 2720 2719 2721 2723 2776 2724 2723 2776 2724 2722 2723 2725 2725 2777 2726 2725 2777 2726 2734 2735 2733 2736 2740 2739 2742 2741 2738 2746 2745 2744 2751 2753 2752 2772 2773 2774 2763 2761 2762 2748 2749 2750 2743 2744 2747 2714 2713 2710 2772 2774 2712 2785 2778 2786 2787 2788 2792 2792 2789 2793 2800 2799 2801 2803 2804 2805 2804 2803 2802 2806 2805 2804 2809 2810 2811 2812 2811 2810 2809 2810 2811 2812 2811 2810 2813 2809 2814 2809 2813 2808 2814 2815 2816 2817 2816 2815 2814 2815 2816 2817 2816 2815 2814 2815 2816 2817 2816 2815 2822 2818 2823 2818 2822 2817 2828 2829 2830 2822 2830 2829 2828 2829 2830 2825 2826 2831 2831 2827 2832 2833 2834 2835 2833 2834 2835 2840 2834 2841 2841 2836 2842 2840 2848 2841 2840 2848 2841 2849 2844 2850 2854 2855 2856 2854 2855 2856 2858 2854 2859 2859 2860 2861 2859 2860 2861 2859 2860 2861 2867 2863 2868 2873 2874 2875 2873 2874 2875 2870 2871 2876 2876 2872 2877 2878 2879 2880 2880 2878 2879 2886 2878 2879 2887 2879 2881 2886 2885 2893 2886 2885 2893 2895 2888 2889 2900 2899 2901 2900 2899 2901 2904 2898 2899 2905 2904 2906 2905 2904 2906 2907 2912 2905 2907 2913 2912 2916 2917 2915 2916 2917 2915 2916 2784 2783 2922 2784 2783 2922 2784 2783 2778 2787 2786 2780 2788 2787 2923 2785 2791 2923 2785 2791 2789 2794 2793 2790 2795 2794 2925 2796 2795 2925 2796 2795 2927 2928 2929 2802 2804 2930 2801 2799 2933 2794 2795 2793 2795 2925 2796 2798 2926 2792 2798 2797 2926 2798 2926 2792 2798 2797 2926 2795 2790 2791 2794 2789 2790 2787 2924 2788 2787 2786 2924 2787 2924 2788 2787 2786 2924 2787 2921 2780 2787 2778 2921 2779 2921 2780 2779 2778 2921 2779 2921 2780 2779 2778 2921 2784 2916 2917 2783 2915 2916 2919 2920 2912 2919 2918 2920 2919 2920 2912 2919 2918 2920 2913 2907 2908 2905 2906 2907 2905 2904 2906 2911 2903 2910 2906 2907 2905 2906 2907 2905 2898 2904 2903 2901 2902 2900 2901 2902 2900 2889 2896 2895 2888 2895 2894 2893 2887 2886 2893 2887 2886 2879 2887 2886 2878 2886 2885 2879 2881 2880 2879 2881 2880 2872 2876 2871 2867 2875 2874 2867 2875 2874 2863 2867 2862 2862 2861 2860 2862 2861 2860 2862 2861 2860 2854 2858 2853 2857 2856 2855 2857 2856 2855 2851 2850 2844 2844 2849 2843 2842 2841 2848 2842 2841 2848 2836 2841 2834 2834 2840 2833 2836 2835 2834 2836 2835 2834 2827 2831 2826 2822 2830 2829 2795 2793 2794 2795 2793 2794 2789 2792 2788 2791 2789 2790 2791 2789 2790 2778 2785 2784 2783 2781 2782 2783 2781 2782 2915 2781 2914 2914 2781 2913 2915 2913 2914 2915 2913 2914 2912 2919 2905 2910 2908 2909 2903 2910 2911 2910 2908 2909 2898 2910 2897 2896 2894 2895 2898 2896 2897 2896 2894 2895 2898 2896 2897 2896 2894 2895 2888 2902 2887 2892 2890 2891 2890 2888 2889 2892 2890 2891 2890 2888 2889 2878 2892 2877 2877 2884 2876 2884 2882 2883 2877 2884 2876 2877 2884 2876 2876 2884 2870 2870 2883 2869 2869 2882 2868 2872 2870 2871 2872 2870 2871 2867 2875 2862 2862 2875 2861 2858 2865 2866 2858 2865 2866 2853 2865 2852 2853 2851 2852 2853 2851 2852 2843 2857 2842 2847 2845 2846 2833 2847 2832 2904 2905 2919 2910 2898 2903 2896 2897 2910 2902 2888 2894 2886 2887 2902 2892 2878 2885 2883 2870 2884 2882 2869 2883 2859 2861 2875 2863 2864 2865 2863 2864 2865 2865 2853 2858 2851 2852 2865 2849 2850 2851 2849 2850 2851 2849 2850 2851 2857 2843 2849 2841 2842 2857 2843 2844 2845 2843 2844 2845 2847 2833 2840 2837 2838 2839 2837 2838 2839 2831 2839 2825 2825 2839 2824 2824 2837 2823 2837 2824 2839 2823 2824 2825 2825 2826 2827 2823 2824 2825 2817 2830 2816 2830 2817 2822 2816 2830 2814 2820 2821 2813 2818 2819 2820 2820 2821 2813 2818 2819 2820 2813 2807 2808 2820 2807 2813 2820 2806 2807 2803 2805 2806 2806 2807 2808 2803 2805 2806 2806 2807 2808 2803 2805 2806 2812 2802 2803 2812 2800 2802 2930 2931 2932 2781 2915 2783 2942 2944 2943 2942 2944 2943 2942 2949 2950 2957 2949 2950 2957 2949 2950 2953 2959 2958 2962 2964 2963 2962 2964 2963 2969 2970 2968 2969 2970 2968 2969 2970 2968 2976 2977 2978 2978 2979 2980 2984 2982 2983 2976 2977 2978 2970 2985 2986 2992 2986 2993 2992 2986 2993 2990 2994 2995 2997 2999 2998 2997 2999 2998 2997 3003 3004 3010 3003 3004 3010 3003 3004 3006 3012 3011 3015 3017 3016 3015 3017 3016 2982 2981 2983 2982 2981 2983 2982 2981 2983 3026 3028 3027 3026 3028 3027 3024 3029 3030 3032 3034 3033 3032 3034 3033 3032 3038 3039 3046 3038 3039 3046 3038 3039 3042 3048 3047 3051 3053 3052 3051 3053 3052 3058 3059 3057 3058 3059 3057 3058 3059 3057 3071 3073 3072 3071 3073 3072 3069 3074 3075 3077 3079 3078 3077 3079 3078 3083 3079 3084 2939 3086 2941 2941 3085 2942 2949 2945 2951 2951 2945 2952 2953 2955 2960 2969 2964 2970 2972 2973 2988 2996 2992 2997 3003 3000 2934 3006 3008 3013 3013 3008 3014 2982 3017 2981 2980 2978 3022 3031 3026 3032 3037 3030 3029 3038 3035 3040 3049 3042 3044 3059 3051 3053 3059 3053 3060 3067 3060 3062 3077 3070 3071 3070 3077 3076 3062 3069 3067 3051 3059 3058 3055 3047 3054 3044 3050 3049 3041 3042 3040 3042 3040 3035 3035 3038 3034 3026 3031 3025 3024 3022 2978 2980 2981 3017 3017 2982 3015 3006 2934 3000 3000 3003 2999 3002 3001 3000 2992 2996 2991 2988 2987 2985 2988 2987 2985 2990 2988 2973 2973 2972 2971 2973 2972 2971 2973 2972 2971 2964 2969 2962 2958 2966 2965 2958 2966 2965 2961 2960 2955 2953 2952 2951 2953 2952 2951 2953 2952 2945 2945 2949 2944 2947 2946 2945 2947 2946 2945 3085 2941 3086 2937 2936 2935 3079 3083 3077 3078 3077 3083 3076 3077 3078 3075 3082 3074 3081 3080 3082 3076 3077 3078 3075 3082 3074 3081 3080 3082 3076 3077 3078 3074 3070 3076 3074 3069 3070 3068 3069 3075 3068 3067 3069 3066 3065 3067 3070 3071 3072 3068 3067 3069 3066 3065 3067 3070 3071 3072 3068 3067 3069 3066 3060 3067 3065 3060 3066 3065 3059 3060 3056 3058 3057 3063 3062 3064 3061 3060 3062 3056 3058 3057 3063 3062 3064 3061 3060 3062 3057 3051 3058 3056 3051 3057 3056 3050 3051 3048 3047 3049 3055 3054 3047 3050 3051 3052 3048 3047 3049 3055 3054 3047 3050 3051 3052 3048 3042 3049 3041 3042 3047 3041 3040 3042 3045 3046 3039 3043 3042 3044 3041 3040 3042 3045 3046 3039 3043 3042 3044 3042 3041 3040 3034 3038 3032 3033 3032 3039 3031 3032 3033 3029 3030 3037 3037 3036 3035 3031 3032 3033 3029 3030 3037 3037 3036 3035 3031 3032 3033 3025 3029 3024 3029 3025 3031 3024 3023 3022 3023 3024 3030 3022 3021 3020 3025 3026 3027 3024 3023 3022 3022 3021 3020 3025 3026 3027 3024 3023 3022 3022 3021 2980 3020 2980 3021 2980 3020 2981 2984 2982 2983 2978 2979 2980 2982 2983 3015 3015 2984 3014 2984 3015 2983 3013 3012 3011 3011 3019 3018 3014 3015 3016 3013 3012 3011 3011 3019 3018 3014 3015 3016 3013 3012 3006 3006 3005 2934 3005 3006 3011 3009 3010 3004 3008 3007 3006 3006 3005 2934 3009 3010 3004 3008 3007 3006 3006 3005 2934 2999 3003 2997 2998 2997 3004 2996 2997 2998 2994 2995 3002 3002 3001 3000 2996 2997 2998 2994 2995 3002 2996 2997 2998 2991 2994 2990 2994 2991 2996 2990 2989 2988 2989 2990 2995 2991 2992 2993 2990 2989 2988 2991 2992 2993 2990 2989 2988 2988 2987 2972 2972 2985 2971 2985 2972 2987 2971 2985 2970 2967 2969 2968 2975 2974 2973 2967 2969 2968 2975 2974 2973 2969 2968 2962 2962 2967 2961 2967 2962 2968 2960 2959 2958 2961 2962 2963 2960 2959 2958 2961 2962 2963 2960 2959 2953 2952 2953 2958 2956 2957 2950 2955 2954 2953 2956 2957 2950 2955 2954 2953 2944 2949 2942 2943 2942 2950 2941 2942 2943 2940 2948 2947 2941 2942 2943 2940 2948 2947 2941 2942 2943 2941 2940 2939 2939 2938 2937 2938 2939 2940 3087 3088 3089 3088 3087 3090 3091 3092 3093 3092 3091 3094 3095 3096 3097 3096 3095 3098 3101 3099 3100 3099 3101 3102 3103 3104 3105 3104 3103 3106 3107 3108 3109 3108 3107 3110 3111 3112 3113 3112 3111 3114 3115 3116 3117 3116 3115 3118 3120 3121 3119 3121 3120 3122 3125 3124 3123 3124 3125 3126 3127 3128 3129 3128 3127 3130 3131 3132 3133 3132 3131 3134 3135 3136 3137 3136 3135 3138 3139 3140 3141 3140 3139 3142 3145 3143 3146 3143 3145 3144 3147 3148 3149 3148 3147 3150 3151 3152 3153 3152 3151 3154 3155 3156 3157 3156 3155 3158 3159 3161 3160 3161 3159 3162</p></triangles>
        <triangles material="m2" count="11251"><input semantic="VERTEX" source="#v" offset="0"/><p>3163 3164 3165 3166 3167 3163 3168 3169 3166 3170 3171 3168 3172 3173 3170 3174 3175 3172 3176 3177 3174 3178 3179 3176 3180 3181 3182 3181 3180 3178 3183 3182 3181 3184 3185 3186 3184 3186 3183 3187 3185 3188 3189 3190 3187 3191 3192 3189 3193 3194 3191 3195 3196 3193 3197 3198 3199 3198 3197 3195 3200 3199 3198 3201 3202 3200 3203 3204 3201 3205 3206 3203 3207 3208 3205 3209 3210 3207 3211 3212 3209 3213 3214 3211 3215 3216 3213 3217 3218 3215 3219 3220 3217 3221 3222 3219 3223 3224 3221 3224 3223 3225 3226 3225 3227 3165 3228 3226 3228 3165 3164 3225 3226 3228 3225 3223 3227 3222 3221 3224 3220 3219 3222 3218 3217 3220 3216 3215 3218 3214 3213 3216 3212 3211 3214 3210 3209 3212 3208 3207 3210 3206 3205 3208 3204 3203 3206 3202 3201 3204 3199 3200 3202 3195 3197 3229 3196 3195 3229 3194 3193 3196 3192 3191 3194 3190 3189 3192 3185 3187 3190 3185 3184 3188 3182 3183 3186 3178 3180 3230 3179 3178 3230 3177 3176 3179 3175 3174 3177 3173 3172 3175 3171 3170 3173 3169 3168 3171 3167 3166 3169 3164 3163 3167 3231 3232 3233 3234 3235 3236 3237 3238 3239 3239 3240 3231 3232 3231 3240 3235 3234 3241 3242 3243 3244 3240 3239 3238 3241 3234 3233 3245 3235 3241 3246 3245 3247 3242 3244 3248 3249 3244 3250 3233 3232 3241 3245 3246 3251 3244 3249 3248 3252 3236 3253 3235 3245 3251 3254 3242 3255 3256 3242 3252 3236 3252 3234 3246 3247 3257 3258 3259 3260 3242 3256 3255 3238 3237 3261 3259 3258 3247 3259 3243 3260 3252 3253 3256 3243 3259 3244 3247 3258 3257 3249 3262 3263 3263 3264 3265 3264 3263 3262 3266 3267 3268 3269 3268 3270 3271 3272 3273 3268 3269 3266 3274 3270 3275 3276 3275 3277 3278 3277 3279 3272 3271 3280 3281 3282 3283 3270 3274 3269 3277 3278 3276 3284 3285 3266 3286 3271 3273 3272 3280 3264 3287 3288 3289 3282 3281 3289 3282 3267 3283 3275 3276 3274 3290 3284 3286 3264 3280 3265 3291 3272 3264 3288 3292 3291 3287 3289 3293 3267 3282 3268 3285 3284 3290 3272 3291 3292 3288 3287 3294 3267 3266 3285 3292 3288 3294 3271 3286 3284 3295 3296 3297 3296 3295 3298 3299 3300 3301 3302 3303 3304 3300 3299 3296 3305 3301 3306 3307 3306 3308 3303 3302 3308 3309 3310 3302 3301 3305 3299 3308 3302 3307 3311 3312 3313 3314 3315 3316 3315 3295 3316 3309 3302 3304 3306 3307 3305 3312 3303 3308 3311 3313 3317 3318 3319 3320 3320 3321 3318 3295 3315 3298 3296 3298 3300 3312 3311 3322 3323 3324 3325 3321 3320 3261 3326 3310 3327 3315 3314 3328 3303 3312 3322 3329 3297 3296 3324 3323 3313 3324 3319 3325 3321 3261 3237 3310 3326 3318 3330 3331 3328 3310 3309 3327 3332 3329 3333 3319 3324 3320 3318 3326 3334 3333 3335 3336 3335 3337 3338 3331 3337 3339 3330 3328 3340 3297 3329 3332 3319 3318 3334 3341 3333 3329 3279 3342 3278 3337 3335 3339 3331 3330 3343 3313 3323 3317 3336 3335 3338 3339 3335 3342 3328 3314 3340 3342 3279 3339 3335 3333 3341 3337 3331 3343 3289 3281 3293 3262 3249 3250 3243 3242 3254 3344 3345 3346 3347 3348 3349 3350 3347 3351 3352 3349 3348 3348 3347 3350 3353 3354 3355 3354 3353 3356 3357 3355 3358 3355 3357 3353 3359 3360 3361 3362 3359 3363 3364 3361 3360 3360 3359 3362 3357 3347 3365 3366 3367 3368 3369 3365 3370 3349 3371 3372 3365 3373 3367 3366 3374 3371 3349 3375 3347 3373 3365 3369 3367 3366 3365 3374 3366 3368 3371 3349 3366 3376 3349 3372 3377 3347 3375 3375 3349 3376 3378 3347 3377 3370 3347 3378 3366 3379 3380 3380 3381 3346 3382 3353 3383 3365 3384 3385 3386 3387 3388 3357 3389 3390 3353 3387 3386 3386 3391 3384 3365 3392 3389 3393 3357 3390 3394 3353 3382 3391 3386 3388 3384 3365 3386 3392 3365 3385 3389 3357 3365 3383 3357 3393 3387 3353 3394 3386 3366 3395 3395 3380 3396 3396 3397 3398 3397 3396 3380 3345 3399 3400 3401 3396 3398 3345 3402 3403 3399 3396 3401 3402 3345 3400 3380 3404 3405 3399 3345 3396 3346 3403 3406 3407 3380 3405 3403 3346 3345 3408 3346 3406 3346 3404 3380 3404 3346 3408 3409 3386 3410 3410 3395 3411 3411 3396 3412 3412 3345 3413 3414 3410 3361 3361 3415 3416 3361 3417 3415 3411 3418 3419 3417 3361 3410 3359 3420 3421 3411 3422 3423 3361 3420 3359 3359 3418 3411 3422 3411 3419 3410 3424 3425 3420 3361 3416 3426 3359 3421 3410 3423 3424 3418 3359 3426 3423 3410 3411 3359 3412 3427 3427 3413 3428 3429 3346 3430 3346 3429 3344 3431 3432 3433 3434 3357 3432 3435 3433 3436 3357 3434 3437 3432 3431 3434 3438 3437 3434 3439 3347 3437 3440 3351 3439 3351 3440 3441 3442 3441 3440 3441 3442 3443 3444 3442 3445 3446 3447 3448 3444 3445 3446 3448 3447 3449 3447 3446 3445 3450 3379 3349 3449 3451 3452 3379 3450 3451 3451 3450 3452 3453 3379 3454 3454 3379 3451 3455 3381 3453 3456 3346 3381 3457 3430 3456 3430 3457 3458 3459 3458 3457 3458 3459 3460 3461 3459 3462 3463 3464 3465 3461 3462 3463 3465 3464 3466 3464 3463 3462 3467 3413 3345 3466 3468 3469 3413 3467 3468 3468 3467 3469 3470 3413 3471 3471 3413 3468 3472 3428 3470 3473 3427 3428 3427 3473 3474 3363 3427 3475 3363 3475 3476 3476 3475 3477 3478 3475 3479 3480 3481 3482 3478 3479 3483 3481 3480 3479 3479 3480 3483 3484 3485 3486 3487 3361 3485 3481 3486 3482 3361 3487 3414 3485 3484 3487 3488 3414 3487 3489 3409 3414 3409 3489 3490 3356 3409 3491 3356 3491 3492 3492 3491 3493 3494 3491 3495 3496 3435 3436 3494 3495 3497 3435 3496 3495 3495 3496 3497 3491 3494 3493 3409 3356 3353 3409 3490 3491 3414 3488 3489 3486 3481 3484 3475 3478 3477 3427 3363 3359 3427 3474 3475 3428 3472 3473 3413 3470 3428 3468 3466 3464 3459 3461 3460 3346 3456 3430 3381 3455 3456 3379 3453 3381 3451 3449 3447 3442 3444 3443 3347 3439 3351 3437 3438 3439 3433 3435 3431 3345 3498 3467 3349 3352 3450 3357 3358 3432 3361 3364 3485 3347 3357 3437 3347 3370 3365 3379 3366 3349 3381 3380 3379 3357 3383 3353 3366 3386 3365 3345 3344 3498 3380 3395 3366 3380 3407 3397 3386 3409 3353 3395 3410 3386 3396 3411 3395 3345 3412 3396 3410 3414 3409 3410 3425 3417 3412 3359 3411 3413 3427 3412 3499 3500 3501 3499 3502 3503 3502 3504 3505 3506 3507 3508 3509 3510 3507 3511 3512 3513 3514 3515 3516 3514 3517 3518 3519 3517 3520 3504 3502 3521 3506 3505 3504 3512 3511 3522 3523 3513 3524 3516 3523 3524 3501 3525 3526 3527 3528 3529 3530 3528 3531 3513 3523 3511 3532 3531 3533 3534 3533 3535 3534 3536 3537 3538 3536 3539 3540 3539 3541 3517 3519 3542 3543 3544 3545 3542 3546 3543 3528 3527 3547 3546 3542 3519 3544 3543 3546 3548 3549 3550 3505 3506 3508 3551 3552 3553 3536 3534 3535 3525 3554 3526 3522 3555 3512 3551 3544 3556 3548 3552 3557 3539 3540 3538 3531 3532 3530 3558 3527 3554 3500 3499 3503 3510 3509 3555 3515 3514 3518 3544 3551 3545 3552 3551 3556 3552 3548 3553 3549 3548 3557 3541 3549 3540 3536 3538 3537 3533 3534 3532 3528 3530 3529 3527 3558 3547 3554 3525 3558 3525 3501 3500 3502 3499 3521 3507 3506 3509 3555 3522 3510 3523 3516 3515 3517 3514 3520 3549 3541 3550 3559 3560 3561 3562 3563 3559 3564 3565 3562 3566 3567 3564 3568 3569 3566 3570 3571 3572 3573 3574 3570 3575 3573 3576 3575 3576 3577 3561 3578 3579 3580 3577 3576 3581 3582 3583 3583 3584 3585 3585 3586 3587 3587 3588 3589 3589 3590 3591 3591 3592 3593 3594 3595 3596 3594 3592 3595 3596 3597 3598 3598 3599 3600 3572 3601 3568 3600 3602 3580 3578 3561 3560 3560 3559 3563 3563 3562 3565 3565 3564 3567 3567 3566 3569 3569 3568 3601 3601 3572 3571 3571 3570 3574 3574 3573 3603 3573 3575 3603 3577 3580 3602 3602 3600 3599 3599 3598 3597 3597 3596 3595 3592 3594 3593 3592 3591 3590 3590 3589 3588 3588 3587 3586 3586 3585 3584 3584 3583 3582 3582 3581 3604 3604 3605 3606 3606 3607 3608 3608 3609 3610 3610 3611 3612 3612 3613 3614 3613 3615 3614 3616 3617 3618 3618 3579 3578 3579 3618 3617 3617 3616 3619 3615 3619 3616 3615 3613 3619 3613 3612 3611 3611 3610 3609 3609 3608 3607 3607 3606 3605 3605 3604 3581 3620 3621 3622 3623 3622 3624 3625 3624 3626 3627 3626 3628 3629 3628 3630 3631 3630 3632 3633 3632 3634 3635 3634 3636 3637 3636 3638 3639 3638 3640 3641 3642 3643 3644 3641 3645 3646 3645 3647 3648 3647 3649 3650 3649 3651 3652 3651 3653 3654 3653 3655 3656 3657 3621 3658 3659 3660 3661 3660 3662 3663 3662 3664 3665 3664 3666 3667 3666 3668 3669 3668 3670 3671 3670 3672 3673 3674 3657 3670 3671 3669 3668 3669 3667 3666 3667 3665 3664 3665 3663 3662 3663 3661 3660 3661 3658 3659 3658 3675 3655 3675 3654 3653 3654 3652 3651 3652 3650 3649 3650 3648 3647 3648 3646 3645 3646 3644 3641 3644 3676 3639 3643 3642 3677 3678 3674 3643 3639 3640 3642 3641 3676 3638 3639 3637 3636 3637 3635 3634 3635 3633 3632 3633 3631 3630 3631 3629 3628 3629 3627 3626 3627 3625 3624 3625 3623 3622 3623 3620 3621 3620 3656 3657 3656 3673 3674 3673 3677 3678 3677 3679 3672 3679 3671 3675 3655 3659 3679 3672 3678 3680 3681 3682 3683 3684 3685 3686 3687 3688 3689 3690 3691 3689 3685 3684 3692 3693 3694 3687 3695 3696 3690 3686 3688 3692 3683 3693 3694 3697 3698 3680 3698 3697 3681 3680 3699 3700 3701 3702 3703 3704 3705 3706 3707 3708 3690 3689 3686 3697 3694 3693 3701 3697 3693 3704 3700 3702 3703 3709 3710 3711 3712 3713 3714 3715 3716 3717 3718 3719 3720 3717 3721 3707 3722 3721 3685 3689 3691 3681 3699 3716 3704 3703 3700 3709 3703 3705 3723 3724 3725 3711 3713 3726 3714 3716 3727 3728 3729 3730 3717 3720 3731 3707 3706 3722 3695 3732 3696 3698 3680 3682 3710 3709 3729 3724 3723 3733 3712 3711 3734 3715 3726 3713 3718 3735 3719 3723 3736 3733 3729 3728 3737 3721 3722 3720 3732 3713 3712 3701 3700 3697 3712 3734 3725 3727 3716 3699 3738 3721 3717 3719 3735 3739 3736 3739 3735 3728 3730 3708 3706 3708 3730 3740 3741 3742 3743 3744 3745 3687 3686 3695 3715 3714 3726 3721 3738 3746 3746 3738 3699 3747 3699 3680 3736 3723 3739 3718 3717 3731 3741 3730 3729 3744 3740 3742 3748 3749 3750 3750 3751 3752 3752 3753 3754 3725 3724 3712 3699 3747 3746 3729 3737 3710 3744 3743 3740 3748 3745 3755 3749 3748 3755 3751 3750 3756 3753 3752 3757 3741 3740 3730 3750 3749 3756 3754 3753 3735 3735 3718 3754 3752 3751 3757 3745 3748 3743 3732 3695 3713 3684 3683 3692 3758 3759 3760 3761 3762 3759 3763 3764 3762 3765 3766 3764 3767 3768 3766 3769 3770 3768 3771 3772 3770 3773 3774 3772 3775 3776 3774 3777 3778 3776 3779 3780 3778 3780 3779 3781 3778 3777 3779 3776 3775 3777 3774 3773 3775 3772 3771 3773 3770 3769 3771 3768 3767 3769 3766 3765 3767 3764 3763 3765 3762 3761 3763 3759 3758 3761 3760 3781 3758 3781 3760 3780 3782 3783 3784 3785 3786 3787 3788 3787 3789 3790 3789 3791 3792 3791 3793 3794 3793 3783 3795 3784 3796 3797 3796 3798 3799 3798 3800 3801 3800 3802 3803 3802 3804 3802 3803 3801 3800 3801 3799 3798 3799 3797 3804 3805 3803 3786 3785 3805 3787 3788 3785 3789 3790 3788 3791 3792 3790 3793 3794 3792 3783 3782 3794 3784 3795 3782 3796 3797 3795 3805 3804 3786 3806 3807 3808 3807 3806 3809 3808 3810 3806 3811 3812 3810 3813 3814 3812 3815 3816 3814 3817 3818 3816 3819 3809 3820 3821 3822 3818 3823 3824 3822 3825 3826 3824 3827 3828 3826 3829 3820 3828 3810 3808 3811 3809 3819 3807 3820 3829 3819 3828 3827 3829 3826 3825 3827 3824 3823 3825 3822 3821 3823 3818 3817 3821 3816 3815 3817 3814 3813 3815 3812 3811 3813 3830 3831 3832 3833 3832 3834 3835 3836 3837 3838 3837 3839 3840 3839 3841 3842 3841 3843 3844 3843 3845 3846 3845 3847 3848 3847 3849 3850 3849 3851 3849 3850 3848 3847 3848 3846 3852 3851 3831 3851 3852 3850 3831 3830 3852 3832 3833 3830 3834 3853 3833 3836 3835 3853 3837 3838 3835 3839 3840 3838 3841 3842 3840 3843 3844 3842 3845 3846 3844 3853 3834 3836 3854 3855 3856 3857 3858 3855 3859 3860 3858 3861 3862 3860 3863 3864 3862 3865 3866 3864 3867 3868 3866 3869 3870 3868 3871 3872 3870 3873 3874 3872 3875 3876 3874 3877 3856 3876 3858 3857 3859 3855 3854 3857 3856 3877 3854 3876 3875 3877 3874 3873 3875 3872 3871 3873 3870 3869 3871 3868 3867 3869 3866 3865 3867 3864 3863 3865 3862 3861 3863 3860 3859 3861 3878 3879 3880 3879 3878 3881 3882 3878 3883 3884 3885 3886 3887 3885 3888 3887 3889 3890 3891 3889 3892 3893 3894 3895 3879 3894 3880 3878 3882 3881 3896 3883 3897 3896 3898 3884 3885 3887 3886 3889 3891 3890 3899 3892 3900 3893 3900 3901 3894 3879 3895 3883 3896 3882 3885 3884 3898 3892 3899 3891 3894 3893 3901 3898 3896 3897 3900 3893 3899 3889 3887 3888 3902 3903 3904 3905 3906 3903 3907 3908 3906 3909 3910 3908 3911 3912 3910 3913 3914 3912 3915 3916 3914 3917 3918 3916 3919 3920 3918 3921 3922 3920 3923 3924 3922 3925 3904 3924 3906 3905 3907 3903 3902 3905 3904 3925 3902 3924 3923 3925 3922 3921 3923 3920 3919 3921 3918 3917 3919 3916 3915 3917 3914 3913 3915 3912 3911 3913 3910 3909 3911 3908 3907 3909 3926 3927 3928 3929 3930 3927 3931 3932 3930 3933 3934 3932 3935 3936 3934 3937 3938 3936 3939 3940 3938 3941 3942 3940 3943 3944 3942 3945 3946 3944 3947 3948 3946 3949 3928 3948 3932 3931 3933 3927 3926 3929 3928 3949 3926 3948 3947 3949 3946 3945 3947 3944 3943 3945 3942 3941 3943 3940 3939 3941 3938 3937 3939 3936 3935 3937 3934 3933 3935 3930 3929 3931 3950 3951 3952 3953 3954 3955 3956 3954 3957 3954 3956 3955 3958 3957 3959 3951 3950 3960 3961 3950 3962 3957 3958 3956 3963 3959 3964 3965 3964 3966 3967 3966 3968 3950 3961 3960 3961 3969 3953 3959 3963 3958 3966 3967 3965 3967 3970 3971 3972 3970 3973 3969 3961 3962 3964 3965 3963 3970 3972 3971 3951 3973 3952 3954 3953 3969 3973 3951 3972 3970 3967 3968 3974 3975 3976 3975 3974 3977 3976 3978 3974 3979 3980 3978 3981 3982 3980 3983 3984 3982 3985 3986 3984 3987 3988 3986 3989 3990 3988 3991 3992 3990 3993 3994 3992 3995 3996 3994 3996 3995 3997 3994 3993 3995 3992 3991 3993 3990 3989 3991 3988 3987 3989 3986 3985 3987 3984 3983 3985 3982 3981 3983 3980 3979 3981 3978 3976 3979 3977 3997 3975 3997 3977 3996 3998 3999 4000 4001 4000 4002 4003 4004 3999 4005 4006 4004 4007 4008 4006 4009 4010 4008 4011 4012 4010 4013 4014 4012 4015 4016 4014 4017 4018 4016 4019 4020 4018 4020 4019 4021 4018 4017 4019 4016 4015 4017 4014 4013 4015 4012 4011 4013 4010 4009 4011 4008 4007 4009 4006 4005 4007 4004 4003 4005 3999 3998 4003 4000 4001 3998 4021 4002 4020 4002 4021 4001 4022 4023 4024 4025 4023 4026 4027 4028 4029 4030 4028 4031 4030 4032 4033 4034 4032 4035 4036 4037 4038 4022 4037 4039 4023 4025 4024 4040 4026 4041 4027 4041 4042 4028 4030 4029 4032 4034 4033 4043 4035 4044 4043 4045 4036 4037 4022 4038 4026 4040 4025 4028 4027 4042 4035 4043 4034 4037 4036 4045 4041 4027 4040 4045 4043 4044 4032 4030 4031 4023 4022 4039 4046 4047 4048 4049 4050 4047 4051 4052 4050 4053 4054 4052 4055 4056 4054 4057 4058 4056 4059 4060 4058 4061 4062 4060 4063 4064 4062 4065 4066 4064 4067 4068 4066 4069 4048 4068 4048 4069 4046 4068 4067 4069 4066 4065 4067 4064 4063 4065 4062 4061 4063 4060 4059 4061 4058 4057 4059 4056 4055 4057 4054 4053 4055 4052 4051 4053 4050 4049 4051 4047 4046 4049 4070 4071 4072 4073 4074 4071 4075 4076 4074 4077 4078 4076 4079 4080 4078 4081 4082 4080 4083 4084 4082 4085 4086 4084 4087 4088 4086 4089 4090 4088 4091 4092 4090 4093 4072 4092 4072 4093 4070 4092 4091 4093 4090 4089 4091 4088 4087 4089 4086 4085 4087 4084 4083 4085 4082 4081 4083 4080 4079 4081 4078 4077 4079 4076 4075 4077 4074 4073 4075 4071 4070 4073 4094 4095 4096 4097 4095 4098 4095 4097 4096 4099 4098 4100 4101 4102 4103 4104 4102 4105 4104 4106 4094 4098 4099 4097 4099 4107 4108 4109 4107 4110 4101 4111 4112 4102 4104 4103 4095 4094 4106 4107 4109 4108 4113 4114 4115 4116 4114 4111 4102 4101 4112 4107 4099 4100 4109 4117 4113 4114 4116 4115 4106 4104 4105 4114 4113 4117 4117 4109 4110 4111 4101 4116 4118 4119 4120 4121 4122 4119 4123 4124 4122 4125 4126 4124 4127 4128 4126 4129 4130 4128 4131 4132 4130 4133 4134 4132 4135 4136 4134 4137 4138 4136 4139 4140 4138 4141 4120 4140 4120 4141 4118 4140 4139 4141 4138 4137 4139 4136 4135 4137 4134 4133 4135 4132 4131 4133 4130 4129 4131 4128 4127 4129 4126 4125 4127 4124 4123 4125 4122 4121 4123 4119 4118 4121 4142 4143 4144 4145 4143 4146 4147 4148 4149 4144 4143 4150 4151 4143 4152 4143 4153 4154 4148 4155 4156 4143 4142 4157 4158 4159 4160 4157 4161 4143 4143 4145 4152 4162 4148 4163 4164 4158 4165 4166 4158 4161 4153 4161 4167 4168 4148 4156 4143 4169 4170 4148 4147 4171 4158 4172 4173 4161 4174 4166 4153 4143 4161 4148 4168 4143 4143 4175 4176 4143 4151 4169 4150 4143 4170 4149 4148 4162 4155 4148 4171 4172 4158 4164 4159 4158 4173 4174 4161 4157 4158 4166 4165 4175 4143 4168 4146 4143 4176 4158 4160 4177 4178 4179 4180 4181 4182 4183 4183 4184 4185 4186 4187 4188 4187 4189 4190 4191 4192 4193 4194 4195 4196 4195 4197 4198 4198 4199 4191 4192 4191 4199 4200 4201 4202 4203 4204 4205 4204 4194 4205 4197 4195 4206 4193 4192 4207 4201 4200 4208 4194 4204 4206 4199 4198 4197 4209 4201 4208 4200 4202 4188 4210 4211 4188 4181 4212 4213 4182 4181 4213 4214 4215 4216 4195 4194 4206 4217 4209 4195 4188 4202 4218 4211 4210 4219 4215 4214 4220 4196 4195 4209 4188 4218 4186 4219 4215 4220 4204 4203 4216 4188 4211 4200 4201 4209 4217 4214 4216 4221 4222 4223 4224 4225 4226 4227 4226 4225 4223 4225 4228 4229 4228 4225 4227 4229 4230 4231 4231 4232 4233 4233 4234 4235 4230 4229 4228 4234 4233 4232 4236 4222 4237 4232 4231 4230 4238 4235 4239 4223 4222 4226 4222 4236 4226 4240 4234 4232 4241 4242 4243 4244 4241 4243 4234 4240 4245 4246 4240 4247 4241 4244 4248 4249 4250 4241 4212 4181 4251 4240 4246 4245 4252 4242 4253 4250 4249 4254 4235 4238 4233 4255 4252 4253 4242 4241 4250 4256 4257 4207 4258 4259 4260 4261 4259 4256 4262 4185 4263 4215 4219 4210 4180 4264 4178 4265 4266 4267 4185 4262 4183 4268 4262 4263 4264 4269 4266 4270 4265 4271 4190 4271 4251 4262 4268 4272 4273 4274 4275 4269 4264 4180 4266 4265 4270 4271 4190 4189 4212 4271 4265 4272 4274 4276 4277 4275 4278 4178 4268 4179 4274 4273 4276 4275 4277 4273 4248 4277 4278 4268 4178 4272 4274 4272 4178 4279 4261 4280 4224 4223 4281 4282 4247 4255 4242 4252 4243 4283 4284 4285 4259 4258 4256 4261 4279 4286 4287 4280 4288 4236 4288 4280 4252 4255 4247 4284 4281 4223 4285 4260 4289 4257 4256 4258 4280 4287 4279 4247 4282 4246 4283 4285 4289 4207 4257 4193 4238 4239 4290 4260 4285 4258 4284 4283 4281 4290 4249 4238 4249 4290 4254 4259 4261 4286 4216 4203 4221 4187 4186 4189 4271 4212 4251 4184 4183 4182 4266 4269 4267 4288 4236 4237 4277 4248 4244 4291 4292 4293 4291 4294 4295 4296 4297 4298 4299 4300 4301 4302 4300 4303 4300 4302 4304 4300 4299 4303 4305 4306 4307 4294 4308 4309 4308 4297 4310 4308 4294 4297 4295 4311 4312 4313 4294 4309 4295 4314 4311 4295 4315 4316 4315 4294 4313 4315 4295 4294 4314 4295 4316 4306 4295 4312 4306 4305 4295 4297 4296 4310 4294 4291 4293 4317 4292 4318 4292 4317 4319 4292 4291 4318 4318 4320 4321 4322 4323 4324 4325 4326 4327 4328 4329 4330 4328 4331 4329 4331 4328 4332 4333 4328 4330 4326 4328 4333 4328 4326 4325 4334 4325 4327 4322 4335 4323 4325 4336 4322 4337 4325 4334 4336 4325 4337 4335 4322 4336 4318 4338 4339 4318 4340 4338 4340 4322 4324 4340 4318 4322 4341 4318 4339 4318 4342 4320 4342 4318 4341 4317 4321 4332 4321 4317 4318 4328 4317 4332 4325 4299 4301 4343 4344 4345 4346 4347 4348 4302 4349 4350 4303 4351 4352 4347 4351 4303 4353 4354 4355 4356 4357 4358 4359 4360 4361 4362 4363 4364 4364 4365 4366 4367 4368 4369 4367 4370 4371 4371 4372 4373 4374 4375 4376 4377 4378 4379 4380 4381 4382 4383 4384 4385 4388 4389 4390 4391 4392 4393 4394 4395 4396 4397 4398 4399 4400 4401 4402 4403 4404 4405 4361 4406 4407 4408 4409 4410 4411 4412 4413 4414 4415 4416 4382 4348 4347 4343 4345 4417 4418 4347 4346 4351 4347 4418 4303 4419 4420 4303 4421 4419 4422 4303 4352 4421 4303 4422 4303 4423 4302 4423 4303 4420 4302 4424 4349 4424 4302 4423 4425 4302 4350 4343 4425 4344 4425 4343 4302 4382 4426 4427 4382 4417 4426 4381 4417 4382 4417 4381 4343 4428 4382 4427 4348 4382 4428 4429 4430 4431 4432 4433 4356 4434 4432 4411 4433 4432 4434 4356 4435 4436 4437 4356 4433 4356 4438 4435 4438 4356 4437 4429 4439 4430 4440 4356 4436 4429 4440 4439 4440 4429 4356 4429 4415 4414 4415 4429 4431 4354 4441 4442 4414 4441 4354 4441 4414 4416 4355 4443 4444 4445 4354 4442 4355 4446 4443 4355 4447 4448 4354 4447 4355 4447 4354 4445 4446 4355 4448 4412 4444 4413 4444 4412 4355 4412 4411 4432 4449 4450 4451 4305 4307 4452 4353 4453 4454 4353 4452 4455 4452 4353 4305 4353 4456 4453 4456 4353 4455 4449 4457 4450 4458 4353 4454 4449 4458 4457 4458 4449 4353 4449 4310 4296 4310 4449 4451 4459 4407 4406 4408 4460 4409 4461 4462 4463 4362 4464 4465 4407 4464 4362 4466 4407 4459 4464 4407 4466 4317 4328 4467 4362 4468 4469 4470 4362 4465 4468 4362 4470 4362 4471 4461 4471 4362 4472 4461 4473 4462 4473 4461 4471 4474 4461 4463 4408 4474 4460 4474 4408 4461 4361 4475 4476 4361 4410 4475 4360 4410 4361 4410 4360 4408 4477 4361 4476 4406 4361 4477 4478 4479 4480 4359 4481 4482 4400 4481 4359 4481 4400 4402 4359 4483 4484 4359 4485 4483 4486 4359 4482 4485 4359 4486 4478 4487 4479 4359 4488 4478 4488 4359 4484 4487 4478 4488 4404 4478 4480 4404 4403 4478 4357 4489 4490 4489 4403 4405 4489 4357 4403 4358 4491 4492 4493 4357 4490 4358 4494 4491 4358 4495 4496 4357 4495 4358 4495 4357 4493 4494 4358 4496 4400 4492 4401 4492 4400 4358 4497 4498 4499 4380 4500 4501 4394 4500 4380 4500 4394 4396 4380 4502 4503 4380 4504 4502 4505 4380 4501 4504 4380 4505 4497 4506 4498 4380 4507 4497 4507 4380 4503 4506 4497 4507 4398 4497 4499 4398 4397 4497 4379 4508 4509 4378 4510 4511 4510 4397 4399 4510 4378 4397 4512 4378 4511 4379 4513 4508 4379 4514 4515 4378 4514 4379 4514 4378 4512 4513 4379 4515 4394 4509 4395 4509 4394 4379 4516 4517 4518 4388 4519 4377 4520 4388 4390 4519 4388 4520 4377 4521 4522 4523 4377 4519 4377 4524 4521 4524 4377 4523 4516 4525 4517 4526 4377 4522 4516 4526 4525 4526 4516 4377 4516 4392 4391 4392 4516 4518 4376 4527 4528 4375 4529 4530 4391 4529 4375 4529 4391 4393 4531 4375 4530 4376 4532 4527 4376 4533 4534 4375 4533 4376 4533 4375 4531 4532 4376 4534 4376 4389 4388 4389 4376 4528 4535 4536 4537 4383 4385 4538 4374 4539 4540 4374 4538 4541 4538 4374 4383 4374 4542 4539 4542 4374 4541 4535 4543 4536 4544 4374 4540 4535 4544 4543 4544 4535 4374 4535 4387 4386 4387 4535 4537 4372 4545 4546 4386 4545 4372 4545 4386 4387 4373 4547 4548 4549 4372 4546 4373 4550 4551 4373 4552 4553 4552 4372 4549 4552 4373 4372 4550 4373 4553 4547 4373 4551 4384 4548 4547 4384 4383 4548 4381 4380 4497 4378 4377 4516 4375 4374 4535 4372 4371 4370 4370 4367 4554 4366 4555 4556 4365 4557 4558 4554 4559 4560 4554 4369 4561 4369 4554 4367 4554 4562 4559 4562 4554 4561 4563 4554 4560 4554 4557 4365 4557 4554 4563 4564 4365 4558 4366 4565 4555 4365 4566 4366 4567 4365 4564 4566 4365 4567 4565 4366 4566 4367 4568 4569 4367 4570 4568 4570 4366 4556 4571 4367 4569 4367 4572 4368 4572 4367 4571 4365 4364 4363 4362 4469 4472 4570 4367 4366 4363 4362 4461 4360 4359 4478 4357 4356 4429 4354 4353 4449 4299 4325 4322 4573 4574 4575 4574 4573 4576 4580 4581 4582 4583 4584 4581 4585 4586 4587 4588 4589 4590 4591 4592 4593 4594 4595 4593 4595 4594 4596 4595 4597 4593 4598 4579 4599 4598 4599 4595 4579 4598 4577 4597 4595 4599 4591 4593 4597 4592 4600 4590 4600 4592 4591 4588 4590 4601 4589 4602 4603 4602 4589 4588 4604 4605 4606 4607 4602 4605 4607 4605 4604 4602 4607 4603 4604 4608 4587 4608 4604 4606 4585 4587 4608 4586 4609 4610 4609 4586 4585 4611 4587 4584 4587 4611 4604 4584 4583 4611 4581 4580 4583 4577 4612 4578 4613 4609 4612 4613 4612 4577 4609 4613 4610 4614 4615 4616 4615 4614 4617 4618 4619 4620 4621 4622 4618 4623 4624 4625 4626 4627 4628 4628 4629 4626 4630 4631 4629 4631 4630 4632 4629 4628 4630 4623 4633 4634 4623 4626 4633 4626 4623 4627 4625 4624 4621 4635 4623 4634 4624 4623 4635 4622 4621 4624 4619 4618 4622 4636 4637 4638 4639 4640 4641 4642 4638 4643 4638 4642 4636 4637 4636 4644 4644 4645 4637 4639 4646 4647 4648 4649 4650 4651 4650 4649 4650 4651 4652 4639 4644 4640 4647 4646 4648 4653 4639 4641 4646 4639 4653 4649 4648 4646 4644 4639 4645 4654 4655 4656 4655 4654 4657 4658 4659 4660 4659 4661 4660 4661 4662 4663 4662 4661 4664 4665 4663 4662 4666 4665 4667 4665 4666 4668 4659 4658 4669 4670 4669 4658 4661 4659 4664 4663 4665 4668 4671 4667 4672 4673 4671 4672 4674 4675 4676 4677 4673 4675 4675 4674 4677 4667 4671 4666 4671 4673 4678 4669 4670 4679 4673 4677 4678 4680 4681 4682 4681 4680 4683 4684 4685 4686 4686 4685 4687 4685 4684 4688 4689 4690 4691 4692 4691 4693 4694 4693 4695 4690 4689 4696 4691 4692 4689 4695 4697 4694 4698 4699 4700 4701 4702 4703 4704 4705 4706 4705 4704 4707 4706 4708 4701 4708 4706 4705 4702 4701 4708 4703 4709 4698 4709 4703 4702 4699 4698 4709 4710 4699 4697 4699 4710 4700 4697 4695 4710 4693 4694 4692 4711 4712 4713 4714 4711 4715 4711 4714 4712 4716 4717 4718 4718 4717 4719 4719 4720 4721 4721 4722 4723 4723 4722 4724 4725 4721 4720 4726 4722 4727 4722 4726 4728 4722 4728 4724 4729 4730 4731 4732 4731 4733 4731 4732 4734 4731 4734 4729 4730 4729 4726 4726 4727 4730 4722 4721 4725 4720 4719 4717 4717 4716 4735 4736 4737 4738 4737 4736 4739 4740 4741 4742 4743 4742 4744 4745 4744 4746 4744 4745 4743 4747 4746 4748 4749 4748 4750 4748 4749 4747 4749 4751 4752 4752 4753 4754 4753 4752 4751 4754 4755 4756 4756 4757 4758 4757 4756 4755 4758 4759 4760 4759 4758 4757 4755 4754 4753 4751 4749 4750 4746 4747 4745 4742 4743 4740 4741 4740 4761 4764 4763 4762 4763 4764 4765 4766 4767 4768 4768 4769 4770 4770 4771 4772 4772 4771 4773 4774 4770 4769 4775 4771 4776 4771 4775 4777 4771 4777 4773 4778 4779 4780 4781 4780 4782 4780 4781 4778 4779 4778 4775 4775 4776 4779 4769 4768 4767 4767 4766 4783 4771 4770 4774 4784 4785 4786 4786 4785 4787 4785 4784 4788 4789 4790 4791 4792 4791 4793 4794 4793 4795 4793 4794 4792 4796 4795 4797 4798 4797 4799 4797 4798 4796 4798 4800 4801 4801 4802 4803 4802 4801 4800 4803 4804 4805 4805 4806 4807 4806 4805 4804 4790 4789 4808 4791 4792 4789 4795 4796 4794 4800 4798 4799 4804 4803 4802 4807 4809 4810 4809 4807 4806 4811 4812 4813 4814 4811 4815 4811 4814 4812 4816 4817 4818 4818 4819 4820 4820 4821 4822 4822 4821 4823 4824 4820 4819 4825 4821 4826 4821 4825 4827 4821 4827 4823 4828 4829 4830 4831 4830 4832 4830 4831 4828 4829 4828 4825 4821 4820 4824 4819 4818 4817 4817 4816 4833 4825 4826 4829 4834 4835 4836 4835 4834 4837 4838 4836 4839 4834 4836 4838 4840 4841 4842 4843 4844 4841 4845 4846 4847 4848 4849 4850 4851 4852 4853 4854 4855 4856 4855 4854 4857 4856 4858 4851 4858 4856 4855 4852 4851 4858 4853 4859 4848 4859 4853 4852 4849 4848 4859 4860 4849 4846 4849 4860 4850 4846 4845 4860 4861 4847 4844 4847 4861 4845 4844 4843 4861 4841 4840 4843 4862 4863 4864 4865 4866 4862 4866 4865 4867 4862 4866 4863 4868 4869 4870 4871 4872 4868 4873 4874 4875 4876 4877 4878 4878 4879 4876 4880 4881 4879 4881 4880 4882 4879 4878 4880 4873 4883 4884 4873 4876 4883 4876 4873 4877 4875 4874 4871 4885 4873 4884 4874 4873 4885 4872 4871 4874 4869 4868 4872 4886 4887 4888 4889 4890 4891 4892 4893 4894 4894 4895 4896 4888 4897 4886 4898 4899 4897 4895 4894 4893 4893 4892 4890 4890 4889 4900 4900 4889 4901 4897 4888 4898 4889 4902 4901 4889 4886 4902 4886 4889 4887 4891 4890 4892 4899 4898 4903 4904 4905 4906 4907 4905 4904 4905 4907 4908 4909 4910 4911 4912 4913 4914 4913 4912 4909 4911 4915 4916 4917 4918 4919 4920 4921 4922 4923 4924 4925 4910 4909 4912 4926 4925 4927 4924 4923 4928 4929 4916 4915 4922 4928 4920 4928 4922 4924 4921 4920 4930 4918 4930 4919 4930 4918 4921 4918 4917 4929 4916 4929 4917 4915 4911 4910 4925 4926 4923 4931 4932 4933 4931 4934 4932 4934 4931 4935 4936 4937 4938 4939 4940 4937 4940 4939 4941 4937 4936 4939 4942 4943 4944 4942 4938 4943 4938 4942 4945 4946 4942 4944 4947 4942 4946 4948 4949 4947 4950 4951 4948 4952 4947 4949 4951 4950 4953 4949 4948 4951 4942 4947 4952 4938 4945 4936 4954 4955 4956 4957 4954 4958 4955 4954 4959 4954 4957 4959 4960 4961 4962 4963 4962 4964 4965 4964 4966 4964 4965 4963 4967 4966 4968 4969 4968 4970 4968 4969 4967 4969 4971 4972 4972 4973 4974 4971 4969 4970 4973 4972 4971 4974 4975 4976 4976 4977 4978 4977 4976 4975 4978 4979 4980 4979 4978 4977 4961 4960 4981 4962 4963 4960 4966 4967 4965 4975 4974 4973 4982 4983 4984 4983 4982 4985 4986 4983 4985 4983 4986 4987 4988 4989 4990 4991 4992 4993 4994 4995 4991 4996 4997 4998 4992 4991 4995 4995 4994 4997 4997 4996 4999 4999 4996 5000 4998 4997 4994 5001 4996 5002 4996 5001 5003 4996 5003 5000 5001 5002 4989 5004 4990 5005 4990 5004 4988 4989 4988 5001 5006 5007 5008 5007 5006 5009 5010 5009 5006 5011 5012 5013 5014 5013 5015 5016 5015 5017 5018 5017 5019 5020 5019 5021 5019 5020 5018 5020 5022 5023 5023 5024 5025 5024 5023 5022 5026 5027 5028 5027 5026 5029 5028 5030 5031 5030 5028 5027 5029 5025 5024 5022 5020 5021 5017 5018 5016 5013 5014 5011 5012 5011 5032 5015 5016 5014 5025 5029 5026 5034 5033 5035 5035 5036 5034 5036 5035 5037 5038 5039 5040 5041 5039 5038 5039 5041 5042 5043 5044 5045 5044 5043 5046 5045 5047 5043 5048 5049 5047 5050 5051 5052 5053 5054 5051 5054 5055 5056 5055 5054 5057 5056 5044 5058 5053 5051 5050 5054 5053 5057 5059 5060 5061 5058 5046 5062 5046 5058 5044 5060 5064 5046 5060 5059 5064 5046 5064 5062 5059 5065 5066 5065 5059 5061 5066 5067 5068 5069 5070 5071 5070 5069 5067 5071 5072 5073 5073 5074 5075 5063 5076 5050 5076 5075 5074 5076 5063 5075 5074 5073 5072 5074 5077 5078 5077 5074 5072 5071 5070 5072 5066 5065 5067 5056 5055 5044 5047 5045 5048 5049 5048 5079 5080 5081 5082 5080 5083 5081 5083 5080 5084 5085 5086 5087 5088 5089 5090 5091 5092 5093 5094 5095 5096 5089 5088 5097 5097 5098 5092 5092 5091 5099 5099 5091 5100 5096 5087 5094 5094 5091 5095 5091 5094 5101 5091 5101 5100 5087 5096 5085 5086 5085 5102 5098 5097 5088 5093 5092 5098 5103 5104 5105 5106 5107 5108 5107 5106 5109 5110 5108 5111 5108 5110 5106 5107 5109 5112 5111 5108 5113 5114 5115 5116 5115 5114 5108 5116 5115 5117 5117 5115 5118 5108 5114 5113 5107 5112 5119 5103 5105 5120 5121 5118 5115 5122 5123 5124 5128 5129 5130 5131 5132 5133 5134 5135 5136 5137 5138 5139 5142 5143 5144 5145 5146 5147 5148 5149 5150 5151 5152 5153 5154 5155 5156 5157 5158 5159 5160 5161 5162 5163 5164 5165 5166 5167 5164 5168 5169 5170 5171 5172 5173 5174 5175 5176 5177 5178 5179 5180 5181 5182 5183 5184 5185 5186 5187 5188 5103 5189 5104 5189 5107 5119 5189 5103 5107 5190 5191 5121 5190 5192 5193 5190 5120 5192 5120 5190 5103 5191 5190 5193 5194 5121 5191 5195 5121 5194 5118 5121 5195 5174 5196 5197 5176 5198 5199 5125 5198 5176 5200 5125 5127 5198 5125 5200 5176 5201 5174 5176 5202 5203 5204 5176 5199 5202 5176 5204 5201 5176 5203 5205 5174 5201 5174 5206 5196 5206 5174 5205 5207 5174 5197 5122 5207 5123 5207 5122 5174 5208 5209 5210 5209 5124 5210 5124 5209 5122 5209 5208 5211 5172 5212 5213 5211 5214 5215 5214 5211 5208 5172 5215 5212 5215 5172 5211 5126 5172 5213 5216 5217 5218 5219 5148 5216 5220 5221 5222 5121 5223 5190 5126 5125 5172 5180 5224 5225 5182 5226 5227 5131 5226 5182 5226 5131 5133 5182 5228 5180 5229 5182 5227 5182 5230 5231 5230 5182 5229 5228 5182 5231 5232 5180 5228 5180 5233 5224 5233 5180 5232 5129 5180 5225 5129 5128 5180 5128 5234 5235 5221 5220 5236 5236 5220 5237 5238 5163 5239 5163 5238 5220 5239 5163 5240 5241 5163 5242 5242 5163 5243 5163 5241 5244 5243 5165 5245 5246 5165 5247 5247 5165 5248 5165 5246 5245 5165 5243 5163 5249 5165 5223 5249 5223 5250 5165 5249 5251 5165 5251 5248 5163 5244 5240 5220 5238 5237 5222 5223 5220 5223 5222 5252 5223 5252 5253 5223 5253 5250 5223 5121 5220 5107 5254 5108 5217 5216 5255 5187 5186 5256 5184 5183 5257 5181 5180 5258 5178 5177 5235 5175 5174 5259 5172 5171 5211 5169 5168 5260 5260 5168 5261 5262 5168 5171 5168 5262 5263 5262 5171 5264 5265 5171 5266 5171 5265 5267 5266 5171 5268 5268 5173 5269 5270 5173 5271 5271 5173 5272 5173 5270 5269 5173 5268 5171 5273 5167 5274 5274 5167 5275 5167 5273 5173 5173 5273 5272 5171 5267 5264 5168 5263 5261 5170 5167 5168 5167 5170 5276 5167 5276 5277 5167 5277 5275 5167 5166 5168 5164 5163 5166 5161 5181 5278 5181 5161 5160 5279 5181 5258 5181 5279 5280 5281 5258 5282 5258 5281 5279 5181 5280 5283 5282 5258 5284 5285 5258 5157 5285 5157 5159 5258 5285 5284 5181 5283 5278 5158 5183 5286 5183 5158 5157 5287 5183 5288 5288 5183 5289 5183 5287 5290 5289 5185 5291 5292 5185 5293 5185 5292 5291 5293 5185 5294 5185 5289 5183 5295 5185 5160 5295 5160 5162 5185 5295 5294 5183 5290 5286 5296 5154 5186 5154 5296 5155 5297 5186 5298 5298 5186 5299 5186 5297 5300 5299 5188 5301 5302 5188 5303 5188 5302 5301 5303 5188 5304 5188 5299 5186 5304 5151 5305 5305 5151 5153 5151 5304 5188 5186 5300 5296 5152 5184 5306 5184 5152 5151 5307 5184 5257 5184 5307 5308 5309 5257 5310 5257 5309 5307 5184 5308 5311 5310 5257 5312 5313 5257 5314 5314 5156 5313 5156 5314 5154 5257 5313 5312 5184 5311 5306 5315 5128 5130 5148 5219 5149 5316 5216 5317 5317 5216 5318 5216 5316 5319 5318 5218 5320 5320 5218 5321 5321 5218 5322 5322 5218 5323 5218 5318 5216 5323 5145 5324 5324 5145 5147 5145 5323 5218 5216 5319 5219 5146 5145 5187 5146 5187 5325 5326 5187 5256 5187 5326 5327 5328 5256 5329 5256 5328 5326 5187 5327 5330 5329 5256 5331 5332 5148 5150 5148 5332 5256 5256 5332 5331 5187 5330 5325 5143 5254 5333 5334 5254 5335 5335 5254 5336 5254 5334 5333 5336 5337 5338 5338 5337 5339 5339 5337 5340 5340 5337 5341 5337 5336 5254 5341 5140 5141 5140 5341 5337 5254 5143 5142 5342 5140 5217 5140 5342 5141 5342 5217 5343 5344 5217 5255 5217 5344 5345 5346 5255 5347 5255 5346 5344 5217 5345 5348 5347 5255 5349 5217 5348 5343 5350 5142 5144 5142 5350 5255 5255 5350 5349 5351 5137 5175 5137 5351 5138 5352 5175 5259 5175 5352 5353 5354 5259 5355 5259 5354 5352 5175 5353 5356 5355 5259 5357 5357 5134 5358 5358 5134 5136 5134 5357 5259 5175 5356 5351 5135 5134 5177 5135 5177 5359 5360 5177 5361 5177 5360 5362 5361 5177 5363 5363 5179 5364 5365 5179 5366 5179 5365 5364 5366 5179 5367 5179 5363 5177 5368 5137 5139 5137 5368 5179 5179 5368 5367 5177 5362 5359 5369 5131 5178 5131 5369 5132 5370 5178 5235 5178 5370 5371 5372 5235 5373 5235 5372 5370 5178 5371 5374 5373 5235 5234 5178 5374 5369 5234 5128 5315 5254 5107 5337 5375 5376 5377 5378 5379 5380 5381 5382 5383 5384 5385 5386 5387 5383 5382 5375 5386 5385 5388 5389 5386 5388 5386 5377 5386 5375 5377 5390 5391 5392 5393 5390 5394 5395 5396 5381 5397 5398 5399 5399 5400 5401 5402 5394 5379 5378 5380 5403 5404 5405 5400 5390 5393 5406 5383 5398 5397 5401 5400 5405 5379 5407 5402 5391 5390 5406 5400 5399 5398 5394 5402 5408 5409 5395 5385 5410 5411 5412 5382 5381 5413 5379 5378 5407 5398 5383 5387 5414 5381 5396 5395 5415 5416 5417 5385 5384 5418 5404 5392 5405 5404 5419 5388 5412 5420 5410 5421 5422 5423 5381 5414 5424 5395 5425 5396 5395 5416 5409 5385 5417 5391 5418 5392 5418 5426 5427 5427 5376 5375 5394 5408 5393 5403 5410 5378 5404 5418 5419 5376 5427 5426 5395 5409 5425 5415 5395 5424 5413 5381 5423 5411 5410 5422 5410 5403 5421 5389 5388 5420 5412 5388 5410 5418 5391 5426 5428 5429 5430 5431 5432 5428 5433 5434 5435 5436 5437 5433 5434 5433 5437 5438 5439 5440 5435 5434 5441 5431 5428 5430 5439 5438 5442 5443 5440 5439 5444 5437 5436 5432 5442 5438 5429 5428 5437 5440 5445 5434 5429 5437 5444 5442 5432 5431 5445 5440 5443 5434 5445 5441 5446 5447 5448 5447 5446 5449 5450 5451 5452 5451 5450 5453 5454 5455 5456 5455 5454 5457 5458 5459 5460 5461 5462 5463 5464 5465 5466 5467 5468 5469 5462 5470 5463 5459 5471 5460 5472 5467 5465 5462 5461 5459 5471 5459 5461 5468 5458 5469 5462 5473 5470 5458 5468 5459 5467 5472 5468 5465 5464 5472 5474 5475 5466 5475 5473 5462 5473 5475 5474 5464 5466 5475 5476 5477 5478 5477 5476 5479 5480 5481 5482 5481 5480 5483 5484 5485 5486 5485 5484 5487 5488 5489 5490 5490 5491 5488 5492 5493 5491 5494 5495 5493 5496 5497 5495 5498 5499 5497 5500 5501 5499 5502 5503 5501 5504 5505 5503 5506 5507 5505 5508 5509 5507 5509 5508 5510 5507 5506 5508 5510 5511 5509 5505 5504 5506 5503 5502 5504 5501 5500 5502 5499 5498 5500 5497 5496 5498 5495 5494 5496 5493 5492 5494 5491 5490 5492 5511 5510 5489 5489 5488 5511 5512 5513 5514 5515 5516 5517 5518 5519 5513 5520 5521 5519 5522 5523 5521 5524 5525 5523 5526 5527 5525 5528 5529 5527 5530 5531 5529 5532 5533 5531 5514 5534 5512 5513 5512 5518 5519 5518 5520 5521 5520 5522 5523 5522 5524 5525 5524 5526 5527 5526 5528 5529 5528 5530 5531 5530 5532 5533 5532 5535 5535 5517 5533 5516 5515 5534 5534 5514 5516 5517 5535 5515 5536 5537 5538 5539 5540 5536 5541 5542 5543 5544 5540 5545 5546 5545 5547 5548 5547 5549 5550 5549 5551 5552 5551 5553 5554 5553 5555 5556 5555 5542 5553 5554 5552 5551 5552 5550 5549 5550 5548 5547 5548 5546 5545 5546 5544 5540 5544 5537 5542 5541 5556 5540 5539 5557 5557 5558 5559 5560 5561 5562 5541 5563 5564 5543 5562 5565 5562 5543 5560 5541 5566 5563 5541 5565 5566 5565 5541 5543 5560 5567 5561 5560 5558 5567 5558 5560 5559 5568 5557 5539 5569 5557 5568 5558 5557 5569 5537 5536 5540 5570 5537 5571 5538 5537 5570 5555 5556 5554 5572 5573 5574 5573 5572 5575 5573 5575 5576 5577 5578 5579 5580 5581 5582 5573 5582 5581 5581 5580 5578 5578 5577 5581 5573 5576 5582 5583 5584 5585 5586 5587 5588 5589 5590 5587 5591 5592 5590 5593 5594 5592 5595 5596 5594 5597 5598 5596 5599 5585 5598 5600 5584 5601 5601 5602 5603 5603 5602 5604 5604 5602 5605 5602 5601 5584 5606 5607 5608 5608 5607 5609 5609 5607 5600 5606 5610 5611 5610 5606 5612 5610 5612 5613 5614 5586 5588 5586 5614 5615 5586 5615 5616 5617 5588 5610 5584 5583 5602 5587 5586 5589 5590 5589 5591 5592 5591 5593 5594 5593 5595 5596 5595 5597 5598 5597 5599 5585 5599 5583 5584 5600 5607 5607 5606 5611 5610 5613 5617 5586 5616 5618 5588 5617 5614 5619 5620 5621 5621 5620 5622 5623 5624 5625 5626 5625 5624 5622 5620 5627 5625 5626 5628 5620 5619 5629 5627 5620 5624 5624 5623 5627 5630 5631 5632 5633 5632 5634 5635 5634 5636 5637 5636 5638 5639 5638 5640 5641 5640 5642 5643 5642 5644 5645 5644 5646 5647 5646 5648 5649 5648 5650 5651 5650 5652 5652 5653 5651 5631 5630 5653 5632 5633 5630 5634 5635 5633 5636 5637 5635 5638 5639 5637 5640 5641 5639 5642 5643 5641 5644 5645 5643 5646 5647 5645 5648 5649 5647 5650 5651 5649 5653 5652 5631 5654 5655 5656 5654 5657 5655 5654 5658 5657 5654 5659 5658 5654 5660 5659 5654 5661 5660 5654 5662 5661 5654 5663 5662 5654 5664 5663 5654 5665 5664 5654 5656 5666 5665 5654 5666 5667 5668 5669 5670 5671 5672 5673 5672 5674 5675 5674 5676 5677 5676 5678 5679 5678 5680 5681 5680 5682 5683 5682 5684 5685 5684 5686 5687 5686 5688 5689 5688 5668 5688 5689 5687 5668 5667 5689 5669 5690 5667 5671 5670 5690 5672 5673 5670 5674 5675 5673 5676 5677 5675 5678 5679 5677 5680 5681 5679 5682 5683 5681 5684 5685 5683 5686 5687 5685 5690 5669 5671 5691 5692 5693 5691 5693 5694 5691 5694 5695 5691 5695 5696 5691 5696 5697 5691 5697 5698 5691 5698 5699 5691 5699 5700 5691 5700 5701 5691 5701 5702 5691 5702 5703 5692 5691 5703 5704 5705 5706 5706 5707 5708 5707 5706 5705 5708 5709 5710 5709 5708 5707 5711 5709 5712 5713 5714 5715 5716 5714 5717 5718 5719 5720 5721 5719 5722 5709 5711 5710 5723 5712 5724 5714 5716 5715 5716 5725 5718 5719 5721 5720 5721 5726 5704 5712 5723 5711 5723 5727 5713 5725 5716 5717 5726 5721 5722 5727 5723 5724 5719 5718 5725 5714 5713 5727 5705 5704 5726 5728 5729 5730 5731 5732 5733 5734 5730 5735 5736 5737 5738 5730 5734 5728 5734 5732 5739 5740 5741 5742 5743 5737 5744 5732 5734 5735 5732 5731 5739 5740 5733 5745 5742 5746 5736 5737 5743 5738 5747 5744 5748 5733 5740 5731 5741 5740 5745 5746 5742 5741 5737 5736 5746 5744 5747 5743 5747 5749 5750 5749 5747 5748 5750 5729 5751 5729 5750 5749 5729 5728 5751 5752 5753 5754 5755 5756 5752 5757 5758 5755 5759 5760 5757 5761 5762 5759 5763 5764 5761 5765 5766 5763 5767 5768 5765 5769 5770 5767 5771 5772 5769 5773 5774 5771 5754 5775 5773 5775 5754 5753 5774 5773 5775 5772 5771 5774 5770 5769 5772 5768 5767 5770 5766 5765 5768 5764 5763 5766 5762 5761 5764 5760 5759 5762 5758 5757 5760 5756 5755 5758 5753 5752 5756 5776 5777 5778 5779 5780 5781 5782 5781 5783 5784 5783 5785 5786 5785 5787 5788 5787 5789 5790 5789 5791 5792 5791 5793 5794 5793 5795 5796 5795 5797 5798 5797 5799 5778 5799 5776 5799 5778 5798 5797 5798 5796 5795 5796 5794 5793 5794 5792 5791 5792 5790 5789 5790 5788 5787 5788 5786 5785 5786 5784 5783 5784 5782 5781 5782 5779 5780 5779 5777 5777 5776 5780 5800 5801 5802 5802 5803 5804 5803 5802 5801 5804 5805 5806 5805 5804 5803 5807 5805 5808 5809 5810 5811 5812 5810 5813 5814 5815 5816 5817 5815 5818 5805 5807 5806 5819 5808 5820 5810 5812 5811 5812 5821 5814 5815 5817 5816 5817 5822 5800 5808 5819 5807 5819 5823 5809 5821 5812 5813 5822 5817 5818 5823 5819 5820 5815 5814 5821 5810 5809 5823 5801 5800 5822 5824 5825 5826 5827 5828 5829 5830 5826 5831 5832 5833 5834 5826 5830 5824 5830 5828 5835 5836 5837 5838 5839 5833 5840 5828 5830 5831 5828 5827 5835 5836 5829 5841 5838 5842 5832 5833 5839 5834 5843 5840 5844 5829 5836 5827 5837 5836 5841 5842 5838 5837 5833 5832 5842 5840 5843 5839 5843 5845 5846 5845 5843 5844 5846 5825 5847 5825 5846 5845 5825 5824 5847 5848 5849 5850 5851 5852 5848 5853 5854 5851 5855 5856 5853 5857 5858 5855 5859 5860 5857 5861 5862 5859 5863 5864 5861 5865 5866 5863 5867 5868 5865 5869 5870 5867 5850 5871 5869 5871 5850 5849 5870 5869 5871 5868 5867 5870 5866 5865 5868 5864 5863 5866 5862 5861 5864 5860 5859 5862 5858 5857 5860 5856 5855 5858 5854 5853 5856 5852 5851 5854 5849 5848 5852 5872 5873 5874 5875 5876 5877 5878 5877 5879 5880 5879 5881 5882 5881 5883 5884 5883 5885 5886 5885 5887 5888 5887 5889 5890 5889 5891 5892 5891 5893 5894 5893 5895 5874 5895 5872 5895 5874 5894 5893 5894 5892 5891 5892 5890 5889 5890 5888 5887 5888 5886 5885 5886 5884 5883 5884 5882 5881 5882 5880 5879 5880 5878 5877 5878 5875 5876 5875 5873 5873 5872 5876 5896 5897 5898 5898 5899 5900 5899 5898 5897 5900 5901 5902 5901 5900 5899 5903 5901 5904 5905 5906 5907 5908 5906 5909 5910 5911 5912 5913 5911 5914 5901 5903 5902 5915 5904 5916 5906 5908 5907 5908 5917 5910 5911 5913 5912 5913 5918 5896 5904 5915 5903 5915 5919 5905 5917 5908 5909 5918 5913 5914 5919 5915 5916 5911 5910 5917 5906 5905 5919 5897 5896 5918 5920 5921 5922 5923 5924 5925 5926 5922 5927 5928 5929 5930 5922 5926 5920 5926 5924 5931 5932 5933 5934 5935 5929 5936 5924 5926 5927 5924 5923 5931 5932 5925 5937 5934 5938 5928 5929 5935 5930 5939 5936 5940 5925 5932 5923 5933 5932 5937 5938 5934 5933 5929 5928 5938 5936 5939 5935 5939 5941 5942 5941 5939 5940 5942 5921 5943 5921 5942 5941 5921 5920 5943 5944 5945 5946 5947 5948 5944 5949 5950 5947 5951 5952 5949 5953 5954 5951 5955 5956 5953 5957 5958 5955 5959 5960 5957 5961 5962 5959 5963 5964 5961 5965 5966 5963 5946 5967 5965 5967 5946 5945 5966 5965 5967 5964 5963 5966 5962 5961 5964 5960 5959 5962 5958 5957 5960 5956 5955 5958 5954 5953 5956 5952 5951 5954 5950 5949 5952 5948 5947 5950 5945 5944 5948 5968 5969 5970 5971 5972 5973 5974 5973 5975 5976 5975 5977 5978 5977 5979 5980 5979 5981 5982 5981 5983 5984 5983 5985 5986 5985 5987 5988 5987 5989 5990 5989 5991 5970 5991 5968 5991 5970 5990 5989 5990 5988 5987 5988 5986 5985 5986 5984 5983 5984 5982 5981 5982 5980 5979 5980 5978 5977 5978 5976 5975 5976 5974 5973 5974 5971 5972 5971 5969 5969 5968 5972 5993 5994 5995 5995 5996 5997 5996 5995 5994 6001 6000 6002 6005 6004 6006 5996 5998 5997 6007 5998 6008 6001 6009 6003 6005 6010 5992 6007 6011 5999 6009 6001 6002 6010 6005 6006 6011 6007 6008 6004 6003 6009 6000 5999 6011 5993 5992 6010 6012 6013 6014 6015 6016 6017 6014 6018 6012 6018 6016 6021 6022 6023 6024 6025 6020 6026 6016 6015 6021 6024 6027 6019 6028 6026 6029 6017 6022 6015 6020 6019 6027 6026 6028 6025 6030 6028 6029 6030 6013 6031 6013 6012 6031 6032 6033 6034 6035 6036 6032 6037 6038 6035 6039 6040 6037 6041 6042 6039 6043 6044 6041 6045 6046 6043 6047 6048 6045 6049 6050 6047 6051 6052 6049 6053 6054 6051 6034 6055 6053 6055 6034 6033 6054 6053 6055 6052 6051 6054 6050 6049 6052 6048 6047 6050 6046 6045 6048 6044 6043 6046 6042 6041 6044 6040 6039 6042 6038 6037 6040 6036 6035 6038 6033 6032 6036 6056 6057 6058 6059 6060 6061 6062 6061 6063 6064 6063 6065 6066 6065 6067 6068 6067 6069 6070 6069 6071 6072 6071 6073 6074 6073 6075 6076 6075 6077 6078 6077 6079 6058 6079 6056 6079 6058 6078 6077 6078 6076 6075 6076 6074 6073 6074 6072 6071 6072 6070 6069 6070 6068 6067 6068 6066 6065 6066 6064 6063 6064 6062 6061 6062 6059 6060 6059 6057 6057 6056 6060 6080 6081 6082 6082 6083 6084 6083 6082 6081 6084 6085 6086 6085 6084 6083 6087 6085 6088 6089 6090 6091 6092 6090 6093 6094 6095 6096 6097 6095 6098 6085 6087 6086 6099 6088 6100 6090 6092 6091 6092 6101 6094 6095 6097 6096 6097 6102 6080 6088 6099 6087 6099 6103 6089 6101 6092 6093 6102 6097 6098 6103 6099 6100 6095 6094 6101 6090 6089 6103 6081 6080 6102 6104 6105 6106 6107 6108 6109 6110 6106 6111 6112 6113 6114 6106 6110 6104 6110 6108 6115 6116 6117 6118 6119 6113 6120 6108 6110 6111 6108 6107 6115 6116 6109 6121 6118 6122 6112 6113 6119 6114 6123 6120 6124 6109 6116 6107 6117 6116 6121 6122 6118 6117 6113 6112 6122 6120 6123 6119 6123 6125 6126 6125 6123 6124 6126 6105 6127 6105 6126 6125 6105 6104 6127 6128 6129 6130 6131 6132 6128 6133 6134 6131 6135 6136 6133 6137 6138 6135 6139 6140 6137 6141 6142 6139 6143 6144 6141 6145 6146 6143 6147 6148 6145 6149 6150 6147 6130 6151 6149 6151 6130 6129 6150 6149 6151 6148 6147 6150 6146 6145 6148 6144 6143 6146 6142 6141 6144 6140 6139 6142 6138 6137 6140 6136 6135 6138 6134 6133 6136 6132 6131 6134 6129 6128 6132 6152 6153 6154 6155 6156 6157 6158 6157 6159 6160 6159 6161 6162 6161 6163 6164 6163 6165 6166 6165 6167 6168 6167 6169 6170 6169 6171 6172 6171 6173 6174 6173 6175 6154 6175 6152 6175 6154 6174 6173 6174 6172 6171 6172 6170 6169 6170 6168 6167 6168 6166 6165 6166 6164 6163 6164 6162 6161 6162 6160 6159 6160 6158 6157 6158 6155 6156 6155 6153 6153 6152 6156 6176 6177 6178 6179 6180 6176 6181 6182 6179 6183 6184 6181 6185 6186 6187 6183 6187 6188 6177 6176 6180 6180 6179 6182 6182 6181 6184 6187 6183 6185 6184 6183 6188 6190 6189 6191 6192 6193 6194 6195 6193 6196 6193 6195 6197 6193 6192 6196 6198 6199 6200 6201 6202 6203 6204 6202 6199 6202 6201 6205 6206 6207 6199 6199 6198 6206 6202 6208 6203 6200 6199 6202 6207 6206 6209 6202 6204 6208 6210 6211 6212 6213 6214 6215 6216 6217 6211 6214 6213 6217 6212 6218 6219 6217 6220 6214 6218 6212 6211 6211 6210 6221 6220 6217 6216 6211 6221 6216 6222 6223 6224 6225 6226 6227 6224 6228 6225 6229 6227 6226 6226 6225 6228 6228 6224 6223 6223 6222 6230 6231 6232 6233 6231 6234 6235 6234 6231 6233 6222 6232 6230 6232 6222 6236 6232 6231 6230 6227 6229 6237 6238 6239 6240 6241 6242 6243 6243 6239 6244 6245 6246 6247 6248 6249 6245 6244 6250 6248 6239 6243 6242 6239 6238 6244 6242 6241 6251 6252 6247 6246 6246 6245 6249 6249 6248 6250 6250 6244 6238 6247 6252 6253 6254 6255 6256 6257 6258 6259 6258 6257 6260 6256 6260 6257 6261 6262 6263 6263 6264 6254 6260 6256 6255 6255 6254 6264 6264 6263 6262 6262 6261 6265 6259 6258 6266 6266 6267 6259 6268 6269 6270 6269 6268 6271 6271 6272 6273 6272 6271 6268 6274 6275 6276 6277 6278 6274 6278 6277 6279 6275 6274 6278 6280 6281 6282 6282 6283 6284 6281 6280 6285 6283 6282 6281 6286 6287 6288 6289 6290 6291 6287 6286 6289 6290 6289 6286 6292 6293 6294 6295 6296 6292 6296 6295 6297 6293 6292 6296 6298 6299 6300 6301 6302 6298 6302 6301 6303 6299 6298 6302 6304 6305 6306 6305 6304 6307 6307 6308 6309 6308 6307 6304 6310 6311 6312 6311 6310 6313 6314 6312 6311 6312 6314 6315 6316 6317 6318 6317 6316 6319 6320 6321 6322 6321 6320 6323 6323 6318 6317 6318 6323 6320 6324 6325 6326 6327 6328 6324 6329 6330 6327 6330 6329 6331 6328 6327 6330 6325 6324 6328 6332 6333 6334 6333 6332 6335 6336 6337 6338 6337 6336 6339 6340 6341 6342 6341 6340 6343 6344 6345 6346 6345 6344 6347 6348 6349 6350 6349 6348 6351 6352 6353 6354 6353 6352 6355 6356 6357 6358 6357 6356 6359 6360 6361 6362 6361 6360 6363 6364 6365 6366 6365 6364 6367 6368 6369 6370 6369 6368 6371 6372 6373 6374 6373 6372 6375 6376 6377 6378 6377 6376 6379 6380 6381 6382 6381 6380 6383 6384 6385 6386 6385 6384 6387 6388 6389 6390 6389 6388 6391 6392 6393 6394 6393 6392 6395 6396 6397 6398 6397 6396 6399 6400 6401 6402 6401 6400 6403 6404 6405 6406 6405 6404 6407 6408 6409 6410 6409 6408 6411 6412 6413 6414 6413 6412 6415 6416 6417 6418 6417 6416 6419 6420 6421 6422 6421 6420 6423 6424 6425 6426 6425 6424 6427 6428 6429 6430 6429 6428 6431 6432 6433 6434 6433 6432 6435 6436 6437 6438 6437 6436 6439 6440 6441 6442 6441 6440 6443 6444 6445 6446 6445 6444 6447 6448 6449 6450 6449 6448 6451 6452 6453 6454 6453 6452 6455 6456 6457 6458 6457 6456 6459 6460 6461 6462 6461 6460 6463 6464 6465 6466 6465 6464 6467 6468 6469 6470 6469 6468 6471 6472 6469 6473 6469 6472 6470 6474 6473 6475 6473 6474 6472 6474 6476 6477 6476 6474 6475 6476 6478 6477 6478 6476 6479 6480 6481 6482 6481 6480 6483 6484 6485 6486 6485 6484 6487 6488 6489 6490 6489 6488 6491 6492 6493 6494 6495 6496 6488 6493 6492 6490 6491 6488 6496 6490 6497 6493 6496 6495 6498 6497 6490 6489 6499 6500 6501 6501 6502 6503 6500 6504 6505 6500 6499 6506 6501 6507 6499 6504 6500 6506 6507 6501 6508 6501 6500 6502 6509 6510 6511 6510 6509 6512 6513 6514 6515 6514 6513 6516 6517 6518 6519 6518 6517 6520 6521 6522 6523 6524 6522 6525 6526 6527 6528 6522 6521 6525 6521 6529 6530 6531 6532 6533 6529 6521 6523 6530 6534 6535 6528 6532 6536 6531 6537 6538 6534 6530 6529 6539 6540 6526 6532 6528 6527 6541 6542 6543 6543 6538 6537 6540 6539 6544 6534 6539 6535 6522 6524 6541 6538 6543 6542 6532 6531 6536 6537 6531 6533 6542 6541 6524 6539 6534 6544 6527 6526 6540 6545 6546 6547 6548 6547 6549 6550 6549 6551 6552 6551 6553 6554 6553 6555 6556 6555 6557 6555 6556 6554 6553 6554 6552 6547 6548 6545 6546 6545 6558 6549 6550 6548 6551 6552 6550 6559 6560 6561 6562 6563 6564 6559 6565 6566 6567 6568 6569 6565 6559 6561 6566 6570 6571 6567 6563 6572 6573 6568 6560 6570 6566 6565 6574 6575 6576 6563 6567 6564 6568 6567 6572 6568 6573 6569 6560 6559 6573 6574 6570 6577 6576 6578 6579 6570 6574 6571 6575 6574 6577 6580 6581 6582 6582 6579 6578 6563 6562 6580 6579 6582 6581 6581 6580 6562 6578 6576 6575 6583 6584 6585 6586 6587 6588 6584 6583 6587 6589 6590 6591 6592 6593 6590 6594 6595 6593 6595 6594 6596 6593 6592 6594 6590 6589 6592 6591 6585 6589 6585 6591 6583 6587 6586 6584 6597 6598 6599 6600 6601 6602 6603 6604 6605 6606 6607 6608 6597 6609 6603 6610 6611 6600 6606 6601 6612 6613 6607 6614 6609 6597 6599 6604 6603 6609 6605 6615 6610 6601 6600 6611 6601 6606 6602 6607 6606 6612 6607 6613 6608 6616 6617 6618 6615 6605 6604 6611 6610 6615 6616 6614 6619 6618 6598 6620 6614 6616 6613 6617 6616 6619 6598 6618 6617 6598 6597 6620 6621 6622 6623 6624 6625 6622 6626 6627 6625 6628 6623 6629 6627 6626 6630 6631 6630 6632 6633 6632 6634 6623 6628 6621 6632 6633 6631 6625 6624 6626 6630 6631 6627 6622 6621 6624 6635 6636 6637 6635 6638 6639 6640 6641 6642 6643 6644 6645 6646 6647 6643 6648 6649 6650 6637 6651 6648 6641 6640 6638 6645 6640 6642 6649 6648 6651 6650 6652 6653 6654 6652 6655 6644 6643 6647 6638 6635 6641 6651 6637 6636 6654 6656 6657 6652 6650 6649 6640 6645 6644 6652 6654 6653 6657 6658 6646 6636 6635 6639 6647 6646 6658 6656 6654 6655 6658 6657 6656 6659 6660 6661 6662 6661 6663 6664 6663 6665 6666 6665 6667 6668 6667 6669 6670 6669 6671 6669 6670 6668 6667 6668 6666 6665 6666 6664 6663 6664 6662 6661 6662 6659 6660 6659 6672 6673 6674 6675 6676 6677 6678 6679 6678 6680 6681 6680 6682 6683 6682 6684 6682 6683 6681 6680 6681 6679 6678 6679 6676 6677 6676 6685 6675 6685 6673 6674 6673 6686 6685 6675 6677 6687 6688 6689 6690 6691 6688 6692 6689 6693 6694 6693 6695 6696 6695 6697 6695 6696 6694 6693 6694 6692 6689 6692 6687 6688 6687 6690 6691 6690 6698 6698 6699 6691 6699 6698 6700 6701 6702 6703 6704 6705 6706 6707 6704 6701 6702 6701 6708 6704 6709 6710 6711 6701 6712 6709 6704 6707 6705 6704 6710 6708 6701 6711 6712 6701 6704 6713 6714 6715 6716 6717 6714 6718 6715 6719 6720 6719 6721 6722 6721 6723 6721 6722 6720 6719 6720 6718 6715 6718 6713 6724 6725 6726 6717 6716 6725 6714 6713 6716 6725 6724 6717 6727 6728 6729 6730 6731 6732 6733 6734 6730 6735 6736 6737 6734 6733 6738 6739 6728 6740 6728 6727 6740 6727 6741 6742 6742 6743 6744 6744 6745 6746 6741 6727 6729 6745 6744 6743 6743 6742 6741 6737 6745 6735 6736 6735 6747 6748 6747 6749 6739 6733 6750 6733 6739 6738 6731 6730 6734 6745 6737 6746 6747 6748 6736 6731 6749 6732 6728 6739 6750 6749 6731 6748 6751 6752 6753 6754 6753 6755 6756 6755 6757 6758 6757 6759 6760 6759 6761 6759 6760 6758 6757 6758 6756 6762 6763 6764 6752 6751 6763 6753 6754 6751 6755 6756 6754 6763 6762 6752 6765 6766 6767 6767 6768 6769 6770 6771 6772 6773 6774 6775 6775 6776 6765 6768 6767 6766 6777 6772 6771 6778 6779 6780 6781 6782 6783 6782 6781 6777 6784 6783 6782 6785 6769 6768 6786 6787 6770 6783 6784 6778 6787 6786 6773 6771 6770 6787 6772 6777 6781 6774 6773 6786 6766 6765 6776 6769 6785 6788 6788 6780 6779 6776 6775 6774 6780 6788 6785 6779 6778 6784 6789 6790 6791 6792 6793 6789 6794 6795 6796 6793 6792 6797 6790 6789 6793 6798 6791 6790 6795 6794 6798 6799 6796 6795 6800 6801 6799 6796 6799 6801 6791 6798 6794 6801 6800 6802 6803 6804 6805 6806 6807 6803 6808 6809 6810 6811 6810 6809 6812 6813 6811 6814 6815 6812 6816 6808 6817 6805 6818 6819 6820 6819 6818 6821 6820 6822 6815 6814 6823 6817 6824 6816 6818 6805 6804 6822 6825 6821 6810 6811 6813 6806 6826 6827 6820 6821 6819 6826 6806 6824 6828 6814 6825 6814 6828 6823 6813 6812 6815 6808 6816 6809 6804 6803 6807 6824 6817 6826 6825 6822 6828 6807 6806 6827 6829 6830 6831 6832 6833 6834 6835 6834 6836 6831 6837 6829 6838 6839 6837 6839 6838 6840 6841 6836 6842 6836 6841 6835 6834 6835 6832 6833 6832 6843 6830 6833 6843 6830 6829 6833 6837 6831 6838 6840 6844 6839 6844 6840 6845 6848 6849 6850 6851 6847 6846 6849 6847 6851 6847 6849 6848 6852 6853 6854 6855 6856 6857 6858 6859 6860 6861 6862 6863 6864 6865 6866 6867 6868 6869 6870 6866 6865 6868 6871 6872 6852 6854 6873 6874 6875 6876 6868 6867 6871 6853 6871 6867 6864 6873 6877 6866 6874 6878 6879 6876 6880 6873 6864 6852 6881 6864 6877 6870 6874 6866 6876 6879 6874 6879 6869 6868 6853 6852 6871 6865 6864 6881 6874 6870 6875 6882 6883 6855 6884 6885 6886 6887 6855 6883 6888 6884 6856 6889 6886 6890 6887 6856 6855 6884 6888 6891 6885 6884 6891 6890 6886 6885 6892 6866 6889 6856 6887 6888 6886 6866 6878 6893 6894 6895 6886 6889 6866 6893 6892 6894 6882 6895 6896 6892 6893 6866 6895 6882 6893 6897 6882 6896 6883 6882 6897 6858 6898 6899 6898 6858 6860 6900 6901 6902 6903 6899 6898 6904 6905 6906 6899 6900 6907 6908 6902 6909 6910 6855 6904 6903 6900 6899 6902 6908 6900 6906 6908 6909 6911 6912 6913 6900 6903 6901 6908 6906 6905 6905 6855 6857 6911 6910 6912 6858 6913 6859 6905 6904 6855 6910 6911 6855 6913 6858 6911 6899 6914 6862 6915 6916 6871 6862 6861 6899 6915 6917 6918 6919 6920 6921 6922 6923 6924 6921 6914 6899 6919 6924 6925 6923 6922 6871 6921 6899 6907 6920 6919 6925 6871 6922 6872 6926 6921 6920 6924 6919 6922 6916 6915 6927 6917 6915 6861 6914 6921 6926 6923 6871 6916 6927 6915 6918 6917 6861 6863 6869 6879 6880 6928 6929 6930 6929 6928 6931 6932 6933 6934 6933 6932 6935 6936 6937 6938 6937 6936 6939 6940 6941 6942 6941 6940 6943 6944 6945 6946 6947 6944 6948 6946 6945 6949 6945 6944 6947 6950 6951 6952 6951 6950 6954 6952 6951 6955 6954 6950 6953 6956 6958 6957 6961 6960 6959 6958 6960 6961 6960 6958 6956 6962 6963 6964 6963 6962 6965 6966 6967 6968 6967 6966 6969 6970 6971 6972 6971 6970 6973 6974 6975 6976 6975 6974 6977 6978 6979 6980 6981 6982 6983 6984 6985 6986 6987 6988 6989 6990 6991 6992 6993 6994 6995 6996 6997 6998 6978 6999 6979 7000 7001 7002 6985 6984 6994 7002 7001 7003 6988 6987 7004 7004 7005 7006 7007 7008 7009 7010 7011 7012 7013 7014 7015 7016 7017 7015 7018 7017 7019 7008 7010 6990 6987 6989 7020 7017 7016 7019 6990 7021 7022 7008 6990 6995 7023 6999 7024 7025 6992 6991 7026 6996 7013 7027 6996 6998 6982 7001 7000 7003 6984 6986 7005 6984 7028 6997 6996 7026 7029 7027 7025 7025 7030 7031 7003 7028 6984 7005 7004 6984 6996 7027 7029 7030 7025 7027 7015 7023 7032 7022 6995 6990 6979 6999 7033 7031 7030 7034 7021 6990 6992 6994 6993 7035 7010 7036 7037 7028 7003 7001 7014 7013 6996 7038 7039 7040 7033 6987 7020 6987 7033 6999 6995 7041 6993 7001 6982 6981 7008 7007 7011 7023 7015 6999 7013 7015 7032 7016 7015 7014 7038 7018 7039 7042 7038 7040 6991 6990 7043 7034 6979 7031 6992 7025 7031 7043 6990 7042 7018 7038 7017 7036 7010 7012 7011 7010 7008 6988 7004 7006 6985 6994 7035 6983 6982 7031 7038 7042 6990 6995 7022 7041 6992 7031 6982 6979 7034 6980 6999 6978 7024 7044 7045 7046 7047 7044 7048 7045 7044 7047 7046 7045 7049 7050 7051 7052 7053 7054 7055 7056 7057 7055 7058 7059 7060 7056 7054 7051 7056 7051 7058 7051 7050 7058 7054 7056 7055 7054 7053 7061 7057 7056 7062 7059 7058 7050 7063 7064 7065 7064 7063 7066 7067 7068 7069 7068 7067 7070 7071 7072 7073 7074 7075 7076 7077 7072 7078 7079 7080 7075 7075 7074 7079 7080 7079 7081 7080 7071 7075 7082 7071 7073 7072 7077 7073 7072 7071 7080 7071 7082 7083 7084 7085 7086 7085 7084 7087 7088 7089 7090 7091 7092 7093 7092 7091 7094 7092 7095 7093 7091 7096 7097 7096 7091 7093 7094 7091 7089 7094 7098 7099 7089 7088 7098 7098 7094 7089 7095 7092 7100 7101 7102 7103 7102 7101 7104 7107 7108 7105 7110 7107 7109 7105 7108 7106 7108 7107 7110 7111 7112 7113 7111 7113 7114 7112 7115 7116 7112 7111 7115 7117 7118 7119 7118 7120 7121 7121 7120 7122 7120 7118 7117 7123 7124 7125 7126 7127 7124 7128 7129 7127 7130 7131 7129 7132 7125 7133 7129 7128 7130 7127 7126 7128 7133 7134 7132 7125 7132 7123 7131 7130 7135 7134 7133 7136 7124 7123 7126 7137 7138 7139 7140 7139 7141 7142 7141 7143 7144 7143 7145 7146 7147 7138 7148 7149 7147 7149 7148 7150 7147 7146 7148 7138 7137 7146 7139 7140 7137 7141 7142 7140 7143 7144 7142 7151 7152 7153 7152 7151 7154 7155 7156 7157 7156 7155 7158 7159 7160 7161 7160 7159 7162 7163 7164 7165 7163 7166 7167 7168 7169 7170 7171 7169 7168 7172 7169 7171 7164 7169 7172 7164 7163 7169 7166 7163 7165 7173 7174 7175 7174 7173 7176 7177 7178 7179 7180 7181 7182 7180 7177 7181 7177 7180 7178 7183 7184 7185 7184 7183 7186 7189 7187 7190 7187 7189 7191 7192 7193 7194 7195 7196 7197 7199 7200 7201 7193 7197 7202 7201 7203 7195 7204 7190 7187 7205 7190 7206 7193 7207 7194 7208 7187 7188 7209 7188 7210 7209 7211 7212 7190 7205 7213 7187 7214 7204 7200 7199 7215 7193 7192 7198 7212 7187 7216 7187 7208 7216 7190 7204 7206 7189 7217 7218 7188 7209 7208 7187 7212 7211 7217 7219 7220 7218 7201 7200 7211 7209 7210 7214 7187 7211 7217 7189 7190 7221 7190 7213 7205 7211 7213 7211 7205 7214 7222 7213 7223 7213 7222 7221 7222 7217 7220 7219 7217 7190 7217 7222 7223 7190 7221 7219 7201 7218 7217 7224 7217 7223 7225 7223 7226 7223 7225 7224 7225 7201 7227 7228 7201 7217 7201 7225 7226 7217 7224 7228 7229 7201 7226 7230 7226 7231 7226 7230 7229 7230 7195 7203 7203 7201 7232 7195 7230 7231 7201 7229 7232 7196 7195 7231 7196 7194 7207 7194 7196 7231 7207 7193 7202 7197 7193 7195 7201 7228 7227 7233 7234 7235 7235 7236 7233 7236 7237 7238 7237 7236 7239 7234 7233 7240 7236 7235 7239 7241 7242 7243 7244 7245 7246 7247 7248 7249 7250 7251 7252 7243 7255 7241 7245 7244 7241 7256 7242 7257 7250 7258 7259 7256 7247 7249 7257 7253 7247 7254 7260 7250 7260 7254 7261 7251 7250 7260 7255 7243 7262 7253 7257 7263 7251 7264 7244 7258 7250 7252 7247 7256 7257 7244 7242 7241 7242 7256 7243 7264 7251 7260 7242 7244 7264 7248 7247 7265 7266 7267 7268 7269 7268 7270 7271 7272 7273 7274 7273 7275 7268 7269 7266 7267 7266 7276 7277 7276 7278 7276 7277 7267 7272 7271 7279 7273 7274 7271 7275 7278 7274 7278 7275 7277 7280 7281 7282 7283 7282 7284 7285 7284 7286 7287 7286 7288 7289 7288 7290 7291 7290 7292 7290 7291 7289 7288 7289 7287 7286 7287 7285 7284 7285 7283 7282 7283 7280 7281 7280 7293 7294 7295 7296 7295 7294 7297 7298 7296 7299 7300 7301 7302 7303 7302 7304 7296 7298 7294 7305 7306 7307 7306 7305 7308 7306 7299 7307 7309 7310 7301 7302 7303 7300 7301 7300 7309 7310 7309 7308 7308 7305 7310 7299 7306 7298 7311 7312 7313 7313 7314 7315 7315 7316 7317 7317 7318 7319 7320 7321 7311 7314 7313 7312 7318 7317 7316 7321 7320 7322 7322 7323 7324 7316 7315 7314 7323 7322 7320 7312 7311 7321 7325 7326 7327 7328 7329 7330 7331 7327 7329 7326 7325 7332 7327 7331 7325 7329 7328 7331 7330 7333 7328 7334 7335 7333 7336 7337 7335 7337 7336 7338 7335 7334 7336 7333 7330 7334 7339 7340 7341 7342 7343 7340 7344 7345 7343 7346 7347 7348 7349 7341 7347 7345 7344 7350 7348 7351 7346 7347 7346 7349 7341 7349 7339 7340 7339 7342 7343 7342 7344 7351 7348 7352 7353 7354 7355 7354 7353 7356 7357 7356 7358 7359 7358 7360 7361 7360 7362 7363 7362 7364 7365 7364 7366 7364 7365 7363 7362 7363 7361 7360 7361 7359 7358 7359 7357 7356 7357 7354 7367 7368 7369 7370 7371 7372 7368 7367 7371 7373 7374 7375 7376 7375 7377 7371 7370 7368 7372 7378 7370 7374 7373 7378 7379 7377 7380 7377 7379 7376 7375 7376 7373 7378 7372 7374 7381 7382 7383 7384 7385 7386 7385 7384 7387 7383 7388 7381 7387 7389 7385 7382 7381 7389 7388 7383 7390 7391 7392 7393 7394 7390 7392 7392 7391 7394 7389 7387 7382 7390 7394 7388 7395 7396 7397 7398 7399 7400 7401 7400 7402 7403 7402 7404 7399 7398 7405 7406 7404 7407 7408 7407 7396 7400 7401 7398 7402 7403 7401 7404 7406 7403 7407 7408 7406 7396 7395 7408 7409 7410 7411 7412 7413 7410 7414 7415 7413 7416 7411 7417 7418 7419 7420 7420 7421 7418 7419 7418 7422 7411 7416 7409 7410 7409 7412 7413 7412 7414 7421 7420 7415 7415 7414 7421 7423 7424 7425 7426 7425 7427 7428 7429 7424 7430 7431 7429 7432 7433 7431 7434 7435 7433 7435 7434 7436 7433 7432 7434 7431 7430 7432 7429 7428 7430 7424 7423 7428 7425 7426 7423 7437 7438 7439 7440 7441 7442 7443 7444 7445 7446 7447 7448 7449 7450 7451 7452 7453 7454 7454 7440 7442 7455 7456 7451 7457 7458 7455 7459 7460 7457 7461 7462 7459 7463 7464 7461 7465 7466 7463 7467 7468 7465 7469 7470 7467 7471 7472 7469 7471 7473 7474 7475 7476 7477 7478 7479 7475 7480 7481 7478 7482 7483 7484 7485 7482 7484 7486 7487 7485 7488 7489 7486 7490 7491 7488 7439 7492 7490 7476 7475 7479 7473 7477 7476 7477 7473 7471 7462 7461 7464 7472 7471 7474 7470 7469 7472 7468 7467 7470 7466 7465 7468 7464 7463 7466 7438 7437 7443 7479 7478 7481 7481 7480 7493 7493 7483 7482 7483 7493 7480 7482 7485 7487 7487 7486 7489 7489 7488 7491 7491 7490 7492 7492 7439 7494 7460 7459 7462 7458 7457 7460 7456 7455 7458 7440 7454 7453 7453 7452 7495 7449 7496 7450 7496 7449 7497 7449 7456 7498 7456 7449 7451 7498 7495 7452 7495 7498 7456 7447 7446 7496 7447 7497 7499 7497 7447 7496 7444 7443 7437 7444 7446 7448 7446 7444 7437 7441 7440 7494 7438 7494 7439 7494 7438 7441 7500 7501 7502 7503 7504 7505 7506 7507 7508 7509 7510 7511 7512 7513 7514 7513 7512 7515 7516 7517 7518 7510 7500 7502 7519 7520 7521 7522 7523 7524 7509 7511 7525 7520 7514 7526 7521 7527 7519 7512 7528 7515 7529 7530 7531 7510 7509 7500 7526 7514 7513 7520 7519 7532 7527 7521 7533 7516 7533 7534 7535 7536 7528 7537 7538 7539 7540 7529 7541 7501 7531 7530 7514 7520 7532 7533 7516 7527 7517 7516 7534 7542 7535 7543 7528 7512 7535 7538 7537 7544 7538 7523 7522 7545 7540 7541 7530 7529 7546 7501 7500 7531 7547 7542 7543 7523 7538 7544 7548 7549 7550 7551 7552 7548 7553 7554 7555 7556 7557 7558 7550 7549 7541 7554 7553 7551 7559 7560 7561 7557 7562 7505 7563 7558 7557 7552 7551 7553 7560 7559 7554 7564 7560 7562 7558 7563 7565 7549 7548 7552 7560 7564 7561 7557 7556 7562 7566 7541 7567 7567 7568 7569 7541 7549 7570 7562 7556 7564 7568 7567 7541 7568 7563 7569 7554 7559 7555 7563 7568 7565 7541 7566 7571 7504 7503 7572 7503 7505 7562 7573 7574 7575 7576 7574 7572 7577 7576 7578 7579 7580 7581 7574 7573 7572 7576 7577 7582 7583 7584 7585 7586 7587 7588 7519 7588 7532 7580 7589 7507 7581 7575 7590 7574 7576 7582 7584 7583 7578 7591 7592 7506 7507 7506 7587 7588 7519 7586 7579 7581 7590 7572 7573 7504 7585 7584 7591 7592 7591 7584 7587 7586 7507 7575 7581 7573 7506 7592 7587 7508 7507 7589 7578 7583 7577 7580 7579 7589 7547 7525 7539 7539 7511 7537 7542 7547 7593 7511 7539 7525 7540 7545 7594 7525 7547 7543 7518 7593 7547 7545 7541 7571 7522 7594 7545 7535 7542 7536 7593 7518 7517 7529 7540 7546 7594 7522 7524 7541 7570 7568 7595 7596 7597 7598 7599 7600 7601 7602 7603 7604 7605 7606 7607 7603 7608 7605 7604 7609 7606 7610 7604 7611 7612 7610 7613 7614 7612 7615 7616 7617 7617 7618 7615 7619 7620 7618 7621 7622 7620 7623 7624 7622 7625 7626 7627 7627 7628 7625 7629 7630 7628 7631 7632 7630 7633 7634 7632 7635 7636 7634 7610 7606 7611 7612 7611 7613 7614 7613 7637 7616 7614 7637 7616 7615 7614 7618 7617 7619 7620 7619 7621 7622 7621 7623 7624 7623 7638 7626 7624 7638 7626 7625 7624 7628 7627 7629 7630 7629 7631 7632 7631 7633 7634 7633 7635 7636 7635 7639 7602 7601 7640 7599 7598 7605 7599 7609 7641 7609 7599 7605 7641 7602 7640 7602 7641 7609 7596 7595 7598 7596 7600 7642 7600 7596 7598 7643 7644 7645 7603 7607 7601 7644 7643 7646 7608 7647 7607 7643 7595 7597 7595 7643 7645 7647 7608 7636 7648 7636 7639 7648 7645 7644 7649 7648 7639 7645 7648 7649 7636 7648 7647 7650 7651 7652 7653 7654 7655 7656 7655 7657 7658 7657 7659 7660 7659 7661 7662 7661 7663 7664 7663 7665 7652 7665 7650 7651 7650 7666 7667 7666 7668 7669 7670 7671 7654 7653 7670 7655 7656 7653 7657 7658 7656 7659 7660 7658 7661 7662 7660 7663 7664 7662 7665 7652 7664 7672 7668 7673 7666 7667 7651 7668 7672 7667 7673 7671 7672 7671 7673 7669 7670 7669 7654 7674 7675 7676 7674 7677 7675 7674 7678 7679 7674 7680 7678 7674 7681 7680 7674 7682 7681 7674 7683 7682 7674 7684 7683 7674 7685 7684 7674 7686 7685 7686 7674 7676 7674 7679 7677 7687 7688 7689 7688 7687 7690 7689 7691 7687 7692 7693 7691 7694 7695 7693 7691 7689 7692 7696 7697 7698 7699 7700 7697 7701 7702 7703 7704 7705 7702 7706 7707 7705 7708 7690 7707 7693 7692 7694 7695 7694 7709 7698 7709 7696 7697 7696 7699 7700 7699 7710 7703 7710 7701 7702 7701 7704 7705 7704 7706 7707 7706 7708 7690 7708 7688 7709 7698 7695 7710 7703 7700 7711 7712 7713 7711 7714 7715 7711 7716 7714 7711 7717 7716 7711 7718 7717 7711 7719 7718 7711 7720 7719 7711 7721 7720 7711 7722 7721 7711 7723 7722 7723 7711 7713 7711 7715 7712 7724 7725 7726 7727 7728 7729 7730 7731 7728 7732 7733 7731 7734 7735 7733 7736 7737 7735 7738 7739 7737 7740 7741 7739 7742 7743 7741 7744 7745 7743 7746 7747 7745 7725 7724 7747 7747 7746 7725 7745 7744 7746 7743 7742 7744 7741 7740 7742 7739 7738 7740 7737 7736 7738 7735 7734 7736 7729 7726 7727 7728 7727 7730 7731 7730 7732 7733 7732 7734 7726 7729 7724 7748 7749 7750 7749 7748 7751 7749 7752 7753 7749 7753 7754 7749 7754 7755 7749 7755 7756 7749 7756 7757 7749 7757 7758 7749 7758 7759 7749 7759 7760 7749 7760 7750 7749 7751 7752 7761 7762 7763 7764 7765 7766 7767 7763 7768 7769 7768 7770 7771 7770 7772 7773 7772 7774 7762 7761 7775 7776 7774 7765 7774 7776 7773 7772 7773 7771 7770 7771 7769 7768 7769 7767 7763 7767 7761 7766 7777 7764 7778 7779 7777 7780 7781 7779 7782 7783 7781 7784 7775 7783 7775 7784 7762 7783 7782 7784 7781 7780 7782 7779 7778 7780 7777 7766 7778 7765 7764 7776 7785 7786 7787 7786 7785 7788 7786 7788 7789 7786 7789 7790 7786 7790 7791 7786 7791 7792 7786 7792 7793 7786 7793 7794 7786 7795 7796 7786 7796 7797 7786 7797 7787 7786 7794 7795 7798 7799 7800 7799 7798 7801 7802 7803 7804 7805 7803 7802 7806 7807 7808 7803 7805 7809 7806 7805 7807 7802 7804 7810 7808 7807 7811 7805 7806 7809 7812 7813 7814 7813 7812 7815 7816 7817 7818 7817 7816 7819 7817 7819 7820 7816 7818 7821 7822 7823 7824 7823 7822 7825 7826 7827 7828 7827 7826 7829 7830 7827 7829 7827 7830 7831 7832 7833 7834 7833 7832 7835 7836 7837 7838 7837 7839 7840 7839 7837 7836 7840 7839 7841 7842 7843 7844 7845 7846 7847 7845 7848 7849 7850 7851 7848 7852 7853 7854 7855 7856 7857 7858 7859 7860 7861 7862 7863 7864 7865 7862 7845 7866 7846 7867 7868 7860 7848 7845 7850 7851 7850 7869 7869 7853 7851 7870 7855 7852 7871 7859 7872 7858 7860 7873 7861 7872 7858 7865 7864 7874 7866 7845 7843 7875 7845 7847 7856 7855 7870 7876 7859 7877 7859 7858 7872 7862 7861 7864 7878 7876 7856 7856 7879 7857 7880 7876 7878 7879 7876 7881 7881 7882 7879 7877 7859 7871 7876 7879 7856 7882 7881 7883 7884 7882 7883 7859 7876 7880 7885 7868 7886 7887 7888 7889 7890 7888 7865 7860 7891 7892 7893 7894 7884 7895 7896 7897 7885 7898 7899 7888 7887 7899 7865 7874 7890 7882 7884 7894 7899 7887 7900 7901 7902 7863 7888 7890 7889 7898 7903 7899 7904 7861 7863 7902 7901 7905 7893 7905 7894 7853 7852 7855 7845 7849 7843 7843 7842 7866 7844 7895 7897 7896 7906 7907 7898 7885 7886 7872 7861 7904 7901 7863 7862 7905 7893 7908 7853 7869 7854 7895 7844 7843 7906 7896 7895 7885 7899 7900 7868 7885 7860 7873 7860 7892 7891 7860 7885 7905 7908 7902 7867 7875 7868 7907 7906 7903 7845 7875 7867 7903 7898 7907 7909 7910 7911 7912 7913 7914 7915 7914 7913 7916 7917 7918 7919 7920 7921 7922 7923 7924 7925 7926 7927 7928 7929 7930 7931 7932 7933 7934 7931 7935 7936 7937 7938 7937 7939 7940 7913 7941 7942 7913 7912 7943 7917 7916 7944 7945 7946 7947 7948 7947 7949 7921 7920 7928 7950 7951 7952 7953 7928 7930 7929 7954 7930 7955 7935 7931 7931 7934 7956 7935 7938 7957 7939 7941 7940 7915 7944 7914 7958 7918 7946 7947 7948 7945 7949 7959 7948 7960 7961 7962 7933 7960 7962 7911 7933 7932 7951 7950 7919 7963 7952 7951 7935 7955 7964 7941 7913 7943 7912 7965 7943 7946 7945 7958 7959 7949 7966 7962 7961 7967 7933 7911 7968 7923 7969 7924 7953 7922 7928 7932 7931 7956 7935 7964 7926 7909 7911 7932 7959 7966 7961 7960 7933 7968 7969 7967 7961 7918 7958 7916 7969 7923 7967 7939 7937 7970 7920 7919 7950 7961 7960 7959 7944 7915 7917 7909 7912 7910 7965 7912 7971 7926 7972 7927 7935 7973 7974 7975 7976 7963 7912 7909 7971 7929 7926 7977 7935 7925 7973 7978 7935 7974 7979 7980 7975 7952 7963 7976 7926 7929 7972 7925 7935 7926 7980 7979 7978 7976 7975 7980 7941 7939 7942 7923 7922 7953 7937 7936 7970 7938 7935 7936 7929 7928 7920 7929 7977 7954 7935 7978 7979 7935 7957 7934 7981 7982 7983 7984 7985 7986 7987 7988 7985 7989 7990 7988 7991 7992 7990 7993 7994 7992 7995 7996 7994 7982 7981 7996 7996 7995 7982 7994 7993 7995 7992 7991 7993 7990 7989 7991 7988 7987 7989 7985 7984 7987 7986 7997 7984 7998 7999 7997 8000 8001 7999 8002 8003 8001 8004 7983 8003 7983 8004 7981 8003 8002 8004 8001 8000 8002 7999 7998 8000 7997 7986 7998 8005 8006 8007 8008 8009 8006 8010 8011 8009 8012 8013 8011 8014 8015 8013 8016 8017 8015 8018 8019 8017 8020 8021 8019 8022 8023 8021 8024 8025 8023 8026 8027 8025 8028 8007 8027 8007 8028 8005 8027 8026 8028 8025 8024 8026 8023 8022 8024 8021 8020 8022 8019 8018 8020 8017 8016 8018 8015 8014 8016 8013 8012 8014 8011 8010 8012 8009 8008 8010 8006 8005 8008 8029 8030 8031 8032 8033 8030 8034 8035 8033 8036 8037 8035 8038 8039 8037 8040 8041 8039 8042 8043 8041 8044 8045 8043 8046 8047 8045 8048 8049 8047 8050 8051 8049 8052 8031 8051 8031 8052 8029 8051 8050 8052 8049 8048 8050 8047 8046 8048 8045 8044 8046 8043 8042 8044 8041 8040 8042 8039 8038 8040 8037 8036 8038 8035 8034 8036 8033 8032 8034 8030 8029 8032 8053 8054 8055 8056 8057 8054 8058 8059 8057 8060 8061 8059 8062 8063 8061 8064 8065 8063 8066 8067 8065 8068 8069 8067 8070 8071 8069 8072 8073 8071 8074 8075 8073 8076 8055 8075 8055 8076 8053 8075 8074 8076 8073 8072 8074 8071 8070 8072 8069 8068 8070 8067 8066 8068 8065 8064 8066 8063 8062 8064 8061 8060 8062 8059 8058 8060 8057 8056 8058 8054 8053 8056 8077 8078 8079 8080 8081 8082 8083 8084 8081 8085 8086 8084 8087 8088 8086 8089 8090 8088 8091 8092 8090 8093 8094 8092 8095 8082 8096 8097 8096 8098 8099 8098 8100 8079 8100 8077 8100 8079 8099 8098 8099 8097 8096 8097 8095 8082 8095 8080 8081 8080 8083 8084 8083 8085 8086 8085 8087 8088 8087 8089 8090 8089 8091 8092 8091 8093 8094 8093 8078 8078 8077 8094 8101 8102 8103 8104 8105 8106 8107 8106 8108 8109 8108 8110 8111 8110 8112 8113 8112 8114 8115 8114 8116 8117 8116 8118 8119 8118 8120 8121 8120 8122 8123 8122 8102 8102 8101 8123 8122 8123 8121 8120 8121 8119 8118 8119 8117 8116 8117 8115 8114 8115 8113 8112 8113 8111 8110 8111 8109 8108 8109 8107 8106 8107 8104 8105 8104 8124 8103 8124 8101 8124 8103 8105 8125 8126 8127 8128 8129 8130 8129 8131 8130 8132 8133 8134 8135 8132 8136 8136 8137 8135 8138 8139 8137 8125 8139 8126 8140 8141 8142 8129 8128 8142 8131 8143 8144 8134 8133 8145 8137 8136 8138 8146 8147 8148 8148 8149 8146 8127 8150 8149 8151 8152 8153 8141 8154 8125 8142 8128 8140 8145 8144 8143 8132 8135 8155 8149 8148 8127 8150 8126 8151 8156 8151 8126 8157 8152 8158 8141 8140 8159 8133 8132 8155 8139 8138 8126 8152 8157 8153 8158 8160 8157 8161 8162 8163 8131 8129 8143 8152 8151 8156 8162 8161 8160 8164 8165 8163 8166 8167 8168 8169 8167 8147 8147 8146 8169 8161 8163 8165 8170 8171 8163 8167 8166 8164 8154 8141 8159 8165 8164 8166 8160 8158 8162 8167 8169 8168 8172 8173 8174 8175 8176 8177 8144 8145 8133 8178 8170 8179 8180 8181 8182 8183 8170 8184 8179 8170 8163 8185 8163 8162 8186 8178 8180 8181 8180 8187 8188 8175 8177 8189 8190 8191 8170 8183 8192 8163 8185 8179 8186 8180 8182 8175 8188 8181 8193 8177 8190 8189 8191 8194 8170 8192 8171 8178 8186 8195 8177 8193 8188 8190 8189 8196 8170 8178 8195 8190 8196 8193 8194 8197 8198 8197 8184 8198 8181 8187 8175 8197 8194 8191 8176 8175 8199 8200 8201 8173 8202 8201 8203 8201 8200 8143 8203 8201 8204 8143 8200 8205 8204 8201 8143 8206 8207 8202 8201 8202 8207 8208 8206 8209 8209 8210 8211 8212 8210 8213 8213 8214 8215 8207 8206 8208 8210 8212 8211 8214 8213 8199 8216 8199 8175 8217 8216 8175 8218 8172 8174 8173 8172 8200 8210 8209 8206 8199 8216 8214 8172 8218 8217 8143 8205 8145 8216 8217 8218 8213 8215 8212 8139 8125 8154 8150 8127 8126 8184 8197 8183 8219 8220 8221 8219 8222 8220 8223 8224 8225 8222 8226 8227 8224 8223 8226 8222 8227 8228 8221 8220 8229 8230 8231 8232 8233 8234 8235 8234 8236 8237 8222 8228 8220 8231 8230 8219 8236 8234 8238 8239 8237 8236 8240 8241 8242 8222 8219 8230 8235 8231 8233 8237 8239 8243 8241 8240 8239 8231 8235 8232 8239 8240 8243 8244 8241 8223 8234 8233 8238 8223 8225 8244 8241 8244 8242 8238 8245 8236 8238 8246 8247 8248 8249 8250 8220 8251 8252 8253 8254 8255 8249 8248 8256 8257 8258 8259 8260 8255 8254 8261 8262 8263 8264 8259 8265 8251 8266 8267 8248 8263 8262 8268 8269 8270 8259 8264 8257 8229 8252 8271 8266 8260 8267 8263 8248 8250 8262 8261 8268 8269 8268 8261 8258 8270 8269 8252 8229 8220 8271 8272 8229 8260 8266 8255 8266 8251 8220 8258 8257 8270 8271 8273 8272 8273 8274 8275 8273 8271 8276 8274 8273 8276 8277 8253 8278 8279 8280 8281 8254 8253 8282 8264 8283 8279 8284 8281 8280 8283 8264 8265 8280 8279 8283 8281 8284 8285 8286 8275 8287 8287 8275 8274 8288 8256 8289 8290 8286 8289 8289 8278 8285 8253 8277 8282 8275 8286 8290 8285 8288 8289 8256 8288 8249 8288 8285 8284 8278 8286 8277 8286 8278 8289 8270 8291 8268 8247 8292 8293 8294 8295 8296 8292 8247 8246 8297 8293 8292 8295 8294 8298 8299 8296 8300 8293 8301 8302 8300 8296 8295 8246 8238 8299 8301 8293 8297 8303 8304 8305 8306 8299 8238 8307 8308 8309 8303 8310 8270 8296 8299 8306 8308 8302 8301 8305 8307 8309 8303 8294 8310 8291 8270 8310 8308 8307 8302 8307 8305 8304 8311 8303 8270 8294 8303 8298 8312 8303 8311 8304 8303 8312 8245 8238 8247 8226 8222 8224 8313 8314 8315 8316 8317 8318 8318 8319 8320 8320 8321 8322 8322 8323 8324 8325 8326 8327 8325 8328 8329 8329 8330 8331 8317 8316 8332 8319 8318 8317 8321 8320 8319 8323 8322 8321 8326 8325 8333 8333 8323 8326 8323 8333 8324 8328 8325 8327 8330 8329 8328 8334 8331 8330 8335 8336 8334 8337 8338 8335 8339 8340 8337 8341 8342 8343 8344 8345 8339 8345 8344 8341 8346 8347 8348 8349 8343 8342 8331 8334 8336 8350 8348 8347 8351 8352 8350 8353 8354 8351 8355 8356 8353 8357 8358 8355 8359 8360 8357 8361 8362 8359 8363 8364 8361 8314 8313 8363 8332 8315 8314 8315 8332 8316 8343 8349 8346 8364 8363 8313 8362 8361 8364 8360 8359 8362 8358 8357 8360 8356 8355 8358 8354 8353 8356 8352 8351 8354 8348 8350 8352 8347 8346 8349 8342 8341 8344 8340 8339 8345 8338 8337 8340 8336 8335 8338 8365 8366 8367 8366 8365 8368 8369 8368 8370 8371 8372 8373 8372 8371 8374 8373 8369 8370 8375 8371 8376 8367 8377 8365 8378 8379 8377 8380 8381 8379 8382 8383 8381 8384 8385 8383 8386 8387 8385 8388 8389 8387 8390 8391 8392 8392 8393 8390 8393 8392 8389 8394 8395 8391 8396 8397 8395 8398 8376 8399 8400 8401 8397 8402 8403 8401 8404 8399 8403 8368 8369 8366 8369 8373 8372 8371 8375 8374 8376 8398 8375 8399 8404 8398 8403 8402 8404 8401 8400 8402 8397 8396 8400 8395 8394 8396 8391 8390 8394 8389 8388 8393 8387 8386 8388 8385 8384 8386 8383 8382 8384 8381 8380 8382 8379 8378 8380 8377 8367 8378 8405 8406 8407 8408 8407 8409 8410 8409 8411 8412 8411 8413 8414 8413 8415 8416 8415 8417 8418 8417 8419 8420 8419 8421 8422 8423 8406 8424 8425 8423 8426 8427 8425 8428 8421 8427 8421 8428 8420 8427 8426 8428 8425 8424 8426 8423 8422 8424 8406 8405 8422 8407 8408 8405 8409 8410 8408 8411 8412 8410 8413 8414 8412 8415 8416 8414 8417 8418 8416 8419 8420 8418 8429 8430 8431 8432 8431 8433 8434 8433 8435 8436 8435 8437 8438 8437 8439 8440 8439 8441 8442 8441 8443 8444 8443 8445 8446 8445 8447 8448 8447 8449 8450 8449 8451 8449 8450 8448 8451 8452 8450 8447 8448 8446 8445 8446 8444 8443 8444 8442 8441 8442 8440 8439 8440 8438 8437 8438 8436 8435 8436 8434 8433 8434 8432 8431 8432 8429 8430 8429 8452 8452 8451 8430 8453 8454 8455 8455 8456 8457 8458 8456 8459 8460 8459 8461 8460 8462 8463 8464 8462 8465 8466 8467 8468 8469 8468 8470 8456 8455 8454 8459 8460 8458 8462 8464 8463 8471 8465 8472 8473 8453 8474 8475 8472 8467 8468 8469 8466 8453 8473 8476 8465 8471 8464 8467 8466 8475 8454 8453 8476 8472 8475 8471 8462 8460 8461 8469 8473 8474 8473 8469 8470 8456 8458 8457 8477 8478 8479 8480 8481 8478 8482 8483 8481 8484 8485 8483 8486 8487 8485 8488 8489 8487 8490 8491 8489 8492 8493 8491 8494 8495 8493 8496 8497 8495 8498 8499 8497 8479 8500 8477 8499 8498 8500 8497 8496 8498 8495 8494 8496 8493 8492 8494 8491 8490 8492 8489 8488 8490 8487 8486 8488 8485 8484 8486 8483 8482 8484 8481 8480 8482 8478 8477 8480 8500 8479 8499 8501 8502 8503 8504 8502 8505 8506 8507 8508 8509 8508 8510 8502 8504 8503 8511 8505 8512 8513 8512 8507 8508 8509 8506 8509 8514 8515 8516 8514 8517 8518 8519 8520 8501 8520 8521 8505 8511 8504 8507 8506 8513 8514 8516 8515 8522 8517 8523 8520 8501 8518 8512 8513 8511 8517 8522 8516 8524 8523 8519 8502 8501 8521 8523 8524 8522 8514 8509 8510 8519 8518 8524 8525 8526 8527 8528 8529 8526 8530 8531 8529 8532 8533 8531 8534 8535 8533 8526 8525 8528 8529 8528 8530 8531 8530 8532 8533 8532 8534 8535 8534 8536 8537 8536 8538 8539 8538 8540 8541 8540 8542 8543 8542 8544 8545 8544 8546 8547 8546 8548 8527 8548 8525 8548 8527 8547 8546 8547 8545 8544 8545 8543 8542 8543 8541 8540 8541 8539 8538 8539 8537 8536 8537 8535 8549 8550 8551 8552 8553 8554 8553 8552 8555 8556 8557 8558 8551 8559 8549 8560 8561 8562 8563 8564 8559 8550 8549 8565 8566 8557 8561 8567 8568 8569 8570 8553 8564 8559 8551 8563 8556 8565 8571 8557 8566 8558 8561 8560 8566 8572 8562 8568 8569 8552 8567 8553 8570 8554 8564 8563 8570 8565 8556 8550 8557 8556 8571 8562 8572 8560 8568 8567 8572 8552 8569 8555 8573 8574 8575 8576 8577 8574 8578 8579 8577 8580 8581 8579 8582 8583 8581 8584 8585 8583 8586 8587 8585 8588 8589 8587 8590 8591 8589 8592 8593 8591 8594 8595 8593 8596 8575 8595 8575 8596 8573 8595 8594 8596 8593 8592 8594 8591 8590 8592 8589 8588 8590 8587 8586 8588 8585 8584 8586 8583 8582 8584 8581 8580 8582 8579 8578 8580 8577 8576 8578 8574 8573 8576 8597 8598 8599 8600 8598 8601 8602 8603 8604 8605 8604 8606 8598 8600 8599 8607 8601 8608 8609 8608 8603 8604 8605 8602 8605 8610 8611 8612 8610 8613 8614 8615 8616 8597 8616 8617 8601 8607 8600 8603 8602 8609 8610 8612 8611 8618 8613 8619 8616 8597 8614 8608 8609 8607 8613 8618 8612 8620 8619 8615 8598 8597 8617 8619 8620 8618 8610 8605 8606 8615 8614 8620 8621 8622 8623 8624 8625 8622 8626 8627 8625 8628 8629 8627 8630 8631 8629 8632 8633 8631 8634 8635 8633 8636 8637 8635 8638 8639 8637 8640 8641 8639 8642 8643 8641 8644 8623 8643 8623 8644 8621 8643 8642 8644 8641 8640 8642 8639 8638 8640 8637 8636 8638 8635 8634 8636 8633 8632 8634 8631 8630 8632 8629 8628 8630 8627 8626 8628 8625 8624 8626 8622 8621 8624 8645 8646 8647 8648 8649 8650 8651 8652 8653 8654 8655 8656 8657 8658 8659 8660 8661 8662 8663 8664 8665 8666 8667 8668 8669 8670 8671 8672 8673 8674 8675 8676 8677 8678 8679 8680 8681 8682 8683 8684 8685 8686 8687 8688 8689 8690 8691 8692 8693 8694 8695 8696 8697 8698 8693 8697 8696 8697 8693 8695 8690 8694 8693 8694 8690 8692 8691 8687 8689 8691 8690 8687 8688 8684 8686 8688 8687 8684 8681 8685 8684 8685 8681 8683 8682 8678 8680 8682 8681 8678 8679 8675 8677 8679 8678 8675 8676 8672 8674 8676 8675 8672 8673 8669 8671 8673 8672 8669 8666 8670 8669 8670 8666 8668 8663 8667 8666 8667 8663 8665 8660 8664 8663 8664 8660 8662 8661 8657 8659 8661 8660 8657 8658 8654 8656 8658 8657 8654 8655 8651 8653 8655 8654 8651 8652 8648 8650 8652 8651 8648 8649 8645 8647 8649 8648 8645 8646 8696 8698 8646 8645 8696 8699 8700 8701 8702 8703 8699 8704 8705 8706 8703 8707 8700 8708 8709 8703 8710 8711 8712 8713 8714 8715 8716 8717 8713 8718 8716 8719 8720 8721 8722 8723 8724 8725 8721 8720 8726 8727 8728 8729 8725 8728 8723 8721 8726 8724 8730 8722 8731 8732 8733 8727 8728 8725 8729 8722 8730 8720 8734 8718 8735 8728 8727 8733 8731 8722 8734 8735 8718 8736 8737 8736 8718 8724 8723 8721 8736 8737 8732 8718 8734 8722 8721 8717 8722 8738 8714 8717 8739 8711 8740 8740 8711 8741 8742 8743 8739 8741 8711 8744 8744 8745 8746 8747 8745 8748 8749 8750 8751 8752 8743 8753 8711 8739 8743 8745 8747 8746 8748 8751 8754 8743 8752 8749 8745 8744 8711 8754 8751 8750 8743 8742 8753 8750 8749 8752 8755 8711 8743 8711 8756 8712 8756 8711 8757 8706 8758 8759 8758 8705 8760 8761 8759 8762 8763 8764 8765 8764 8763 8766 8767 8764 8768 8768 8764 8769 8764 8767 8701 8770 8701 8771 8772 8699 8770 8773 8774 8708 8775 8776 8777 8777 8765 8778 8776 8775 8779 8765 8777 8763 8777 8778 8775 8780 8704 8706 8781 8706 8761 8704 8780 8782 8706 8781 8783 8784 8704 8785 8780 8706 8786 8781 8761 8787 8704 8784 8765 8706 8783 8786 8704 8782 8785 8765 8784 8788 8787 8761 8779 8789 8790 8772 8791 8792 8793 8790 8789 8794 8792 8794 8789 8792 8791 8794 8795 8793 8796 8796 8797 8795 8793 8795 8798 8797 8773 8799 8797 8796 8773 8800 8773 8708 8773 8800 8799 8801 8708 8802 8803 8708 8702 8804 8702 8790 8708 8801 8800 8702 8804 8803 8708 8803 8802 8805 8709 8713 8805 8713 8715 8806 8807 8808 8807 8806 8710 8809 8709 8810 8709 8809 8713 8810 8709 8774 8811 8812 8813 8814 8815 8811 8812 8811 8815 8813 8812 8719 8816 8719 8716 8719 8816 8813 8816 8716 8809 8815 8814 8774 8817 8818 8819 8818 8817 8820 8715 8820 8821 8820 8715 8822 8822 8714 8823 8818 8824 8819 8714 8822 8715 8820 8817 8821 8825 8826 8827 8828 8714 8829 8825 8829 8830 8826 8825 8830 8827 8824 8831 8829 8825 8828 8824 8827 8832 8827 8826 8832 8833 8834 8835 8836 8824 8832 8834 8836 8832 8833 8751 8837 8837 8745 8838 8834 8833 8836 8745 8837 8751 8751 8833 8835 8839 8840 8841 8842 8745 8710 8841 8842 8710 8840 8839 8843 8843 8824 8844 8842 8841 8840 8824 8843 8819 8843 8839 8819 8845 8764 8701 8845 8701 8846 8846 8700 8847 8848 8849 8764 8700 8846 8701 8764 8845 8848 8850 8851 8852 8853 8700 8707 8707 8852 8853 8850 8852 8854 8851 8849 8855 8852 8707 8854 8849 8851 8856 8851 8850 8856 8857 8858 8859 8859 8849 8856 8857 8859 8856 8808 8860 8858 8860 8704 8861 8858 8857 8808 8704 8860 8807 8860 8808 8807 8862 8704 8765 8863 8764 8864 8864 8849 8865 8862 8765 8863 8849 8864 8764 8764 8863 8765 8760 8866 8867 8868 8869 8712 8866 8760 8705 8867 8866 8869 8870 8807 8871 8871 8710 8872 8710 8871 8807 8873 8710 8712 8710 8873 8872 8873 8712 8869 8807 8870 8705 8705 8870 8866 8869 8868 8867 8704 8862 8861 8849 8859 8865 8700 8853 8847 8849 8848 8855 8745 8842 8838 8824 8836 8844 8714 8828 8823 8824 8818 8831 8774 8814 8810 8713 8809 8716 8710 8806 8841 8805 8854 8707 8709 8805 8707 8821 8805 8715 8793 8798 8791 8772 8790 8702 8765 8788 8778 8776 8779 8761 8774 8773 8815 8699 8772 8702 8701 8770 8699 8701 8767 8771 8764 8766 8769 8762 8776 8761 8759 8761 8706 8758 8706 8705 8712 8756 8868 8711 8755 8757 8751 8748 8745 8714 8738 8829 8717 8721 8738 8733 8732 8737 8716 8718 8722 8717 8716 8722 8714 8713 8717 8711 8710 8745 8709 8708 8774 8707 8703 8709 8705 8704 8807 8703 8702 8708 8700 8699 8703 8874 8875 8876 8877 8875 8878 8879 8880 8877 8881 8882 8883 8883 8882 8884 8884 8882 8885 8886 8887 8888 8889 8890 8891 8882 8881 8892 8887 8886 8893 8890 8889 8887 8882 8893 8885 8891 8890 8894 8887 8895 8896 8896 8897 8898 8899 8900 8901 8902 8903 8904 8905 8906 8907 8908 8909 8902 8900 8902 8904 8910 8899 8901 8911 8905 8907 8912 8908 8911 8903 8902 8909 8900 8899 8902 8905 8913 8906 8914 8908 8912 8913 8899 8910 8909 8908 8914 8913 8905 8899 8915 8896 8916 8917 8902 8918 8887 8889 8888 8894 8919 8920 8920 8892 8921 8919 8894 8890 8892 8881 8921 8922 8923 8924 8923 8922 8925 8926 8927 8925 8926 8925 8928 8929 8930 8931 8929 8931 8932 8932 8931 8933 8934 8930 8935 8933 8931 8926 8930 8929 8935 8936 8924 8937 8938 8924 8939 8936 8937 8940 8924 8936 8939 8934 8937 8941 8937 8934 8940 8942 8927 8943 8944 8945 8942 8943 8927 8931 8927 8942 8945 8946 8931 8930 8931 8946 8947 8946 8930 8948 8948 8949 8950 8950 8951 8952 8953 8954 8955 8931 8947 8956 8951 8950 8949 8954 8953 8951 8957 8954 8944 8949 8948 8930 8954 8957 8955 8951 8953 8952 8958 8875 8959 8875 8958 8960 8961 8876 8962 8963 8875 8964 8958 8959 8965 8966 8917 8961 8962 8876 8967 8875 8963 8876 8902 8968 8918 8876 8961 8917 8875 8960 8964 8876 8963 8967 8969 8875 8970 8875 8969 8959 8970 8875 8971 8971 8880 8972 8880 8971 8875 8959 8969 8973 8974 8896 8898 8896 8974 8975 8976 8977 8916 8978 8880 8977 8977 8976 8979 8977 8979 8978 8980 8916 8975 8916 8980 8976 8981 8982 8983 8984 8985 8986 8982 8981 8987 8985 8984 8981 8981 8984 8987 8983 8977 8879 8988 8916 8977 8916 8988 8989 8988 8977 8990 8991 8890 8915 8992 8915 8989 8993 8985 8890 8915 8992 8991 8993 8890 8994 8890 8991 8995 8890 8995 8994 8996 8937 8997 8997 8937 8924 8998 8924 8999 8924 8998 8997 9000 9001 9002 9003 9001 9004 9001 9003 9002 9005 8999 9006 9006 9007 9008 9001 9000 9007 9004 9009 9010 9007 9006 8999 9003 9004 9010 9009 9011 8996 9008 9007 9012 9009 9004 9011 9007 9000 9012 9013 9014 9015 9016 9015 9017 9015 9016 9013 9018 8954 9019 9020 8954 9021 9021 8951 9022 9023 9024 8951 8954 9018 9017 8951 9021 8954 9024 9023 9025 9017 9018 9026 8951 9024 9022 9027 9014 9028 8954 9020 9019 9014 9027 9023 9023 9027 9025 9029 9030 9031 9032 8874 8876 9033 9029 9031 8874 9032 9030 9030 9029 8874 9034 8968 9035 9035 9036 9037 9036 9035 8968 9038 8917 9039 9040 8917 8918 9039 8917 9041 9040 8918 9042 8917 9038 8876 9007 8882 8892 8899 9015 9043 8945 9017 9044 9045 8924 8923 8882 8923 8895 8895 8925 8897 8965 8959 9046 8905 9044 8899 9042 8918 9034 8917 9040 9041 9047 8925 9048 9048 8927 9049 8927 9048 8925 9050 8898 8897 9050 8897 9047 9051 9052 9053 9053 8959 9051 9052 8974 8898 9052 9051 8974 9054 8908 9055 9056 9054 9046 9055 8908 8917 8908 9054 9057 9058 9046 8959 9046 9058 9056 9059 8908 9057 8908 9059 8905 9060 8927 8945 9061 8945 8905 8945 9061 9060 8927 9060 9049 8905 9059 9061 9054 9056 9057 8959 9053 9058 8898 9050 9052 8925 9047 8897 8876 9038 9032 8968 9034 8918 9033 9037 9036 9029 9033 9036 9017 9026 9016 9014 9013 9028 8999 9005 8998 8937 8996 9011 8985 8993 8986 8916 8989 8915 8977 8983 8990 8983 8982 8990 8880 8978 8972 8896 8975 8916 8959 8973 9051 8917 8966 9055 8931 8956 8943 8945 8944 8954 8924 8938 8922 8930 8934 8941 8927 8926 8931 8925 8922 8928 8892 8920 8919 8915 8890 8887 8880 8879 8977 8875 8877 8880 8875 8874 8878 8968 8902 9043 8902 8917 8908 8896 8915 8887 8905 8911 8908 8897 8896 8895 8895 8887 8882 9044 8905 8945 8925 8895 8923 8923 8882 9045 9017 8945 8954 8924 9045 8999 8882 9007 9045 9045 9007 8999 9017 9015 9044 9015 8899 9044 8893 8882 8887 8899 9043 8902 9062 9063 9064 9063 9062 9065 9066 9067 9068 9067 9066 9069 9070 9071 9072 9071 9070 9073 9074 9075 9076 9075 9074 9077 9078 9079 9080 9079 9078 9081 9082 9083 9084 9083 9082 9085 9086 9087 9088 9089 9090 9091 9092 9093 9094 9095 9096 9097 9098 9099 9100 9089 9088 9087 9095 9097 9093 9093 9092 9095 9096 9095 9101 9098 9090 9089 9102 9101 9087 9090 9098 9100 9099 9092 9094 9101 9102 9103 9087 9086 9102 9088 9089 9091 9096 9101 9103 9092 9099 9098 9104 9105 9106 9105 9104 9107 9108 9109 9110 9109 9108 9111 9112 9113 9114 9113 9112 9115 9112 9114 9116 9117 9118 9119 9118 9117 9120 9121 9122 9123 9122 9121 9124 9125 9126 9127 9126 9125 9128 9128 9125 9129 9130 9131 9132 9133 9134 9135 9134 9136 9135 9137 9138 9139 9132 9137 9130 9130 9140 9131 9141 9133 9142 9139 9136 9134 9137 9132 9143 9144 9145 9146 9136 9139 9147 9134 9133 9141 9145 9141 9142 9140 9144 9146 9138 9137 9143 9145 9144 9141 9140 9130 9144 9139 9138 9147 9148 9149 9150 9149 9151 9152 9151 9149 9148 9153 9154 9155 9154 9153 9156 9157 9158 9159 9158 9157 9160 9161 9162 9163 9162 9161 9164 9161 9163 9165 9166 9167 9168 9167 9166 9169 9170 9171 9172 9171 9170 9173 9174 9175 9176 9177 9178 9179 9177 9179 9180 9181 9179 9176 9182 9183 9178 9178 9177 9184 9181 9176 9185 9175 9174 9186 9187 9188 9189 9190 9188 9183 9174 9187 9186 9188 9190 9189 9176 9175 9185 9183 9191 9190 9188 9187 9174 9183 9182 9191 9179 9181 9180 9178 9184 9182 9192 9193 9194 9193 9192 9195 9195 9192 9196 9197 9198 9199 9198 9197 9200 9201 9202 9203 9202 9201 9204 9205 9206 9207 9205 9207 9208 9206 9205 9209 9210 9211 9212 9211 9210 9213 9214 9215 9216 9215 9214 9217 9218 9219 9220 9221 9222 9223 9224 9225 9218 9219 9218 9225 9226 9227 9228 9229 9230 9231 9224 9232 9233 9222 9221 9234 9223 9235 9221 9222 9230 9229 9223 9228 9235 9226 9220 9227 9220 9226 9218 9228 9223 9226 9230 9222 9234 9232 9229 9231 9225 9224 9233 9229 9232 9224 9236 9237 9238 9237 9236 9239 9240 9241 9242 9241 9240 9243 9244 9245 9246 9247 9244 9248 9244 9247 9245 9249 9250 9251 9250 9249 9252 9253 9254 9255 9254 9253 9256 9257 9258 9259 9260 9257 9261 9258 9257 9260 9262 9263 9264 9264 9263 9265 9266 9262 9267 9265 9268 9269 9270 9271 9272 9273 9274 9275 9268 9265 9263 9271 9270 9268 9274 9273 9271 9276 9274 9277 9278 9277 9266 9268 9270 9269 9274 9276 9275 9277 9278 9279 9271 9273 9272 9266 9267 9278 9277 9279 9276 9262 9266 9263 9280 9281 9282 9281 9280 9283 9284 9285 9286 9285 9284 9287 9288 9289 9290 9289 9288 9291 9292 9293 9294 9293 9292 9295 9296 9297 9298 9297 9296 9299 9300 9301 9302 9301 9300 9303 9304 9305 9306 9307 9308 9309 9310 9311 9312 9313 9311 9314 9308 9307 9314 9311 9313 9312 9314 9307 9315 9316 9317 9318 9314 9315 9313 9317 9316 9308 9305 9304 9317 9319 9310 9320 9319 9320 9321 9305 9321 9306 9321 9305 9319 9308 9316 9309 9317 9304 9318 9310 9319 9311 9322 9323 9324 9325 9324 9326 9327 9326 9328 9323 9322 9329 9330 9328 9331 9332 9331 9333 9334 9333 9335 9336 9335 9337 9338 9337 9339 9340 9339 9341 9342 9341 9343 9329 9344 9323 9345 9343 9344 9343 9345 9342 9344 9329 9345 9339 9340 9338 9324 9325 9322 9326 9327 9325 9328 9330 9327 9331 9332 9330 9333 9334 9332 9335 9336 9334 9337 9338 9336 9341 9342 9340 9346 9347 9348 9349 9348 9347 9347 9346 9350 9351 9352 9353 9350 9354 9355 9355 9356 9357 9358 9356 9359 9358 9360 9361 9362 9360 9363 9362 9364 9365 9366 9364 9367 9354 9350 9346 9356 9358 9357 9360 9362 9361 9364 9366 9365 9356 9355 9354 9364 9362 9363 9360 9358 9359 9352 9367 9353 9352 9351 9368 9368 9369 9349 9367 9352 9366 9369 9368 9351 9348 9349 9369 9370 9371 9372 9373 9374 9375 9376 9372 9374 9372 9376 9370 9377 9378 9371 9379 9380 9378 9381 9382 9380 9383 9384 9382 9385 9386 9384 9387 9388 9386 9389 9390 9388 9391 9392 9390 9393 9375 9392 9375 9393 9373 9392 9391 9393 9390 9389 9391 9388 9387 9389 9386 9385 9387 9384 9383 9385 9382 9381 9383 9380 9379 9381 9378 9377 9379 9371 9370 9377 9374 9373 9376 9394 9395 9396 9396 9397 9394 9395 9394 9398 9399 9398 9400 9401 9400 9402 9403 9402 9404 9405 9404 9406 9407 9406 9408 9409 9408 9410 9411 9410 9412 9413 9412 9414 9415 9414 9416 9414 9415 9413 9412 9413 9411 9410 9411 9409 9408 9409 9407 9406 9407 9405 9404 9405 9403 9402 9403 9401 9400 9401 9399 9398 9399 9395 9397 9396 9417 9416 9417 9415 9417 9416 9397 9418 9419 9420 9421 9422 9423 9424 9425 9422 9419 9418 9426 9427 9428 9425 9429 9430 9428 9431 9432 9430 9433 9434 9432 9435 9436 9434 9437 9438 9436 9439 9440 9438 9441 9420 9440 9420 9441 9418 9440 9439 9441 9438 9437 9439 9436 9435 9437 9434 9433 9435 9432 9431 9433 9430 9429 9431 9428 9427 9429 9425 9424 9427 9422 9421 9424 9423 9426 9421 9426 9423 9419 9442 9443 9444 9445 9446 9443 9447 9448 9446 9449 9450 9448 9451 9452 9450 9453 9454 9452 9455 9456 9454 9456 9455 9457 9454 9453 9455 9452 9451 9453 9450 9449 9451 9448 9447 9449 9446 9445 9447 9443 9442 9445 9444 9458 9442 9459 9460 9458 9461 9462 9460 9463 9464 9462 9465 9457 9464 9458 9444 9459 9460 9459 9461 9462 9461 9463 9464 9463 9465 9457 9465 9456 9466 9467 9468 9469 9470 9467 9471 9472 9470 9473 9474 9472 9475 9476 9474 9477 9478 9476 9479 9480 9481 9482 9483 9480 9484 9485 9483 9486 9487 9485 9488 9468 9487 9468 9488 9466 9487 9486 9488 9485 9484 9486 9483 9482 9484 9480 9479 9482 9481 9489 9479 9478 9477 9489 9476 9475 9477 9474 9473 9475 9472 9471 9473 9470 9469 9471 9467 9466 9469 9489 9481 9478 9490 9491 9492 9493 9494 9495 9496 9495 9497 9498 9497 9499 9500 9499 9501 9502 9503 9491 9504 9505 9503 9506 9507 9505 9508 9509 9507 9510 9501 9511 9501 9510 9500 9511 9512 9510 9512 9511 9509 9509 9508 9512 9507 9506 9508 9505 9504 9506 9503 9502 9504 9491 9490 9502 9492 9513 9490 9494 9493 9513 9495 9496 9493 9497 9498 9496 9499 9500 9498 9513 9492 9494 9514 9515 9516 9517 9518 9515 9519 9520 9518 9521 9522 9520 9523 9524 9522 9525 9516 9526 9527 9526 9528 9529 9528 9530 9531 9530 9532 9533 9532 9534 9535 9534 9536 9537 9536 9524 9536 9537 9535 9534 9535 9533 9532 9533 9531 9530 9531 9529 9526 9527 9525 9516 9525 9514 9515 9514 9517 9518 9517 9519 9520 9519 9521 9522 9521 9523 9524 9523 9537 9528 9529 9527 9538 9539 9540 9541 9542 9543 9544 9543 9545 9546 9545 9547 9548 9547 9549 9550 9549 9551 9552 9551 9553 9554 9553 9555 9556 9555 9557 9558 9557 9559 9560 9559 9561 9540 9561 9538 9561 9540 9560 9559 9560 9558 9557 9558 9556 9555 9556 9554 9553 9554 9552 9551 9552 9550 9549 9550 9548 9547 9548 9546 9545 9546 9544 9543 9544 9541 9542 9541 9539 9539 9538 9542 9562 9563 9564 9565 9566 9563 9567 9568 9566 9569 9570 9568 9571 9572 9570 9573 9574 9572 9575 9576 9574 9577 9578 9576 9579 9580 9578 9581 9582 9580 9583 9584 9582 9585 9564 9584 9564 9585 9562 9584 9583 9585 9582 9581 9583 9580 9579 9581 9578 9577 9579 9576 9575 9577 9574 9573 9575 9572 9571 9573 9570 9569 9571 9568 9567 9569 9566 9565 9567 9563 9562 9565 9586 9587 9588 9589 9590 9591 9592 9593 9590 9594 9595 9596 9590 9589 9592 9591 9597 9589 9598 9599 9597 9587 9586 9599 9588 9600 9586 9601 9596 9593 9602 9603 9604 9605 9606 9603 9607 9608 9606 9595 9594 9608 9596 9601 9594 9593 9592 9601 9608 9607 9595 9606 9605 9607 9603 9602 9605 9604 9609 9602 9600 9588 9609 9609 9604 9600 9599 9598 9587 9597 9591 9598 9610 9611 9612 9613 9612 9614 9615 9614 9616 9617 9616 9618 9619 9618 9620 9621 9620 9622 9623 9622 9624 9625 9624 9626 9627 9626 9628 9629 9628 9630 9631 9630 9632 9633 9632 9611 9632 9633 9631 9630 9631 9629 9628 9629 9627 9626 9627 9625 9624 9625 9623 9622 9623 9621 9620 9621 9619 9618 9619 9617 9616 9617 9615 9614 9615 9613 9612 9613 9610 9611 9610 9633 9634 9635 9636 9637 9638 9639 9640 9639 9641 9642 9641 9643 9644 9643 9645 9646 9645 9647 9648 9647 9649 9650 9649 9651 9652 9651 9653 9654 9653 9655 9656 9655 9657 9636 9657 9634 9657 9636 9656 9655 9656 9654 9653 9654 9652 9651 9652 9650 9649 9650 9648 9647 9648 9646 9645 9646 9644 9643 9644 9642 9641 9642 9640 9639 9640 9637 9638 9637 9635 9635 9634 9638 9658 9659 9660 9661 9660 9662 9663 9662 9664 9665 9664 9666 9667 9666 9668 9669 9668 9670 9671 9670 9672 9673 9672 9674 9675 9674 9676 9677 9676 9678 9679 9678 9680 9681 9680 9659 9680 9681 9679 9678 9679 9677 9676 9677 9675 9674 9675 9673 9672 9673 9671 9670 9671 9669 9668 9669 9667 9666 9667 9665 9664 9665 9663 9662 9663 9661 9660 9661 9658 9659 9658 9681 9682 9683 9684 9685 9684 9686 9687 9686 9688 9689 9688 9690 9691 9690 9692 9693 9692 9694 9695 9694 9696 9697 9696 9698 9699 9698 9700 9701 9700 9702 9703 9702 9704 9705 9704 9683 9704 9705 9703 9702 9703 9701 9700 9701 9699 9698 9699 9697 9696 9697 9695 9694 9695 9693 9692 9693 9691 9690 9691 9689 9688 9689 9687 9686 9687 9685 9684 9685 9682 9683 9682 9705 9706 9707 9708 9709 9710 9707 9711 9712 9710 9713 9714 9712 9715 9716 9714 9717 9718 9716 9719 9720 9718 9721 9722 9720 9723 9724 9722 9725 9726 9724 9727 9728 9726 9729 9708 9728 9708 9729 9706 9728 9727 9729 9726 9725 9727 9724 9723 9725 9722 9721 9723 9720 9719 9721 9718 9717 9719 9716 9715 9717 9714 9713 9715 9712 9711 9713 9710 9709 9711 9707 9706 9709 9730 9731 9732 9733 9734 9731 9735 9736 9734 9737 9732 9738 9739 9738 9740 9741 9740 9742 9743 9742 9744 9745 9744 9746 9747 9746 9748 9749 9748 9750 9751 9750 9752 9753 9752 9736 9752 9753 9751 9750 9751 9749 9748 9749 9747 9746 9747 9745 9744 9745 9743 9742 9743 9741 9740 9741 9739 9738 9739 9737 9732 9737 9730 9731 9730 9733 9734 9733 9735 9736 9735 9753 9754 9755 9756 9757 9758 9755 9759 9760 9758 9761 9762 9760 9763 9764 9762 9765 9766 9764 9767 9768 9766 9769 9770 9768 9771 9772 9770 9773 9774 9772 9775 9776 9774 9777 9756 9776 9756 9777 9754 9776 9775 9777 9774 9773 9775 9772 9771 9773 9770 9769 9771 9768 9767 9769 9766 9765 9767 9764 9763 9765 9762 9761 9763 9760 9759 9761 9758 9757 9759 9755 9754 9757 9778 9779 9780 9781 9780 9782 9783 9782 9784 9785 9786 9787 9788 9789 9786 9790 9791 9789 9792 9793 9791 9794 9795 9793 9796 9797 9795 9798 9799 9797 9800 9784 9799 9784 9800 9783 9799 9798 9800 9797 9796 9798 9795 9794 9796 9793 9792 9794 9791 9790 9792 9789 9788 9790 9786 9785 9788 9801 9787 9779 9787 9801 9785 9779 9778 9801 9780 9781 9778 9782 9783 9781 9802 9803 9804 9805 9806 9803 9807 9808 9806 9809 9810 9808 9811 9812 9813 9814 9815 9812 9816 9817 9815 9818 9819 9817 9820 9821 9819 9822 9823 9821 9824 9804 9823 9803 9802 9805 9806 9805 9807 9808 9807 9809 9810 9809 9825 9813 9825 9811 9812 9811 9814 9815 9814 9816 9817 9816 9818 9819 9818 9820 9821 9820 9822 9823 9822 9824 9804 9824 9802 9825 9813 9810 9826 9827 9828 9829 9830 9827 9831 9832 9830 9833 9834 9832 9835 9836 9834 9837 9838 9836 9839 9840 9838 9841 9828 9842 9843 9844 9845 9846 9847 9844 9848 9842 9847 9828 9841 9826 9827 9826 9829 9830 9829 9831 9832 9831 9833 9834 9833 9835 9836 9835 9837 9838 9837 9839 9840 9839 9849 9845 9849 9843 9842 9848 9841 9847 9846 9848 9844 9843 9846 9849 9845 9840 9850 9851 9852 9853 9854 9851 9855 9856 9854 9857 9858 9856 9859 9860 9858 9861 9862 9860 9863 9864 9862 9865 9866 9864 9866 9865 9867 9864 9863 9865 9862 9861 9863 9868 9869 9870 9871 9870 9872 9867 9872 9866 9873 9852 9869 9872 9867 9871 9870 9871 9868 9869 9868 9873 9852 9873 9850 9851 9850 9853 9854 9853 9855 9856 9855 9857 9858 9857 9859 9860 9859 9861 9874 9875 9876 9877 9878 9879 9880 9881 9878 9875 9874 9881 9876 9882 9874 9883 9884 9882 9885 9886 9884 9887 9888 9886 9889 9890 9891 9892 9891 9893 9894 9893 9895 9896 9895 9888 9895 9896 9894 9893 9894 9892 9891 9892 9889 9890 9889 9897 9879 9897 9877 9878 9877 9880 9881 9880 9875 9897 9879 9890 9888 9887 9896 9886 9885 9887 9884 9883 9885 9882 9876 9883 9898 9899 9900 9901 9902 9903 9904 9905 9902 9906 9907 9905 9907 9906 9908 9900 9903 9898 9899 9898 9909 9910 9909 9911 9912 9911 9913 9914 9913 9915 9916 9915 9917 9918 9917 9919 9920 9919 9921 9908 9921 9907 9921 9908 9920 9919 9920 9918 9917 9918 9916 9915 9916 9914 9913 9914 9912 9911 9912 9910 9909 9910 9899 9903 9900 9901 9902 9901 9904 9905 9904 9906 9922 9923 9924 9925 9924 9926 9927 9926 9928 9929 9928 9930 9931 9930 9932 9933 9932 9934 9935 9934 9936 9937 9936 9938 9939 9938 9940 9941 9940 9942 9943 9942 9944 9945 9944 9923 9924 9925 9922 9944 9945 9943 9942 9943 9941 9940 9941 9939 9938 9939 9937 9936 9937 9935 9934 9935 9933 9932 9933 9931 9923 9922 9945 9930 9931 9929 9926 9927 9925 9928 9929 9927 9946 9947 9948 9949 9950 9947 9951 9952 9950 9953 9954 9952 9955 9956 9954 9957 9958 9956 9954 9953 9955 9952 9951 9953 9950 9949 9951 9947 9946 9949 9948 9959 9946 9960 9961 9959 9962 9963 9961 9964 9965 9966 9958 9957 9965 9959 9948 9960 9961 9960 9962 9963 9962 9967 9968 9967 9969 9966 9969 9964 9965 9964 9958 9956 9955 9957 9969 9966 9968 9967 9968 9963 9970 9971 9972 9972 9973 9974 9974 9975 9976 9977 9978 9979 9977 9980 9981 9982 9983 9984 9982 9985 9986 9986 9987 9988 9989 9990 9991 9989 9992 9993 9993 9994 9995 9995 9996 9997 9998 9999 10000 9998 10001 10002 10002 10003 10004 10004 10005 10006 10006 10007 10008 10008 10009 9970 10009 10008 10007 10007 10006 10005 10005 10004 10003 10003 10002 10001 10001 9998 10000 9998 10010 9999 9997 10011 10010 10011 9997 9996 10010 9998 9997 9996 9995 9994 9994 9993 9992 9992 9989 9991 9988 9990 9989 9990 9988 9987 9987 9986 9985 9985 9982 9984 10012 9981 9980 9981 10013 9982 10013 9981 10012 9983 9982 10013 9980 9977 9979 9978 9976 9975 9978 9977 9976 9975 9974 9973 9973 9972 9971 9971 9970 10009 10014 10015 10016 10017 10018 10019 10019 10020 10021 10021 10022 10023 10023 10024 10025 10025 10026 10027 10027 10028 10029 10029 10030 10031 10031 10032 10033 10033 10034 10035 10035 10036 10037 10037 10038 10039 10039 10040 10041 10041 10042 10043 10043 10044 10045 10045 10046 10047 10047 10048 10049 10049 10050 10051 10051 10052 10053 10053 10054 10055 10055 10056 10057 10057 10058 10059 10059 10060 10061 10061 10062 10063 10063 10064 10065 10065 10066 10016 10016 10067 10014 10014 10068 10069 10069 10070 10071 10071 10072 10073 10073 10074 10075 10075 10076 10077 10077 10078 10079 10079 10080 10081 10081 10082 10083 10083 10084 10085 10086 10017 10087 10087 10019 10088 10088 10021 10089 10089 10023 10090 10090 10025 10091 10091 10027 10092 10092 10029 10093 10093 10031 10094 10094 10033 10095 10095 10035 10096 10096 10037 10097 10097 10039 10098 10098 10041 10099 10099 10043 10100 10100 10045 10101 10101 10047 10102 10102 10049 10103 10103 10051 10104 10104 10053 10105 10105 10055 10106 10106 10057 10107 10107 10059 10108 10108 10061 10109 10109 10063 10110 10110 10065 10111 10111 10016 10015 10015 10014 10112 10112 10069 10113 10113 10071 10114 10114 10073 10115 10115 10075 10116 10116 10077 10117 10117 10079 10118 10118 10081 10119 10119 10083 10120 10120 10085 10086 10121 10087 10122 10122 10088 10123 10123 10089 10124 10124 10090 10125 10125 10091 10126 10126 10092 10127 10092 10128 10127 10129 10094 10130 10130 10095 10131 10131 10096 10132 10132 10097 10133 10097 10134 10133 10135 10099 10136 10136 10100 10137 10137 10101 10138 10138 10102 10139 10139 10103 10140 10140 10104 10141 10141 10105 10142 10142 10106 10143 10143 10107 10144 10144 10108 10145 10145 10109 10146 10146 10110 10147 10147 10111 10148 10148 10015 10149 10150 10085 10084 10018 10017 10150 10020 10019 10018 10022 10021 10020 10024 10023 10022 10026 10025 10024 10028 10027 10026 10030 10029 10028 10032 10031 10030 10034 10033 10032 10036 10035 10034 10038 10037 10036 10040 10039 10038 10042 10041 10040 10044 10043 10042 10046 10045 10044 10048 10047 10046 10050 10049 10048 10052 10051 10050 10054 10053 10052 10056 10055 10054 10058 10057 10056 10060 10059 10058 10062 10061 10060 10064 10063 10062 10066 10065 10064 10067 10016 10066 10068 10014 10067 10070 10069 10068 10072 10071 10070 10074 10073 10072 10076 10075 10074 10078 10077 10076 10080 10079 10078 10082 10081 10080 10084 10083 10082 10017 10086 10085 10019 10087 10017 10021 10088 10019 10023 10089 10021 10025 10090 10023 10027 10091 10025 10029 10092 10027 10031 10093 10029 10033 10094 10031 10035 10095 10033 10037 10096 10035 10039 10097 10037 10041 10098 10039 10043 10099 10041 10045 10100 10043 10047 10101 10045 10049 10102 10047 10051 10103 10049 10053 10104 10051 10055 10105 10053 10057 10106 10055 10059 10107 10057 10061 10108 10059 10063 10109 10061 10065 10110 10063 10016 10111 10065 10085 10150 10017 10069 10112 10014 10071 10113 10069 10073 10114 10071 10075 10115 10073 10077 10116 10075 10079 10117 10077 10081 10118 10079 10083 10119 10081 10085 10120 10083 10087 10121 10086 10088 10122 10087 10089 10123 10088 10090 10124 10089 10091 10125 10090 10092 10126 10091 10151 10092 10093 10151 10093 10152 10092 10151 10128 10152 10093 10129 10094 10129 10093 10095 10130 10094 10096 10131 10095 10097 10132 10096 10134 10097 10098 10134 10098 10135 10099 10135 10098 10100 10136 10099 10101 10137 10100 10102 10138 10101 10103 10139 10102 10104 10140 10103 10105 10141 10104 10106 10142 10105 10107 10143 10106 10108 10144 10107 10109 10145 10108 10110 10146 10109 10111 10147 10110 10015 10148 10111 10112 10149 10015 10113 10153 10112 10114 10154 10113 10155 10115 10156 10115 10155 10114 10156 10115 10157 10114 10155 10158 10116 10157 10115 10117 10159 10116 10118 10160 10117 10119 10161 10118 10120 10162 10119 10086 10163 10120 10163 10086 10121 10162 10120 10163 10161 10119 10162 10160 10118 10161 10159 10117 10160 10157 10116 10159 10114 10158 10164 10154 10114 10164 10153 10113 10154 10149 10112 10153 10165 10166 10167 10174 10175 10176 10177 10178 10179 10180 10181 10182 10183 10184 10185 10188 10189 10190 10193 10194 10195 10169 10196 10197 10191 10198 10168 10198 10165 10168 10165 10199 10200 10201 10200 10199 10202 10203 10204 10205 10206 10207 10208 10207 10209 10207 10210 10209 10210 10211 10212 10213 10212 10211 10214 10213 10215 10216 10217 10218 10214 10215 10219 10220 10221 10222 10223 10224 10225 10226 10227 10200 10210 10228 10229 10209 10230 10231 10208 10232 10233 10231 10234 10235 10236 10237 10238 10237 10239 10238 10170 10241 10171 10242 10243 10212 10244 10245 10246 10249 10250 10251 10252 10251 10253 10254 10255 10256 10261 10262 10263 10264 10265 10266 10220 10269 10270 10271 10172 10173 10172 10272 10273 10238 10277 10278 10208 10280 10205 10252 10281 10249 10247 10282 10283 10284 10215 10216 10244 10283 10285 10280 10208 10176 10281 10252 10286 10169 10286 10252 10282 10247 10249 10282 10249 10281 10283 10244 10247 10227 10226 10287 10287 10226 10183 10166 10200 10227 10200 10166 10165 10169 10168 10288 10167 10168 10165 10168 10167 10288 10289 10170 10242 10289 10242 10290 10290 10242 10291 10291 10214 10292 10214 10291 10242 10173 10172 10274 10173 10274 10294 10274 10293 10294 10295 10296 10297 10175 10174 10298 10176 10233 10174 10299 10175 10298 10296 10295 10300 10299 10296 10301 10233 10176 10208 10175 10299 10301 10296 10299 10297 10302 10178 10177 10303 10304 10179 10178 10302 10305 10179 10304 10177 10205 10306 10202 10304 10303 10202 10306 10205 10280 10202 10306 10304 10181 10202 10307 10308 10309 10202 10202 10181 10180 10309 10308 10310 10307 10202 10309 10308 10202 10303 10311 10312 10313 10309 10310 10314 10312 10314 10310 10312 10311 10314 10315 10183 10226 10316 10226 10317 10317 10180 10318 10183 10315 10184 10180 10317 10226 10226 10316 10315 10319 10244 10285 10244 10319 10320 10319 10183 10185 10183 10319 10285 10187 10186 10244 10244 10320 10187 10189 10188 10321 10321 10188 10322 10189 10323 10190 10182 10318 10180 10323 10324 10182 10331 10332 10330 10302 10333 10305 10334 10335 10336 10334 10337 10338 10339 10340 10341 10342 10343 10344 10345 10186 10187 10346 10347 10345 10321 10322 10348 10348 10322 10346 10318 10182 10324 10323 10189 10349 10350 10169 10351 10351 10169 10197 10322 10347 10346 10345 10187 10346 10186 10345 10353 10347 10322 10352 10169 10350 10168 10192 10191 10168 10168 10350 10354 10168 10354 10192 10357 10356 10358 10357 10194 10359 10360 10257 10355 10356 10357 10355 10194 10193 10359 10195 10191 10193 10194 10357 10358 10356 10355 10257 10188 10361 10362 10363 10364 10365 10188 10362 10322 10364 10366 10361 10367 10364 10363 10361 10188 10364 10364 10368 10366 10369 10254 10370 10254 10369 10252 10252 10369 10371 10198 10191 10372 10372 10216 10218 10216 10372 10191 10165 10198 10199 10200 10201 10226 10203 10202 10180 10201 10180 10226 10180 10201 10203 10364 10373 10368 10373 10364 10367 10375 10365 10364 10311 10343 10342 10343 10311 10313 10375 10378 10376 10377 10339 10341 10206 10202 10204 10202 10206 10205 10207 10208 10205 10210 10207 10211 10212 10213 10242 10378 10375 10341 10344 10375 10342 10341 10344 10377 10377 10338 10339 10374 10334 10338 10344 10341 10375 10213 10214 10242 10217 10216 10215 10217 10215 10213 10379 10220 10270 10380 10381 10222 10219 10292 10214 10381 10382 10219 10220 10379 10221 10379 10270 10271 10380 10222 10221 10338 10377 10374 10334 10374 10383 10382 10381 10384 10292 10219 10382 10381 10380 10384 10385 10386 10225 10334 10387 10337 10334 10336 10388 10387 10334 10388 10391 10390 10389 10225 10386 10223 10392 10224 10223 10386 10385 10216 10224 10392 10393 10386 10216 10394 10395 10216 10191 10216 10385 10396 10395 10191 10195 10216 10395 10394 10396 10397 10216 10390 10334 10389 10389 10383 10400 10383 10389 10334 10401 10389 10400 10389 10401 10402 10397 10396 10405 10399 10406 10405 10284 10216 10397 10399 10398 10406 10397 10405 10406 10228 10212 10243 10212 10228 10210 10229 10209 10210 10209 10229 10230 10232 10208 10209 10232 10209 10407 10408 10231 10409 10407 10209 10408 10409 10231 10235 10231 10408 10209 10234 10231 10236 10234 10236 10410 10325 10411 10236 10237 10236 10412 10412 10236 10231 10241 10170 10274 10274 10240 10241 10243 10242 10413 10171 10242 10170 10242 10171 10413 10414 10245 10415 10245 10414 10416 10415 10245 10417 10245 10244 10417 10186 10418 10244 10248 10247 10244 10248 10244 10246 10419 10247 10248 10419 10248 10420 10420 10248 10421 10422 10421 10423 10401 10403 10402 10333 10403 10404 10333 10302 10403 10402 10403 10332 10332 10331 10402 10329 10296 10300 10330 10425 10426 10296 10427 10424 10296 10425 10330 10421 10422 10420 10250 10423 10251 10247 10419 10428 10423 10250 10422 10247 10428 10249 10251 10252 10249 10429 10252 10253 10252 10429 10430 10252 10430 10431 10254 10252 10432 10433 10330 10426 10252 10431 10434 10252 10434 10432 10425 10296 10424 10330 10433 10331 10255 10254 10435 10258 10360 10436 10254 10437 10370 10360 10258 10257 10438 10360 10370 10437 10254 10256 10436 10360 10438 10296 10439 10427 10440 10296 10329 10439 10296 10440 10259 10257 10258 10441 10261 10442 10261 10441 10443 10442 10356 10444 10356 10442 10261 10261 10443 10262 10356 10260 10444 10445 10446 10447 10295 10448 10300 10325 10295 10411 10453 10454 10455 10328 10295 10325 10456 10295 10328 10457 10295 10456 10449 10295 10457 10325 10458 10327 10458 10325 10326 10446 10445 10450 10447 10446 10460 10452 10453 10451 10455 10454 10461 10452 10451 10460 10263 10461 10261 10454 10453 10452 10460 10451 10447 10462 10392 10463 10446 10450 10464 10462 10463 10465 10461 10454 10463 10236 10466 10325 10466 10236 10459 10325 10467 10326 10467 10325 10466 10459 10468 10469 10471 10472 10473 10236 10468 10459 10474 10279 10278 10238 10279 10470 10468 10236 10470 10459 10471 10473 10472 10471 10474 10279 10474 10471 10392 10462 10393 10461 10263 10455 10475 10266 10476 10265 10264 10477 10266 10475 10264 10478 10266 10446 10279 10238 10278 10240 10277 10239 10277 10240 10479 10277 10238 10239 10274 10276 10480 10240 10481 10482 10275 10276 10274 10479 10483 10484 10446 10464 10478 10398 10485 10487 10481 10240 10480 10479 10482 10481 10489 10484 10483 10483 10479 10481 10484 10489 10490 10266 10478 10476 10487 10485 10488 10265 10477 10268 10487 10486 10268 10268 10486 10265 10267 10491 10492 10268 10267 10487 10275 10489 10276 10489 10275 10490 10491 10267 10268 10492 10491 10493 10220 10494 10495 10220 10495 10496 10494 10220 10497 10498 10492 10493 10274 10499 10275 10274 10500 10499 10500 10274 10172 10172 10273 10500 10501 10172 10502 10272 10172 10501 10271 10503 10504 10271 10502 10172 10505 10271 10270 10502 10271 10504 10220 10496 10269 10506 10492 10507 10497 10220 10506 10492 10506 10220 10508 10271 10509 10509 10271 10505 10271 10508 10503 10510 10511 10512 10513 10514 10512 10512 10515 10510 10518 10519 10520 10521 10522 10523 10524 10525 10526 10527 10528 10529 10532 10533 10534 10535 10536 10537 10538 10539 10540 10541 10542 10543 10544 10545 10546 10547 10548 10549 10552 10553 10554 10555 10553 10556 10559 10560 10561 10562 10563 10564 10565 10566 10567 10512 10568 10513 10569 10570 10571 10551 10572 10573 10573 10574 10575 10516 10578 10579 10580 10581 10582 10519 10518 10580 10583 10580 10584 10584 10521 10585 10580 10583 10519 10585 10521 10523 10521 10584 10580 10522 10521 10524 10586 10587 10588 10578 10516 10517 10579 10578 10589 10587 10590 10588 10591 10592 10511 10587 10586 10589 10592 10591 10590 10517 10516 10593 10589 10586 10579 10594 10595 10596 10522 10524 10597 10599 10598 10524 10524 10598 10597 10525 10524 10600 10600 10524 10521 10528 10526 10525 10526 10528 10527 10531 10530 10601 10529 10601 10527 10602 10596 10603 10595 10594 10604 10603 10596 10595 10594 10596 10605 10606 10607 10608 10595 10604 10609 10607 10609 10604 10607 10606 10609 10596 10602 10610 10611 10612 10613 10613 10612 10614 10601 10529 10531 10533 10532 10615 10610 10616 10532 10621 10622 10623 10624 10625 10626 10629 10630 10631 10614 10633 10634 10635 10636 10637 10601 10639 10640 10526 10642 10643 10524 10643 10644 10599 10645 10646 10648 10649 10650 10651 10652 10653 10654 10655 10656 10657 10658 10659 10662 10663 10664 10664 10665 10660 10666 10667 10668 10541 10669 10670 10671 10557 10558 10557 10672 10673 10518 10674 10580 10674 10675 10580 10675 10676 10534 10677 10534 10676 10596 10678 10679 10680 10681 10682 10681 10683 10682 10683 10565 10512 10565 10684 10564 10685 10564 10684 10547 10685 10546 10686 10546 10685 10686 10544 10546 10685 10547 10562 10564 10685 10562 10683 10512 10682 10565 10683 10684 10596 10681 10680 10681 10596 10679 10610 10677 10678 10677 10610 10532 10678 10596 10610 10534 10677 10532 10675 10674 10676 10544 10687 10518 10674 10518 10687 10555 10688 10569 10557 10673 10688 10688 10555 10557 10691 10557 10689 10672 10557 10691 10671 10670 10692 10671 10693 10690 10671 10694 10693 10671 10690 10557 10671 10695 10694 10541 10696 10697 10698 10699 10696 10698 10700 10699 10696 10541 10698 10541 10701 10669 10700 10698 10702 10703 10541 10697 10541 10703 10701 10702 10668 10667 10668 10702 10698 10666 10704 10705 10706 10704 10666 10666 10707 10667 10704 10706 10708 10707 10664 10667 10664 10707 10709 10665 10664 10709 10660 10662 10664 10710 10660 10661 10711 10660 10712 10660 10713 10714 10713 10660 10711 10661 10660 10714 10715 10716 10717 10716 10718 10657 10716 10715 10718 10719 10712 10720 10657 10721 10719 10720 10660 10665 10722 10719 10721 10656 10719 10654 10654 10719 10722 10721 10657 10659 10658 10657 10718 10660 10720 10712 10712 10719 10656 10723 10651 10653 10618 10648 10724 10659 10651 10723 10725 10618 10724 10725 10651 10618 10726 10651 10725 10727 10651 10726 10652 10651 10727 10728 10599 10647 10729 10728 10649 10599 10728 10598 10728 10729 10598 10649 10648 10729 10524 10730 10645 10645 10599 10524 10524 10731 10730 10733 10524 10644 10732 10524 10733 10731 10524 10732 10526 10643 10524 10734 10735 10736 10736 10643 10642 10581 10580 10675 10526 10737 10642 10735 10734 10738 10738 10739 10641 10739 10738 10734 10737 10526 10527 10739 10527 10641 10601 10641 10527 10641 10601 10640 10740 10601 10636 10741 10601 10740 10742 10601 10741 10639 10601 10742 10743 10638 10636 10744 10745 10746 10744 10634 10745 10744 10746 10637 10634 10744 10614 10636 10635 10743 10612 10747 10632 10612 10748 10747 10749 10750 10751 10750 10752 10748 10748 10612 10750 10753 10750 10749 10752 10750 10753 10756 10751 10750 10606 10630 10629 10751 10756 10757 10630 10606 10608 10756 10631 10758 10759 10760 10761 10631 10756 10629 10759 10762 10763 10758 10757 10756 10758 10755 10757 10760 10759 10763 10766 10618 10767 10520 10537 10518 10766 10536 10768 10618 10766 10617 10537 10520 10535 10536 10766 10767 10618 10617 10648 10648 10617 10769 10648 10769 10729 10770 10771 10540 10715 10539 10538 10540 10771 10538 10539 10715 10717 10771 10770 10544 10544 10770 10772 10773 10544 10518 10771 10544 10774 10773 10518 10537 10544 10773 10774 10671 10541 10670 10764 10761 10760 10755 10754 10764 10755 10758 10754 10542 10541 10775 10542 10776 10543 10777 10549 10778 10765 10759 10779 10764 10754 10761 10762 10759 10765 10628 10626 10781 10782 10783 10784 10625 10785 10780 10776 10778 10549 10786 10532 10787 10616 10610 10788 10530 10786 10789 10628 10627 10626 10782 10790 10783 10759 10784 10779 10780 10626 10625 10792 10785 10791 10791 10785 10625 10785 10792 10782 10790 10782 10792 10786 10530 10532 10541 10671 10775 10778 10776 10794 10795 10534 10533 10795 10675 10534 10796 10611 10797 10798 10788 10610 10784 10759 10782 10624 10799 10625 10799 10624 10800 10624 10623 10801 10578 10802 10622 10623 10624 10621 10620 10578 10517 10578 10622 10621 10624 10801 10800 10803 10578 10620 10578 10804 10802 10549 10777 10547 10776 10542 10794 10772 10805 10544 10706 10806 10708 10807 10796 10797 10515 10512 10514 10550 10809 10810 10576 10811 10550 10809 10550 10811 10532 10616 10787 10812 10578 10803 10804 10578 10812 10813 10576 10619 10576 10813 10811 10593 10814 10815 10593 10813 10816 10512 10680 10682 10613 10614 10744 10796 10807 10798 10819 10820 10821 10636 10793 10637 10530 10789 10822 10511 10510 10591 10590 10587 10592 10813 10593 10811 10593 10823 10814 10593 10824 10823 10825 10593 10816 10805 10772 10826 10806 10827 10826 10545 10544 10805 10806 10706 10827 10805 10826 10827 10548 10547 10546 10548 10546 10545 10551 10550 10828 10828 10513 10568 10513 10828 10550 10824 10593 10825 10576 10829 10619 10793 10636 10601 10829 10576 10577 10550 10832 10576 10833 10550 10831 10832 10550 10833 10577 10576 10832 10836 10837 10838 10550 10834 10831 10839 10573 10575 10551 10575 10835 10834 10550 10835 10831 10836 10838 10837 10836 10574 10574 10573 10837 10793 10601 10830 10840 10530 10822 10596 10818 10841 10818 10596 10680 10841 10605 10596 10821 10841 10819 10605 10841 10821 10627 10820 10819 10611 10796 10808 10788 10798 10807 10610 10602 10798 10612 10611 10808 10553 10555 10554 10558 10557 10555 10842 10559 10561 10575 10551 10839 10836 10831 10834 10554 10572 10552 10572 10554 10843 10572 10551 10552 10555 10571 10844 10842 10555 10556 10559 10842 10556 10555 10842 10845 10846 10559 10562 10847 10562 10848 10848 10547 10777 10559 10846 10560 10554 10844 10849 10571 10555 10569 10547 10848 10562 10562 10847 10846 10563 10562 10850 10850 10562 10559 10566 10565 10564 10566 10564 10563 10568 10512 10851 10567 10512 10565 10512 10567 10851 10852 10569 10853 10854 10849 10852 10675 10795 10581 10643 10736 10735 10849 10843 10554 10852 10853 10855 10849 10854 10843 10852 10855 10854 10580 10582 10521 10651 10659 10658 10817 10511 10592 10680 10512 10511 10532 10530 10615 10857 10856 10858 10859 10860 10861 10862 10863 10864 10863 10862 10865 10866 10867 10868 10869 10870 10871 10871 10870 10872 10874 10873 10875 10874 10876 10873 10875 10873 10877 10880 10878 10879 10879 10878 10881 10883 10882 10884 10882 10885 10886 10885 10882 10883 10889 10888 10890 10888 10889 10887 10892 10893 10891 10894 10895 10896 10895 10894 10897 10898 10894 10899 10894 10898 10897 10900 10901 10902 10903 10900 10904 10901 10900 10903 10905 10906 10907 10905 10908 10906 10911 10909 10910 10910 10909 10912 10913 10916 10915 10916 10913 10914 10918 10917 10919 10921 10922 10923 10922 10921 10920 10925 10924 10926 10927 10925 10928 10925 10927 10924 10929 10930 10931 10930 10929 10932 10933 10934 10935 10936 10934 10933 10934 10936 10937 10938 10939 10940 10940 10939 10941 10939 10938 10942 10943 10944 10945 10946 10947 10948 10949 10950 10947 10947 10950 10948 10952 10953 10951 10952 10951 10954 10955 10957 10956 10959 10958 10960 10959 10960 10961 10962 10963 10964 10962 10965 10963 10968 10969 10966 10969 10968 10970 10967 10966 10969 10973 10971 10972 10972 10971 10974 10975 10976 10977 10978 10979 10975 10978 10975 10977 10981 10980 10982 10982 10980 10983 10984 10985 10986 10986 10987 10984 10990 10989 10988 10991 10992 10993 10995 10992 10994 10996 10993 10992 10992 10995 10996 10997 10998 10999 11000 10998 10997 10998 11000 11001 11003 11004 11002 11004 11003 11005 11006 11007 11008 11007 11006 11009 11011 11010 11012 11014 11013 11015 11018 11016 11019 11016 11018 11017 11020 11021 11022 11022 11021 11023 11024 11022 11023 11025 11026 11027 11028 11025 11029 11026 11025 11028 11030 11031 11032 11034 11033 11035 11034 11035 11036 11034 11037 11033 11037 11034 11038 11040 11039 11041 11042 11041 11039 11041 11042 11043 11046 11044 11045 11045 11044 11047 11048 11049 11050 11052 11054 11053 11054 11052 11051 11055 11057 11058 11057 11056 11059 11057 11055 11056 11060 11062 11063 11061 11060 11063 11062 11060 11064 11065 11066 11067 11067 11068 11069 11067 11066 11068 11071 11070 11072 11072 11070 11073 11074 11075 11076 11079 11077 11080 11078 11077 11079 11081 11082 11083 11084 11083 11085 11083 11084 11081 11088 11089 11086 11089 11088 11090 11086 11089 11087 11091 11092 11093 11091 11094 11092 11096 11095 11097 11098 11099 11096 11095 11096 11099 11100 11101 11102 11103 11102 11101 11102 11103 11104 11105 11106 11107 11106 11105 11108 11111 11112 11109 11110 11109 11113 11109 11110 11111 11115 11114 11116 11119 11118 11117 11118 11119 11120 11121 11122 11123 11122 11121 11124 11125 11127 11126 11127 11125 11128 11132 11131 11129 11129 11133 11130 11133 11129 11131 11134 11136 11135 11136 11134 11137 11138 11139 11140 11139 11141 11140 11140 11141 11139 11139 11138 11142 11144 11143 11145 11145 11146 11144 11146 11145 11147 11148 11149 11150 11149 11148 11151 11152 11150 11149 11155 11153 11154 11154 11153 11156 11158 11159 11160 11159 11158 11157 11161 11160 11159 11164 11163 11162 11163 11164 11165 11166 11167 11168 11169 11168 11167 11168 11169 11170 11171 11172 11173 11171 11174 11172 11176 11174 11175 11174 11176 11177 11174 11171 11175 11179 11180 11181 11180 11179 11178 11184 11182 11183 11185 11183 11182 11182 11184 11186 11187 11188 11189 11188 11187 11191 11189 11190 11187 11192 11194 11193 11194 11192 11195 11196 11197 11198 11197 11196 11199 11200 11201 11202 11202 11201 11203 11201 11200 11204 11205 11206 11207 11206 11205 11208 11210 11211 11212 11211 11210 11209 11213 11214 11215 11214 11213 11216 11217 11218 11219 11218 11217 11220 11223 11221 11222 11221 11223 11224 11227 11228 11225 11227 11225 11226 11230 11229 11231 11232 11231 11229 11231 11232 11233 11235 11236 11234 11236 11235 11237 11241 11238 11239 11242 11240 11238 11238 11241 11242 11240 11242 11243 11246 11244 11245 11247 11245 11244 11244 11246 11248 11249 11250 11251 11250 11249 11252 11253 11254 11255 11254 11253 11256 11257 11258 11259 11257 11260 11258 11260 11257 11261 11262 11263 11264 11263 11262 11265 11267 11266 11268 11269 11270 11271 11270 11269 11266 11266 11269 11268 11273 11274 11275 11272 11273 11276 11272 11274 11273 11277 11278 11279 11278 11277 11280 11280 11277 11281 11284 11285 11283 11283 11282 11284 11287 11286 11288 11286 11289 11290 11288 11286 11291 11289 11286 11287 11292 11293 11294 11293 11292 11295 11293 11295 11296 11297 11298 11299 11298 11297 11300 11299 11298 11301 11302 11303 11304 11303 11302 11305 11306 11307 11308 11309 11306 11310 11306 11309 11307 11311 11312 11313 11311 11314 11312 11315 11316 11317 11316 11315 11318 11321 11322 11320 11321 11320 11319 11323 11324 11325 11323 11326 11324 11326 11323 11327 11330 11329 11328 11329 11330 11331 11333 11334 11335 11334 11333 11336 11336 11333 11332 11337 11338 11339 11338 11337 11340 11337 11339 11341 11342 11343 11344 11343 11342 11345 11344 11346 11342 11347 11348 11349 11350 11348 11347 11348 11350 11351 11352 11353 11354 11353 11352 11355 11353 11355 11356 11357 11358 11359 11357 11359 11360 11359 11358 11361 11358 11357 11362 11364 11363 11365 11366 11365 11363 11365 11367 11368 11367 11365 11366 11369 11370 11371 11370 11369 11372 11370 11372 11373 11376 11374 11377 11375 11374 11376 11380 11378 11381 11379 11378 11380 11384 11385 11386 11382 11387 11383 11387 11382 11386 11386 11385 11387 11388 11389 11390 11389 11388 11391 11389 11391 11392 11395 11394 11393 11394 11395 11396 11397 11398 11399 11399 11400 11397 11400 11399 11401 11402 11403 11404 11403 11402 11405 11407 11406 11408 11408 11409 11407 11408 11410 11409 11410 11408 11411 11413 11412 11414 11413 11415 11416 11415 11413 11414 11417 11419 11418 11419 11417 11420 11421 11422 11423 11422 11424 11425 11424 11422 11421 11426 11429 11427 11429 11426 11430 11430 11426 11428 11432 11433 11431 11433 11432 11434 11437 11436 11438 11440 11438 11441 11442 11441 11436 11441 11442 11440 11438 11440 11439 11438 11439 11437 11436 11437 11435 11436 11435 11442 11438 11436 11441 11444 11447 11445 11444 11445 11443 11444 11443 11446 11444 11446 11447 11445 11447 11448 11453 11454 11449 11456 11449 11452 11449 11454 11452 11452 11451 11457 11452 11453 11451 11449 11450 11453 11453 11452 11454 11449 11455 11450 11449 11456 11455 11452 11457 11456 11462 11459 11461 11463 11462 11461 11464 11461 11458 11466 11458 11460 11467 11460 11459 11468 11459 11462 11458 11461 11459 11459 11468 11467 11458 11459 11460 11462 11463 11468 11461 11464 11463 11458 11465 11464 11458 11464 11465 11458 11466 11464 11460 11467 11466 11470 11471 11472 11470 11472 11469 11470 11469 11473 11474 11469 11472 11475 11472 11471 11476 11471 11473 11472 11475 11474 11469 11474 11477 11469 11477 11478 11473 11478 11476 11470 11473 11471 11471 11476 11475 11478 11473 11469 11479 11480 11481 11480 11483 11482 11480 11486 11485 11482 11487 11486 11483 11488 11487 11479 11489 11488 11481 11490 11489 11484 11485 11490 11485 11484 11480 11490 11481 11484 11489 11479 11481 11488 11483 11479 11487 11482 11483 11486 11480 11482 11484 11481 11480 11483 11480 11479 11491 11492 11493 11494 11492 11491 11495 11492 11494 11496 11497 11498 11500 11498 11501 11502 11501 11503 11501 11502 11500 11505 11502 11504 11502 11505 11506 11507 11506 11505 11506 11507 11508 11509 11510 11508 11512 11513 11511 11511 11513 11510 11512 11514 11513 11514 11512 11515 11514 11516 11517 11518 11516 11519 11519 11520 11518 11520 11519 11521 11523 11524 11525 11524 11523 11526 11525 11520 11522 11520 11525 11524 11528 11526 11527 11529 11530 11531 11532 11533 11534 11533 11532 11535 11537 11536 11532 11541 11542 11543 11544 11541 11543 11541 11544 11545 11546 11545 11544 11546 11547 11545 11548 11549 11550 11551 11552 11553 11551 11554 11555 11555 11556 11557 11556 11558 11557 11560 11561 11559 11566 11567 11565 11570 11571 11572 11585 11586 11587 11588 11589 11590 11590 11591 11588 11593 11594 11595 11596 11597 11598 11600 11601 11602 11603 11604 11605 11606 11607 11608 11607 11609 11608 11617 11615 11616 11618 11619 11617 11620 11621 11622 11626 11627 11628 11629 11630 11631 11634 11635 11633 11638 11637 11639 11640 11641 11642 11645 11643 11644 11646 11647 11648 11648 11647 11649 11650 11649 11647 11651 11650 11652 11653 11654 11655 11655 11656 11653 11659 11661 11662 11669 11670 11671 11672 11670 11673 11679 11680 11681 11681 11682 11679 11497 11496 11499 11685 11686 11687 11688 11689 11690 11688 11691 11692 11695 11693 11694 11697 11698 11699 11700 11701 11702 11703 11704 11705 11706 11707 11708 11707 11709 11708 11709 11710 11711 11712 11713 11714 11715 11714 11716 11717 11718 11715 11719 11718 11717 11720 11721 11722 11724 11720 11725 11526 11528 11726 11516 11518 11517 11514 11515 11516 11510 11509 11511 11498 11500 11496 11728 11499 11729 11732 11734 11735 11736 11737 11738 11741 11743 11742 11744 11745 11743 11747 11748 11749 11750 11749 11751 11753 11750 11751 11750 11753 11752 11749 11750 11747 11748 11747 11754 11748 11755 11756 11755 11748 11754 11745 11756 11755 11745 11746 11756 11745 11744 11746 11743 11741 11744 11757 11741 11742 11741 11757 11758 11757 11740 11758 11740 11757 11739 11740 11759 11736 11759 11740 11739 11737 11736 11759 11735 11738 11737 11738 11735 11734 11734 11732 11733 11733 11760 11761 11760 11733 11732 11760 11762 11761 11762 11760 11763 11762 11763 11529 11530 11529 11763 11534 11531 11530 11531 11534 11533 11764 11537 11539 11536 11537 11764 11539 11538 11764 11539 11765 11540 11765 11542 11541 11765 11539 11542 11549 11547 11546 11547 11549 11766 11549 11548 11766 11550 11767 11548 11767 11550 11552 11552 11551 11767 11554 11551 11553 11727 11499 11728 11730 11729 11731 11729 11730 11728 11752 11730 11731 11730 11752 11753 11556 11555 11554 11559 11770 11560 11558 11770 11559 11558 11556 11770 11561 11560 11772 11563 11771 11772 11771 11563 11562 11564 11562 11563 11562 11564 11565 11565 11564 11566 11568 11567 11566 11567 11568 11569 11571 11569 11568 11569 11571 11570 11574 11572 11571 11573 11576 11575 11576 11573 11574 11577 11576 11578 11576 11577 11575 11577 11773 11774 11773 11577 11578 11775 11580 11579 11580 11775 11773 11579 11776 11777 11582 11777 11776 11777 11582 11581 11776 11579 11580 11583 11778 11584 11581 11778 11583 11778 11581 11582 11779 11584 11586 11584 11779 11583 11586 11585 11780 11585 11587 11588 11589 11588 11587 11592 11591 11590 11591 11592 11593 11594 11593 11592 11595 11598 11597 11598 11595 11594 11597 11596 11599 11600 11599 11596 11599 11600 11602 11601 11605 11604 11601 11600 11605 11604 11603 11606 11607 11606 11603 11609 11607 11610 11611 11610 11612 11610 11611 11609 11614 11781 11612 11781 11614 11613 11614 11782 11613 11782 11614 11616 11615 11617 11619 11619 11618 11783 11783 11620 11622 11620 11783 11618 11621 11620 11623 11621 11625 11624 11625 11621 11623 11784 11625 11785 11786 11627 11626 11627 11784 11785 11784 11627 11786 11625 11784 11624 11626 11631 11630 11631 11626 11628 11630 11629 11632 11633 11629 11634 11629 11633 11632 11789 11788 11787 11788 11789 11790 11635 11634 11787 11789 11636 11790 11636 11789 11637 11637 11638 11636 11641 11640 11639 11644 11642 11641 11642 11644 11643 11643 11645 11646 11647 11646 11645 11649 11650 11651 11652 11791 11651 11791 11652 11654 11791 11654 11653 11792 11657 11658 11793 11656 11655 11657 11792 11793 11658 11660 11659 11660 11658 11657 11663 11662 11661 11662 11663 11664 11661 11659 11660 11664 11666 11665 11666 11664 11663 11665 11668 11667 11668 11665 11666 11670 11669 11668 11671 11670 11672 11794 11673 11795 11675 11794 11795 11794 11675 11674 11673 11794 11672 11676 11674 11675 11674 11676 11677 11676 11796 11678 11796 11676 11680 11796 11680 11679 11684 11797 11798 11798 11682 11681 11797 11684 11683 11683 11684 11769 11683 11769 11768 11689 11799 11685 11799 11689 11800 11768 11687 11686 11687 11768 11769 11686 11685 11799 11801 11689 11688 11691 11688 11690 11692 11694 11693 11694 11692 11691 11693 11695 11696 11701 11802 11697 11696 11699 11698 11699 11696 11695 11803 11697 11802 11698 11697 11803 11802 11701 11700 11703 11705 11706 11700 11704 11804 11704 11700 11702 11707 11706 11705 11709 11707 11805 11710 11709 11805 11711 11710 11712 11713 11712 11710 11714 11806 11712 11714 11715 11806 11715 11716 11717 11718 11719 11807 11807 11722 11721 11722 11807 11719 11808 11725 11809 11725 11808 11724 11720 11724 11723 11809 11528 11808 11726 11528 11809 11810 11811 11812 11813 11814 11815 11814 11813 11816 11819 11818 11820 11818 11819 11817 11821 11817 11822 11823 11822 11824 11822 11823 11821 11817 11821 11818 11825 11826 11827 11828 11829 11830 11826 11825 11828 11829 11828 11825 11831 11832 11833 11832 11831 11834 11835 11836 11837 11838 11837 11839 11833 11840 11831 11836 11835 11840 11840 11833 11836 11841 11834 11842 11837 11838 11835 11834 11841 11832 11843 11844 11845 11844 11843 11846 11847 11845 11844 11845 11847 11848 11849 11850 11851 11852 11851 11853 11850 11849 11854 11851 11852 11849 11855 11856 11857 11856 11855 11858 11859 11860 11861 11860 11862 11863 11860 11859 11863 11864 11863 11862 11863 11864 11860 11862 11860 11864 11865 11866 11867 11866 11865 11868 11869 11867 11866 11867 11869 11870 11871 11872 11873 11872 11871 11874 11875 11876 11877 11878 11877 11879 11877 11878 11875 11876 11875 11880 11873 11879 11871 11880 11881 11876 11881 11880 11882 11879 11873 11878 11883 11884 11885 11886 11885 11884 11884 11883 11887 11885 11886 11888 11889 11891 11890 11893 11892 11894 11891 11889 11892 11892 11893 11891 11895 11896 11897 11896 11895 11898 11899 11900 11901 11902 11901 11903 11904 11905 11900 11905 11904 11906 11900 11899 11904 11901 11902 11899 11907 11908 11909 11910 11911 11912 11911 11910 11907 11908 11907 11910 11913 11914 11915 11914 11913 11916 11917 11918 11919 11920 11919 11921 11915 11922 11913 11918 11917 11922 11922 11915 11918 11923 11916 11924 11916 11923 11914 11919 11920 11917 11925 11926 11927 11926 11925 11928 11928 11929 11930 11929 11928 11925 11933 11932 11934 11935 11934 11936 11934 11935 11933 11932 11933 11931 11937 11938 11939 11938 11937 11940 11941 11943 11942 11944 11945 11943 11945 11944 11946 11943 11941 11944 11947 11948 11949 11950 11951 11952 11948 11947 11950 11951 11950 11947 11953 11954 11955 11956 11957 11958 11959 11958 11960 11955 11960 11953 11958 11959 11956 11961 11962 11957 11957 11956 11961 11962 11961 11963 11954 11953 11964 11960 11955 11959 11965 11966 11967 11966 11965 11968 11968 11969 11970 11969 11968 11965 11973 11974 11975 11975 11971 11973 11974 11973 11976 11971 11975 11972 11977 11978 11979 11978 11977 11980 11983 11981 11984 11981 11983 11982 11982 11985 11981 11985 11982 11986 11987 11988 11989 11988 11987 11990 11991 11990 11987 11990 11991 11992 11993 11994 11995 11994 11993 11996 11996 11997 11994 11998 11999 12000 12001 12000 12002 11999 11998 11997 12000 12001 11998 12002 12003 12001 11997 11996 11999 12003 12002 12004 12005 12006 12007 12006 12005 12008 12009 12007 12006 12007 12009 12010 12011 12013 12012 12012 12014 12011 12013 12011 12015 12014 12012 12016 12017 12018 12019 12020 12021 12018 12022 12023 12021 12024 12025 12026 12023 12022 12027 12025 12024 12028 12019 12028 12017 12018 12017 12020 12028 12019 12025 12021 12020 12022 12029 12030 12031 12031 12032 12033 12030 12029 12034 12032 12031 12030 12035 12036 12037 12038 12039 12040 12036 12035 12039 12039 12038 12036 12041 12042 12043 12042 12041 12044 12049 12047 12050 12048 12045 12047 12045 12048 12046 12047 12049 12048 12051 12052 12053 12054 12053 12052 12053 12054 12055 12052 12051 12056 12057 12058 12059 12060 12061 12058 12062 12063 12061 12064 12059 12065 12066 12065 12067 12063 12062 12068 12061 12060 12062 12058 12057 12060 12059 12064 12057 12065 12066 12064 12067 12069 12066 12069 12067 12070 12071 12068 12072 12073 12070 12074 12075 12074 12076 12070 12073 12069 12077 12076 12078 12076 12077 12075 12074 12075 12073 12078 12079 12077 12080 12072 12079 12072 12080 12071 12068 12071 12063 12079 12078 12080 12081 12082 12083 12084 12085 12086 12083 12086 12081 12082 12081 12087 12088 12089 12090 12089 12088 12085 12085 12084 12089 12086 12083 12084 12087 12091 12082 12092 12093 12091 12094 12095 12093 12091 12087 12092 12093 12092 12094 12095 12094 12096 12097 12096 12098 12099 12098 12100 12101 12100 12102 12103 12102 12104 12090 12104 12088 12104 12090 12103 12102 12103 12101 12100 12101 12099 12098 12099 12097 12096 12097 12095 12105 12106 12107 12108 12109 12110 12111 12112 12113 12114 12115 12112 12116 12117 12115 12118 12119 12117 12106 12105 12119 12107 12120 12105 12121 12122 12120 12123 12124 12122 12125 12126 12124 12127 12110 12126 12110 12127 12108 12126 12125 12127 12124 12123 12125 12122 12121 12123 12109 12108 12128 12113 12128 12111 12112 12111 12114 12115 12114 12116 12117 12116 12118 12119 12118 12106 12128 12113 12109 12120 12107 12121 12129 12130 12131 12132 12133 12134 12135 12136 12137 12138 12139 12133 12131 12134 12129 12133 12132 12138 12139 12138 12140 12141 12140 12142 12136 12135 12143 12137 12144 12135 12134 12131 12132 12145 12146 12144 12147 12148 12146 12149 12142 12150 12150 12143 12149 12142 12149 12141 12140 12141 12139 12144 12137 12145 12146 12145 12147 12143 12150 12136 12148 12147 12151 12152 12151 12130 12130 12129 12152 12151 12152 12148 12153 12154 12155 12156 12157 12158 12159 12158 12160 12161 12160 12162 12163 12164 12165 12166 12167 12164 12168 12169 12167 12170 12155 12169 12171 12172 12154 12173 12174 12172 12175 12162 12174 12162 12175 12161 12174 12173 12175 12172 12171 12173 12154 12153 12171 12155 12170 12153 12169 12168 12170 12167 12166 12168 12164 12163 12166 12165 12176 12163 12157 12156 12176 12158 12159 12156 12160 12161 12159 12176 12165 12157 12177 12178 12179 12180 12181 12182 12183 12184 12185 12186 12185 12187 12179 12187 12177 12178 12177 12188 12189 12188 12190 12191 12182 12192 12193 12190 12194 12195 12192 12196 12196 12194 12195 12192 12195 12191 12182 12191 12180 12197 12198 12199 12194 12196 12193 12190 12193 12189 12188 12189 12178 12181 12180 12198 12198 12197 12181 12199 12200 12197 12184 12183 12200 12185 12186 12183 12187 12179 12186 12200 12199 12184 12201 12202 12203 12204 12203 12205 12206 12205 12207 12208 12207 12209 12210 12209 12211 12212 12211 12213 12214 12213 12215 12213 12214 12212 12211 12212 12210 12209 12210 12208 12207 12208 12206 12205 12206 12204 12216 12217 12202 12202 12201 12216 12218 12215 12219 12220 12219 12221 12222 12221 12223 12217 12216 12224 12224 12223 12217 12223 12224 12222 12221 12222 12220 12219 12220 12218 12215 12218 12214 12203 12204 12201 12225 12227 12228 12227 12225 12226 12231 12229 12232 12234 12230 12235 12235 12236 12234 12232 12233 12231 12237 12238 12239 12240 12241 12238 12246 12245 12247 12248 12247 12249 12251 12250 12252 12253 12252 12254 12255 12254 12256 12257 12256 12241 12254 12255 12253 12252 12253 12251 12241 12240 12257 12238 12237 12240 12239 12242 12237 12244 12245 12243 12247 12248 12246 12249 12250 12248 12259 12260 12261 12263 12262 12264 12268 12267 12266 12260 12259 12269 12261 12262 12259 12264 12258 12263 12269 12265 12260 12271 12270 12272 12275 12274 12276 12280 12279 12281 12272 12273 12271 12276 12277 12275 12281 12278 12280 12283 12284 12282 12285 12286 12287 12288 12287 12286 12287 12288 12289 12291 12292 12290 12294 12293 12295 12295 12296 12294 12297 12298 12299 12300 12301 12297 12298 12297 12301 12301 12300 12302 12303 12304 12305 12306 12307 12308 12311 12312 12310 12310 12309 12311 12308 12309 12306 12313 12312 12314 12318 12317 12319 12319 12320 12318 12316 12317 12315 12321 12322 12323 12329 12330 12325 12325 12324 12329 12327 12328 12326 12332 12331 12333 12335 12334 12336 12337 12338 12339 12340 12341 12337 12338 12337 12341 12343 12342 12344 12345 12344 12342 12347 12348 12346 12350 12351 12349 12349 12352 12350 12353 12354 12355 12356 12357 12353 12354 12353 12357 12359 12358 12360 12359 12361 12362 12365 12366 12367 12366 12365 12368 12364 12363 12369 12370 12369 12371 12369 12370 12364 12371 12372 12370 12368 12363 12366 12374 12373 12375 12377 12376 12378 12382 12381 12383 12375 12376 12374 12378 12379 12377 12381 12382 12380 12383 12384 12382 12385 12386 12387 12389 12388 12390 12391 12390 12392 12394 12393 12395 12397 12398 12386 12401 12402 12400 12392 12393 12391 12390 12391 12389 12387 12388 12385 12386 12385 12397 12398 12397 12399 12400 12399 12401 12402 12401 12403 12404 12403 12405 12405 12396 12404 12403 12404 12402 12406 12407 12408 12409 12408 12407 12412 12413 12414 12413 12412 12415 12411 12415 12410 12415 12411 12413 12418 12416 12419 12418 12419 12420 12418 12420 12421 12417 12416 12422 12423 12424 12425 12424 12423 12426 12427 12428 12429 12428 12427 12430 12431 12429 12428 12429 12431 12432 12433 12434 12435 12436 12435 12437 12434 12433 12438 12435 12436 12433 12437 12439 12436 12440 12441 12439 12442 12443 12441 12443 12442 12444 12441 12440 12442 12439 12437 12440 12445 12446 12447 12448 12449 12445 12450 12451 12449 12451 12450 12452 12445 12447 12448 12449 12448 12450 12453 12454 12455 12454 12453 12456 12457 12455 12454 12455 12457 12458 12459 12460 12461 12460 12459 12462 12462 12459 12463 12466 12465 12467 12468 12467 12469 12465 12464 12471 12465 12466 12464 12469 12470 12468 12467 12468 12466 12472 12473 12474 12475 12474 12476 12477 12476 12478 12479 12480 12473 12481 12482 12480 12483 12484 12485 12486 12478 12487 12488 12489 12484 12490 12491 12489 12492 12493 12491 12494 12487 12493 12487 12494 12486 12493 12492 12494 12491 12490 12492 12489 12488 12490 12484 12483 12488 12485 12495 12483 12480 12479 12481 12473 12472 12479 12474 12475 12472 12476 12477 12475 12495 12485 12482 12482 12481 12495 12478 12486 12477 12496 12497 12498 12497 12496 12499 12500 12498 12497 12498 12500 12501 12502 12503 12504 12505 12504 12506 12507 12506 12508 12509 12508 12510 12511 12510 12512 12510 12511 12509 12508 12509 12507 12506 12507 12505 12504 12505 12502 12503 12502 12513 12514 12515 12516 12515 12514 12517 12516 12518 12514 12518 12516 12519 12520 12521 12522 12521 12520 12523 12524 12522 12521 12522 12524 12525 12526 12527 12528 12527 12526 12529 12530 12531 12532 12533 12532 12534 12532 12533 12530 12531 12530 12535 12533 12534 12536 12537 12538 12539 12538 12537 12540 12541 12539 12538 12539 12541 12542 12543 12544 12545 12546 12545 12547 12548 12547 12549 12550 12549 12551 12552 12551 12553 12551 12552 12550 12549 12550 12548 12547 12548 12546 12545 12546 12543 12544 12543 12554 12557 12558 12556 12557 12559 12558 12559 12557 12560 12556 12555 12557 12561 12562 12563 12562 12561 12564 12565 12563 12562 12563 12565 12566 12567 12568 12569 12568 12567 12570 12571 12572 12573 12571 12574 12572 12573 12575 12571 12573 12576 12575 12576 12573 12577 12578 12579 12580 12579 12578 12581 12582 12580 12579 12580 12582 12583 12584 12585 12586 12587 12586 12588 12589 12588 12590 12591 12590 12592 12593 12592 12594 12585 12584 12595 12586 12587 12584 12588 12589 12587 12592 12593 12591 12590 12591 12589 12596 12597 12598 12599 12598 12600 12601 12600 12602 12600 12601 12599 12598 12599 12596 12603 12604 12605 12604 12603 12606 12607 12605 12604 12605 12607 12608 12609 12610 12611 12610 12609 12612 12613 12614 12615 12616 12615 12617 12616 12617 12618 12619 12620 12614 12615 12616 12613 12620 12619 12621 12614 12613 12619 12622 12623 12624 12625 12626 12627 12623 12622 12625 12626 12625 12622 12628 12629 12630 12631 12632 12633 12634 12635 12632 12629 12628 12636 12637 12636 12638 12638 12633 12637 12636 12637 12629 12632 12631 12634 12635 12634 12639 12633 12638 12631 12640 12641 12642 12640 12642 12643 12643 12644 12640 12641 12640 12645 12646 12647 12648 12647 12646 12649 12650 12648 12647 12648 12650 12651 12652 12653 12654 12653 12652 12655 12656 12657 12658 12660 12659 12661 12658 12659 12656 12658 12661 12659 12661 12658 12660 12662 12663 12664 12663 12662 12665 12666 12664 12663 12664 12666 12667 12668 12669 12670 12670 12671 12668 12672 12673 12671 12674 12675 12673 12676 12677 12675 12677 12676 12678 12669 12668 12679 12671 12670 12672 12675 12674 12676 12673 12672 12674 12680 12682 12681 12683 12684 12682 12684 12683 12685 12682 12680 12683 12686 12687 12688 12687 12686 12689 12690 12689 12686 12689 12690 12691 12692 12693 12694 12693 12692 12695 12700 12699 12697 12701 12698 12702 12699 12700 12698 12697 12696 12700 12698 12701 12699 12696 12697 12703 12704 12705 12706 12705 12704 12707 12708 12707 12709 12710 12709 12711 12712 12711 12713 12714 12713 12715 12716 12715 12717 12718 12717 12719 12720 12719 12721 12722 12721 12723 12724 12723 12725 12726 12725 12727 12706 12727 12704 12727 12706 12726 12725 12726 12724 12723 12724 12722 12721 12722 12720 12719 12720 12718 12717 12718 12716 12715 12716 12714 12713 12714 12712 12711 12712 12710 12709 12710 12708 12707 12708 12705 12728 12729 12730 12731 12732 12729 12733 12734 12732 12735 12736 12734 12737 12738 12736 12739 12740 12738 12741 12742 12740 12743 12744 12742 12745 12746 12744 12747 12748 12746 12749 12750 12748 12751 12730 12750 12730 12751 12728 12750 12749 12751 12748 12747 12749 12746 12745 12747 12744 12743 12745 12742 12741 12743 12740 12739 12741 12738 12737 12739 12736 12735 12737 12734 12733 12735 12732 12731 12733 12729 12728 12731 12752 12753 12754 12755 12756 12753 12757 12758 12756 12759 12760 12758 12761 12762 12760 12763 12764 12762 12765 12766 12764 12767 12768 12766 12769 12770 12768 12753 12752 12755 12756 12755 12757 12758 12757 12759 12760 12759 12761 12762 12761 12763 12764 12763 12765 12766 12765 12767 12768 12767 12769 12770 12769 12771 12772 12771 12773 12774 12773 12775 12754 12775 12752 12775 12754 12774 12773 12774 12772 12771 12772 12770 12776 12777 12778 12779 12780 12781 12782 12781 12783 12784 12783 12785 12786 12785 12787 12788 12787 12789 12790 12789 12791 12792 12791 12793 12794 12793 12795 12796 12795 12797 12798 12797 12799 12778 12799 12776 12799 12778 12798 12797 12798 12796 12795 12796 12794 12793 12794 12792 12791 12792 12790 12789 12790 12788 12787 12788 12786 12785 12786 12784 12783 12784 12782 12781 12782 12779 12780 12779 12777 12777 12776 12780 12800 12801 12802 12802 12803 12800 12804 12805 12803 12806 12807 12805 12808 12809 12807 12810 12811 12809 12812 12813 12811 12814 12815 12813 12816 12817 12815 12818 12819 12817 12820 12821 12819 12822 12823 12821 12803 12802 12804 12823 12822 12801 12821 12820 12822 12819 12818 12820 12817 12816 12818 12815 12814 12816 12813 12812 12814 12811 12810 12812 12809 12808 12810 12807 12806 12808 12805 12804 12806 12801 12800 12823 12826 12825 12827 12830 12829 12831 12832 12831 12833 12835 12834 12836 12833 12834 12832 12831 12832 12830 12827 12828 12826 12836 12824 12835 12837 12839 12838 12840 12841 12842 12843 12842 12841 12844 12845 12846 12847 12846 12845 12848 12850 12849 12852 12851 12853 12853 12851 12854 12854 12855 12853 12859 12858 12856 12857 12856 12858 12862 12863 12860 12861 12860 12863 12864 12865 12866 12867 12869 12868 12871 12872 12870 12873 12871 12870 12872 12871 12874 12873 12870 12872 12876 12875 12877 12878 12877 12875 12879 12880 12881 12882 12879 12881 12883 12882 12881 12882 12883 12884 12880 12883 12881 12885 12886 12887 12886 12885 12888 12890 12889 12891 12892 12891 12889 12893 12894 12895 12893 12896 12894 12897 12898 12899 12900 12899 12898 12901 12903 12904 12903 12901 12902 12905 12906 12907 12908 12909 12910 12909 12908 12911 12912 12913 12914 12913 12912 12915 12916 12917 12918 12919 12917 12916 12920 12918 12917 12921 12923 12922 12923 12921 12924 12926 12927 12925 12925 12927 12928 12929 12930 12931 12932 12931 12930 12930 12929 12933 12935 12934 12936 12934 12937 12936 12935 12937 12936 12937 12935 12936 12938 12939 12940 12941 12940 12939 12944 12943 12942 12943 12944 12945 12947 12946 12948 12949 12950 12951 12949 12951 12953 12950 12949 12952 12954 12955 12956 12955 12954 12957 12960 12958 12959 12958 12960 12961 12964 12962 12965 12962 12964 12963 12967 12966 12968 12968 12969 12967 12969 12968 12970 12971 12972 12973 12971 12974 12972 12972 12974 12975 12976 12977 12978 12977 12976 12979 12982 12981 12983 12982 12980 12981 12984 12985 12986 12984 12986 12987 12990 12989 12988 12991 12992 12993 12992 12991 12994 12997 12996 12995 12996 12997 12998 12999 13000 13001 12999 13002 13000 13004 13003 13005 13006 13008 13007 13009 13010 13011 13012 13013 13014 13013 13012 13015 13018 13019 13020 13016 13018 13017 13019 13018 13016 13021 13023 13022 13023 13021 13024 13027 13026 13025 13028 13029 13030 13029 13028 13031 13032 13033 13034 13034 13035 13032 13036 13037 13038 13037 13036 13039 13040 13041 13042 13043 13045 13046 13045 13043 13044 13048 13049 13050 13048 13047 13049 13051 13052 13053 13054 13053 13052 13055 13057 13056 13060 13061 13063 13058 13059 13061 13060 13058 13061 13062 13061 13059 13064 13065 13066 13064 13066 13067 13069 13070 13071 13070 13069 13068 13073 13072 13074 13077 13076 13075 13077 13078 13076 13079 13081 13082 13081 13079 13080 13084 13083 13085 13087 13088 13086 13086 13088 13089 13092 13090 13091 13093 13094 13095 13093 13096 13094 13098 13097 13099 13100 13097 13098 13101 13103 13102 13103 13101 13104 13105 13106 13107 13108 13107 13106 13108 13106 13109 13111 13110 13112 13111 13112 13113 13114 13115 13116 13118 13119 13117 13123 13122 13120 13121 13120 13122 13124 13125 13126 13125 13124 13127 13128 13129 13130 13129 13128 13131 13132 13133 13134 13133 13132 13135 13136 13135 13132 13139 13137 13138 13138 13137 13140 13141 13142 13143 13145 13144 13146 13147 13148 13149 13148 13147 13150 13153 13152 13151 13155 13154 13156 13159 13157 13158 13157 13159 13160 13161 13162 13163 13165 13164 13166 13168 13167 13169 13172 13171 13173 13171 13172 13170 13176 13175 13174 13178 13179 13177 13180 13181 13182 13183 13184 13185 13186 13184 13183 13187 13189 13188 13190 13189 13187 13191 13192 13193 13196 13194 13195 13198 13197 13199 13201 13200 13202 13203 13204 13205 13204 13203 13206 13206 13203 13207 13210 13209 13208 13212 13213 13211 13214 13215 13216 13218 13220 13219 13220 13218 13217 13222 13223 13224 13222 13221 13223 13226 13225 13227 13229 13228 13230 13232 13233 13234 13233 13232 13231 13236 13235 13238 13238 13237 13236 13241 13242 13240 13242 13241 13239 13243 13245 13246 13245 13243 13244 13248 13247 13249 13248 13250 13247 13251 13252 13253 13254 13255 13256 13257 13258 13259 13257 13259 13260 13263 13261 13264 13262 13261 13263 13265 13266 13267 13269 13268 13270 13271 13272 13273 13275 13276 13277 13276 13275 13274 13278 13279 13280 13279 13278 13281 13283 13284 13282 13285 13286 13288 13286 13287 13288 13290 13289 13291 13293 13294 13292 13296 13297 13295 13299 13300 13298 13300 13299 13301 13302 13304 13305 13304 13302 13303 13307 13308 13309 13308 13307 13306 13312 13310 13311 13314 13313 13315 13317 13316 13318 13319 13320 13321 13320 13319 13322 13323 13324 13325 13323 13325 13326 13329 13328 13327 13330 13331 13332 13332 13333 13330 13335 13336 13334 13337 13338 13339 13338 13337 13340 13341 13337 13339 13343 13344 13342 13344 13343 13345 13347 13346 13348 13350 13349 13351 13352 13353 13354 13356 13355 13357 13358 13359 13361 13361 13360 13358 13362 13363 13364 13366 13367 13365 13368 13369 13370 13373 13374 13372 13372 13371 13373 13377 13376 13378 13376 13377 13375 13379 13380 13381 13382 13381 13380 13384 13385 13383 13386 13387 13388 13389 13390 13391 13392 13389 13391 13395 13396 13393 13396 13395 13394 13397 13398 13399 13402 13401 13403 13403 13400 13402 13404 13405 13406 13407 13409 13408 13409 13407 13410 13412 13411 13413 13415 13414 13416 13417 13418 13419 13418 13417 13420 13423 13421 13422 13426 13424 13425 13428 13429 13427 13429 13428 13430 13431 13432 13433 13436 13435 13434 13438 13437 13439 13440 13441 13442 13440 13442 13443 13444 13445 13446 13444 13446 13447 13449 13448 13450 13451 13452 13453 13456 13455 13454 13457 13458 13459 13460 13461 13462 13461 13460 13463 13460 13462 13464 13467 13466 13465 13468 13469 13470 13469 13468 13471 13472 13473 13474 13475 13476 13477 13476 13475 13478 13479 13480 13481 13480 13479 13482 13484 13483 13485 13487 13486 13488 13488 13486 13489 13492 13491 13493 13491 13492 13490 13495 13494 13496 13499 13498 13497 13498 13499 13500 13501 13503 13502 13503 13501 13504 13505 13506 13507 13506 13505 13508 13509 13510 13511 13513 13512 13514 13516 13515 13517 13517 13515 13518 13519 13520 13521 13519 13522 13520 13523 13524 13525 13527 13526 13528 13530 13529 13531 13532 13533 13534 13533 13532 13535 13538 13537 13536 13540 13539 13541 13544 13543 13542 13547 13546 13548 13546 13545 13548 13550 13549 13551 13552 13554 13553 13555 13556 13557 13558 13559 13560 13559 13558 13561 13562 13563 13564 13563 13562 13565 13566 13567 13568 13567 13566 13569 13571 13570 13572 13573 13574 13575 13577 13576 13578 13580 13581 13579 13581 13580 13582 13585 13583 13586 13584 13583 13585 13587 13588 13589 13590 13591 13592 13593 13592 13591 13594 13595 13596 13598 13599 13600 13598 13597 13601 13599 13598 13601 13604 13605 13602 13604 13602 13603 13606 13607 13608 13609 13610 13611 13612 13613 13614 13616 13615 13617 13619 13618 13620 13621 13620 13618 13623 13622 13624 13625 13626 13627 13629 13628 13630 13633 13632 13631 13634 13635 13636 13635 13634 13637 13638 13639 13640 13639 13638 13641 13644 13643 13642 13646 13645 13647 13649 13648 13650 13653 13652 13654 13652 13653 13651 13657 13658 13655 13656 13655 13658 13659 13660 13661 13661 13662 13663 13660 13659 13664 13662 13661 13660 13665 13666 13667 13668 13667 13669 13670 13669 13671 13672 13671 13673 13674 13673 13675 13673 13674 13672 13671 13672 13670 13669 13670 13668 13667 13668 13665 13666 13665 13676 13677 13678 13679 13680 13679 13678 13679 13680 13681 13678 13677 13682 13683 13684 13685 13684 13683 13686 13687 13685 13684 13685 13687 13688 13689 13690 13691 13692 13693 13690 13693 13692 13694 13690 13689 13692 13691 13695 13689 13695 13691 13696 13697 13696 13698 13699 13698 13700 13698 13699 13697 13696 13697 13695 13701 13702 13703 13704 13703 13702 13702 13701 13705 13703 13704 13706 13707 13708 13709 13709 13710 13711 13708 13707 13712 13710 13709 13708 13713 13714 13715 13716 13717 13714 13718 13719 13720 13719 13718 13721 13722 13723 13717 13717 13716 13722 13723 13722 13724 13715 13720 13713 13720 13715 13718 13714 13713 13716 13725 13726 13727 13727 13728 13729 13728 13727 13726 13726 13725 13730 13731 13732 13733 13733 13734 13735 13734 13733 13732 13732 13731 13736 13737 13738 13739 13740 13741 13738 13742 13743 13741 13743 13742 13744 13741 13740 13742 13738 13737 13740 13745 13739 13746 13739 13745 13737 13747 13748 13749 13749 13750 13751 13748 13747 13752 13750 13749 13748 13753 13754 13755 13754 13753 13756 13757 13755 13754 13755 13757 13758 13759 13760 13761 13762 13763 13764 13765 13766 13763 13767 13768 13766 13768 13767 13760 13766 13765 13767 13760 13759 13768 13763 13762 13765 13769 13764 13770 13764 13769 13762 13771 13772 13773 13774 13773 13772 13772 13771 13775 13773 13774 13776 13777 13778 13779 13780 13781 13778 13782 13783 13784 13785 13779 13786 13784 13786 13782 13783 13782 13787 13786 13784 13785 13779 13785 13777 13778 13777 13780 13781 13780 13788 13789 13790 13791 13792 13793 13789 13790 13789 13793 13793 13792 13794 13799 13798 13800 13798 13799 13797 13796 13797 13795 13797 13796 13798 13801 13802 13803 13804 13805 13802 13806 13807 13805 13808 13809 13807 13802 13801 13804 13810 13811 13812 13813 13814 13811 13815 13816 13814 13817 13818 13816 13819 13820 13818 13821 13822 13820 13823 13803 13822 13803 13823 13801 13822 13821 13823 13820 13819 13821 13818 13817 13819 13816 13815 13817 13814 13813 13815 13811 13810 13813 13812 13824 13810 13809 13808 13824 13807 13806 13808 13805 13804 13806 13824 13812 13809 13825 13826 13827 13828 13829 13826 13829 13828 13830 13831 13830 13832 13833 13832 13834 13835 13834 13836 13837 13836 13838 13839 13838 13840 13841 13840 13842 13843 13842 13844 13845 13844 13846 13847 13846 13848 13827 13848 13825 13826 13825 13828 13832 13833 13831 13834 13835 13833 13836 13837 13835 13838 13839 13837 13840 13841 13839 13842 13843 13841 13844 13845 13843 13846 13847 13845 13848 13827 13847 13830 13831 13829 13849 13850 13851 13852 13853 13850 13854 13855 13853 13856 13857 13855 13858 13859 13857 13860 13861 13862 13863 13864 13861 13865 13866 13864 13859 13858 13866 13857 13856 13858 13866 13865 13859 13864 13863 13865 13861 13860 13863 13867 13851 13868 13869 13868 13870 13871 13870 13872 13862 13872 13860 13870 13871 13869 13872 13862 13871 13868 13869 13867 13853 13852 13854 13850 13849 13852 13851 13867 13849 13855 13854 13856 13873 13874 13875 13876 13877 13874 13878 13879 13877 13880 13881 13879 13882 13883 13884 13885 13886 13887 13888 13889 13883 13886 13885 13889 13887 13890 13885 13881 13880 13890 13879 13878 13880 13877 13876 13878 13874 13873 13876 13875 13891 13873 13889 13888 13886 13883 13882 13888 13884 13892 13882 13893 13894 13892 13891 13875 13895 13890 13887 13881 13892 13884 13893 13894 13893 13896 13895 13896 13891 13896 13895 13894 13897 13898 13899 13900 13901 13898 13901 13900 13902 13898 13897 13900 13899 13903 13897 13904 13905 13903 13903 13899 13904 13906 13907 13908 13909 13910 13907 13911 13912 13910 13913 13914 13912 13915 13916 13914 13917 13918 13916 13919 13902 13918 13902 13919 13901 13905 13904 13920 13908 13920 13906 13907 13906 13909 13910 13909 13911 13912 13911 13913 13914 13913 13915 13916 13915 13917 13920 13908 13905 13918 13917 13919 13921 13922 13923 13924 13923 13925 13926 13925 13927 13928 13927 13929 13930 13931 13922 13927 13928 13926 13925 13926 13924 13923 13924 13921 13922 13921 13930 13931 13930 13932 13933 13932 13934 13935 13934 13936 13937 13936 13938 13939 13938 13940 13941 13940 13942 13943 13942 13944 13929 13944 13928 13944 13929 13943 13942 13943 13941 13940 13941 13939 13938 13939 13937 13936 13937 13935 13934 13935 13933 13932 13933 13931 13946 13947 13945 13947 13949 13948 13951 13945 13952 13953 13949 13947 13953 13945 13951 13953 13946 13945 13955 13950 13949 13953 13951 13950 13951 13954 13953 13951 13953 13954 13950 13955 13953 13949 13953 13955 13953 13947 13946 13958 13959 13960 13957 13961 13959 13957 13963 13961 13957 13956 13963 13956 13957 13958 13959 13958 13957 13958 13960 13962 13958 13962 13956 13967 13965 13968 13969 13970 13967 13968 13971 13969 13968 13972 13971 13965 13964 13972 13968 13969 13967 13965 13967 13966 13965 13966 13964 13969 13971 13970 13972 13968 13965 13975 13976 13974 13976 13975 13977 13974 13973 13975 13978 13979 13980 13982 13981 13983 13984 13983 13985 13983 13984 13982 13985 13986 13984 13989 13977 13988 13988 13987 13989 13977 13989 13976 13991 13990 13992 13993 13992 13994 13995 13994 13996 13997 13996 13998 13999 13998 14000 14001 14000 14002 14002 14003 14001 14000 14001 13999 13998 13999 13997 13996 13997 13995 13994 13995 13993 13992 13993 13991 14005 14004 14006 14006 14007 14005 14009 14008 14010 14010 14011 14009 14014 14012 14015 14018 14017 14019 14022 14021 14023 14026 14025 14027 14027 14013 14026 14023 14024 14022 14019 14020 14018 14015 14016 14014 14028 14029 14030 14031 14032 14029 14033 14034 14032 14035 14036 14034 14039 14040 14038 14042 14043 14041 14044 14045 14046 14043 14042 14045 14041 14040 14042 14038 14037 14039 14034 14033 14035 14046 14047 14044 14032 14031 14033 14029 14028 14031 14045 14044 14043 14030 14048 14028 14047 14046 14048 14048 14030 14047 14050 14049 14051 14054 14052 14055 14053 14052 14056 14057 14058 14059 14062 14063 14061 14065 14066 14064 14067 14068 14066 14066 14065 14067 14064 14063 14065 14061 14060 14062 14070 14069 14071 14072 14073 14074 14075 14074 14073 14077 14076 14078 14081 14082 14079 14080 14079 14082 14086 14085 14084 14084 14083 14086 14088 14087 14089 14091 14090 14092 14094 14095 14093 14093 14090 14094 14099 14100 14097 14101 14098 14102 14097 14096 14099 14102 14103 14101 14106 14105 14107 14105 14106 14104 14108 14109 14110 14111 14112 14113 14111 14114 14112 14111 14115 14114 14116 14117 14118 14117 14116 14119 14120 14119 14116 14121 14122 14123 14126 14124 14127 14126 14127 14128 14123 14128 14121 14122 14121 14129 14128 14123 14126 14125 14124 14130 14131 14132 14133 14131 14133 14134 14134 14135 14131 14136 14137 14138 14138 14139 14140 14137 14136 14141 14139 14138 14137 14144 14143 14145 14143 14144 14142 14148 14149 14146 14149 14148 14150 14147 14146 14149 14151 14152 14153 14156 14155 14157 14160 14161 14162 14163 14162 14164 14165 14164 14166 14157 14158 14156 14153 14154 14151 14152 14151 14167 14162 14163 14160 14166 14159 14165 14168 14169 14170 14171 14172 14173 14174 14175 14176 14177 14178 14179 14180 14181 14178 14182 14183 14181 14175 14174 14183 14176 14184 14174 14185 14186 14184 14184 14176 14185 14187 14170 14172 14170 14187 14168 14188 14179 14189 14173 14189 14171 14189 14173 14188 14179 14188 14177 14178 14177 14180 14181 14180 14182 14190 14191 14169 14186 14185 14191 14169 14168 14190 14191 14190 14186 14172 14171 14187 14183 14182 14175 14194 14195 14193 14196 14197 14195 14201 14200 14202 14203 14192 14204 14204 14199 14203 14193 14192 14194 14195 14194 14196 14202 14198 14201 14205 14206 14207 14206 14205 14208 14209 14208 14210 14208 14209 14206 14211 14212 14213 14214 14215 14211 14215 14214 14216 14212 14211 14215 14218 14217 14220 14220 14219 14218 14222 14224 14223 14222 14223 14221 14225 14221 14226 14221 14225 14222 14227 14229 14228 14231 14230 14232 14232 14233 14231 14234 14235 14236 14237 14236 14235 14236 14237 14238 14239 14240 14241 14241 14243 14239 14243 14241 14242 14240 14239 14244 14245 14246 14247 14246 14245 14248 14249 14251 14250 14251 14249 14252 14255 14253 14256 14253 14255 14254 14257 14254 14258 14259 14258 14260 14258 14259 14257 14254 14257 14253 14261 14262 14263 14262 14261 14264 14265 14266 14267 14268 14267 14269 14266 14265 14270 14267 14268 14265 14271 14272 14273 14272 14271 14274 14277 14276 14278 14279 14275 14280 14276 14277 14275 14275 14279 14276 14281 14282 14283 14282 14281 14284 14285 14286 14287 14288 14289 14290 14291 14290 14292 14290 14291 14288 14289 14288 14286 14286 14285 14289 14297 14294 14298 14295 14293 14296 14294 14297 14293 14293 14295 14294 14299 14300 14301 14300 14299 14302 14305 14306 14307 14304 14307 14303 14306 14305 14308 14307 14304 14305 14309 14310 14311 14311 14312 14309 14314 14313 14315 14312 14311 14313 14310 14309 14316 14313 14314 14312 14317 14318 14319 14318 14317 14320 14321 14322 14323 14324 14323 14325 14323 14324 14321 14322 14321 14326 14329 14327 14328 14331 14330 14328 14333 14332 14327 14334 14330 14331 14328 14332 14331 14328 14330 14329 14328 14327 14332 14337 14335 14338 14339 14338 14335 14338 14339 14340 14335 14337 14336 14341 14343 14342 14341 14342 14344 14346 14345 14347 14348 14347 14345 14351 14352 14350 14350 14349 14351 14355 14356 14354 14359 14360 14358 14361 14362 14360 14364 14365 14363 14363 14362 14364 14360 14359 14361 14358 14357 14359 14354 14353 14355 14366 14367 14368 14369 14370 14367 14371 14372 14373 14370 14369 14372 14367 14366 14369 14368 14374 14366 14374 14368 14375 14376 14377 14378 14379 14380 14377 14381 14382 14380 14383 14384 14382 14385 14386 14384 14387 14388 14386 14389 14373 14388 14378 14375 14376 14377 14376 14379 14375 14378 14374 14380 14379 14381 14372 14371 14370 14382 14381 14383 14384 14383 14385 14386 14385 14387 14388 14387 14389 14373 14389 14371 14391 14390 14392 14395 14394 14396 14392 14393 14391 14396 14397 14395 14398 14399 14397 14397 14396 14398 14400 14399 14402 14402 14401 14400 14403 14404 14405 14406 14405 14404 14405 14406 14407 14410 14409 14411 14409 14410 14408 14412 14413 14414 14413 14412 14415 14415 14416 14417 14416 14415 14412 14418 14419 14420 14418 14420 14421 14421 14422 14418 14424 14423 14427 14424 14427 14428 14426 14425 14429 14431 14430 14432 14428 14430 14424 14433 14434 14435 14435 14436 14437 14434 14433 14438 14441 14442 14440 14443 14442 14444 14440 14439 14441 14445 14446 14447 14447 14448 14445 14451 14452 14450 14450 14449 14451 14454 14453 14455 14458 14459 14456 14457 14456 14459 14461 14460 14462 14462 14463 14461 14464 14465 14466 14468 14467 14469 14470 14467 14471 14472 14473 14474 14475 14476 14473 14477 14478 14479 14479 14476 14477 14473 14472 14475 14474 14480 14472 14481 14482 14483 14484 14483 14482 14486 14487 14485 14488 14489 14490 14493 14492 14494 14496 14495 14497 14498 14497 14499 14500 14499 14501 14499 14500 14498 14497 14498 14496 14502 14503 14489 14504 14505 14503 14506 14507 14505 14494 14495 14493 14490 14491 14488 14489 14488 14502 14505 14504 14506 14507 14506 14508 14508 14501 14507 14512 14511 14513 14513 14514 14512 14516 14517 14510 14510 14509 14516 14519 14518 14520 14520 14521 14519 14524 14515 14523 14523 14522 14524 14528 14529 14527 14527 14526 14528 14530 14525 14531 14531 14532 14530 14533 14534 14535 14536 14537 14534 14538 14539 14537 14540 14541 14542 14543 14542 14544 14544 14545 14543 14542 14543 14540 14541 14540 14546 14535 14546 14533 14534 14533 14536 14537 14536 14538 14546 14535 14541 14547 14548 14549 14550 14549 14551 14557 14558 14556 14559 14560 14558 14563 14551 14562 14551 14563 14550 14562 14561 14563 14558 14557 14559 14556 14555 14557 14553 14552 14554 14549 14550 14547 14564 14567 14566 14564 14569 14568 14564 14566 14570 14570 14569 14564 14568 14565 14564 14567 14564 14565 14572 14571 14573 14576 14577 14575 14575 14574 14576 14575 14579 14574 14579 14575 14578 14581 14580 14582 14583 14584 14585 14587 14588 14586 14588 14587 14589 14590 14591 14592 14593 14594 14595 14593 14595 14596 14593 14596 14597 14600 14598 14601 14602 14601 14603 14601 14602 14600 14604 14603 14605 14606 14605 14607 14608 14609 14610 14610 14611 14612 14605 14606 14604 14606 14613 14608 14611 14610 14609 14603 14604 14602 14609 14608 14613 14613 14606 14607 14612 14614 14615 14615 14616 14617 14617 14618 14619 14614 14612 14611 14618 14617 14616 14616 14615 14614 14618 14599 14619 14620 14621 14622 14623 14624 14625 14633 14634 14635 14636 14637 14638 14639 14640 14641 14642 14643 14644 14645 14646 14647 14650 14651 14652 14653 14654 14655 14656 14638 14657 14658 14656 14659 14656 14660 14659 14661 14662 14663 14664 14665 14666 14665 14667 14666 14667 14668 14669 14670 14669 14668 14671 14670 14672 14671 14673 14674 14675 14676 14677 14627 14676 14626 14676 14639 14626 14639 14657 14638 14627 14678 14677 14679 14680 14681 14682 14683 14669 14667 14684 14685 14666 14686 14687 14664 14688 14689 14687 14690 14691 14692 14693 14694 14628 14697 14698 14659 14699 14700 14658 14700 14701 14621 14620 14702 14642 14704 14705 14706 14705 14707 14709 14710 14711 14712 14713 14714 14715 14716 14717 14718 14720 14721 14722 14723 14724 14629 14729 14730 14692 14735 14736 14736 14737 14738 14740 14741 14742 14748 14749 14750 14751 14752 14753 14753 14754 14748 14755 14756 14757 14759 14631 14632 14647 14765 14763 14763 14762 14647 14766 14762 14763 14767 14766 14768 14767 14768 14769 14764 14648 14761 14768 14764 14770 14764 14761 14770 14631 14760 14771 14648 14771 14761 14771 14648 14631 14772 14631 14773 14631 14774 14760 14631 14775 14774 14776 14631 14772 14631 14776 14775 14758 14759 14622 14759 14777 14778 14759 14773 14631 14780 14759 14779 14773 14759 14778 14759 14780 14777 14780 14781 14777 14782 14783 14784 14782 14785 14783 14782 14786 14785 14784 14621 14782 14621 14787 14622 14788 14621 14784 14621 14789 14787 14789 14621 14788 14790 14756 14755 14756 14790 14782 14786 14782 14790 14791 14793 14755 14794 14792 14757 14757 14791 14755 14793 14795 14753 14754 14753 14795 14792 14794 14796 14791 14757 14792 14795 14793 14791 14748 14797 14753 14797 14748 14750 14751 14753 14798 14800 14748 14799 14749 14748 14800 14801 14802 14803 14802 14804 14805 14747 14805 14804 14802 14801 14804 14745 14806 14807 14747 14744 14808 14806 14809 14810 14745 14807 14747 14744 14747 14743 14810 14748 14754 14806 14745 14746 14805 14747 14807 14745 14747 14808 14799 14810 14809 14809 14806 14746 14748 14810 14799 14746 14812 14811 14813 14740 14814 14743 14815 14744 14743 14814 14816 14814 14743 14813 14817 14743 14816 14743 14817 14818 14815 14743 14818 14819 14820 14821 14822 14821 14823 14820 14738 14739 14821 14822 14819 14824 14822 14823 14738 14820 14819 14740 14824 14741 14824 14740 14822 14738 14825 14739 14826 14738 14737 14825 14738 14826 14736 14738 14692 14829 14827 14736 14828 14827 14829 14694 14735 14692 14735 14694 14830 14695 14834 14832 14833 14734 14733 14734 14833 14831 14734 14695 14733 14832 14694 14695 14831 14830 14835 14695 14836 14733 14836 14731 14732 14836 14695 14731 14730 14731 14629 14731 14837 14732 14837 14731 14730 14839 14838 14629 14729 14629 14838 14839 14840 14841 14839 14841 14840 14838 14839 14841 14842 14843 14728 14842 14727 14843 14842 14728 14629 14727 14842 14725 14629 14728 14839 14653 14844 14845 14846 14847 14844 14848 14653 14845 14844 14653 14846 14653 14726 14725 14726 14653 14848 14846 14850 14847 14850 14846 14849 14851 14849 14846 14851 14852 14849 14852 14851 14855 14856 14723 14722 14857 14858 14859 14724 14851 14722 14855 14724 14853 14724 14855 14851 14858 14857 14862 14853 14858 14863 14854 14853 14863 14855 14853 14854 14861 14862 14857 14858 14853 14859 14864 14865 14866 14865 14721 14720 14857 14867 14861 14865 14864 14721 14870 14871 14872 14873 14868 14872 14874 14870 14719 14719 14870 14718 14871 14870 14874 14720 14718 14870 14868 14873 14869 14857 14869 14867 14873 14872 14875 14869 14857 14868 14875 14872 14871 14715 14719 14718 14876 14715 14717 14719 14715 14876 14877 14878 14715 14880 14715 14878 14877 14881 14879 14878 14877 14879 14882 14715 14880 14716 14715 14882 14883 14877 14711 14884 14877 14883 14881 14877 14884 14885 14886 14887 14877 14889 14711 14713 14886 14885 14712 14714 14888 14877 14887 14889 14709 14711 14889 14886 14713 14890 14713 14712 14890 14887 14877 14885 14709 14891 14710 14709 14708 14893 14706 14709 14894 14895 14896 14892 14892 14709 14893 14708 14709 14706 14895 14892 14893 14706 14897 14708 14898 14706 14707 14897 14706 14898 14642 14705 14706 14899 14900 14901 14703 14902 14644 14704 14903 14705 14899 14904 14900 14703 14904 14905 14902 14703 14905 14899 14903 14704 14899 14901 14903 14906 14644 14902 14906 14642 14644 14704 14642 14907 14647 14703 14645 14703 14647 14762 14703 14644 14645 14658 14908 14909 14701 14910 14908 14908 14658 14701 14912 14702 14620 14622 14913 14620 14911 14910 14701 14912 14911 14702 14913 14622 14759 14914 14915 14916 14700 14658 14659 14917 14794 14918 14917 14918 14919 14920 14919 14918 14794 14917 14796 14920 14921 14919 14660 14920 14699 14921 14920 14916 14920 14660 14916 14699 14659 14660 14731 14695 14697 14697 14628 14731 14694 14696 14695 14696 14694 14693 14693 14692 14922 14738 14923 14692 14923 14738 14819 14692 14925 14922 14925 14692 14924 14690 14922 14925 14690 14687 14922 14666 14926 14688 14687 14926 14666 14627 14626 14927 14928 14623 14929 14927 14626 14928 14929 14623 14625 14623 14928 14626 14930 14628 14682 14682 14671 14931 14682 14931 14930 14630 14629 14731 14731 14932 14630 14933 14633 14635 14632 14631 14648 14633 14933 14648 14632 14648 14934 14648 14933 14934 14935 14633 14636 14936 14658 14909 14658 14936 14636 14636 14936 14935 14637 14636 14937 14937 14636 14633 14640 14639 14638 14640 14638 14637 14623 14626 14938 14641 14626 14639 14626 14641 14938 14643 14642 14939 14623 14939 14642 14646 14648 14647 14648 14646 14649 14940 14813 14941 14942 14813 14943 14651 14650 14944 14942 14651 14944 14822 14740 14940 14813 14942 14941 14650 14652 14945 14945 14664 14689 14651 14942 14943 14813 14940 14740 14664 14945 14652 14946 14653 14725 14654 14653 14947 14653 14946 14947 14654 14948 14655 14948 14949 14674 14946 14725 14842 14950 14671 14674 14949 14948 14951 14948 14654 14951 14674 14949 14950 14638 14656 14636 14656 14658 14636 14915 14914 14663 14663 14914 14661 14801 14662 14661 14688 14664 14666 14914 14952 14953 14662 14801 14803 14952 14914 14916 14954 14952 14664 14916 14915 14921 14954 14664 14652 14952 14954 14953 14665 14664 14952 14667 14665 14668 14669 14670 14682 14670 14671 14682 14955 14956 14957 14673 14672 14958 14956 14672 14957 14956 14955 14959 14672 14673 14671 14956 14959 14960 14856 14961 14860 14672 14956 14958 14961 14960 14959 14961 14856 14960 14676 14627 14677 14639 14676 14657 14678 14627 14714 14962 14963 14681 14864 14680 14679 14681 14963 14679 14680 14864 14866 14963 14962 14957 14957 14962 14955 14963 14675 14964 14675 14963 14957 14964 14677 14678 14677 14964 14675 14683 14682 14965 14698 14682 14628 14684 14667 14669 14684 14669 14683 14685 14666 14667 14666 14685 14686 14966 14687 14691 14967 14968 14969 14968 14967 14970 14970 14967 14971 14972 14973 14974 14975 14976 14977 14981 14982 14983 14985 14986 14987 14992 14993 14994 14995 14996 14997 14998 14999 15000 15001 14985 14987 15000 15002 15003 15004 15005 15006 15007 15008 15009 15010 14994 15011 15012 15010 15013 15016 15017 15018 15017 15019 15018 15019 15020 15021 15022 15021 15020 15025 15026 15027 15004 15027 14998 15027 14995 14998 14995 15011 14994 15028 15029 15030 15031 15013 15014 15012 15032 15033 15034 15035 15036 15016 15038 15039 15040 15041 15042 14990 15043 15044 14981 15047 15048 14979 15049 15050 14976 15051 14977 15050 15052 15053 15054 15055 15021 15019 15056 15057 15018 15058 15037 15061 15062 15063 15065 15066 15067 15001 15068 15069 15070 15071 15072 15070 15073 15074 15075 15076 15077 15078 15079 15080 15081 15082 15083 15084 15085 15086 15093 15094 15095 14991 14990 15097 14988 15097 14989 15097 14988 14991 14993 14992 15098 14992 14990 15098 14996 14994 14993 14994 14996 14995 14997 14998 14995 14998 14997 14999 14985 15001 15099 15002 15000 15099 15002 15001 15100 15001 15002 15099 15100 15001 15101 15070 15101 15001 15005 15004 14998 15102 14998 15103 14998 15102 15005 15104 15000 15003 15000 15103 14998 15105 15007 15096 15008 15107 15009 15042 15108 15040 15107 15109 15042 15008 15007 15110 15096 15106 15105 15109 15107 15111 15007 15105 15110 15108 15042 15109 15107 15008 15111 14994 15010 14992 15010 15012 14992 15013 15010 15015 15015 15014 15013 15017 15016 15112 15014 15112 15016 15019 15017 15020 15021 15022 15054 15024 15023 15040 15022 15040 15054 15040 15022 15024 15023 15026 15025 15027 15004 15025 14995 15027 15011 15113 15114 15030 15030 15114 15028 15115 15029 15028 15114 15113 15014 15029 15115 15116 15114 15014 15117 15118 15014 15016 15014 15113 15119 15118 15016 15036 15014 15118 15117 15119 15120 15014 15121 15122 15123 15013 15031 15032 15120 15119 15124 15122 15125 15124 15031 15014 15120 15122 15121 15125 15120 15124 15125 15126 15127 15128 15129 15127 15130 15035 15034 15131 15036 15039 15034 15129 15035 15131 15127 15129 15128 15039 15036 15016 15035 15129 15130 15127 15126 14974 14974 15126 14972 15059 15133 15132 15134 15133 15059 15038 15016 15018 15038 15018 15136 15136 15018 15137 15037 15137 15018 15138 15139 15023 15041 15023 15140 15139 15138 15141 15142 15143 15144 15140 15023 15139 15138 15023 15145 15143 15146 15141 15023 15041 15040 15143 15142 15146 15139 15141 15146 15147 14990 14992 14990 15147 15043 15147 14992 15148 15148 14992 15149 15012 15149 14992 15151 14990 15044 15046 15045 15097 15047 14981 15060 15048 14979 14981 14979 15048 15049 15153 15050 15154 15152 14979 15153 15154 15050 15053 15051 14976 14979 15050 15153 14979 15155 15050 15054 15156 15040 15108 15155 15054 15157 15040 15156 15054 15054 15156 15157 15055 15054 15158 15158 15054 15050 15056 15021 15055 15021 15056 15019 15057 15018 15019 15018 15057 15159 15060 15059 15160 15160 15037 15058 15037 15160 15059 15161 15162 15163 15063 15006 15061 15006 15063 15004 15062 15164 15163 15162 15161 15077 15163 15164 15161 15077 15161 15165 15077 15165 15075 15064 15004 15063 15145 15166 15067 15084 15066 15065 15067 15166 15065 15066 15084 15086 15166 15023 15167 15166 15145 15023 15025 15167 15023 15168 14987 15169 15168 15169 15170 15068 15172 15173 14987 15168 15174 15170 15171 15172 15069 15068 15173 15172 15171 15175 15176 15070 15177 15178 15070 15001 15070 15178 15177 15001 15069 15178 15070 15072 15073 15180 15179 15181 15179 15075 15181 15181 15075 15182 15075 15179 15183 15074 15075 15070 15070 15075 15101 15075 15074 15182 15184 15162 15185 15162 15184 15186 15185 15162 15077 15162 15186 15079 15187 15188 15189 15080 15188 15078 15162 15079 15078 15188 15080 15189 15190 15188 15187 15082 15081 15188 15188 15190 15082 15085 15084 15081 15191 15081 15083 15081 15191 15085 15192 15083 15193 15083 15192 15191 15194 15193 15087 15193 15194 15192 15196 15195 15193 15193 15195 15197 15198 15087 15193 15087 15198 15088 15199 15087 15088 15087 15199 15200 15087 15200 15089 15091 15090 15201 15087 15202 15194 15202 15087 15089 15203 15092 15204 15204 15092 15205 15206 15203 15202 15095 15205 15093 15094 15142 15144 15203 15206 15090 15205 15095 15204 15142 15094 15093 15092 15203 15090 15207 15205 15208 15205 15092 15208 15202 15089 15206 15205 15207 15209 15210 15209 15211 15209 15212 15211 15213 15209 15214 15212 15209 15207 15209 15210 15214 15096 15007 15213 15209 15213 15007 15216 15096 15217 15217 15096 15215 14976 14975 15218 15096 15216 15106 14975 14977 15219 15219 15106 15220 15106 15219 14977 15106 15216 15220 14978 14976 15218 15221 14979 15222 14979 15221 15223 15222 14979 15224 14979 15223 14980 14976 15225 14979 15225 14976 14978 14979 15225 15224 14982 14981 14979 14982 14979 14980 15226 15227 15229 15060 15226 15229 14983 15228 14984 15060 15231 15230 14981 15231 15060 15227 15226 15228 15232 15060 15229 15060 15232 15059 15233 15059 15234 15059 15233 15235 15236 15134 15059 15059 15235 15237 15238 15239 15240 15240 15239 15238 15238 15134 15236 14973 14972 15241 15134 15242 15135 15242 14972 15135 15242 15134 15239 15241 14972 15242 15243 15244 15245 15245 15244 15246 15244 15243 15247 15248 15127 14974 15246 15127 15249 15127 15246 15244 15127 15248 15250 15127 15250 15249 15253 15254 15255 15254 15253 15256 15258 15259 15260 15253 15261 15256 15258 15260 15254 15254 15260 15257 15261 15253 15251 15254 15257 15255 15247 15259 15244 15262 15115 15263 15259 15247 15264 15251 15252 15261 15262 15263 15258 15259 15258 15263 15259 15264 15260 15268 15261 15269 15270 15271 15266 15266 15267 15265 15272 15267 15266 15271 15270 15273 15267 15272 15268 15277 15121 15123 15269 15261 15252 15275 15271 15274 15121 15277 15275 15261 15268 15272 15275 15277 15276 15271 15273 15274 15274 15278 15279 15274 15279 15275 15278 15274 15280 15278 15280 15281 15283 15282 15284 15283 15284 15285 15286 15278 15281 15282 15283 15287 15283 15285 15288 15278 15286 15289 15290 15283 15278 15278 15289 15291 15283 15290 15287 15278 15291 15290 15292 15283 15293 15293 15283 15288 15294 15295 15288 15296 15297 15298 15288 15295 15293 15296 15298 15292 15297 15299 15033 15297 15296 15300 15299 15297 15300 15150 15033 15299 15301 15302 15303 15304 15295 15305 15295 15304 15045 15295 15303 15305 15303 15302 15305 15306 15295 15294 15307 15045 15304 15308 15045 15307 15309 15045 15310 15045 15309 15097 15045 15308 15310 15311 15309 15312 15311 15097 15309 15312 15313 15311 15097 15311 15315 15314 15313 15312 15316 15313 15317 15317 15313 15314 15316 15319 15320 15321 15319 14989 15097 15318 14989 14989 15318 15321 15319 14987 14986 14989 15319 14986 14987 15319 15169 15319 15321 15320 15295 15045 15046 15283 15292 15298 15266 15265 15270 15059 15232 15234 15325 15326 15327 15328 15329 15330 15331 15333 15332 15335 15336 15337 15340 15341 15342 15346 15347 15345 15348 15349 15347 15351 15352 15353 15354 15355 15356 15356 15357 15354 15358 15357 15359 15358 15360 15361 15362 15363 15360 15364 15363 15365 15367 15368 15369 15370 15372 15371 15374 15375 15376 15377 15378 15379 15380 15382 15381 15383 15384 15382 15385 15386 15387 15387 15388 15385 15392 15394 15395 15397 15398 15396 15401 15402 15403 15404 15405 15402 15406 15407 15408 15410 15412 15413 15414 15415 15416 15421 15422 15423 15426 15425 15427 15428 15427 15429 15430 15431 15432 15433 15434 15435 15435 15436 15433 15437 15438 15439 15442 15440 15441 15443 15442 15444 15449 15447 15450 15449 15451 15452 15453 15454 15455 15456 15453 15455 15420 15457 15458 15422 15421 15459 15425 15424 15421 15425 15421 15423 15425 15426 15424 15427 15428 15426 15431 15430 15434 15430 15428 15429 15428 15430 15432 15434 15433 15431 15436 15435 15460 15438 15437 15461 15440 15442 15462 15462 15442 15443 15446 15443 15444 15443 15446 15445 15447 15445 15446 15445 15447 15448 15447 15449 15448 15451 15449 15450 15454 15452 15451 15452 15454 15463 15454 15453 15463 15453 15456 15464 15465 15466 15467 15467 15468 15465 15470 15472 15473 15472 15470 15471 15471 15474 15475 15476 15418 15477 15476 15477 15478 15479 15474 15478 15479 15478 15477 15474 15479 15475 15415 15414 15418 15416 15412 15414 15412 15416 15413 15418 15417 15415 15412 15410 15411 15411 15410 15409 15407 15409 15410 15407 15406 15409 15405 15404 15480 15402 15401 15404 15481 15400 15399 15400 15481 15482 15399 15483 15484 15483 15399 15400 15398 15397 15485 15394 15392 15393 15391 15389 15390 15389 15391 15388 15390 15392 15391 15392 15390 15393 15388 15387 15389 15386 15385 15384 15384 15383 15386 15382 15380 15383 15486 15379 15487 15379 15486 15377 15486 15380 15381 15380 15486 15487 15378 15377 15488 15375 15374 15489 15372 15490 15491 15490 15372 15373 15372 15370 15373 15368 15367 15492 15369 15493 15367 15493 15369 15494 15492 15371 15368 15371 15492 15370 15366 15495 15496 15495 15366 15364 15363 15364 15366 15363 15362 15365 15360 15358 15362 15357 15358 15361 15357 15356 15359 15355 15354 15352 15352 15351 15355 15349 15497 15498 15497 15349 15350 15349 15348 15350 15347 15346 15348 15344 15345 15343 15345 15344 15346 15343 15499 15344 15499 15343 15341 15341 15340 15499 15500 15340 15342 15339 15501 15500 15501 15339 15338 15340 15500 15501 15339 15336 15338 15336 15339 15337 15336 15335 15334 15333 15334 15335 15334 15333 15502 15333 15331 15502 15329 15328 15503 15330 15331 15332 15331 15330 15329 15504 15327 15326 15327 15504 15505 15326 15325 15324 15506 15324 15325 15324 15506 15507 15508 15509 15510 15512 15513 15514 15512 15509 15511 15509 15512 15514 15516 15513 15515 15513 15516 15517 15518 15516 15519 15520 15518 15519 15518 15520 15521 15516 15518 15517 15524 15521 15522 15521 15524 15523 15523 15525 15526 15525 15523 15524 15525 15527 15526 15528 15527 15530 15527 15528 15529 15531 15529 15528 15532 15533 15534 15533 15535 15536 15536 15535 15537 15538 15539 15537 15538 15537 15535 15539 15540 15541 15542 15408 15405 15420 15543 15419 15544 15545 15543 15547 15459 15548 15547 15545 15546 15545 15547 15548 15549 15460 15550 15460 15549 15551 15552 15550 15553 15553 15554 15552 15554 15553 15555 15555 15461 15554 15556 15440 15557 15556 15437 15439 15437 15556 15557 15558 15559 15560 15560 15456 15558 15456 15560 15464 15561 15562 15559 15563 15469 15564 15565 15473 15472 15473 15565 15566 15566 15563 15564 15563 15566 15565 15567 15401 15403 15401 15567 15483 15484 15483 15567 15568 15482 15481 15569 15570 15568 15570 15569 15571 15485 15569 15398 15569 15485 15571 15572 15395 15394 15572 15396 15573 15396 15572 15397 15488 15574 15378 15575 15576 15577 15576 15575 15574 15578 15579 15577 15580 15579 15578 15579 15580 15489 15491 15490 15581 15581 15374 15376 15374 15581 15490 15496 15495 15494 15493 15494 15495 15351 15582 15583 15582 15497 15583 15497 15582 15498 15584 15328 15585 15586 15584 15585 15587 15505 15504 15505 15587 15586 15589 15507 15506 15507 15589 15588 15588 15590 15591 15323 15590 15322 15590 15323 15591 15590 15588 15589 15592 15593 15594 15594 15322 15592 15322 15594 15323 15596 15597 15593 15596 15510 15597 15510 15596 15508 15598 15599 15531 15600 15598 15601 15601 15532 15534 15532 15601 15598 15602 15603 15604 15541 15603 15605 15603 15541 15540 15606 15604 15607 15608 15457 15609 15457 15608 15458 15607 15609 15606 15609 15607 15608 15604 15606 15602 15603 15602 15605 15599 15598 15600 15593 15595 15596 15593 15592 15595 15584 15586 15587 15328 15584 15503 15351 15353 15582 15489 15580 15375 15577 15579 15575 15574 15488 15576 15395 15572 15573 15482 15568 15570 15469 15563 15468 15562 15561 15466 15559 15558 15561 15440 15556 15441 15461 15555 15438 15550 15552 15549 15460 15551 15436 15459 15547 15422 15545 15544 15546 15543 15420 15544 15408 15542 15406 15405 15480 15542 15539 15538 15540 15535 15533 15610 15533 15532 15610 15529 15531 15599 15527 15525 15530 15521 15520 15522 15513 15512 15515 15509 15508 15511 15418 15476 15417 15474 15471 15470 15468 15467 15469 15466 15465 15562 15457 15420 15419 15611 15612 15613 15612 15614 15615 15612 15611 15614</p></triangles>
        <triangles material="m3" count="1039"><input semantic="VERTEX" source="#v" offset="0"/><p>15616 15617 15618 15619 15620 15621 15622 15623 15624 15625 15626 15627 15628 15629 15630 15631 15632 15633 15634 15635 15636 15626 15637 15638 15637 15639 15638 15629 15640 15641 15640 15642 15641 15623 15634 15636 15635 15643 15644 15643 15645 15644 15626 15625 15637 15639 15619 15621 15628 15620 15619 15629 15628 15640 15642 15616 15618 15617 15622 15624 15635 15634 15643 15646 15645 15643 15646 15647 15648 15639 15637 15619 15620 15628 15630 15642 15640 15616 15617 15616 15622 15645 15646 15648 15649 15647 15646 15649 15650 15651 15647 15649 15651 15650 15631 15633 15632 15625 15627 15650 15649 15631 15634 15623 15622 15632 15631 15625 15652 15653 15654 15655 15656 15657 15658 15659 15660 15661 15662 15663 15664 15659 15658 15664 15665 15666 15667 15668 15669 15670 15671 15672 15659 15664 15666 15655 15665 15664 15673 15656 15655 15673 15674 15675 15676 15677 15678 15679 15671 15670 15679 15680 15681 15665 15655 15657 15656 15673 15675 15674 15667 15669 15676 15668 15667 15661 15677 15676 15670 15662 15661 15671 15679 15681 15682 15680 15679 15682 15683 15684 15674 15673 15667 15668 15676 15678 15677 15661 15663 15662 15670 15672 15680 15682 15684 15683 15685 15686 15685 15687 15686 15683 15682 15685 15652 15687 15685 15653 15658 15660 15687 15652 15654 15653 15652 15658 15688 15689 15690 15691 15692 15693 15694 15695 15696 15697 15698 15699 15700 15701 15702 15703 15704 15705 15706 15707 15708 15709 15710 15711 15712 15713 15714 15715 15716 15717 15718 15719 15720 15721 15722 15723 15720 15724 15718 15724 15720 15722 15722 15721 15724 15717 15725 15715 15725 15717 15719 15719 15718 15725 15714 15726 15712 15726 15714 15716 15716 15715 15726 15711 15727 15709 15727 15711 15713 15708 15728 15706 15728 15708 15710 15710 15709 15728 15705 15729 15703 15729 15705 15707 15707 15706 15729 15702 15730 15700 15730 15702 15704 15704 15703 15730 15699 15731 15697 15731 15699 15701 15701 15700 15731 15696 15732 15694 15732 15696 15698 15698 15697 15732 15693 15733 15691 15733 15693 15695 15695 15694 15733 15690 15734 15688 15734 15690 15692 15692 15691 15734 15723 15735 15721 15735 15723 15689 15689 15688 15735 15713 15712 15727 15736 15737 15738 15739 15738 15740 15741 15740 15742 15743 15742 15744 15745 15744 15746 15747 15746 15748 15749 15748 15750 15751 15750 15752 15753 15752 15754 15755 15754 15756 15757 15756 15758 15756 15757 15755 15754 15755 15753 15752 15753 15751 15750 15751 15749 15748 15749 15747 15746 15747 15745 15744 15745 15743 15742 15743 15741 15740 15741 15739 15738 15739 15736 15737 15736 15759 15758 15759 15757 15759 15758 15737 15760 15761 15762 15762 15763 15764 15764 15765 15766 15766 15767 15768 15768 15769 15770 15771 15772 15773 15773 15774 15775 15775 15776 15777 15777 15778 15779 15779 15780 15781 15781 15782 15783 15783 15784 15785 15785 15786 15787 15787 15788 15789 15789 15790 15791 15791 15792 15793 15793 15794 15795 15795 15796 15797 15797 15798 15799 15799 15800 15801 15801 15802 15803 15803 15804 15805 15806 15760 15807 15808 15809 15810 15807 15762 15811 15811 15764 15812 15812 15766 15813 15813 15768 15814 15814 15770 15815 15815 15771 15816 15816 15773 15817 15817 15775 15818 15818 15777 15819 15819 15779 15810 15810 15781 15808 15808 15783 15820 15820 15785 15821 15821 15787 15822 15822 15789 15823 15823 15791 15824 15824 15793 15825 15825 15795 15826 15826 15797 15827 15827 15799 15828 15828 15801 15829 15829 15803 15830 15830 15805 15806 15831 15807 15832 15832 15811 15833 15833 15812 15834 15834 15813 15835 15835 15814 15836 15836 15815 15837 15837 15816 15838 15838 15817 15839 15839 15818 15840 15840 15819 15841 15841 15810 15809 15809 15808 15842 15842 15820 15843 15843 15821 15844 15844 15822 15845 15845 15823 15846 15846 15824 15847 15847 15825 15848 15848 15826 15849 15849 15827 15850 15850 15828 15851 15851 15829 15852 15852 15830 15853 15853 15806 15831 15806 15853 15830 15830 15852 15829 15829 15851 15828 15828 15850 15827 15827 15849 15826 15826 15848 15825 15825 15847 15824 15824 15846 15823 15823 15845 15822 15822 15844 15821 15821 15843 15820 15805 15854 15760 15854 15805 15804 15761 15760 15854 15763 15762 15761 15765 15764 15763 15767 15766 15765 15769 15768 15767 15771 15770 15769 15774 15773 15772 15776 15775 15774 15778 15777 15776 15780 15779 15778 15782 15781 15780 15784 15783 15782 15786 15785 15784 15788 15787 15786 15790 15789 15788 15792 15791 15790 15820 15842 15808 15794 15793 15792 15796 15795 15794 15798 15797 15796 15800 15799 15798 15802 15801 15800 15804 15803 15802 15760 15806 15805 15762 15807 15760 15764 15811 15762 15766 15812 15764 15768 15813 15766 15770 15814 15768 15771 15815 15770 15773 15816 15771 15775 15817 15773 15777 15818 15775 15779 15819 15777 15781 15810 15779 15783 15808 15781 15785 15820 15783 15787 15821 15785 15789 15822 15787 15791 15823 15789 15793 15824 15791 15795 15825 15793 15797 15826 15795 15799 15827 15797 15801 15828 15799 15803 15829 15801 15805 15830 15803 15807 15831 15806 15811 15832 15807 15812 15833 15811 15813 15834 15812 15814 15835 15813 15815 15836 15814 15816 15837 15815 15817 15838 15816 15818 15839 15817 15819 15840 15818 15810 15841 15819 15855 15856 15857 15859 15860 15858 15861 15862 15859 15864 15865 15863 15866 15867 15864 15873 15874 15872 15876 15877 15875 15878 15879 15876 15880 15881 15878 15882 15883 15880 15884 15885 15882 15886 15887 15884 15888 15889 15886 15890 15891 15888 15892 15893 15890 15894 15895 15892 15855 15896 15856 15860 15897 15855 15862 15898 15860 15861 15899 15862 15865 15900 15861 15867 15901 15865 15866 15902 15867 15868 15903 15866 15871 15904 15868 15870 15905 15871 15874 15906 15870 15873 15907 15874 15877 15908 15873 15879 15909 15877 15881 15910 15879 15883 15911 15881 15885 15912 15883 15887 15913 15885 15889 15914 15887 15891 15915 15889 15893 15916 15891 15895 15917 15893 15894 15918 15895 15856 15919 15894 15920 15894 15921 15921 15892 15922 15922 15890 15923 15923 15888 15924 15924 15886 15925 15925 15884 15926 15926 15882 15927 15927 15880 15928 15928 15878 15929 15929 15876 15930 15930 15875 15931 15931 15873 15932 15932 15872 15933 15933 15870 15934 15934 15869 15935 15935 15868 15936 15936 15866 15937 15937 15864 15938 15938 15863 15939 15939 15861 15940 15940 15859 15941 15941 15858 15942 15942 15855 15943 15943 15857 15920 15857 15943 15855 15855 15942 15858 15858 15941 15859 15859 15940 15861 15861 15939 15863 15863 15938 15864 15864 15937 15866 15866 15936 15868 15868 15935 15869 15869 15934 15870 15870 15933 15872 15872 15932 15873 15873 15931 15875 15875 15930 15876 15876 15929 15878 15878 15928 15880 15880 15927 15882 15884 15925 15886 15886 15924 15888 15888 15923 15890 15890 15922 15892 15892 15921 15894 15894 15920 15857 15855 15858 15860 15860 15859 15862 15861 15863 15865 15865 15864 15867 15868 15869 15871 15870 15872 15874 15873 15875 15877 15877 15876 15879 15879 15878 15881 15881 15880 15883 15883 15882 15885 15885 15884 15887 15887 15886 15889 15889 15888 15891 15891 15890 15893 15893 15892 15895 15894 15857 15856 15896 15855 15897 15897 15860 15898 15898 15862 15899 15899 15861 15900 15900 15865 15901 15901 15867 15902 15902 15866 15903 15903 15868 15904 15904 15871 15905 15905 15870 15906 15906 15874 15907 15907 15873 15908 15908 15877 15909 15909 15879 15910 15910 15881 15911 15911 15883 15912 15912 15885 15913 15913 15887 15914 15914 15889 15915 15915 15891 15916 15916 15893 15917 15917 15895 15918 15918 15894 15919 15919 15856 15896 15882 15926 15884 15944 15945 15946 15944 15947 15948 15947 15944 15946 15948 15949 15950 15951 15949 15952 15953 15952 15954 15949 15948 15947 15952 15953 15951 15953 15955 15956 15956 15957 15958 15949 15951 15950 15957 15956 15955 15955 15953 15954 15959 15957 15960 15957 15959 15958 15961 15960 15962 15960 15961 15959 15963 15962 15964 15962 15963 15961 15965 15964 15966 15964 15965 15963 15965 15945 15967 15945 15965 15966 15945 15944 15967 15968 15969 15970 15971 15972 15969 15973 15974 15972 15975 15976 15974 15977 15978 15976 15979 15980 15978 15981 15982 15980 15983 15984 15982 15985 15986 15984 15987 15988 15986 15989 15990 15988 15991 15970 15990 15970 15991 15968 15990 15989 15991 15988 15987 15989 15986 15985 15987 15984 15983 15985 15982 15981 15983 15980 15979 15981 15978 15977 15979 15976 15975 15977 15974 15973 15975 15972 15971 15973 15969 15968 15971 15992 15993 15994 15994 15995 15996 15997 15998 15992 15995 15994 15993 15993 15992 15998 15999 15995 16000 15995 15999 15996 16001 16000 16002 16003 16004 16005 16005 16006 16007 16000 16001 15999 16008 16002 16009 16010 16006 16011 16010 16012 16013 16013 16014 15997 16002 16008 16001 16003 16009 16015 16006 16010 16007 16014 16013 16012 16009 16003 16008 16012 16010 16011 16004 16003 16015 15998 15997 16014 16006 16005 16004 16016 16017 16018 16018 16019 16020 16020 16021 16022 16022 16023 16024 16024 16025 16026 16026 16027 16028 16028 16029 16030 16030 16031 16032 16032 16033 16034 16034 16035 16036 16036 16037 16038 16039 16038 16037 16017 16016 16039 16019 16018 16017 16021 16020 16019 16023 16022 16021 16025 16024 16023 16027 16026 16025 16029 16028 16027 16031 16030 16029 16033 16032 16031 16035 16034 16033 16038 16039 16016 16037 16036 16035 16040 16041 16042 16043 16044 16045 16046 16047 16048 16049 16050 16051 16052 16053 16054 16055 16056 16057 16058 16059 16060 16050 16061 16062 16061 16063 16062 16053 16064 16065 16064 16066 16065 16047 16058 16060 16059 16067 16068 16067 16069 16068 16050 16049 16061 16063 16043 16045 16052 16044 16043 16053 16052 16064 16066 16040 16042 16041 16046 16048 16059 16058 16067 16070 16069 16067 16070 16071 16072 16063 16061 16043 16044 16052 16054 16066 16064 16040 16041 16040 16046 16069 16070 16072 16073 16071 16070 16073 16074 16075 16071 16073 16075 16074 16055 16057 16056 16049 16051 16074 16073 16055 16058 16047 16046 16056 16055 16049 16076 16077 16078 16079 16080 16081 16082 16083 16084 16085 16086 16087 16088 16083 16082 16088 16089 16090 16091 16092 16093 16094 16095 16096 16083 16088 16090 16079 16089 16088 16097 16080 16079 16097 16098 16099 16100 16101 16102 16103 16095 16094 16103 16104 16105 16089 16079 16081 16080 16097 16099 16098 16091 16093 16100 16092 16091 16085 16101 16100 16094 16086 16085 16095 16103 16105 16106 16104 16103 16106 16107 16108 16098 16097 16091 16092 16100 16102 16101 16085 16087 16086 16094 16096 16104 16106 16108 16107 16109 16110 16109 16111 16110 16107 16106 16109 16076 16111 16109 16077 16082 16084 16111 16076 16078 16077 16076 16082 16112 16113 16114 16115 16116 16117 16118 16119 16120 16121 16122 16123 16124 16125 16126 16127 16128 16129 16130 16131 16132 16133 16134 16135 16136 16137 16138 16139 16140 16141 16142 16143 16144 16145 16146 16147 16144 16148 16142 16148 16144 16146 16146 16145 16148 16141 16149 16139 16149 16141 16143 16143 16142 16149 16138 16150 16136 16150 16138 16140 16140 16139 16150 16135 16151 16133 16151 16135 16137 16132 16152 16130 16152 16132 16134 16134 16133 16152 16129 16153 16127 16153 16129 16131 16131 16130 16153 16126 16154 16124 16154 16126 16128 16128 16127 16154 16123 16155 16121 16155 16123 16125 16125 16124 16155 16120 16156 16118 16156 16120 16122 16122 16121 16156 16117 16157 16115 16157 16117 16119 16119 16118 16157 16114 16158 16112 16158 16114 16116 16116 16115 16158 16147 16159 16145 16159 16147 16113 16113 16112 16159 16137 16136 16151 16160 16161 16162 16163 16162 16164 16165 16164 16166 16167 16166 16168 16169 16168 16170 16171 16170 16172 16173 16172 16174 16175 16174 16176 16177 16176 16178 16179 16178 16180 16181 16180 16182 16180 16181 16179 16178 16179 16177 16176 16177 16175 16174 16175 16173 16172 16173 16171 16170 16171 16169 16168 16169 16167 16166 16167 16165 16164 16165 16163 16162 16163 16160 16161 16160 16183 16182 16183 16181 16183 16182 16161 16184 16185 16186 16186 16187 16188 16188 16189 16190 16190 16191 16192 16192 16193 16194 16194 16195 16196 16196 16197 16198 16198 16199 16200 16200 16201 16202 16202 16203 16204 16204 16205 16206 16206 16207 16208 16208 16209 16210 16210 16211 16212 16212 16213 16214 16214 16215 16216 16216 16217 16218 16218 16219 16220 16220 16221 16222 16222 16223 16224 16224 16225 16226 16226 16227 16228 16228 16229 16230 16231 16184 16232 16233 16234 16235 16232 16186 16236 16236 16188 16237 16237 16190 16238 16238 16192 16239 16239 16194 16240 16240 16196 16241 16241 16198 16242 16242 16200 16243 16243 16202 16244 16244 16204 16235 16235 16206 16233 16233 16208 16245 16245 16210 16246 16246 16212 16247 16247 16214 16248 16248 16216 16249 16249 16218 16250 16250 16220 16251 16251 16222 16252 16252 16224 16253 16253 16226 16254 16254 16228 16255 16255 16230 16231 16256 16232 16257 16257 16236 16258 16258 16237 16259 16259 16238 16260 16260 16239 16261 16261 16240 16262 16262 16241 16263 16263 16242 16264 16264 16243 16265 16265 16244 16266 16266 16235 16234 16234 16233 16267 16267 16245 16268 16268 16246 16269 16269 16247 16270 16270 16248 16271 16271 16249 16272 16272 16250 16273 16273 16251 16274 16274 16252 16275 16275 16253 16276 16276 16254 16277 16277 16255 16278 16278 16231 16256 16231 16278 16255 16255 16277 16254 16254 16276 16253 16253 16275 16252 16252 16274 16251 16251 16273 16250 16250 16272 16249 16249 16271 16248 16248 16270 16247 16247 16269 16246 16246 16268 16245 16230 16279 16184 16279 16230 16229 16185 16184 16279 16187 16186 16185 16189 16188 16187 16191 16190 16189 16193 16192 16191 16195 16194 16193 16197 16196 16195 16199 16198 16197 16201 16200 16199 16203 16202 16201 16205 16204 16203 16207 16206 16205 16209 16208 16207 16211 16210 16209 16213 16212 16211 16215 16214 16213 16217 16216 16215 16245 16267 16233 16219 16218 16217 16221 16220 16219 16223 16222 16221 16225 16224 16223 16227 16226 16225 16229 16228 16227 16184 16231 16230 16186 16232 16184 16188 16236 16186 16190 16237 16188 16192 16238 16190 16194 16239 16192 16196 16240 16194 16198 16241 16196 16200 16242 16198 16202 16243 16200 16204 16244 16202 16206 16235 16204 16208 16233 16206 16210 16245 16208 16212 16246 16210 16214 16247 16212 16216 16248 16214 16218 16249 16216 16220 16250 16218 16222 16251 16220 16224 16252 16222 16226 16253 16224 16228 16254 16226 16230 16255 16228 16232 16256 16231 16236 16257 16232 16237 16258 16236 16238 16259 16237 16239 16260 16238 16240 16261 16239 16241 16262 16240 16242 16263 16241 16243 16264 16242 16244 16265 16243 16235 16266 16244 16280 16281 16282 16283 16284 16280 16285 16286 16283 16287 16288 16285 16289 16290 16287 16291 16292 16289 16293 16294 16291 16295 16296 16293 16297 16298 16295 16299 16300 16297 16301 16302 16299 16303 16304 16301 16305 16306 16303 16307 16308 16305 16309 16310 16307 16311 16312 16309 16313 16314 16311 16315 16316 16313 16317 16318 16315 16319 16320 16317 16321 16322 16319 16323 16324 16321 16325 16326 16323 16282 16327 16325 16284 16328 16281 16286 16329 16284 16288 16330 16286 16290 16331 16288 16292 16332 16290 16294 16333 16292 16296 16334 16294 16298 16335 16296 16300 16336 16298 16302 16337 16300 16304 16338 16302 16306 16339 16304 16308 16340 16306 16310 16341 16308 16312 16342 16310 16314 16343 16312 16316 16344 16314 16318 16345 16316 16320 16346 16318 16322 16347 16320 16324 16348 16322 16326 16349 16324 16327 16350 16326 16281 16351 16327 16352 16325 16353 16353 16323 16354 16354 16321 16355 16355 16319 16356 16356 16317 16357 16357 16315 16358 16358 16313 16359 16359 16311 16360 16360 16309 16361 16361 16307 16362 16362 16305 16363 16363 16303 16364 16364 16301 16365 16365 16299 16366 16366 16297 16367 16367 16295 16368 16368 16293 16369 16369 16291 16370 16370 16289 16371 16371 16287 16372 16372 16285 16373 16373 16283 16374 16374 16280 16375 16375 16282 16352 16282 16375 16280 16280 16374 16283 16283 16373 16285 16285 16372 16287 16287 16371 16289 16289 16370 16291 16291 16369 16293 16293 16368 16295 16295 16367 16297 16297 16366 16299 16299 16365 16301 16301 16364 16303 16303 16363 16305 16305 16362 16307 16307 16361 16309 16309 16360 16311 16311 16359 16313 16315 16357 16317 16317 16356 16319 16319 16355 16321 16321 16354 16323 16323 16353 16325 16325 16352 16282 16281 16280 16284 16284 16283 16286 16286 16285 16288 16288 16287 16290 16290 16289 16292 16292 16291 16294 16294 16293 16296 16296 16295 16298 16298 16297 16300 16300 16299 16302 16302 16301 16304 16304 16303 16306 16306 16305 16308 16308 16307 16310 16310 16309 16312 16312 16311 16314 16314 16313 16316 16316 16315 16318 16318 16317 16320 16320 16319 16322 16322 16321 16324 16324 16323 16326 16326 16325 16327 16327 16282 16281 16328 16284 16329 16329 16286 16330 16330 16288 16331 16331 16290 16332 16332 16292 16333 16333 16294 16334 16334 16296 16335 16335 16298 16336 16336 16300 16337 16337 16302 16338 16338 16304 16339 16339 16306 16340 16340 16308 16341 16341 16310 16342 16342 16312 16343 16343 16314 16344 16344 16316 16345 16345 16318 16346 16346 16320 16347 16347 16322 16348 16348 16324 16349 16349 16326 16350 16350 16327 16351 16351 16281 16328 16313 16358 16315 16376 16377 16378 16376 16379 16380 16379 16376 16378 16380 16381 16382 16383 16381 16384 16385 16384 16386 16381 16380 16379 16384 16385 16383 16385 16387 16388 16388 16389 16390 16381 16383 16382 16389 16388 16387 16387 16385 16386 16391 16389 16392 16389 16391 16390 16393 16392 16394 16392 16393 16391 16395 16394 16396 16394 16395 16393 16397 16396 16398 16396 16397 16395 16397 16377 16399 16377 16397 16398 16377 16376 16399 16400 16401 16402 16403 16404 16401 16405 16406 16404 16407 16408 16406 16409 16410 16408 16411 16412 16410 16413 16414 16412 16415 16416 16414 16417 16418 16416 16419 16420 16418 16421 16422 16420 16423 16402 16422 16402 16423 16400 16422 16421 16423 16420 16419 16421 16418 16417 16419 16416 16415 16417 16414 16413 16415 16412 16411 16413 16410 16409 16411 16408 16407 16409 16406 16405 16407 16404 16403 16405 16401 16400 16403 16424 16425 16426 16426 16427 16428 16429 16430 16424 16427 16426 16425 16425 16424 16430 16431 16427 16432 16427 16431 16428 16433 16432 16434 16435 16436 16437 16437 16438 16439 16432 16433 16431 16440 16434 16441 16442 16438 16443 16442 16444 16445 16445 16446 16429 16434 16440 16433 16435 16441 16447 16438 16442 16439 16446 16445 16444 16441 16435 16440 16444 16442 16443 16436 16435 16447 16430 16429 16446 16438 16437 16436 16448 16449 16450 16450 16451 16452 16452 16453 16454 16454 16455 16456 16456 16457 16458 16458 16459 16460 16460 16461 16462 16462 16463 16464 16464 16465 16466 16466 16467 16468 16468 16469 16470 16471 16470 16469 16449 16448 16471 16451 16450 16449 16453 16452 16451 16455 16454 16453 16457 16456 16455 16459 16458 16457 16461 16460 16459 16463 16462 16461 16465 16464 16463 16467 16466 16465 16470 16471 16448 16469 16468 16467</p></triangles>
        <triangles material="m4" count="2930"><input semantic="VERTEX" source="#v" offset="0"/><p>16472 16473 16474 16475 16476 16477 16474 16478 16479 16473 16472 16475 16480 16481 16482 16482 16483 16484 16484 16485 16486 16486 16487 16488 16489 16477 16476 16490 16491 16489 16492 16493 16490 16494 16495 16492 16496 16497 16494 16498 16499 16496 16488 16500 16501 16501 16502 16498 16502 16501 16500 16499 16498 16502 16497 16496 16499 16495 16494 16497 16493 16492 16495 16491 16490 16493 16477 16489 16491 16476 16475 16472 16478 16474 16473 16503 16479 16478 16481 16480 16503 16483 16482 16481 16485 16484 16483 16487 16486 16485 16479 16503 16480 16500 16488 16487 16504 16505 16506 16507 16508 16509 16510 16511 16505 16512 16509 16513 16514 16513 16515 16516 16506 16517 16518 16517 16506 16519 16520 16517 16508 16507 16521 16511 16510 16522 16509 16512 16507 16505 16504 16510 16513 16514 16512 16506 16516 16504 16517 16518 16519 16523 16507 16524 16525 16512 16526 16527 16528 16529 16530 16528 16531 16532 16531 16523 16524 16507 16533 16512 16525 16534 16535 16526 16527 16528 16530 16529 16507 16523 16531 16536 16512 16537 16526 16535 16525 16531 16532 16530 16512 16534 16537 16533 16507 16536 16528 16527 16526 16538 16521 16531 16539 16540 16541 16542 16505 16511 16543 16505 16544 16545 16546 16544 16547 16548 16549 16550 16506 16551 16552 16506 16505 16505 16543 16553 16546 16545 16554 16548 16518 16550 16551 16506 16555 16552 16505 16556 16544 16546 16543 16549 16557 16547 16506 16550 16518 16505 16553 16556 16554 16557 16558 16548 16547 16518 16557 16554 16545 16506 16552 16555 16559 16560 16514 16561 16514 16515 16514 16561 16559 16562 16560 16563 16560 16559 16564 16560 16564 16563 16565 16515 16566 16565 16566 16567 16568 16569 16570 16515 16565 16571 16569 16568 16566 16572 16569 16573 16574 16573 16575 16566 16568 16567 16573 16574 16572 16569 16572 16570 16574 16575 16562 16576 16577 16540 16578 16522 16577 16577 16576 16579 16580 16540 16581 16522 16578 16582 16540 16580 16576 16581 16583 16584 16585 16583 16586 16577 16579 16578 16583 16585 16584 16583 16581 16540 16587 16511 16588 16589 16586 16590 16588 16511 16522 16589 16590 16591 16511 16587 16590 16590 16587 16591 16592 16569 16566 16593 16594 16569 16569 16592 16595 16596 16566 16597 16593 16569 16598 16566 16596 16592 16597 16516 16599 16569 16595 16598 16599 16516 16600 16516 16597 16566 16600 16517 16601 16602 16517 16520 16603 16520 16594 16517 16602 16601 16520 16603 16604 16520 16604 16602 16605 16566 16515 16513 16605 16515 16605 16513 16606 16504 16607 16608 16607 16566 16609 16566 16607 16516 16610 16504 16608 16504 16610 16510 16611 16577 16522 16510 16611 16522 16611 16510 16612 16509 16613 16614 16613 16577 16615 16577 16613 16508 16616 16513 16509 16616 16509 16614 16617 16577 16618 16577 16617 16540 16540 16617 16619 16620 16508 16621 16622 16623 16624 16625 16541 16540 16618 16577 16620 16621 16508 16626 16541 16625 16623 16508 16620 16577 16540 16619 16625 16626 16521 16627 16628 16521 16629 16624 16629 16622 16521 16628 16627 16629 16624 16630 16629 16630 16628 16521 16626 16508 16623 16622 16541 16513 16616 16606 16613 16509 16508 16577 16611 16615 16510 16610 16612 16607 16504 16516 16566 16605 16609 16517 16600 16516 16594 16593 16603 16586 16589 16585 16522 16582 16588 16515 16571 16561 16560 16562 16575 16557 16549 16558 16505 16542 16544 16590 16542 16511 16631 16583 16540 16540 16539 16631 16521 16538 16629 16507 16531 16521 16512 16536 16507 16514 16526 16512 16560 16526 16514 16632 16633 16634 16635 16636 16637 16638 16639 16640 16641 16642 16643 16636 16635 16644 16644 16645 16636 16639 16646 16647 16648 16640 16649 16645 16647 16646 16640 16648 16638 16650 16648 16649 16647 16645 16651 16646 16639 16638 16652 16648 16650 16653 16648 16654 16655 16656 16657 16656 16655 16658 16642 16659 16660 16657 16661 16662 16648 16660 16663 16655 16662 16664 16654 16663 16665 16666 16664 16667 16668 16669 16670 16671 16660 16659 16663 16672 16673 16633 16674 16634 16632 16655 16666 16657 16656 16675 16664 16676 16667 16676 16677 16667 16678 16653 16654 16648 16653 16638 16648 16652 16642 16637 16679 16642 16680 16681 16679 16682 16683 16684 16684 16685 16686 16661 16687 16688 16661 16688 16662 16689 16690 16691 16679 16692 16659 16682 16693 16694 16695 16696 16677 16667 16697 16666 16698 16699 16700 16665 16701 16702 16703 16704 16705 16706 16707 16708 16706 16709 16710 16661 16705 16711 16707 16706 16710 16705 16661 16703 16661 16709 16706 16709 16661 16711 16712 16708 16707 16708 16712 16686 16703 16713 16704 16684 16714 16715 16686 16714 16684 16668 16716 16717 16714 16686 16712 16684 16716 16668 16713 16668 16717 16716 16684 16715 16713 16703 16668 16665 16718 16701 16698 16719 16720 16719 16698 16700 16633 16721 16722 16723 16720 16719 16718 16633 16722 16724 16720 16723 16718 16665 16633 16720 16721 16633 16721 16720 16724 16678 16725 16726 16654 16702 16725 16699 16678 16726 16654 16725 16678 16699 16698 16678 16702 16654 16665 16727 16677 16696 16677 16728 16667 16729 16677 16727 16697 16667 16728 16728 16677 16729 16666 16730 16633 16731 16666 16697 16633 16732 16733 16730 16666 16731 16732 16633 16730 16720 16734 16695 16720 16733 16735 16736 16695 16734 16733 16720 16633 16734 16720 16735 16696 16695 16736 16684 16693 16682 16737 16659 16692 16684 16738 16739 16659 16740 16668 16741 16684 16739 16740 16659 16737 16742 16668 16740 16693 16684 16741 16738 16668 16742 16738 16684 16668 16681 16743 16744 16681 16694 16743 16679 16744 16745 16694 16681 16682 16633 16632 16666 16655 16632 16658 16642 16641 16637 16674 16663 16673 16663 16674 16665 16674 16633 16665 16672 16660 16746 16672 16663 16660 16668 16671 16659 16671 16668 16670 16660 16671 16746 16669 16657 16675 16657 16669 16703 16669 16668 16703 16664 16666 16655 16663 16654 16648 16662 16655 16657 16660 16648 16642 16661 16657 16703 16659 16642 16679 16645 16644 16651 16643 16642 16747 16637 16641 16635 16747 16642 16652 16679 16637 16680 16685 16684 16683 16687 16661 16706 16690 16689 16676 16748 16664 16749 16750 16664 16662 16690 16676 16751 16664 16748 16676 16744 16679 16681 16692 16679 16745 16688 16752 16753 16689 16752 16688 16662 16754 16755 16752 16689 16691 16754 16688 16753 16664 16756 16749 16754 16662 16688 16662 16757 16750 16676 16748 16751 16757 16662 16755 16664 16750 16756 16758 16759 16760 16759 16758 16761 16762 16761 16763 16764 16763 16765 16766 16765 16767 16768 16767 16769 16770 16769 16771 16772 16771 16773 16774 16773 16775 16776 16775 16777 16778 16777 16779 16780 16779 16781 16760 16781 16758 16781 16760 16780 16779 16780 16778 16777 16778 16776 16775 16776 16774 16771 16772 16770 16769 16770 16768 16767 16768 16766 16765 16766 16764 16763 16764 16762 16761 16762 16759 16773 16774 16772 16782 16783 16784 16785 16786 16783 16787 16788 16786 16789 16790 16788 16791 16792 16790 16793 16794 16795 16796 16797 16792 16798 16795 16799 16800 16799 16801 16802 16801 16803 16804 16803 16797 16803 16804 16802 16801 16802 16800 16799 16800 16798 16795 16798 16793 16794 16793 16805 16784 16805 16782 16783 16782 16785 16786 16785 16787 16788 16787 16789 16790 16789 16791 16792 16791 16796 16797 16796 16804 16805 16784 16794 16808 16806 16809 16810 16809 16811 16812 16811 16813 16815 16814 16816 16818 16817 16819 16816 16817 16815 16813 16814 16812 16821 16822 16820 16824 16819 16823 16819 16824 16818 16823 16822 16824 16820 16807 16821 16809 16810 16808 16811 16812 16810 16825 16826 16827 16828 16827 16829 16830 16829 16831 16826 16825 16832 16827 16828 16825 16831 16833 16830 16834 16835 16833 16836 16837 16835 16838 16839 16837 16840 16841 16839 16833 16831 16834 16835 16834 16836 16837 16836 16838 16839 16838 16840 16841 16840 16842 16843 16842 16844 16845 16844 16846 16847 16846 16848 16832 16848 16826 16848 16832 16847 16846 16847 16845 16844 16845 16843 16842 16843 16841 16829 16830 16828 16849 16850 16851 16852 16853 16854 16855 16856 16853 16857 16858 16856 16859 16860 16858 16861 16862 16860 16863 16864 16862 16865 16866 16864 16850 16849 16866 16851 16867 16849 16868 16869 16867 16870 16871 16869 16856 16855 16857 16854 16872 16852 16871 16870 16872 16869 16868 16870 16867 16851 16868 16866 16865 16850 16864 16863 16865 16862 16861 16863 16860 16859 16861 16858 16857 16859 16872 16854 16871 16853 16852 16855 16873 16874 16875 16876 16877 16878 16875 16879 16873 16878 16880 16876 16881 16882 16883 16884 16885 16882 16886 16887 16885 16888 16889 16887 16890 16891 16889 16892 16893 16891 16894 16895 16893 16896 16897 16895 16898 16899 16900 16901 16902 16899 16903 16883 16902 16883 16903 16881 16902 16901 16903 16899 16898 16901 16900 16904 16898 16897 16896 16904 16895 16894 16896 16893 16892 16894 16891 16890 16892 16889 16888 16890 16887 16886 16888 16885 16884 16886 16882 16881 16884 16904 16900 16897 16905 16906 16907 16908 16909 16906 16910 16911 16909 16912 16913 16911 16914 16915 16913 16916 16917 16915 16918 16919 16917 16920 16921 16919 16922 16923 16921 16924 16925 16923 16926 16927 16925 16928 16907 16927 16907 16928 16905 16927 16926 16928 16925 16924 16926 16923 16922 16924 16921 16920 16922 16906 16905 16908 16909 16908 16910 16911 16910 16912 16913 16912 16914 16915 16914 16916 16917 16916 16918 16919 16918 16920 16929 16930 16931 16932 16931 16933 16934 16933 16935 16936 16935 16937 16938 16937 16939 16940 16939 16941 16942 16941 16943 16944 16943 16945 16946 16945 16947 16948 16947 16949 16950 16949 16951 16952 16951 16930 16951 16952 16950 16949 16950 16948 16947 16948 16946 16945 16946 16944 16939 16940 16938 16937 16938 16936 16935 16936 16934 16933 16934 16932 16931 16932 16929 16930 16929 16952 16943 16944 16942 16941 16942 16940 16953 16954 16955 16956 16957 16954 16958 16959 16957 16960 16961 16959 16961 16960 16962 16959 16958 16960 16957 16956 16958 16954 16953 16956 16955 16963 16953 16964 16965 16963 16966 16967 16965 16968 16969 16967 16965 16964 16966 16970 16971 16972 16973 16974 16971 16975 16962 16974 16967 16966 16968 16969 16968 16976 16972 16976 16970 16971 16970 16973 16974 16973 16975 16962 16975 16961 16963 16955 16964 16976 16972 16969 16977 16978 16979 16980 16981 16978 16982 16983 16981 16984 16985 16983 16986 16987 16985 16988 16989 16987 16990 16991 16989 16992 16993 16991 16994 16995 16993 16996 16997 16995 16998 16999 16997 17000 16979 16999 16979 17000 16977 16999 16998 17000 16997 16996 16998 16995 16994 16996 16991 16990 16992 16989 16988 16990 16987 16986 16988 16985 16984 16986 16983 16982 16984 16981 16980 16982 16978 16977 16980 16993 16992 16994 17001 17002 17003 17002 17004 17003 17005 17006 17007 17008 17007 17009 17010 17009 17011 17006 17005 17004 17009 17010 17008 17012 17013 17014 17015 17013 17016 17007 17008 17005 17012 17011 17017 17013 17015 17014 17018 17016 17019 17011 17012 17010 17016 17018 17015 17020 17019 17021 17020 17022 17023 17013 17012 17017 17022 17020 17021 17019 17020 17018 17023 17024 17001 17024 17023 17022 17002 17001 17024 17004 17002 17006 17025 17026 17027 17028 17029 17030 17031 17032 17029 17033 17034 17032 17035 17036 17034 17037 17038 17036 17039 17040 17038 17041 17042 17040 17043 17044 17042 17026 17025 17044 17027 17045 17025 17046 17047 17045 17048 17030 17047 17030 17048 17028 17047 17046 17048 17045 17027 17046 17044 17043 17026 17042 17041 17043 17040 17039 17041 17038 17037 17039 17036 17035 17037 17034 17033 17035 17032 17031 17033 17029 17028 17031 17049 17050 17051 17052 17051 17053 17054 17053 17055 17056 17055 17057 17058 17057 17059 17060 17059 17061 17062 17061 17063 17064 17063 17065 17050 17049 17066 17051 17052 17049 17053 17054 17052 17055 17056 17054 17057 17058 17056 17059 17060 17058 17061 17062 17060 17063 17064 17062 17065 17067 17064 17068 17069 17067 17070 17071 17069 17072 17066 17071 17066 17072 17050 17071 17070 17072 17069 17068 17070 17067 17065 17068 17073 17074 17075 17076 17077 17074 17078 17079 17077 17080 17081 17079 17082 17083 17084 17085 17086 17081 17083 17082 17086 17084 17087 17082 17088 17075 17089 17090 17089 17091 17092 17091 17093 17094 17093 17095 17096 17095 17087 17095 17096 17094 17093 17094 17092 17091 17092 17090 17089 17090 17088 17075 17088 17073 17074 17073 17076 17077 17076 17078 17079 17078 17080 17081 17080 17085 17086 17085 17083 17087 17084 17096 17097 17098 17099 17100 17099 17101 17102 17101 17103 17104 17103 17105 17106 17105 17107 17108 17107 17109 17110 17109 17111 17112 17111 17113 17114 17113 17115 17116 17115 17117 17115 17116 17114 17113 17114 17112 17111 17112 17110 17118 17119 17098 17109 17110 17108 17107 17108 17106 17105 17106 17104 17103 17104 17102 17101 17102 17100 17099 17100 17097 17098 17097 17118 17119 17118 17120 17117 17120 17116 17120 17117 17119 17123 17121 17124 17125 17124 17126 17128 17127 17129 17132 17131 17133 17134 17133 17135 17136 17135 17137 17139 17138 17122 17137 17138 17136 17133 17134 17132 17129 17130 17128 17126 17127 17125 17124 17125 17123 17122 17121 17139 17140 17141 17142 17143 17142 17144 17145 17144 17146 17147 17146 17148 17149 17148 17150 17151 17150 17152 17153 17152 17154 17155 17154 17156 17157 17156 17158 17159 17160 17161 17160 17159 17162 17158 17162 17157 17156 17157 17155 17154 17155 17153 17152 17153 17151 17150 17151 17149 17148 17149 17147 17146 17147 17145 17144 17145 17143 17142 17143 17140 17141 17140 17163 17161 17163 17159 17162 17158 17160 17163 17161 17141 17167 17166 17168 17170 17169 17171 17172 17171 17173 17175 17174 17176 17178 17177 17179 17180 17179 17181 17182 17181 17165 17181 17182 17180 17179 17180 17178 17176 17177 17175 17173 17174 17172 17171 17172 17170 17168 17169 17167 17165 17164 17182 17183 17184 17185 17186 17185 17187 17188 17187 17189 17191 17190 17192 17194 17193 17195 17196 17195 17197 17199 17198 17200 17200 17201 17199 17197 17198 17196 17195 17196 17194 17192 17193 17191 17189 17190 17188 17185 17186 17183 17202 17203 17204 17207 17208 17206 17206 17205 17207 17204 17209 17202 17210 17211 17212 17212 17213 17210 17214 17215 17213 17216 17217 17215 17218 17219 17217 17220 17221 17219 17222 17223 17221 17224 17225 17223 17226 17227 17225 17228 17229 17230 17231 17230 17232 17233 17232 17227 17232 17233 17231 17230 17231 17228 17229 17228 17211 17211 17210 17229 17213 17212 17214 17215 17214 17216 17217 17216 17218 17219 17218 17220 17221 17220 17222 17223 17222 17224 17225 17224 17226 17227 17226 17233 17234 17235 17236 17237 17238 17235 17238 17237 17239 17235 17234 17237 17239 17240 17241 17242 17243 17244 17242 17240 17243 17244 17245 17246 17247 17248 17245 17249 17247 17250 17248 17247 17249 17251 17252 17253 17252 17251 17254 17250 17253 17252 17255 17256 17251 17257 17258 17259 17259 17260 17261 17262 17263 17264 17262 17265 17266 17266 17267 17268 17255 17269 17270 17251 17256 17254 17253 17250 17247 17245 17248 17246 17245 17244 17243 17240 17242 17241 17240 17239 17237 17234 17236 17271 17234 17272 17273 17273 17274 17257 17274 17273 17272 17272 17234 17271 17256 17255 17270 17269 17268 17267 17269 17255 17268 17267 17266 17265 17265 17262 17264 17261 17263 17262 17263 17261 17260 17260 17259 17258 17258 17257 17274 17275 17276 17277 17278 17279 17280 17280 17279 17275 17279 17278 17281 17282 17281 17283 17284 17285 17282 17286 17287 17284 17288 17289 17286 17290 17291 17288 17292 17293 17290 17294 17295 17292 17296 17297 17294 17298 17299 17300 17300 17301 17302 17301 17300 17299 17302 17301 17296 17303 17299 17304 17305 17306 17303 17307 17308 17309 17307 17309 17305 17310 17308 17311 17308 17310 17312 17277 17312 17313 17312 17277 17276 17312 17310 17313 17308 17307 17311 17306 17305 17309 17299 17303 17306 17299 17298 17304 17297 17296 17301 17295 17294 17297 17291 17290 17293 17289 17288 17291 17287 17286 17289 17285 17284 17287 17281 17282 17285 17281 17278 17283 17276 17275 17279 17293 17292 17295 17314 17315 17316 17317 17318 17319 17320 17319 17318 17319 17320 17321 17321 17322 17323 17324 17325 17326 17324 17327 17328 17328 17316 17315 17315 17314 17329 17329 17330 17331 17332 17333 17334 17332 17335 17336 17336 17337 17338 17338 17339 17317 17339 17338 17337 17337 17336 17335 17335 17332 17334 17331 17333 17332 17333 17331 17330 17330 17329 17314 17322 17321 17320 17316 17328 17327 17327 17324 17326 17325 17323 17322 17325 17324 17323 17318 17317 17339 17340 17341 17342 17343 17344 17345 17346 17345 17344 17341 17340 17347 17348 17347 17349 17350 17348 17349 17345 17346 17351 17347 17348 17341 17344 17343 17350 17348 17350 17343 17352 17342 17353 17342 17352 17340 17354 17355 17356 17357 17358 17359 17360 17361 17362 17362 17363 17364 17363 17362 17361 17364 17365 17366 17365 17364 17363 17366 17367 17368 17369 17370 17371 17372 17371 17373 17374 17373 17375 17376 17375 17377 17367 17366 17365 17373 17374 17372 17368 17357 17359 17358 17357 17370 17371 17372 17369 17375 17376 17374 17355 17377 17356 17355 17354 17360 17357 17368 17367 17370 17369 17358 17377 17355 17376 17361 17360 17354 17378 17379 17380 17379 17378 17381 17382 17383 17384 17385 17386 17387 17387 17388 17389 17389 17390 17391 17391 17392 17393 17393 17394 17395 17395 17396 17397 17396 17398 17397 17399 17400 17401 17401 17380 17379 17380 17401 17400 17400 17399 17402 17402 17398 17396 17398 17402 17399 17396 17395 17394 17394 17393 17392 17392 17391 17390 17390 17389 17388 17388 17387 17386 17386 17385 17403 17383 17403 17385 17383 17382 17403 17382 17381 17378 17381 17382 17384 17404 17405 17406 17404 17407 17408 17409 17410 17407 17411 17412 17413 17414 17415 17412 17416 17417 17418 17419 17420 17416 17421 17422 17423 17406 17424 17421 17415 17414 17425 17422 17421 17424 17423 17426 17419 17417 17416 17420 17425 17417 17415 17412 17411 17414 17427 17413 17410 17407 17404 17409 17424 17406 17405 17420 17419 17426 17405 17404 17408 17410 17409 17427 17426 17423 17422 17413 17427 17411 17417 17425 17418 17428 17429 17430 17429 17431 17432 17432 17433 17434 17435 17434 17433 17436 17437 17438 17438 17430 17436 17431 17429 17439 17434 17435 17440 17430 17438 17428 17433 17432 17431 17437 17436 17441 17429 17428 17439 17442 17443 17444 17445 17446 17442 17447 17448 17445 17449 17450 17447 17451 17452 17449 17453 17454 17451 17455 17456 17457 17458 17459 17453 17460 17461 17455 17462 17463 17458 17457 17464 17462 17464 17457 17456 17463 17462 17464 17459 17458 17463 17454 17453 17459 17452 17451 17454 17450 17449 17452 17448 17447 17450 17446 17445 17448 17443 17442 17446 17465 17444 17443 17461 17460 17465 17444 17465 17460 17456 17455 17461 17466 17467 17468 17469 17470 17471 17468 17472 17469 17473 17470 17474 17472 17468 17467 17470 17469 17472 17470 17473 17471 17475 17474 17476 17474 17475 17473 17477 17476 17478 17476 17477 17475 17479 17480 17466 17481 17482 17483 17484 17478 17482 17478 17484 17477 17482 17481 17484 17483 17485 17481 17485 17486 17487 17486 17485 17488 17487 17489 17479 17489 17487 17486 17480 17479 17489 17467 17466 17480 17485 17483 17488 17490 17491 17492 17492 17493 17494 17495 17496 17497 17497 17498 17499 17499 17500 17501 17501 17502 17503 17503 17504 17505 17505 17506 17507 17507 17508 17509 17509 17510 17511 17511 17512 17490 17512 17511 17510 17510 17509 17508 17508 17507 17506 17506 17505 17504 17504 17503 17502 17502 17501 17500 17500 17499 17498 17498 17497 17496 17496 17495 17513 17513 17494 17493 17493 17492 17491 17491 17490 17512 17494 17513 17495 17514 17515 17516 17517 17518 17519 17520 17521 17522 17523 17522 17524 17525 17526 17527 17518 17517 17514 17519 17530 17531 17522 17523 17520 17532 17528 17526 17533 17528 17529 17530 17519 17518 17531 17534 17535 17524 17527 17523 17528 17533 17515 17534 17531 17530 17535 17521 17536 17515 17533 17516 17521 17535 17534 17521 17520 17536 17528 17532 17529 17515 17514 17517 17527 17524 17525 17526 17525 17532 17537 17538 17539 17540 17541 17538 17542 17543 17541 17544 17545 17543 17539 17546 17537 17538 17537 17540 17541 17540 17542 17543 17542 17544 17545 17544 17547 17548 17547 17549 17550 17549 17551 17552 17551 17553 17554 17553 17555 17556 17555 17557 17555 17556 17554 17553 17554 17552 17551 17552 17550 17549 17550 17548 17547 17548 17545 17546 17539 17558 17559 17560 17561 17560 17559 17562 17563 17564 17565 17564 17563 17566 17567 17568 17569 17570 17563 17568 17571 17572 17573 17563 17570 17566 17568 17567 17570 17574 17569 17572 17575 17576 17577 17569 17574 17567 17572 17571 17574 17578 17573 17579 17580 17581 17582 17573 17578 17571 17576 17578 17579 17575 17583 17580 17582 17584 17585 17576 17575 17578 17583 17575 17577 17581 17580 17583 17584 17582 17581 17585 17565 17564 17565 17585 17584 17586 17587 17588 17589 17590 17591 17592 17593 17590 17594 17595 17593 17596 17597 17595 17598 17599 17597 17600 17601 17599 17602 17603 17601 17604 17588 17603 17588 17604 17586 17603 17602 17604 17601 17600 17602 17599 17598 17600 17597 17596 17598 17595 17594 17596 17593 17592 17594 17590 17589 17592 17591 17605 17589 17606 17607 17605 17608 17609 17607 17587 17586 17609 17609 17608 17587 17605 17591 17606 17607 17606 17608 17619 17620 17618 17616 17617 17615 17613 17614 17612 17611 17610 17621 17622 17623 17624 17624 17625 17626 17625 17624 17623 17623 17622 17627 17627 17628 17629 17629 17630 17631 17631 17632 17633 17633 17634 17635 17635 17636 17637 17637 17638 17639 17639 17640 17641 17641 17642 17643 17643 17644 17645 17645 17626 17625 17628 17627 17622 17630 17629 17628 17632 17631 17630 17634 17633 17632 17636 17635 17634 17638 17637 17636 17640 17639 17638 17642 17641 17640 17644 17643 17642 17626 17645 17644 17646 17647 17648 17648 17649 17650 17650 17651 17652 17652 17653 17654 17654 17655 17656 17656 17657 17658 17658 17659 17660 17660 17661 17662 17662 17663 17664 17664 17665 17666 17666 17667 17668 17668 17669 17646 17669 17668 17667 17667 17666 17665 17665 17664 17663 17663 17662 17661 17661 17660 17659 17659 17658 17657 17657 17656 17655 17655 17654 17653 17653 17652 17651 17651 17650 17649 17649 17648 17647 17647 17646 17669 17670 17671 17672 17673 17674 17671 17675 17676 17674 17677 17678 17676 17679 17680 17678 17681 17682 17680 17683 17684 17682 17685 17686 17684 17687 17688 17686 17689 17690 17688 17691 17692 17690 17693 17672 17692 17672 17693 17670 17692 17691 17693 17690 17689 17691 17688 17687 17689 17686 17685 17687 17684 17683 17685 17682 17681 17683 17680 17679 17681 17678 17677 17679 17676 17675 17677 17674 17673 17675 17671 17670 17673 17694 17695 17696 17697 17698 17695 17699 17700 17698 17701 17702 17700 17703 17704 17702 17705 17706 17704 17707 17708 17706 17709 17710 17708 17711 17712 17710 17712 17711 17715 17710 17709 17711 17708 17707 17709 17706 17705 17707 17704 17703 17705 17702 17701 17703 17700 17699 17701 17698 17697 17699 17695 17694 17697 17696 17714 17694 17714 17696 17713 17716 17717 17718 17717 17716 17719 17720 17721 17722 17723 17721 17724 17725 17726 17720 17721 17723 17722 17721 17720 17726 17727 17726 17725 17728 17729 17730 17729 17728 17731 17732 17733 17731 17730 17729 17734 17734 17735 17736 17732 17731 17737 17735 17734 17729 17731 17728 17737 17738 17735 17739 17740 17739 17741 17740 17742 17743 17738 17739 17744 17745 17746 17747 17746 17748 17727 17749 17750 17751 17746 17745 17748 17752 17745 17747 17753 17754 17749 17750 17745 17752 17753 17749 17751 17750 17749 17745 17754 17755 17724 17755 17754 17753 17756 17757 17758 17757 17759 17760 17745 17761 17762 17756 17758 17749 17749 17763 17745 17745 17764 17765 17757 17756 17759 17766 17749 17758 17761 17745 17763 17764 17745 17762 17763 17749 17766 17767 17768 17769 17770 17771 17768 17760 17767 17769 17770 17772 17771 17768 17767 17770 17772 17770 17765 17773 17739 17735 17773 17774 17775 17774 17773 17776 17777 17773 17775 17778 17779 17780 17781 17782 17783 17742 17740 17741 17784 17733 17785 17739 17740 17744 17733 17784 17742 17742 17784 17743 17786 17787 17788 17789 17782 17790 17788 17787 17791 17782 17789 17787 17787 17789 17791 17787 17786 17792 17793 17782 17779 17794 17795 17796 17797 17795 17798 17799 17794 17800 17800 17801 17802 17801 17800 17794 17803 17804 17805 17806 17801 17804 17804 17803 17807 17808 17805 17809 17809 17810 17811 17804 17807 17806 17810 17809 17805 17805 17808 17803 17812 17787 17792 17812 17792 17729 17813 17787 17814 17787 17813 17815 17816 17805 17817 17817 17804 17818 17804 17817 17805 17818 17804 17813 17819 17745 17765 17819 17765 17805 17820 17745 17821 17745 17820 17748 17822 17729 17731 17729 17822 17823 17824 17731 17820 17731 17824 17822 17729 17823 17812 17748 17820 17731 17745 17819 17821 17805 17816 17819 17815 17813 17804 17787 17812 17814 17801 17806 17802 17810 17825 17811 17826 17827 17828 17829 17830 17815 17776 17831 17779 17792 17786 17832 17735 17738 17736 17733 17732 17785 17726 17727 17748 17724 17755 17723 17765 17764 17772 17767 17760 17759 17739 17773 17833 17773 17777 17833 17778 17774 17776 17779 17778 17776 17779 17781 17780 17782 17834 17783 17826 17835 17836 17837 17835 17838 17829 17837 17838 17794 17829 17801 17797 17770 17839 17770 17840 17839 17726 17841 17721 17742 17726 17733 17748 17733 17726 17770 17805 17765 17729 17773 17735 17801 17815 17804 17795 17794 17799 17795 17797 17796 17825 17810 17797 17825 17797 17798 17787 17842 17843 17815 17801 17829 17773 17729 17792 17805 17770 17810 17733 17748 17731 17726 17742 17844 17841 17726 17845 17846 17726 17844 17726 17846 17845 17840 17770 17847 17848 17770 17767 17770 17848 17847 17770 17797 17810 17829 17794 17849 17837 17829 17850 17851 17829 17849 17829 17851 17850 17835 17826 17838 17834 17826 17836 17826 17834 17782 17781 17779 17782 17790 17782 17852 17793 17779 17831 17782 17793 17852 17831 17776 17853 17854 17776 17773 17832 17773 17792 17776 17854 17853 17773 17832 17855 17773 17855 17854 17856 17838 17857 17828 17838 17826 17838 17828 17857 17830 17829 17858 17838 17856 17829 17829 17856 17858 17859 17782 17787 17827 17782 17860 17782 17859 17861 17862 17787 17843 17782 17827 17826 17787 17862 17859 17842 17787 17815 17782 17861 17860 17842 17815 17830 17863 17864 17865 17866 17864 17867 17868 17869 17870 17871 17872 17873 17874 17872 17875 17876 17877 17878 17879 17880 17881 17882 17883 17884 17885 17881 17886 17882 17887 17883 17878 17888 17889 17881 17885 17879 17887 17882 17885 17890 17891 17892 17893 17878 17889 17891 17882 17884 17894 17890 17892 17878 17880 17879 17891 17890 17882 17890 17888 17878 17880 17878 17893 17888 17890 17894 17895 17882 17896 17897 17898 17899 17898 17897 17900 17897 17901 17900 17902 17903 17898 17903 17902 17904 17905 17906 17907 17906 17905 17908 17902 17906 17904 17909 17910 17911 17910 17909 17912 17909 17905 17912 17913 17914 17910 17914 17913 17915 17901 17916 17917 17916 17901 17918 17913 17916 17915 17900 17882 17898 17898 17890 17902 17902 17877 17907 17919 17913 17864 17864 17910 17920 17920 17912 17869 17865 17920 17921 17864 17863 17867 17921 17920 17922 17923 17920 17924 17920 17865 17864 17923 17924 17925 17926 17924 17927 17928 17929 17930 17920 17923 17922 17924 17926 17931 17929 17928 17927 17924 17931 17925 17930 17929 17866 17927 17928 17926 17932 17864 17929 17933 17877 17934 17935 17877 17936 17937 17936 17938 17877 17935 17934 17936 17937 17939 17936 17939 17935 17940 17872 17905 17940 17905 17941 17872 17940 17942 17941 17905 17943 17943 17907 17944 17938 17945 17937 17946 17875 17872 17907 17943 17905 17875 17946 17945 17944 17907 17933 17872 17942 17946 17947 17896 17948 17896 17947 17949 17950 17896 17900 17951 17949 17952 17896 17950 17948 17949 17947 17952 17953 17954 17955 17956 17955 17954 17955 17956 17957 17958 17956 17959 17956 17958 17957 17960 17900 17901 17961 17901 17953 17900 17960 17962 17954 17953 17901 17901 17961 17960 17963 17870 17964 17964 17870 17965 17965 17869 17966 17869 17965 17870 17967 17869 17912 17869 17967 17966 17968 17912 17905 17969 17872 17970 17968 17905 17971 17872 17969 17905 17912 17968 17972 17970 17872 17973 17973 17974 17975 17976 17975 17974 17905 17969 17971 17975 17976 17963 17974 17973 17872 17977 17919 17978 17979 17919 17980 17977 17978 17981 17919 17977 17980 17981 17978 17982 17983 17984 17985 17986 17954 17901 17954 17986 17984 17982 17983 17987 17986 17901 17988 17987 17983 17985 17988 17901 17989 17989 17917 17990 17984 17983 17954 17990 17917 17979 17917 17989 17901 17983 17982 17978 17919 17979 17917 17912 17972 17967 17870 17963 17976 17900 17962 17950 17949 17951 17959 17945 17938 17875 17877 17933 17907 17932 17978 17919 17864 17932 17919 17864 17866 17929 17869 17924 17920 17869 17868 17924 17872 17871 17974 17872 17874 17873 17877 17876 17936 17890 17878 17877 17885 17886 17887 17882 17895 17885 17949 17895 17896 17901 17897 17918 17898 17903 17899 17906 17902 17907 17905 17909 17908 17910 17914 17911 17916 17913 17917 17882 17900 17896 17890 17898 17882 17877 17902 17890 17913 17919 17917 17910 17864 17913 17912 17920 17910 17958 17959 17951 17991 17992 17993 17992 17994 17995 17994 17992 17996 17995 17997 17998 17997 17995 17999 17998 18000 18001 18000 17998 18002 18001 18003 18004 18003 18001 18005 18006 18004 18007 18006 18008 18004 18009 18008 18010 18009 18011 18008 18012 18011 18013 18012 18014 18011 18014 18015 18016 18015 18014 18017 18016 18018 18019 18018 18016 18020 18019 18021 18022 18021 18019 18023 18024 18022 18025 18024 18026 18022 17991 17993 18027 18026 18024 18028 18022 18021 18025 18019 18018 18023 18016 18015 18020 18014 18012 18017 18011 18009 18013 18008 18006 18010 18004 18003 18007 18001 18000 18005 17998 17997 18002 17995 17994 17999 17992 17991 17996 17993 18029 18027 18030 18031 18032 18033 18034 18035 18036 18037 18038 18039 18040 18041 18042 18043 18044 18043 18026 18028 18043 18042 18026 18042 18040 18039 18040 18042 18044 18039 18037 18036 18037 18039 18041 18036 18034 18033 18034 18036 18038 18031 18033 18035 18031 18030 18033 18030 18029 17993 18029 18030 18032 18045 18046 18047 18047 18048 18049 18050 18051 18052 18052 18053 18054 18055 18056 18057 18058 18057 18059 18048 18047 18046 18049 18060 18061 18053 18052 18051 18054 18062 18063 18064 18065 18066 18067 18068 18069 18056 18069 18068 18059 18045 18058 18060 18049 18048 18062 18054 18053 18065 18063 18062 18056 18055 18069 18061 18060 18070 18071 18070 18072 18050 18072 18073 18065 18064 18063 18074 18066 18075 18057 18058 18055 18068 18067 18076 18076 18077 18078 18077 18076 18067 18051 18050 18073 18075 18077 18074 18070 18071 18061 18077 18075 18078 18066 18074 18064 18072 18050 18071 18045 18059 18046 18079 18080 18081 18082 18083 18084 18085 18086 18087 18086 18085 18088 18089 18090 18091 18092 18093 18089 18094 18095 18092 18096 18097 18094 18098 18099 18096 18099 18098 18100 18097 18096 18099 18095 18094 18097 18093 18092 18095 18090 18089 18093 18101 18091 18090 18083 18082 18101 18084 18087 18086 18087 18084 18083 18088 18102 18103 18103 18104 18105 18105 18106 18107 18107 18108 18109 18109 18081 18080 18102 18088 18085 18104 18103 18102 18106 18105 18104 18108 18107 18106 18081 18109 18108 18080 18079 18110 18100 18110 18079 18110 18100 18098 18091 18101 18082 18113 18114 18112 18115 18116 18114 18116 18115 18117 18114 18113 18115 18112 18111 18113 18119 18120 18121 18122 18123 18120 18124 18125 18123 18121 18118 18119 18120 18119 18122 18123 18122 18124 18117 18126 18116 18127 18128 18129 18130 18131 18128 18132 18133 18131 18134 18135 18133 18136 18137 18135 18138 18139 18137 18140 18141 18139 18142 18143 18141 18144 18145 18143 18146 18147 18145 18148 18149 18147 18150 18129 18149 18129 18150 18127 18149 18148 18150 18147 18146 18148 18143 18142 18144 18141 18140 18142 18139 18138 18140 18137 18136 18138 18135 18134 18136 18133 18132 18134 18131 18130 18132 18128 18127 18130 18145 18144 18146 18151 18152 18153 18154 18152 18155 18156 18157 18151 18152 18154 18153 18154 18158 18159 18159 18160 18161 18152 18151 18157 18160 18159 18158 18158 18154 18155 18161 18162 18163 18162 18161 18160 18163 18164 18165 18166 18167 18168 18168 18169 18156 18164 18163 18162 18165 18170 18171 18169 18168 18167 18170 18165 18164 18171 18172 18173 18173 18174 18166 18157 18156 18169 18174 18173 18172 18172 18171 18170 18167 18166 18174 18175 18176 18177 18178 18179 18176 18180 18181 18179 18182 18183 18181 18184 18185 18183 18186 18187 18185 18188 18189 18187 18190 18191 18189 18192 18193 18191 18194 18195 18193 18196 18197 18195 18198 18177 18197 18177 18198 18175 18197 18196 18198 18195 18194 18196 18193 18192 18194 18191 18190 18192 18189 18188 18190 18187 18186 18188 18185 18184 18186 18183 18182 18184 18181 18180 18182 18179 18178 18180 18176 18175 18178 18199 18200 18201 18202 18201 18203 18201 18202 18199 18203 18205 18202 18206 18207 18205 18208 18209 18207 18210 18211 18209 18212 18213 18211 18216 18204 18215 18215 18214 18216 18211 18210 18212 18209 18208 18210 18207 18206 18208 18205 18203 18206 18217 18218 18219 18220 18221 18218 18218 18217 18220 18221 18220 18222 18223 18222 18224 18225 18224 18226 18227 18226 18228 18229 18228 18230 18231 18230 18232 18233 18232 18234 18235 18234 18236 18237 18236 18238 18239 18238 18240 18219 18240 18217 18240 18219 18239 18238 18239 18237 18236 18237 18235 18234 18235 18233 18232 18233 18231 18230 18231 18229 18228 18229 18227 18226 18227 18225 18224 18225 18223 18222 18223 18221 18241 18242 18243 18244 18245 18246 18246 18247 18248 18248 18249 18250 18250 18251 18252 18252 18253 18254 18254 18255 18256 18256 18257 18258 18245 18244 18241 18249 18248 18247 18253 18252 18251 18257 18256 18255 18258 18259 18260 18260 18261 18262 18262 18263 18264 18264 18243 18242 18247 18246 18245 18255 18254 18253 18261 18260 18259 18243 18264 18263 18251 18250 18249 18263 18262 18261 18259 18258 18257 18242 18241 18244 18265 18266 18267 18268 18269 18266 18270 18271 18269 18272 18273 18271 18274 18275 18273 18275 18274 18276 18267 18277 18265 18266 18265 18268 18269 18268 18270 18271 18270 18272 18273 18272 18274 18278 18279 18280 18277 18267 18281 18281 18282 18277 18283 18284 18282 18285 18286 18284 18287 18288 18286 18279 18278 18288 18280 18276 18278 18288 18287 18279 18286 18285 18287 18284 18283 18285 18276 18280 18275 18282 18281 18283 18289 18290 18291 18292 18293 18294 18295 18296 18293 18297 18298 18296 18299 18300 18298 18301 18291 18300 18302 18303 18290 18304 18305 18303 18306 18307 18305 18308 18309 18307 18310 18311 18309 18311 18310 18312 18309 18308 18310 18307 18306 18308 18305 18304 18306 18303 18302 18304 18290 18289 18302 18294 18312 18292 18291 18301 18289 18300 18299 18301 18298 18297 18299 18296 18295 18297 18293 18292 18295 18312 18294 18311 18313 18314 18315 18316 18317 18318 18319 18320 18321 18322 18323 18324 18315 18325 18319 18321 18326 18316 18327 18328 18329 18330 18323 18331 18325 18315 18314 18320 18319 18325 18326 18321 18320 18317 18316 18326 18332 18333 18327 18329 18334 18322 18323 18330 18324 18313 18331 18335 18332 18317 18336 18333 18332 18336 18317 18332 18318 18314 18313 18335 18331 18313 18330 18323 18322 18334 18334 18329 18328 18328 18327 18333 18337 18338 18339 18340 18341 18342 18343 18344 18341 18345 18346 18344 18347 18348 18346 18349 18350 18348 18351 18352 18350 18353 18354 18352 18355 18356 18354 18357 18339 18358 18359 18358 18356 18358 18359 18357 18339 18357 18337 18338 18337 18360 18342 18360 18340 18341 18340 18343 18344 18343 18345 18346 18345 18347 18348 18347 18349 18350 18349 18351 18352 18351 18353 18354 18353 18355 18356 18355 18359 18360 18342 18338 18361 18362 18363 18364 18363 18365 18366 18365 18367 18368 18367 18369 18370 18371 18362 18372 18373 18371 18374 18375 18373 18376 18377 18375 18378 18379 18377 18380 18381 18379 18382 18383 18381 18383 18382 18384 18381 18380 18382 18379 18378 18380 18377 18376 18378 18375 18374 18376 18373 18372 18374 18371 18370 18372 18362 18361 18370 18363 18364 18361 18365 18366 18364 18367 18368 18366 18369 18384 18368 18384 18369 18383 18385 18386 18387 18388 18389 18390 18388 18391 18392 18391 18388 18390 18392 18387 18386 18387 18392 18391 18386 18385 18393 18393 18394 18395 18395 18396 18397 18398 18399 18400 18401 18399 18389 18396 18395 18394 18399 18401 18400 18394 18393 18385 18397 18402 18403 18403 18404 18405 18405 18406 18407 18398 18406 18408 18389 18388 18401 18404 18403 18402 18406 18398 18407 18402 18397 18396 18399 18398 18408 18406 18405 18404 18409 18410 18411 18412 18411 18413 18414 18415 18416 18417 18413 18418 18419 18418 18420 18418 18419 18417 18413 18417 18412 18411 18412 18409 18410 18409 18421 18416 18421 18414 18415 18414 18422 18423 18422 18424 18425 18426 18427 18428 18424 18429 18430 18429 18431 18427 18431 18425 18426 18425 18432 18420 18432 18419 18422 18423 18415 18424 18428 18423 18429 18430 18428 18431 18427 18430 18432 18420 18426 18421 18416 18410 18433 18434 18435 18436 18435 18437 18438 18437 18439 18440 18439 18441 18442 18441 18443 18444 18443 18445 18446 18445 18447 18448 18447 18449 18450 18449 18451 18452 18451 18453 18454 18453 18455 18456 18455 18434 18455 18456 18454 18453 18454 18452 18451 18452 18450 18449 18450 18448 18447 18448 18446 18445 18446 18444 18443 18444 18442 18441 18442 18440 18439 18440 18438 18437 18438 18436 18435 18436 18433 18434 18433 18456 18457 18458 18459 18459 18460 18461 18461 18462 18463 18464 18465 18466 18466 18467 18468 18468 18469 18470 18471 18469 18472 18458 18457 18473 18462 18461 18460 18463 18474 18475 18476 18464 18477 18473 18471 18472 18475 18478 18479 18476 18479 18478 18465 18464 18480 18479 18476 18477 18474 18463 18462 18469 18468 18467 18464 18476 18480 18478 18475 18474 18460 18459 18458 18469 18471 18470 18467 18466 18465 18471 18473 18457 18481 18482 18483 18484 18485 18486 18487 18486 18488 18483 18489 18481 18482 18481 18490 18491 18490 18492 18493 18492 18494 18495 18494 18496 18497 18496 18498 18499 18498 18500 18501 18500 18502 18500 18501 18499 18498 18499 18497 18496 18497 18495 18494 18495 18493 18503 18502 18485 18492 18493 18491 18490 18491 18482 18502 18503 18501 18485 18484 18503 18486 18487 18484 18488 18504 18487 18489 18483 18504 18504 18488 18489 18505 18506 18507 18508 18509 18510 18511 18512 18509 18513 18514 18512 18515 18507 18514 18507 18515 18505 18514 18513 18515 18512 18511 18513 18509 18508 18511 18510 18516 18508 18517 18518 18516 18519 18520 18518 18521 18522 18520 18523 18524 18522 18525 18526 18524 18527 18528 18526 18506 18505 18528 18518 18517 18519 18520 18519 18521 18522 18521 18523 18524 18523 18525 18526 18525 18527 18528 18527 18506 18516 18510 18517 18529 18530 18531 18529 18532 18533 18533 18534 18535 18536 18534 18537 18536 18538 18539 18539 18540 18541 18541 18542 18543 18543 18544 18545 18532 18529 18531 18534 18536 18535 18540 18539 18538 18544 18543 18542 18545 18546 18547 18547 18548 18549 18549 18550 18551 18551 18530 18552 18534 18533 18532 18542 18541 18540 18548 18547 18546 18530 18551 18550 18538 18536 18537 18550 18549 18548 18546 18545 18544 18530 18529 18552 18553 18554 18555 18556 18555 18557 18558 18557 18559 18560 18559 18561 18562 18561 18563 18564 18563 18565 18563 18564 18562 18561 18562 18560 18566 18567 18568 18557 18558 18556 18555 18556 18553 18554 18553 18569 18570 18569 18571 18568 18571 18566 18567 18566 18572 18573 18572 18574 18575 18574 18576 18565 18576 18564 18576 18565 18575 18574 18575 18573 18572 18573 18567 18571 18568 18570 18569 18570 18554 18559 18560 18558 18577 18578 18579 18580 18581 18582 18583 18584 18581 18585 18586 18584 18587 18588 18586 18578 18577 18588 18588 18587 18578 18586 18585 18587 18584 18583 18585 18581 18580 18583 18582 18589 18580 18590 18591 18589 18592 18593 18591 18594 18595 18593 18596 18597 18595 18598 18599 18597 18600 18579 18599 18589 18582 18590 18579 18600 18577 18599 18598 18600 18597 18596 18598 18595 18594 18596 18593 18592 18594 18591 18590 18592 18601 18602 18603 18604 18605 18606 18605 18604 18607 18608 18606 18609 18606 18608 18604 18608 18610 18611 18605 18612 18613 18614 18615 18616 18613 18617 18614 18602 18601 18618 18617 18613 18612 18615 18614 18617 18602 18615 18603 18619 18620 18621 18615 18602 18616 18612 18605 18607 18618 18622 18619 18621 18623 18624 18622 18618 18601 18620 18619 18622 18623 18621 18620 18610 18623 18611 18623 18610 18624 18610 18608 18609 18625 18626 18627 18628 18629 18630 18631 18630 18632 18633 18632 18634 18635 18634 18636 18637 18636 18638 18639 18638 18640 18641 18640 18642 18643 18642 18644 18627 18644 18625 18626 18625 18645 18646 18645 18647 18645 18646 18626 18644 18627 18643 18642 18643 18641 18640 18641 18639 18638 18639 18637 18636 18637 18635 18634 18635 18633 18632 18633 18631 18630 18631 18628 18629 18628 18648 18647 18648 18646 18648 18647 18629 18651 18650 18652 18653 18652 18654 18655 18654 18656 18659 18658 18660 18661 18660 18662 18663 18649 18664 18664 18662 18663 18662 18664 18661 18660 18661 18659 18656 18657 18655 18654 18655 18653 18652 18653 18651 18665 18666 18667 18668 18669 18670 18671 18670 18672 18673 18672 18674 18675 18674 18676 18677 18676 18678 18679 18678 18680 18681 18680 18682 18683 18682 18684 18685 18684 18686 18687 18686 18666 18686 18687 18685 18684 18685 18683 18688 18667 18669 18682 18683 18681 18680 18681 18679 18678 18679 18677 18676 18677 18675 18674 18675 18673 18672 18673 18671 18670 18671 18668 18669 18668 18688 18667 18688 18665 18666 18665 18687 18689 18690 18691 18692 18691 18693 18694 18693 18695 18696 18695 18697 18698 18697 18699 18700 18699 18701 18702 18701 18703 18704 18703 18705 18706 18705 18707 18708 18707 18709 18707 18708 18706 18705 18706 18704 18703 18704 18702 18701 18702 18700 18699 18700 18698 18697 18698 18696 18695 18696 18694 18693 18694 18692 18691 18692 18689 18690 18689 18710 18711 18710 18712 18709 18712 18708 18710 18711 18690 18712 18709 18711 18714 18713 18715 18718 18719 18717 18722 18723 18721 18724 18725 18723 18726 18727 18725 18728 18729 18727 18729 18728 18730 18727 18726 18728 18725 18724 18726 18723 18722 18724 18721 18720 18722 18717 18716 18718 18715 18730 18714 18730 18715 18729 18731 18732 18733 18734 18735 18736 18733 18736 18731 18732 18731 18737 18738 18737 18739 18740 18739 18741 18742 18741 18743 18744 18743 18745 18746 18745 18747 18736 18733 18734 18748 18749 18750 18751 18752 18735 18752 18751 18753 18750 18753 18748 18749 18748 18754 18747 18754 18746 18745 18746 18744 18743 18744 18742 18741 18742 18740 18739 18740 18738 18737 18738 18732 18753 18750 18752 18735 18734 18751 18754 18747 18749 18755 18756 18757 18758 18759 18760 18761 18760 18762 18763 18762 18764 18765 18764 18766 18767 18766 18768 18769 18768 18770 18771 18770 18772 18773 18772 18774 18775 18774 18776 18777 18776 18756 18756 18755 18777 18776 18777 18775 18774 18775 18773 18772 18773 18771 18770 18771 18769 18768 18769 18767 18766 18767 18765 18764 18765 18763 18762 18763 18761 18760 18761 18758 18759 18758 18778 18757 18778 18755 18778 18757 18759 18779 18780 18781 18782 18783 18780 18784 18785 18783 18786 18787 18785 18788 18789 18787 18790 18791 18789 18792 18793 18791 18794 18795 18793 18796 18797 18795 18798 18799 18797 18799 18798 18800 18797 18796 18798 18800 18801 18799 18795 18794 18796 18793 18792 18794 18791 18790 18792 18789 18788 18790 18787 18786 18788 18785 18784 18786 18783 18782 18784 18780 18779 18782 18781 18802 18779 18801 18800 18802 18802 18781 18801 18804 18803 18805 18808 18807 18809 18810 18809 18811 18812 18811 18813 18814 18813 18815 18816 18815 18817 18818 18817 18819 18819 18820 18818 18817 18818 18816 18815 18816 18814 18813 18814 18812 18811 18812 18810 18809 18810 18808 18805 18806 18804 18821 18822 18823 18824 18825 18826 18827 18826 18828 18829 18828 18830 18831 18830 18832 18833 18832 18822 18834 18823 18835 18836 18837 18838 18825 18824 18837 18826 18827 18824 18828 18829 18827 18830 18831 18829 18832 18833 18831 18822 18821 18833 18823 18834 18821 18835 18839 18834 18840 18841 18839 18842 18843 18841 18844 18838 18843 18838 18844 18836 18843 18842 18844 18841 18840 18842 18839 18835 18840 18837 18836 18825 18847 18848 18846 18849 18850 18848 18851 18852 18850 18853 18854 18852 18856 18855 18857 18860 18859 18861 18862 18861 18854 18861 18862 18860 18857 18858 18856 18846 18845 18847 18848 18847 18849 18850 18849 18851 18852 18851 18853 18854 18853 18862 18863 18864 18865 18865 18866 18867 18867 18868 18869 18869 18870 18871 18871 18872 18873 18873 18874 18875 18875 18876 18877 18877 18878 18879 18879 18880 18881 18881 18882 18883 18883 18884 18885 18885 18886 18887 18887 18888 18889 18889 18890 18891 18891 18892 18893 18893 18894 18895 18895 18896 18897 18897 18898 18863 18898 18897 18896 18896 18895 18894 18894 18893 18892 18892 18891 18890 18890 18889 18888 18888 18887 18886 18886 18885 18884 18884 18883 18882 18882 18881 18880 18880 18879 18878 18878 18877 18876 18876 18875 18874 18874 18873 18872 18872 18871 18870 18870 18869 18868 18868 18867 18866 18866 18865 18864 18864 18863 18898 18899 18900 18901 18902 18903 18900 18904 18905 18903 18906 18907 18905 18908 18909 18907 18910 18911 18909 18912 18913 18911 18914 18915 18913 18916 18917 18915 18918 18919 18917 18903 18902 18904 18905 18904 18906 18907 18906 18908 18909 18908 18910 18911 18910 18912 18913 18912 18914 18915 18914 18916 18917 18916 18918 18919 18918 18920 18921 18920 18922 18901 18922 18899 18922 18901 18921 18920 18921 18919 18900 18899 18902 18923 18924 18925 18926 18927 18928 18929 18928 18930 18931 18930 18932 18933 18932 18934 18935 18934 18936 18937 18936 18938 18939 18938 18940 18941 18940 18942 18943 18944 18924 18945 18942 18944 18942 18945 18941 18938 18939 18937 18944 18943 18945 18924 18923 18943 18925 18946 18923 18927 18926 18946 18928 18929 18926 18930 18931 18929 18932 18933 18931 18934 18935 18933 18936 18937 18935 18940 18941 18939 18946 18925 18927 18947 18948 18949 18950 18951 18952 18953 18952 18954 18955 18954 18956 18957 18956 18958 18959 18958 18960 18961 18960 18962 18963 18962 18964 18965 18964 18966 18949 18966 18947 18948 18947 18967 18968 18969 18951 18969 18968 18970 18967 18970 18948 18951 18950 18968 18952 18953 18950 18954 18955 18953 18956 18957 18955 18958 18959 18957 18960 18961 18959 18962 18963 18961 18964 18965 18963 18966 18949 18965 18970 18967 18969 18971 18972 18973 18974 18975 18976 18975 18974 18977 18976 18978 18974 18979 18980 18978 18981 18982 18980 18983 18984 18982 18985 18986 18984 18987 18988 18986 18989 18990 18988 18991 18973 18990 18992 18993 18972 18994 18977 18993 18980 18979 18981 18982 18981 18983 18984 18983 18985 18986 18985 18987 18988 18987 18989 18990 18989 18991 18973 18991 18971 18972 18971 18992 18993 18992 18994 18977 18994 18975 18978 18976 18979 18995 18996 18997 18997 18998 18995 18996 18995 18999 19000 18999 19001 19002 19001 19003 19004 19003 19005 19006 19005 19007 19008 19007 19009 19010 19009 19011 19012 19011 19013 19014 19013 19015 19016 19015 19017 19018 19017 18998 19017 19018 19016 19015 19016 19014 19013 19014 19012 19011 19012 19010 19009 19010 19008 19007 19008 19006 19005 19006 19004 19003 19004 19002 19001 19002 19000 18999 19000 18996 18998 18997 19018 19019 19020 19021 19022 19023 19020 19024 19025 19023 19026 19027 19025 19028 19029 19027 19030 19031 19029 19032 19033 19031 19034 19035 19033 19036 19037 19035 19038 19039 19037 19039 19038 19040 19040 19041 19039 19037 19036 19038 19041 19040 19042 19021 19042 19019 19020 19019 19022 19023 19022 19024 19025 19024 19026 19027 19026 19028 19029 19028 19030 19031 19030 19032 19033 19032 19034 19035 19034 19036 19042 19021 19041 19043 19044 19045 19046 19047 19048 19049 19048 19050 19045 19050 19043 19044 19043 19051 19052 19051 19053 19054 19053 19055 19056 19055 19057 19058 19057 19059 19060 19059 19061 19062 19061 19063 19064 19065 19066 19047 19046 19065 19066 19063 19064 19063 19066 19062 19061 19062 19060 19059 19060 19058 19057 19058 19056 19055 19056 19054 19053 19054 19052 19051 19052 19044 19065 19064 19047 19048 19049 19046 19050 19045 19049 19067 19068 19069 19070 19069 19071 19072 19071 19073 19074 19073 19075 19076 19075 19077 19078 19077 19079 19080 19079 19081 19082 19081 19083 19084 19083 19085 19086 19085 19087 19088 19087 19089 19090 19089 19068 19089 19090 19088 19087 19088 19086 19085 19086 19084 19083 19084 19082 19081 19082 19080 19079 19080 19078 19077 19078 19076 19075 19076 19074 19073 19074 19072 19068 19067 19090 19069 19070 19067 19071 19072 19070 19091 19092 19093 19094 19095 19091 19095 19094 19096 19095 19097 19098 19099 19098 19100 19101 19102 19099 19103 19104 19105 19103 19105 19101 19106 19104 19107 19108 19109 19110 19108 19110 19106 19111 19112 19113 19113 19109 19114 19109 19113 19112 19115 19116 19111 19117 19118 19115 19119 19120 19117 19120 19119 19121 19122 19121 19123 19124 19125 19122 19126 19127 19128 19129 19127 19130 19127 19129 19128 19097 19095 19096 19129 19130 19124 19093 19127 19131 19127 19093 19092 19127 19126 19131 19125 19124 19130 19121 19122 19125 19121 19119 19123 19118 19117 19120 19116 19115 19118 19112 19111 19116 19109 19108 19114 19104 19106 19110 19104 19103 19107 19102 19101 19105 19098 19099 19102 19098 19097 19100 19092 19091 19095 19132 19133 19134 19135 19136 19132 19137 19138 19135 19139 19140 19137 19141 19142 19139 19143 19144 19141 19145 19146 19143 19147 19148 19145 19149 19150 19147 19151 19152 19153 19154 19155 19151 19156 19157 19154 19158 19159 19156 19160 19161 19158 19162 19163 19160 19164 19165 19162 19166 19167 19164 19168 19169 19166 19170 19171 19168 19172 19173 19170 19174 19175 19172 19176 19177 19174 19178 19179 19176 19180 19181 19178 19182 19183 19180 19184 19185 19182 19186 19187 19184 19188 19189 19186 19190 19191 19188 19192 19193 19190 19194 19195 19192 19196 19197 19194 19198 19199 19196 19200 19201 19198 19202 19203 19200 19133 19204 19202 19136 19205 19133 19138 19206 19136 19140 19207 19138 19142 19208 19140 19144 19209 19142 19210 19162 19211 19211 19160 19212 19212 19158 19213 19213 19156 19214 19214 19154 19215 19215 19151 19216 19216 19153 19149 19134 19202 19217 19217 19200 19218 19218 19198 19219 19219 19196 19220 19220 19194 19221 19221 19192 19222 19222 19190 19223 19192 19221 19194 19190 19222 19192 19188 19223 19190 19186 19224 19188 19184 19225 19186 19182 19226 19184 19180 19227 19182 19228 19164 19210 19176 19229 19178 19174 19230 19176 19146 19231 19144 19148 19232 19146 19150 19233 19148 19153 19234 19150 19155 19235 19152 19157 19236 19155 19159 19237 19157 19161 19238 19159 19163 19239 19161 19165 19240 19163 19167 19241 19165 19169 19242 19167 19171 19243 19169 19173 19244 19171 19175 19245 19173 19177 19246 19175 19179 19247 19177 19181 19248 19179 19172 19249 19174 19185 19250 19183 19187 19251 19185 19189 19252 19187 19191 19253 19189 19193 19254 19191 19195 19255 19193 19197 19256 19195 19199 19257 19197 19201 19258 19199 19203 19259 19201 19204 19260 19203 19205 19261 19204 19206 19262 19205 19207 19263 19206 19208 19264 19207 19209 19265 19208 19231 19266 19209 19232 19267 19231 19233 19268 19232 19234 19269 19233 19152 19270 19234 19270 19152 19235 19269 19234 19270 19268 19233 19269 19267 19232 19268 19266 19231 19267 19265 19209 19266 19264 19208 19265 19263 19207 19264 19194 19220 19196 19196 19219 19198 19198 19218 19200 19200 19217 19202 19202 19134 19133 19133 19132 19136 19136 19135 19138 19138 19137 19140 19140 19139 19142 19142 19141 19144 19144 19143 19146 19146 19145 19148 19148 19147 19150 19150 19149 19153 19152 19151 19155 19155 19154 19157 19157 19156 19159 19159 19158 19161 19161 19160 19163 19163 19162 19165 19165 19164 19167 19167 19166 19169 19169 19168 19171 19171 19170 19173 19262 19206 19263 19261 19205 19262 19260 19204 19261 19259 19203 19260 19258 19201 19259 19257 19199 19258 19256 19197 19257 19255 19195 19256 19254 19193 19255 19253 19191 19254 19252 19189 19253 19251 19187 19252 19250 19185 19251 19271 19183 19250 19248 19181 19271 19247 19179 19248 19246 19177 19247 19245 19175 19246 19244 19173 19245 19243 19171 19244 19242 19169 19243 19241 19167 19242 19240 19165 19241 19239 19163 19240 19173 19172 19175 19175 19174 19177 19177 19176 19179 19179 19178 19181 19181 19180 19183 19183 19182 19185 19185 19184 19187 19187 19186 19189 19189 19188 19191 19191 19190 19193 19193 19192 19195 19195 19194 19197 19197 19196 19199 19199 19198 19201 19201 19200 19203 19203 19202 19204 19204 19133 19205 19205 19136 19206 19206 19138 19207 19207 19140 19208 19208 19142 19209 19209 19144 19231 19231 19146 19232 19232 19148 19233 19170 19272 19172 19168 19273 19170 19166 19274 19168 19164 19228 19166 19162 19210 19164 19160 19211 19162 19158 19212 19160 19156 19213 19158 19154 19214 19156 19151 19215 19154 19153 19216 19151 19274 19166 19228 19273 19168 19274 19223 19188 19224 19224 19186 19225 19225 19184 19226 19226 19182 19227 19227 19180 19275 19275 19178 19229 19229 19176 19230 19230 19174 19249 19249 19172 19272 19183 19271 19181 19272 19170 19273 19238 19161 19239 19237 19159 19238 19236 19157 19237 19235 19155 19236 19234 19153 19152 19233 19150 19234 19178 19275 19180</p></triangles>
    </mesh></geometry>
  </library_geometries>
  <library_visual_scenes><visual_scene id="s">
    <node id="base_link" name="base_link"><instance_geometry url="#g"><bind_material><technique_common>
      <instance_material symbol="m0" target="#m0"/>
      <instance_material symbol="m1" target="#m1"/>
      <instance_material symbol="m2" target="#m2"/>
      <instance_material symbol="m3" target="#m3"/>
      <instance_material symbol="m4" target="#m4"/>
    </technique_common></bind_material></instance_geometry></node>
  </visual_scene></library_visual_scenes>
  <scene><instance_visual_scene url="#s"/></scene>
</COLLADA>
