<?xml version="1.0" encoding="utf-8"?>
<COLLADA xmlns="http://www.collada.org/2005/11/COLLADASchema" version="1.4.1">
  <asset><contributor><authoring_tool>scripts/cad/build_arm_description.py</authoring_tool></contributor><unit name="meter" meter="1"/><up_axis>Z_UP</up_axis></asset>
  <library_effects>
    <effect id="m0-fx"><profile_COMMON><technique sid="common"><phong><diffuse><color>0.7529 0.7529 0.7529 1</color></diffuse><specular><color>0.25 0.25 0.25 1</color></specular><shininess><float>30</float></shininess></phong></technique></profile_COMMON></effect>
    <effect id="m1-fx"><profile_COMMON><technique sid="common"><phong><diffuse><color>0.7922 0.8196 0.9333 1</color></diffuse><specular><color>0.25 0.25 0.25 1</color></specular><shininess><float>30</float></shininess></phong></technique></profile_COMMON></effect>
    <effect id="m2-fx"><profile_COMMON><technique sid="common"><phong><diffuse><color>1 1 1 1</color></diffuse><specular><color>0.25 0.25 0.25 1</color></specular><shininess><float>30</float></shininess></phong></technique></profile_COMMON></effect>
  </library_effects>
  <library_materials>
    <material id="m0"><instance_effect url="#m0-fx"/></material>
    <material id="m1"><instance_effect url="#m1-fx"/></material>
    <material id="m2"><instance_effect url="#m2-fx"/></material>
  </library_materials>
  <library_geometries>
    <geometry id="g" name="forearm_link"><mesh>
        <source id="p"><float_array id="pa" count="40107">-0.0444 -0.0276 -0.0012 -0.0444 -0.03 -0.0012 -0.0444 -0.0288 -0.0024 -0.0444 -0.0288 0 -0.0444 -0.0288 0.0024 -0.0444 -0.03 0.0012 -0.0444 -0.03 0 -0.0444 -0.0288 -0.0012 -0.0444 -0.0264 -0.0024 -0.0444 -0.0264 -0.0012 -0.0444 -0.0252 -0.0024 -0.0444 -0.0264 0 -0.0444 -0.0252 -0.0012 -0.0444 -0.0276 0.0012 -0.0444 -0.0252 0.0012 -0.0444 -0.0264 0.0024 -0.0444 -0.0276 0.0024 -0.0444 -0.0288 0.0012 -0.0444 -0.0252 0 -0.0444 -0.0264 0.0012 -0.0444 -0.03 -0.0024 -0.0444 -0.03 -0.0012 -0.0444 -0.0264 0.0024 -0.0444 -0.0252 0.0012 -0.0444 -0.0252 0.0024 -0.0444 -0.0288 -0.0024 -0.0444 -0.0264 -0.0024 -0.0444 -0.0288 -0.0024 -0.0444 -0.03 0.0012 -0.0444 -0.0288 0.0024 -0.0444 -0.0276 0.0024 -0.0468 -0.0264 -0.0024 -0.0468 -0.0276 -0.0024 -0.0468 -0.0288 -0.0024 -0.0444 -0.0276 -0.0024 -0.0444 -0.03 0.0024 -0.0468 -0.0288 0.0024 -0.0468 -0.0276 0.0024 -0.0468 -0.03 0.0012 -0.0468 -0.03 -0.0012 -0.0468 -0.03 -0.0024 -0.0468 -0.0288 0.0024 -0.0468 -0.03 0.0024 -0.0468 -0.0264 0.0024 -0.0468 -0.0252 0.0024 -0.0468 -0.0252 0.0012 -0.0468 -0.0288 -0.0024 -0.0468 -0.0288 0.0024 -0.0468 -0.0288 0 -0.0468 -0.03 0.0012 -0.0468 -0.0276 0.0012 -0.0468 -0.0276 0.0024 -0.0468 -0.0264 0.0024 -0.0468 -0.0264 0.0012 -0.0468 -0.0252 0.0012 -0.0468 -0.0252 0 -0.0468 -0.0264 0 -0.0468 -0.0288 0.0012 -0.0468 -0.03 0 -0.0468 -0.0264 -0.0012 -0.0468 -0.0252 -0.0012 -0.0468 -0.0252 -0.0024 -0.0468 -0.0276 -0.0012 -0.0468 -0.0264 -0.0024 -0.0468 -0.0288 -0.0024 -0.0468 -0.0288 -0.0012 -0.0468 -0.03 -0.0012 -0.0444 -0.0288 -0.0012 -0.0444 -0.0264 0 -0.0444 -0.0276 -0.0012 -0.0444 -0.0264 0.0012 -0.0444 -0.0288 0 -0.0444 -0.0276 0.0012 -0.0468 -0.0288 0 -0.0444 -0.0288 -0.0012 -0.0468 -0.0288 -0.0012 -0.0444 -0.0288 0 -0.0468 -0.0276 -0.0012 -0.0444 -0.0276 -0.0012 -0.0444 -0.0288 -0.0012 -0.0468 -0.0288 -0.0012 -0.0444 -0.0276 -0.0012 -0.0468 -0.0264 -0.0012 -0.0468 -0.0276 -0.0012 -0.0444 -0.0264 0 -0.0468 -0.0264 0 -0.0444 -0.0264 0 -0.0468 -0.0264 0 -0.0444 -0.0264 0.0012 -0.0468 -0.0264 0.0012 -0.0444 -0.0264 0.0012 -0.0468 -0.0276 0.0012 -0.0468 -0.0264 0.0012 -0.0444 -0.0276 0.0012 -0.0444 -0.0288 0 -0.0468 -0.0288 0.0012 -0.0444 -0.0276 0.0012 -0.0468 -0.0288 0 -0.0468 -0.0276 0.0012 -0.0432 -0.0288 0.0012 -0.0432 -0.0276 0.0012 -0.0444 -0.0288 0.0012 -0.0444 -0.0276 0.0012 -0.0432 -0.0264 0.0012 -0.0444 -0.0264 0.0012 -0.0444 -0.0264 0 -0.0432 -0.0264 0 -0.0432 -0.0264 -0.0012 -0.0444 -0.0264 -0.0012 -0.0444 -0.0276 -0.0012 -0.0432 -0.0276 -0.0012 -0.0432 -0.0288 0 -0.0324 -0.0276 0.0012 -0.0324 -0.0264 0.0012 -0.0336 -0.0264 0.0012 -0.0336 -0.0276 -0.0012 -0.0336 -0.0276 0.0012 -0.0348 -0.0276 -0.0012 -0.0348 -0.0288 0 -0.036 -0.0276 0.0012 -0.036 -0.0264 0.0012 -0.036 -0.0264 0 -0.036 -0.0288 0.0012 -0.0372 -0.0264 0 -0.0372 -0.0264 -0.0012 -0.0372 -0.0276 -0.0012 -0.0372 -0.0288 -0.0012 -0.0372 -0.0288 0 -0.0384 -0.0288 -0.0012 -0.0384 -0.0288 0 -0.0384 -0.0276 0.0012 -0.0384 -0.0264 0.0012 -0.0396 -0.0276 0.0012 -0.0396 -0.0264 0.0012 -0.0396 -0.0264 -0.0012 -0.0396 -0.0276 -0.0012 -0.0408 -0.0276 -0.0012 -0.0408 -0.0288 0 -0.0408 -0.0288 0.0012 -0.0408 -0.0276 0.0012 -0.042 -0.0288 0.0012 -0.042 -0.0276 0.0012 -0.042 -0.0264 0 -0.0432 -0.0264 0 -0.0432 -0.0264 -0.0012 -0.0432 -0.0288 -0.0012 -0.0432 -0.0288 0 -0.0444 -0.0288 -0.0012 -0.0444 -0.0288 0 -0.0348 -0.0288 0.0012 -0.0336 -0.0264 -0.0012 -0.0324 -0.0288 0.0012 -0.0324 -0.0288 -0.0012 -0.0324 -0.0276 0.0012 -0.0324 -0.0264 -0.0012 -0.0324 -0.0264 0.0012 -0.0324 -0.0276 -0.0012 -0.0336 -0.0276 -0.0012 -0.0336 -0.0288 -0.0012 -0.0336 -0.0288 0 -0.0336 -0.0288 0.0012 -0.0336 -0.0276 0.0012 -0.0348 -0.0276 0.0012 -0.0348 -0.0264 0 -0.0348 -0.0264 -0.0012 -0.036 -0.0276 -0.0012 -0.036 -0.0264 -0.0012 -0.036 -0.0288 0 -0.0372 -0.0288 0 -0.0372 -0.0288 0.0012 -0.0372 -0.0276 0.0012 -0.0372 -0.0264 0.0012 -0.0372 -0.0264 0 -0.0384 -0.0264 0.0012 -0.0384 -0.0264 0 -0.0384 -0.0276 -0.0012 -0.0384 -0.0288 -0.0012 -0.0396 -0.0276 -0.0012 -0.0396 -0.0288 -0.0012 -0.0396 -0.0288 0 -0.0396 -0.0288 0.0012 -0.0396 -0.0276 0.0012 -0.0408 -0.0276 0.0012 -0.0408 -0.0264 0 -0.0408 -0.0264 -0.0012 -0.042 -0.0276 -0.0012 -0.042 -0.0264 -0.0012 -0.042 -0.0288 0 -0.0432 -0.0288 0 -0.0432 -0.0288 0.0012 -0.0432 -0.0276 0.0012 -0.0432 -0.0276 -0.0012 -0.0324 -0.0276 -0.0012 -0.042 -0.0288 -0.0012 -0.0432 -0.0288 -0.0012 -0.0408 -0.0264 0 -0.0408 -0.0264 -0.0012 -0.0408 -0.0276 -0.0012 -0.0408 -0.0288 -0.0012 -0.0408 -0.0288 0 -0.0408 -0.0276 0.0012 -0.0408 -0.0264 0.0012 -0.042 -0.0276 -0.0012 -0.042 -0.0288 -0.0012 -0.042 -0.0288 0 -0.042 -0.0288 0.0012 -0.042 -0.0276 0.0012 -0.042 -0.0264 0.0012 -0.042 -0.0264 0 -0.0432 -0.0288 0.0012 -0.0432 -0.0276 0.0012 -0.0432 -0.0264 0.0012 -0.0432 -0.0264 0 -0.0432 -0.0276 -0.0012 -0.0432 -0.0288 -0.0012 -0.0324 -0.0288 0 -0.0324 -0.0288 0.0012 -0.0324 -0.0276 0.0012 -0.0324 -0.0276 -0.0012 -0.0324 -0.0288 -0.0012 -0.0336 -0.0288 0.0012 -0.0336 -0.0276 0.0012 -0.0336 -0.0264 0.0012 -0.0336 -0.0264 0 -0.0336 -0.0264 -0.0012 -0.0336 -0.0288 -0.0012 -0.0336 -0.0288 0 -0.0348 -0.0264 0 -0.0348 -0.0264 -0.0012 -0.0348 -0.0276 -0.0012 -0.0348 -0.0288 -0.0012 -0.0348 -0.0288 0 -0.0348 -0.0276 0.0012 -0.0348 -0.0264 0.0012 -0.036 -0.0288 -0.0012 -0.036 -0.0288 0 -0.036 -0.0288 0.0012 -0.036 -0.0276 0.0012 -0.036 -0.0264 0.0012 -0.036 -0.0276 -0.0012 -0.0372 -0.0276 0.0012 -0.0372 -0.0264 0.0012 -0.0372 -0.0264 0 -0.0372 -0.0264 -0.0012 -0.0372 -0.0276 -0.0012 -0.0372 -0.0288 0.0012 -0.0384 -0.0276 -0.0012 -0.0384 -0.0288 -0.0012 -0.0384 -0.0288 0 -0.0384 -0.0288 0.0012 -0.0384 -0.0276 0.0012 -0.0384 -0.0264 0 -0.0384 -0.0264 -0.0012 -0.0396 -0.0288 0.0012 -0.0396 -0.0276 0.0012 -0.0396 -0.0264 0.0012 -0.0396 -0.0264 0 -0.0396 -0.0264 -0.0012 -0.0396 -0.0288 0 -0.0444 -0.0288 -0.0012 -0.0444 -0.0276 -0.0012 -0.0324 -0.0264 0.0012 -0.0324 -0.0264 0 -0.0324 -0.0264 -0.0012 -0.0324 -0.0276 -0.0012 -0.0336 -0.0264 0.0012 -0.0336 -0.0264 0 -0.0336 -0.0264 -0.0012 -0.0336 -0.0276 -0.0012 -0.0336 -0.0288 -0.0012 -0.0336 -0.0288 0 -0.0336 -0.0288 0.0012 -0.0348 -0.0276 -0.0012 -0.0348 -0.0288 -0.0012 -0.0348 -0.0288 0 -0.0348 -0.0288 0.0012 -0.0348 -0.0276 0.0012 -0.0348 -0.0264 0.0012 -0.0348 -0.0264 0 -0.036 -0.0276 0.0012 -0.036 -0.0264 0.0012 -0.036 -0.0264 0 -0.036 -0.0264 -0.0012 -0.036 -0.0276 -0.0012 -0.036 -0.0288 -0.0012 -0.036 -0.0288 0 -0.0372 -0.0264 -0.0012 -0.0372 -0.0276 -0.0012 -0.0372 -0.0288 -0.0012 -0.0372 -0.0288 0 -0.0372 -0.0288 0.0012 -0.0372 -0.0276 0.0012 -0.0384 -0.0288 0 -0.0384 -0.0288 0.0012 -0.0384 -0.0276 0.0012 -0.0384 -0.0264 0.0012 -0.0384 -0.0264 0 -0.0384 -0.0264 -0.0012 -0.0384 -0.0276 -0.0012 -0.0396 -0.0264 0.0012 -0.0396 -0.0264 0 -0.0396 -0.0264 -0.0012 -0.0396 -0.0276 -0.0012 -0.0396 -0.0288 -0.0012 -0.0396 -0.0288 0 -0.0396 -0.0288 0.0012 -0.0408 -0.0276 -0.0012 -0.0408 -0.0288 -0.0012 -0.0408 -0.0288 0 -0.0408 -0.0288 0.0012 -0.0408 -0.0276 0.0012 -0.0408 -0.0264 0.0012 -0.0408 -0.0264 0 -0.042 -0.0276 0.0012 -0.042 -0.0264 0.0012 -0.042 -0.0264 0 -0.042 -0.0264 -0.0012 -0.042 -0.0276 -0.0012 -0.042 -0.0288 -0.0012 -0.042 -0.0288 0 -0.0432 -0.0264 -0.0012 -0.0432 -0.0276 -0.0012 -0.0432 -0.0288 -0.0012 -0.0432 -0.0288 0 -0.0432 -0.0288 0.0012 -0.0444 -0.0288 0 -0.0444 -0.0288 0.0012 -0.0468 -0.0252 0.0012 -0.0444 -0.0252 0.0024 -0.0444 -0.0252 0.0012 -0.0468 -0.0252 0.0024 -0.0468 -0.0252 0.0012 -0.0444 -0.0252 0.0012 -0.0468 -0.0252 0 -0.0444 -0.0252 0 -0.0468 -0.0252 -0.0012 -0.0444 -0.0252 0 -0.0444 -0.0252 -0.0012 -0.0468 -0.0252 0 -0.0444 -0.0252 -0.0024 -0.0468 -0.0252 -0.0024 -0.0444 -0.0252 -0.0012 -0.0468 -0.0252 -0.0012 -0.0444 -0.0264 -0.0024 -0.0468 -0.0252 -0.0024 -0.0444 -0.0252 -0.0024 -0.0468 -0.0264 -0.0024 -0.0444 -0.03 -0.0024 -0.0468 -0.03 -0.0012 -0.0468 -0.03 -0.0024 -0.0444 -0.03 -0.0012 -0.0468 -0.03 -0.0024 -0.0444 -0.0288 -0.0024 -0.0444 -0.03 -0.0024 -0.0468 -0.0288 -0.0024 -0.0444 -0.03 0 -0.0468 -0.03 0 -0.0468 -0.03 -0.0012 -0.0444 -0.03 -0.0012 -0.0468 -0.03 0.0012 -0.0444 -0.03 0 -0.0444 -0.03 0.0012 -0.0468 -0.03 0 -0.0468 -0.03 0.0012 -0.0444 -0.03 0.0012 -0.0468 -0.03 0.0024 -0.0444 -0.03 0.0024 -0.0444 -0.0288 0.0024 -0.0468 -0.03 0.0024 -0.0444 -0.03 0.0024 -0.0468 -0.0288 0.0024 -0.0444 -0.0264 0.0024 -0.0468 -0.0276 0.0024 -0.0444 -0.0276 0.0024 -0.0468 -0.0264 0.0024 -0.0444 -0.0264 0.0024 -0.0468 -0.0252 0.0024 -0.0468 -0.0264 0.0024 -0.0444 -0.0252 0.0024 -0.002 -0.136 0.1695 -0.003 -0.136 0.1705 -0.003 -0.136 0.17 -0.0025 -0.136 0.1705 -0.002 -0.136 0.17 -0.002 -0.136 0.1705 -0.0035 -0.136 0.1705 -0.0015 -0.136 0.1695 -0.0035 -0.136 0.1705 -0.0045 -0.136 0.1715 -0.0035 -0.136 0.171 -0.004 -0.136 0.1715 -0.0035 -0.136 0.1715 -0.005 -0.136 0.173 -0.0045 -0.136 0.1725 -0.0045 -0.136 0.173 -0.0045 -0.136 0.172 -0.0055 -0.136 0.173 -0.005 -0.136 0.172 -0.005 -0.136 0.1715 -0.006 -0.136 0.175 -0.0055 -0.136 0.174 -0.005 -0.136 0.174 -0.0055 -0.136 0.1745 -0.0055 -0.136 0.1735 -0.005 -0.136 0.1745 -0.006 -0.136 0.1755 -0.006 -0.136 0.1765 -0.0055 -0.136 0.1765 -0.0055 -0.136 0.1755 -0.0055 -0.136 0.176 -0.005 -0.136 0.178 -0.0055 -0.136 0.1775 -0.005 -0.136 0.1775 -0.005 -0.136 0.1785 -0.006 -0.136 0.177 -0.0045 -0.136 0.179 -0.004 -0.136 0.18 -0.005 -0.136 0.179 -0.004 -0.136 0.1795 -0.004 -0.136 0.179 -0.0035 -0.136 0.1805 -0.0025 -0.136 0.181 -0.004 -0.136 0.18 -0.0025 -0.136 0.1805 -0.003 -0.136 0.18 -0.0025 -0.136 0.18 -0.0035 -0.136 0.18 -0.002 -0.136 0.181 -0.0005 -0.136 0.1815 -0.0005 -0.136 0.181 -0.001 -0.136 0.181 -0.0015 -0.136 0.181 -0.0015 -0.136 0.1805 -0.001 -0.136 0.1805 0.001 -0.136 0.181 0 -0.136 0.1815 0.001 -0.136 0.1815 0 -0.136 0.181 0.002 -0.136 0.181 0.003 -0.136 0.1805 0.002 -0.136 0.1815 0.0035 -0.136 0.1805 0.0015 -0.136 0.1815 0.002 -0.136 0.1805 0.0025 -0.136 0.1805 0.0035 -0.136 0.1805 0.0045 -0.136 0.1795 0.0035 -0.136 0.1795 0.0035 -0.136 0.18 0.005 -0.136 0.178 0.005 -0.136 0.179 0.0055 -0.136 0.178 0.0055 -0.136 0.1775 0.0045 -0.136 0.179 0.0045 -0.136 0.178 0.0055 -0.136 0.1775 0.006 -0.136 0.176 0.0055 -0.136 0.177 0.005 -0.136 0.177 0.0055 -0.136 0.176 0.0055 -0.136 0.1765 0.005 -0.136 0.1765 0.006 -0.136 0.1755 0.006 -0.136 0.174 0.0055 -0.136 0.1745 0.0055 -0.136 0.175 0.0055 -0.136 0.1755 0.005 -0.136 0.172 0.006 -0.136 0.1735 0.0055 -0.136 0.1735 0.006 -0.136 0.174 0.005 -0.136 0.1725 0.005 -0.136 0.173 0.005 -0.136 0.1735 0.004 -0.136 0.1715 0.005 -0.136 0.172 0.004 -0.136 0.172 0.004 -0.136 0.171 0.0045 -0.136 0.172 0.004 -0.136 0.1705 0.0025 -0.136 0.17 0.0035 -0.136 0.1705 0.003 -0.136 0.171 0.0025 -0.136 0.1705 0.0025 -0.136 0.171 0.002 -0.136 0.1695 0.0005 -0.136 0.1695 0.002 -0.136 0.17 0.0005 -0.136 0.17 0 -0.136 0.1695 -0.001 -0.136 0.1695 -0.0005 -0.136 0.17 -0.001 -0.136 0.17 0 -0.136 0.17 -0.0055 -0.142 0.176 -0.0055 -0.136 0.1765 -0.0055 -0.136 0.176 -0.0055 -0.142 0.1765 -0.0055 -0.142 0.1755 -0.0055 -0.136 0.1755 -0.006 -0.142 0.1755 -0.006 -0.136 0.1755 -0.0055 -0.136 0.1745 -0.0055 -0.142 0.1745 -0.005 -0.136 0.1745 -0.005 -0.142 0.174 -0.005 -0.142 0.1745 -0.006 -0.136 0.175 -0.0055 -0.136 0.174 -0.0055 -0.142 0.1735 -0.0055 -0.142 0.174 -0.005 -0.136 0.174 -0.006 -0.142 0.175 -0.0055 -0.136 0.1735 -0.0055 -0.136 0.173 -0.0055 -0.142 0.1735 -0.0055 -0.136 0.1735 -0.0055 -0.142 0.173 -0.0045 -0.136 0.1725 -0.0045 -0.142 0.1725 -0.0045 -0.142 0.172 -0.0045 -0.136 0.173 -0.0045 -0.142 0.173 -0.005 -0.136 0.173 -0.005 -0.142 0.173 -0.0055 -0.136 0.173 -0.0055 -0.142 0.173 -0.0045 -0.136 0.172 -0.0045 -0.136 0.1715 -0.005 -0.142 0.1715 -0.005 -0.136 0.1715 -0.0045 -0.142 0.1715 -0.004 -0.142 0.1715 -0.0045 -0.136 0.1715 -0.004 -0.136 0.1715 -0.0035 -0.142 0.171 -0.0035 -0.136 0.171 -0.0035 -0.142 0.1715 -0.0035 -0.136 0.1715 -0.0045 -0.142 0.1715 -0.0025 -0.136 0.1705 -0.002 -0.142 0.1705 -0.0025 -0.142 0.1705 -0.002 -0.136 0.17 -0.002 -0.142 0.17 -0.002 -0.136 0.1705 -0.003 -0.136 0.1705 -0.003 -0.142 0.1705 -0.0005 -0.136 0.17 0 -0.142 0.17 -0.0005 -0.142 0.17 0 -0.142 0.1695 0 -0.136 0.17 0 -0.136 0.1695 -0.001 -0.136 0.17 -0.001 -0.142 0.17 -0.001 -0.136 0.1695 -0.001 -0.142 0.1695 0.0015 -0.142 0.17 0.0015 -0.136 0.17 0.002 -0.142 0.17 0.001 -0.136 0.17 0.0005 -0.142 0.17 0.0005 -0.136 0.1695 0.0005 -0.136 0.17 0.0005 -0.142 0.1695 0.001 -0.142 0.17 0.002 -0.136 0.17 0.002 -0.142 0.1695 0.0025 -0.136 0.17 0.0025 -0.142 0.17 0.002 -0.136 0.1695 0.0035 -0.142 0.1705 0.003 -0.136 0.171 0.0035 -0.136 0.1705 0.003 -0.142 0.171 0.0025 -0.136 0.171 0.0025 -0.142 0.171 0.0025 -0.136 0.1705 0.0025 -0.136 0.17 0.0025 -0.142 0.1705 0.0025 -0.142 0.17 0.004 -0.136 0.171 0.004 -0.142 0.1705 0.004 -0.136 0.1705 0.004 -0.142 0.171 0.0045 -0.142 0.172 0.0045 -0.136 0.172 0.004 -0.136 0.172 0.004 -0.142 0.1715 0.004 -0.136 0.171 0.004 -0.136 0.1715 0.004 -0.142 0.172 0.004 -0.142 0.171 0.005 -0.136 0.1725 0.005 -0.142 0.173 0.005 -0.142 0.1725 0.0055 -0.142 0.1735 0.0055 -0.136 0.1735 0.005 -0.136 0.1735 0.005 -0.142 0.1735 0.005 -0.136 0.173 0.0055 -0.136 0.1755 0.006 -0.142 0.1755 0.0055 -0.142 0.1755 0.0055 -0.136 0.175 0.0055 -0.142 0.175 0.0055 -0.136 0.1745 0.0055 -0.142 0.1745 0.006 -0.136 0.1755 0.006 -0.136 0.176 0.006 -0.142 0.1755 0.006 -0.136 0.1755 0.006 -0.142 0.176 0.0055 -0.136 0.177 0.0055 -0.142 0.177 0.005 -0.136 0.177 0.005 -0.142 0.177 0.005 -0.136 0.1765 0.005 -0.142 0.1765 0.0055 -0.136 0.1765 0.0055 -0.142 0.176 0.006 -0.136 0.176 0.0055 -0.136 0.176 0.006 -0.142 0.176 0.0055 -0.142 0.1765 0.005 -0.142 0.178 0.0055 -0.136 0.178 0.005 -0.136 0.178 0.0055 -0.142 0.178 0.0045 -0.142 0.179 0.0045 -0.136 0.1785 0.0045 -0.136 0.179 0.0045 -0.136 0.178 0.0045 -0.142 0.1785 0.0045 -0.142 0.178 0.0045 -0.136 0.1795 0.005 -0.142 0.179 0.005 -0.136 0.179 0.0045 -0.142 0.1795 0.0035 -0.136 0.1795 0.0035 -0.142 0.18 0.0035 -0.142 0.1795 0.0035 -0.136 0.18 0.004 -0.142 0.1795 0.004 -0.136 0.1795 0.0045 -0.136 0.1795 0.0045 -0.142 0.1795 0.002 -0.142 0.181 0.002 -0.136 0.1805 0.002 -0.136 0.181 0.002 -0.142 0.1805 0.0025 -0.136 0.1805 0.0025 -0.142 0.1805 0.003 -0.136 0.1805 0.003 -0.142 0.1805 0.001 -0.142 0.181 0.001 -0.136 0.181 0.0005 -0.136 0.181 0 -0.142 0.181 0.0005 -0.142 0.181 0 -0.142 0.1815 0 -0.136 0.181 0 -0.136 0.1815 -0.001 -0.136 0.1805 -0.0015 -0.142 0.1805 -0.001 -0.142 0.1805 -0.001 -0.136 0.181 -0.001 -0.142 0.181 -0.0005 -0.136 0.181 -0.0005 -0.142 0.181 -0.0015 -0.136 0.1805 -0.0015 -0.142 0.181 -0.0015 -0.136 0.181 -0.002 -0.142 0.181 -0.002 -0.136 0.181 -0.0025 -0.136 0.181 -0.002 -0.142 0.181 -0.002 -0.136 0.181 -0.0025 -0.142 0.181 -0.0025 -0.136 0.18 -0.003 -0.142 0.18 -0.0025 -0.142 0.18 -0.003 -0.136 0.18 -0.0035 -0.142 0.18 -0.0025 -0.136 0.1805 -0.0025 -0.142 0.1805 -0.0035 -0.136 0.18 -0.004 -0.136 0.179 -0.004 -0.142 0.179 -0.004 -0.136 0.1795 -0.004 -0.142 0.1795 -0.0045 -0.142 0.179 -0.0045 -0.136 0.179 -0.005 -0.136 0.1785 -0.005 -0.142 0.179 -0.005 -0.136 0.179 -0.005 -0.142 0.1785 -0.005 -0.136 0.1775 -0.0055 -0.142 0.1775 -0.005 -0.142 0.1775 -0.0055 -0.136 0.1775 -0.005 -0.136 0.178 -0.005 -0.142 0.178 -0.005 -0.136 0.1785 -0.005 -0.142 0.1785 0 -0.142 0.1815 -0.0005 -0.136 0.1815 -0.0005 -0.142 0.1815 0 -0.136 0.1815 -0.0035 -0.142 0.1805 -0.0035 -0.136 0.1805 -0.004 -0.136 0.18 -0.004 -0.142 0.18 -0.0035 -0.142 0.18 -0.0035 -0.136 0.18 -0.005 -0.142 0.179 -0.005 -0.136 0.179 -0.0045 -0.142 0.179 -0.0045 -0.136 0.179 -0.006 -0.142 0.177 -0.006 -0.136 0.177 -0.0055 -0.142 0.1775 -0.0055 -0.136 0.1775 -0.006 -0.136 0.1755 -0.006 -0.142 0.1755 -0.006 -0.136 0.175 -0.006 -0.142 0.175 -0.005 -0.136 0.1715 -0.005 -0.142 0.172 -0.005 -0.136 0.172 -0.0045 -0.142 0.172 -0.0045 -0.136 0.172 -0.005 -0.142 0.1715 -0.0035 -0.136 0.1705 -0.0035 -0.142 0.171 -0.0035 -0.136 0.171 -0.0035 -0.142 0.1705 -0.002 -0.142 0.17 -0.002 -0.136 0.17 -0.002 -0.136 0.1695 -0.002 -0.142 0.1695 -0.0015 -0.136 0.1695 -0.0015 -0.142 0.1695 0 -0.142 0.1695 0 -0.136 0.1695 0.0005 -0.136 0.1695 0.0005 -0.142 0.1695 0.002 -0.136 0.1695 0.002 -0.142 0.17 0.002 -0.136 0.17 0.002 -0.142 0.1695 0.0035 -0.136 0.1705 0.0035 -0.142 0.1705 0.004 -0.136 0.1705 0.004 -0.142 0.1705 0.005 -0.136 0.172 0.005 -0.142 0.172 0.0045 -0.142 0.172 0.0045 -0.136 0.172 0.0055 -0.142 0.1735 0.0055 -0.136 0.1735 0.006 -0.136 0.1735 0.006 -0.142 0.1735 0.006 -0.136 0.174 0.006 -0.142 0.174 0.0055 -0.142 0.1775 0.0055 -0.136 0.1775 0.0055 -0.142 0.177 0.0055 -0.136 0.177 0.005 -0.142 0.179 0.005 -0.136 0.179 0.0045 -0.142 0.179 0.0045 -0.136 0.179 0.0035 -0.136 0.1805 0.0035 -0.142 0.1805 0.0035 -0.142 0.18 0.0035 -0.136 0.18 0.002 -0.136 0.181 0.002 -0.142 0.181 0.002 -0.136 0.1815 0.0015 -0.136 0.1815 0.002 -0.142 0.1815 0.0015 -0.142 0.1815 0.0035 -0.136 0.1805 0.003 -0.142 0.1805 0.0035 -0.142 0.1805 0.003 -0.136 0.1805 0.0015 -0.142 0.1815 0.001 -0.136 0.1815 0.001 -0.142 0.1815 0.001 -0.136 0.181 0.001 -0.142 0.181 0.0015 -0.136 0.1815 -0.0005 -0.142 0.1815 -0.0005 -0.136 0.181 -0.0005 -0.142 0.181 -0.0005 -0.136 0.1815 -0.0025 -0.136 0.181 -0.0025 -0.142 0.181 -0.0025 -0.136 0.1805 -0.0025 -0.142 0.1805 -0.004 -0.136 0.1795 -0.004 -0.142 0.18 -0.004 -0.136 0.18 -0.004 -0.142 0.1795 -0.006 -0.136 0.177 -0.006 -0.142 0.177 -0.006 -0.136 0.1765 -0.006 -0.142 0.1765 -0.0055 -0.136 0.1765 -0.0055 -0.142 0.1765 -0.0035 -0.136 0.1705 -0.003 -0.142 0.17 -0.0035 -0.142 0.1705 -0.003 -0.136 0.1705 -0.003 -0.142 0.1705 -0.003 -0.136 0.17 -0.0015 -0.136 0.1695 -0.0015 -0.142 0.1695 -0.001 -0.142 0.1695 -0.001 -0.136 0.1695 0.005 -0.136 0.172 0.005 -0.142 0.1725 0.005 -0.142 0.172 0.005 -0.136 0.1725 0.006 -0.142 0.174 0.0055 -0.136 0.1745 0.0055 -0.142 0.1745 0.006 -0.136 0.174 0.0055 -0.136 0.1775 0.0055 -0.142 0.178 0.0055 -0.142 0.1775 0.0055 -0.136 0.178 0.001 -0.1315 0.1675 0.0035 -0.136 0.168 0.0005 -0.1315 0.1675 0.001 -0.1305 0.1675 0.0035 -0.127 0.168 0.001 -0.131 0.1675 0.0065 -0.127 0.171 0.0065 -0.136 0.171 0.008 -0.127 0.1745 0.008 -0.136 0.1745 0.0075 -0.127 0.1785 0.0075 -0.136 0.1785 0.0045 -0.127 0.182 0.0045 -0.136 0.182 0.001 -0.127 0.1835 0.001 -0.136 0.1835 -0.0035 -0.127 0.183 -0.0035 -0.136 0.183 -0.0065 -0.127 0.18 -0.0065 -0.136 0.18 -0.0075 -0.136 0.172 -0.0045 -0.127 0.169 -0.0045 -0.136 0.169 -0.008 -0.127 0.1765 -0.008 -0.129 0.176 -0.008 -0.129 0.1765 -0.008 -0.136 0.1765 -0.008 -0.1325 0.1765 -0.001 -0.127 0.1675 -0.0005 -0.129 0.1675 -0.001 -0.129 0.1675 -0.001 -0.136 0.1675 -0.0015 -0.1325 0.1675 -0.001 -0.1325 0.1675 -0.0015 -0.1295 0.1675 -0.0025 -0.13 0.168 -0.0015 -0.129 0.1675 -0.0025 -0.1315 0.168 -0.0025 -0.1305 0.168 -0.0025 -0.131 0.168 0 -0.1325 0.1675 -0.0005 -0.1325 0.1675 0.0005 -0.13 0.1675 -0.0075 -0.127 0.172 -0.008 -0.1295 0.1755 -0.008 -0.13 0.1745 -0.008 -0.1305 0.1745 -0.008 -0.131 0.1745 -0.008 -0.1315 0.1745 -0.008 -0.1325 0.176 -0.008 -0.1325 0.1755 -0.008 -0.1325 0.177 -0.0075 -0.1315 0.178 -0.0075 -0.131 0.178 -0.0075 -0.1305 0.178 -0.0075 -0.13 0.178 -0.008 -0.1295 0.177 0 -0.1295 0.1675 -0.0075 -0.127 0.176 -0.0025 -0.127 0.1775 -0.0035 -0.127 0.176 -0.0015 -0.127 0.1785 -0.0065 -0.127 0.18 -0.003 -0.127 0.1825 0.0005 -0.127 0.1785 0.001 -0.127 0.183 0.0075 -0.127 0.1745 0.0025 -0.127 0.1735 0.0035 -0.127 0.175 0.0015 -0.127 0.1725 0.0065 -0.127 0.171 0.003 -0.127 0.1685 0.007 -0.127 0.1785 0.003 -0.127 0.177 -0.007 -0.127 0.1725 -0.0045 -0.127 0.169 -0.003 -0.127 0.174 -0.002 -0.127 0.173 -0.0005 -0.127 0.172 -0.001 -0.127 0.1675 0.002 -0.127 0.178 0.0045 -0.127 0.1815 -0.0035 -0.136 0.183 0.0005 -0.136 0.1815 0.001 -0.136 0.1835 0.0025 -0.136 0.1695 0.0065 -0.136 0.171 0.005 -0.136 0.172 0.008 -0.136 0.1745 0.0065 -0.136 0.175 0.0075 -0.136 0.1785 0.006 -0.136 0.178 -0.0025 -0.136 0.181 -0.0065 -0.136 0.18 -0.005 -0.136 0.179 -0.008 -0.136 0.1765 -0.0065 -0.136 0.176 -0.006 -0.136 0.173 -0.0045 -0.136 0.169 -0.0035 -0.136 0.1705 -0.0005 -0.136 0.169 0.0035 -0.136 0.168 0.0045 -0.136 0.182 0.0035 -0.136 0.1805 -0.0075 -0.136 0.172 -0.001 -0.136 0.1675 0.001 -0.142 0.1835 0.0045 -0.1425 0.182 0.0045 -0.142 0.182 0.0075 -0.1425 0.1785 0.0075 -0.142 0.1785 0.008 -0.1425 0.1745 0.008 -0.142 0.1745 0.001 -0.1425 0.1835 0.0065 -0.1425 0.171 0.0035 -0.1425 0.168 0.0065 -0.142 0.171 -0.001 -0.1425 0.1675 0.0035 -0.142 0.168 -0.0045 -0.1425 0.169 -0.001 -0.142 0.1675 -0.0075 -0.1425 0.172 -0.0045 -0.142 0.169 -0.008 -0.1425 0.1765 -0.0075 -0.142 0.172 -0.0065 -0.1425 0.18 -0.008 -0.142 0.1765 -0.0035 -0.1425 0.183 -0.0065 -0.142 0.18 -0.0035 -0.142 0.183 -0.007 -0.143 0.1725 -0.002 -0.143 0.173 -0.003 -0.143 0.174 0.0015 -0.143 0.1725 -0.001 -0.143 0.1675 0.003 -0.143 0.1685 0.0025 -0.143 0.1735 0.0065 -0.143 0.171 -0.0045 -0.143 0.169 -0.0005 -0.143 0.172 -0.0075 -0.143 0.176 -0.0035 -0.143 0.176 0.0035 -0.143 0.175 0.0075 -0.143 0.1745 0.003 -0.143 0.177 0.007 -0.143 0.1785 0.002 -0.143 0.178 0.0045 -0.143 0.1815 0.0005 -0.143 0.1785 0.001 -0.143 0.183 -0.0015 -0.143 0.1785 -0.003 -0.143 0.1825 -0.0025 -0.143 0.1775 -0.0065 -0.143 0.18 0.0005 -0.142 0.1695 0.002 -0.142 0.17 0.0025 -0.142 0.17 0.003 -0.142 0.171 0.004 -0.142 0.1705 0.0035 -0.142 0.168 0.0035 -0.142 0.1705 0.004 -0.142 0.171 0.0045 -0.142 0.172 0.005 -0.142 0.172 0.0065 -0.142 0.171 0.005 -0.142 0.1725 0.008 -0.142 0.1745 0.006 -0.142 0.174 0.006 -0.142 0.1755 0.0055 -0.142 0.175 0.0055 -0.142 0.1755 -0.0025 -0.142 0.18 -0.0035 -0.142 0.18 -0.0025 -0.142 0.181 -0.0035 -0.142 0.183 -0.002 -0.142 0.181 -0.0005 -0.142 0.181 -0.0015 -0.142 0.1805 -0.0015 -0.142 0.181 0 -0.142 0.181 0.001 -0.142 0.181 0.003 -0.142 0.1805 0.002 -0.142 0.181 0.002 -0.142 0.1815 0.0055 -0.142 0.1775 -0.0045 -0.142 0.169 -0.0045 -0.142 0.1715 -0.0055 -0.142 0.173 -0.0045 -0.142 0.172 -0.005 -0.142 0.172 -0.0075 -0.142 0.172 -0.0055 -0.142 0.1735 -0.006 -0.142 0.175 -0.006 -0.142 0.1755 -0.006 -0.142 0.1765 -0.0055 -0.142 0.1765 -0.008 -0.142 0.1765 -0.006 -0.142 0.177 -0.005 -0.142 0.1785 -0.0055 -0.142 0.1775 -0.0065 -0.142 0.18 -0.005 -0.142 0.179 -0.004 -0.142 0.18 0.006 -0.142 0.176 0.0075 -0.142 0.1785 -0.0025 -0.142 0.1805 -0.0035 -0.142 0.1805 -0.0005 -0.142 0.1815 0.001 -0.142 0.1835 0 -0.142 0.1815 0.0055 -0.142 0.178 0.005 -0.142 0.179 -0.001 -0.142 0.1675 0.002 -0.142 0.1695 0.0045 -0.142 0.1785 0.0045 -0.142 0.178 0.0045 -0.142 0.1795 0.0035 -0.142 0.1805 0.0045 -0.142 0.182 0.0025 -0.142 0.1805 -0.004 -0.142 0.1795 -0.0045 -0.142 0.179 -0.005 -0.142 0.1775 -0.0055 -0.142 0.1745 -0.005 -0.142 0.174 -0.0045 -0.142 0.1725 -0.005 -0.142 0.173 -0.0045 -0.142 0.173 -0.0035 -0.142 0.171 -0.0055 -0.142 0.176 -0.0055 -0.142 0.1755 0.001 -0.142 0.1815 -0.0035 -0.142 0.1705 -0.002 -0.142 0.17 -0.003 -0.142 0.17 -0.003 -0.142 0.1705 -0.0015 -0.142 0.1695 -0.002 -0.142 0.1695 0 -0.142 0.1695 -0.001 -0.142 0.1695 0.0015 -0.142 0.17 0.0025 -0.142 0.1705 0.0025 -0.142 0.171 0.004 -0.142 0.1715 0.004 -0.142 0.172 0.0055 -0.142 0.1735 0.0055 -0.142 0.1745 -0.001 -0.142 0.181 0.002 -0.142 0.1805 0.0035 -0.142 0.18 0.005 -0.142 0.178 -0.004 -0.142 0.179 -0.004 -0.142 0.1715 0 -0.142 0.17 0.005 -0.142 0.1735 0.006 -0.142 0.1735 0.004 -0.142 0.1795 -0.0055 -0.142 0.174 0.0055 -0.142 0.177 -0.005 -0.142 0.1715 -0.0035 -0.142 0.1715 -0.0025 -0.142 0.1705 -0.0005 -0.142 0.17 -0.001 -0.142 0.17 0.001 -0.142 0.17 0.0005 -0.142 0.17 0.005 -0.142 0.173 0.0055 -0.142 0.176 0.005 -0.142 0.177 0.0035 -0.142 0.1795 -0.002 -0.142 0.1705 0.0055 -0.142 0.1765 0.005 -0.142 0.1765 0.0015 -0.142 0.1815 -0.005 -0.142 0.1745 -0.001 -0.142 0.1805 0.0045 -0.142 0.179 -0.001 -0.1425 0.178 -0.0025 -0.1315 0.177 -0.0025 -0.131 0.1775 0 -0.129 0.1725 -0.0005 -0.127 0.1725 -0.0005 -0.129 0.1725 0.001 -0.127 0.1725 0.0005 -0.1295 0.1725 0.001 -0.1315 0.1725 0.0025 -0.1425 0.1735 0.0015 -0.131 0.173 0.0025 -0.127 0.1735 0.001 -0.13 0.1725 0.0015 -0.1305 0.173 -0.0005 -0.1325 0.1725 0.001 -0.1425 0.1725 0 -0.1325 0.1725 0.0005 -0.1325 0.1725 -0.002 -0.1425 0.173 -0.0005 -0.1425 0.1725 -0.001 -0.1325 0.1725 -0.003 -0.1315 0.174 -0.002 -0.1315 0.173 -0.0025 -0.131 0.174 -0.002 -0.131 0.173 -0.002 -0.13 0.173 -0.003 -0.127 0.174 -0.003 -0.13 0.174 -0.002 -0.1305 0.173 -0.0025 -0.1305 0.174 -0.002 -0.127 0.173 -0.001 -0.129 0.1725 -0.001 -0.1295 0.1725 -0.003 -0.1425 0.174 -0.0025 -0.1425 0.177 -0.001 -0.127 0.178 -0.0025 -0.13 0.177 -0.0025 -0.127 0.177 -0.003 -0.1325 0.1765 -0.003 -0.1325 0.176 -0.003 -0.1425 0.176 -0.003 -0.1295 0.175 -0.003 -0.127 0.176 -0.003 -0.129 0.176 0.003 -0.127 0.175 0.003 -0.1425 0.175 0.003 -0.127 0.1765 0.003 -0.1425 0.1765 0.002 -0.127 0.178 0.002 -0.1425 0.178 0.0005 -0.127 0.1785 0.0005 -0.1425 0.1785 -0.0025 -0.1305 0.1775 -0.003 -0.1325 0.175 -0.003 -0.1325 0.1755 -0.003 -0.129 0.1755 -0.003 -0.1295 0.1765 0.0075 -0.127 0.1745 0.0065 -0.127 0.171 0.007 -0.127 0.1785 0.008 -0.127 0.1745 0.0045 -0.127 0.1815 0.0075 -0.127 0.1785 -0.001 -0.127 0.1675 0.003 -0.127 0.1685 0.0035 -0.127 0.168 0.0045 -0.127 0.182 0.001 -0.127 0.183 0.001 -0.127 0.1835 -0.003 -0.127 0.1825 -0.0035 -0.127 0.183 -0.0065 -0.127 0.18 -0.0075 -0.127 0.176 -0.007 -0.127 0.1725 -0.008 -0.127 0.1765 -0.0045 -0.127 0.169 -0.0075 -0.127 0.172 -0.0035 -0.127 0.176 -0.0025 -0.127 0.177 -0.003 -0.127 0.176 -0.0025 -0.127 0.1775 -0.001 -0.127 0.178 -0.0015 -0.127 0.1785 0.0005 -0.127 0.1785 -0.003 -0.127 0.174 -0.002 -0.127 0.173 0.002 -0.127 0.178 -0.0005 -0.127 0.172 -0.0005 -0.127 0.1725 0.0015 -0.127 0.1725 0.001 -0.127 0.1725 0.003 -0.127 0.1765 0.003 -0.127 0.177 0.003 -0.127 0.175 0.0035 -0.127 0.175 0.0025 -0.127 0.1735 0.0065 -0.1425 0.171 0.003 -0.143 0.1685 0.0035 -0.1425 0.168 0.007 -0.143 0.1785 0.0045 -0.1425 0.182 0.0045 -0.143 0.1815 0.0075 -0.143 0.1745 0.0075 -0.1425 0.1785 0.0065 -0.143 0.171 0.008 -0.1425 0.1745 -0.001 -0.143 0.1675 -0.0045 -0.143 0.169 -0.001 -0.1425 0.1675 -0.007 -0.143 0.1725 -0.0045 -0.1425 0.169 -0.0075 -0.143 0.176 -0.0075 -0.1425 0.172 -0.0065 -0.143 0.18 -0.008 -0.1425 0.1765 -0.003 -0.143 0.1825 -0.0065 -0.1425 0.18 0.001 -0.1425 0.1835 0.001 -0.143 0.183 -0.0035 -0.1425 0.183 0.001 -0.1425 0.1725 -0.0005 -0.143 0.172 0.0015 -0.143 0.1725 -0.002 -0.1425 0.173 -0.003 -0.143 0.174 -0.002 -0.143 0.173 -0.003 -0.1425 0.174 -0.0035 -0.143 0.176 -0.003 -0.1425 0.176 -0.0025 -0.143 0.1775 -0.0025 -0.1425 0.177 -0.0015 -0.143 0.1785 -0.0005 -0.1425 0.1725 -0.001 -0.1425 0.178 0.0005 -0.143 0.1785 0.0005 -0.1425 0.1785 0.002 -0.143 0.178 0.002 -0.1425 0.178 0.003 -0.143 0.177 0.003 -0.1425 0.1765 0.0035 -0.143 0.175 0.003 -0.1425 0.175 0.0025 -0.143 0.1735 0.0025 -0.1425 0.1735 0.001 -0.131 0.1675 0.0015 -0.131 0.173 -0.0015 -0.129 0.1675 -0.001 -0.129 0.1725 -0.0015 -0.1295 0.1675 -0.001 -0.1295 0.1725 -0.0025 -0.13 0.168 -0.002 -0.13 0.173 -0.0025 -0.1305 0.168 -0.0025 -0.131 0.168 -0.002 -0.1315 0.173 -0.0025 -0.1315 0.168 -0.001 -0.1325 0.1725 -0.0015 -0.1325 0.1675 -0.0005 -0.1325 0.1725 0 -0.1325 0.1675 0 -0.1325 0.1725 0.0005 -0.1325 0.1725 0.0005 -0.1315 0.1675 0.001 -0.1315 0.1725 0.001 -0.1315 0.1675 0.001 -0.13 0.1725 0.001 -0.1305 0.1675 0.0005 -0.13 0.1675 0.0005 -0.1295 0.1725 0 -0.1295 0.1675 -0.0005 -0.129 0.1675 0 -0.129 0.1725 -0.0005 -0.129 0.1725 -0.001 -0.129 0.1675 0.0015 -0.1305 0.173 -0.0005 -0.1325 0.1675 -0.001 -0.1325 0.1675 -0.002 -0.131 0.173 -0.002 -0.1305 0.173 -0.008 -0.13 0.1745 -0.003 -0.1295 0.175 -0.008 -0.1295 0.1755 -0.0025 -0.1315 0.177 -0.0075 -0.131 0.178 -0.0025 -0.131 0.1775 -0.003 -0.1325 0.175 -0.008 -0.1315 0.1745 -0.008 -0.1325 0.1755 -0.0075 -0.1315 0.178 -0.003 -0.1325 0.1765 -0.003 -0.1315 0.174 -0.008 -0.131 0.1745 -0.0025 -0.131 0.174 -0.003 -0.13 0.174 -0.0025 -0.1305 0.174 -0.008 -0.1305 0.1745 -0.003 -0.129 0.1755 -0.008 -0.129 0.176 -0.003 -0.129 0.176 -0.008 -0.129 0.1765 -0.003 -0.1325 0.176 -0.008 -0.1325 0.1765 -0.008 -0.1325 0.177 -0.003 -0.1325 0.1755 -0.008 -0.1325 0.176 -0.008 -0.1295 0.177 -0.003 -0.1295 0.1765 -0.0075 -0.13 0.178 -0.0025 -0.13 0.177 -0.0075 -0.1305 0.178 -0.0025 -0.1305 0.1775 0.005 -0.136 0.172 0.0045 -0.136 0.1715 0.006 -0.136 0.174 0.0065 -0.136 0.175 0.005 -0.136 0.1795 0.004 -0.136 0.18 0.0045 -0.136 0.1795 0.0035 -0.136 0.1805 -0.0005 -0.136 0.1815 -0.0025 -0.136 0.181 -0.002 -0.136 0.181 0.0025 -0.136 0.1695 0.004 -0.136 0.1705 0.0025 -0.136 0.17 0.006 -0.136 0.1755 0.006 -0.136 0.176 0.006 -0.136 0.178 0.0055 -0.136 0.1775 0.0015 -0.136 0.1815 0.0005 -0.136 0.1815 0.005 -0.136 0.179 -0.0045 -0.136 0.1795 -0.004 -0.136 0.1805 -0.005 -0.136 0.179 0.004 -0.136 0.171 -0.004 -0.136 0.18 -0.005 -0.136 0.1785 -0.006 -0.136 0.177 -0.0065 -0.136 0.176 -0.006 -0.136 0.175 -0.006 -0.136 0.173 -0.0055 -0.136 0.1735 -0.004 -0.136 0.171 -0.005 -0.136 0.1715 -0.0035 -0.136 0.1705 -0.0045 -0.136 0.1715 0.0005 -0.136 0.1695 0.002 -0.136 0.1695 -0.0055 -0.136 0.173 -0.0015 -0.136 0.1695 -0.0005 -0.136 0.169 -0.005 -0.136 0.1715 -0.006 -0.136 0.173 -0.0035 -0.136 0.1705 0.006 -0.136 0.178 0.005 -0.136 0.1795 0.0035 -0.136 0.1805 0.005 -0.136 0.172 0.0025 -0.136 0.1695 -0.005 -0.136 0.179 -0.0025 -0.136 0.181 -0.004 -0.136 0.1805 0.004 -0.136 0.1705 -0.006 -0.038 0.1235 -0.0055 -0.038 0.122 -0.0055 -0.038 0.1225 -0.006 -0.038 0.123 -0.005 -0.038 0.1225 -0.005 -0.038 0.123 -0.0055 -0.038 0.1215 -0.0055 -0.038 0.1215 -0.0045 -0.038 0.1205 -0.0045 -0.038 0.12 -0.005 -0.038 0.1215 -0.0045 -0.038 0.121 -0.0045 -0.038 0.1215 -0.003 -0.038 0.12 -0.0035 -0.038 0.12 -0.003 -0.038 0.1195 -0.004 -0.038 0.12 -0.003 -0.038 0.119 -0.0045 -0.038 0.12 -0.0015 -0.038 0.119 -0.002 -0.038 0.1195 -0.0025 -0.038 0.119 -0.0015 -0.038 0.1185 -0.001 -0.038 0.1185 -0.003 -0.038 0.119 -0.0005 -0.038 0.1185 0.0005 -0.038 0.1185 0.0005 -0.038 0.119 -0.0005 -0.038 0.119 0 -0.038 0.119 0.002 -0.038 0.1195 0.001 -0.038 0.119 0.0015 -0.038 0.1195 0.0015 -0.038 0.119 0.002 -0.038 0.119 0.0025 -0.038 0.119 0.001 -0.038 0.1185 0.003 -0.038 0.1195 0.004 -0.038 0.12 0.003 -0.038 0.119 0.0025 -0.038 0.119 0.0035 -0.038 0.12 0.003 -0.038 0.12 0.0045 -0.038 0.1205 0.005 -0.038 0.1215 0.0055 -0.038 0.1215 0.0045 -0.038 0.12 0.0045 -0.038 0.1215 0.004 -0.038 0.121 0.004 -0.038 0.1215 0.0055 -0.038 0.122 0.006 -0.038 0.1235 0.0055 -0.038 0.1215 0.005 -0.038 0.122 0.0055 -0.038 0.123 0.005 -0.038 0.123 0.005 -0.038 0.1225 0.0055 -0.038 0.125 0.005 -0.038 0.1245 0.0055 -0.038 0.1245 0.006 -0.038 0.125 0.0055 -0.038 0.124 0.006 -0.038 0.124 0.0055 -0.038 0.1255 0.0055 -0.038 0.127 0.006 -0.038 0.1255 0.005 -0.038 0.127 0.005 -0.038 0.1265 0.005 -0.038 0.126 0.005 -0.038 0.1275 0.0045 -0.038 0.1285 0.0055 -0.038 0.1275 0.0045 -0.038 0.1275 0.004 -0.038 0.128 0.004 -0.038 0.1275 0.003 -0.038 0.129 0.004 -0.038 0.129 0.003 -0.038 0.13 0.0025 -0.038 0.13 0.003 -0.038 0.1295 0.0035 -0.038 0.1285 0.0025 -0.038 0.13 0.001 -0.038 0.1305 0.002 -0.038 0.13 0.001 -0.038 0.13 0.002 -0.038 0.1295 0.0015 -0.038 0.1295 0.0005 -0.038 0.1305 -0.0005 -0.038 0.1305 -0.0005 -0.038 0.13 0 -0.038 0.13 0.0005 -0.038 0.13 -0.003 -0.038 0.13 -0.0015 -0.038 0.1305 -0.001 -0.038 0.1305 -0.0025 -0.038 0.13 -0.0015 -0.038 0.13 -0.002 -0.038 0.1295 -0.0015 -0.038 0.1295 -0.0035 -0.038 0.1285 -0.003 -0.038 0.13 -0.003 -0.038 0.129 -0.004 -0.038 0.129 -0.0045 -0.038 0.129 -0.003 -0.038 0.1295 -0.0045 -0.038 0.1285 -0.0055 -0.038 0.1275 -0.005 -0.038 0.1275 -0.0045 -0.038 0.128 -0.0045 -0.038 0.1275 -0.0055 -0.038 0.127 -0.006 -0.038 0.1255 -0.0055 -0.038 0.1255 -0.005 -0.038 0.126 -0.0055 -0.038 0.1265 -0.005 -0.038 0.1265 -0.0055 -0.038 0.126 -0.006 -0.038 0.125 -0.006 -0.038 0.124 -0.0055 -0.038 0.1245 -0.0055 -0.038 0.124 -0.0055 -0.038 0.125 0 -0.032 0.119 0.0005 -0.038 0.119 0 -0.038 0.119 0.0005 -0.032 0.119 -0.0005 -0.032 0.119 -0.0005 -0.038 0.119 0.0005 -0.038 0.1185 0.0005 -0.032 0.1185 -0.0005 -0.032 0.1185 -0.0005 -0.038 0.1185 -0.0015 -0.038 0.119 -0.0015 -0.032 0.119 -0.002 -0.038 0.1195 -0.002 -0.032 0.1195 -0.0025 -0.032 0.119 -0.0025 -0.038 0.119 -0.0035 -0.038 0.12 -0.0035 -0.032 0.12 -0.004 -0.032 0.12 -0.003 -0.038 0.12 -0.003 -0.032 0.12 -0.003 -0.038 0.1195 -0.003 -0.032 0.1195 -0.004 -0.038 0.12 -0.0045 -0.032 0.121 -0.0045 -0.038 0.1205 -0.0045 -0.038 0.121 -0.005 -0.032 0.1215 -0.005 -0.038 0.1215 -0.0045 -0.032 0.1215 -0.0045 -0.038 0.1215 -0.0045 -0.032 0.1205 -0.005 -0.038 0.1225 -0.005 -0.032 0.123 -0.005 -0.032 0.1225 -0.0055 -0.038 0.123 -0.006 -0.032 0.123 -0.0055 -0.032 0.123 -0.005 -0.038 0.123 -0.0055 -0.038 0.1225 -0.0055 -0.032 0.1225 -0.0055 -0.038 0.122 -0.0055 -0.032 0.122 -0.006 -0.038 0.123 -0.0055 -0.038 0.1245 -0.0055 -0.032 0.125 -0.0055 -0.032 0.1245 -0.006 -0.032 0.125 -0.0055 -0.038 0.125 -0.006 -0.038 0.125 -0.0055 -0.038 0.124 -0.0055 -0.032 0.124 -0.006 -0.038 0.124 -0.006 -0.032 0.124 -0.0055 -0.032 0.1265 -0.005 -0.038 0.1265 -0.0055 -0.038 0.1265 -0.0055 -0.032 0.127 -0.005 -0.032 0.1265 -0.005 -0.038 0.126 -0.0055 -0.032 0.1255 -0.006 -0.038 0.1255 -0.0055 -0.038 0.1255 -0.006 -0.032 0.1255 -0.0055 -0.032 0.126 -0.0055 -0.038 0.126 -0.005 -0.032 0.126 -0.0055 -0.038 0.127 -0.0055 -0.032 0.127 -0.0055 -0.038 0.1275 -0.0055 -0.032 0.1275 -0.0055 -0.038 0.127 -0.0045 -0.032 0.1285 -0.0045 -0.038 0.128 -0.0045 -0.038 0.1285 -0.0045 -0.032 0.128 -0.0045 -0.038 0.1275 -0.0045 -0.032 0.1275 -0.005 -0.038 0.1275 -0.005 -0.032 0.1275 -0.0045 -0.038 0.129 -0.0045 -0.032 0.1285 -0.0045 -0.038 0.1285 -0.0045 -0.032 0.129 -0.003 -0.032 0.1295 -0.003 -0.038 0.129 -0.003 -0.038 0.1295 -0.003 -0.032 0.129 -0.0035 -0.032 0.1285 -0.004 -0.038 0.129 -0.0035 -0.038 0.1285 -0.004 -0.032 0.129 -0.0025 -0.038 0.13 -0.002 -0.032 0.1295 -0.0025 -0.032 0.13 -0.0015 -0.032 0.13 -0.0015 -0.038 0.13 -0.0015 -0.038 0.1295 -0.0015 -0.032 0.1295 -0.002 -0.038 0.1295 0.0005 -0.038 0.13 0.0005 -0.032 0.1305 0.0005 -0.032 0.13 0 -0.038 0.13 0 -0.032 0.13 -0.0005 -0.038 0.13 -0.0005 -0.032 0.13 0.0005 -0.038 0.1305 -0.0005 -0.038 0.1305 -0.0005 -0.032 0.1305 0.002 -0.038 0.1295 0.002 -0.032 0.13 0.002 -0.032 0.1295 0.002 -0.038 0.13 0.0015 -0.038 0.1295 0.0015 -0.032 0.1295 0.001 -0.032 0.13 0.001 -0.038 0.13 0.003 -0.032 0.129 0.003 -0.038 0.1295 0.003 -0.038 0.129 0.003 -0.032 0.1295 0.004 -0.032 0.129 0.0035 -0.038 0.1285 0.004 -0.038 0.129 0.0035 -0.032 0.1285 0.0045 -0.038 0.1285 0.004 -0.032 0.129 0.004 -0.038 0.129 0.0045 -0.032 0.1285 0.0045 -0.038 0.1275 0.0045 -0.032 0.1275 0.005 -0.032 0.1275 0.005 -0.038 0.1275 0.004 -0.038 0.1275 0.004 -0.032 0.128 0.004 -0.038 0.128 0.0045 -0.038 0.1285 0.0045 -0.032 0.1285 0.004 -0.032 0.1275 0.0055 -0.032 0.1275 0.0055 -0.038 0.127 0.0055 -0.032 0.127 0.0055 -0.038 0.1275 0.0055 -0.032 0.1255 0.0055 -0.038 0.1255 0.005 -0.038 0.126 0.005 -0.032 0.126 0.005 -0.038 0.1265 0.005 -0.032 0.1265 0.005 -0.038 0.127 0.005 -0.032 0.127 0.0055 -0.032 0.125 0.0055 -0.038 0.125 0.0055 -0.038 0.124 0.0055 -0.032 0.124 0.005 -0.038 0.1245 0.005 -0.032 0.1245 0.0055 -0.038 0.1245 0.0055 -0.032 0.1245 0.005 -0.038 0.123 0.005 -0.032 0.1225 0.005 -0.032 0.123 0.0055 -0.038 0.123 0.0055 -0.032 0.123 0.005 -0.038 0.1225 0.005 -0.032 0.122 0.005 -0.038 0.122 0.004 -0.038 0.1215 0.004 -0.032 0.121 0.004 -0.032 0.1215 0.004 -0.038 0.121 0.0045 -0.032 0.1205 0.0045 -0.038 0.1215 0.0045 -0.032 0.1215 0.005 -0.038 0.1215 0.0045 -0.038 0.1205 0.005 -0.032 0.1215 0.004 -0.038 0.12 0.0045 -0.032 0.12 0.0045 -0.038 0.12 0.004 -0.032 0.12 0.003 -0.038 0.12 0.003 -0.032 0.12 0.0035 -0.038 0.12 0.0035 -0.032 0.12 0.003 -0.032 0.1195 0.003 -0.038 0.1195 0.004 -0.038 0.12 0.004 -0.032 0.12 0.0015 -0.038 0.119 0.001 -0.032 0.119 0.0015 -0.032 0.119 0.001 -0.038 0.119 0.0015 -0.038 0.1195 0.0015 -0.032 0.1195 0.002 -0.038 0.1195 0.002 -0.032 0.1195 0.002 -0.038 0.119 0.002 -0.032 0.119 0.0005 -0.038 0.1305 0.0005 -0.032 0.1305 0.001 -0.038 0.1305 0.001 -0.032 0.1305 0.006 -0.032 0.1235 0.006 -0.038 0.1235 0.006 -0.032 0.124 0.006 -0.038 0.124 0.0055 -0.032 0.124 0.0055 -0.038 0.124 0.0055 -0.032 0.122 0.0055 -0.038 0.122 0.005 -0.032 0.122 0.0055 -0.038 0.1215 0.0055 -0.032 0.1215 0.005 -0.038 0.122 0.0045 -0.032 0.1205 0.0045 -0.038 0.1205 0.0045 -0.038 0.12 0.0045 -0.032 0.12 0.003 -0.032 0.119 0.0025 -0.038 0.119 0.0025 -0.032 0.119 0.003 -0.038 0.119 0.003 -0.038 0.1195 0.003 -0.032 0.1195 0.001 -0.032 0.1185 0.001 -0.038 0.1185 0.001 -0.032 0.119 0.001 -0.038 0.119 -0.0005 -0.038 0.1185 -0.0005 -0.032 0.1185 -0.001 -0.038 0.1185 -0.001 -0.032 0.1185 -0.0025 -0.032 0.119 -0.0025 -0.038 0.119 -0.003 -0.038 0.119 -0.003 -0.032 0.119 -0.0045 -0.038 0.12 -0.004 -0.032 0.12 -0.004 -0.038 0.12 -0.0045 -0.032 0.12 -0.0055 -0.038 0.1215 -0.005 -0.032 0.1215 -0.005 -0.038 0.1215 -0.0055 -0.032 0.1215 -0.006 -0.032 0.123 -0.006 -0.038 0.123 -0.006 -0.038 0.1235 -0.006 -0.032 0.1235 -0.006 -0.032 0.125 -0.006 -0.038 0.125 -0.006 -0.038 0.1255 -0.006 -0.032 0.1255 -0.003 -0.038 0.13 -0.003 -0.032 0.1295 -0.003 -0.032 0.13 -0.003 -0.038 0.1295 -0.0015 -0.032 0.13 -0.0015 -0.038 0.1305 -0.0015 -0.032 0.1305 -0.0015 -0.038 0.13 -0.001 -0.038 0.1305 -0.001 -0.032 0.1305 0.0025 -0.032 0.13 0.0025 -0.038 0.13 0.002 -0.032 0.13 0.002 -0.038 0.13 0.0055 -0.038 0.1275 0.005 -0.032 0.1275 0.005 -0.038 0.1275 0.0055 -0.032 0.1275 0.0055 -0.038 0.1255 0.0055 -0.032 0.1255 0.006 -0.038 0.1255 0.006 -0.032 0.1255 0.0055 -0.038 0.127 0.0055 -0.032 0.127 0.005 -0.038 0.127 0.005 -0.032 0.127 0.006 -0.032 0.125 0.006 -0.038 0.125 0.0055 -0.038 0.125 0.0055 -0.032 0.125 0.006 -0.038 0.1255 0.006 -0.032 0.1255 0.0055 -0.032 0.123 0.0055 -0.038 0.123 0.006 -0.032 0.1235 0.006 -0.038 0.1235 0.005 -0.038 0.1215 0.0055 -0.038 0.1215 0.005 -0.032 0.1215 0.0055 -0.032 0.1215 0.0025 -0.038 0.119 0.0025 -0.032 0.119 0.002 -0.038 0.119 0.002 -0.032 0.119 0.0005 -0.038 0.1185 0.001 -0.038 0.1185 0.0005 -0.032 0.1185 0.001 -0.032 0.1185 -0.001 -0.038 0.1185 -0.0015 -0.032 0.1185 -0.001 -0.032 0.1185 -0.0015 -0.038 0.1185 -0.0015 -0.038 0.119 -0.0015 -0.032 0.119 -0.003 -0.038 0.1195 -0.003 -0.032 0.1195 -0.003 -0.032 0.119 -0.003 -0.038 0.119 -0.0045 -0.038 0.1205 -0.0045 -0.032 0.1205 -0.0045 -0.038 0.12 -0.0045 -0.032 0.12 -0.0055 -0.038 0.1215 -0.0055 -0.032 0.122 -0.0055 -0.032 0.1215 -0.0055 -0.038 0.122 -0.006 -0.038 0.1235 -0.006 -0.032 0.1235 -0.006 -0.032 0.124 -0.006 -0.038 0.124 -0.0055 -0.032 0.1275 -0.0055 -0.038 0.1275 -0.005 -0.038 0.1275 -0.005 -0.032 0.1275 -0.0045 -0.038 0.129 -0.004 -0.032 0.129 -0.0045 -0.032 0.129 -0.004 -0.038 0.129 -0.003 -0.038 0.13 -0.0025 -0.032 0.13 -0.003 -0.032 0.13 -0.0025 -0.038 0.13 -0.0005 -0.032 0.1305 -0.0005 -0.038 0.1305 -0.001 -0.032 0.1305 -0.001 -0.038 0.1305 0.001 -0.038 0.1305 0.001 -0.032 0.1305 0.001 -0.038 0.13 0.001 -0.032 0.13 0.0025 -0.038 0.13 0.003 -0.032 0.13 0.0025 -0.032 0.13 0.003 -0.038 0.1295 0.003 -0.032 0.1295 0.003 -0.038 0.13 -0.008 -0.0425 0.126 -0.007 -0.038 0.1285 -0.008 -0.0435 0.126 -0.007 -0.047 0.1285 -0.008 -0.043 0.126 -0.004 -0.047 0.1315 -0.004 -0.038 0.1315 0 -0.047 0.1325 0 -0.038 0.1325 0.004 -0.047 0.1315 0.004 -0.038 0.1315 0.007 -0.047 0.1285 0.007 -0.038 0.1285 0.008 -0.047 0.1245 0.008 -0.038 0.1245 0.007 -0.047 0.1205 0.007 -0.038 0.1205 0.004 -0.047 0.1175 0.004 -0.038 0.1175 -0.004 -0.038 0.1175 -0.007 -0.047 0.1205 -0.007 -0.038 0.1205 0 -0.047 0.1165 -0.0005 -0.045 0.1165 0 -0.045 0.1165 0 -0.038 0.1165 0.0005 -0.0415 0.1165 0 -0.0415 0.1165 -0.008 -0.047 0.1245 -0.008 -0.045 0.125 -0.008 -0.045 0.1245 -0.008 -0.038 0.1245 -0.008 -0.0415 0.124 -0.008 -0.0415 0.1245 -0.008 -0.0445 0.1235 -0.008 -0.044 0.123 -0.008 -0.045 0.124 -0.008 -0.0425 0.123 -0.008 -0.0435 0.123 -0.008 -0.043 0.1225 -0.008 -0.0415 0.1235 -0.008 -0.0415 0.1255 -0.008 -0.0415 0.125 -0.008 -0.044 0.126 -0.004 -0.047 0.1175 -0.001 -0.0445 0.1165 -0.0015 -0.044 0.1165 -0.002 -0.0435 0.1165 -0.002 -0.043 0.1165 -0.002 -0.0425 0.1165 -0.0015 -0.0425 0.1165 -0.0005 -0.0415 0.1165 -0.001 -0.0415 0.1165 0.001 -0.0415 0.1165 0.0015 -0.0425 0.1165 0.0015 -0.043 0.1165 0.0015 -0.0435 0.1165 0.0015 -0.044 0.1165 0.0005 -0.045 0.1165 0.001 -0.0445 0.1165 -0.008 -0.0445 0.1255 0 -0.047 0.1165 0.0015 -0.047 0.1215 0 -0.047 0.121 0.003 -0.047 0.123 0.004 -0.047 0.1175 0.0065 -0.047 0.1205 0.003 -0.047 0.1245 0.0075 -0.047 0.1245 0 -0.047 0.132 -0.002 -0.047 0.1275 0 -0.047 0.1275 -0.003 -0.047 0.126 -0.004 -0.047 0.131 -0.007 -0.047 0.1285 0.004 -0.047 0.131 0.0015 -0.047 0.1275 -0.004 -0.047 0.1175 -0.007 -0.047 0.1205 -0.002 -0.047 0.1215 -0.003 -0.047 0.123 -0.0035 -0.047 0.1245 -0.008 -0.047 0.1245 0.003 -0.047 0.126 0.0065 -0.047 0.1285 0.007 -0.038 0.1205 0.006 -0.038 0.1245 0.008 -0.038 0.1245 -0.0055 -0.038 0.1275 -0.004 -0.038 0.1315 -0.0035 -0.038 0.13 0 -0.038 0.1325 0 -0.038 0.131 0.004 -0.038 0.1315 0.003 -0.038 0.13 0.0055 -0.038 0.1215 0.004 -0.038 0.1175 0.003 -0.038 0.119 0 -0.038 0.1165 0 -0.038 0.118 -0.0035 -0.038 0.119 -0.007 -0.038 0.1205 -0.0055 -0.038 0.1215 -0.0065 -0.038 0.1245 -0.007 -0.038 0.1285 0.007 -0.038 0.1285 0.0055 -0.038 0.1275 -0.004 -0.038 0.1175 -0.008 -0.038 0.1245 0.008 -0.032 0.1245 0.007 -0.0315 0.1285 0.007 -0.032 0.1285 0.004 -0.0315 0.1315 0.004 -0.032 0.1315 0 -0.0315 0.1325 0 -0.032 0.1325 0.008 -0.0315 0.1245 -0.004 -0.0315 0.1315 -0.007 -0.0315 0.1285 -0.004 -0.032 0.1315 -0.008 -0.0315 0.1245 -0.007 -0.032 0.1285 -0.007 -0.0315 0.1205 -0.008 -0.032 0.1245 -0.004 -0.0315 0.1175 -0.007 -0.032 0.1205 0 -0.0315 0.1165 -0.004 -0.032 0.1175 0.004 -0.0315 0.1175 0 -0.032 0.1165 0.007 -0.0315 0.1205 0.004 -0.032 0.1175 0.007 -0.032 0.1205 -0.004 -0.031 0.1175 -0.003 -0.031 0.123 -0.002 -0.031 0.1215 -0.003 -0.031 0.126 -0.008 -0.031 0.1245 -0.007 -0.031 0.1285 -0.002 -0.031 0.1275 -0.004 -0.031 0.131 -0.007 -0.031 0.1205 -0.0035 -0.031 0.1245 0 -0.031 0.1165 0 -0.031 0.121 0 -0.031 0.1275 0 -0.031 0.132 0.0015 -0.031 0.1275 0.004 -0.031 0.131 0.003 -0.031 0.126 0.0065 -0.031 0.1285 0.003 -0.031 0.1245 0.0075 -0.031 0.1245 0.003 -0.031 0.123 0.0065 -0.031 0.1205 0.0015 -0.031 0.1215 0.004 -0.031 0.1175 -0.006 -0.032 0.1255 -0.0055 -0.032 0.127 -0.005 -0.032 0.1275 -0.0045 -0.032 0.128 -0.0045 -0.032 0.1285 -0.007 -0.032 0.1285 -0.004 -0.032 0.129 -0.003 -0.032 0.129 -0.003 -0.032 0.1295 -0.004 -0.032 0.1315 -0.003 -0.032 0.13 -0.0025 -0.032 0.13 0 -0.032 0.1325 -0.001 -0.032 0.1305 -0.0005 -0.032 0.1305 0.0005 -0.032 0.1305 0 -0.032 0.13 0.0005 -0.032 0.13 0.0045 -0.032 0.1215 0.004 -0.032 0.121 0.0045 -0.032 0.1205 0.005 -0.032 0.1215 0.007 -0.032 0.1205 0.0055 -0.032 0.1215 0.0055 -0.032 0.123 0.005 -0.032 0.1225 0.0055 -0.032 0.124 0.0055 -0.032 0.125 0.0055 -0.032 0.127 0.0055 -0.032 0.1255 0.006 -0.032 0.1255 0.0025 -0.032 0.13 -0.007 -0.032 0.1205 -0.0045 -0.032 0.1205 -0.003 -0.032 0.1195 -0.004 -0.032 0.12 -0.004 -0.032 0.1175 -0.0025 -0.032 0.119 -0.003 -0.032 0.119 -0.0015 -0.032 0.1185 -0.0005 -0.032 0.1185 0.0005 -0.032 0.1185 0 -0.032 0.1165 0.001 -0.032 0.1185 0.002 -0.032 0.119 0.001 -0.032 0.119 0.0025 -0.032 0.119 0.004 -0.032 0.1175 0.004 -0.032 0.12 0.001 -0.032 0.1305 0.004 -0.032 0.1315 0.005 -0.032 0.122 0.006 -0.032 0.1235 0.008 -0.032 0.1245 0.005 -0.032 0.1245 0.003 -0.032 0.1295 0.004 -0.032 0.129 -0.008 -0.032 0.1245 -0.0015 -0.032 0.119 0.0035 -0.032 0.1285 0.003 -0.032 0.129 0.0045 -0.032 0.1285 0.005 -0.032 0.1275 0.0055 -0.032 0.1275 0.007 -0.032 0.1285 0.005 -0.032 0.1265 0.0035 -0.032 0.12 0.003 -0.032 0.1195 0.002 -0.032 0.1195 0.0015 -0.032 0.1195 0.0015 -0.032 0.119 -0.002 -0.032 0.1195 -0.0035 -0.032 0.12 -0.003 -0.032 0.12 -0.005 -0.032 0.1215 -0.0005 -0.032 0.119 0.003 -0.032 0.119 0.0055 -0.032 0.122 0.006 -0.032 0.125 0.006 -0.032 0.124 -0.0055 -0.032 0.1215 -0.006 -0.032 0.123 -0.0055 -0.032 0.122 -0.006 -0.032 0.1235 -0.006 -0.032 0.125 -0.006 -0.032 0.124 -0.0055 -0.032 0.1265 -0.0045 -0.032 0.1275 -0.0045 -0.032 0.129 -0.0035 -0.032 0.1285 -0.0015 -0.032 0.13 -0.0015 -0.032 0.1305 -0.0005 -0.032 0.13 0 -0.032 0.119 -0.001 -0.032 0.1185 0.005 -0.032 0.123 0.005 -0.032 0.127 0.005 -0.032 0.126 0.003 -0.032 0.12 -0.0045 -0.032 0.121 -0.0055 -0.032 0.125 -0.005 -0.032 0.1265 -0.0015 -0.032 0.1295 0.001 -0.032 0.13 0.004 -0.032 0.128 0.0045 -0.032 0.1275 0.003 -0.032 0.13 0.002 -0.032 0.13 -0.0045 -0.032 0.12 -0.0045 -0.032 0.1215 -0.005 -0.032 0.1225 -0.0055 -0.032 0.123 -0.0055 -0.032 0.1245 -0.0055 -0.032 0.124 -0.005 -0.032 0.126 -0.0055 -0.032 0.1255 -0.0055 -0.032 0.126 0.002 -0.032 0.1295 -0.0055 -0.032 0.1225 -0.002 -0.032 0.1295 0.004 -0.032 0.1275 -0.0055 -0.032 0.1275 -0.005 -0.032 0.123 0.0015 -0.032 0.1295 0.0005 -0.032 0.119 0.0055 -0.032 0.1245 0.0045 -0.032 0.12 0.004 -0.032 0.1215 0.0025 -0.0315 0.123 0.0015 -0.0425 0.122 0.0015 -0.043 0.122 -0.003 -0.045 0.125 -0.003 -0.047 0.1245 -0.003 -0.045 0.1245 -0.0025 -0.047 0.126 -0.003 -0.0445 0.1255 -0.0025 -0.0425 0.126 -0.0015 -0.0315 0.127 -0.0025 -0.043 0.126 -0.0015 -0.047 0.127 -0.0025 -0.044 0.126 -0.0025 -0.0435 0.126 -0.003 -0.0415 0.1245 -0.0025 -0.0315 0.126 -0.003 -0.0415 0.125 -0.003 -0.0415 0.1255 -0.0025 -0.0315 0.123 -0.003 -0.0315 0.1245 -0.003 -0.0415 0.124 -0.003 -0.0415 0.1235 -0.0015 -0.0425 0.122 -0.0025 -0.0425 0.123 -0.002 -0.043 0.122 -0.0025 -0.043 0.1225 -0.0025 -0.043 0.123 -0.0025 -0.044 0.123 -0.0015 -0.047 0.122 -0.0015 -0.044 0.122 -0.0025 -0.0435 0.123 -0.002 -0.0435 0.122 -0.0025 -0.047 0.123 -0.003 -0.045 0.124 -0.003 -0.0445 0.1235 -0.0015 -0.0315 0.122 0.0015 -0.0315 0.122 0.0025 -0.047 0.123 0.0015 -0.044 0.122 0.0015 -0.047 0.122 0.001 -0.0415 0.1215 0 -0.0415 0.1215 0 -0.0315 0.1215 -0.001 -0.0445 0.1215 0 -0.047 0.1215 0.0005 -0.045 0.1215 0 -0.045 0.1215 0 -0.047 0.1275 0 -0.0315 0.1275 0.0015 -0.047 0.127 0.0015 -0.0315 0.127 0.0025 -0.047 0.126 0.0025 -0.0315 0.126 0.003 -0.047 0.1245 0.003 -0.0315 0.1245 0.0015 -0.0435 0.122 0.0005 -0.0415 0.1215 -0.001 -0.0415 0.1215 -0.0005 -0.0415 0.1215 -0.0005 -0.045 0.1215 0.001 -0.0445 0.1215 0 -0.047 0.132 -0.004 -0.047 0.1315 -0.004 -0.047 0.131 0.004 -0.047 0.131 0 -0.047 0.1325 0.0065 -0.047 0.1285 0.004 -0.047 0.1315 -0.007 -0.047 0.1285 0.007 -0.047 0.1285 0.0075 -0.047 0.1245 0.008 -0.047 0.1245 0.0065 -0.047 0.1205 0.007 -0.047 0.1205 0.004 -0.047 0.1175 0 -0.047 0.121 0.0015 -0.047 0.122 0 -0.047 0.1215 0.0015 -0.047 0.1215 0.0025 -0.047 0.123 0.003 -0.047 0.123 0.003 -0.047 0.1245 -0.002 -0.047 0.1215 -0.0015 -0.047 0.122 -0.003 -0.047 0.123 0.0025 -0.047 0.126 0.003 -0.047 0.126 -0.0025 -0.047 0.123 -0.0035 -0.047 0.1245 -0.003 -0.047 0.1245 -0.003 -0.047 0.126 -0.0025 -0.047 0.126 0.0015 -0.047 0.127 0.0015 -0.047 0.1275 0 -0.047 0.1275 -0.0015 -0.047 0.127 -0.002 -0.047 0.1275 -0.004 -0.0315 0.1315 -0.007 -0.031 0.1285 -0.007 -0.0315 0.1285 0.004 -0.031 0.131 0.007 -0.0315 0.1285 0.0065 -0.031 0.1285 0 -0.031 0.132 0.004 -0.0315 0.1315 -0.004 -0.031 0.131 0 -0.0315 0.1325 -0.008 -0.031 0.1245 -0.007 -0.031 0.1205 -0.008 -0.0315 0.1245 -0.004 -0.031 0.1175 -0.007 -0.0315 0.1205 0 -0.031 0.1165 -0.004 -0.0315 0.1175 0.004 -0.031 0.1175 0 -0.0315 0.1165 0.0065 -0.031 0.1205 0.004 -0.0315 0.1175 0.008 -0.0315 0.1245 0.0075 -0.031 0.1245 0.007 -0.0315 0.1205 -0.0025 -0.0315 0.126 -0.0035 -0.031 0.1245 -0.003 -0.031 0.126 -0.0025 -0.0315 0.123 -0.002 -0.031 0.1215 -0.003 -0.031 0.123 -0.0015 -0.0315 0.122 0 -0.031 0.121 0 -0.0315 0.1215 0.0015 -0.031 0.1215 0.0015 -0.0315 0.122 0.003 -0.031 0.123 -0.003 -0.0315 0.1245 0.0025 -0.0315 0.123 0.003 -0.031 0.1245 0.003 -0.0315 0.1245 0.003 -0.031 0.126 0.0025 -0.0315 0.126 0.0015 -0.031 0.1275 0.0015 -0.0315 0.127 0 -0.031 0.1275 0 -0.0315 0.1275 -0.002 -0.031 0.1275 -0.0015 -0.0315 0.127 -0.008 -0.043 0.126 -0.0025 -0.043 0.126 -0.008 -0.045 0.124 -0.003 -0.045 0.124 -0.008 -0.0445 0.1235 -0.003 -0.0445 0.1235 -0.008 -0.044 0.123 -0.0025 -0.044 0.123 -0.008 -0.0435 0.123 -0.008 -0.043 0.1225 -0.0025 -0.0425 0.123 -0.008 -0.0425 0.123 -0.003 -0.0415 0.1235 -0.008 -0.0415 0.1235 -0.008 -0.0415 0.124 -0.003 -0.0415 0.124 -0.003 -0.0415 0.1245 -0.008 -0.0415 0.1255 -0.003 -0.0415 0.125 -0.003 -0.0415 0.1255 -0.008 -0.0425 0.126 -0.0025 -0.0425 0.126 -0.0025 -0.044 0.126 -0.008 -0.0435 0.126 -0.008 -0.044 0.126 -0.003 -0.0445 0.1255 -0.008 -0.0445 0.1255 -0.008 -0.045 0.125 -0.003 -0.045 0.125 -0.003 -0.045 0.1245 -0.008 -0.045 0.1245 -0.0025 -0.0435 0.126 -0.008 -0.0415 0.125 -0.008 -0.0415 0.1245 -0.0025 -0.043 0.123 -0.0025 -0.043 0.1225 -0.0025 -0.0435 0.123 -0.0015 -0.044 0.1165 -0.001 -0.0445 0.1215 -0.001 -0.0445 0.1165 0.0015 -0.0425 0.122 0.0015 -0.043 0.1165 0.0015 -0.043 0.122 -0.001 -0.0415 0.1215 -0.0015 -0.0425 0.1165 -0.001 -0.0415 0.1165 0.0015 -0.0425 0.1165 0.001 -0.0415 0.1215 -0.0015 -0.0425 0.122 -0.002 -0.043 0.1165 -0.002 -0.0425 0.1165 -0.002 -0.043 0.122 -0.0015 -0.044 0.122 -0.002 -0.0435 0.122 -0.002 -0.0435 0.1165 -0.0005 -0.045 0.1215 -0.0005 -0.045 0.1165 0 -0.045 0.1215 0 -0.045 0.1165 0.0005 -0.0415 0.1215 0.0005 -0.0415 0.1165 0.001 -0.0415 0.1165 0 -0.0415 0.1215 0 -0.0415 0.1165 -0.0005 -0.0415 0.1215 -0.0005 -0.0415 0.1165 0.0005 -0.045 0.1215 0.0005 -0.045 0.1165 0.001 -0.0445 0.1165 0.001 -0.0445 0.1215 0.0015 -0.044 0.1165 0.0015 -0.044 0.122 0.0015 -0.0435 0.1165 0.0015 -0.0435 0.122 0.0035 -0.038 0.1195 0.0025 -0.038 0.119 0.004 -0.038 0.12 -0.005 -0.038 0.121 -0.0045 -0.038 0.12 -0.0055 -0.038 0.1215 -0.0035 -0.038 0.1295 -0.0045 -0.038 0.129 -0.003 -0.038 0.13 -0.0035 -0.038 0.13 -0.003 -0.038 0.13 -0.0035 -0.038 0.1295 -0.001 -0.038 0.1305 0 -0.038 0.131 0.0045 -0.038 0.129 0.005 -0.038 0.128 0.0045 -0.038 0.1285 0.0055 -0.038 0.1275 0.0055 -0.038 0.127 0.006 -0.038 0.1235 0.0055 -0.038 0.1215 -0.0055 -0.038 0.1275 -0.0045 -0.038 0.1285 0.001 -0.038 0.1305 0.003 -0.038 0.13 0.0025 -0.038 0.13 0.006 -0.038 0.1255 0.006 -0.038 0.1245 -0.0045 -0.038 0.129 0.004 -0.038 0.129 0.0035 -0.038 0.1195 0.0045 -0.038 0.12 0.003 -0.038 0.119 0.004 -0.038 0.12 0.0025 -0.038 0.119 0.001 -0.038 0.1185 0 -0.038 0.118 -0.001 -0.038 0.1185 -0.0035 -0.038 0.119 -0.003 -0.038 0.119 -0.005 -0.038 0.121 -0.0045 -0.038 0.12 -0.0055 -0.038 0.1215 -0.006 -0.038 0.1255 -0.0055 -0.038 0.127 -0.006 -0.038 0.1235 -0.0065 -0.038 0.1245 -0.0045 -0.038 0.12 -0.0035 -0.038 0.119 -0.0055 -0.038 0.1215 0.003 -0.038 0.13 0.0045 -0.038 0.129 0.0055 -0.038 0.1275 -0.0035 -0.038 0.13 -0.0055 -0.038 0.1275 0.003 -0.038 0.119 0.0055 -0.038 0.1215 0.0045 -0.038 0.12 -0.0045 -0.038 0.129 -0.0015 -0.035 0.1235 -0.0025 -0.0355 0.1245 -0.002 -0.035 0.1245 -0.001 -0.035 0.123 -0.002 -0.0355 0.123 0 -0.035 0.1225 -0.0015 -0.0355 0.1225 0.001 -0.035 0.123 0 -0.0355 0.122 0.0015 -0.035 0.1235 0.002 -0.0355 0.1245 0.002 -0.0355 0.123 0.001 -0.0355 0.1225 0.002 -0.035 0.1245 0.002 -0.05 0.1255 0.002 -0.05 0.123 0.0025 -0.05 0.1245 0.002 -0.0355 0.1245 0.002 -0.05 0.123 0.002 -0.0355 0.123 0.002 -0.0355 0.126 0.002 -0.0355 0.1255 0.002 -0.05 0.126 0 -0.061 0.127 -0.002 -0.061 0.123 0.001 -0.061 0.1265 0.002 -0.061 0.123 0.002 -0.061 0.1255 0.001 -0.061 0.1225 -0.0015 -0.061 0.1225 0.0025 -0.061 0.1245 -0.0015 -0.061 0.1265 -0.0025 -0.061 0.1245 0 -0.061 0.122 0.001 -0.035 0.126 -0.002 -0.035 0.1245 0 -0.035 0.1265 -0.001 -0.035 0.123 0.001 -0.035 0.123 0 -0.035 0.1225 0.002 -0.035 0.1245 -0.0015 -0.035 0.1235 -0.0015 -0.035 0.1255 -0.001 -0.035 0.126 0.0015 -0.035 0.1235 0.0015 -0.035 0.1255 0.001 -0.0355 0.1225 0 -0.061 0.122 0 -0.0355 0.122 -0.0015 -0.0355 0.1225 -0.002 -0.061 0.123 -0.002 -0.0355 0.123 -0.0015 -0.061 0.1225 -0.0025 -0.061 0.1245 0.001 -0.061 0.1225 0.002 -0.061 0.123 0.002 -0.05 0.123 0.0025 -0.05 0.1245 0.0025 -0.061 0.1245 0.002 -0.0355 0.123 -0.0025 -0.0355 0.1245 0.001 -0.0355 0.1265 0.002 -0.05 0.126 0.002 -0.0355 0.126 0.0025 -0.061 0.1245 0.002 -0.05 0.1255 0.002 -0.061 0.1255 0.001 -0.061 0.1265 -0.0015 -0.061 0.1265 -0.002 -0.0355 0.1255 -0.002 -0.061 0.1255 0 -0.061 0.127 -0.0015 -0.0355 0.1265 0 -0.0355 0.127 0.0025 -0.05 0.1245 -0.0025 -0.0355 0.1245 -0.0025 -0.061 0.1245 -0.001 -0.035 0.126 0 -0.0355 0.127 0 -0.035 0.1265 0.001 -0.035 0.126 0.002 -0.0355 0.126 0.0015 -0.035 0.1255 0.001 -0.0355 0.1265 -0.002 -0.035 0.1245 -0.002 -0.0355 0.1255 -0.0015 -0.035 0.1255 -0.0015 -0.0355 0.1265 -0.0025 -0.0355 0.1245 0.002 -0.0355 0.1255 0.002 -0.035 0.1245 0.002 -0.0355 0.1245 -0.021 -0.0895 0.137 -0.021 -0.067 0.1365 -0.021 -0.0895 0.1365 -0.021 -0.067 0.137 -0.0205 -0.0895 0.138 -0.0205 -0.067 0.138 -0.013 -0.067 0.145 -0.012 -0.0895 0.1455 -0.012 -0.067 0.1455 -0.0135 -0.067 0.145 -0.013 -0.0895 0.145 -0.0135 -0.0895 0.145 -0.012 -0.067 0.1035 -0.013 -0.0895 0.1035 -0.013 -0.067 0.1035 -0.0135 -0.0895 0.104 -0.0135 -0.067 0.104 -0.012 -0.0895 0.1035 -0.021 -0.0895 0.1115 -0.0205 -0.067 0.111 -0.0205 -0.0895 0.111 -0.021 -0.067 0.1115 -0.021 -0.0895 0.1125 -0.021 -0.067 0.1125 0.0125 -0.0895 0.1035 0.0135 -0.067 0.104 0.0135 -0.0895 0.104 0.012 -0.0895 0.1035 0.0125 -0.067 0.1035 0.012 -0.067 0.1035 0.0205 -0.067 0.1115 0.0205 -0.0895 0.111 0.0205 -0.067 0.111 0.021 -0.067 0.1125 0.0205 -0.0895 0.1115 0.021 -0.0895 0.1125 0.0125 -0.0895 0.145 0.012 -0.067 0.1455 0.012 -0.0895 0.1455 0.0125 -0.067 0.145 0.0135 -0.0895 0.145 0.0135 -0.067 0.145 0.0205 -0.067 0.138 0.0205 -0.0895 0.137 0.0205 -0.067 0.137 0.0205 -0.0895 0.138 0.021 -0.0895 0.1365 0.021 -0.067 0.1365 -0.024 -0.0985 0.1325 -0.0245 -0.096 0.1325 -0.0245 -0.0985 0.1325 -0.024 -0.096 0.1325 -0.025 -0.0985 0.132 -0.025 -0.096 0.1315 -0.025 -0.0985 0.1315 -0.025 -0.096 0.132 -0.025 -0.096 0.117 -0.025 -0.0985 0.1175 -0.025 -0.096 0.1175 -0.0245 -0.096 0.1165 -0.025 -0.0985 0.117 -0.024 -0.096 0.1165 -0.0245 -0.0985 0.1165 -0.024 -0.0985 0.1165 -0.025 -0.0955 0.1305 -0.025 -0.095 0.118 -0.025 -0.0955 0.118 -0.025 -0.095 0.1305 -0.021 -0.0955 0.1305 -0.025 -0.0955 0.118 -0.021 -0.0955 0.118 -0.025 -0.0955 0.1305 -0.025 -0.095 0.118 -0.021 -0.0955 0.118 -0.025 -0.0955 0.118 -0.021 -0.095 0.118 -0.025 -0.0955 0.1305 -0.021 -0.095 0.1305 -0.025 -0.095 0.1305 -0.021 -0.0955 0.1305 -0.027 -0.0915 0.1305 -0.027 -0.0925 0.1295 -0.027 -0.0925 0.1305 -0.027 -0.0915 0.1295 -0.0235 -0.0915 0.1305 -0.027 -0.0925 0.1305 -0.0235 -0.0925 0.1305 -0.027 -0.0915 0.1305 -0.0235 -0.0925 0.1305 -0.027 -0.0925 0.1295 -0.0235 -0.0925 0.1295 -0.027 -0.0925 0.1305 -0.0235 -0.0925 0.1295 -0.027 -0.0915 0.1295 -0.0235 -0.0915 0.1295 -0.027 -0.0925 0.1295 -0.027 -0.0915 0.1305 -0.0235 -0.0915 0.1295 -0.027 -0.0915 0.1295 -0.0235 -0.0915 0.1305 -0.027 -0.0915 0.1285 -0.027 -0.0925 0.1275 -0.027 -0.0925 0.1285 -0.027 -0.0915 0.1275 -0.027 -0.0925 0.1285 -0.0235 -0.0915 0.1285 -0.027 -0.0915 0.1285 -0.0235 -0.0925 0.1285 -0.0235 -0.0925 0.1285 -0.027 -0.0925 0.1275 -0.0235 -0.0925 0.1275 -0.027 -0.0925 0.1285 -0.0235 -0.0925 0.1275 -0.027 -0.0915 0.1275 -0.0235 -0.0915 0.1275 -0.027 -0.0925 0.1275 -0.0235 -0.0915 0.1275 -0.027 -0.0915 0.1285 -0.0235 -0.0915 0.1285 -0.027 -0.0915 0.1275 -0.027 -0.0925 0.1255 -0.027 -0.0915 0.1265 -0.027 -0.0915 0.1255 -0.027 -0.0925 0.1265 -0.027 -0.0925 0.1265 -0.0235 -0.0915 0.1265 -0.027 -0.0915 0.1265 -0.0235 -0.0925 0.1265 -0.0235 -0.0925 0.1265 -0.027 -0.0925 0.1255 -0.0235 -0.0925 0.1255 -0.027 -0.0925 0.1265 -0.0235 -0.0925 0.1255 -0.027 -0.0915 0.1255 -0.0235 -0.0915 0.1255 -0.027 -0.0925 0.1255 -0.0235 -0.0915 0.1255 -0.027 -0.0915 0.1265 -0.0235 -0.0915 0.1265 -0.027 -0.0915 0.1255 -0.027 -0.0925 0.1235 -0.027 -0.0915 0.1245 -0.027 -0.0915 0.1235 -0.027 -0.0925 0.1245 -0.027 -0.0925 0.1245 -0.0235 -0.0915 0.1245 -0.027 -0.0915 0.1245 -0.0235 -0.0925 0.1245 -0.0235 -0.0925 0.1245 -0.027 -0.0925 0.1235 -0.0235 -0.0925 0.1235 -0.027 -0.0925 0.1245 -0.0235 -0.0925 0.1235 -0.027 -0.0915 0.1235 -0.0235 -0.0915 0.1235 -0.027 -0.0925 0.1235 -0.0235 -0.0915 0.1235 -0.027 -0.0915 0.1245 -0.0235 -0.0915 0.1245 -0.027 -0.0915 0.1235 -0.027 -0.0915 0.1225 -0.027 -0.0925 0.1215 -0.027 -0.0925 0.1225 -0.027 -0.0915 0.1215 -0.027 -0.0925 0.1225 -0.0235 -0.0915 0.1225 -0.027 -0.0915 0.1225 -0.0235 -0.0925 0.1225 -0.0235 -0.0925 0.1225 -0.027 -0.0925 0.1215 -0.0235 -0.0925 0.1215 -0.027 -0.0925 0.1225 -0.0235 -0.0925 0.1215 -0.027 -0.0915 0.1215 -0.0235 -0.0915 0.1215 -0.027 -0.0925 0.1215 -0.027 -0.0915 0.1225 -0.0235 -0.0915 0.1215 -0.027 -0.0915 0.1215 -0.0235 -0.0915 0.1225 -0.027 -0.0915 0.1195 -0.027 -0.0925 0.1205 -0.027 -0.0915 0.1205 -0.027 -0.0925 0.1195 -0.027 -0.0915 0.1205 -0.0235 -0.0915 0.1195 -0.027 -0.0915 0.1195 -0.0235 -0.0915 0.1205 -0.027 -0.0925 0.1205 -0.0235 -0.0915 0.1205 -0.027 -0.0915 0.1205 -0.0235 -0.0925 0.1205 -0.0235 -0.0925 0.1205 -0.027 -0.0925 0.1195 -0.0235 -0.0925 0.1195 -0.027 -0.0925 0.1205 -0.0235 -0.0925 0.1195 -0.027 -0.0915 0.1195 -0.0235 -0.0915 0.1195 -0.027 -0.0925 0.1195 -0.027 -0.0895 0.128 -0.027 -0.0905 0.131 -0.027 -0.0895 0.132 -0.027 -0.0905 0.128 -0.027 -0.095 0.132 -0.027 -0.094 0.131 -0.027 -0.095 0.117 -0.027 -0.094 0.1175 -0.027 -0.0905 0.1175 -0.027 -0.0895 0.117 -0.027 -0.0895 0.121 -0.027 -0.0905 0.121 -0.027 -0.095 0.132 -0.021 -0.0895 0.132 -0.027 -0.0895 0.132 -0.021 -0.095 0.132 -0.027 -0.0895 0.117 -0.021 -0.095 0.117 -0.027 -0.095 0.117 -0.021 -0.0895 0.117 -0.021 -0.0895 0.117 -0.0235 -0.0895 0.125 -0.021 -0.0895 0.132 -0.0235 -0.0895 0.123 -0.027 -0.0895 0.132 -0.0235 -0.0895 0.128 -0.027 -0.0895 0.128 -0.027 -0.0895 0.117 -0.0235 -0.0895 0.121 -0.0235 -0.0895 0.127 -0.027 -0.0895 0.121 -0.025 -0.096 0.1175 -0.024 -0.096 0.1325 -0.024 -0.096 0.1165 -0.021 -0.096 0.1325 -0.021 -0.096 0.1165 -0.025 -0.096 0.132 -0.0245 -0.096 0.1325 -0.025 -0.096 0.1315 -0.025 -0.096 0.117 -0.0245 -0.096 0.1165 -0.021 -0.0985 0.1325 -0.024 -0.096 0.1325 -0.024 -0.0985 0.1325 -0.021 -0.096 0.1325 -0.025 -0.0985 0.1315 -0.025 -0.096 0.1175 -0.025 -0.0985 0.1175 -0.025 -0.096 0.1315 -0.024 -0.0985 0.1165 -0.021 -0.096 0.1165 -0.021 -0.0985 0.1165 -0.024 -0.096 0.1165 0.0185 -0.0965 0.109 0.0165 -0.0965 0.1095 0.017 -0.0965 0.109 0.017 -0.0965 0.1115 0.018 -0.0965 0.1105 0.014 -0.0965 0.1065 0.014 -0.0965 0.108 0.0125 -0.0965 0.1075 0.0165 -0.0965 0.108 0.018 -0.0965 0.1075 0.0125 -0.0965 0.1105 0.014 -0.0965 0.109 0.014 -0.0965 0.1095 0.016 -0.0965 0.1075 0.017 -0.0965 0.1065 0.0125 -0.0965 0.109 0.0145 -0.0965 0.1105 0.014 -0.0965 0.1115 0.0155 -0.0965 0.106 0.0145 -0.0965 0.1075 0.016 -0.0965 0.1105 0.0155 -0.0965 0.112 0.0155 -0.0965 0.1105 0.0155 -0.0965 0.1075 0.0125 -0.0985 0.1105 0.0125 -0.0965 0.109 0.0125 -0.0965 0.1105 0.014 -0.0985 0.1115 0.014 -0.0965 0.1115 0.0155 -0.0985 0.112 0.0155 -0.0965 0.112 0.017 -0.0985 0.1115 0.017 -0.0965 0.1115 0.018 -0.0985 0.1105 0.018 -0.0965 0.1105 0.0185 -0.0985 0.109 0.0185 -0.0965 0.109 0.0125 -0.0985 0.109 0.0185 -0.0965 0.14 0.0165 -0.0965 0.1405 0.017 -0.0965 0.14 0.0125 -0.0965 0.1415 0.0145 -0.0965 0.141 0.014 -0.0965 0.1425 0.0165 -0.0965 0.139 0.018 -0.0965 0.1385 0.0155 -0.0965 0.143 0.016 -0.0965 0.141 0.017 -0.0965 0.1425 0.016 -0.0965 0.1385 0.017 -0.0965 0.1375 0.0155 -0.0965 0.1415 0.018 -0.0965 0.1415 0.0155 -0.0965 0.137 0.0145 -0.0965 0.1385 0.014 -0.0965 0.1375 0.0155 -0.0965 0.1385 0.014 -0.0965 0.139 0.0125 -0.0965 0.1385 0.014 -0.0965 0.1405 0.0125 -0.0965 0.14 0.014 -0.0965 0.14 0.014 -0.0985 0.1425 0.0125 -0.0965 0.1415 0.014 -0.0965 0.1425 0.0125 -0.0965 0.14 0.0125 -0.0985 0.1415 0.0125 -0.0985 0.14 0.0155 -0.0965 0.143 0.017 -0.0985 0.1425 0.0155 -0.0985 0.143 0.017 -0.0965 0.1425 0.018 -0.0985 0.1415 0.018 -0.0965 0.1415 0.0185 -0.0985 0.14 0.0185 -0.0965 0.14 -0.0125 -0.0965 0.14 -0.0145 -0.0965 0.1405 -0.014 -0.0965 0.14 -0.017 -0.0965 0.1375 -0.017 -0.0965 0.139 -0.018 -0.0965 0.1385 -0.013 -0.0965 0.1385 -0.015 -0.0965 0.1385 -0.014 -0.0965 0.1375 -0.0185 -0.0965 0.14 -0.017 -0.0965 0.1405 -0.018 -0.0965 0.1415 -0.0145 -0.0965 0.139 -0.0155 -0.0965 0.137 -0.0165 -0.0965 0.1385 -0.017 -0.0965 0.14 -0.017 -0.0965 0.1425 -0.0165 -0.0965 0.141 -0.0155 -0.0965 0.1385 -0.0155 -0.0965 0.143 -0.015 -0.0965 0.141 -0.014 -0.0965 0.1425 -0.0155 -0.0965 0.1415 -0.013 -0.0965 0.1415 -0.018 -0.0965 0.1415 -0.017 -0.0985 0.1425 -0.018 -0.0985 0.1415 -0.017 -0.0965 0.1425 -0.0155 -0.0985 0.143 -0.0155 -0.0965 0.143 -0.014 -0.0985 0.1425 -0.0185 -0.0965 0.14 -0.0185 -0.0985 0.14 -0.014 -0.0965 0.1425 -0.013 -0.0985 0.1415 -0.013 -0.0965 0.1415 -0.0125 -0.0985 0.14 -0.0125 -0.0965 0.14 -0.017 -0.0965 0.1095 -0.0185 -0.0965 0.109 -0.017 -0.0965 0.109 -0.017 -0.0965 0.1115 -0.018 -0.0965 0.1105 -0.0155 -0.0965 0.112 -0.0165 -0.0965 0.1105 -0.0155 -0.0965 0.1105 -0.0145 -0.0965 0.1095 -0.014 -0.0965 0.1115 -0.015 -0.0965 0.1105 -0.014 -0.0965 0.109 -0.013 -0.0965 0.1105 -0.017 -0.0965 0.108 -0.017 -0.0965 0.1065 -0.0165 -0.0965 0.1075 -0.018 -0.0965 0.1075 -0.0155 -0.0965 0.106 -0.0155 -0.0965 0.1075 -0.015 -0.0965 0.1075 -0.014 -0.0965 0.1065 -0.013 -0.0965 0.1075 -0.0145 -0.0965 0.108 -0.0125 -0.0965 0.109 -0.018 -0.0985 0.1105 -0.0185 -0.0965 0.109 -0.018 -0.0965 0.1105 -0.017 -0.0985 0.1115 -0.017 -0.0965 0.1115 -0.0155 -0.0985 0.112 -0.0155 -0.0965 0.112 -0.014 -0.0985 0.1115 -0.014 -0.0965 0.1115 -0.013 -0.0985 0.1105 -0.013 -0.0965 0.1105 -0.0125 -0.0985 0.109 -0.0125 -0.0965 0.109 -0.0185 -0.0985 0.109 -0.0145 -0.059 0.1405 -0.014 -0.0965 0.14 -0.0145 -0.0965 0.1405 -0.0155 -0.059 0.1415 -0.015 -0.0965 0.141 -0.0155 -0.0965 0.1415 -0.0165 -0.059 0.141 -0.0165 -0.0965 0.141 -0.017 -0.059 0.1405 -0.017 -0.0965 0.1405 -0.017 -0.059 0.14 -0.017 -0.0965 0.14 -0.015 -0.059 0.141 -0.014 -0.059 0.14 0.0155 -0.059 0.1105 0.016 -0.0965 0.1105 0.0155 -0.0965 0.1105 0.016 -0.059 0.1105 0.0165 -0.0965 0.1095 0.0145 -0.059 0.1105 0.0145 -0.0965 0.1105 0.014 -0.059 0.1095 0.014 -0.0965 0.1095 0.014 -0.059 0.109 0.014 -0.0965 0.109 0.0165 -0.059 0.1095 0.017 -0.0965 0.109 0.017 -0.059 0.109 0.0015 -0.091 0.122 0.003 -0.091 0.1245 0.0025 -0.091 0.123 -0.0015 -0.091 0.127 -0.003 -0.091 0.1245 -0.0025 -0.091 0.126 0 -0.091 0.1215 0.0025 -0.091 0.126 -0.0015 -0.091 0.122 -0.0025 -0.091 0.123 0.0015 -0.091 0.127 0 -0.091 0.1275 0 -0.091 0.1275 -0.0015 -0.061 0.127 0 -0.061 0.1275 -0.0015 -0.091 0.127 -0.0025 -0.061 0.126 0.0015 -0.091 0.127 0.0015 -0.061 0.127 0.0025 -0.091 0.126 0.0025 -0.061 0.126 0.003 -0.091 0.1245 0.003 -0.061 0.1245 -0.003 -0.061 0.1245 -0.0025 -0.091 0.126 -0.003 -0.091 0.1245 0 -0.061 0.1275 -0.002 -0.061 0.1275 0 -0.061 0.128 -0.0035 -0.061 0.1225 -0.0015 -0.061 0.122 -0.002 -0.061 0.1215 -0.004 -0.061 0.1245 -0.0025 -0.061 0.123 0.003 -0.061 0.1225 0.0015 -0.061 0.122 0.0025 -0.061 0.123 -0.003 -0.061 0.1245 -0.0025 -0.061 0.126 -0.0015 -0.061 0.127 0.0015 -0.061 0.1275 0.0015 -0.061 0.127 0.003 -0.061 0.1265 0.0025 -0.061 0.126 0.0035 -0.061 0.1245 0.003 -0.061 0.1245 0.0015 -0.061 0.1215 0 -0.061 0.1215 0 -0.061 0.121 -0.0035 -0.061 0.1265 -0.002 -0.061 0.1275 -0.0035 -0.057 0.1265 -0.002 -0.057 0.1275 0 -0.061 0.128 0 -0.057 0.128 0.0015 -0.061 0.1275 0.0015 -0.057 0.1275 0.003 -0.061 0.1265 0.003 -0.057 0.1265 0.0035 -0.061 0.1245 0.0035 -0.057 0.1245 -0.004 -0.057 0.1245 -0.0035 -0.061 0.1265 -0.004 -0.061 0.1245 0.0015 -0.057 0.1215 0 -0.057 0.1135 0 -0.057 0.121 -0.0055 -0.057 0.115 -0.002 -0.057 0.1215 0.0095 -0.057 0.13 0.0015 -0.057 0.1275 0.0055 -0.057 0.134 0.0035 -0.057 0.1245 0.0095 -0.057 0.119 0.003 -0.057 0.1225 0.0055 -0.057 0.115 0 -0.057 0.128 -0.0095 -0.057 0.13 -0.004 -0.057 0.1245 -0.011 -0.057 0.1245 0 -0.057 0.1355 -0.002 -0.057 0.1275 -0.0055 -0.057 0.134 -0.0035 -0.057 0.1265 -0.0095 -0.057 0.119 0.011 -0.057 0.1245 0.003 -0.057 0.1265 -0.0035 -0.057 0.1225 -0.0095 -0.0595 0.119 -0.0055 -0.057 0.115 -0.0055 -0.0595 0.115 -0.011 -0.0595 0.1245 -0.0095 -0.057 0.119 0 -0.0595 0.1135 0.0055 -0.057 0.115 0.0055 -0.0595 0.115 -0.011 -0.057 0.1245 0 -0.057 0.1135 0.0095 -0.057 0.119 0.011 -0.057 0.1245 0.0095 -0.0595 0.119 0.011 -0.0595 0.1245 -0.0095 -0.0595 0.13 -0.0105 -0.0595 0.1375 -0.0055 -0.0595 0.134 -0.011 -0.0595 0.1245 -0.015 -0.0595 0.1315 -0.004 -0.0595 0.108 0 -0.0595 0.1135 0.0035 -0.0595 0.108 0.0055 -0.0595 0.115 0.0095 -0.0595 0.119 0.0105 -0.0595 0.1115 0.011 -0.0595 0.1245 0.015 -0.0595 0.117 -0.0055 -0.0595 0.115 -0.0105 -0.0595 0.1115 -0.004 -0.0595 0.1405 0 -0.0595 0.1355 0.0035 -0.0595 0.1405 0.0055 -0.0595 0.134 0.0105 -0.0595 0.1375 0.0165 -0.0595 0.1245 -0.0095 -0.0595 0.119 0.0095 -0.0595 0.13 -0.015 -0.0595 0.117 -0.017 -0.0595 0.1245 0.015 -0.0595 0.1315 0.0035 -0.0595 0.1405 0 -0.059 0.141 0.0035 -0.059 0.1405 -0.0105 -0.059 0.1375 -0.004 -0.0595 0.1405 -0.0105 -0.0595 0.1375 -0.015 -0.059 0.1315 -0.015 -0.0595 0.1315 0.0105 -0.0595 0.1375 0.0105 -0.059 0.1375 0.015 -0.0595 0.1315 0.015 -0.059 0.1315 -0.017 -0.059 0.1245 -0.017 -0.0595 0.1245 -0.004 -0.059 0.1405 0.0165 -0.0595 0.1245 0.0165 -0.059 0.1245 0.0125 -0.067 0.145 0.0165 -0.067 0.1455 0.012 -0.067 0.1455 0.021 -0.067 0.141 0.0205 -0.067 0.138 0.0205 -0.067 0.137 0.0135 -0.067 0.145 0.021 -0.067 0.1365 0.0165 -0.059 0.1035 0.0145 -0.059 0.1075 0.0155 -0.059 0.1075 0 -0.059 0.1455 0.0035 -0.059 0.1405 0 -0.059 0.141 -0.021 -0.059 0.141 -0.017 -0.059 0.1405 -0.017 -0.059 0.14 -0.021 -0.059 0.108 -0.017 -0.059 0.1095 -0.017 -0.059 0.109 0.021 -0.059 0.108 0.0165 -0.059 0.1095 0.021 -0.059 0.1245 0.014 -0.059 0.108 0.0035 -0.059 0.108 0.014 -0.059 0.109 0.016 -0.059 0.1105 0 -0.059 0.1035 0 -0.059 0.108 0.016 -0.059 0.1075 0.015 -0.059 0.117 0.0155 -0.059 0.1105 0.0145 -0.059 0.1105 0.0165 -0.059 0.108 0.0165 -0.059 0.1245 0.0105 -0.059 0.1115 0.014 -0.059 0.1095 0.017 -0.059 0.109 0.0165 -0.059 0.1455 0.0145 -0.059 0.141 0.0105 -0.059 0.1375 0.0145 -0.059 0.1385 0.015 -0.059 0.1315 0.014 -0.059 0.1405 0.014 -0.059 0.14 0.016 -0.059 0.1385 0.0155 -0.059 0.1385 0.014 -0.059 0.139 0.0165 -0.059 0.139 0.021 -0.059 0.141 0.017 -0.059 0.14 0.0165 -0.059 0.1405 0.016 -0.059 0.141 0.0155 -0.059 0.1415 -0.017 -0.059 0.139 -0.021 -0.059 0.1245 -0.015 -0.059 0.1315 -0.0155 -0.059 0.1385 -0.015 -0.059 0.1385 -0.0165 -0.059 0.1385 -0.0145 -0.059 0.1405 -0.004 -0.059 0.1405 -0.014 -0.059 0.14 -0.017 -0.059 0.1245 -0.0105 -0.059 0.1375 -0.0145 -0.059 0.139 -0.015 -0.059 0.141 -0.017 -0.059 0.1455 -0.0155 -0.059 0.1415 -0.0165 -0.059 0.141 -0.0165 -0.059 0.1105 -0.017 -0.059 0.1035 -0.015 -0.059 0.1075 -0.017 -0.059 0.108 -0.0165 -0.059 0.1075 -0.0105 -0.059 0.1115 -0.015 -0.059 0.1105 -0.015 -0.059 0.117 -0.004 -0.059 0.108 -0.0145 -0.059 0.108 -0.014 -0.059 0.109 -0.0145 -0.059 0.1095 -0.0155 -0.059 0.1105 -0.0155 -0.059 0.1075 0.021 -0.059 0.108 0.0165 -0.067 0.1035 0.0165 -0.059 0.1035 0.021 -0.067 0.108 0.0165 -0.059 0.1455 0.021 -0.067 0.141 0.021 -0.059 0.141 0.0165 -0.067 0.1455 -0.021 -0.059 0.141 -0.017 -0.067 0.1455 -0.017 -0.059 0.1455 -0.021 -0.067 0.141 -0.021 -0.067 0.108 -0.017 -0.059 0.1035 -0.017 -0.067 0.1035 -0.021 -0.059 0.108 -0.0135 -0.067 0.145 -0.021 -0.067 0.141 -0.0205 -0.067 0.138 -0.017 -0.067 0.1455 -0.013 -0.067 0.145 -0.021 -0.067 0.137 -0.012 -0.067 0.1455 -0.017 -0.067 0.1035 -0.0205 -0.067 0.111 -0.021 -0.067 0.108 -0.013 -0.067 0.1035 -0.0135 -0.067 0.104 -0.021 -0.067 0.1115 0.0165 -0.067 0.1035 0.0125 -0.067 0.1035 0.0135 -0.067 0.104 0.0205 -0.067 0.1115 0.021 -0.067 0.108 0.021 -0.067 0.1125 0.0205 -0.067 0.111 0.0135 -0.0895 0.145 0.0205 -0.067 0.138 0.0135 -0.067 0.145 0.0205 -0.0895 0.138 -0.0205 -0.067 0.138 -0.0135 -0.0895 0.145 -0.0135 -0.067 0.145 -0.0205 -0.0895 0.138 -0.0205 -0.067 0.111 -0.0135 -0.0895 0.104 -0.0205 -0.0895 0.111 -0.0135 -0.067 0.104 0.0205 -0.067 0.111 0.0135 -0.0895 0.104 0.0135 -0.067 0.104 0.0205 -0.0895 0.111 0.018 -0.0985 0.1105 0.017 -0.0985 0.1375 0.017 -0.0985 0.1115 0.0125 -0.0985 0.1385 -0.0125 -0.0985 0.14 0.014 -0.0985 0.1375 -0.017 -0.0985 0.1455 -0.018 -0.0985 0.1415 -0.017 -0.0985 0.1425 0.021 -0.0985 0.141 0.017 -0.0985 0.1425 0.018 -0.0985 0.1415 -0.021 -0.0985 0.1165 -0.0155 -0.0985 0.112 -0.013 -0.0985 0.1385 -0.018 -0.0985 0.1385 -0.021 -0.0985 0.141 -0.021 -0.0985 0.1325 -0.0125 -0.0985 0.109 0.0125 -0.0985 0.1075 0.0125 -0.0985 0.109 0.021 -0.0985 0.108 -0.013 -0.0985 0.1415 0.0125 -0.0985 0.14 -0.014 -0.0985 0.1425 -0.0155 -0.0985 0.143 0.0165 -0.0985 0.1455 0.014 -0.0985 0.1425 0.0155 -0.0985 0.143 -0.025 -0.0985 0.132 -0.024 -0.0985 0.1325 -0.0245 -0.0985 0.1325 -0.024 -0.0985 0.1165 -0.025 -0.0985 0.1315 -0.025 -0.0985 0.1175 0.0155 -0.0985 0.106 -0.013 -0.0985 0.1075 0.0165 -0.0985 0.1035 -0.014 -0.0985 0.1065 -0.017 -0.0985 0.1035 -0.017 -0.0985 0.1065 -0.0155 -0.0985 0.106 0.0185 -0.0985 0.14 -0.014 -0.0985 0.1375 -0.0155 -0.0985 0.137 0.018 -0.0985 0.1075 0.0185 -0.0985 0.109 -0.014 -0.0985 0.1115 0.014 -0.0985 0.1065 0.0125 -0.0985 0.1105 0.0125 -0.0985 0.1415 -0.013 -0.0985 0.1105 0.014 -0.0985 0.1115 0.0155 -0.0985 0.137 0.017 -0.0985 0.1065 0.018 -0.0985 0.1385 0.0155 -0.0985 0.112 -0.0185 -0.0985 0.14 -0.025 -0.0985 0.117 -0.0245 -0.0985 0.1165 -0.021 -0.0985 0.108 -0.018 -0.0985 0.1075 -0.0185 -0.0985 0.109 -0.017 -0.0985 0.1375 -0.018 -0.0985 0.1105 -0.017 -0.0985 0.1115 -0.0135 -0.0895 0.104 -0.021 -0.0895 0.108 -0.0205 -0.0895 0.111 -0.017 -0.0895 0.1035 -0.013 -0.0895 0.1035 -0.021 -0.0895 0.1115 -0.017 -0.0985 0.1455 -0.012 -0.0895 0.1455 -0.017 -0.0895 0.1455 -0.017 -0.059 0.1455 -0.012 -0.067 0.1455 0 -0.059 0.1455 0.012 -0.067 0.1455 0.0165 -0.059 0.1455 0.012 -0.0895 0.1455 0.0165 -0.0985 0.1455 0.0165 -0.0895 0.1455 -0.017 -0.067 0.1455 0.0165 -0.067 0.1455 -0.021 -0.0895 0.141 -0.017 -0.0985 0.1455 -0.017 -0.0895 0.1455 -0.021 -0.0985 0.141 -0.021 -0.0985 0.108 -0.017 -0.0895 0.1035 -0.017 -0.0985 0.1035 -0.021 -0.0895 0.108 0.012 -0.067 0.1035 -0.012 -0.067 0.1035 0 -0.059 0.1035 0.0165 -0.0985 0.1035 0.012 -0.0895 0.1035 0.0165 -0.0895 0.1035 -0.017 -0.059 0.1035 -0.017 -0.067 0.1035 -0.017 -0.0985 0.1035 -0.012 -0.0895 0.1035 -0.017 -0.0895 0.1035 0.0165 -0.059 0.1035 0.0165 -0.067 0.1035 0.0165 -0.0985 0.1035 0.021 -0.0895 0.108 0.021 -0.0985 0.108 0.0165 -0.0895 0.1035 0.021 -0.0985 0.141 0.021 -0.0895 0.1365 0.021 -0.0895 0.141 0.021 -0.067 0.1365 0.021 -0.067 0.1125 0.021 -0.059 0.1245 0.021 -0.0895 0.1125 0.021 -0.059 0.108 0.021 -0.059 0.141 0.021 -0.067 0.141 0.021 -0.0985 0.108 0.021 -0.0895 0.108 0.021 -0.067 0.108 0.021 -0.0985 0.141 0.0165 -0.0895 0.1455 0.0165 -0.0985 0.1455 0.021 -0.0895 0.141 -0.021 -0.0895 0.141 -0.021 -0.0895 0.137 -0.017 -0.0895 0.1455 -0.0205 -0.0895 0.138 -0.013 -0.0895 0.145 -0.012 -0.0895 0.1455 -0.0135 -0.0895 0.145 0.0205 -0.0895 0.138 0.0165 -0.0895 0.1455 0.021 -0.0895 0.141 0.0205 -0.0895 0.137 0.021 -0.0895 0.1365 0.0135 -0.0895 0.145 0.0125 -0.0895 0.145 0.012 -0.0895 0.1455 0.0135 -0.0895 0.104 0.0165 -0.0895 0.1035 0.0125 -0.0895 0.1035 0.0205 -0.0895 0.111 0.021 -0.0895 0.108 0.0205 -0.0895 0.1115 0.021 -0.0895 0.1125 -0.015 -0.0965 0.1105 -0.0155 -0.059 0.1105 -0.015 -0.059 0.1105 -0.0155 -0.0965 0.1105 -0.0165 -0.059 0.1105 -0.0165 -0.0965 0.1105 -0.017 -0.059 0.1095 -0.017 -0.0965 0.1095 -0.017 -0.059 0.109 -0.0145 -0.0965 0.1095 -0.0145 -0.059 0.1095 -0.014 -0.0965 0.109 -0.017 -0.0965 0.109 -0.014 -0.059 0.109 0.0155 -0.059 0.1415 0.016 -0.0965 0.141 0.0155 -0.0965 0.1415 0.0145 -0.059 0.141 0.0145 -0.0965 0.141 0.014 -0.059 0.1405 0.014 -0.0965 0.1405 0.014 -0.059 0.14 0.014 -0.0965 0.14 0.016 -0.059 0.141 0.0165 -0.0965 0.1405 0.0165 -0.059 0.1405 0.017 -0.0965 0.14 0.017 -0.059 0.14 -0.027 -0.0905 0.121 -0.0235 -0.0895 0.121 -0.027 -0.0895 0.121 -0.0235 -0.0905 0.121 -0.0235 -0.0905 0.121 -0.027 -0.0905 0.1175 -0.0235 -0.0905 0.1175 -0.027 -0.0905 0.121 -0.027 -0.094 0.1175 -0.0235 -0.0905 0.1175 -0.027 -0.0905 0.1175 -0.0235 -0.094 0.1175 -0.027 -0.094 0.1175 -0.0235 -0.094 0.125 -0.0235 -0.094 0.123 -0.0235 -0.094 0.121 -0.0235 -0.094 0.1175 -0.0235 -0.094 0.131 -0.027 -0.094 0.131 -0.0235 -0.094 0.129 -0.0235 -0.094 0.127 -0.027 -0.094 0.131 -0.0235 -0.0905 0.131 -0.0235 -0.094 0.131 -0.027 -0.0905 0.131 -0.0235 -0.0905 0.129 -0.027 -0.0905 0.128 -0.0235 -0.0905 0.128 -0.027 -0.0905 0.131 -0.0235 -0.0905 0.131 -0.0235 -0.0895 0.128 -0.027 -0.0905 0.128 -0.027 -0.0895 0.128 -0.0235 -0.0905 0.128 -0.0235 -0.0905 0.121 -0.0235 -0.0905 0.1175 -0.0235 -0.0895 0.123 -0.0235 -0.0905 0.123 -0.0235 -0.0895 0.121 -0.0235 -0.094 0.131 -0.0235 -0.0905 0.131 -0.0235 -0.0905 0.129 -0.0235 -0.0925 0.1295 -0.0235 -0.0915 0.1295 -0.0235 -0.0905 0.128 -0.0235 -0.0895 0.127 -0.0235 -0.0905 0.127 -0.0235 -0.0915 0.1305 -0.0235 -0.0915 0.1285 -0.0235 -0.0915 0.1215 -0.0235 -0.0925 0.1225 -0.0235 -0.0915 0.1225 -0.0235 -0.0925 0.1305 -0.0235 -0.0915 0.1195 -0.0235 -0.0925 0.1195 -0.0235 -0.094 0.1175 -0.0235 -0.094 0.121 -0.0235 -0.0925 0.1205 -0.0235 -0.094 0.123 -0.0235 -0.0925 0.1215 -0.0235 -0.0895 0.128 -0.0235 -0.0915 0.1205 -0.0235 -0.0905 0.125 -0.0235 -0.0895 0.125 -0.0235 -0.0915 0.1235 -0.0235 -0.0915 0.1245 -0.0235 -0.0925 0.1235 -0.0235 -0.0925 0.1245 -0.0235 -0.094 0.125 -0.0235 -0.0925 0.1255 -0.0235 -0.0925 0.1265 -0.0235 -0.094 0.127 -0.0235 -0.0915 0.1265 -0.0235 -0.0915 0.1255 -0.0235 -0.0925 0.1275 -0.0235 -0.0925 0.1285 -0.0235 -0.094 0.129 -0.0235 -0.0915 0.1275 -0.025 -0.095 0.1305 -0.021 -0.095 0.132 -0.027 -0.095 0.132 -0.025 -0.095 0.118 -0.021 -0.095 0.117 -0.021 -0.095 0.118 -0.027 -0.095 0.117 -0.021 -0.095 0.1305 -0.021 -0.059 0.1245 -0.021 -0.0895 0.132 -0.021 -0.067 0.1365 -0.021 -0.067 0.1125 -0.021 -0.059 0.108 -0.021 -0.067 0.108 -0.021 -0.096 0.1325 -0.021 -0.0985 0.141 -0.021 -0.0895 0.141 -0.021 -0.096 0.1165 -0.021 -0.0895 0.1125 -0.021 -0.0895 0.108 -0.021 -0.0955 0.1305 -0.021 -0.0955 0.118 -0.021 -0.059 0.141 -0.021 -0.0895 0.1365 -0.021 -0.095 0.132 -0.021 -0.0985 0.108 -0.021 -0.0985 0.1165 -0.021 -0.095 0.117 -0.021 -0.095 0.118 -0.021 -0.067 0.141 -0.021 -0.095 0.1305 -0.021 -0.0895 0.117 -0.021 -0.0985 0.1325 0.0165 -0.059 0.139 0.016 -0.0965 0.1385 0.0165 -0.0965 0.139 0.017 -0.059 0.14 0.017 -0.0965 0.14 0.014 -0.059 0.139 0.014 -0.0965 0.14 0.014 -0.0965 0.139 0.0145 -0.059 0.1385 0.0145 -0.0965 0.1385 0.016 -0.059 0.1385 0.0155 -0.0965 0.1385 0.0155 -0.059 0.1385 0.014 -0.059 0.14 -0.017 -0.059 0.108 -0.017 -0.0965 0.109 -0.017 -0.0965 0.108 -0.0165 -0.059 0.1075 -0.0165 -0.0965 0.1075 -0.0155 -0.059 0.1075 -0.0155 -0.0965 0.1075 -0.015 -0.059 0.1075 -0.015 -0.0965 0.1075 -0.0145 -0.059 0.108 -0.0145 -0.0965 0.108 -0.014 -0.059 0.109 -0.014 -0.0965 0.109 -0.017 -0.059 0.109 0.015 -0.0595 0.117 0.0165 -0.059 0.1245 0.015 -0.059 0.117 0.0165 -0.0595 0.1245 0.0105 -0.0595 0.1115 0.0105 -0.059 0.1115 -0.015 -0.0595 0.117 -0.0105 -0.059 0.1115 -0.015 -0.059 0.117 -0.017 -0.0595 0.1245 -0.017 -0.059 0.1245 0 -0.059 0.108 0.0035 -0.0595 0.108 0.0035 -0.059 0.108 -0.004 -0.0595 0.108 -0.0105 -0.0595 0.1115 -0.004 -0.059 0.108 -0.0055 -0.057 0.134 0 -0.0595 0.1355 0 -0.057 0.1355 0.0055 -0.0595 0.134 0.0055 -0.057 0.134 0.0095 -0.0595 0.13 0.0095 -0.057 0.13 0.011 -0.0595 0.1245 0.011 -0.057 0.1245 -0.0095 -0.057 0.13 -0.0055 -0.0595 0.134 -0.0095 -0.0595 0.13 -0.011 -0.057 0.1245 -0.011 -0.0595 0.1245 0.003 -0.061 0.1225 0.0035 -0.057 0.1245 0.003 -0.057 0.1225 0 -0.061 0.121 0.0015 -0.057 0.1215 0 -0.057 0.121 0.0015 -0.061 0.1215 0.0035 -0.061 0.1245 -0.002 -0.061 0.1215 -0.002 -0.057 0.1215 -0.0035 -0.061 0.1225 -0.0035 -0.057 0.1225 -0.004 -0.061 0.1245 -0.004 -0.057 0.1245 0 -0.061 0.1215 -0.0015 -0.091 0.122 0 -0.091 0.1215 -0.0015 -0.061 0.122 -0.0025 -0.091 0.123 -0.0025 -0.061 0.123 -0.003 -0.091 0.1245 0.0025 -0.061 0.123 0.0015 -0.091 0.122 0.0025 -0.091 0.123 0.0015 -0.061 0.122 -0.003 -0.061 0.1245 0.003 -0.061 0.1245 0.003 -0.091 0.1245 0.014 -0.0965 0.109 0.014 -0.059 0.108 0.014 -0.059 0.109 0.014 -0.0965 0.108 0.0145 -0.059 0.1075 0.0145 -0.0965 0.1075 0.0155 -0.059 0.1075 0.0155 -0.0965 0.1075 0.016 -0.059 0.1075 0.016 -0.0965 0.1075 0.0165 -0.059 0.108 0.0165 -0.0965 0.108 0.017 -0.059 0.109 0.017 -0.0965 0.109 -0.017 -0.0965 0.14 -0.017 -0.059 0.139 -0.017 -0.059 0.14 -0.0165 -0.059 0.1385 -0.017 -0.0965 0.139 -0.0165 -0.0965 0.1385 -0.015 -0.059 0.1385 -0.0155 -0.0965 0.1385 -0.015 -0.0965 0.1385 -0.0145 -0.059 0.139 -0.0145 -0.0965 0.139 -0.0155 -0.059 0.1385 -0.014 -0.059 0.14 -0.014 -0.0965 0.14 -0.0155 -0.0965 0.106 -0.017 -0.0985 0.1065 -0.0155 -0.0985 0.106 -0.0185 -0.0985 0.109 -0.018 -0.0965 0.1075 -0.0185 -0.0965 0.109 -0.018 -0.0985 0.1075 -0.014 -0.0965 0.1065 -0.017 -0.0965 0.1065 -0.014 -0.0985 0.1065 -0.0125 -0.0965 0.109 -0.013 -0.0985 0.1075 -0.0125 -0.0985 0.109 -0.013 -0.0965 0.1075 -0.0185 -0.0985 0.14 -0.018 -0.0965 0.1385 -0.0185 -0.0965 0.14 -0.013 -0.0985 0.1385 -0.0125 -0.0965 0.14 -0.013 -0.0965 0.1385 -0.014 -0.0985 0.1375 -0.014 -0.0965 0.1375 -0.0155 -0.0985 0.137 -0.0155 -0.0965 0.137 -0.0125 -0.0985 0.14 -0.017 -0.0985 0.1375 -0.017 -0.0965 0.1375 -0.018 -0.0985 0.1385 0.0125 -0.0985 0.1385 0.014 -0.0965 0.1375 0.0125 -0.0965 0.1385 0.014 -0.0985 0.1375 0.0155 -0.0965 0.137 0.0155 -0.0985 0.137 0.017 -0.0965 0.1375 0.0125 -0.0985 0.14 0.0125 -0.0965 0.14 0.018 -0.0985 0.1385 0.0185 -0.0965 0.14 0.018 -0.0965 0.1385 0.017 -0.0985 0.1375 0.0185 -0.0985 0.14 0.018 -0.0965 0.1075 0.017 -0.0985 0.1065 0.018 -0.0985 0.1075 0.0185 -0.0965 0.109 0.0185 -0.0985 0.109 0.017 -0.0965 0.1065 0.0155 -0.0985 0.106 0.0155 -0.0965 0.106 0.014 -0.0985 0.1065 0.014 -0.0965 0.1065 0.0125 -0.0985 0.1075 0.0125 -0.0965 0.1075 0.0125 -0.0985 0.109 0.0125 -0.0965 0.109 -0.0015 -0.139 0.1765 -0.0025 -0.1385 0.1755 -0.002 -0.139 0.1755 -0.001 -0.139 0.177 -0.002 -0.1385 0.1765 0 -0.139 0.1775 -0.001 -0.1385 0.1775 0.001 -0.139 0.177 0 -0.1385 0.178 0.0015 -0.139 0.1765 0.002 -0.1385 0.1755 0.002 -0.1385 0.177 0.001 -0.1385 0.1775 0.002 -0.139 0.1755 0.002 -0.124 0.174 0.002 -0.124 0.1765 0.0025 -0.124 0.1755 0.002 -0.1385 0.1755 0.002 -0.124 0.177 0.002 -0.1385 0.177 0.002 -0.1385 0.174 0.002 -0.1385 0.1745 0.002 -0.124 0.174 0 -0.113 0.173 -0.002 -0.113 0.1765 0.001 -0.113 0.1735 0.002 -0.113 0.1765 0.002 -0.113 0.174 0.001 -0.113 0.1775 -0.001 -0.113 0.1775 0.0025 -0.113 0.1755 -0.001 -0.113 0.1735 -0.0025 -0.113 0.1755 0 -0.113 0.178 -0.002 -0.113 0.174 0.001 -0.139 0.174 -0.002 -0.139 0.1755 0 -0.139 0.1735 -0.001 -0.139 0.177 0.001 -0.139 0.177 0 -0.139 0.1775 0.002 -0.139 0.1755 -0.0015 -0.139 0.1765 -0.0015 -0.139 0.1745 -0.001 -0.139 0.174 0.0015 -0.139 0.1765 0.0015 -0.139 0.1745 0.001 -0.1385 0.1775 0 -0.113 0.178 0 -0.1385 0.178 -0.001 -0.1385 0.1775 -0.002 -0.113 0.1765 -0.002 -0.1385 0.1765 -0.001 -0.113 0.1775 -0.0025 -0.113 0.1755 0.001 -0.113 0.1775 0.002 -0.113 0.1765 0.002 -0.124 0.177 0.002 -0.124 0.1765 0.0025 -0.124 0.1755 0.0025 -0.113 0.1755 0.002 -0.1385 0.177 -0.0025 -0.1385 0.1755 0.001 -0.1385 0.1735 0.002 -0.124 0.174 0.002 -0.1385 0.174 0.0025 -0.113 0.1755 0.002 -0.113 0.174 0.001 -0.113 0.1735 -0.001 -0.113 0.1735 -0.002 -0.1385 0.174 -0.002 -0.113 0.174 0 -0.113 0.173 -0.001 -0.1385 0.1735 0 -0.1385 0.173 0.0025 -0.124 0.1755 -0.0025 -0.1385 0.1755 -0.0025 -0.113 0.1755 -0.001 -0.139 0.174 0 -0.1385 0.173 0 -0.139 0.1735 0.001 -0.139 0.174 0.002 -0.1385 0.174 0.0015 -0.139 0.1745 0.001 -0.1385 0.1735 -0.002 -0.139 0.1755 -0.002 -0.1385 0.174 -0.0015 -0.139 0.1745 -0.001 -0.1385 0.1735 -0.0025 -0.1385 0.1755 0.002 -0.1385 0.1745 0.002 -0.139 0.1755 0.002 -0.1385 0.1755 -0.021 -0.0845 0.1625 -0.021 -0.107 0.1635 -0.021 -0.0845 0.1635 -0.021 -0.107 0.1625 -0.0205 -0.0845 0.162 -0.0205 -0.107 0.162 -0.013 -0.107 0.1545 -0.012 -0.0845 0.1545 -0.012 -0.107 0.1545 -0.0135 -0.107 0.155 -0.013 -0.0845 0.1545 -0.0135 -0.0845 0.155 -0.012 -0.107 0.1965 -0.013 -0.0845 0.196 -0.013 -0.107 0.196 -0.0135 -0.0845 0.196 -0.0135 -0.107 0.196 -0.012 -0.0845 0.1965 -0.021 -0.0845 0.188 -0.0205 -0.107 0.189 -0.0205 -0.0845 0.189 -0.021 -0.107 0.188 -0.021 -0.0845 0.1875 -0.021 -0.107 0.1875 0.013 -0.0845 0.196 0.0135 -0.107 0.196 0.0135 -0.0845 0.196 0.012 -0.0845 0.1965 0.013 -0.107 0.196 0.012 -0.107 0.1965 0.021 -0.107 0.188 0.0205 -0.0845 0.189 0.0205 -0.107 0.189 0.021 -0.107 0.1875 0.021 -0.0845 0.188 0.021 -0.0845 0.1875 0.013 -0.0845 0.1545 0.012 -0.107 0.1545 0.012 -0.0845 0.1545 0.013 -0.107 0.1545 0.0135 -0.0845 0.155 0.0135 -0.107 0.155 0.0205 -0.107 0.162 0.021 -0.0845 0.1625 0.021 -0.107 0.1625 0.0205 -0.0845 0.162 0.021 -0.0845 0.1635 0.021 -0.107 0.1635 -0.024 -0.0755 0.1675 -0.0245 -0.078 0.1675 -0.0245 -0.0755 0.1675 -0.024 -0.078 0.1675 -0.025 -0.0755 0.168 -0.025 -0.078 0.1685 -0.025 -0.0755 0.1685 -0.025 -0.078 0.168 -0.025 -0.078 0.183 -0.025 -0.0755 0.1825 -0.025 -0.078 0.1825 -0.0245 -0.078 0.1835 -0.025 -0.0755 0.183 -0.024 -0.078 0.1835 -0.0245 -0.0755 0.1835 -0.024 -0.0755 0.1835 -0.025 -0.0785 0.169 -0.025 -0.079 0.1815 -0.025 -0.0785 0.1815 -0.025 -0.079 0.169 -0.021 -0.0785 0.169 -0.025 -0.0785 0.1815 -0.021 -0.0785 0.1815 -0.025 -0.0785 0.169 -0.025 -0.079 0.1815 -0.021 -0.0785 0.1815 -0.025 -0.0785 0.1815 -0.021 -0.079 0.1815 -0.025 -0.0785 0.169 -0.021 -0.079 0.169 -0.025 -0.079 0.169 -0.021 -0.0785 0.169 -0.027 -0.0825 0.1695 -0.027 -0.0815 0.17 -0.027 -0.0815 0.1695 -0.027 -0.0825 0.17 -0.0235 -0.0825 0.1695 -0.027 -0.0815 0.1695 -0.0235 -0.0815 0.1695 -0.027 -0.0825 0.1695 -0.0235 -0.0815 0.1695 -0.027 -0.0815 0.17 -0.0235 -0.0815 0.17 -0.027 -0.0815 0.1695 -0.0235 -0.0815 0.17 -0.027 -0.0825 0.17 -0.0235 -0.0825 0.17 -0.027 -0.0815 0.17 -0.027 -0.0825 0.1695 -0.0235 -0.0825 0.17 -0.027 -0.0825 0.17 -0.0235 -0.0825 0.1695 -0.027 -0.0825 0.1715 -0.027 -0.0815 0.172 -0.027 -0.0815 0.1715 -0.027 -0.0825 0.172 -0.027 -0.0815 0.1715 -0.0235 -0.0825 0.1715 -0.027 -0.0825 0.1715 -0.0235 -0.0815 0.1715 -0.0235 -0.0815 0.1715 -0.027 -0.0815 0.172 -0.0235 -0.0815 0.172 -0.027 -0.0815 0.1715 -0.0235 -0.0815 0.172 -0.027 -0.0825 0.172 -0.0235 -0.0825 0.172 -0.027 -0.0815 0.172 -0.0235 -0.0825 0.172 -0.027 -0.0825 0.1715 -0.0235 -0.0825 0.1715 -0.027 -0.0825 0.172 -0.027 -0.0815 0.174 -0.027 -0.0825 0.1735 -0.027 -0.0825 0.174 -0.027 -0.0815 0.1735 -0.027 -0.0815 0.1735 -0.0235 -0.0825 0.1735 -0.027 -0.0825 0.1735 -0.0235 -0.0815 0.1735 -0.0235 -0.0815 0.1735 -0.027 -0.0815 0.174 -0.0235 -0.0815 0.174 -0.027 -0.0815 0.1735 -0.0235 -0.0815 0.174 -0.027 -0.0825 0.174 -0.0235 -0.0825 0.174 -0.027 -0.0815 0.174 -0.0235 -0.0825 0.174 -0.027 -0.0825 0.1735 -0.0235 -0.0825 0.1735 -0.027 -0.0825 0.174 -0.027 -0.0815 0.176 -0.027 -0.0825 0.1755 -0.027 -0.0825 0.176 -0.027 -0.0815 0.1755 -0.027 -0.0815 0.1755 -0.0235 -0.0825 0.1755 -0.027 -0.0825 0.1755 -0.0235 -0.0815 0.1755 -0.0235 -0.0815 0.1755 -0.027 -0.0815 0.176 -0.0235 -0.0815 0.176 -0.027 -0.0815 0.1755 -0.0235 -0.0815 0.176 -0.027 -0.0825 0.176 -0.0235 -0.0825 0.176 -0.027 -0.0815 0.176 -0.0235 -0.0825 0.176 -0.027 -0.0825 0.1755 -0.0235 -0.0825 0.1755 -0.027 -0.0825 0.176 -0.027 -0.0825 0.1775 -0.027 -0.0815 0.178 -0.027 -0.0815 0.1775 -0.027 -0.0825 0.178 -0.027 -0.0815 0.1775 -0.0235 -0.0825 0.1775 -0.027 -0.0825 0.1775 -0.0235 -0.0815 0.1775 -0.0235 -0.0815 0.1775 -0.027 -0.0815 0.178 -0.0235 -0.0815 0.178 -0.027 -0.0815 0.1775 -0.0235 -0.0815 0.178 -0.027 -0.0825 0.178 -0.0235 -0.0825 0.178 -0.027 -0.0815 0.178 -0.027 -0.0825 0.1775 -0.0235 -0.0825 0.178 -0.027 -0.0825 0.178 -0.0235 -0.0825 0.1775 -0.027 -0.0825 0.18 -0.027 -0.0815 0.1795 -0.027 -0.0825 0.1795 -0.027 -0.0815 0.18 -0.027 -0.0825 0.1795 -0.0235 -0.0825 0.18 -0.027 -0.0825 0.18 -0.0235 -0.0825 0.1795 -0.027 -0.0815 0.1795 -0.0235 -0.0825 0.1795 -0.027 -0.0825 0.1795 -0.0235 -0.0815 0.1795 -0.0235 -0.0815 0.1795 -0.027 -0.0815 0.18 -0.0235 -0.0815 0.18 -0.027 -0.0815 0.1795 -0.0235 -0.0815 0.18 -0.027 -0.0825 0.18 -0.0235 -0.0825 0.18 -0.027 -0.0815 0.18 -0.027 -0.0845 0.172 -0.027 -0.0835 0.1685 -0.027 -0.0845 0.168 -0.027 -0.0835 0.172 -0.027 -0.079 0.168 -0.027 -0.08 0.1685 -0.027 -0.079 0.183 -0.027 -0.08 0.182 -0.027 -0.0835 0.182 -0.027 -0.0845 0.183 -0.027 -0.0845 0.179 -0.027 -0.0835 0.179 -0.027 -0.079 0.168 -0.021 -0.0845 0.168 -0.027 -0.0845 0.168 -0.021 -0.079 0.168 -0.027 -0.0845 0.183 -0.021 -0.079 0.183 -0.027 -0.079 0.183 -0.021 -0.0845 0.183 -0.021 -0.0845 0.183 -0.0235 -0.0845 0.175 -0.021 -0.0845 0.168 -0.0235 -0.0845 0.177 -0.027 -0.0845 0.168 -0.0235 -0.0845 0.172 -0.027 -0.0845 0.172 -0.027 -0.0845 0.183 -0.0235 -0.0845 0.179 -0.0235 -0.0845 0.173 -0.027 -0.0845 0.179 -0.025 -0.078 0.1825 -0.024 -0.078 0.1675 -0.024 -0.078 0.1835 -0.021 -0.078 0.1675 -0.021 -0.078 0.1835 -0.025 -0.078 0.168 -0.0245 -0.078 0.1675 -0.025 -0.078 0.1685 -0.025 -0.078 0.183 -0.0245 -0.078 0.1835 -0.021 -0.0755 0.1675 -0.024 -0.078 0.1675 -0.024 -0.0755 0.1675 -0.021 -0.078 0.1675 -0.025 -0.0755 0.1685 -0.025 -0.078 0.1825 -0.025 -0.0755 0.1825 -0.025 -0.078 0.1685 -0.024 -0.0755 0.1835 -0.021 -0.078 0.1835 -0.021 -0.0755 0.1835 -0.024 -0.078 0.1835 0.0185 -0.0775 0.191 0.0165 -0.0775 0.19 0.017 -0.0775 0.191 0.017 -0.0775 0.1885 0.018 -0.0775 0.1895 0.014 -0.0775 0.1935 0.014 -0.0775 0.1915 0.013 -0.0775 0.1925 0.0165 -0.0775 0.1915 0.018 -0.0775 0.1925 0.013 -0.0775 0.1895 0.014 -0.0775 0.191 0.014 -0.0775 0.19 0.016 -0.0775 0.192 0.017 -0.0775 0.1935 0.0125 -0.0775 0.191 0.0145 -0.0775 0.1895 0.014 -0.0775 0.1885 0.0155 -0.0775 0.194 0.0145 -0.0775 0.192 0.016 -0.0775 0.1895 0.0155 -0.0775 0.188 0.0155 -0.0775 0.1895 0.0155 -0.0775 0.1925 0.013 -0.0755 0.1895 0.0125 -0.0775 0.191 0.013 -0.0775 0.1895 0.014 -0.0755 0.1885 0.014 -0.0775 0.1885 0.0155 -0.0755 0.188 0.0155 -0.0775 0.188 0.017 -0.0755 0.1885 0.017 -0.0775 0.1885 0.018 -0.0755 0.1895 0.018 -0.0775 0.1895 0.0185 -0.0755 0.191 0.0185 -0.0775 0.191 0.0125 -0.0755 0.191 0.0185 -0.0775 0.16 0.0165 -0.0775 0.159 0.017 -0.0775 0.16 0.013 -0.0775 0.1585 0.0145 -0.0775 0.1585 0.014 -0.0775 0.1575 0.0165 -0.0775 0.1605 0.018 -0.0775 0.1615 0.0155 -0.0775 0.157 0.016 -0.0775 0.1585 0.017 -0.0775 0.1575 0.016 -0.0775 0.1615 0.017 -0.0775 0.1625 0.0155 -0.0775 0.1585 0.018 -0.0775 0.1585 0.0155 -0.0775 0.163 0.0145 -0.0775 0.1615 0.014 -0.0775 0.1625 0.0155 -0.0775 0.1615 0.014 -0.0775 0.1605 0.013 -0.0775 0.1615 0.014 -0.0775 0.159 0.0125 -0.0775 0.16 0.014 -0.0775 0.16 0.014 -0.0755 0.1575 0.013 -0.0775 0.1585 0.014 -0.0775 0.1575 0.0125 -0.0775 0.16 0.013 -0.0755 0.1585 0.0125 -0.0755 0.16 0.0155 -0.0775 0.157 0.017 -0.0755 0.1575 0.0155 -0.0755 0.157 0.017 -0.0775 0.1575 0.018 -0.0755 0.1585 0.018 -0.0775 0.1585 0.0185 -0.0755 0.16 0.0185 -0.0775 0.16 -0.0125 -0.0775 0.16 -0.014 -0.0775 0.159 -0.014 -0.0775 0.16 -0.017 -0.0775 0.1625 -0.0165 -0.0775 0.1605 -0.018 -0.0775 0.1615 -0.013 -0.0775 0.1615 -0.0145 -0.0775 0.1615 -0.014 -0.0775 0.1625 -0.0185 -0.0775 0.16 -0.0165 -0.0775 0.159 -0.018 -0.0775 0.1585 -0.014 -0.0775 0.1605 -0.0155 -0.0775 0.163 -0.016 -0.0775 0.1615 -0.017 -0.0775 0.16 -0.017 -0.0775 0.1575 -0.016 -0.0775 0.1585 -0.0155 -0.0775 0.1615 -0.0155 -0.0775 0.157 -0.0145 -0.0775 0.1585 -0.014 -0.0775 0.1575 -0.0155 -0.0775 0.1585 -0.013 -0.0775 0.1585 -0.018 -0.0775 0.1585 -0.017 -0.0755 0.1575 -0.018 -0.0755 0.1585 -0.017 -0.0775 0.1575 -0.0155 -0.0755 0.157 -0.0155 -0.0775 0.157 -0.014 -0.0755 0.1575 -0.0185 -0.0775 0.16 -0.0185 -0.0755 0.16 -0.014 -0.0775 0.1575 -0.013 -0.0755 0.1585 -0.013 -0.0775 0.1585 -0.0125 -0.0755 0.16 -0.0125 -0.0775 0.16 -0.0165 -0.0775 0.19 -0.0185 -0.0775 0.191 -0.017 -0.0775 0.191 -0.017 -0.0775 0.1885 -0.018 -0.0775 0.1895 -0.0155 -0.0775 0.188 -0.016 -0.0775 0.1895 -0.0155 -0.0775 0.1895 -0.014 -0.0775 0.19 -0.014 -0.0775 0.1885 -0.0145 -0.0775 0.1895 -0.014 -0.0775 0.191 -0.013 -0.0775 0.1895 -0.0165 -0.0775 0.1915 -0.017 -0.0775 0.1935 -0.016 -0.0775 0.192 -0.018 -0.0775 0.1925 -0.0155 -0.0775 0.194 -0.0155 -0.0775 0.1925 -0.0145 -0.0775 0.192 -0.014 -0.0775 0.1935 -0.013 -0.0775 0.1925 -0.014 -0.0775 0.1915 -0.0125 -0.0775 0.191 -0.018 -0.0755 0.1895 -0.0185 -0.0775 0.191 -0.018 -0.0775 0.1895 -0.017 -0.0755 0.1885 -0.017 -0.0775 0.1885 -0.0155 -0.0755 0.188 -0.0155 -0.0775 0.188 -0.014 -0.0755 0.1885 -0.014 -0.0775 0.1885 -0.013 -0.0755 0.1895 -0.013 -0.0775 0.1895 -0.0125 -0.0755 0.191 -0.0125 -0.0775 0.191 -0.0185 -0.0755 0.191 -0.014 -0.115 0.159 -0.014 -0.0775 0.16 -0.014 -0.0775 0.159 -0.0155 -0.115 0.1585 -0.0145 -0.0775 0.1585 -0.0155 -0.0775 0.1585 -0.016 -0.115 0.1585 -0.016 -0.0775 0.1585 -0.0165 -0.115 0.159 -0.0165 -0.0775 0.159 -0.017 -0.115 0.16 -0.017 -0.0775 0.16 -0.0145 -0.115 0.1585 -0.014 -0.115 0.16 0.0155 -0.115 0.1895 0.016 -0.0775 0.1895 0.0155 -0.0775 0.1895 0.016 -0.115 0.1895 0.0165 -0.0775 0.19 0.0145 -0.115 0.1895 0.0145 -0.0775 0.1895 0.014 -0.115 0.19 0.014 -0.0775 0.19 0.014 -0.115 0.191 0.014 -0.0775 0.191 0.0165 -0.115 0.19 0.017 -0.0775 0.191 0.017 -0.115 0.191 0.0015 -0.083 0.178 0.003 -0.083 0.1755 0.0025 -0.083 0.177 -0.0015 -0.083 0.173 -0.003 -0.083 0.1755 -0.0025 -0.083 0.174 0 -0.083 0.1785 0.0025 -0.083 0.174 -0.0015 -0.083 0.178 -0.0025 -0.083 0.177 0.0015 -0.083 0.173 0 -0.083 0.1725 0 -0.083 0.1725 -0.0015 -0.113 0.173 0 -0.113 0.1725 -0.0015 -0.083 0.173 -0.0025 -0.113 0.174 0.0015 -0.083 0.173 0.0015 -0.113 0.173 0.0025 -0.083 0.174 0.0025 -0.113 0.174 0.003 -0.083 0.1755 0.003 -0.113 0.1755 -0.003 -0.113 0.1755 -0.0025 -0.083 0.174 -0.003 -0.083 0.1755 0 -0.113 0.1725 -0.002 -0.113 0.1725 0 -0.113 0.172 -0.003 -0.113 0.1775 -0.0015 -0.113 0.178 -0.002 -0.113 0.1785 -0.0035 -0.113 0.1755 -0.0025 -0.113 0.177 0.003 -0.113 0.1775 0.0015 -0.113 0.178 0.0025 -0.113 0.177 -0.003 -0.113 0.1755 -0.0025 -0.113 0.174 -0.0015 -0.113 0.173 0.002 -0.113 0.1725 0.0015 -0.113 0.173 0.003 -0.113 0.1735 0.0025 -0.113 0.174 0.0035 -0.113 0.1755 0.003 -0.113 0.1755 0.002 -0.113 0.1785 0 -0.113 0.1785 0 -0.113 0.179 -0.003 -0.113 0.1735 -0.002 -0.113 0.1725 -0.003 -0.117 0.1735 -0.002 -0.117 0.1725 0 -0.113 0.172 0 -0.117 0.172 0.002 -0.113 0.1725 0.002 -0.117 0.1725 0.003 -0.113 0.1735 0.003 -0.117 0.1735 0.0035 -0.113 0.1755 0.0035 -0.117 0.1755 -0.0035 -0.117 0.1755 -0.003 -0.113 0.1735 -0.0035 -0.113 0.1755 0.002 -0.117 0.1785 0 -0.117 0.1865 0 -0.117 0.179 -0.0055 -0.117 0.185 -0.002 -0.117 0.1785 0.0095 -0.117 0.17 0.002 -0.117 0.1725 0.0055 -0.117 0.166 0.0035 -0.117 0.1755 0.0095 -0.117 0.181 0.003 -0.117 0.1775 0.0055 -0.117 0.185 0 -0.117 0.172 -0.0095 -0.117 0.17 -0.0035 -0.117 0.1755 -0.011 -0.117 0.1755 0 -0.117 0.1645 -0.002 -0.117 0.1725 -0.0055 -0.117 0.166 -0.003 -0.117 0.1735 -0.0095 -0.117 0.181 0.011 -0.117 0.1755 0.003 -0.117 0.1735 -0.003 -0.117 0.1775 -0.0095 -0.1145 0.181 -0.0055 -0.117 0.185 -0.0055 -0.1145 0.185 -0.011 -0.1145 0.1755 -0.0095 -0.117 0.181 0 -0.1145 0.1865 0.0055 -0.117 0.185 0.0055 -0.1145 0.185 -0.011 -0.117 0.1755 0 -0.117 0.1865 0.0095 -0.117 0.181 0.011 -0.117 0.1755 0.0095 -0.1145 0.181 0.011 -0.1145 0.1755 -0.0095 -0.1145 0.17 -0.0105 -0.1145 0.1625 -0.0055 -0.1145 0.166 -0.011 -0.1145 0.1755 -0.015 -0.1145 0.168 -0.0035 -0.1145 0.1915 0 -0.1145 0.1865 0.0035 -0.1145 0.1915 0.0055 -0.1145 0.185 0.0095 -0.1145 0.181 0.0105 -0.1145 0.1885 0.011 -0.1145 0.1755 0.015 -0.1145 0.1825 -0.0055 -0.1145 0.185 -0.0105 -0.1145 0.1885 -0.0035 -0.1145 0.159 0 -0.1145 0.1645 0.0035 -0.1145 0.159 0.0055 -0.1145 0.166 0.0105 -0.1145 0.1625 0.0165 -0.1145 0.1755 -0.0095 -0.1145 0.181 0.0095 -0.1145 0.17 -0.015 -0.1145 0.1825 -0.0165 -0.1145 0.1755 0.015 -0.1145 0.168 0.0035 -0.1145 0.159 0 -0.115 0.159 0.0035 -0.115 0.159 -0.0105 -0.115 0.1625 -0.0035 -0.1145 0.159 -0.0105 -0.1145 0.1625 -0.015 -0.115 0.168 -0.015 -0.1145 0.168 0.0105 -0.1145 0.1625 0.0105 -0.115 0.1625 0.015 -0.1145 0.168 0.015 -0.115 0.168 -0.0165 -0.115 0.1755 -0.0165 -0.1145 0.1755 -0.0035 -0.115 0.159 0.0165 -0.1145 0.1755 0.0165 -0.115 0.1755 0.013 -0.107 0.1545 0.0165 -0.107 0.1545 0.021 -0.107 0.159 0.0205 -0.107 0.162 0.021 -0.107 0.1625 0.0135 -0.107 0.155 0.0165 -0.115 0.1965 0.0145 -0.115 0.192 0.0155 -0.115 0.1925 0 -0.115 0.1545 0.0035 -0.115 0.159 0 -0.115 0.159 -0.021 -0.115 0.159 -0.0165 -0.115 0.159 -0.017 -0.115 0.16 -0.021 -0.115 0.192 -0.0165 -0.115 0.19 -0.017 -0.115 0.191 0.021 -0.115 0.192 0.0165 -0.115 0.19 0.021 -0.115 0.1755 0.014 -0.115 0.1915 0.0035 -0.115 0.1915 0.014 -0.115 0.191 0.016 -0.115 0.1895 0 -0.115 0.1965 0 -0.115 0.192 0.016 -0.115 0.192 0.015 -0.115 0.1825 0.0155 -0.115 0.1895 0.0145 -0.115 0.1895 0.0165 -0.115 0.1915 0.0165 -0.115 0.1755 0.0105 -0.115 0.1885 0.014 -0.115 0.19 0.017 -0.115 0.191 0.0165 -0.115 0.1545 0.0145 -0.115 0.1585 0.0105 -0.115 0.1625 0.0145 -0.115 0.1615 0.015 -0.115 0.168 0.014 -0.115 0.159 0.014 -0.115 0.16 0.016 -0.115 0.1615 0.0155 -0.115 0.1615 0.014 -0.115 0.1605 0.0165 -0.115 0.1605 0.021 -0.115 0.159 0.017 -0.115 0.16 0.0165 -0.115 0.159 0.016 -0.115 0.1585 0.0155 -0.115 0.1585 -0.0165 -0.115 0.1605 -0.021 -0.115 0.1755 -0.015 -0.115 0.168 -0.0155 -0.115 0.1615 -0.0145 -0.115 0.1615 -0.016 -0.115 0.1615 -0.014 -0.115 0.159 -0.0035 -0.115 0.159 -0.014 -0.115 0.16 -0.0165 -0.115 0.1755 -0.0105 -0.115 0.1625 -0.014 -0.115 0.1605 -0.0145 -0.115 0.1585 -0.0165 -0.115 0.1545 -0.0155 -0.115 0.1585 -0.016 -0.115 0.1585 -0.016 -0.115 0.1895 -0.0165 -0.115 0.1965 -0.0145 -0.115 0.192 -0.0165 -0.115 0.1915 -0.016 -0.115 0.192 -0.0105 -0.115 0.1885 -0.0145 -0.115 0.1895 -0.015 -0.115 0.1825 -0.0035 -0.115 0.1915 -0.014 -0.115 0.1915 -0.014 -0.115 0.191 -0.014 -0.115 0.19 -0.0155 -0.115 0.1895 -0.0155 -0.115 0.1925 0.021 -0.115 0.192 0.0165 -0.107 0.1965 0.0165 -0.115 0.1965 0.021 -0.107 0.192 0.0165 -0.115 0.1545 0.021 -0.107 0.159 0.021 -0.115 0.159 0.0165 -0.107 0.1545 -0.021 -0.115 0.159 -0.0165 -0.107 0.1545 -0.0165 -0.115 0.1545 -0.021 -0.107 0.159 -0.021 -0.107 0.192 -0.0165 -0.115 0.1965 -0.0165 -0.107 0.1965 -0.021 -0.115 0.192 -0.0135 -0.107 0.155 -0.021 -0.107 0.159 -0.0205 -0.107 0.162 -0.0165 -0.107 0.1545 -0.013 -0.107 0.1545 -0.021 -0.107 0.1625 -0.0165 -0.107 0.1965 -0.0205 -0.107 0.189 -0.021 -0.107 0.192 -0.013 -0.107 0.196 -0.012 -0.107 0.1965 -0.0135 -0.107 0.196 -0.021 -0.107 0.188 0.0165 -0.107 0.1965 0.013 -0.107 0.196 0.012 -0.107 0.1965 0.0135 -0.107 0.196 0.021 -0.107 0.188 0.021 -0.107 0.192 0.0205 -0.107 0.189 0.0135 -0.0845 0.155 0.0205 -0.107 0.162 0.0135 -0.107 0.155 0.0205 -0.0845 0.162 -0.0205 -0.107 0.162 -0.0135 -0.0845 0.155 -0.0135 -0.107 0.155 -0.0205 -0.0845 0.162 -0.0205 -0.107 0.189 -0.0135 -0.0845 0.196 -0.0205 -0.0845 0.189 -0.0135 -0.107 0.196 0.0205 -0.107 0.189 0.0135 -0.0845 0.196 0.0135 -0.107 0.196 0.0205 -0.0845 0.189 0.018 -0.0755 0.1895 0.017 -0.0755 0.1625 0.017 -0.0755 0.1885 0.013 -0.0755 0.1615 -0.0125 -0.0755 0.16 0.014 -0.0755 0.1625 -0.0165 -0.0755 0.1545 -0.018 -0.0755 0.1585 -0.017 -0.0755 0.1575 0.021 -0.0755 0.159 0.017 -0.0755 0.1575 0.018 -0.0755 0.1585 -0.021 -0.0755 0.1835 -0.0155 -0.0755 0.188 -0.013 -0.0755 0.1615 -0.018 -0.0755 0.1615 -0.021 -0.0755 0.159 -0.021 -0.0755 0.1675 -0.0125 -0.0755 0.191 0.013 -0.0755 0.1925 0.0125 -0.0755 0.191 0.021 -0.0755 0.192 -0.013 -0.0755 0.1585 0.0125 -0.0755 0.16 -0.014 -0.0755 0.1575 -0.0155 -0.0755 0.157 0.0165 -0.0755 0.1545 0.014 -0.0755 0.1575 0.0155 -0.0755 0.157 -0.025 -0.0755 0.168 -0.024 -0.0755 0.1675 -0.0245 -0.0755 0.1675 -0.024 -0.0755 0.1835 -0.025 -0.0755 0.1685 -0.025 -0.0755 0.1825 0.0155 -0.0755 0.194 -0.013 -0.0755 0.1925 0.0165 -0.0755 0.1965 -0.014 -0.0755 0.1935 -0.0165 -0.0755 0.1965 -0.017 -0.0755 0.1935 -0.0155 -0.0755 0.194 0.0185 -0.0755 0.16 -0.014 -0.0755 0.1625 -0.0155 -0.0755 0.163 0.018 -0.0755 0.1925 0.0185 -0.0755 0.191 -0.014 -0.0755 0.1885 0.014 -0.0755 0.1935 0.013 -0.0755 0.1895 0.013 -0.0755 0.1585 -0.013 -0.0755 0.1895 0.014 -0.0755 0.1885 0.0155 -0.0755 0.163 0.017 -0.0755 0.1935 0.018 -0.0755 0.1615 0.0155 -0.0755 0.188 -0.0185 -0.0755 0.16 -0.025 -0.0755 0.183 -0.0245 -0.0755 0.1835 -0.021 -0.0755 0.192 -0.018 -0.0755 0.1925 -0.0185 -0.0755 0.191 -0.017 -0.0755 0.1625 -0.018 -0.0755 0.1895 -0.017 -0.0755 0.1885 -0.0135 -0.0845 0.196 -0.021 -0.0845 0.192 -0.0205 -0.0845 0.189 -0.0165 -0.0845 0.1965 -0.013 -0.0845 0.196 -0.012 -0.0845 0.1965 -0.021 -0.0845 0.188 -0.0165 -0.0755 0.1545 -0.012 -0.0845 0.1545 -0.0165 -0.0845 0.1545 -0.0165 -0.115 0.1545 -0.012 -0.107 0.1545 0 -0.115 0.1545 0.012 -0.107 0.1545 0.0165 -0.115 0.1545 0.012 -0.0845 0.1545 0.0165 -0.0755 0.1545 0.0165 -0.0845 0.1545 -0.0165 -0.107 0.1545 0.0165 -0.107 0.1545 -0.021 -0.0845 0.159 -0.0165 -0.0755 0.1545 -0.0165 -0.0845 0.1545 -0.021 -0.0755 0.159 -0.021 -0.0755 0.192 -0.0165 -0.0845 0.1965 -0.0165 -0.0755 0.1965 -0.021 -0.0845 0.192 0.012 -0.107 0.1965 -0.012 -0.107 0.1965 0 -0.115 0.1965 0.0165 -0.0755 0.1965 0.012 -0.0845 0.1965 0.0165 -0.0845 0.1965 -0.0165 -0.115 0.1965 -0.0165 -0.107 0.1965 -0.0165 -0.0755 0.1965 -0.012 -0.0845 0.1965 -0.0165 -0.0845 0.1965 0.0165 -0.115 0.1965 0.0165 -0.107 0.1965 0.0165 -0.0755 0.1965 0.021 -0.0845 0.192 0.021 -0.0755 0.192 0.0165 -0.0845 0.1965 0.021 -0.0755 0.159 0.021 -0.0845 0.1635 0.021 -0.0845 0.159 0.021 -0.107 0.1635 0.021 -0.107 0.1875 0.021 -0.115 0.1755 0.021 -0.0845 0.1875 0.021 -0.115 0.192 0.021 -0.115 0.159 0.021 -0.107 0.159 0.021 -0.0755 0.192 0.021 -0.0845 0.192 0.021 -0.107 0.192 0.021 -0.0755 0.159 0.0165 -0.0845 0.1545 0.0165 -0.0755 0.1545 0.021 -0.0845 0.159 -0.021 -0.0845 0.159 -0.021 -0.0845 0.1625 -0.0165 -0.0845 0.1545 -0.0205 -0.0845 0.162 -0.013 -0.0845 0.1545 -0.0135 -0.0845 0.155 0.0205 -0.0845 0.162 0.0165 -0.0845 0.1545 0.021 -0.0845 0.159 0.021 -0.0845 0.1625 0.0135 -0.0845 0.155 0.013 -0.0845 0.1545 0.0135 -0.0845 0.196 0.0165 -0.0845 0.1965 0.013 -0.0845 0.196 0.012 -0.0845 0.1965 0.0205 -0.0845 0.189 0.021 -0.0845 0.192 0.021 -0.0845 0.188 -0.0145 -0.0775 0.1895 -0.0155 -0.115 0.1895 -0.0145 -0.115 0.1895 -0.0155 -0.0775 0.1895 -0.016 -0.115 0.1895 -0.016 -0.0775 0.1895 -0.0165 -0.115 0.19 -0.0165 -0.0775 0.19 -0.017 -0.115 0.191 -0.014 -0.0775 0.19 -0.014 -0.115 0.19 -0.014 -0.0775 0.191 -0.017 -0.0775 0.191 -0.014 -0.115 0.191 0.0155 -0.115 0.1585 0.016 -0.0775 0.1585 0.0155 -0.0775 0.1585 0.0145 -0.115 0.1585 0.0145 -0.0775 0.1585 0.014 -0.115 0.159 0.014 -0.0775 0.159 0.014 -0.115 0.16 0.014 -0.0775 0.16 0.016 -0.115 0.1585 0.0165 -0.0775 0.159 0.0165 -0.115 0.159 0.017 -0.0775 0.16 0.017 -0.115 0.16 -0.027 -0.0835 0.179 -0.0235 -0.0845 0.179 -0.027 -0.0845 0.179 -0.0235 -0.0835 0.179 -0.0235 -0.0835 0.179 -0.027 -0.0835 0.182 -0.0235 -0.0835 0.182 -0.027 -0.0835 0.179 -0.027 -0.08 0.182 -0.0235 -0.0835 0.182 -0.027 -0.0835 0.182 -0.0235 -0.08 0.182 -0.027 -0.08 0.182 -0.0235 -0.08 0.175 -0.0235 -0.08 0.177 -0.0235 -0.08 0.179 -0.0235 -0.08 0.182 -0.0235 -0.08 0.169 -0.027 -0.08 0.1685 -0.0235 -0.08 0.1685 -0.0235 -0.08 0.171 -0.0235 -0.08 0.173 -0.027 -0.08 0.1685 -0.0235 -0.0835 0.1685 -0.0235 -0.08 0.1685 -0.027 -0.0835 0.1685 -0.0235 -0.0835 0.171 -0.027 -0.0835 0.172 -0.0235 -0.0835 0.172 -0.027 -0.0835 0.1685 -0.0235 -0.0835 0.169 -0.0235 -0.0835 0.1685 -0.0235 -0.0845 0.172 -0.027 -0.0835 0.172 -0.027 -0.0845 0.172 -0.0235 -0.0835 0.172 -0.0235 -0.0835 0.179 -0.0235 -0.0835 0.182 -0.0235 -0.0845 0.177 -0.0235 -0.0835 0.177 -0.0235 -0.0845 0.179 -0.0235 -0.08 0.1685 -0.0235 -0.0835 0.169 -0.0235 -0.08 0.169 -0.0235 -0.0835 0.171 -0.0235 -0.0815 0.17 -0.0235 -0.0825 0.17 -0.0235 -0.0835 0.1685 -0.0235 -0.0835 0.172 -0.0235 -0.0845 0.173 -0.0235 -0.0835 0.173 -0.0235 -0.0825 0.1695 -0.0235 -0.0825 0.1715 -0.0235 -0.0825 0.178 -0.0235 -0.0815 0.1775 -0.0235 -0.0825 0.1775 -0.0235 -0.0815 0.1695 -0.0235 -0.0825 0.18 -0.0235 -0.0815 0.18 -0.0235 -0.08 0.182 -0.0235 -0.08 0.179 -0.0235 -0.0815 0.1795 -0.0235 -0.08 0.177 -0.0235 -0.0815 0.178 -0.0235 -0.0845 0.172 -0.0235 -0.0825 0.1795 -0.0235 -0.0835 0.175 -0.0235 -0.0845 0.175 -0.0235 -0.0825 0.176 -0.0235 -0.0825 0.1755 -0.0235 -0.0815 0.176 -0.0235 -0.0815 0.1755 -0.0235 -0.08 0.175 -0.0235 -0.0815 0.174 -0.0235 -0.0815 0.1735 -0.0235 -0.08 0.173 -0.0235 -0.0825 0.1735 -0.0235 -0.0825 0.174 -0.0235 -0.0815 0.172 -0.0235 -0.0815 0.1715 -0.0235 -0.08 0.171 -0.0235 -0.0825 0.172 -0.025 -0.079 0.169 -0.021 -0.079 0.168 -0.027 -0.079 0.168 -0.025 -0.079 0.1815 -0.021 -0.079 0.183 -0.021 -0.079 0.1815 -0.027 -0.079 0.183 -0.021 -0.079 0.169 -0.021 -0.115 0.1755 -0.021 -0.0845 0.168 -0.021 -0.107 0.1635 -0.021 -0.107 0.1875 -0.021 -0.115 0.192 -0.021 -0.107 0.192 -0.021 -0.078 0.1675 -0.021 -0.0755 0.159 -0.021 -0.0845 0.159 -0.021 -0.078 0.1835 -0.021 -0.0845 0.1875 -0.021 -0.0845 0.192 -0.021 -0.0785 0.169 -0.021 -0.0785 0.1815 -0.021 -0.115 0.159 -0.021 -0.0845 0.1635 -0.021 -0.079 0.168 -0.021 -0.0755 0.192 -0.021 -0.0755 0.1835 -0.021 -0.079 0.183 -0.021 -0.079 0.1815 -0.021 -0.107 0.159 -0.021 -0.079 0.169 -0.021 -0.0845 0.183 -0.021 -0.0755 0.1675 0.0165 -0.115 0.1605 0.016 -0.0775 0.1615 0.0165 -0.0775 0.1605 0.017 -0.115 0.16 0.017 -0.0775 0.16 0.014 -0.115 0.1605 0.014 -0.0775 0.16 0.014 -0.0775 0.1605 0.0145 -0.115 0.1615 0.0145 -0.0775 0.1615 0.016 -0.115 0.1615 0.0155 -0.0775 0.1615 0.0155 -0.115 0.1615 0.014 -0.115 0.16 -0.0165 -0.115 0.1915 -0.017 -0.0775 0.191 -0.0165 -0.0775 0.1915 -0.016 -0.115 0.192 -0.016 -0.0775 0.192 -0.0155 -0.115 0.1925 -0.0155 -0.0775 0.1925 -0.0145 -0.115 0.192 -0.0145 -0.0775 0.192 -0.014 -0.115 0.1915 -0.014 -0.0775 0.1915 -0.014 -0.115 0.191 -0.014 -0.0775 0.191 -0.017 -0.115 0.191 0.015 -0.1145 0.1825 0.0165 -0.115 0.1755 0.015 -0.115 0.1825 0.0165 -0.1145 0.1755 0.0105 -0.1145 0.1885 0.0105 -0.115 0.1885 -0.015 -0.1145 0.1825 -0.0105 -0.115 0.1885 -0.015 -0.115 0.1825 -0.0165 -0.1145 0.1755 -0.0165 -0.115 0.1755 0 -0.115 0.192 0.0035 -0.1145 0.1915 0.0035 -0.115 0.1915 -0.0035 -0.1145 0.1915 -0.0105 -0.1145 0.1885 -0.0035 -0.115 0.1915 -0.0055 -0.117 0.166 0 -0.1145 0.1645 0 -0.117 0.1645 0.0055 -0.1145 0.166 0.0055 -0.117 0.166 0.0095 -0.1145 0.17 0.0095 -0.117 0.17 0.011 -0.1145 0.1755 0.011 -0.117 0.1755 -0.0095 -0.117 0.17 -0.0055 -0.1145 0.166 -0.0095 -0.1145 0.17 -0.011 -0.117 0.1755 -0.011 -0.1145 0.1755 0.003 -0.113 0.1775 0.0035 -0.117 0.1755 0.003 -0.117 0.1775 0 -0.113 0.179 0.002 -0.117 0.1785 0 -0.117 0.179 0.002 -0.113 0.1785 0.0035 -0.113 0.1755 -0.002 -0.113 0.1785 -0.002 -0.117 0.1785 -0.003 -0.113 0.1775 -0.003 -0.117 0.1775 -0.0035 -0.113 0.1755 -0.0035 -0.117 0.1755 0 -0.113 0.1785 -0.0015 -0.083 0.178 0 -0.083 0.1785 -0.0015 -0.113 0.178 -0.0025 -0.083 0.177 -0.0025 -0.113 0.177 -0.003 -0.083 0.1755 0.0025 -0.113 0.177 0.0015 -0.083 0.178 0.0025 -0.083 0.177 0.0015 -0.113 0.178 -0.003 -0.113 0.1755 0.003 -0.113 0.1755 0.003 -0.083 0.1755 0.014 -0.0775 0.191 0.014 -0.115 0.1915 0.014 -0.115 0.191 0.014 -0.0775 0.1915 0.0145 -0.115 0.192 0.0145 -0.0775 0.192 0.0155 -0.115 0.1925 0.0155 -0.0775 0.1925 0.016 -0.115 0.192 0.016 -0.0775 0.192 0.0165 -0.115 0.1915 0.0165 -0.0775 0.1915 0.017 -0.115 0.191 0.017 -0.0775 0.191 -0.017 -0.0775 0.16 -0.0165 -0.115 0.1605 -0.017 -0.115 0.16 -0.016 -0.115 0.1615 -0.0165 -0.0775 0.1605 -0.016 -0.0775 0.1615 -0.0145 -0.115 0.1615 -0.0155 -0.0775 0.1615 -0.0145 -0.0775 0.1615 -0.014 -0.115 0.1605 -0.014 -0.0775 0.1605 -0.0155 -0.115 0.1615 -0.014 -0.115 0.16 -0.014 -0.0775 0.16 -0.0155 -0.0775 0.194 -0.017 -0.0755 0.1935 -0.0155 -0.0755 0.194 -0.0185 -0.0755 0.191 -0.018 -0.0775 0.1925 -0.0185 -0.0775 0.191 -0.018 -0.0755 0.1925 -0.014 -0.0775 0.1935 -0.017 -0.0775 0.1935 -0.014 -0.0755 0.1935 -0.0125 -0.0775 0.191 -0.013 -0.0755 0.1925 -0.0125 -0.0755 0.191 -0.013 -0.0775 0.1925 -0.0185 -0.0755 0.16 -0.018 -0.0775 0.1615 -0.0185 -0.0775 0.16 -0.013 -0.0755 0.1615 -0.0125 -0.0775 0.16 -0.013 -0.0775 0.1615 -0.014 -0.0755 0.1625 -0.014 -0.0775 0.1625 -0.0155 -0.0755 0.163 -0.0155 -0.0775 0.163 -0.0125 -0.0755 0.16 -0.017 -0.0755 0.1625 -0.017 -0.0775 0.1625 -0.018 -0.0755 0.1615 0.013 -0.0755 0.1615 0.014 -0.0775 0.1625 0.013 -0.0775 0.1615 0.014 -0.0755 0.1625 0.0155 -0.0775 0.163 0.0155 -0.0755 0.163 0.017 -0.0775 0.1625 0.0125 -0.0755 0.16 0.0125 -0.0775 0.16 0.018 -0.0755 0.1615 0.0185 -0.0775 0.16 0.018 -0.0775 0.1615 0.017 -0.0755 0.1625 0.0185 -0.0755 0.16 0.018 -0.0775 0.1925 0.017 -0.0755 0.1935 0.018 -0.0755 0.1925 0.0185 -0.0775 0.191 0.0185 -0.0755 0.191 0.017 -0.0775 0.1935 0.0155 -0.0755 0.194 0.0155 -0.0775 0.194 0.014 -0.0755 0.1935 0.014 -0.0775 0.1935 0.013 -0.0755 0.1925 0.013 -0.0775 0.1925 0.0125 -0.0755 0.191 0.0125 -0.0775 0.191 0.0415 -0.089 0.09 0.0415 -0.0885 0.232 0.0415 -0.089 0.2325 0.0415 -0.0885 0.09 0.0415 -0.088 0.232 0.04 -0.079 0.081 0.041 -0.0865 0.089 0.041 -0.086 0.0885 0.041 -0.0865 0.233 0.041 -0.0865 0.0895 0.0415 -0.087 0.09 0.04 -0.079 0.2415 0.0415 -0.087 0.2355 0.041 -0.0865 0.235 0.0415 -0.0875 0.236 0.041 -0.091 0.2415 0.041 -0.09 0.2345 0.041 -0.0895 0.235 0.041 -0.091 0.081 0.041 -0.0895 0.233 0.041 -0.09 0.2335 0.041 -0.09 0.234 0.0415 -0.089 0.2355 0.0415 -0.0885 0.236 0.0415 -0.088 0.236 0.041 -0.086 0.2345 0.0355 -0.0675 0.081 0.0355 -0.0675 0.2415 0.028 -0.0575 0.081 0.028 -0.0575 0.2415 -0.028 -0.0575 0.2415 -0.0355 -0.0675 0.081 -0.0355 -0.0675 0.2415 -0.04 -0.079 0.081 -0.04 -0.079 0.2415 -0.041 -0.091 0.2415 -0.041 -0.09 0.2345 -0.041 -0.09 0.234 -0.0415 -0.0885 0.236 -0.0415 -0.089 0.2355 -0.0415 -0.087 0.087 -0.041 -0.0865 0.0875 -0.041 -0.091 0.081 -0.041 -0.0895 0.0875 -0.0415 -0.089 0.087 -0.041 -0.0895 0.088 -0.041 -0.09 0.0885 -0.0415 -0.0875 0.087 -0.0415 -0.0885 0.087 -0.0415 -0.088 0.0865 -0.0415 -0.089 0.09 -0.041 -0.09 0.2335 -0.041 -0.0895 0.233 -0.0415 -0.089 0.2325 -0.0415 -0.087 0.09 -0.0415 -0.087 0.2325 -0.041 -0.0865 0.233 -0.041 -0.0865 0.0895 -0.041 -0.0865 0.089 -0.041 -0.0865 0.088 -0.041 -0.086 0.0885 -0.0415 -0.0885 0.09 -0.0415 -0.088 0.0905 -0.0415 -0.0885 0.232 -0.0415 -0.088 0.232 0.041 -0.0865 0.088 0.041 -0.0865 0.0875 -0.0415 -0.0875 0.09 -0.0415 -0.0875 0.232 -0.041 -0.0865 0.235 -0.0415 -0.087 0.2355 -0.041 -0.086 0.2345 -0.041 -0.086 0.2335 -0.041 -0.086 0.234 0.0415 -0.088 0.0905 -0.0415 -0.088 0.236 -0.0415 -0.0875 0.236 -0.041 -0.0895 0.235 -0.041 -0.0895 0.0895 -0.041 -0.0895 0.089 -0.0385 -0.103 0.081 -0.0385 -0.103 0.2415 -0.0325 -0.1135 0.081 -0.0325 -0.1135 0.2415 -0.0235 -0.122 0.081 -0.0235 -0.122 0.2415 0.0225 -0.0535 0.1035 0.018 -0.051 0.081 0.018 -0.051 0.1035 0.018 -0.051 0.2415 0.0185 -0.051 0.152 0.018 -0.051 0.152 0.006 -0.047 0.081 -0.006 -0.047 0.1035 -0.002 -0.047 0.0885 -0.006 -0.047 0.081 -0.018 -0.051 0.081 -0.0225 -0.0535 0.1035 -0.018 -0.051 0.1035 -0.018 -0.051 0.151 -0.006 -0.047 0.2415 -0.006 -0.047 0.151 -0.005 -0.047 0.2415 -0.005 -0.047 0.151 -0.006 -0.129 0.202 -0.012 -0.1275 0.2415 -0.012 -0.1275 0.202 -0.015 -0.1265 0.202 -0.012 -0.1275 0.1545 0 -0.1295 0.0905 0 -0.1295 0.1545 0 -0.1295 0.081 0.0005 -0.1295 0.087 0 -0.1295 0.0865 0.012 -0.1275 0.081 0.022 -0.123 0.1545 0.012 -0.1275 0.1545 0.012 -0.1275 0.202 0.004 -0.129 0.2415 0.004 -0.129 0.202 0.005 -0.047 0.151 0.006 -0.047 0.2415 0.006 -0.047 0.151 0.0155 -0.05 0.151 0.0325 -0.1135 0.081 0.0235 -0.122 0.2415 0.0235 -0.122 0.081 0.0385 -0.103 0.081 0.0325 -0.1135 0.2415 0.0385 -0.103 0.2415 0.041 -0.086 0.234 -0.028 -0.0575 0.081 0.0415 -0.0885 0.087 0.0415 -0.089 0.087 0.041 -0.0895 0.0875 0.041 -0.0895 0.0895 0.016 -0.05 0.1515 0.005 -0.047 0.2415 0.012 -0.1275 0.2415 0.022 -0.123 0.202 0.001 -0.1295 0.087 0.0415 -0.0875 0.232 0.0415 -0.0875 0.09 0.0415 -0.087 0.2325 0.0225 -0.0535 0.151 0.041 -0.086 0.2335 0.041 -0.09 0.0885 0.041 -0.0895 0.089 0.041 -0.0895 0.088 0.0415 -0.088 0.0865 0.0415 -0.0875 0.087 0.0415 -0.087 0.087 0.0015 -0.129 0.088 0.002 -0.129 0.0885 0.0015 -0.129 0.089 0.0015 -0.129 0.0895 0.001 -0.1295 0.09 0.0015 -0.129 0.0875 0.0005 -0.1295 0.09 -0.0005 -0.1295 0.09 -0.001 -0.1295 0.09 -0.0015 -0.129 0.089 -0.012 -0.1275 0.081 -0.002 -0.129 0.0885 -0.0015 -0.129 0.088 -0.0015 -0.129 0.0875 -0.0015 -0.129 0.0895 -0.001 -0.1295 0.087 -0.0005 -0.1295 0.087 -0.0155 -0.1265 0.2025 -0.018 -0.125 0.203 -0.0205 -0.124 0.2025 -0.021 -0.1235 0.202 -0.022 -0.123 0.202 -0.022 -0.123 0.201 -0.022 -0.123 0.195 -0.022 -0.123 0.1545 -0.006 -0.129 0.2415 -0.018 -0.051 0.2415 -0.0225 -0.0535 0.151 -0.0015 -0.047 0.089 -0.0015 -0.047 0.0895 -0.001 -0.0465 0.09 0 -0.0465 0.0905 0.006 -0.047 0.1035 0.0005 -0.0465 0.09 0.001 -0.0465 0.09 -0.0005 -0.0465 0.09 0.002 -0.047 0.0885 0.0015 -0.047 0.089 0.0015 -0.047 0.088 0.0015 -0.047 0.0875 0.0015 -0.047 0.0895 0.0005 -0.0465 0.087 0 -0.0465 0.081 0 -0.0465 0.0865 -0.0005 -0.0465 0.087 -0.001 -0.0465 0.087 0.001 -0.0465 0.087 -0.0015 -0.047 0.0875 -0.0015 -0.047 0.088 0.0215 -0.053 0.151 0.021 -0.0525 0.1515 0.0225 -0.0535 0.15 0.0225 -0.0535 0.144 0.0225 -0.0535 0.151 0.0215 -0.0535 0.151 0.0215 -0.053 0.151 0.0155 -0.05 0.151 0.005 -0.0535 0.151 0.006 -0.047 0.151 0.0155 -0.0535 0.151 0.005 -0.047 0.151 0.005 -0.0535 0.151 0.0145 -0.0535 0.141 0.014 -0.0535 0.1405 0.016 -0.0535 0.1425 0.016 -0.0535 0.141 0.0155 -0.0535 0.1415 0.0225 -0.0535 0.1035 0.016 -0.0535 0.1075 0.0165 -0.0535 0.108 -0.0165 -0.0535 0.108 -0.0225 -0.0535 0.1035 -0.017 -0.0535 0.109 0.016 -0.0535 0.1105 0.0155 -0.0535 0.1385 0.0165 -0.0535 0.11 -0.0145 -0.0535 0.1105 -0.005 -0.0535 0.1185 -0.014 -0.0535 0.11 0.0155 -0.0535 0.1105 -0.014 -0.0535 0.109 -0.014 -0.0535 0.14 -0.014 -0.0535 0.139 -0.0155 -0.0535 0.1385 -0.0145 -0.0535 0.1385 -0.016 -0.0535 0.1385 -0.016 -0.0535 0.1105 -0.0165 -0.0535 0.11 0.021 -0.0535 0.1425 0.0225 -0.0535 0.144 -0.016 -0.0535 0.1075 0.0145 -0.0535 0.1385 0.005 -0.0535 0.1185 0.014 -0.0535 0.139 -0.0145 -0.0535 0.1075 -0.0155 -0.0535 0.1075 -0.0165 -0.0535 0.1405 -0.0225 -0.0535 0.151 -0.016 -0.0535 0.141 -0.0155 -0.0535 0.1415 -0.005 -0.0535 0.151 -0.0145 -0.0535 0.141 -0.017 -0.0535 0.14 0.016 -0.0535 0.1385 0.0165 -0.0535 0.139 0.017 -0.0535 0.109 -0.0155 -0.0535 0.1105 -0.014 -0.0535 0.108 -0.014 -0.0535 0.1405 -0.0165 -0.0535 0.139 0.0145 -0.0535 0.1105 0.014 -0.0535 0.11 0.014 -0.0535 0.109 0.014 -0.0535 0.14 0.0155 -0.0535 0.1075 0.0165 -0.0535 0.1405 0.0185 -0.0535 0.142 0.017 -0.0535 0.14 0.0145 -0.0535 0.1445 0.0135 -0.0535 0.147 0.014 -0.0535 0.108 0.0145 -0.0535 0.1075 0.0145 -0.0535 0.1495 0.0155 -0.0535 0.151 -0.012 -0.1275 0.202 -0.006 -0.123 0.202 -0.006 -0.129 0.202 -0.015 -0.123 0.202 -0.015 -0.1265 0.202 -0.021 -0.123 0.202 -0.021 -0.1235 0.202 -0.022 -0.123 0.202 -0.016 -0.123 0.192 -0.018 -0.123 0.193 -0.0165 -0.123 0.1915 -0.016 -0.123 0.1615 -0.016 -0.123 0.1895 -0.0165 -0.123 0.161 -0.006 -0.123 0.171 -0.0155 -0.123 0.1895 -0.0155 -0.123 0.1935 -0.0135 -0.123 0.1955 -0.0145 -0.123 0.1895 -0.022 -0.123 0.1545 -0.017 -0.123 0.16 -0.017 -0.123 0.191 -0.0165 -0.123 0.19 -0.0165 -0.123 0.159 -0.0155 -0.123 0.1585 0.022 -0.123 0.1545 -0.0145 -0.123 0.1585 0.0155 -0.123 0.1585 -0.014 -0.123 0.159 -0.0205 -0.123 0.1935 -0.016 -0.123 0.1585 -0.006 -0.123 0.202 -0.014 -0.123 0.191 0.0165 -0.123 0.1915 0.022 -0.123 0.202 0.016 -0.123 0.192 0.004 -0.123 0.202 0.0155 -0.123 0.1925 0.014 -0.123 0.1915 0.014 -0.123 0.191 0.014 -0.123 0.19 0.004 -0.123 0.171 0.0145 -0.123 0.1895 0.0155 -0.123 0.1895 0.016 -0.123 0.1615 0.016 -0.123 0.1895 -0.014 -0.123 0.161 -0.0145 -0.123 0.1615 -0.014 -0.123 0.19 0.0155 -0.123 0.1615 0.017 -0.123 0.191 0.0165 -0.123 0.159 0.017 -0.123 0.16 0.0165 -0.123 0.19 -0.0155 -0.123 0.1615 0.0165 -0.123 0.161 -0.014 -0.123 0.16 0.014 -0.123 0.159 0.014 -0.123 0.16 -0.0155 -0.123 0.1925 -0.0145 -0.123 0.192 0.0145 -0.123 0.192 0.0145 -0.123 0.1585 0.014 -0.123 0.161 0.0145 -0.123 0.1615 -0.022 -0.123 0.195 -0.0135 -0.123 0.2005 -0.013 -0.123 0.198 -0.015 -0.123 0.202 0.016 -0.123 0.1585 -0.014 -0.123 0.1915 0.004 -0.123 0.171 -0.006 -0.117 0.171 -0.006 -0.123 0.171 0.004 -0.117 0.171 0.005 -0.0545 0.1585 0.005 -0.0535 0.151 0.005 -0.059 0.1585 0.005 -0.047 0.2415 0.005 -0.047 0.151 0.005 -0.059 0.134 0.005 -0.057 0.134 0.005 -0.0535 0.1185 0.005 -0.0545 0.2415 0.005 -0.057 0.1185 -0.005 -0.0535 0.1185 -0.005 -0.057 0.1345 -0.005 -0.057 0.1185 -0.005 -0.047 0.151 -0.005 -0.0545 0.1585 -0.005 -0.0535 0.151 -0.005 -0.047 0.2415 -0.005 -0.0545 0.2415 -0.005 -0.059 0.1585 -0.005 -0.059 0.1345 0.0155 -0.058 0.1585 0.005 -0.059 0.1585 0.0175 -0.059 0.1585 0.005 -0.0545 0.1585 -0.0145 -0.0535 0.141 -0.014 -0.059 0.1405 -0.0145 -0.059 0.141 -0.0155 -0.0535 0.1415 -0.0155 -0.059 0.1415 -0.016 -0.0535 0.141 -0.016 -0.059 0.141 -0.0165 -0.0535 0.1405 -0.0165 -0.059 0.1405 -0.014 -0.0535 0.139 -0.0145 -0.059 0.1385 -0.014 -0.059 0.139 -0.017 -0.0535 0.14 -0.014 -0.0535 0.1405 -0.014 -0.059 0.14 -0.014 -0.0535 0.14 -0.0145 -0.0535 0.1385 -0.0155 -0.059 0.1385 -0.0155 -0.0535 0.1385 -0.016 -0.059 0.1385 -0.016 -0.0535 0.1385 -0.017 -0.059 0.14 -0.0165 -0.0535 0.139 -0.0165 -0.059 0.139 0.014 -0.059 0.139 0.0145 -0.0535 0.1385 0.014 -0.0535 0.139 0.0145 -0.059 0.1385 0.0155 -0.0535 0.1385 0.0155 -0.059 0.1385 0.016 -0.0535 0.1385 0.016 -0.059 0.1385 0.0165 -0.0535 0.139 0.0165 -0.059 0.139 0.017 -0.0535 0.14 0.017 -0.059 0.14 0.0165 -0.0535 0.1405 0.0165 -0.059 0.1405 0.016 -0.0535 0.141 0.016 -0.059 0.141 0.0155 -0.0535 0.1415 0.0155 -0.059 0.1415 0.0145 -0.0535 0.141 0.0145 -0.059 0.141 0.014 -0.0535 0.1405 0.014 -0.059 0.1405 0.014 -0.0535 0.14 0.014 -0.059 0.14 0.0145 -0.059 0.1075 0.0155 -0.0535 0.1075 0.0145 -0.0535 0.1075 0.0155 -0.059 0.1075 0.016 -0.0535 0.1075 0.016 -0.059 0.1075 0.0165 -0.0535 0.108 0.0165 -0.059 0.108 0.017 -0.0535 0.109 0.017 -0.059 0.109 0.0165 -0.0535 0.11 0.014 -0.059 0.108 0.014 -0.0535 0.108 0.014 -0.059 0.109 0.014 -0.0535 0.109 0.0165 -0.059 0.11 0.016 -0.0535 0.1105 0.016 -0.059 0.1105 0.0155 -0.0535 0.1105 0.0155 -0.059 0.1105 0.0145 -0.0535 0.1105 0.0145 -0.059 0.1105 0.014 -0.0535 0.11 0.014 -0.059 0.11 -0.017 -0.059 0.109 -0.0165 -0.0535 0.108 -0.017 -0.0535 0.109 -0.0165 -0.059 0.108 -0.016 -0.0535 0.1075 -0.016 -0.059 0.1075 -0.0155 -0.0535 0.1075 -0.0155 -0.059 0.1075 -0.0145 -0.0535 0.1075 -0.0145 -0.059 0.1075 -0.014 -0.0535 0.108 -0.014 -0.059 0.108 -0.014 -0.0535 0.109 -0.014 -0.059 0.109 -0.014 -0.0535 0.11 -0.014 -0.059 0.11 -0.0145 -0.0535 0.1105 -0.0145 -0.059 0.1105 -0.0155 -0.0535 0.1105 -0.0155 -0.059 0.1105 -0.016 -0.0535 0.1105 -0.016 -0.059 0.1105 -0.0165 -0.0535 0.11 -0.0165 -0.059 0.11 -0.0155 -0.058 0.1585 -0.005 -0.059 0.1585 -0.005 -0.0545 0.1585 -0.0175 -0.059 0.1585 0.005 -0.057 0.134 0.009 -0.059 0.1305 0.005 -0.059 0.134 0.011 -0.057 0.1255 0.01 -0.059 0.1205 0.011 -0.059 0.1255 0.01 -0.057 0.1205 0.007 -0.059 0.116 0.007 -0.057 0.116 0.0025 -0.059 0.1135 0.0025 -0.057 0.1135 -0.003 -0.059 0.114 -0.003 -0.057 0.114 -0.0075 -0.059 0.1165 -0.0075 -0.057 0.1165 -0.0105 -0.059 0.1205 -0.0105 -0.057 0.1205 -0.011 -0.059 0.126 -0.011 -0.057 0.126 -0.009 -0.059 0.131 -0.009 -0.057 0.131 -0.005 -0.059 0.1345 -0.005 -0.057 0.1345 0.009 -0.057 0.1305 0.0005 -0.1275 0.087 0 -0.1275 0.081 0 -0.1275 0.0865 0.001 -0.1275 0.087 0.012 -0.1255 0.099 0.0015 -0.127 0.0895 0.001 -0.1275 0.09 0.0015 -0.127 0.089 0.0015 -0.127 0.0875 0.012 -0.1255 0.081 0.0015 -0.127 0.088 0.002 -0.127 0.0885 0.0015 -0.049 0.089 0.012 -0.0505 0.099 0.0015 -0.049 0.0895 0.002 -0.049 0.0885 0.0015 -0.049 0.088 0.012 -0.0505 0.081 0 -0.0485 0.081 0.001 -0.0485 0.087 0.0005 -0.0485 0.087 -0.001 -0.0485 0.087 -0.012 -0.0505 0.081 -0.0005 -0.0485 0.087 0 -0.0485 0.0865 -0.012 -0.0505 0.099 -0.0015 -0.049 0.0895 -0.001 -0.0485 0.09 -0.0015 -0.049 0.089 -0.0015 -0.049 0.0875 -0.0015 -0.049 0.088 -0.002 -0.049 0.0885 0 -0.0485 0.099 -0.0005 -0.0485 0.09 -0.023 -0.12 0.099 -0.012 -0.1255 0.081 -0.023 -0.12 0.081 -0.032 -0.111 0.099 -0.032 -0.111 0.081 -0.0375 -0.1 0.099 -0.0375 -0.1 0.081 -0.032 -0.065 0.099 -0.0375 -0.076 0.081 -0.032 -0.065 0.081 -0.023 -0.056 0.099 -0.023 -0.056 0.081 0.023 -0.056 0.099 0.023 -0.056 0.081 0.032 -0.065 0.099 0.032 -0.065 0.081 0.0375 -0.076 0.099 0.0375 -0.076 0.081 -0.001 -0.1275 0.087 -0.0005 -0.1275 0.087 -0.0015 -0.127 0.088 -0.002 -0.127 0.0885 0.032 -0.111 0.099 0.0375 -0.1 0.081 0.032 -0.111 0.081 -0.0015 -0.127 0.089 -0.012 -0.1255 0.099 -0.0015 -0.127 0.0895 -0.0015 -0.127 0.0875 -0.001 -0.1275 0.09 0 -0.1275 0.099 -0.0005 -0.1275 0.09 0 -0.1275 0.0905 -0.0395 -0.089 0.09 -0.0395 -0.088 0.099 -0.0395 -0.0885 0.09 -0.039 -0.09 0.0885 -0.039 -0.0895 0.089 -0.039 -0.0895 0.088 -0.039 -0.0895 0.0875 -0.0395 -0.089 0.087 -0.039 -0.0895 0.0895 -0.0395 -0.088 0.081 -0.0395 -0.0885 0.087 -0.0395 -0.088 0.0865 -0.0395 -0.087 0.087 -0.0395 -0.0875 0.087 -0.039 -0.0865 0.088 -0.039 -0.086 0.0885 -0.0375 -0.076 0.099 -0.039 -0.0865 0.089 -0.039 -0.0865 0.0895 -0.039 -0.0865 0.0875 -0.0395 -0.087 0.09 -0.0395 -0.0875 0.09 -0.0395 -0.088 0.0905 0.0005 -0.1275 0.09 0.0395 -0.088 0.081 0.0395 -0.0885 0.087 0.0395 -0.088 0.0865 0.0395 -0.088 0.099 0.0395 -0.0875 0.09 0.0395 -0.088 0.0905 0 -0.0485 0.0905 0.0375 -0.1 0.099 0.023 -0.12 0.099 0.023 -0.12 0.081 0.0015 -0.049 0.0875 0.001 -0.0485 0.09 0.0005 -0.0485 0.09 0.0395 -0.087 0.09 0.039 -0.086 0.0885 0.039 -0.0865 0.089 0.039 -0.0865 0.088 0.039 -0.0865 0.0875 0.0395 -0.087 0.087 0.039 -0.0865 0.0895 0.0395 -0.0875 0.087 0.0395 -0.089 0.087 0.039 -0.0895 0.088 0.039 -0.09 0.0885 0.039 -0.0895 0.089 0.039 -0.0895 0.0895 0.039 -0.0895 0.0875 0.0395 -0.089 0.09 0.0395 -0.0885 0.09 0.0195 -0.1155 0.2095 0.011 -0.12 0.2415 0.021 -0.1145 0.2415 -0.031 -0.074 0.099 -0.0245 -0.065 0.2415 -0.031 -0.074 0.2415 0.0245 -0.065 0.099 0.031 -0.074 0.2415 0.0245 -0.065 0.2415 0.011 -0.12 0.2095 0.004 -0.1215 0.2415 0.005 -0.0545 0.1585 0.0155 -0.058 0.2415 0.005 -0.0545 0.2415 0.0205 -0.061 0.1585 0.0205 -0.061 0.099 0.0335 -0.085 0.2415 0.0325 -0.0785 0.1035 0.0335 -0.085 0.1035 0.033 -0.096 0.2415 0.0335 -0.09 0.2345 0.0335 -0.09 0.234 0.033 -0.096 0.1035 0.0285 -0.1065 0.2415 0.022 -0.1135 0.1545 0.021 -0.1145 0.1545 0.021 -0.1145 0.1035 0.011 -0.12 0.1445 0.021 -0.1145 0.1445 0.011 -0.12 0.1035 0 -0.122 0.1445 0 -0.122 0.1035 -0.011 -0.12 0.1445 -0.011 -0.12 0.1035 -0.021 -0.1145 0.1445 -0.021 -0.1145 0.1035 -0.022 -0.1135 0.1445 -0.0285 -0.1065 0.1035 -0.033 -0.096 0.2415 -0.0285 -0.1065 0.2415 -0.0335 -0.085 0.2415 -0.0335 -0.086 0.2345 -0.0335 -0.086 0.234 -0.0325 -0.0785 0.1035 -0.0325 -0.0785 0.099 -0.0155 -0.058 0.2415 -0.0175 -0.059 0.1585 -0.0155 -0.058 0.1585 -0.005 -0.0545 0.2415 -0.006 -0.121 0.2095 -0.011 -0.12 0.2415 -0.006 -0.121 0.2415 -0.021 -0.1145 0.1545 -0.0195 -0.1155 0.2095 -0.0195 -0.1155 0.1545 -0.021 -0.1145 0.2415 -0.011 -0.12 0.2095 -0.005 -0.0545 0.1585 -0.0245 -0.065 0.099 -0.0205 -0.061 0.1585 -0.0205 -0.061 0.099 -0.0335 -0.085 0.1035 -0.034 -0.0875 0.236 -0.034 -0.087 0.2355 -0.0335 -0.0865 0.233 -0.034 -0.087 0.2325 -0.0335 -0.086 0.2335 -0.033 -0.096 0.1035 -0.034 -0.089 0.2325 -0.0335 -0.0895 0.233 -0.034 -0.0885 0.232 -0.034 -0.0875 0.232 -0.034 -0.088 0.232 -0.0335 -0.0895 0.235 -0.034 -0.089 0.2355 -0.0335 -0.09 0.2345 -0.0335 -0.09 0.2335 -0.0335 -0.09 0.234 -0.034 -0.088 0.236 -0.034 -0.0885 0.236 0.0195 -0.1155 0.1545 0.004 -0.1215 0.2095 0.0155 -0.058 0.1585 0.031 -0.074 0.099 0.0175 -0.059 0.1585 -0.0335 -0.0865 0.235 -0.022 -0.1135 0.1545 0.022 -0.1135 0.1445 0.0285 -0.1065 0.1035 0.034 -0.0875 0.232 0.034 -0.087 0.2325 0.0335 -0.0895 0.233 0.034 -0.089 0.2325 0.0335 -0.09 0.2335 0.034 -0.088 0.232 0.034 -0.0885 0.232 0.034 -0.089 0.2355 0.0335 -0.0895 0.235 0.034 -0.0885 0.236 0.0335 -0.086 0.2345 0.0335 -0.0865 0.235 0.0335 -0.0865 0.233 0.0335 -0.086 0.2335 0.0335 -0.086 0.234 0.034 -0.087 0.2355 0.034 -0.0875 0.236 0.034 -0.088 0.236 0.0325 -0.0785 0.099 -0.011 -0.12 0.2095 -0.006 -0.1155 0.2095 -0.0195 -0.1155 0.2095 -0.006 -0.121 0.2095 -0.022 -0.123 0.201 -0.021 -0.123 0.202 -0.022 -0.123 0.202 0.0225 -0.0535 0.15 0.0215 -0.0535 0.151 0.0225 -0.0535 0.151 0.0235 -0.122 0.081 0.012 -0.1255 0.081 0.023 -0.12 0.081 0 -0.1275 0.081 -0.012 -0.1275 0.081 -0.012 -0.1255 0.081 -0.0235 -0.122 0.081 -0.023 -0.12 0.081 -0.0325 -0.1135 0.081 -0.032 -0.111 0.081 -0.0385 -0.103 0.081 -0.0375 -0.1 0.081 -0.0375 -0.076 0.081 -0.0355 -0.0675 0.081 -0.032 -0.065 0.081 -0.028 -0.0575 0.081 -0.023 -0.056 0.081 0.028 -0.0575 0.081 0.032 -0.065 0.081 0.023 -0.056 0.081 0.012 -0.1275 0.081 0.0325 -0.1135 0.081 0.041 -0.091 0.081 0.0375 -0.1 0.081 0.0395 -0.088 0.081 0 -0.1295 0.081 0.0385 -0.103 0.081 0.032 -0.111 0.081 0.0355 -0.0675 0.081 0.0375 -0.076 0.081 0.018 -0.051 0.081 0.012 -0.0505 0.081 -0.04 -0.079 0.081 0.04 -0.079 0.081 0.006 -0.047 0.081 -0.006 -0.047 0.081 -0.012 -0.0505 0.081 -0.018 -0.051 0.081 -0.041 -0.091 0.081 -0.0395 -0.088 0.081 0 -0.0485 0.081 0 -0.0465 0.081 -0.005 -0.0535 0.151 -0.018 -0.051 0.151 -0.006 -0.047 0.151 -0.0225 -0.0535 0.151 -0.005 -0.047 0.151 0.018 -0.051 0.1035 -0.006 -0.047 0.1035 -0.018 -0.051 0.1035 -0.0225 -0.0535 0.1035 0.0225 -0.0535 0.1035 0.006 -0.047 0.1035 0.0155 -0.1155 0.1895 0.0145 -0.123 0.1895 0.0155 -0.123 0.1895 0.016 -0.1155 0.1895 0.016 -0.123 0.1895 0.0165 -0.1155 0.19 0.0165 -0.123 0.19 0.017 -0.1155 0.191 0.017 -0.123 0.191 0.014 -0.1155 0.19 0.014 -0.123 0.191 0.014 -0.123 0.19 0.014 -0.1155 0.191 0.014 -0.123 0.1915 0.014 -0.1155 0.1915 0.0145 -0.123 0.192 0.0145 -0.1155 0.192 0.0155 -0.123 0.1925 0.0155 -0.1155 0.1925 0.016 -0.123 0.192 0.016 -0.1155 0.192 0.0165 -0.123 0.1915 0.0165 -0.1155 0.1915 0.0145 -0.1155 0.1895 -0.016 -0.123 0.1585 -0.0155 -0.1155 0.1585 -0.016 -0.1155 0.1585 -0.014 -0.1155 0.159 -0.0145 -0.123 0.1585 -0.014 -0.123 0.159 -0.0145 -0.1155 0.1585 -0.0155 -0.123 0.1585 -0.0165 -0.123 0.159 -0.0165 -0.1155 0.159 -0.017 -0.123 0.16 -0.017 -0.1155 0.16 -0.0165 -0.123 0.161 -0.0165 -0.1155 0.161 -0.016 -0.123 0.1615 -0.016 -0.1155 0.1615 -0.0155 -0.123 0.1615 -0.0155 -0.1155 0.1615 -0.0145 -0.123 0.1615 -0.0145 -0.1155 0.1615 -0.014 -0.123 0.161 -0.014 -0.1155 0.161 -0.014 -0.123 0.16 -0.014 -0.1155 0.16 -0.0165 -0.123 0.1915 -0.017 -0.1155 0.191 -0.0165 -0.1155 0.1915 -0.0155 -0.123 0.1925 -0.016 -0.1155 0.192 -0.0155 -0.1155 0.1925 -0.0145 -0.123 0.192 -0.0145 -0.1155 0.192 -0.014 -0.123 0.1915 -0.014 -0.1155 0.1915 -0.014 -0.123 0.191 -0.014 -0.1155 0.191 -0.016 -0.123 0.192 -0.017 -0.123 0.191 -0.0165 -0.1155 0.19 -0.0165 -0.123 0.19 -0.016 -0.1155 0.1895 -0.016 -0.123 0.1895 -0.0155 -0.1155 0.1895 -0.0155 -0.123 0.1895 -0.0145 -0.1155 0.1895 -0.0145 -0.123 0.1895 -0.014 -0.1155 0.19 -0.014 -0.123 0.19 0.0145 -0.123 0.1585 0.0155 -0.1155 0.1585 0.0145 -0.1155 0.1585 0.0165 -0.1155 0.159 0.016 -0.123 0.1585 0.0165 -0.123 0.159 0.016 -0.1155 0.1585 0.0155 -0.123 0.1585 0.014 -0.123 0.159 0.014 -0.1155 0.159 0.014 -0.123 0.16 0.014 -0.1155 0.16 0.014 -0.123 0.161 0.014 -0.1155 0.161 0.0145 -0.123 0.1615 0.0145 -0.1155 0.1615 0.0155 -0.123 0.1615 0.0155 -0.1155 0.1615 0.016 -0.123 0.1615 0.016 -0.1155 0.1615 0.0165 -0.123 0.161 0.0165 -0.1155 0.161 0.017 -0.123 0.16 0.017 -0.1155 0.16 -0.012 -0.1275 0.1545 0.012 -0.1275 0.1545 0.022 -0.123 0.1545 -0.022 -0.123 0.1545 0 -0.1295 0.1545 0.012 -0.1275 0.202 0.004 -0.123 0.202 0.022 -0.123 0.202 0.004 -0.129 0.202 0.004 -0.1155 0.2095 0.014 -0.1155 0.1915 0.014 -0.1155 0.191 0.0195 -0.1155 0.2095 0.0165 -0.1155 0.1915 0.016 -0.1155 0.192 0.0085 -0.1155 0.1825 0.014 -0.1155 0.19 0.0145 -0.1155 0.1895 0.0155 -0.1155 0.1925 0.0145 -0.1155 0.192 0.004 -0.1155 0.1855 -0.0195 -0.1155 0.2095 -0.0165 -0.1155 0.1915 -0.017 -0.1155 0.191 0.0105 -0.1155 0.178 -0.0065 -0.1155 0.1665 -0.0145 -0.1155 0.1615 -0.01 -0.1155 0.1705 0.0195 -0.1155 0.1545 0.017 -0.1155 0.191 0.0105 -0.1155 0.1725 -0.017 -0.1155 0.16 -0.0195 -0.1155 0.1545 0.0165 -0.1155 0.19 0.016 -0.1155 0.1895 -0.0155 -0.1155 0.1585 0.014 -0.1155 0.161 0.014 -0.1155 0.16 0.0145 -0.1155 0.1615 -0.0145 -0.1155 0.1585 0.0155 -0.1155 0.1615 0.0155 -0.1155 0.1585 0.016 -0.1155 0.1585 -0.006 -0.1155 0.2095 -0.014 -0.1155 0.1915 -0.0145 -0.1155 0.192 -0.0155 -0.1155 0.1925 -0.016 -0.1155 0.192 -0.0165 -0.1155 0.159 -0.016 -0.1155 0.1585 0.0165 -0.1155 0.159 -0.0155 -0.1155 0.1615 -0.0165 -0.1155 0.161 -0.016 -0.1155 0.1615 0.014 -0.1155 0.159 0.0145 -0.1155 0.1585 0.017 -0.1155 0.16 0.0165 -0.1155 0.161 -0.0165 -0.1155 0.19 -0.016 -0.1155 0.1895 -0.006 -0.1155 0.1845 -0.014 -0.1155 0.19 -0.014 -0.1155 0.191 0.016 -0.1155 0.1615 -0.0155 -0.1155 0.1895 -0.0145 -0.1155 0.1895 -0.014 -0.1155 0.159 -0.014 -0.1155 0.16 -0.0095 -0.1155 0.181 -0.011 -0.1155 0.1755 0.0155 -0.1155 0.1895 -0.0015 -0.1155 0.1645 0.0035 -0.1155 0.165 0.008 -0.1155 0.168 -0.014 -0.1155 0.161 0.004 -0.1155 0.2095 0.011 -0.12 0.2095 0.0195 -0.1155 0.2095 0.004 -0.1215 0.2095 0.0335 -0.09 0.099 0.0375 -0.1 0.099 0.031 -0.101 0.099 0.031 -0.074 0.099 0.032 -0.065 0.099 0.0375 -0.076 0.099 -0.031 -0.074 0.099 -0.032 -0.065 0.099 -0.0245 -0.065 0.099 -0.012 -0.1255 0.099 -0.0165 -0.1175 0.099 -0.0055 -0.1215 0.099 0.0245 -0.065 0.099 0.0205 -0.059 0.099 0.023 -0.056 0.099 0.032 -0.111 0.099 0.012 -0.0505 0.099 0 -0.1275 0.099 0.0395 -0.088 0.099 -0.0205 -0.059 0.099 -0.012 -0.0505 0.099 -0.0395 -0.088 0.099 -0.0325 -0.0785 0.099 -0.0335 -0.09 0.099 0.0055 -0.1215 0.099 0.012 -0.1255 0.099 0.0165 -0.1175 0.099 0.023 -0.12 0.099 -0.023 -0.056 0.099 0 -0.0485 0.099 -0.0375 -0.1 0.099 -0.031 -0.101 0.099 0.025 -0.1105 0.099 0.0325 -0.0785 0.099 -0.0205 -0.061 0.099 -0.0375 -0.076 0.099 -0.032 -0.111 0.099 -0.025 -0.1105 0.099 0.0205 -0.061 0.099 -0.023 -0.12 0.099 -0.006 -0.129 0.2415 -0.006 -0.121 0.2095 -0.006 -0.121 0.2415 -0.006 -0.123 0.171 -0.006 -0.117 0.1845 -0.006 -0.123 0.202 -0.006 -0.1155 0.1845 -0.006 -0.1155 0.2095 -0.006 -0.117 0.171 -0.006 -0.129 0.202 0.004 -0.1215 0.2095 0.004 -0.129 0.2415 0.004 -0.1215 0.2415 0.004 -0.1155 0.2095 0.004 -0.117 0.1855 0.004 -0.123 0.202 0.004 -0.129 0.202 0.004 -0.123 0.171 0.004 -0.117 0.171 0.004 -0.1155 0.1855 0.005 -0.0535 0.1185 -0.005 -0.057 0.1185 0.005 -0.057 0.1185 -0.005 -0.0535 0.1185 -0.0055 -0.1215 0.0935 -0.0165 -0.1175 0.099 -0.0165 -0.1175 0.0935 -0.025 -0.1105 0.099 -0.025 -0.1105 0.0935 -0.031 -0.101 0.099 -0.031 -0.101 0.0935 -0.0335 -0.09 0.099 -0.0335 -0.09 0.0935 -0.0325 -0.0785 0.099 -0.0055 -0.1215 0.099 0.0055 -0.1215 0.0935 0.0055 -0.1215 0.099 0.0165 -0.1175 0.0935 0.0165 -0.1175 0.099 0.025 -0.1105 0.0935 0.025 -0.1105 0.099 0.031 -0.101 0.0935 0.031 -0.101 0.099 0.0335 -0.09 0.0935 0.0335 -0.09 0.099 0.0325 -0.0785 0.0935 0.0325 -0.0785 0.099 -0.0325 -0.0785 0.0935 0.0325 -0.0785 0.099 -0.0325 -0.0785 0.0935 -0.0325 -0.0785 0.099 0.0325 -0.0785 0.1035 -0.0325 -0.0785 0.1035 0.0325 -0.0785 0.0935 0.025 -0.1105 0.0935 -0.031 -0.101 0.0935 -0.0335 -0.09 0.0935 -0.025 -0.1105 0.0935 0.0325 -0.0785 0.0935 0.0335 -0.09 0.0935 0.0055 -0.1215 0.0935 -0.0165 -0.1175 0.0935 0.0165 -0.1175 0.0935 -0.0055 -0.1215 0.0935 0.031 -0.101 0.0935 -0.0325 -0.0785 0.0935 -0.0285 -0.1065 0.1035 0.0335 -0.085 0.1035 -0.033 -0.096 0.1035 0.0325 -0.0785 0.1035 -0.0335 -0.085 0.1035 0.0285 -0.1065 0.1035 0.033 -0.096 0.1035 0.011 -0.12 0.1035 0.021 -0.1145 0.1035 -0.021 -0.1145 0.1035 -0.011 -0.12 0.1035 0 -0.122 0.1035 -0.0325 -0.0785 0.1035 0.021 -0.1145 0.1445 0.022 -0.103 0.1445 0.022 -0.1135 0.1445 -0.022 -0.103 0.1445 -0.021 -0.1145 0.1445 -0.022 -0.1135 0.1445 0 -0.122 0.1445 0.011 -0.12 0.1445 -0.011 -0.12 0.1445 -0.022 -0.103 0.1545 -0.022 -0.1135 0.1445 -0.022 -0.1135 0.1545 -0.022 -0.103 0.1445 0.0195 -0.1155 0.1545 -0.022 -0.103 0.1545 -0.0195 -0.1155 0.1545 0.022 -0.1135 0.1545 0.022 -0.103 0.1545 0.021 -0.1145 0.1545 -0.021 -0.1145 0.1545 -0.022 -0.1135 0.1545 0.022 -0.1135 0.1545 0.022 -0.103 0.1445 0.022 -0.103 0.1545 0.022 -0.1135 0.1445 -0.022 -0.103 0.1545 0.022 -0.103 0.1445 -0.022 -0.103 0.1445 0.022 -0.103 0.1545 -0.0005 -0.0485 0.09 -0.001 -0.0465 0.09 -0.0005 -0.0465 0.09 0.0015 -0.047 0.088 0.0015 -0.049 0.0875 0.0015 -0.049 0.088 0.0015 -0.047 0.0875 0.001 -0.0485 0.087 0.0015 -0.047 0.089 0.0015 -0.049 0.0895 0.0015 -0.047 0.0895 0.0015 -0.049 0.089 0.002 -0.047 0.0885 0.001 -0.0465 0.087 0.0005 -0.0485 0.087 -0.0005 -0.0465 0.087 0 -0.0485 0.0865 0 -0.0465 0.0865 -0.0015 -0.047 0.0875 -0.001 -0.0485 0.087 -0.001 -0.0465 0.087 -0.002 -0.047 0.0885 -0.0015 -0.049 0.088 -0.0015 -0.047 0.088 -0.0015 -0.047 0.089 -0.0015 -0.049 0.0895 -0.0015 -0.049 0.089 -0.0015 -0.047 0.0895 -0.001 -0.0485 0.09 0 -0.0485 0.0905 0.0005 -0.0465 0.09 0.0005 -0.0485 0.09 0.001 -0.0485 0.09 0.001 -0.0465 0.09 0.002 -0.049 0.0885 0.0005 -0.0465 0.087 -0.0005 -0.0485 0.087 -0.0015 -0.049 0.0875 -0.002 -0.049 0.0885 0 -0.0465 0.0905 0.041 -0.086 0.0885 0.039 -0.0865 0.088 0.041 -0.0865 0.088 0.041 -0.0865 0.0895 0.0395 -0.087 0.09 0.039 -0.0865 0.0895 0.0415 -0.087 0.09 0.0395 -0.0875 0.09 0.0395 -0.088 0.0905 0.0415 -0.0885 0.09 0.0395 -0.0885 0.09 0.041 -0.0895 0.0895 0.0395 -0.089 0.09 0.0415 -0.089 0.09 0.041 -0.0865 0.0875 0.0395 -0.087 0.087 0.0415 -0.087 0.087 0.0415 -0.0875 0.087 0.0395 -0.088 0.0865 0.0415 -0.088 0.0865 0.0415 -0.089 0.087 0.0395 -0.0885 0.087 0.0395 -0.089 0.087 0.041 -0.0895 0.0875 0.039 -0.0895 0.0875 0.041 -0.0895 0.088 0.039 -0.0895 0.088 0.039 -0.0895 0.0895 0.041 -0.0895 0.089 0.039 -0.0895 0.089 0.041 -0.09 0.0885 0.039 -0.09 0.0885 0.0415 -0.088 0.0905 0.0415 -0.0875 0.09 0.039 -0.0865 0.089 0.039 -0.086 0.0885 0.041 -0.0865 0.089 0.039 -0.0865 0.0875 0.0395 -0.0875 0.087 0.0415 -0.0885 0.087 -0.0015 -0.127 0.0875 -0.0015 -0.129 0.088 -0.0015 -0.129 0.0875 -0.0015 -0.129 0.089 -0.0015 -0.127 0.0895 -0.0015 -0.129 0.0895 -0.0015 -0.127 0.089 -0.002 -0.129 0.0885 -0.001 -0.1275 0.09 -0.001 -0.1295 0.09 0 -0.1275 0.0905 -0.0005 -0.1295 0.09 -0.0005 -0.1275 0.09 0.001 -0.1295 0.09 0.0005 -0.1275 0.09 0.001 -0.1275 0.09 0 -0.1275 0.0865 -0.0005 -0.1295 0.087 0 -0.1295 0.0865 -0.0005 -0.1275 0.087 -0.001 -0.1295 0.087 0.0015 -0.129 0.0895 0.0015 -0.127 0.0895 0.0015 -0.129 0.089 0.0015 -0.127 0.089 -0.001 -0.1275 0.087 -0.0015 -0.127 0.088 0.002 -0.129 0.0885 0.0015 -0.127 0.088 0.0015 -0.129 0.088 0.0015 -0.129 0.0875 0.001 -0.1275 0.087 0.001 -0.1295 0.087 0.0005 -0.1295 0.087 0 -0.1295 0.0905 0.0005 -0.1295 0.09 0.002 -0.127 0.0885 0.0015 -0.127 0.0875 -0.002 -0.127 0.0885 0.0005 -0.1275 0.087 -0.0395 -0.089 0.087 -0.041 -0.0895 0.0875 -0.039 -0.0895 0.0875 -0.0415 -0.089 0.087 -0.0395 -0.0885 0.087 -0.0415 -0.0885 0.087 -0.0395 -0.088 0.0865 -0.0415 -0.0875 0.087 -0.0395 -0.0875 0.087 -0.0415 -0.088 0.0865 -0.0415 -0.087 0.087 -0.0395 -0.087 0.087 -0.041 -0.0865 0.0875 -0.039 -0.0865 0.088 -0.041 -0.086 0.0885 -0.041 -0.0865 0.088 -0.039 -0.086 0.0885 -0.039 -0.0865 0.0875 -0.041 -0.0895 0.088 -0.039 -0.0895 0.088 -0.039 -0.0895 0.0895 -0.041 -0.0895 0.089 -0.041 -0.0895 0.0895 -0.039 -0.0895 0.089 -0.041 -0.09 0.0885 -0.039 -0.09 0.0885 -0.0395 -0.089 0.09 -0.0415 -0.089 0.09 -0.0395 -0.0885 0.09 -0.0415 -0.0885 0.09 -0.0395 -0.088 0.0905 -0.0415 -0.088 0.0905 -0.0415 -0.0875 0.09 -0.0395 -0.0875 0.09 -0.0415 -0.087 0.09 -0.0395 -0.087 0.09 -0.041 -0.0865 0.0895 -0.039 -0.0865 0.0895 -0.039 -0.0865 0.089 -0.041 -0.0865 0.089 -0.011 -0.057 0.126 -0.005 -0.057 0.1185 -0.009 -0.057 0.131 0.011 -0.057 0.1255 0.005 -0.057 0.1185 0.01 -0.057 0.1205 -0.0105 -0.057 0.1205 -0.003 -0.057 0.114 -0.0075 -0.057 0.1165 0.009 -0.057 0.1305 0.0025 -0.057 0.1135 0.007 -0.057 0.116 -0.005 -0.057 0.1345 0.005 -0.057 0.134 0.0205 -0.061 0.1585 0.0175 -0.059 0.1585 0.0205 -0.059 0.1585 0.0205 -0.061 0.1585 0.0205 -0.059 0.099 0.0205 -0.061 0.099 0.0205 -0.059 0.1585 -0.0205 -0.059 0.1585 -0.0205 -0.061 0.099 -0.0205 -0.059 0.099 -0.0205 -0.061 0.1585 -0.0175 -0.059 0.1585 -0.0205 -0.061 0.1585 -0.0205 -0.059 0.1585 -0.005 -0.059 0.1585 -0.0155 -0.059 0.1415 -0.0145 -0.059 0.141 -0.011 -0.059 0.126 -0.014 -0.059 0.14 -0.0105 -0.059 0.1205 -0.016 -0.059 0.1385 -0.017 -0.059 0.109 -0.0165 -0.059 0.11 -0.0165 -0.059 0.139 -0.0205 -0.059 0.099 0.0205 -0.059 0.1585 0.0165 -0.059 0.1405 0.017 -0.059 0.14 -0.0155 -0.059 0.1075 -0.016 -0.059 0.1075 0.0165 -0.059 0.108 0.0205 -0.059 0.099 0.017 -0.059 0.109 0.0165 -0.059 0.139 -0.014 -0.059 0.108 0.0155 -0.059 0.1075 -0.014 -0.059 0.109 -0.005 -0.059 0.1345 0.016 -0.059 0.1075 -0.0145 -0.059 0.1075 0.0155 -0.059 0.1385 0.0145 -0.059 0.1105 0.0155 -0.059 0.1105 0.0145 -0.059 0.1075 0.005 -0.059 0.134 0.014 -0.059 0.1405 0.005 -0.059 0.1585 0.014 -0.059 0.11 0.014 -0.059 0.109 0.016 -0.059 0.1105 0.0155 -0.059 0.1415 0.0175 -0.059 0.1585 0.009 -0.059 0.1305 0.014 -0.059 0.139 0.016 -0.059 0.1385 0.0165 -0.059 0.11 -0.0165 -0.059 0.108 -0.0205 -0.059 0.1585 -0.0175 -0.059 0.1585 0.016 -0.059 0.141 -0.017 -0.059 0.14 -0.0165 -0.059 0.1405 -0.014 -0.059 0.1405 -0.016 -0.059 0.141 -0.0155 -0.059 0.1105 -0.0155 -0.059 0.1385 -0.009 -0.059 0.131 -0.016 -0.059 0.1105 -0.0075 -0.059 0.1165 -0.0145 -0.059 0.1105 -0.014 -0.059 0.11 0.014 -0.059 0.14 0.0145 -0.059 0.141 -0.014 -0.059 0.139 0.014 -0.059 0.108 -0.0145 -0.059 0.1385 0.0025 -0.059 0.1135 0.011 -0.059 0.1255 0.0145 -0.059 0.1385 -0.003 -0.059 0.114 0.007 -0.059 0.116 0.01 -0.059 0.1205 -0.006 -0.117 0.1845 -0.0095 -0.1155 0.181 -0.006 -0.1155 0.1845 -0.0095 -0.117 0.181 -0.011 -0.1155 0.1755 -0.011 -0.117 0.1755 -0.01 -0.1155 0.1705 -0.01 -0.117 0.1705 -0.0065 -0.1155 0.1665 -0.0065 -0.117 0.1665 -0.0015 -0.1155 0.1645 -0.0015 -0.117 0.1645 0.0035 -0.1155 0.165 0.0035 -0.117 0.165 0.008 -0.1155 0.168 0.008 -0.117 0.168 0.0105 -0.1155 0.1725 0.0105 -0.117 0.1725 0.0105 -0.1155 0.178 0.0105 -0.117 0.178 0.0085 -0.1155 0.1825 0.0085 -0.117 0.1825 0.004 -0.1155 0.1855 0.004 -0.117 0.1855 0.0105 -0.117 0.1725 0.004 -0.117 0.171 0.0105 -0.117 0.178 0.0085 -0.117 0.1825 0.004 -0.117 0.1855 -0.0015 -0.117 0.1645 -0.006 -0.117 0.171 0.0035 -0.117 0.165 0.008 -0.117 0.168 -0.0095 -0.117 0.181 -0.011 -0.117 0.1755 -0.01 -0.117 0.1705 -0.0065 -0.117 0.1665 -0.006 -0.117 0.1845 0.004 -0.1215 0.2415 0.012 -0.1275 0.2415 0.011 -0.12 0.2415 0.0335 -0.085 0.2415 0.041 -0.091 0.2415 0.04 -0.079 0.2415 0.0245 -0.065 0.2415 0.0355 -0.0675 0.2415 0.028 -0.0575 0.2415 0.0155 -0.058 0.2415 0.018 -0.051 0.2415 0.005 -0.0545 0.2415 0.006 -0.047 0.2415 0.0235 -0.122 0.2415 0.021 -0.1145 0.2415 0.0325 -0.1135 0.2415 0.0285 -0.1065 0.2415 0.033 -0.096 0.2415 0.0385 -0.103 0.2415 0.031 -0.074 0.2415 0.005 -0.047 0.2415 0.004 -0.129 0.2415 -0.0385 -0.103 0.2415 -0.0285 -0.1065 0.2415 -0.033 -0.096 0.2415 -0.04 -0.079 0.2415 -0.031 -0.074 0.2415 -0.0355 -0.0675 0.2415 -0.0325 -0.1135 0.2415 -0.041 -0.091 0.2415 -0.0335 -0.085 0.2415 -0.0245 -0.065 0.2415 -0.028 -0.0575 0.2415 -0.0155 -0.058 0.2415 -0.018 -0.051 0.2415 -0.006 -0.047 0.2415 -0.005 -0.0545 0.2415 -0.005 -0.047 0.2415 -0.021 -0.1145 0.2415 -0.0235 -0.122 0.2415 -0.011 -0.12 0.2415 -0.012 -0.1275 0.2415 -0.006 -0.121 0.2415 -0.006 -0.129 0.2415 -0.041 -0.09 0.2335 -0.0335 -0.0895 0.233 -0.041 -0.0895 0.233 -0.041 -0.09 0.234 -0.0335 -0.09 0.2335 -0.034 -0.089 0.2325 -0.0415 -0.089 0.2325 -0.0415 -0.0885 0.232 -0.034 -0.088 0.232 -0.0415 -0.088 0.232 -0.0415 -0.087 0.2325 -0.034 -0.0875 0.232 -0.034 -0.087 0.2325 -0.041 -0.0865 0.233 -0.0335 -0.0865 0.233 -0.041 -0.086 0.2335 -0.0335 -0.086 0.2335 -0.041 -0.086 0.234 -0.0335 -0.086 0.2345 -0.041 -0.086 0.2345 -0.041 -0.0865 0.235 -0.034 -0.087 0.2355 -0.0415 -0.087 0.2355 -0.0415 -0.0875 0.236 -0.034 -0.088 0.236 -0.0415 -0.088 0.236 -0.0415 -0.089 0.2355 -0.034 -0.0885 0.236 -0.034 -0.089 0.2355 -0.041 -0.0895 0.235 -0.0335 -0.0895 0.235 -0.041 -0.09 0.2345 -0.0335 -0.09 0.2345 -0.0335 -0.09 0.234 -0.034 -0.0885 0.232 -0.0415 -0.0875 0.232 -0.0335 -0.086 0.234 -0.0335 -0.0865 0.235 -0.034 -0.0875 0.236 -0.0415 -0.0885 0.236 0.0415 -0.0875 0.232 0.034 -0.088 0.232 0.0415 -0.088 0.232 0.041 -0.0865 0.233 0.034 -0.087 0.2325 0.0415 -0.087 0.2325 0.041 -0.086 0.234 0.0335 -0.086 0.2335 0.041 -0.086 0.2335 0.041 -0.086 0.2345 0.0335 -0.0865 0.235 0.0335 -0.086 0.2345 0.041 -0.0865 0.235 0.034 -0.087 0.2355 0.0415 -0.087 0.2355 0.034 -0.0875 0.236 0.0415 -0.0885 0.236 0.034 -0.088 0.236 0.0415 -0.088 0.236 0.041 -0.0895 0.235 0.034 -0.089 0.2355 0.0415 -0.089 0.2355 0.041 -0.09 0.234 0.0335 -0.09 0.2345 0.041 -0.09 0.2345 0.041 -0.09 0.2335 0.0335 -0.0895 0.233 0.0335 -0.09 0.2335 0.041 -0.0895 0.233 0.034 -0.089 0.2325 0.0415 -0.089 0.2325 0.034 -0.0885 0.232 0.034 -0.0875 0.232 0.0335 -0.0865 0.233 0.0335 -0.086 0.234 0.0415 -0.0875 0.236 0.034 -0.0885 0.236 0.0335 -0.0895 0.235 0.0335 -0.09 0.234 0.0415 -0.0885 0.232 -0.022 -0.123 0.1955 -0.022 -0.123 0.2005 -0.023 -0.123 0.198 -0.0135 -0.144 0.1955 -0.013 -0.123 0.198 -0.013 -0.144 0.198 -0.0155 -0.144 0.1935 -0.0135 -0.123 0.1955 -0.018 -0.144 0.193 -0.0155 -0.123 0.1935 -0.0205 -0.144 0.1935 -0.018 -0.123 0.193 -0.022 -0.123 0.195 -0.022 -0.144 0.1955 -0.022 -0.123 0.1955 -0.023 -0.144 0.198 -0.015 -0.1265 0.202 -0.0155 -0.144 0.2025 -0.0135 -0.144 0.2005 -0.0135 -0.123 0.2005 -0.015 -0.123 0.202 -0.0155 -0.1265 0.2025 -0.018 -0.144 0.203 -0.018 -0.125 0.203 -0.0205 -0.144 0.2025 -0.022 -0.123 0.201 -0.021 -0.1235 0.202 -0.021 -0.123 0.202 -0.022 -0.144 0.2005 -0.0205 -0.124 0.2025 -0.022 -0.123 0.2005 -0.023 -0.123 0.198 -0.0205 -0.123 0.1935 -0.018 -0.144 0.198 -0.013 -0.144 0.198 -0.0135 -0.144 0.2005 -0.0135 -0.144 0.1955 -0.0155 -0.144 0.1935 -0.018 -0.144 0.193 -0.0205 -0.144 0.1935 -0.022 -0.144 0.1955 -0.023 -0.144 0.198 -0.022 -0.144 0.2005 -0.0205 -0.144 0.2025 -0.018 -0.144 0.203 -0.0155 -0.144 0.2025 0.023 -0.0535 0.1495 0.023 -0.0535 0.1445 0.0235 -0.0535 0.147 0.0225 -0.0535 0.15 0.0225 -0.0535 0.144 0.0235 -0.0535 0.147 0.023 -0.0325 0.1495 0.023 -0.0535 0.1495 0.0235 -0.0325 0.147 0.0135 -0.0325 0.147 0.0145 -0.0535 0.1495 0.0145 -0.0325 0.1495 0.0145 -0.0325 0.1445 0.0135 -0.0535 0.147 0.016 -0.0325 0.1425 0.0145 -0.0535 0.1445 0.0185 -0.0325 0.142 0.016 -0.0535 0.1425 0.021 -0.0325 0.1425 0.0185 -0.0535 0.142 0.0225 -0.0535 0.144 0.023 -0.0325 0.1445 0.023 -0.0535 0.1445 0.0155 -0.05 0.151 0.016 -0.0325 0.1515 0.0155 -0.0535 0.151 0.016 -0.05 0.1515 0.0185 -0.0325 0.152 0.018 -0.051 0.152 0.0185 -0.051 0.152 0.021 -0.0325 0.1515 0.0225 -0.0535 0.15 0.0215 -0.053 0.151 0.0215 -0.0535 0.151 0.021 -0.0525 0.1515 0.021 -0.0535 0.1425 0.016 -0.0325 0.1515 0.0185 -0.0325 0.147 0.0145 -0.0325 0.1495 0.0185 -0.0325 0.152 0.021 -0.0325 0.1515 0.023 -0.0325 0.1495 0.0235 -0.0325 0.147 0.023 -0.0325 0.1445 0.021 -0.0325 0.1425 0.0185 -0.0325 0.142 0.016 -0.0325 0.1425 0.0145 -0.0325 0.1445 0.0135 -0.0325 0.147 -0.04 -0.027 -0.0015 -0.04 -0.026 -0.001 -0.04 -0.0255 0 -0.04 -0.026 0 -0.04 -0.026 0.001 -0.04 -0.026 0.0005 -0.04 -0.0265 0.0015 -0.04 -0.028 0.0015 -0.04 -0.029 0.001 -0.04 -0.029 0 -0.04 -0.0295 0 -0.04 -0.029 -0.0005 -0.04 -0.0285 -0.0015 -0.04 -0.0275 -0.0015 -0.04 -0.0275 -0.002 -0.04 -0.0275 0.0015 -0.04 -0.0275 0.002 -0.04 -0.029 -0.001 -0.04 -0.0265 -0.0015 -0.04 -0.0285 0.0015 -0.044 -0.0285 0.0015 -0.044 -0.0275 0.0015 -0.044 -0.028 0.0015 -0.044 -0.029 -0.001 -0.044 -0.029 0 -0.044 -0.029 -0.0005 -0.044 -0.029 0.001 -0.044 -0.0265 -0.0015 -0.044 -0.026 -0.001 -0.044 -0.0295 0 -0.044 -0.0285 -0.0015 -0.044 -0.0275 -0.0015 -0.044 -0.0275 -0.002 -0.044 -0.0255 0 -0.044 -0.026 0 -0.044 -0.027 -0.0015 -0.044 -0.026 0.001 -0.044 -0.026 0.0005 -0.044 -0.0265 0.0015 -0.044 -0.0275 0.002 -0.04 -0.0275 0.002 -0.044 -0.0285 0.0015 -0.04 -0.0285 0.0015 -0.04 -0.0265 0.0015 -0.044 -0.0275 0.002 -0.04 -0.026 0.001 -0.044 -0.0265 0.0015 -0.04 -0.0255 0 -0.044 -0.026 0.001 -0.04 -0.026 -0.001 -0.044 -0.0255 0 -0.04 -0.0265 -0.0015 -0.044 -0.026 -0.001 -0.04 -0.0275 -0.002 -0.044 -0.0265 -0.0015 -0.04 -0.0285 -0.0015 -0.044 -0.0275 -0.002 -0.04 -0.029 -0.001 -0.044 -0.0285 -0.0015 -0.04 -0.0295 0 -0.044 -0.029 -0.001 -0.04 -0.029 0.001 -0.044 -0.0295 0 -0.044 -0.029 0.001 -0.04 -0.028 0.0015 -0.044 -0.029 0.001 -0.044 -0.028 0.0015 -0.044 -0.029 0 -0.04 -0.029 0.001 -0.04 -0.029 0 -0.044 -0.029 -0.0005 -0.04 -0.029 -0.0005 -0.044 -0.0285 -0.0015 -0.04 -0.0285 -0.0015 -0.044 -0.0275 -0.0015 -0.04 -0.0275 -0.0015 -0.044 -0.027 -0.0015 -0.04 -0.027 -0.0015 -0.044 -0.026 -0.001 -0.04 -0.026 -0.001 -0.044 -0.026 0 -0.04 -0.026 0 -0.044 -0.026 0.0005 -0.04 -0.026 0.0005 -0.044 -0.0265 0.0015 -0.04 -0.0265 0.0015 -0.044 -0.0275 0.0015 -0.04 -0.0275 0.0015 -0.0085 -0.0225 0.034 -0.0155 -0.0225 0.027 -0.0055 -0.0225 0.0305 -0.033 -0.0225 0.0115 -0.031 -0.0225 0 -0.029 -0.0225 0.0105 -0.033 -0.0225 -0.0115 -0.029 -0.0225 -0.0105 0.0055 -0.0225 -0.0305 0.014 -0.0225 -0.032 0.0155 -0.0225 -0.027 -0.0055 -0.0225 -0.0305 0.003 -0.0225 -0.035 0.0235 -0.0225 -0.026 -0.0275 -0.0225 0.0215 -0.0235 -0.0225 0.02 -0.035 -0.0225 0 -0.019 -0.0225 0.0295 0.0055 -0.0225 0.0305 0.014 -0.0225 0.032 0.003 -0.0225 0.035 0.0235 -0.0225 0.026 0.0155 -0.0225 0.027 0.0235 -0.0225 0.02 0.0345 -0.0225 0.006 0.031 -0.0225 0 0.035 -0.0225 0 0.031 -0.0225 0.0165 0.0235 -0.0225 -0.02 -0.0275 -0.0225 -0.0215 -0.0235 -0.0225 -0.02 -0.019 -0.0225 -0.0295 -0.0155 -0.0225 -0.027 -0.0085 -0.0225 -0.034 0.031 -0.0225 -0.0165 0.029 -0.0225 -0.0105 0.0345 -0.0225 -0.006 0.029 -0.0225 0.0105 0.031 -0.0245 0 0.029 -0.0225 0.0105 0.029 -0.0245 0.0105 0.0235 -0.0225 0.02 0.0235 -0.0245 0.02 0.0155 -0.0225 0.027 0.0155 -0.0245 0.027 0.0235 -0.0245 -0.02 0.029 -0.0225 -0.0105 0.029 -0.0245 -0.0105 0.0055 -0.0225 0.0305 0.0055 -0.0245 0.0305 -0.029 -0.0225 0.0105 -0.0235 -0.0245 0.02 -0.0235 -0.0225 0.02 -0.0155 -0.0245 0.027 -0.0155 -0.0225 0.027 0.031 -0.0225 0 -0.0055 -0.0245 0.0305 -0.029 -0.0245 0.0105 -0.031 -0.0225 0 -0.031 -0.0245 0 -0.0055 -0.0225 0.0305 -0.029 -0.0225 -0.0105 -0.029 -0.0245 -0.0105 -0.0235 -0.0225 -0.02 -0.0235 -0.0245 -0.02 -0.0155 -0.0225 -0.027 -0.0155 -0.0245 -0.027 -0.0055 -0.0225 -0.0305 -0.0055 -0.0245 -0.0305 0.0055 -0.0225 -0.0305 0.0055 -0.0245 -0.0305 0.0235 -0.0225 -0.02 0.0155 -0.0245 -0.027 0.0155 -0.0225 -0.027 0.0265 0 0 0.0285 0 0.0105 0.0305 0 0 -0.0235 0 0.0195 -0.016 0 0.021 -0.0225 0 0.014 -0.0285 0 -0.0105 -0.0225 0 -0.014 -0.0235 0 -0.0195 -0.0285 0 0.0105 -0.026 0 0.005 -0.0305 0 0 -0.026 0 -0.005 -0.0055 0 -0.03 0.0025 0 -0.0265 0.0055 0 -0.03 -0.0265 0 0 -0.0155 0 0.0265 -0.0075 0 0.0255 -0.0055 0 0.03 0.0025 0 0.0265 0.0055 0 0.03 -0.016 0 -0.021 -0.0155 0 -0.0265 0.0285 0 -0.0105 -0.0075 0 -0.0255 0.012 0 -0.024 0.0155 0 -0.0265 0.0235 0 0.0195 0.025 0 0.0095 0.0195 0 0.018 0.012 0 0.024 0.0155 0 0.0265 0.025 0 -0.0095 0.0235 0 -0.0195 0.0195 0 -0.018 -0.0285 -0.025 -0.0105 -0.0225 -0.025 -0.014 -0.026 -0.025 -0.005 -0.0055 -0.025 0.03 0.0025 -0.025 0.0265 0.0055 -0.025 0.03 0.0195 -0.025 0.018 0.0155 -0.025 0.0265 0.012 -0.025 0.024 -0.0225 -0.025 0.014 -0.0285 -0.025 0.0105 -0.026 -0.025 0.005 -0.0305 -0.025 0 -0.0235 -0.025 -0.0195 -0.016 -0.025 -0.021 -0.0155 -0.025 -0.0265 -0.0075 -0.025 0.0255 0.0265 -0.025 0 0.0285 -0.025 0.0105 0.025 -0.025 0.0095 -0.0055 -0.025 -0.03 0.0025 -0.025 -0.0265 -0.0075 -0.025 -0.0255 0.0195 -0.025 -0.018 0.0155 -0.025 -0.0265 0.0235 -0.025 -0.0195 0.025 -0.025 -0.0095 0.0285 -0.025 -0.0105 -0.0235 -0.025 0.0195 -0.016 -0.025 0.021 -0.0155 -0.025 0.0265 0.012 -0.025 -0.024 0.0055 -0.025 -0.03 0.0235 -0.025 0.0195 0.0305 -0.025 0 -0.0245 -0.0175 -0.0025 -0.024 -0.007 -0.0035 -0.0245 -0.007 -0.0025 -0.024 -0.0175 -0.0035 -0.0235 -0.007 -0.0045 -0.023 -0.0175 -0.0045 -0.023 -0.007 -0.0045 -0.0225 -0.0175 -0.005 -0.0225 -0.007 -0.005 -0.0225 -0.0175 -0.006 -0.0225 -0.007 -0.006 -0.0225 -0.0175 -0.0065 -0.0225 -0.007 -0.0065 -0.023 -0.0175 -0.007 -0.023 -0.007 -0.007 -0.0235 -0.0175 -0.0045 -0.0225 -0.007 -0.0095 -0.023 -0.0175 -0.008 -0.0225 -0.0175 -0.0095 -0.023 -0.007 -0.008 -0.021 -0.0175 -0.01 -0.0215 -0.007 -0.01 -0.0215 -0.0175 -0.01 -0.0205 -0.007 -0.0105 -0.02 -0.0175 -0.011 -0.02 -0.007 -0.011 -0.021 -0.007 -0.01 -0.0205 -0.0175 -0.0105 -0.02 -0.0175 -0.0115 -0.02 -0.007 -0.0115 -0.0205 -0.0175 -0.0125 -0.0205 -0.007 -0.0125 -0.02 -0.007 -0.0145 -0.0205 -0.0175 -0.0135 -0.02 -0.0175 -0.0145 -0.0205 -0.007 -0.0135 -0.0185 -0.007 -0.015 -0.018 -0.0175 -0.015 -0.018 -0.007 -0.015 -0.0175 -0.0175 -0.015 -0.0175 -0.007 -0.015 -0.017 -0.0175 -0.0155 -0.017 -0.007 -0.0155 -0.017 -0.0175 -0.016 -0.017 -0.007 -0.016 -0.017 -0.0175 -0.017 -0.017 -0.007 -0.017 -0.0185 -0.0175 -0.015 -0.016 -0.007 -0.0185 -0.0165 -0.0175 -0.018 -0.016 -0.0175 -0.0185 -0.0165 -0.007 -0.018 -0.013 -0.007 -0.019 -0.0125 -0.0175 -0.0195 -0.0125 -0.007 -0.0195 -0.0135 -0.0175 -0.019 -0.014 -0.007 -0.0185 -0.014 -0.0175 -0.0185 -0.0145 -0.007 -0.019 -0.0135 -0.007 -0.019 -0.0145 -0.0175 -0.019 -0.013 -0.0175 -0.019 -0.0125 -0.0175 -0.0205 -0.0125 -0.007 -0.0205 -0.012 -0.0175 -0.0215 -0.011 -0.007 -0.022 -0.012 -0.007 -0.0215 -0.011 -0.0175 -0.022 -0.008 -0.007 -0.0215 -0.0075 -0.0175 -0.022 -0.0075 -0.007 -0.022 -0.0085 -0.007 -0.0215 -0.008 -0.0175 -0.0215 -0.007 -0.0175 -0.023 -0.007 -0.007 -0.023 -0.0085 -0.0175 -0.0215 -0.009 -0.007 -0.0215 -0.009 -0.0175 -0.0215 -0.0095 -0.007 -0.022 -0.0095 -0.0175 -0.022 -0.0065 -0.0175 -0.0235 -0.0055 -0.007 -0.024 -0.0065 -0.007 -0.0235 -0.0055 -0.0175 -0.024 -0.0025 -0.007 -0.023 -0.002 -0.0175 -0.0235 -0.002 -0.007 -0.0235 -0.0015 -0.0175 -0.024 -0.0015 -0.007 -0.024 -0.0035 -0.007 -0.023 -0.003 -0.0175 -0.023 -0.003 -0.007 -0.023 -0.0025 -0.0175 -0.023 -0.0035 -0.0175 -0.023 -0.004 -0.007 -0.0235 -0.004 -0.0175 -0.0235 -0.0005 -0.0175 -0.0245 0.0005 -0.007 -0.0245 -0.0005 -0.007 -0.0245 0.0005 -0.0175 -0.0245 0.0025 -0.007 -0.023 0.003 -0.0175 -0.023 0.003 -0.007 -0.023 0.0035 -0.0175 -0.023 0.0035 -0.007 -0.023 0.004 -0.0175 -0.0235 0.004 -0.007 -0.0235 0.002 -0.007 -0.0235 0.0025 -0.0175 -0.023 0.002 -0.0175 -0.0235 0.0015 -0.007 -0.024 0.0015 -0.0175 -0.024 0.0055 -0.0175 -0.024 0.0065 -0.007 -0.0235 0.0055 -0.007 -0.024 0.0065 -0.0175 -0.0235 0.008 -0.0175 -0.0215 0.0075 -0.007 -0.022 0.0075 -0.0175 -0.022 0.0085 -0.0175 -0.0215 0.008 -0.007 -0.0215 0.009 -0.0175 -0.0215 0.0085 -0.007 -0.0215 0.0095 -0.0175 -0.022 0.009 -0.007 -0.0215 0.007 -0.007 -0.023 0.007 -0.0175 -0.023 0.0095 -0.007 -0.022 0.011 -0.0175 -0.022 0.012 -0.007 -0.0215 0.011 -0.007 -0.022 0.012 -0.0175 -0.0215 0.0125 -0.0175 -0.0195 0.0125 -0.007 -0.0205 0.0125 -0.0175 -0.0205 0.013 -0.0175 -0.019 0.0125 -0.007 -0.0195 0.0135 -0.0175 -0.019 0.013 -0.007 -0.019 0.014 -0.0175 -0.0185 0.0135 -0.007 -0.019 0.0145 -0.0175 -0.019 0.014 -0.007 -0.0185 0.0145 -0.007 -0.019 0.0165 -0.007 -0.018 0.016 -0.0175 -0.0185 0.0165 -0.0175 -0.018 0.016 -0.007 -0.0185 0.017 -0.007 -0.017 0.017 -0.0175 -0.016 0.017 -0.007 -0.016 0.017 -0.0175 -0.0155 0.017 -0.007 -0.0155 0.0175 -0.0175 -0.015 0.0175 -0.007 -0.015 0.018 -0.0175 -0.015 0.018 -0.007 -0.015 0.0185 -0.0175 -0.015 0.0185 -0.007 -0.015 0.017 -0.0175 -0.017 0.0205 -0.007 -0.0135 0.02 -0.0175 -0.0145 0.0205 -0.0175 -0.0135 0.02 -0.007 -0.0145 0.02 -0.007 -0.011 0.0205 -0.0175 -0.0105 0.0205 -0.007 -0.0105 0.021 -0.0175 -0.01 0.021 -0.007 -0.01 0.0215 -0.0175 -0.01 0.0215 -0.007 -0.01 0.02 -0.007 -0.0115 0.02 -0.0175 -0.011 0.02 -0.0175 -0.0115 0.0205 -0.007 -0.0125 0.0205 -0.0175 -0.0125 0.023 -0.007 -0.008 0.0225 -0.0175 -0.0095 0.023 -0.0175 -0.008 0.0225 -0.007 -0.0095 0.023 -0.007 -0.007 0.0225 -0.0175 -0.0065 0.0225 -0.007 -0.0065 0.0225 -0.0175 -0.006 0.0225 -0.007 -0.006 0.0225 -0.0175 -0.005 0.0225 -0.007 -0.005 0.023 -0.0175 -0.0045 0.023 -0.007 -0.0045 0.0235 -0.0175 -0.0045 0.0235 -0.007 -0.0045 0.023 -0.0175 -0.007 0.0245 -0.007 -0.0025 0.024 -0.0175 -0.0035 0.0245 -0.0175 -0.0025 0.024 -0.007 -0.0035 0.0235 -0.007 -0.001 0.023 -0.0175 -0.0005 0.023 -0.007 -0.0005 0.023 -0.0175 0.0005 0.023 -0.007 0.0005 0.0235 -0.0175 -0.001 0.024 -0.007 -0.0015 0.024 -0.0175 -0.0015 0.0235 -0.0175 0.001 0.024 -0.0175 0.0015 0.0235 -0.007 0.001 0.024 -0.007 0.0015 0.0245 -0.0175 0.0025 0.024 -0.007 0.0035 0.0245 -0.007 0.0025 0.024 -0.0175 0.0035 0.0225 -0.0175 0.006 0.0225 -0.007 0.005 0.0225 -0.0175 0.005 0.023 -0.0175 0.0045 0.0235 -0.007 0.0045 0.0235 -0.0175 0.0045 0.0225 -0.0175 0.0065 0.0225 -0.007 0.006 0.023 -0.007 0.0045 0.0225 -0.007 0.0065 0.023 -0.0175 0.007 0.023 -0.007 0.007 0.0225 -0.007 0.0095 0.023 -0.0175 0.008 0.0225 -0.0175 0.0095 0.023 -0.007 0.008 0.02 -0.0175 0.0115 0.02 -0.007 0.011 0.02 -0.0175 0.011 0.0205 -0.0175 0.0125 0.02 -0.007 0.0115 0.021 -0.0175 0.01 0.0215 -0.007 0.01 0.0215 -0.0175 0.01 0.0205 -0.007 0.0125 0.0205 -0.007 0.0105 0.021 -0.007 0.01 0.0205 -0.0175 0.0105 0.02 -0.007 0.0145 0.0205 -0.0175 0.0135 0.02 -0.0175 0.0145 0.0205 -0.007 0.0135 0.017 -0.0175 0.0155 0.0175 -0.007 0.015 0.0175 -0.0175 0.015 0.017 -0.007 0.016 0.017 -0.0175 0.017 0.017 -0.007 0.017 0.018 -0.007 0.015 0.018 -0.0175 0.015 0.0185 -0.007 0.015 0.0185 -0.0175 0.015 0.017 -0.007 0.0155 0.017 -0.0175 0.016 0.016 -0.007 0.0185 0.0165 -0.0175 0.018 0.016 -0.0175 0.0185 0.0165 -0.007 0.018 0.0135 -0.007 0.019 0.013 -0.0175 0.019 0.013 -0.007 0.019 0.0125 -0.0175 0.0195 0.0125 -0.007 0.0195 0.0145 -0.007 0.019 0.014 -0.0175 0.0185 0.014 -0.007 0.0185 0.0125 -0.0175 0.0205 0.0125 -0.007 0.0205 0.0145 -0.0175 0.019 0.0135 -0.0175 0.019 0.012 -0.0175 0.0215 0.011 -0.007 0.022 0.012 -0.007 0.0215 0.011 -0.0175 0.022 0.009 -0.007 0.0215 0.0085 -0.0175 0.0215 0.0085 -0.007 0.0215 0.0095 -0.007 0.022 0.009 -0.0175 0.0215 0.008 -0.0175 0.0215 0.008 -0.007 0.0215 0.0095 -0.0175 0.022 0.0075 -0.0175 0.022 0.007 -0.0175 0.023 0.0075 -0.007 0.022 0.007 -0.007 0.023 0.0065 -0.0175 0.0235 0.0055 -0.007 0.024 0.0065 -0.007 0.0235 0.0055 -0.0175 0.024 0.0015 -0.0175 0.024 0.002 -0.007 0.0235 0.002 -0.0175 0.0235 0.0015 -0.007 0.024 0.003 -0.0175 0.023 0.0035 -0.007 0.023 0.0035 -0.0175 0.023 0.004 -0.007 0.0235 0.0025 -0.0175 0.023 0.003 -0.007 0.023 0.004 -0.0175 0.0235 0.0025 -0.007 0.023 0.0005 -0.0175 0.0245 -0.0005 -0.007 0.0245 0.0005 -0.007 0.0245 -0.0005 -0.0175 0.0245 -0.0025 -0.007 0.023 -0.003 -0.0175 0.023 -0.003 -0.007 0.023 -0.0025 -0.0175 0.023 -0.002 -0.007 0.0235 -0.002 -0.0175 0.0235 -0.0035 -0.0175 0.023 -0.0035 -0.007 0.023 -0.004 -0.0175 0.0235 -0.004 -0.007 0.0235 -0.0015 -0.007 0.024 -0.0015 -0.0175 0.024 -0.0055 -0.0175 0.024 -0.0065 -0.007 0.0235 -0.0055 -0.007 0.024 -0.0065 -0.0175 0.0235 -0.008 -0.007 0.0215 -0.0085 -0.0175 0.0215 -0.0085 -0.007 0.0215 -0.009 -0.0175 0.0215 -0.009 -0.007 0.0215 -0.0075 -0.007 0.022 -0.008 -0.0175 0.0215 -0.007 -0.007 0.023 -0.0075 -0.0175 0.022 -0.007 -0.0175 0.023 -0.0095 -0.0175 0.022 -0.0095 -0.007 0.022 -0.012 -0.007 0.0215 -0.011 -0.0175 0.022 -0.012 -0.0175 0.0215 -0.011 -0.007 0.022 -0.0135 -0.007 0.019 -0.014 -0.0175 0.0185 -0.014 -0.007 0.0185 -0.0145 -0.0175 0.019 -0.0145 -0.007 0.019 -0.0125 -0.007 0.0195 -0.013 -0.0175 0.019 -0.013 -0.007 0.019 -0.0135 -0.0175 0.019 -0.0125 -0.007 0.0205 -0.0125 -0.0175 0.0195 -0.0125 -0.0175 0.0205 -0.016 -0.0175 0.0185 -0.0165 -0.007 0.018 -0.016 -0.007 0.0185 -0.0165 -0.0175 0.018 -0.0175 -0.007 0.015 -0.018 -0.0175 0.015 -0.018 -0.007 0.015 -0.0175 -0.0175 0.015 -0.0185 -0.0175 0.015 -0.0185 -0.007 0.015 -0.017 -0.007 0.0155 -0.017 -0.0175 0.0155 -0.017 -0.007 0.016 -0.017 -0.007 0.017 -0.017 -0.0175 0.016 -0.017 -0.0175 0.017 -0.0205 -0.007 0.0135 -0.02 -0.0175 0.0145 -0.0205 -0.0175 0.0135 -0.02 -0.007 0.0145 -0.02 -0.0175 0.011 -0.02 -0.007 0.0115 -0.02 -0.0175 0.0115 -0.0205 -0.007 0.0125 -0.0205 -0.0175 0.0125 -0.021 -0.0175 0.01 -0.0205 -0.007 0.0105 -0.0205 -0.0175 0.0105 -0.02 -0.007 0.011 -0.0215 -0.0175 0.01 -0.021 -0.007 0.01 -0.0215 -0.007 0.01 -0.023 -0.007 0.008 -0.0225 -0.0175 0.0095 -0.023 -0.0175 0.008 -0.0225 -0.007 0.0095 -0.0225 -0.007 0.005 -0.023 -0.0175 0.0045 -0.023 -0.007 0.0045 -0.0235 -0.0175 0.0045 -0.0235 -0.007 0.0045 -0.0225 -0.007 0.006 -0.0225 -0.0175 0.005 -0.023 -0.007 0.007 -0.0225 -0.0175 0.0065 -0.0225 -0.007 0.0065 -0.0225 -0.0175 0.006 -0.023 -0.0175 0.007 -0.0245 -0.007 0.0025 -0.024 -0.0175 0.0035 -0.0245 -0.0175 0.0025 -0.024 -0.007 0.0035 -0.0235 -0.0175 0.001 -0.024 -0.007 0.0015 -0.024 -0.0175 0.0015 -0.023 -0.0175 -0.0005 -0.023 -0.007 0.0005 -0.023 -0.0175 0.0005 -0.0235 -0.007 0.001 -0.0235 -0.0175 -0.001 -0.023 -0.007 -0.0005 -0.024 -0.0175 -0.0015 -0.0235 -0.007 -0.001 -0.024 -0.007 -0.0015 0.008 -0.018 0.022 0.0095 -0.018 0.022 0.0075 -0.018 0.0225 0.0135 -0.018 0.019 0.0145 -0.018 0.019 0.013 -0.018 0.0195 0.0085 -0.018 0.0215 -0.013 -0.018 0.0195 -0.0125 -0.018 0.0205 -0.0135 -0.018 0.019 -0.014 -0.018 0.019 -0.0145 -0.018 0.019 -0.0035 -0.018 -0.0235 -0.002 -0.018 -0.024 -0.003 -0.018 -0.023 -0.002 -0.018 -0.0235 0.0025 -0.018 -0.023 0.002 -0.018 -0.024 0.003 -0.018 -0.023 0.0035 -0.018 -0.0235 0.004 -0.018 -0.0235 -0.0175 -0.018 -0.017 -0.019 -0.018 -0.015 -0.017 -0.018 -0.0175 0.026 -0.018 0 0.0235 -0.018 -0.0075 0.0245 -0.018 -0.0095 0.024 -0.018 -0.001 0.0245 -0.018 -0.0015 0.0235 -0.018 0.0075 0.0235 -0.018 0.007 -0.0235 -0.018 -0.007 -0.0255 -0.018 -0.005 -0.0235 -0.018 -0.0075 -0.0235 -0.018 -0.008 -0.0185 -0.018 -0.015 0.0245 -0.018 -0.002 -0.023 -0.018 -0.007 -0.024 -0.018 -0.0045 -0.0195 -0.018 -0.015 0.0245 -0.018 0.0015 0.0245 -0.018 0.002 -0.021 -0.018 -0.0125 -0.0225 -0.018 -0.01 -0.023 -0.018 -0.0095 0.0245 -0.018 0.0025 -0.022 -0.018 -0.0135 -0.017 -0.018 -0.018 0.0245 -0.018 0.0035 0.013 -0.018 -0.0195 0.0125 -0.018 -0.0205 0.0135 -0.018 -0.019 0.014 -0.018 -0.019 0.0145 -0.018 -0.019 0.0205 -0.018 0.011 0.0215 -0.018 0.01 0.0205 -0.018 0.0115 0.018 -0.018 0.015 0.0195 -0.018 0.0175 0.0175 -0.018 0.015 0.0125 -0.018 0.02 0.0075 -0.018 0.023 -0.0075 -0.018 0.0225 -0.0095 -0.018 0.022 -0.008 -0.018 0.022 -0.009 -0.018 0.0215 -0.015 -0.018 0.019 -0.0155 -0.018 0.021 -0.005 -0.018 -0.024 -0.007 -0.018 -0.025 0.0025 -0.018 -0.026 -0.0025 -0.018 -0.023 -0.001 -0.018 -0.0245 -0.0005 -0.018 -0.0245 0.0065 -0.018 -0.024 0.0115 -0.018 -0.0235 0.008 -0.018 -0.022 0.0075 -0.018 -0.023 0.0085 -0.018 -0.0215 0.009 -0.018 -0.0215 0.0095 -0.018 -0.022 0.0205 -0.018 0.0105 0.017 -0.018 0.0155 0.017 -0.018 0.016 0.017 -0.018 0.0165 0.0125 -0.018 0.0205 0.0075 -0.018 0.0235 -0.0085 -0.018 0.0215 -0.011 -0.018 0.022 -0.012 -0.018 0.0215 -0.016 -0.018 0.019 -0.017 -0.018 0.018 -0.017 -0.018 0.0175 -0.0195 -0.018 0.015 -0.021 -0.018 0.0125 -0.022 -0.018 0.0135 -0.023 -0.018 0.0095 -0.0255 -0.018 0.005 -0.0235 -0.018 0.008 -0.0225 -0.018 0.0065 -0.0235 -0.018 0.0045 -0.0225 -0.018 0.006 -0.0225 -0.018 0.0055 -0.0235 -0.018 0.0005 -0.024 -0.018 0.001 -0.0235 -0.018 -0.0005 -0.0085 -0.018 -0.0215 -0.0075 -0.018 -0.0225 -0.0055 -0.018 -0.024 -0.004 -0.018 -0.0235 -0.0015 -0.018 -0.0245 0.0005 -0.018 -0.0245 0.002 -0.018 -0.0235 0.0055 -0.018 -0.024 0.011 -0.018 -0.022 0.012 -0.018 -0.0215 0.0125 -0.018 -0.0215 0.0155 -0.018 -0.019 0.015 -0.018 -0.019 0.0235 -0.018 0.008 0.0245 -0.018 0.0095 0.023 -0.018 0.0095 0.0205 -0.018 0.012 0.0125 -0.018 0.021 0.0125 -0.018 0.0215 0.0115 -0.018 0.0235 0.012 -0.018 0.0215 0.01 -0.018 0.0225 0.009 -0.018 0.0215 -0.0075 -0.018 0.023 -0.01 -0.018 0.0225 -0.007 -0.018 0.025 -0.0125 -0.018 0.02 -0.017 -0.018 0.0155 -0.017 -0.018 0.0165 -0.0175 -0.018 0.015 -0.018 -0.018 0.015 -0.0185 -0.018 0.015 -0.024 -0.018 0.0045 -0.023 -0.018 0.007 -0.0235 -0.018 -0.001 -0.013 -0.018 -0.0195 -0.0145 -0.018 -0.019 -0.0125 -0.018 -0.02 -0.009 -0.018 -0.0215 -0.0065 -0.018 -0.024 0.001 -0.018 -0.0245 0.0045 -0.018 -0.024 0.007 -0.018 -0.0235 0.01 -0.018 -0.0225 0.0125 -0.018 -0.02 0.016 -0.018 -0.019 0.0195 -0.018 -0.0175 0.0175 -0.018 -0.015 0.018 -0.018 -0.015 0.0225 -0.018 0.01 0.021 -0.018 0.0125 0.022 -0.018 0.01 0.0205 -0.018 0.0135 0.02 -0.018 0.0145 0.0175 -0.018 0.017 0.011 -0.018 0.022 -0.0075 -0.018 0.0235 -0.0125 -0.018 0.0215 -0.0125 -0.018 0.021 -0.0175 -0.018 0.017 -0.02 -0.018 0.0145 -0.0235 -0.018 0.0075 -0.0245 -0.018 0.002 -0.024 -0.018 -0.001 -0.0245 -0.018 -0.002 -0.0245 -0.018 -0.0025 -0.0155 -0.018 -0.021 -0.0135 -0.018 -0.019 -0.0095 -0.018 -0.022 -0.0075 -0.018 -0.023 -0.0075 -0.018 -0.0235 -0.007 -0.018 -0.0235 -0.0045 -0.018 -0.024 0.0015 -0.018 -0.0245 0.005 -0.018 -0.024 0.0075 -0.018 -0.0235 0.0075 -0.018 -0.0225 0.0105 -0.018 -0.0225 0.0125 -0.018 -0.021 0.017 -0.018 -0.018 0.0185 -0.018 -0.015 0.021 -0.018 0.01 0.0195 -0.018 0.015 0.0185 -0.018 0.015 0.016 -0.018 0.019 0.0155 -0.018 0.019 0.015 -0.018 0.019 0.0105 -0.018 0.0225 0.007 -0.018 0.0235 0.0065 -0.018 0.024 0.0025 -0.018 0.026 0.0055 -0.018 0.024 -0.0025 -0.018 0.023 -0.004 -0.018 0.0235 -0.003 -0.018 0.023 -0.0155 -0.018 0.019 -0.019 -0.018 0.015 -0.0205 -0.018 0.0135 -0.0235 -0.018 0.007 -0.0245 -0.018 0.0025 -0.0245 -0.018 -0.0015 -0.0245 -0.018 -0.0035 -0.0205 -0.018 0.0105 -0.016 -0.018 -0.019 -0.0125 -0.018 -0.0205 -0.011 -0.018 -0.022 -0.0205 -0.018 -0.0135 -0.021 -0.018 -0.013 -0.0215 -0.018 -0.01 -0.022 -0.018 -0.01 -0.0045 -0.018 0.024 -0.0015 -0.018 0.0245 -0.001 -0.018 0.0245 0.023 -0.018 0.007 0.0235 -0.018 0.0045 0.024 -0.018 0.0045 0.024 -0.018 0.001 0.0235 -0.018 -0.0045 0.023 -0.018 -0.007 0.0235 -0.018 -0.007 0.02 -0.018 -0.0145 0.0195 -0.018 -0.015 -0.0175 -0.018 -0.015 -0.02 -0.018 -0.0145 -0.0205 -0.018 -0.011 -0.021 -0.018 -0.01 -0.023 -0.018 -0.005 -0.0235 -0.018 -0.0045 -0.007 -0.018 0.0235 0.002 -0.018 0.024 0.004 -0.018 0.0235 0.0045 -0.018 0.024 0.0245 -0.018 0.004 0.0235 -0.018 -0.001 0.0245 -0.018 -0.004 0.023 -0.018 -0.0095 0.0225 -0.018 -0.01 0.0175 -0.018 -0.017 0.017 -0.018 -0.0175 -0.017 -0.018 -0.0165 -0.0205 -0.018 -0.012 -0.0225 -0.018 -0.0055 -0.022 -0.018 0.01 -0.0205 -0.018 0.012 -0.005 -0.018 0.024 0.001 -0.018 0.0245 0.0015 -0.018 0.0245 0.023 -0.018 0.005 0.0235 -0.018 -0.0005 0.0245 -0.018 -0.0025 0.024 -0.018 -0.0045 0.0235 -0.018 -0.008 0.022 -0.018 -0.01 0.017 -0.018 -0.0165 -0.012 -0.018 -0.0215 -0.0125 -0.018 -0.0215 -0.017 -0.018 -0.016 -0.0205 -0.018 -0.0115 -0.0225 -0.018 -0.006 -0.0225 -0.018 0.01 -0.0245 -0.018 0.0015 -0.002 -0.018 0.024 0.0005 -0.018 0.0245 0.0225 -0.018 0.0065 0.0225 -0.018 0.0055 0.0235 -0.018 0.001 0.0235 -0.018 0.0005 0.0245 -0.018 -0.0035 0.0215 -0.018 -0.01 0.0205 -0.018 -0.012 0.021 -0.018 -0.0125 0.019 -0.018 -0.015 -0.01 -0.018 -0.0225 -0.0125 -0.018 -0.021 -0.017 -0.018 -0.0155 -0.0205 -0.018 -0.0105 -0.0225 -0.018 -0.0065 -0.0065 -0.018 0.024 -0.0055 -0.018 0.024 -0.0005 -0.018 0.0245 0.0035 -0.018 0.0235 0.005 -0.018 0.024 0.017 -0.018 0.0175 0.0225 -0.018 -0.0065 0.021 -0.018 -0.013 -0.0105 -0.018 -0.0225 -0.015 -0.018 -0.019 -0.0215 -0.018 0.01 -0.0245 -0.018 0.004 -0.002 -0.018 0.0235 0.003 -0.018 0.023 0.017 -0.018 0.018 0.021 -0.018 0.013 0.0225 -0.018 -0.006 0.0205 -0.018 -0.0105 0.0205 -0.018 -0.0135 0.017 -0.018 -0.016 -0.0155 -0.018 -0.019 -0.021 -0.018 0.01 -0.0245 -0.018 -0.004 -0.0245 -0.018 0.0035 -0.021 -0.018 0.013 -0.0105 -0.018 0.0225 0.0025 -0.018 0.023 0.002 -0.018 0.0235 0.019 -0.018 0.015 0.023 -0.018 -0.005 0.0225 -0.018 -0.0055 0.021 -0.018 -0.01 0.017 -0.018 -0.0155 -0.0235 -0.018 0.001 -0.0035 -0.018 0.0235 0.0245 -0.0245 -0.0095 0.026 -0.018 0 0.0245 -0.018 -0.0095 0.0195 -0.0245 -0.0175 0.0195 -0.018 -0.0175 0.0115 -0.0245 -0.0235 0.0115 -0.018 -0.0235 0.0025 -0.0245 -0.026 0.0025 -0.018 -0.026 -0.007 -0.0245 -0.025 -0.007 -0.018 -0.025 -0.0155 -0.0245 -0.021 -0.0155 -0.018 -0.021 -0.022 -0.0245 -0.0135 -0.022 -0.018 -0.0135 -0.0255 -0.0245 -0.005 -0.0255 -0.018 -0.005 -0.0255 -0.0245 0.005 -0.0255 -0.018 0.005 -0.022 -0.0245 0.0135 -0.022 -0.018 0.0135 -0.0155 -0.0245 0.021 -0.0155 -0.018 0.021 -0.007 -0.0245 0.025 -0.007 -0.018 0.025 0.0025 -0.0245 0.026 0.0025 -0.018 0.026 0.0115 -0.0245 0.0235 0.0115 -0.018 0.0235 0.0195 -0.0245 0.0175 0.0195 -0.018 0.0175 0.0245 -0.0245 0.0095 0.0245 -0.018 0.0095 0.026 -0.0245 0 0.0215 -0.007 0.01 0.0205 -0.007 0.011 0.0205 -0.007 0.0115 0.0195 -0.007 0.0175 0.0205 -0.007 0.0135 0.02 -0.007 0.0145 0.0185 -0.007 0.015 0.019 -0.007 0.015 0.0135 -0.007 0.019 0.0125 -0.007 0.02 0.014 -0.007 0.019 -0.005 -0.007 -0.024 -0.007 -0.007 -0.025 -0.0055 -0.007 -0.024 -0.004 -0.007 -0.0235 -0.002 -0.007 -0.0235 -0.002 -0.007 -0.024 0.002 -0.007 -0.0235 0.0035 -0.007 -0.0235 0.002 -0.007 -0.024 0.0125 -0.007 -0.0205 0.0135 -0.007 -0.019 0.014 -0.007 -0.019 0.0205 -0.007 -0.0115 0.0215 -0.007 -0.01 0.0205 -0.007 -0.012 0.0205 -0.007 -0.0105 0.0205 -0.007 -0.011 -0.023 -0.007 0.007 -0.0235 -0.007 0.0045 -0.0235 -0.007 0.007 -0.024 -0.007 0.0045 -0.0245 -0.007 0.0035 -0.0255 -0.007 0.005 -0.0245 -0.007 0.004 -0.024 -0.007 0.001 -0.0235 -0.007 -0.001 -0.024 -0.007 -0.001 -0.0245 -0.007 -0.002 -0.0245 -0.007 0.0015 -0.0245 -0.007 -0.0015 -0.024 -0.007 -0.0045 -0.0255 -0.007 -0.005 -0.0245 -0.007 -0.004 -0.023 -0.007 -0.0095 -0.022 -0.007 -0.0135 -0.0215 -0.007 -0.01 -0.0205 -0.007 -0.012 -0.021 -0.007 -0.0125 -0.0155 -0.007 -0.021 -0.0155 -0.007 -0.019 -0.015 -0.007 -0.019 0.0235 -0.007 -0.007 0.0235 -0.007 -0.0045 0.024 -0.007 -0.0045 0.0025 -0.007 0.026 0.002 -0.007 0.024 0.0015 -0.007 0.0245 -0.001 -0.007 0.0245 -0.0045 -0.007 0.024 -0.005 -0.007 0.024 -0.022 -0.007 0.0135 -0.017 -0.007 0.0175 -0.0175 -0.007 0.017 -0.021 -0.007 0.0125 -0.0215 -0.007 0.01 -0.022 -0.007 0.01 -0.0225 -0.007 0.0065 -0.0245 -0.007 -0.0025 -0.0235 -0.007 -0.007 -0.0235 -0.007 -0.0045 -0.0235 -0.007 -0.008 -0.0235 -0.007 -0.0075 -0.022 -0.007 -0.01 -0.0225 -0.007 -0.01 -0.021 -0.007 -0.013 -0.019 -0.007 -0.015 -0.0175 -0.007 -0.017 -0.017 -0.007 -0.0175 -0.0095 -0.007 -0.022 -0.0075 -0.007 -0.023 -0.0075 -0.007 -0.0235 0.0195 -0.007 -0.0175 0.019 -0.007 -0.015 0.0195 -0.007 -0.015 0.026 -0.007 0 0.024 -0.007 0.001 0.0245 -0.007 0.0015 0.0055 -0.007 0.024 0.005 -0.007 0.024 0.001 -0.007 0.0245 -0.002 -0.007 0.024 -0.004 -0.007 0.0235 -0.007 -0.007 0.025 -0.0065 -0.007 0.024 -0.007 -0.007 0.0235 -0.0075 -0.007 0.0235 -0.0095 -0.007 0.022 -0.01 -0.007 0.0225 -0.017 -0.007 0.018 -0.019 -0.007 0.015 -0.0195 -0.007 0.015 -0.0205 -0.007 0.012 -0.021 -0.007 0.01 -0.0225 -0.007 0.0055 -0.0245 -0.007 -0.0035 -0.023 -0.007 -0.007 -0.0225 -0.007 -0.006 -0.0225 -0.007 -0.0065 -0.0205 -0.007 -0.0135 -0.02 -0.007 -0.0145 -0.017 -0.007 -0.0165 -0.016 -0.007 -0.019 -0.0125 -0.007 -0.0205 -0.0125 -0.007 -0.021 0.0075 -0.007 -0.023 0.0095 -0.007 -0.022 0.01 -0.007 -0.0225 0.017 -0.007 -0.0175 0.0175 -0.007 -0.017 0.0245 -0.007 -0.0095 0.0235 -0.007 -0.008 0.0235 -0.007 -0.0075 0.0245 -0.007 -0.0025 0.0245 -0.007 -0.002 0.0175 -0.007 0.017 0.017 -0.007 0.0175 0.01 -0.007 0.0225 0.0075 -0.007 0.023 0.0075 -0.007 0.0235 0.0045 -0.007 0.024 0.0005 -0.007 0.0245 -0.0015 -0.007 0.0245 -0.0055 -0.007 0.024 -0.008 -0.007 0.022 -0.009 -0.007 0.0215 -0.0105 -0.007 0.0225 -0.0125 -0.007 0.021 -0.015 -0.007 0.019 -0.0155 -0.007 0.021 -0.0185 -0.007 0.015 -0.0235 -0.007 0.008 -0.0235 -0.007 0.0075 -0.023 -0.007 0.005 -0.0235 -0.007 0.001 -0.023 -0.007 -0.005 -0.0225 -0.007 -0.0055 -0.0205 -0.007 -0.0115 -0.0195 -0.007 -0.015 -0.0185 -0.007 -0.015 -0.017 -0.007 -0.016 -0.017 -0.007 -0.018 -0.014 -0.007 -0.019 -0.0125 -0.007 -0.02 -0.0105 -0.007 -0.0225 -0.01 -0.007 -0.0225 0.004 -0.007 -0.0235 0.0045 -0.007 -0.024 0.0105 -0.007 -0.0225 0.0025 -0.007 -0.026 0.017 -0.007 -0.018 0.0185 -0.007 -0.015 0.021 -0.007 -0.013 0.0225 -0.007 -0.01 0.0245 -0.007 -0.004 0.0245 -0.007 -0.0015 0.0235 -0.007 0.0075 0.0245 -0.007 0.0095 0.0115 -0.007 0.0235 0.0155 -0.007 0.019 0.015 -0.007 0.019 0.008 -0.007 0.022 0.0075 -0.007 0.0225 0.007 -0.007 0.0235 0.004 -0.007 0.0235 -0.0005 -0.007 0.0245 -0.0075 -0.007 0.023 -0.012 -0.007 0.0215 -0.0125 -0.007 0.0215 -0.0125 -0.007 0.0205 -0.014 -0.007 0.019 -0.0145 -0.007 0.019 -0.0155 -0.007 0.019 -0.017 -0.007 0.0165 -0.018 -0.007 0.015 -0.0205 -0.007 0.0135 -0.021 -0.007 0.013 -0.0205 -0.007 0.0105 -0.0205 -0.007 -0.011 -0.021 -0.007 -0.01 -0.0205 -0.007 -0.0105 -0.0145 -0.007 -0.019 -0.0125 -0.007 -0.0215 -0.0015 -0.007 -0.0245 -0.001 -0.007 -0.0245 0.007 -0.007 -0.0235 0.0075 -0.007 -0.0235 0.0115 -0.007 -0.0235 0.0125 -0.007 -0.0215 0.018 -0.007 -0.015 0.0205 -0.007 -0.0135 0.023 -0.007 -0.0095 0.0225 -0.007 -0.0055 0.0245 -0.007 -0.0035 0.0235 -0.007 0.001 0.0245 -0.007 0.002 0.023 -0.007 0.0095 0.0225 -0.007 0.01 0.016 -0.007 0.019 0.0145 -0.007 0.019 0.0125 -0.007 0.0205 0.0125 -0.007 0.021 0.0095 -0.007 0.022 0.0065 -0.007 0.024 0.0035 -0.007 0.0235 0.002 -0.007 0.0235 -0.0035 -0.007 0.0235 -0.0075 -0.007 0.0225 -0.011 -0.007 0.022 -0.016 -0.007 0.019 -0.02 -0.007 0.0145 -0.023 -0.007 0.0095 -0.0175 -0.007 -0.015 -0.017 -0.007 -0.0155 -0.011 -0.007 -0.022 -0.0075 -0.007 -0.0225 -0.007 -0.007 -0.0235 0.0005 -0.007 -0.0245 0.001 -0.007 -0.0245 0.0065 -0.007 -0.024 0.011 -0.007 -0.022 0.012 -0.007 -0.0215 0.0125 -0.007 -0.021 0.015 -0.007 -0.019 0.0155 -0.007 -0.019 0.017 -0.007 -0.0165 0.02 -0.007 -0.0145 0.022 -0.007 -0.01 0.023 -0.007 -0.007 0.024 -0.007 -0.001 0.024 -0.007 0.0045 0.023 -0.007 0.007 0.0235 -0.007 0.007 0.0235 -0.007 0.008 0.0205 -0.007 0.012 0.021 -0.007 0.0125 0.017 -0.007 0.018 0.0125 -0.007 0.0215 0.009 -0.007 0.0215 -0.0025 -0.007 0.023 -0.003 -0.007 0.023 0.0245 -0.007 0.004 0.0245 -0.007 0.0035 0.0225 -0.007 0.0055 0.023 -0.007 0.005 0.021 -0.007 0.01 0.0205 -0.007 0.0105 0.017 -0.007 0.016 0.017 -0.007 0.0165 -0.003 -0.007 -0.023 -0.0025 -0.007 -0.023 0.003 -0.007 -0.023 0.0025 -0.007 -0.023 0.013 -0.007 -0.0195 0.0125 -0.007 -0.02 0.0225 -0.007 0.006 0.017 -0.007 0.0155 -0.0225 -0.007 0.01 0.0105 -0.007 0.0225 -0.0245 -0.007 0.002 -0.0245 -0.007 0.0025 -0.0035 -0.007 -0.0235 0.018 -0.007 0.015 0.0175 -0.007 0.015 0.0235 -0.007 0.0045 -0.0085 -0.007 0.0215 -0.0135 -0.007 0.019 -0.0125 -0.007 0.02 -0.017 -0.007 0.0155 -0.0175 -0.007 0.015 -0.013 -0.007 -0.0195 -0.012 -0.007 -0.0215 -0.008 -0.007 -0.022 -0.0005 -0.007 -0.0245 0.0015 -0.007 -0.0245 0.005 -0.007 -0.024 0.009 -0.007 -0.0215 0.016 -0.007 -0.019 0.017 -0.007 -0.0155 0.0175 -0.007 -0.015 0.021 -0.007 -0.0125 0.0225 -0.007 -0.0065 0.0225 -0.007 -0.006 0.0235 -0.007 -0.001 0.0235 -0.007 -0.0005 0.022 -0.007 0.01 0.0195 -0.007 0.015 0.011 -0.007 0.022 0.0085 -0.007 0.0215 0.0025 -0.007 0.023 0.003 -0.007 0.023 -0.002 -0.007 0.0235 -0.0135 -0.007 -0.019 -0.0085 -0.007 -0.0215 -0.009 -0.007 -0.0215 0.0055 -0.007 -0.024 0.0085 -0.007 -0.0215 0.0075 -0.007 -0.0225 0.0145 -0.007 -0.019 0.017 -0.007 -0.016 0.0235 -0.007 0.0005 0.0225 -0.007 0.0065 0.021 -0.007 0.013 0.012 -0.007 0.0215 -0.0065 -0.007 -0.024 -0.0045 -0.007 -0.024 0.021 -0.007 -0.01 0.0245 -0.007 0.0025 -0.0255 -0.0005 0.005 -0.022 -0.007 0.0135 -0.0255 -0.007 0.005 -0.026 -0.0005 0 -0.0255 -0.007 -0.005 -0.0255 -0.0005 -0.005 0.026 -0.0005 0 0.0245 -0.007 -0.0095 0.026 -0.007 0 0.0245 -0.0005 -0.0095 0.0195 -0.007 -0.0175 0.0195 -0.0005 -0.0175 0.0115 -0.007 -0.0235 0.0115 -0.0005 -0.0235 0.0025 -0.007 -0.026 0.0025 -0.0005 -0.026 -0.007 -0.007 -0.025 -0.007 -0.0005 -0.025 -0.0155 -0.007 -0.021 -0.0155 -0.0005 -0.021 -0.022 -0.007 -0.0135 -0.022 -0.0005 -0.0135 -0.022 -0.0005 0.0135 -0.0155 -0.007 0.021 -0.0155 -0.0005 0.021 -0.007 -0.007 0.025 -0.007 -0.0005 0.025 0.0025 -0.007 0.026 0.0025 -0.0005 0.026 0.0115 -0.007 0.0235 0.0115 -0.0005 0.0235 0.0195 -0.007 0.0175 0.0195 -0.0005 0.0175 0.0245 -0.007 0.0095 0.0245 -0.0005 0.0095 0.017 -0.007 -0.017 0.017 -0.0175 -0.017 0.017 -0.0175 -0.0175 0.017 -0.007 -0.0175 0.0165 -0.0175 -0.018 0.0165 -0.007 -0.018 0.0105 -0.0175 0.022 0.01 -0.007 0.022 0.0105 -0.007 0.022 0.01 -0.0175 0.022 0.0095 -0.007 0.022 0.0095 -0.0175 0.022 0.011 -0.0175 0.022 0.011 -0.007 0.022 0.024 -0.007 0.004 0.024 -0.0175 0.0035 0.024 -0.0175 0.004 0.0235 -0.007 0.0045 0.0235 -0.0175 0.0045 0.024 -0.007 0.0035 -0.0055 -0.007 0.024 -0.005 -0.0175 0.024 -0.0055 -0.0175 0.024 -0.004 -0.0175 0.0235 -0.0045 -0.007 0.024 -0.004 -0.007 0.0235 -0.005 -0.007 0.024 -0.0045 -0.0175 0.024 -0.0155 -0.007 0.019 -0.015 -0.0175 0.019 -0.0155 -0.0175 0.019 -0.016 -0.007 0.0185 -0.016 -0.0175 0.0185 -0.0145 -0.0175 0.019 -0.015 -0.007 0.019 -0.0145 -0.007 0.019 -0.0105 -0.007 0.022 -0.01 -0.0175 0.022 -0.0105 -0.0175 0.022 -0.01 -0.007 0.022 -0.0095 -0.0175 0.022 -0.0095 -0.007 0.022 -0.011 -0.007 0.022 -0.011 -0.0175 0.022 0.023 -0.0175 -0.0075 0.023 -0.007 -0.007 0.023 -0.007 -0.0075 0.023 -0.0175 -0.007 0.023 -0.0175 -0.008 0.023 -0.007 -0.008 0.0095 -0.0175 -0.022 0.01 -0.007 -0.022 0.0095 -0.007 -0.022 0.0105 -0.0175 -0.022 0.011 -0.007 -0.022 0.0105 -0.007 -0.022 0.01 -0.0175 -0.022 0.011 -0.0175 -0.022 0.0195 -0.007 0.0145 0.02 -0.0175 0.0145 0.0195 -0.0175 0.0145 0.019 -0.0175 0.015 0.0185 -0.007 0.015 0.019 -0.007 0.015 0.02 -0.007 0.0145 0.0185 -0.0175 0.015 0.007 -0.0175 -0.0235 0.007 -0.007 -0.023 0.007 -0.007 -0.0235 0.007 -0.0175 -0.023 0.0065 -0.0175 -0.0235 0.0065 -0.007 -0.0235 -0.001 -0.0175 0.0245 -0.0015 -0.007 0.024 -0.001 -0.007 0.0245 -0.0005 -0.0175 0.0245 -0.0005 -0.007 0.0245 -0.0015 -0.0175 0.024 0.0055 -0.007 -0.024 0.005 -0.0175 -0.024 0.0055 -0.0175 -0.024 0.005 -0.007 -0.024 0.0045 -0.0175 -0.024 0.0045 -0.007 -0.024 0.004 -0.0175 -0.0235 0.004 -0.007 -0.0235 0.0125 -0.0175 -0.021 0.0125 -0.007 -0.0205 0.0125 -0.007 -0.021 0.012 -0.007 -0.021 0.012 -0.0175 -0.0215 0.012 -0.0175 -0.021 0.0125 -0.0175 -0.0205 0.012 -0.007 -0.0215 0.001 -0.007 -0.0245 0.0005 -0.0175 -0.0245 0.001 -0.0175 -0.0245 0.0015 -0.007 -0.024 0.0015 -0.0175 -0.024 0.0005 -0.007 -0.0245 0.0205 -0.007 -0.0125 0.0205 -0.0175 -0.013 0.0205 -0.0175 -0.0125 0.0205 -0.007 -0.013 0.0205 -0.0175 -0.0135 0.0205 -0.007 -0.0135 -0.0005 -0.007 -0.0245 -0.001 -0.0175 -0.0245 -0.0005 -0.0175 -0.0245 -0.0015 -0.0175 -0.024 -0.001 -0.007 -0.0245 -0.0015 -0.007 -0.024 0.024 -0.007 -0.0015 0.0245 -0.0175 -0.002 0.024 -0.0175 -0.0015 0.0245 -0.007 -0.002 0.0245 -0.0175 -0.0025 0.0245 -0.007 -0.0025 -0.0045 -0.007 -0.024 -0.005 -0.0175 -0.024 -0.0045 -0.0175 -0.024 -0.004 -0.007 -0.0235 -0.0055 -0.0175 -0.024 -0.005 -0.007 -0.024 -0.0055 -0.007 -0.024 -0.004 -0.0175 -0.0235 0.0225 -0.007 0.0095 0.0225 -0.0175 0.0095 0.022 -0.0175 0.01 0.0215 -0.007 0.01 0.022 -0.007 0.01 0.0215 -0.0175 0.01 -0.007 -0.007 -0.023 -0.007 -0.0175 -0.023 -0.007 -0.0175 -0.0235 -0.0065 -0.007 -0.0235 -0.007 -0.007 -0.0235 -0.0065 -0.0175 -0.0235 0.015 -0.007 0.019 0.0155 -0.0175 0.019 0.015 -0.0175 0.019 0.0145 -0.007 0.019 0.0145 -0.0175 0.019 0.0155 -0.007 0.019 0.016 -0.0175 0.0185 0.016 -0.007 0.0185 -0.01 -0.0175 -0.022 -0.0095 -0.007 -0.022 -0.01 -0.007 -0.022 -0.0105 -0.0175 -0.022 -0.0105 -0.007 -0.022 -0.011 -0.0175 -0.022 -0.011 -0.007 -0.022 -0.0095 -0.0175 -0.022 0.0045 -0.0175 0.024 0.004 -0.007 0.0235 0.0045 -0.007 0.024 0.005 -0.007 0.024 0.0055 -0.0175 0.024 0.005 -0.0175 0.024 0.0055 -0.007 0.024 0.004 -0.0175 0.0235 -0.012 -0.007 -0.0215 -0.012 -0.0175 -0.021 -0.012 -0.0175 -0.0215 -0.0125 -0.007 -0.021 -0.0125 -0.0175 -0.0205 -0.0125 -0.0175 -0.021 -0.0125 -0.007 -0.0205 -0.012 -0.007 -0.021 -0.017 -0.007 0.017 -0.017 -0.0175 0.0175 -0.017 -0.0175 0.017 -0.0165 -0.0175 0.018 -0.017 -0.007 0.0175 -0.0165 -0.007 0.018 -0.015 -0.0175 -0.019 -0.0145 -0.007 -0.019 -0.015 -0.007 -0.019 -0.0155 -0.007 -0.019 -0.016 -0.0175 -0.0185 -0.0155 -0.0175 -0.019 -0.0145 -0.0175 -0.019 -0.016 -0.007 -0.0185 -0.012 -0.0175 0.021 -0.0125 -0.007 0.021 -0.012 -0.007 0.021 -0.0125 -0.0175 0.021 -0.0125 -0.007 0.0205 -0.0125 -0.0175 0.0205 -0.012 -0.0175 0.0215 -0.012 -0.007 0.0215 -0.017 -0.0175 -0.017 -0.017 -0.007 -0.017 -0.0165 -0.007 -0.018 -0.017 -0.0175 -0.0175 -0.0165 -0.0175 -0.018 -0.017 -0.007 -0.0175 0.015 -0.0175 -0.019 0.0155 -0.007 -0.019 0.015 -0.007 -0.019 0.0145 -0.0175 -0.019 0.0145 -0.007 -0.019 0.0155 -0.0175 -0.019 0.016 -0.007 -0.0185 0.016 -0.0175 -0.0185 -0.019 -0.0175 -0.015 -0.0185 -0.007 -0.015 -0.019 -0.007 -0.015 -0.0195 -0.0175 -0.0145 -0.0195 -0.007 -0.0145 -0.02 -0.0175 -0.0145 -0.02 -0.007 -0.0145 -0.0185 -0.0175 -0.015 0.02 -0.007 -0.0145 0.0195 -0.0175 -0.0145 0.02 -0.0175 -0.0145 0.0195 -0.007 -0.0145 0.019 -0.0175 -0.015 0.019 -0.007 -0.015 0.0185 -0.0175 -0.015 0.0185 -0.007 -0.015 -0.0205 -0.007 -0.013 -0.0205 -0.0175 -0.0125 -0.0205 -0.0175 -0.013 -0.0205 -0.007 -0.0125 -0.0205 -0.007 -0.0135 -0.0205 -0.0175 -0.0135 0.0225 -0.007 -0.0095 0.0225 -0.0175 -0.0095 0.022 -0.0175 -0.01 0.0215 -0.0175 -0.01 0.022 -0.007 -0.01 0.0215 -0.007 -0.01 -0.022 -0.007 -0.01 -0.0225 -0.0175 -0.0095 -0.022 -0.0175 -0.01 -0.0215 -0.007 -0.01 -0.0215 -0.0175 -0.01 -0.0225 -0.007 -0.0095 0.024 -0.007 -0.004 0.0235 -0.0175 -0.0045 0.024 -0.0175 -0.004 0.0235 -0.007 -0.0045 0.024 -0.007 -0.0035 0.024 -0.0175 -0.0035 -0.023 -0.0175 -0.0075 -0.023 -0.007 -0.0075 -0.023 -0.007 -0.008 -0.023 -0.0175 -0.008 -0.023 -0.0175 -0.007 -0.023 -0.007 -0.007 0.024 -0.0175 0.0015 0.0245 -0.007 0.002 0.024 -0.007 0.0015 0.0245 -0.0175 0.002 0.0245 -0.007 0.0025 0.0245 -0.0175 0.0025 -0.024 -0.0175 -0.0035 -0.024 -0.007 -0.004 -0.024 -0.007 -0.0035 -0.024 -0.0175 -0.004 -0.0235 -0.007 -0.0045 -0.0235 -0.0175 -0.0045 0.023 -0.0175 0.007 0.023 -0.007 0.0075 0.023 -0.007 0.007 0.023 -0.0175 0.0075 0.023 -0.007 0.008 0.023 -0.0175 0.008 -0.0245 -0.007 -0.0025 -0.0245 -0.0175 -0.002 -0.0245 -0.0175 -0.0025 -0.0245 -0.007 -0.002 -0.024 -0.0175 -0.0015 -0.024 -0.007 -0.0015 0.0205 -0.0175 0.013 0.0205 -0.007 0.0135 0.0205 -0.007 0.013 0.0205 -0.0175 0.0135 0.0205 -0.0175 0.0125 0.0205 -0.007 0.0125 -0.0245 -0.0175 0.002 -0.024 -0.007 0.0015 -0.0245 -0.007 0.002 -0.0245 -0.0175 0.0025 -0.024 -0.0175 0.0015 -0.0245 -0.007 0.0025 0.017 -0.0175 0.017 0.017 -0.007 0.0175 0.017 -0.007 0.017 0.017 -0.0175 0.0175 0.0165 -0.007 0.018 0.0165 -0.0175 0.018 -0.024 -0.007 0.004 -0.024 -0.0175 0.004 -0.024 -0.007 0.0035 -0.024 -0.0175 0.0035 -0.0235 -0.0175 0.0045 -0.0235 -0.007 0.0045 0.0125 -0.0175 0.021 0.012 -0.007 0.021 0.0125 -0.007 0.021 0.012 -0.0175 0.021 0.012 -0.007 0.0215 0.0125 -0.0175 0.0205 0.0125 -0.007 0.0205 0.012 -0.0175 0.0215 -0.023 -0.007 0.0075 -0.023 -0.0175 0.0075 -0.023 -0.007 0.007 -0.023 -0.0175 0.007 -0.023 -0.0175 0.008 -0.023 -0.007 0.008 0.007 -0.007 0.023 0.007 -0.0175 0.023 0.0065 -0.007 0.0235 0.007 -0.0175 0.0235 0.0065 -0.0175 0.0235 0.007 -0.007 0.0235 -0.0225 -0.007 0.0095 -0.022 -0.0175 0.01 -0.0225 -0.0175 0.0095 -0.0215 -0.0175 0.01 -0.022 -0.007 0.01 -0.0215 -0.007 0.01 0.001 -0.007 0.0245 0.0015 -0.0175 0.024 0.001 -0.0175 0.0245 0.0005 -0.007 0.0245 0.0015 -0.007 0.024 0.0005 -0.0175 0.0245 -0.0205 -0.0175 0.0125 -0.0205 -0.007 0.0125 -0.0205 -0.0175 0.013 -0.0205 -0.007 0.013 -0.0205 -0.0175 0.0135 -0.0205 -0.007 0.0135 -0.02 -0.007 0.0145 -0.0195 -0.0175 0.0145 -0.02 -0.0175 0.0145 -0.019 -0.007 0.015 -0.0185 -0.0175 0.015 -0.019 -0.0175 0.015 -0.0195 -0.007 0.0145 -0.0185 -0.007 0.015 -0.007 -0.007 0.0235 -0.0065 -0.0175 0.0235 -0.007 -0.0175 0.0235 -0.0065 -0.007 0.0235 -0.007 -0.007 0.023 -0.007 -0.0175 0.023 -0.0235 -0.0005 -0.02 -0.0155 0 -0.0265 -0.0155 -0.0005 -0.027 -0.0055 0 -0.03 -0.0055 -0.0005 -0.0305 0.0235 0 -0.0195 0.0155 -0.0005 -0.027 0.0155 0 -0.0265 -0.0155 -0.0005 0.027 -0.0235 0 0.0195 -0.0235 -0.0005 0.02 0.0055 -0.0005 -0.0305 -0.0285 0 0.0105 -0.029 -0.0005 0.0105 -0.0305 0 0 -0.031 -0.0005 0 0.0055 0 -0.03 -0.0235 0 -0.0195 0.0285 0 0.0105 0.031 -0.0005 0 0.0305 0 0 0.029 -0.0005 -0.0105 0.0285 0 -0.0105 -0.0055 -0.0005 0.0305 -0.0155 0 0.0265 0.0235 0 0.0195 0.029 -0.0005 0.0105 0.0155 0 0.0265 0.0235 -0.0005 0.02 0.0055 0 0.03 0.0155 -0.0005 0.027 -0.0055 0 0.03 0.0055 -0.0005 0.0305 -0.029 -0.0005 -0.0105 -0.0285 0 -0.0105 0.0235 -0.0005 -0.02 0.0115 -0.0245 -0.0235 0.0025 -0.025 -0.0265 0.012 -0.025 -0.024 -0.0255 -0.0245 -0.005 -0.026 -0.025 0.005 -0.026 -0.025 -0.005 -0.0255 -0.0245 0.005 -0.0225 -0.025 0.014 0.0265 -0.025 0 0.0245 -0.0245 0.0095 0.026 -0.0245 0 -0.022 -0.0245 0.0135 -0.016 -0.025 0.021 -0.0155 -0.0245 0.021 -0.0075 -0.025 0.0255 0.0195 -0.0245 -0.0175 0.0195 -0.025 -0.018 -0.007 -0.0245 0.025 0.0025 -0.025 0.0265 0.0245 -0.0245 -0.0095 0.025 -0.025 -0.0095 0.0025 -0.0245 0.026 0.012 -0.025 0.024 0.025 -0.025 0.0095 0.0195 -0.0245 0.0175 0.0195 -0.025 0.018 0.0115 -0.0245 0.0235 0.0025 -0.0245 -0.026 -0.0075 -0.025 -0.0255 -0.007 -0.0245 -0.025 -0.016 -0.025 -0.021 -0.022 -0.0245 -0.0135 -0.0155 -0.0245 -0.021 -0.0225 -0.025 -0.014 0.0195 0 -0.018 0.0115 -0.0005 -0.0235 0.0195 -0.0005 -0.0175 0.0025 -0.0005 0.026 -0.0075 0 0.0255 0.0025 0 0.0265 -0.007 -0.0005 0.025 -0.016 0 0.021 -0.0155 -0.0005 0.021 -0.0225 0 0.014 -0.022 -0.0005 0.0135 -0.026 0 0.005 -0.0255 -0.0005 0.005 -0.0265 0 0 0.0115 -0.0005 0.0235 0.012 0 0.024 0.012 0 -0.024 0.0025 -0.0005 -0.026 0.0195 -0.0005 0.0175 0.0195 0 0.018 0.0025 0 -0.0265 -0.007 -0.0005 -0.025 -0.0075 0 -0.0255 -0.0155 -0.0005 -0.021 -0.016 0 -0.021 -0.022 -0.0005 -0.0135 0.025 0 -0.0095 0.0245 -0.0005 -0.0095 0.0265 0 0 0.026 -0.0005 0 0.025 0 0.0095 0.0245 -0.0005 0.0095 -0.0225 0 -0.014 -0.0255 -0.0005 -0.005 -0.026 0 -0.005 -0.026 -0.0005 0 -0.0055 -0.025 0.03 -0.0155 -0.0245 0.027 -0.0155 -0.025 0.0265 0.0305 -0.025 0 0.029 -0.0245 0.0105 0.0285 -0.025 0.0105 0.0235 -0.0245 0.02 0.0235 -0.025 0.0195 0.0155 -0.0245 0.027 0.0155 -0.025 0.0265 0.0285 -0.025 -0.0105 0.031 -0.0245 0 0.0235 -0.0245 -0.02 0.0155 -0.025 -0.0265 0.0155 -0.0245 -0.027 0.029 -0.0245 -0.0105 0.0235 -0.025 -0.0195 0.0055 -0.0245 -0.0305 -0.0055 -0.025 -0.03 -0.0055 -0.0245 -0.0305 -0.0155 -0.025 -0.0265 -0.0155 -0.0245 -0.027 0.0055 -0.025 -0.03 0.0055 -0.0245 0.0305 -0.0055 -0.0245 0.0305 0.0055 -0.025 0.03 -0.0235 -0.025 -0.0195 -0.0235 -0.0245 -0.02 -0.0285 -0.025 -0.0105 -0.029 -0.0245 -0.0105 -0.0305 -0.025 0 -0.031 -0.0245 0 -0.0235 -0.0245 0.02 -0.029 -0.0245 0.0105 -0.0235 -0.025 0.0195 -0.0285 -0.025 0.0105 -0.019 -0.018 -0.015 -0.0185 -0.0175 -0.015 -0.019 -0.0175 -0.015 -0.0195 -0.018 -0.015 -0.0195 -0.0175 -0.0145 -0.0185 -0.018 -0.015 -0.02 -0.018 -0.0145 -0.02 -0.0175 -0.0145 -0.02 -0.0175 -0.0145 -0.0205 -0.018 -0.0135 -0.02 -0.018 -0.0145 -0.0205 -0.0175 -0.0135 -0.017 -0.0175 -0.0155 -0.017 -0.018 -0.016 -0.017 -0.0175 -0.016 -0.017 -0.018 -0.0165 -0.017 -0.0175 -0.017 -0.018 -0.0175 -0.015 -0.0175 -0.018 -0.015 -0.0175 -0.0175 -0.015 -0.0185 -0.0175 -0.015 -0.018 -0.018 -0.015 -0.017 -0.018 -0.0155 -0.0185 -0.018 -0.015 -0.021 -0.018 -0.013 -0.0205 -0.0175 -0.0135 -0.0205 -0.0175 -0.013 -0.0205 -0.018 -0.012 -0.0205 -0.0175 -0.0125 -0.0205 -0.018 -0.0135 -0.021 -0.018 -0.0125 -0.017 -0.018 -0.0165 -0.017 -0.0175 -0.017 -0.0175 -0.018 -0.017 -0.017 -0.0175 -0.0175 -0.017 -0.018 -0.0175 -0.0165 -0.0175 -0.018 -0.017 -0.018 -0.018 -0.0205 -0.018 -0.0105 -0.021 -0.0175 -0.01 -0.021 -0.018 -0.01 -0.0205 -0.0175 -0.0105 -0.0205 -0.018 -0.011 -0.02 -0.0175 -0.011 -0.0205 -0.018 -0.0115 -0.02 -0.0175 -0.0115 -0.0215 -0.0175 -0.01 -0.0205 -0.018 -0.012 -0.0205 -0.0175 -0.0125 -0.0215 -0.018 -0.01 -0.016 -0.0175 -0.0185 -0.017 -0.018 -0.018 -0.016 -0.018 -0.019 -0.0165 -0.0175 -0.018 -0.023 -0.018 -0.0095 -0.0225 -0.0175 -0.0095 -0.0215 -0.0175 -0.01 -0.022 -0.018 -0.01 -0.0215 -0.018 -0.01 -0.022 -0.0175 -0.01 -0.0225 -0.018 -0.01 -0.0145 -0.0175 -0.019 -0.015 -0.018 -0.019 -0.0145 -0.018 -0.019 -0.0155 -0.018 -0.019 -0.015 -0.0175 -0.019 -0.0155 -0.0175 -0.019 -0.016 -0.018 -0.019 -0.016 -0.0175 -0.0185 -0.0235 -0.018 -0.008 -0.0225 -0.0175 -0.0095 -0.023 -0.0175 -0.008 -0.023 -0.018 -0.0095 -0.013 -0.0175 -0.019 -0.0125 -0.018 -0.02 -0.0125 -0.0175 -0.0195 -0.0125 -0.018 -0.0205 -0.0125 -0.0175 -0.0205 -0.0135 -0.018 -0.019 -0.014 -0.0175 -0.0185 -0.014 -0.018 -0.019 -0.0145 -0.0175 -0.019 -0.0135 -0.0175 -0.019 -0.013 -0.018 -0.0195 -0.0145 -0.018 -0.019 -0.0235 -0.018 -0.0075 -0.023 -0.0175 -0.008 -0.023 -0.0175 -0.0075 -0.0235 -0.018 -0.008 -0.0235 -0.018 -0.007 -0.023 -0.018 -0.007 -0.023 -0.0175 -0.007 -0.0125 -0.018 -0.0215 -0.012 -0.0175 -0.0215 -0.012 -0.0175 -0.021 -0.012 -0.018 -0.0215 -0.0125 -0.0175 -0.021 -0.0125 -0.018 -0.0205 -0.0125 -0.018 -0.021 -0.0125 -0.0175 -0.0205 -0.0225 -0.018 -0.0055 -0.023 -0.0175 -0.0045 -0.023 -0.018 -0.005 -0.0225 -0.018 -0.0065 -0.0225 -0.0175 -0.006 -0.0225 -0.018 -0.006 -0.023 -0.018 -0.007 -0.0225 -0.0175 -0.0065 -0.023 -0.0175 -0.007 -0.0225 -0.0175 -0.005 -0.0235 -0.0175 -0.0045 -0.0235 -0.018 -0.0045 -0.011 -0.0175 -0.022 -0.012 -0.018 -0.0215 -0.011 -0.018 -0.022 -0.012 -0.0175 -0.0215 -0.0245 -0.018 -0.0035 -0.024 -0.0175 -0.004 -0.024 -0.0175 -0.0035 -0.0245 -0.018 -0.004 -0.024 -0.018 -0.0045 -0.0235 -0.0175 -0.0045 -0.0235 -0.018 -0.0045 -0.011 -0.018 -0.022 -0.0105 -0.0175 -0.022 -0.011 -0.0175 -0.022 -0.0095 -0.0175 -0.022 -0.01 -0.018 -0.0225 -0.0095 -0.018 -0.022 -0.01 -0.0175 -0.022 -0.0105 -0.018 -0.0225 -0.024 -0.0175 -0.0035 -0.0245 -0.018 -0.0025 -0.0245 -0.018 -0.0035 -0.0245 -0.0175 -0.0025 -0.009 -0.018 -0.0215 -0.0095 -0.0175 -0.022 -0.0095 -0.018 -0.022 -0.009 -0.0175 -0.0215 -0.008 -0.018 -0.022 -0.0085 -0.0175 -0.0215 -0.0085 -0.018 -0.0215 -0.0075 -0.018 -0.0225 -0.008 -0.0175 -0.0215 -0.0075 -0.018 -0.023 -0.0075 -0.0175 -0.022 -0.007 -0.0175 -0.023 -0.024 -0.0175 -0.0015 -0.024 -0.018 -0.001 -0.0245 -0.018 -0.0015 -0.0245 -0.018 -0.002 -0.0245 -0.0175 -0.0025 -0.0245 -0.0175 -0.002 -0.0245 -0.018 -0.0025 -0.007 -0.0175 -0.023 -0.0075 -0.018 -0.023 -0.0075 -0.018 -0.0235 -0.007 -0.0175 -0.0235 -0.0065 -0.0175 -0.0235 -0.007 -0.018 -0.0235 -0.0065 -0.018 -0.024 -0.0235 -0.018 -0.001 -0.023 -0.0175 -0.0005 -0.0235 -0.018 -0.0005 -0.024 -0.018 -0.001 -0.0235 -0.0175 -0.001 -0.024 -0.0175 -0.0015 -0.0235 -0.018 0.0005 -0.0235 -0.0175 0.001 -0.0235 -0.018 0.001 -0.024 -0.0175 0.0015 -0.024 -0.018 0.001 -0.023 -0.0175 0.0005 -0.0065 -0.018 -0.024 -0.0055 -0.0175 -0.024 -0.0065 -0.0175 -0.0235 -0.0055 -0.018 -0.024 -0.024 -0.0175 0.0015 -0.0245 -0.018 0.0015 -0.024 -0.018 0.001 -0.0245 -0.018 0.002 -0.0245 -0.0175 0.002 -0.0245 -0.018 0.0025 -0.0245 -0.0175 0.0025 -0.0055 -0.018 -0.024 -0.005 -0.0175 -0.024 -0.0055 -0.0175 -0.024 -0.005 -0.018 -0.024 -0.0045 -0.0175 -0.024 -0.0045 -0.018 -0.024 -0.004 -0.0175 -0.0235 -0.004 -0.018 -0.0235 -0.0245 -0.0175 0.0025 -0.0245 -0.018 0.0035 -0.0245 -0.018 0.0025 -0.024 -0.0175 0.0035 -0.002 -0.0175 -0.0235 -0.002 -0.018 -0.024 -0.0015 -0.0175 -0.024 -0.0035 -0.018 -0.0235 -0.004 -0.0175 -0.0235 -0.004 -0.018 -0.0235 -0.0035 -0.0175 -0.023 -0.003 -0.018 -0.023 -0.003 -0.0175 -0.023 -0.0025 -0.018 -0.023 -0.0025 -0.0175 -0.023 -0.002 -0.018 -0.0235 -0.024 -0.0175 0.004 -0.0235 -0.018 0.0045 -0.024 -0.018 0.0045 -0.0235 -0.0175 0.0045 -0.0245 -0.018 0.004 -0.024 -0.0175 0.0035 -0.0245 -0.018 0.0035 -0.002 -0.018 -0.024 -0.0015 -0.0175 -0.024 -0.0015 -0.018 -0.0245 -0.001 -0.0175 -0.0245 -0.001 -0.018 -0.0245 -0.0005 -0.0175 -0.0245 -0.0005 -0.018 -0.0245 -0.023 -0.018 0.005 -0.0225 -0.0175 0.005 -0.0225 -0.018 0.0055 -0.0225 -0.0175 0.006 -0.0225 -0.018 0.006 -0.0225 -0.0175 0.0065 -0.0225 -0.018 0.0065 -0.023 -0.0175 0.0045 -0.0235 -0.018 0.0045 -0.0235 -0.0175 0.0045 -0.023 -0.0175 0.007 -0.023 -0.018 0.007 0.0005 -0.0175 -0.0245 -0.0005 -0.018 -0.0245 0.0005 -0.018 -0.0245 -0.0005 -0.0175 -0.0245 -0.023 -0.0175 0.0075 -0.0235 -0.018 0.0075 -0.0235 -0.018 0.007 -0.023 -0.0175 0.007 -0.023 -0.018 0.007 -0.0235 -0.018 0.008 -0.023 -0.0175 0.008 0.0015 -0.018 -0.0245 0.0015 -0.0175 -0.024 0.001 -0.0175 -0.0245 0.0005 -0.018 -0.0245 0.001 -0.018 -0.0245 0.002 -0.018 -0.024 0.0005 -0.0175 -0.0245 -0.023 -0.018 0.0095 -0.023 -0.0175 0.008 -0.0225 -0.0175 0.0095 -0.0235 -0.018 0.008 0.003 -0.0175 -0.023 0.0035 -0.018 -0.0235 0.0035 -0.0175 -0.023 0.0015 -0.0175 -0.024 0.002 -0.018 -0.0235 0.002 -0.0175 -0.0235 0.002 -0.018 -0.024 0.0025 -0.018 -0.023 0.003 -0.018 -0.023 0.004 -0.018 -0.0235 0.004 -0.0175 -0.0235 0.0025 -0.0175 -0.023 -0.022 -0.018 0.01 -0.0225 -0.0175 0.0095 -0.022 -0.0175 0.01 -0.0215 -0.018 0.01 -0.0215 -0.0175 0.01 -0.0225 -0.018 0.01 -0.023 -0.018 0.0095 0.005 -0.0175 -0.024 0.0045 -0.018 -0.024 0.005 -0.018 -0.024 0.0045 -0.0175 -0.024 0.004 -0.018 -0.0235 0.0055 -0.0175 -0.024 0.0055 -0.018 -0.024 0.004 -0.0175 -0.0235 -0.0205 -0.018 0.011 -0.02 -0.0175 0.0115 -0.0205 -0.018 0.0115 -0.0215 -0.018 0.01 -0.021 -0.0175 0.01 -0.021 -0.018 0.01 -0.0205 -0.018 0.0105 -0.02 -0.0175 0.011 -0.0205 -0.0175 0.0105 -0.0205 -0.0175 0.0125 -0.0215 -0.0175 0.01 -0.0205 -0.018 0.012 0.0055 -0.018 -0.024 0.0065 -0.0175 -0.0235 0.0055 -0.0175 -0.024 0.0065 -0.018 -0.024 -0.0205 -0.0175 0.0125 -0.021 -0.018 0.013 -0.021 -0.018 0.0125 -0.0205 -0.0175 0.013 -0.0205 -0.018 0.0135 -0.0205 -0.0175 0.0135 -0.0205 -0.018 0.012 0.007 -0.0175 -0.0235 0.0065 -0.018 -0.024 0.007 -0.018 -0.0235 0.007 -0.0175 -0.023 0.0075 -0.018 -0.0235 0.0065 -0.0175 -0.0235 0.0075 -0.018 -0.023 -0.0205 -0.0175 0.0135 -0.02 -0.018 0.0145 -0.0205 -0.018 0.0135 -0.02 -0.0175 0.0145 0.009 -0.018 -0.0215 0.0085 -0.0175 -0.0215 0.0085 -0.018 -0.0215 0.0075 -0.018 -0.0225 0.007 -0.0175 -0.023 0.0075 -0.018 -0.023 0.008 -0.0175 -0.0215 0.008 -0.018 -0.022 0.009 -0.0175 -0.0215 0.0095 -0.018 -0.022 0.0095 -0.0175 -0.022 0.0075 -0.0175 -0.022 -0.019 -0.0175 0.015 -0.0185 -0.018 0.015 -0.019 -0.018 0.015 -0.0195 -0.018 0.015 -0.02 -0.0175 0.0145 -0.0195 -0.0175 0.0145 -0.0185 -0.0175 0.015 -0.02 -0.018 0.0145 0.0095 -0.018 -0.022 0.01 -0.0175 -0.022 0.0095 -0.0175 -0.022 0.0105 -0.018 -0.0225 0.011 -0.0175 -0.022 0.0105 -0.0175 -0.022 0.011 -0.018 -0.022 0.01 -0.018 -0.0225 -0.017 -0.018 0.016 -0.017 -0.0175 0.017 -0.017 -0.018 0.0165 -0.0175 -0.0175 0.015 -0.018 -0.018 0.015 -0.018 -0.0175 0.015 -0.0175 -0.018 0.015 -0.017 -0.0175 0.0155 -0.017 -0.018 0.0155 -0.017 -0.0175 0.016 -0.0185 -0.018 0.015 -0.0185 -0.0175 0.015 0.012 -0.0175 -0.0215 0.011 -0.018 -0.022 0.012 -0.018 -0.0215 0.011 -0.0175 -0.022 -0.017 -0.018 0.0175 -0.017 -0.0175 0.017 -0.017 -0.0175 0.0175 -0.0175 -0.018 0.017 -0.017 -0.018 0.018 -0.017 -0.018 0.0165 -0.0165 -0.0175 0.018 0.0125 -0.0175 -0.021 0.0125 -0.018 -0.0215 0.0125 -0.018 -0.021 0.0125 -0.0175 -0.0205 0.0125 -0.018 -0.0205 0.012 -0.0175 -0.021 0.012 -0.018 -0.0215 0.012 -0.0175 -0.0215 -0.0165 -0.0175 0.018 -0.016 -0.018 0.019 -0.017 -0.018 0.018 -0.016 -0.0175 0.0185 0.013 -0.0175 -0.019 0.0135 -0.018 -0.019 0.0135 -0.0175 -0.019 0.0125 -0.0175 -0.0195 0.013 -0.018 -0.0195 0.014 -0.018 -0.019 0.014 -0.0175 -0.0185 0.0145 -0.018 -0.019 0.0145 -0.0175 -0.019 0.0125 -0.018 -0.02 0.0125 -0.0175 -0.0205 0.0125 -0.018 -0.0205 -0.0145 -0.018 0.019 -0.015 -0.0175 0.019 -0.0145 -0.0175 0.019 -0.0155 -0.0175 0.019 -0.015 -0.018 0.019 -0.0155 -0.018 0.019 -0.016 -0.0175 0.0185 -0.016 -0.018 0.019 0.016 -0.0175 -0.0185 0.0155 -0.018 -0.019 0.016 -0.018 -0.019 0.0155 -0.0175 -0.019 0.015 -0.018 -0.019 0.015 -0.0175 -0.019 0.0145 -0.018 -0.019 0.0145 -0.0175 -0.019 -0.0125 -0.018 0.02 -0.0125 -0.0175 0.0205 -0.0125 -0.018 0.0205 -0.013 -0.018 0.0195 -0.0125 -0.0175 0.0195 -0.013 -0.0175 0.019 -0.0135 -0.018 0.019 -0.0135 -0.0175 0.019 -0.014 -0.018 0.019 -0.014 -0.0175 0.0185 -0.0145 -0.018 0.019 -0.0145 -0.0175 0.019 0.016 -0.018 -0.019 0.0165 -0.0175 -0.018 0.016 -0.0175 -0.0185 0.017 -0.018 -0.018 -0.012 -0.0175 0.021 -0.012 -0.018 0.0215 -0.0125 -0.018 0.0215 -0.0125 -0.0175 0.021 -0.0125 -0.018 0.021 -0.0125 -0.0175 0.0205 -0.0125 -0.018 0.0205 -0.012 -0.0175 0.0215 0.017 -0.0175 -0.017 0.017 -0.018 -0.0175 0.0175 -0.018 -0.017 0.017 -0.018 -0.018 0.017 -0.0175 -0.0175 0.0165 -0.0175 -0.018 0.017 -0.018 -0.0165 -0.011 -0.018 0.022 -0.012 -0.0175 0.0215 -0.011 -0.0175 0.022 -0.012 -0.018 0.0215 0.017 -0.0175 -0.017 0.017 -0.018 -0.016 0.017 -0.0175 -0.016 0.0185 -0.018 -0.015 0.018 -0.0175 -0.015 0.018 -0.018 -0.015 0.017 -0.018 -0.0155 0.0175 -0.0175 -0.015 0.017 -0.018 -0.0165 0.017 -0.0175 -0.0155 0.0175 -0.018 -0.015 0.0185 -0.0175 -0.015 -0.01 -0.018 0.0225 -0.0105 -0.0175 0.022 -0.01 -0.0175 0.022 -0.0095 -0.018 0.022 -0.0105 -0.018 0.0225 -0.011 -0.0175 0.022 -0.0095 -0.0175 0.022 -0.011 -0.018 0.022 0.019 -0.0175 -0.015 0.0185 -0.018 -0.015 0.019 -0.018 -0.015 0.0185 -0.0175 -0.015 0.0195 -0.0175 -0.0145 0.0195 -0.018 -0.015 0.02 -0.0175 -0.0145 0.02 -0.018 -0.0145 -0.0085 -0.0175 0.0215 -0.009 -0.018 0.0215 -0.009 -0.0175 0.0215 -0.0095 -0.018 0.022 -0.0095 -0.0175 0.022 -0.008 -0.0175 0.0215 -0.0085 -0.018 0.0215 -0.007 -0.0175 0.023 -0.0075 -0.018 0.0225 -0.0075 -0.0175 0.022 -0.008 -0.018 0.022 -0.0075 -0.018 0.023 0.0205 -0.0175 -0.0135 0.02 -0.018 -0.0145 0.0205 -0.018 -0.0135 0.02 -0.0175 -0.0145 -0.007 -0.018 0.0235 -0.007 -0.0175 0.023 -0.007 -0.0175 0.0235 -0.0065 -0.018 0.024 -0.0065 -0.0175 0.0235 -0.0075 -0.018 0.0235 -0.0075 -0.018 0.023 0.021 -0.018 -0.013 0.0205 -0.0175 -0.0125 0.0205 -0.0175 -0.013 0.0205 -0.018 -0.0135 0.0205 -0.0175 -0.0135 0.021 -0.018 -0.0125 0.0205 -0.018 -0.012 -0.0055 -0.018 0.024 -0.0065 -0.0175 0.0235 -0.0055 -0.0175 0.024 -0.0065 -0.018 0.024 0.0205 -0.018 -0.011 0.02 -0.0175 -0.0115 0.0205 -0.018 -0.0115 0.0205 -0.0175 -0.0125 0.02 -0.0175 -0.011 0.0205 -0.018 -0.0105 0.0205 -0.0175 -0.0105 0.021 -0.018 -0.01 0.021 -0.0175 -0.01 0.0215 -0.018 -0.01 0.0215 -0.0175 -0.01 0.0205 -0.018 -0.012 -0.0055 -0.0175 0.024 -0.005 -0.018 0.024 -0.0055 -0.018 0.024 -0.004 -0.018 0.0235 -0.0045 -0.0175 0.024 -0.004 -0.0175 0.0235 -0.0045 -0.018 0.024 -0.005 -0.0175 0.024 0.0215 -0.018 -0.01 0.022 -0.0175 -0.01 0.0215 -0.0175 -0.01 0.0225 -0.0175 -0.0095 0.022 -0.018 -0.01 0.0225 -0.018 -0.01 0.023 -0.018 -0.0095 -0.0025 -0.0175 0.023 -0.003 -0.018 0.023 -0.003 -0.0175 0.023 -0.0025 -0.018 0.023 -0.002 -0.0175 0.0235 -0.002 -0.018 0.0235 -0.0015 -0.0175 0.024 -0.0035 -0.018 0.0235 -0.004 -0.018 0.0235 -0.0035 -0.0175 0.023 -0.004 -0.0175 0.0235 -0.002 -0.018 0.024 0.023 -0.0175 -0.008 0.023 -0.018 -0.0095 0.0235 -0.018 -0.008 0.0225 -0.0175 -0.0095 -0.0005 -0.018 0.0245 -0.001 -0.0175 0.0245 -0.0005 -0.0175 0.0245 -0.001 -0.018 0.0245 -0.0015 -0.0175 0.024 -0.0015 -0.018 0.0245 -0.002 -0.018 0.024 0.023 -0.0175 -0.007 0.0235 -0.018 -0.007 0.023 -0.018 -0.007 0.023 -0.0175 -0.0075 0.0235 -0.018 -0.008 0.0235 -0.018 -0.0075 0.023 -0.0175 -0.008 -0.0005 -0.0175 0.0245 0.0005 -0.018 0.0245 -0.0005 -0.018 0.0245 0.0005 -0.0175 0.0245 0.023 -0.018 -0.005 0.0225 -0.0175 -0.005 0.0225 -0.018 -0.0055 0.0225 -0.0175 -0.006 0.023 -0.0175 -0.007 0.0225 -0.018 -0.0065 0.0225 -0.0175 -0.0065 0.023 -0.0175 -0.0045 0.0235 -0.018 -0.0045 0.0235 -0.0175 -0.0045 0.0225 -0.018 -0.006 0.023 -0.018 -0.007 0.001 -0.0175 0.0245 0.0015 -0.018 0.0245 0.001 -0.018 0.0245 0.0015 -0.0175 0.024 0.002 -0.018 0.024 0.0005 -0.0175 0.0245 0.0005 -0.018 0.0245 0.024 -0.0175 -0.004 0.0235 -0.018 -0.0045 0.024 -0.018 -0.0045 0.024 -0.0175 -0.0035 0.0245 -0.018 -0.004 0.0245 -0.018 -0.0035 0.0235 -0.0175 -0.0045 0.002 -0.0175 0.0235 0.002 -0.018 0.024 0.0015 -0.0175 0.024 0.004 -0.0175 0.0235 0.0035 -0.018 0.0235 0.0035 -0.0175 0.023 0.003 -0.018 0.023 0.003 -0.0175 0.023 0.004 -0.018 0.0235 0.0025 -0.0175 0.023 0.002 -0.018 0.0235 0.0025 -0.018 0.023 0.0245 -0.0175 -0.0025 0.0245 -0.018 -0.0035 0.0245 -0.018 -0.0025 0.024 -0.0175 -0.0035 0.0045 -0.0175 0.024 0.005 -0.018 0.024 0.0045 -0.018 0.024 0.005 -0.0175 0.024 0.0055 -0.018 0.024 0.0055 -0.0175 0.024 0.004 -0.0175 0.0235 0.004 -0.018 0.0235 0.0245 -0.0175 -0.002 0.0245 -0.018 -0.0025 0.0245 -0.018 -0.002 0.024 -0.0175 -0.0015 0.0245 -0.018 -0.0015 0.0245 -0.0175 -0.0025 0.024 -0.018 -0.001 0.0065 -0.018 0.024 0.0055 -0.0175 0.024 0.0065 -0.0175 0.0235 0.0055 -0.018 0.024 0.024 -0.0175 -0.0015 0.0235 -0.018 -0.001 0.0235 -0.0175 -0.001 0.023 -0.0175 -0.0005 0.0235 -0.018 0.0005 0.023 -0.0175 0.0005 0.0235 -0.0175 0.001 0.024 -0.018 0.001 0.024 -0.0175 0.0015 0.0235 -0.018 0.001 0.024 -0.018 -0.001 0.0235 -0.018 -0.0005 0.0075 -0.018 0.0235 0.007 -0.0175 0.0235 0.007 -0.0175 0.023 0.0065 -0.0175 0.0235 0.007 -0.018 0.0235 0.0065 -0.018 0.024 0.0075 -0.018 0.023 0.0245 -0.0175 0.002 0.0245 -0.018 0.0015 0.0245 -0.018 0.002 0.0245 -0.0175 0.0025 0.0245 -0.018 0.0025 0.024 -0.0175 0.0015 0.024 -0.018 0.001 0.0075 -0.018 0.0225 0.008 -0.0175 0.0215 0.008 -0.018 0.022 0.0075 -0.0175 0.022 0.0075 -0.018 0.023 0.007 -0.0175 0.023 0.009 -0.018 0.0215 0.0095 -0.0175 0.022 0.0095 -0.018 0.022 0.0085 -0.018 0.0215 0.009 -0.0175 0.0215 0.0085 -0.0175 0.0215 0.024 -0.0175 0.0035 0.0245 -0.018 0.0025 0.0245 -0.018 0.0035 0.0245 -0.0175 0.0025 0.0095 -0.0175 0.022 0.01 -0.018 0.0225 0.0095 -0.018 0.022 0.01 -0.0175 0.022 0.0105 -0.018 0.0225 0.0105 -0.0175 0.022 0.011 -0.018 0.022 0.011 -0.0175 0.022 0.024 -0.0175 0.004 0.0245 -0.018 0.004 0.024 -0.018 0.0045 0.0235 -0.0175 0.0045 0.0235 -0.018 0.0045 0.0245 -0.018 0.0035 0.024 -0.0175 0.0035 0.012 -0.018 0.0215 0.011 -0.0175 0.022 0.012 -0.0175 0.0215 0.011 -0.018 0.022 0.0235 -0.0175 0.0045 0.023 -0.018 0.005 0.023 -0.0175 0.0045 0.0225 -0.018 0.006 0.0225 -0.0175 0.005 0.0225 -0.018 0.0055 0.0225 -0.0175 0.006 0.0225 -0.0175 0.0065 0.023 -0.018 0.007 0.023 -0.0175 0.007 0.0235 -0.018 0.0045 0.0225 -0.018 0.0065 0.0125 -0.018 0.0215 0.012 -0.0175 0.0215 0.012 -0.0175 0.021 0.0125 -0.018 0.0205 0.0125 -0.0175 0.021 0.0125 -0.0175 0.0205 0.012 -0.018 0.0215 0.0125 -0.018 0.021 0.023 -0.0175 0.008 0.0235 -0.018 0.0075 0.0235 -0.018 0.008 0.0235 -0.018 0.007 0.023 -0.0175 0.0075 0.023 -0.018 0.007 0.023 -0.0175 0.007 0.0125 -0.018 0.02 0.013 -0.0175 0.019 0.013 -0.018 0.0195 0.0125 -0.018 0.0205 0.0125 -0.0175 0.0195 0.0135 -0.0175 0.019 0.0135 -0.018 0.019 0.014 -0.0175 0.0185 0.014 -0.018 0.019 0.0125 -0.0175 0.0205 0.0145 -0.0175 0.019 0.0145 -0.018 0.019 0.0225 -0.0175 0.0095 0.0235 -0.018 0.008 0.023 -0.018 0.0095 0.023 -0.0175 0.008 0.015 -0.018 0.019 0.0145 -0.0175 0.019 0.015 -0.0175 0.019 0.0155 -0.018 0.019 0.0155 -0.0175 0.019 0.016 -0.018 0.019 0.016 -0.0175 0.0185 0.0145 -0.018 0.019 0.023 -0.018 0.0095 0.0225 -0.0175 0.0095 0.022 -0.018 0.01 0.0215 -0.0175 0.01 0.022 -0.0175 0.01 0.0215 -0.018 0.01 0.0225 -0.018 0.01 0.016 -0.0175 0.0185 0.017 -0.018 0.018 0.016 -0.018 0.019 0.0165 -0.0175 0.018 0.0205 -0.018 0.0115 0.02 -0.0175 0.011 0.0205 -0.018 0.011 0.0215 -0.0175 0.01 0.021 -0.018 0.01 0.021 -0.0175 0.01 0.0205 -0.018 0.0105 0.0205 -0.0175 0.0105 0.0205 -0.018 0.012 0.02 -0.0175 0.0115 0.0215 -0.018 0.01 0.0205 -0.0175 0.0125 0.017 -0.0175 0.0175 0.0175 -0.018 0.017 0.017 -0.018 0.0175 0.0165 -0.0175 0.018 0.017 -0.018 0.018 0.017 -0.018 0.0165 0.017 -0.0175 0.017 0.021 -0.018 0.013 0.0205 -0.0175 0.0135 0.0205 -0.0175 0.013 0.0205 -0.018 0.0135 0.021 -0.018 0.0125 0.0205 -0.018 0.012 0.0205 -0.0175 0.0125 0.018 -0.018 0.015 0.0185 -0.0175 0.015 0.0185 -0.018 0.015 0.017 -0.0175 0.016 0.017 -0.018 0.0165 0.017 -0.0175 0.017 0.018 -0.0175 0.015 0.0175 -0.018 0.015 0.0175 -0.0175 0.015 0.017 -0.018 0.016 0.017 -0.0175 0.0155 0.017 -0.018 0.0155 0.0205 -0.018 0.0135 0.02 -0.0175 0.0145 0.0205 -0.0175 0.0135 0.02 -0.018 0.0145 0.0195 -0.018 0.015 0.019 -0.0175 0.015 0.0195 -0.0175 0.0145 0.019 -0.018 0.015 0.0185 -0.0175 0.015 0.0185 -0.018 0.015 0.02 -0.018 0.0145 0.02 -0.0175 0.0145 -0.014 -0.007 -0.0185 -0.0145 -0.007 -0.019 -0.0135 -0.007 -0.019 -0.014 -0.007 -0.019 -0.013 -0.007 -0.019 -0.013 -0.007 -0.0195 -0.0125 -0.007 -0.0195 -0.0125 -0.007 -0.02 -0.0155 -0.007 -0.019 -0.016 -0.007 -0.0185 -0.016 -0.007 -0.019 -0.0125 -0.007 -0.021 -0.012 -0.007 -0.021 -0.012 -0.007 -0.0215 -0.0125 -0.007 -0.0215 -0.0165 -0.007 -0.018 -0.016 -0.007 -0.019 -0.017 -0.007 -0.018 -0.016 -0.007 -0.0185 -0.017 -0.007 -0.0175 -0.017 -0.007 -0.017 -0.0175 -0.007 -0.017 -0.017 -0.007 -0.0165 -0.017 -0.007 -0.018 -0.0165 -0.007 -0.018 -0.0095 -0.007 -0.022 -0.01 -0.007 -0.022 -0.0105 -0.007 -0.0225 -0.011 -0.007 -0.022 -0.0105 -0.007 -0.022 -0.01 -0.007 -0.0225 -0.0075 -0.007 -0.022 -0.008 -0.007 -0.022 -0.008 -0.007 -0.0215 -0.007 -0.007 -0.023 -0.0075 -0.007 -0.0225 -0.0085 -0.007 -0.0215 -0.0075 -0.007 -0.023 -0.0195 -0.007 -0.0145 -0.019 -0.007 -0.015 -0.0195 -0.007 -0.015 -0.02 -0.007 -0.0145 -0.007 -0.007 -0.0235 -0.007 -0.007 -0.023 -0.0065 -0.007 -0.024 -0.0065 -0.007 -0.0235 -0.0075 -0.007 -0.0235 -0.0075 -0.007 -0.023 -0.0055 -0.007 -0.024 -0.0065 -0.007 -0.0235 -0.0065 -0.007 -0.024 -0.0205 -0.007 -0.013 -0.0205 -0.007 -0.0135 -0.021 -0.007 -0.013 -0.0205 -0.007 -0.0125 -0.021 -0.007 -0.0125 -0.0205 -0.007 -0.012 -0.0205 -0.007 -0.0105 -0.0205 -0.007 -0.0125 -0.0205 -0.007 -0.0115 -0.02 -0.007 -0.0115 -0.0205 -0.007 -0.011 -0.02 -0.007 -0.011 -0.002 -0.007 -0.0235 -0.003 -0.007 -0.023 -0.0035 -0.007 -0.0235 -0.004 -0.007 -0.0235 -0.0035 -0.007 -0.023 -0.0015 -0.007 -0.024 -0.002 -0.007 -0.024 -0.022 -0.007 -0.01 -0.0225 -0.007 -0.0095 -0.0225 -0.007 -0.01 -0.023 -0.007 -0.0095 -0.0015 -0.007 -0.024 -0.001 -0.007 -0.0245 -0.0015 -0.007 -0.0245 -0.002 -0.007 -0.024 -0.023 -0.007 -0.008 -0.023 -0.007 -0.0095 -0.0235 -0.007 -0.008 -0.0225 -0.007 -0.0095 -0.023 -0.007 -0.007 -0.0235 -0.007 -0.007 -0.023 -0.007 -0.0075 -0.0235 -0.007 -0.0075 -0.0235 -0.007 -0.008 -0.023 -0.007 -0.008 0.0015 -0.007 -0.0245 0.001 -0.007 -0.0245 0.0015 -0.007 -0.024 0.002 -0.007 -0.024 -0.0225 -0.007 -0.005 -0.023 -0.007 -0.005 -0.023 -0.007 -0.0045 -0.0235 -0.007 -0.0045 -0.0225 -0.007 -0.0055 0.003 -0.007 -0.023 0.0035 -0.007 -0.0235 0.004 -0.007 -0.0235 0.002 -0.007 -0.024 0.002 -0.007 -0.0235 0.0015 -0.007 -0.024 0.0035 -0.007 -0.023 -0.0245 -0.007 -0.004 -0.024 -0.007 -0.0035 -0.024 -0.007 -0.004 -0.024 -0.007 -0.0045 -0.0235 -0.007 -0.0045 -0.0245 -0.007 -0.0035 -0.0245 -0.007 -0.0035 -0.0245 -0.007 -0.0025 -0.024 -0.007 -0.0035 0.0065 -0.007 -0.024 0.0055 -0.007 -0.024 0.0065 -0.007 -0.0235 -0.0245 -0.007 -0.002 -0.024 -0.007 -0.0015 -0.0245 -0.007 -0.0015 -0.024 -0.007 -0.001 0.0075 -0.007 -0.023 0.007 -0.007 -0.023 0.0075 -0.007 -0.0235 0.007 -0.007 -0.0235 0.0065 -0.007 -0.0235 0.0065 -0.007 -0.024 -0.0235 -0.007 0.001 -0.024 -0.007 0.001 -0.024 -0.007 0.0015 -0.0235 -0.007 -0.0005 -0.0235 -0.007 -0.001 -0.024 -0.007 -0.0015 -0.023 -0.007 -0.0005 -0.0235 -0.007 0.0005 -0.023 -0.007 0.0005 -0.024 -0.007 -0.001 0.0075 -0.007 -0.0225 0.008 -0.007 -0.0215 0.008 -0.007 -0.022 0.0085 -0.007 -0.0215 0.0075 -0.007 -0.023 0.0075 -0.007 -0.022 0.007 -0.007 -0.023 -0.0245 -0.007 0.002 -0.0245 -0.007 0.0015 -0.024 -0.007 0.0015 -0.024 -0.007 0.001 0.0105 -0.007 -0.022 0.011 -0.007 -0.022 0.0105 -0.007 -0.0225 0.01 -0.007 -0.022 0.0095 -0.007 -0.022 0.01 -0.007 -0.0225 -0.0245 -0.007 0.0025 -0.024 -0.007 0.0035 -0.0245 -0.007 0.0035 -0.0235 -0.007 0.0045 -0.024 -0.007 0.0045 -0.0245 -0.007 0.0035 -0.024 -0.007 0.004 -0.024 -0.007 0.0035 -0.0245 -0.007 0.004 0.012 -0.007 -0.0215 0.0125 -0.007 -0.0215 0.0125 -0.007 -0.021 0.012 -0.007 -0.021 -0.023 -0.007 0.005 -0.0235 -0.007 0.0045 -0.0225 -0.007 0.0055 -0.023 -0.007 0.0045 -0.0225 -0.007 0.005 0.0125 -0.007 -0.02 0.013 -0.007 -0.019 0.013 -0.007 -0.0195 0.0125 -0.007 -0.0195 0.014 -0.007 -0.019 0.0145 -0.007 -0.019 0.0135 -0.007 -0.019 0.014 -0.007 -0.0185 -0.0235 -0.007 0.007 -0.023 -0.007 0.0075 -0.023 -0.007 0.007 -0.0235 -0.007 0.0075 -0.023 -0.007 0.008 -0.0235 -0.007 0.008 0.0155 -0.007 -0.019 0.016 -0.007 -0.019 0.016 -0.007 -0.0185 -0.0235 -0.007 0.008 -0.0225 -0.007 0.0095 -0.023 -0.007 0.008 -0.023 -0.007 0.0095 0.016 -0.007 -0.0185 0.017 -0.007 -0.018 0.016 -0.007 -0.019 0.0165 -0.007 -0.018 -0.022 -0.007 0.01 -0.0225 -0.007 0.01 -0.0225 -0.007 0.0095 -0.023 -0.007 0.0095 0.017 -0.007 -0.0175 0.0165 -0.007 -0.018 0.017 -0.007 -0.017 0.017 -0.007 -0.0165 0.0175 -0.007 -0.017 0.017 -0.007 -0.018 -0.0205 -0.007 0.0105 -0.0205 -0.007 0.011 -0.02 -0.007 0.011 -0.0205 -0.007 0.0115 -0.0205 -0.007 0.012 -0.02 -0.007 0.0115 -0.0205 -0.007 0.0125 -0.0205 -0.007 0.012 -0.0205 -0.007 0.0125 -0.021 -0.007 0.0125 -0.0205 -0.007 0.013 -0.021 -0.007 0.013 -0.0205 -0.007 0.0135 0.019 -0.007 -0.015 0.0195 -0.007 -0.015 0.0195 -0.007 -0.0145 0.02 -0.007 -0.0145 -0.019 -0.007 0.015 -0.0195 -0.007 0.015 -0.0195 -0.007 0.0145 -0.02 -0.007 0.0145 0.021 -0.007 -0.0125 0.0205 -0.007 -0.013 0.0205 -0.007 -0.0125 0.021 -0.007 -0.013 0.0205 -0.007 -0.0135 0.0205 -0.007 -0.012 0.02 -0.007 -0.011 0.0205 -0.007 -0.0115 0.02 -0.007 -0.0115 0.0205 -0.007 -0.012 0.0205 -0.007 -0.0125 0.0205 -0.007 -0.0105 0.0205 -0.007 -0.011 -0.0175 -0.007 0.017 -0.017 -0.007 0.0175 -0.017 -0.007 0.017 -0.017 -0.007 0.0165 -0.0165 -0.007 0.018 -0.017 -0.007 0.018 0.022 -0.007 -0.01 0.023 -0.007 -0.0095 0.0225 -0.007 -0.0095 0.0225 -0.007 -0.01 -0.017 -0.007 0.018 -0.016 -0.007 0.0185 -0.0165 -0.007 0.018 -0.016 -0.007 0.019 0.0225 -0.007 -0.0095 0.0235 -0.007 -0.008 0.023 -0.007 -0.0095 0.023 -0.007 -0.008 -0.016 -0.007 0.019 -0.0155 -0.007 0.019 -0.016 -0.007 0.0185 0.0235 -0.007 -0.0075 0.023 -0.007 -0.008 0.023 -0.007 -0.0075 0.0235 -0.007 -0.007 0.0235 -0.007 -0.008 0.023 -0.007 -0.007 -0.014 -0.007 0.0185 -0.0135 -0.007 0.019 -0.0125 -0.007 0.0195 -0.0125 -0.007 0.02 -0.014 -0.007 0.019 -0.013 -0.007 0.0195 -0.0145 -0.007 0.019 -0.013 -0.007 0.019 0.0225 -0.007 -0.0055 0.023 -0.007 -0.0045 0.023 -0.007 -0.005 0.0225 -0.007 -0.005 0.0235 -0.007 -0.0045 -0.012 -0.007 0.021 -0.0125 -0.007 0.021 -0.0125 -0.007 0.0215 -0.012 -0.007 0.0215 0.024 -0.007 -0.0045 0.0235 -0.007 -0.0045 0.024 -0.007 -0.004 0.0245 -0.007 -0.0035 0.024 -0.007 -0.0035 0.0245 -0.007 -0.004 0.0245 -0.007 -0.0025 0.024 -0.007 -0.0035 0.0245 -0.007 -0.0035 -0.0105 -0.007 0.0225 -0.01 -0.007 0.022 -0.0105 -0.007 0.022 -0.011 -0.007 0.022 -0.01 -0.007 0.0225 -0.0095 -0.007 0.022 0.0245 -0.007 -0.002 0.0245 -0.007 -0.0015 0.024 -0.007 -0.001 0.024 -0.007 -0.0015 -0.0085 -0.007 0.0215 -0.008 -0.007 0.022 -0.008 -0.007 0.0215 -0.0075 -0.007 0.0225 -0.0075 -0.007 0.022 -0.0075 -0.007 0.023 -0.007 -0.007 0.023 0.0235 -0.007 0.001 0.024 -0.007 0.0015 0.024 -0.007 0.001 0.0235 -0.007 0.0005 0.0235 -0.007 -0.0005 0.023 -0.007 0.0005 0.0235 -0.007 -0.001 0.023 -0.007 -0.0005 0.024 -0.007 -0.001 0.024 -0.007 -0.0015 -0.007 -0.007 0.0235 -0.0065 -0.007 0.0235 -0.007 -0.007 0.023 -0.0075 -0.007 0.023 -0.0075 -0.007 0.0235 -0.0065 -0.007 0.024 0.024 -0.007 0.0015 0.0245 -0.007 0.002 0.0245 -0.007 0.0015 0.024 -0.007 0.001 -0.0065 -0.007 0.024 -0.0055 -0.007 0.024 -0.0065 -0.007 0.0235 0.0245 -0.007 0.0035 0.0245 -0.007 0.0025 0.024 -0.007 0.0035 0.024 -0.007 0.0045 0.024 -0.007 0.004 0.0245 -0.007 0.004 0.024 -0.007 0.0035 0.0245 -0.007 0.0035 0.0235 -0.007 0.0045 -0.002 -0.007 0.0235 -0.002 -0.007 0.024 -0.0015 -0.007 0.024 -0.004 -0.007 0.0235 -0.0035 -0.007 0.0235 -0.0035 -0.007 0.023 -0.003 -0.007 0.023 0.023 -0.007 0.0045 0.0235 -0.007 0.0045 0.0225 -0.007 0.005 0.023 -0.007 0.005 0.0225 -0.007 0.0055 -0.001 -0.007 0.0245 -0.0015 -0.007 0.0245 -0.0015 -0.007 0.024 -0.002 -0.007 0.024 0.0235 -0.007 0.008 0.023 -0.007 0.0075 0.023 -0.007 0.008 0.0235 -0.007 0.0075 0.0235 -0.007 0.007 0.023 -0.007 0.007 0.023 -0.007 0.0095 0.023 -0.007 0.008 0.0225 -0.007 0.0095 0.0235 -0.007 0.008 0.0015 -0.007 0.024 0.0015 -0.007 0.0245 0.002 -0.007 0.024 0.001 -0.007 0.0245 0.022 -0.007 0.01 0.0225 -0.007 0.0095 0.0225 -0.007 0.01 0.023 -0.007 0.0095 0.003 -0.007 0.023 0.002 -0.007 0.0235 0.0015 -0.007 0.024 0.002 -0.007 0.024 0.0035 -0.007 0.0235 0.0035 -0.007 0.023 0.004 -0.007 0.0235 0.02 -0.007 0.0115 0.0205 -0.007 0.011 0.02 -0.007 0.011 0.0205 -0.007 0.0105 0.0205 -0.007 0.0125 0.0205 -0.007 0.0115 0.0205 -0.007 0.0125 0.021 -0.007 0.013 0.021 -0.007 0.0125 0.0205 -0.007 0.013 0.0205 -0.007 0.0135 0.0205 -0.007 0.012 0.0055 -0.007 0.024 0.0065 -0.007 0.0235 0.0065 -0.007 0.024 0.0075 -0.007 0.0235 0.007 -0.007 0.023 0.0075 -0.007 0.023 0.007 -0.007 0.0235 0.0065 -0.007 0.024 0.0065 -0.007 0.0235 0.0195 -0.007 0.0145 0.019 -0.007 0.015 0.0195 -0.007 0.015 0.02 -0.007 0.0145 0.008 -0.007 0.0215 0.0085 -0.007 0.0215 0.0075 -0.007 0.022 0.008 -0.007 0.022 0.0075 -0.007 0.0225 0.007 -0.007 0.023 0.0075 -0.007 0.023 0.0105 -0.007 0.022 0.01 -0.007 0.0225 0.0105 -0.007 0.0225 0.011 -0.007 0.022 0.01 -0.007 0.022 0.0095 -0.007 0.022 0.017 -0.007 0.0175 0.017 -0.007 0.017 0.0175 -0.007 0.017 0.017 -0.007 0.018 0.0165 -0.007 0.018 0.017 -0.007 0.0165 0.0165 -0.007 0.018 0.016 -0.007 0.019 0.017 -0.007 0.018 0.016 -0.007 0.0185 0.012 -0.007 0.0215 0.012 -0.007 0.021 0.0125 -0.007 0.0215 0.0125 -0.007 0.021 0.0155 -0.007 0.019 0.016 -0.007 0.0185 0.016 -0.007 0.019 0.0135 -0.007 0.019 0.013 -0.007 0.019 0.013 -0.007 0.0195 0.0125 -0.007 0.02 0.014 -0.007 0.019 0.0145 -0.007 0.019 0.014 -0.007 0.0185 0.0125 -0.007 0.0195 0.0125 -0.0325 -0.038 0.0235 0 -0.0325 0.0235 -0.0325 -0.0325 0.0325 0 -0.0235 0.0325 -0.0325 -0.0235 0.038 0 -0.0125 0.038 -0.0325 -0.0125 0.038 -0.0325 0.0125 0.0325 0 0.0235 0.0325 -0.0325 0.0235 0.0235 0 0.0325 0.0235 -0.0325 0.0325 0.0125 0 0.038 0.0125 -0.0325 0.038 -0.0125 -0.0325 0.038 -0.0235 0 0.0325 -0.0235 -0.0325 0.0325 -0.0325 0 0.0235 -0.0325 -0.0325 0.0235 -0.0235 -0.0325 -0.0325 -0.0125 0 -0.038 -0.0125 -0.0325 -0.038 -0.0325 -0.0325 -0.0235 -0.0235 0 -0.0325 -0.038 -0.0325 -0.0125 -0.0325 0 -0.0235 -0.038 0 0.0125 -0.0125 0 0.038 0.038 0 0.0125 0.0125 0 -0.038 -0.038 0 -0.0125 0 -0.0325 -0.04 -0.0005 -0.029 -0.04 0 -0.0295 -0.04 0 0 -0.04 0.0005 -0.026 -0.04 0 -0.0255 -0.04 0 -0.0325 0.04 0.0005 -0.029 0.04 0 -0.0295 0.04 0 0 0.04 -0.0005 -0.026 0.04 0 -0.0255 0.04 -0.04 -0.0325 0 -0.04 -0.029 0.0005 -0.04 -0.0295 0 -0.04 0 0 -0.04 -0.026 -0.0005 -0.04 -0.0255 0 0.04 -0.0325 0 0.04 -0.029 -0.0005 0.04 -0.0295 0 0.04 0 0 0.04 -0.026 0.0005 0.04 -0.0255 0 0.04 -0.0265 0.0015 0.04 -0.026 0.001 0.04 -0.029 0.001 0.04 -0.029 0.0005 0.04 -0.0285 0.0015 0.04 -0.027 0.0015 0.04 -0.028 0.0015 0.04 -0.0275 0.002 0.04 -0.028 -0.0015 0.04 -0.0285 -0.0015 0.04 -0.026 -0.001 0.04 -0.0265 -0.0015 0.04 -0.026 -0.0005 0.04 -0.0275 -0.002 0.04 -0.027 -0.0015 0.04 -0.029 -0.001 -0.04 -0.0265 -0.0015 -0.04 -0.026 -0.001 -0.04 -0.029 -0.001 -0.04 -0.029 -0.0005 -0.04 -0.0285 -0.0015 -0.04 -0.027 -0.0015 -0.04 -0.028 -0.0015 -0.04 -0.0275 -0.002 -0.038 -0.0325 0.0125 -0.04 -0.028 0.0015 -0.04 -0.0285 0.0015 -0.04 -0.026 0.001 -0.04 -0.0265 0.0015 -0.04 -0.026 0.0005 -0.04 -0.0275 0.002 -0.04 -0.027 0.0015 -0.04 -0.029 0.001 -0.0015 -0.0265 0.04 -0.001 -0.026 0.04 -0.001 -0.029 0.04 -0.0005 -0.029 0.04 -0.0015 -0.0285 0.04 -0.0015 -0.027 0.04 -0.0015 -0.028 0.04 -0.002 -0.0275 0.04 0.0015 -0.028 0.04 0.0015 -0.0285 0.04 0.001 -0.026 0.04 0.0015 -0.0265 0.04 0.0005 -0.026 0.04 0.002 -0.0275 0.04 0.0015 -0.027 0.04 0.001 -0.029 0.04 0.0015 -0.0265 -0.04 0.001 -0.026 -0.04 0.001 -0.029 -0.04 0.0005 -0.029 -0.04 0.0015 -0.0285 -0.04 0.0015 -0.027 -0.04 0.0015 -0.028 -0.04 0.002 -0.0275 -0.04 -0.0015 -0.028 -0.04 -0.0015 -0.0285 -0.04 -0.001 -0.026 -0.04 -0.0015 -0.0265 -0.04 -0.0005 -0.026 -0.04 -0.002 -0.0275 -0.04 -0.0015 -0.027 -0.04 -0.001 -0.029 -0.04 -0.0125 0 -0.038 -0.0155 0 -0.027 -0.0055 0 -0.0305 -0.029 0 -0.0105 -0.0325 0 -0.0235 -0.038 0 -0.0125 0.0325 0 0.0235 0.029 0 0.0105 0.0235 0 0.02 0.0125 0 -0.038 0.0155 0 -0.027 0.0235 0 -0.0325 -0.0235 0 -0.02 -0.031 0 0 -0.04 0 0 0.0235 0 -0.02 0.0325 0 -0.0235 0 0 -0.04 0.0055 0 -0.0305 -0.038 0 0.0125 -0.029 0 0.0105 -0.0325 0 0.0235 -0.0235 0 0.02 -0.0055 0 0.0305 0 0 0.04 0.0055 0 0.0305 -0.0235 0 0.0325 -0.0155 0 0.027 -0.0125 0 0.038 0.0155 0 0.027 0.0125 0 0.038 0.0235 0 0.0325 0.038 0 0.0125 0.031 0 0 0.04 0 0 0.038 0 -0.0125 0.029 0 -0.0105 -0.0235 0 -0.0325 0.0055 0 -0.0305 -0.0055 -0.0005 -0.0305 0.0055 -0.0005 -0.0305 -0.029 -0.0005 -0.0105 -0.0235 0 -0.02 -0.029 0 -0.0105 -0.0235 -0.0005 -0.02 -0.0155 0 -0.027 -0.0155 -0.0005 -0.027 -0.0055 0 -0.0305 0.0155 0 -0.027 0.0155 -0.0005 -0.027 0.0235 0 -0.02 0.0235 -0.0005 -0.02 0.029 0 -0.0105 0.029 -0.0005 -0.0105 0.031 0 0 0.031 -0.0005 0 0.029 0 0.0105 0.029 -0.0005 0.0105 0.0235 0 0.02 0.0235 -0.0005 0.02 0.0155 0 0.027 0.0155 -0.0005 0.027 0.0055 0 0.0305 0.0055 -0.0005 0.0305 -0.0055 0 0.0305 -0.0055 -0.0005 0.0305 -0.0155 0 0.027 -0.0155 -0.0005 0.027 -0.0235 0 0.02 -0.0235 -0.0005 0.02 -0.029 0 0.0105 -0.029 -0.0005 0.0105 -0.031 0 0 -0.031 -0.0005 0 0.014 -0.0325 -0.032 0.0235 -0.0325 -0.0325 0.0235 -0.0325 -0.026 0.003 -0.0325 -0.035 0.0125 -0.0325 -0.038 0 -0.0325 -0.04 -0.0085 -0.0325 -0.034 -0.0125 -0.0325 -0.038 -0.0235 -0.0325 -0.0325 -0.0275 -0.0325 -0.0215 -0.0325 -0.0325 -0.0235 0.0125 -0.0325 0.038 0.003 -0.0325 0.035 0.014 -0.0325 0.032 -0.019 -0.0325 -0.0295 -0.033 -0.0325 -0.0115 -0.038 -0.0325 -0.0125 -0.035 -0.0325 0 -0.04 -0.0325 0 0.0325 -0.0325 0.0235 0.0235 -0.0325 0.026 0.031 -0.0325 0.0165 -0.0325 -0.0325 0.0235 -0.033 -0.0325 0.0115 -0.0275 -0.0325 0.0215 0.0235 -0.0325 0.0325 0.038 -0.0325 0.0125 0.0345 -0.0325 0.006 -0.038 -0.0325 0.0125 -0.0125 -0.0325 0.038 -0.019 -0.0325 0.0295 -0.0085 -0.0325 0.034 0.04 -0.0325 0 -0.0235 -0.0325 0.0325 0 -0.0325 0.04 0.0325 -0.0325 -0.0235 0.031 -0.0325 -0.0165 0.038 -0.0325 -0.0125 0.0345 -0.0325 -0.006 0.035 -0.0325 0 -0.0015 -0.028 -0.035 -0.0085 -0.0325 -0.034 -0.0015 -0.0285 -0.035 -0.0005 -0.029 -0.035 0.003 -0.0325 -0.035 0 -0.0295 -0.035 0.0005 -0.029 -0.035 0.001 -0.029 -0.035 -0.001 -0.029 -0.035 0.0015 -0.028 -0.035 0.002 -0.0275 -0.035 0.003 -0.0225 -0.035 0.0015 -0.027 -0.035 0.0015 -0.0265 -0.035 0.0015 -0.0285 -0.035 0.0005 -0.026 -0.035 0 -0.0255 -0.035 -0.0005 -0.026 -0.035 -0.0085 -0.0225 -0.034 -0.001 -0.026 -0.035 0.001 -0.026 -0.035 -0.019 -0.0325 -0.0295 -0.019 -0.0225 -0.0295 -0.002 -0.0275 -0.035 -0.0015 -0.027 -0.035 -0.0015 -0.0265 -0.035 0.014 -0.0225 -0.032 0.014 -0.0325 -0.032 0.0235 -0.0225 -0.026 0.0235 -0.0325 -0.026 0.031 -0.0225 -0.0165 0.031 -0.0325 -0.0165 0.0345 -0.0225 -0.006 -0.033 -0.0225 0.0115 -0.0275 -0.0325 0.0215 -0.033 -0.0325 0.0115 0.035 -0.0275 -0.002 0.0345 -0.0325 -0.006 0.035 -0.028 -0.0015 0.035 -0.0285 -0.0015 0.035 -0.029 -0.001 0.035 -0.0325 0 0.035 -0.029 -0.0005 0.035 -0.0295 0 0.035 -0.029 0.001 0.0345 -0.0325 0.006 0.035 -0.029 0.0005 0.035 -0.0285 0.0015 0.035 -0.0275 0.002 0.0345 -0.0225 0.006 0.035 -0.027 0.0015 0.035 -0.0265 0.0015 0.035 -0.028 0.0015 0.035 -0.026 0.001 0.035 -0.0225 0 0.035 -0.026 0.0005 0.035 -0.0255 0 0.035 -0.026 -0.001 0.035 -0.026 -0.0005 0.035 -0.027 -0.0015 0.035 -0.0265 -0.0015 0.031 -0.0225 0.0165 0.031 -0.0325 0.0165 0.0235 -0.0225 0.026 0.0235 -0.0325 0.026 0.014 -0.0225 0.032 0.014 -0.0325 0.032 0.003 -0.0225 0.035 0.0015 -0.028 0.035 0.003 -0.0325 0.035 0.0015 -0.0285 0.035 0.0005 -0.029 0.035 0 -0.0295 0.035 -0.0005 -0.029 0.035 -0.0085 -0.0325 0.034 -0.001 -0.029 0.035 -0.0015 -0.028 0.035 -0.002 -0.0275 0.035 -0.0085 -0.0225 0.034 -0.0015 -0.027 0.035 -0.0015 -0.0265 0.035 -0.0015 -0.0285 0.035 0.001 -0.029 0.035 -0.0005 -0.026 0.035 0 -0.0255 0.035 0.0005 -0.026 0.035 0.001 -0.026 0.035 -0.0275 -0.0325 -0.0215 -0.0275 -0.0225 -0.0215 -0.033 -0.0325 -0.0115 -0.033 -0.0225 -0.0115 -0.035 -0.0225 0 -0.035 -0.026 0.0005 -0.035 -0.0255 0 -0.035 -0.0325 0 -0.035 -0.029 -0.0005 -0.035 -0.0295 0 -0.035 -0.0285 -0.0015 -0.035 -0.029 -0.001 -0.035 -0.026 -0.001 -0.035 -0.026 -0.0005 -0.035 -0.0265 -0.0015 -0.035 -0.028 -0.0015 -0.035 -0.0275 -0.002 -0.035 -0.027 -0.0015 -0.035 -0.027 0.0015 -0.035 -0.0265 0.0015 -0.035 -0.029 0.001 -0.035 -0.0285 0.0015 -0.035 -0.029 0.0005 -0.035 -0.0275 0.002 -0.035 -0.028 0.0015 -0.035 -0.026 0.001 -0.0275 -0.0225 0.0215 -0.019 -0.0325 0.0295 -0.019 -0.0225 0.0295 0.0015 -0.027 0.035 0.0015 -0.0265 0.035 0.002 -0.0275 0.035 -0.001 -0.026 0.035 0.04 -0.026 -0.001 0.035 -0.026 -0.0005 0.035 -0.026 -0.001 0.035 -0.0255 0 0.04 -0.026 -0.0005 0.04 -0.0255 0 0.04 -0.0265 -0.0015 0.035 -0.0265 -0.0015 0.04 -0.027 -0.0015 0.035 -0.027 -0.0015 0.04 -0.0275 -0.002 0.035 -0.0275 -0.002 0.035 -0.028 -0.0015 0.035 -0.0285 -0.0015 0.04 -0.028 -0.0015 0.04 -0.0285 -0.0015 0.035 -0.029 -0.001 0.04 -0.029 -0.001 0.04 -0.029 -0.0005 0.035 -0.0295 0 0.04 -0.0295 0 0.04 -0.029 0.001 0.035 -0.029 0.0005 0.035 -0.029 0.001 0.04 -0.0285 0.0015 0.035 -0.0285 0.0015 0.04 -0.028 0.0015 0.035 -0.028 0.0015 0.04 -0.0275 0.002 0.035 -0.027 0.0015 0.04 -0.027 0.0015 0.04 -0.0265 0.0015 0.035 -0.026 0.001 0.04 -0.026 0.001 0.04 -0.026 0.0005 0.035 -0.026 0.0005 0.035 -0.0265 0.0015 0.035 -0.0275 0.002 0.04 -0.029 0.0005 0.035 -0.029 -0.0005 -0.035 -0.029 -0.0005 -0.04 -0.029 -0.001 -0.04 -0.029 -0.0005 -0.035 -0.0295 0 -0.04 -0.0295 0 -0.035 -0.029 -0.001 -0.04 -0.0285 -0.0015 -0.035 -0.0285 -0.0015 -0.04 -0.028 -0.0015 -0.035 -0.028 -0.0015 -0.04 -0.0275 -0.002 -0.035 -0.0275 -0.002 -0.035 -0.027 -0.0015 -0.035 -0.0265 -0.0015 -0.04 -0.027 -0.0015 -0.04 -0.0265 -0.0015 -0.035 -0.026 -0.001 -0.035 -0.0255 0 -0.04 -0.026 -0.0005 -0.035 -0.026 -0.0005 -0.04 -0.026 -0.001 -0.035 -0.026 0.0005 -0.04 -0.026 0.001 -0.04 -0.026 0.0005 -0.04 -0.0255 0 -0.035 -0.026 0.001 -0.04 -0.0265 0.0015 -0.035 -0.0265 0.0015 -0.04 -0.027 0.0015 -0.035 -0.027 0.0015 -0.04 -0.0275 0.002 -0.035 -0.0275 0.002 -0.035 -0.028 0.0015 -0.035 -0.0285 0.0015 -0.04 -0.028 0.0015 -0.04 -0.0285 0.0015 -0.035 -0.029 0.001 -0.04 -0.029 0.0005 -0.035 -0.029 0.0005 -0.04 -0.029 0.001 -0.0005 -0.029 0.035 -0.001 -0.029 0.04 -0.0005 -0.029 0.04 0 -0.0295 0.035 0 -0.0295 0.04 -0.001 -0.029 0.035 -0.0015 -0.0285 0.04 -0.0015 -0.028 0.035 -0.002 -0.0275 0.04 -0.0015 -0.028 0.04 -0.002 -0.0275 0.035 -0.0015 -0.027 0.035 -0.0015 -0.0265 0.035 -0.0015 -0.027 0.04 -0.0015 -0.0265 0.04 -0.001 -0.026 0.035 0 -0.0255 0.035 -0.0005 -0.026 0.04 -0.0005 -0.026 0.035 -0.001 -0.026 0.04 0.0005 -0.026 0.035 0.001 -0.026 0.04 0.0005 -0.026 0.04 0 -0.0255 0.04 0.001 -0.026 0.035 0.0015 -0.0265 0.04 0.0015 -0.0265 0.035 0.0015 -0.027 0.04 0.0015 -0.027 0.035 0.002 -0.0275 0.04 0.002 -0.0275 0.035 0.0015 -0.028 0.035 0.0015 -0.0285 0.035 0.0015 -0.028 0.04 0.0015 -0.0285 0.04 0.001 -0.029 0.035 0.0005 -0.029 0.04 0.0005 -0.029 0.035 0.001 -0.029 0.04 -0.0015 -0.0285 0.035 0 -0.0295 -0.035 0.0005 -0.029 -0.04 0 -0.0295 -0.04 0.0005 -0.029 -0.035 0.001 -0.029 -0.035 0.0015 -0.0285 -0.04 0.001 -0.029 -0.04 0.0015 -0.0285 -0.035 0.0015 -0.028 -0.04 0.0015 -0.028 -0.035 0.002 -0.0275 -0.04 0.002 -0.0275 -0.035 0.0015 -0.027 -0.035 0.0015 -0.0265 -0.035 0.0015 -0.027 -0.04 0.0015 -0.0265 -0.04 0.001 -0.026 -0.035 0 -0.0255 -0.035 0.0005 -0.026 -0.04 0.0005 -0.026 -0.035 0.001 -0.026 -0.04 -0.0005 -0.026 -0.035 -0.001 -0.026 -0.04 -0.0005 -0.026 -0.04 0 -0.0255 -0.04 -0.001 -0.026 -0.035 -0.0015 -0.0265 -0.04 -0.0015 -0.0265 -0.035 -0.0015 -0.027 -0.04 -0.0015 -0.027 -0.035 -0.002 -0.0275 -0.04 -0.002 -0.0275 -0.035 -0.0015 -0.028 -0.035 -0.0015 -0.0285 -0.035 -0.0015 -0.028 -0.04 -0.0015 -0.0285 -0.04 -0.001 -0.029 -0.035 -0.0005 -0.029 -0.04 -0.0005 -0.029 -0.035 -0.001 -0.029 -0.04 0.012 -0.121 0.0525 0.003 -0.123 0.075 0.014 -0.12 0.075 0.004 -0.123 0.0525 0.014 -0.12 0.0525 -0.004 -0.123 0.0525 0.003 -0.123 0.0525 -0.0085 -0.122 0.075 -0.012 -0.121 0.0525 -0.019 -0.1175 0.075 -0.0085 -0.122 0.0525 -0.0255 -0.112 0.0525 -0.019 -0.117 0.0525 -0.0275 -0.1095 0.075 -0.0305 -0.1055 0.0525 -0.033 -0.0995 0.075 -0.0275 -0.1095 0.0525 -0.035 -0.09 0.0525 -0.0335 -0.098 0.0525 -0.033 -0.0995 0.0525 -0.035 -0.088 0.075 -0.035 -0.088 0.0525 0.019 -0.117 0.0525 0.0235 -0.114 0.075 0.0235 -0.114 0.0525 0.0255 -0.112 0.0525 0.031 -0.1045 0.075 0.0335 -0.098 0.0525 0.031 -0.1045 0.0525 0.0345 -0.094 0.075 0.035 -0.09 0.0525 0.0345 -0.094 0.0525 0.0345 -0.082 0.075 0.0345 -0.082 0.0525 0.031 -0.0715 0.075 0.028 -0.067 0.0525 0.031 -0.0715 0.0525 0.0235 -0.062 0.075 0.0225 -0.061 0.0525 0.0235 -0.062 0.0525 0.014 -0.056 0.075 0.008 -0.054 0.0525 0.014 -0.056 0.0525 0.003 -0.053 0.075 0 -0.053 0.0525 0.003 -0.053 0.0525 -0.0085 -0.054 0.075 -0.0155 -0.0565 0.0525 -0.0085 -0.054 0.0525 -0.019 -0.0585 0.075 -0.0225 -0.061 0.0525 -0.019 -0.0585 0.0525 -0.0275 -0.0665 0.075 -0.028 -0.067 0.0525 -0.0275 -0.0665 0.0525 -0.033 -0.0765 0.075 -0.0345 -0.082 0.0525 -0.033 -0.0765 0.0525 0.0305 -0.1055 0.0525 0.035 -0.088 0.0525 0.032 -0.074 0.0525 0.0155 -0.0565 0.0525 -0.008 -0.054 0.0525 -0.032 -0.074 0.0525 -0.032 -0.0355 0.014 -0.0325 -0.0355 0.0235 -0.028 -0.0355 0.021 0.0345 -0.0355 0.006 0.04 -0.0355 0 0.035 -0.0355 0 -0.038 -0.0355 0.0125 -0.0225 -0.0355 0.027 -0.0235 -0.0355 0.0325 0.035 -0.0355 -0.002 0.038 -0.0355 -0.0125 0.0335 -0.0355 -0.01 -0.0155 -0.0355 0.0315 -0.0125 -0.0355 0.038 -0.0345 -0.0355 0.006 -0.04 -0.0355 0 -0.008 -0.0355 0.034 0 -0.0355 0.04 0 -0.0355 0.035 0.0155 -0.0355 0.0315 0.0235 -0.0355 0.0325 0.0225 -0.0355 0.027 0.0325 -0.0355 0.0235 0.028 -0.0355 0.021 0.032 -0.0355 0.014 0.038 -0.0355 0.0125 0.008 -0.0355 0.034 0.0125 -0.0355 0.038 -0.035 -0.0355 -0.002 0.0125 -0.0355 -0.038 0.004 -0.0355 -0.035 0.012 -0.0355 -0.033 -0.038 -0.0355 -0.0125 -0.0335 -0.0355 -0.01 0.0235 -0.0355 -0.0325 0.0255 -0.0355 -0.024 0.0325 -0.0355 -0.0235 -0.0235 -0.0355 -0.0325 -0.0255 -0.0355 -0.024 -0.019 -0.0355 -0.029 0.019 -0.0355 -0.029 -0.0305 -0.0355 -0.0175 -0.0325 -0.0355 -0.0235 -0.0125 -0.0355 -0.038 -0.004 -0.0355 -0.035 0 -0.0355 -0.04 0.0305 -0.0355 -0.0175 -0.012 -0.0355 -0.033 0.029 -0.0565 0.039 0.0345 -0.06 0.0315 0.029 -0.0545 0.0365 0.029 -0.0585 0.042 0.0345 -0.0625 0.0355 0.029 -0.0595 0.0455 0.0345 -0.0645 0.0395 0.029 -0.06 0.049 0.0345 -0.066 0.0435 0.0325 -0.0645 0.0525 0.029 -0.0605 0.0525 0.0345 -0.067 0.048 0.0345 -0.053 0.026 0.038 -0.0525 0.016 0.0345 -0.049 0.0235 0.0345 -0.0565 0.0285 0.038 -0.0575 0.019 0.038 -0.062 0.0225 0.038 -0.066 0.0265 0.038 -0.0695 0.031 0.038 -0.072 0.036 0.038 -0.074 0.0415 0.0345 -0.0675 0.0525 0.038 -0.075 0.047 0.04 -0.05 0.006 0.038 -0.0475 0.014 0.04 -0.0565 0.0085 0.04 -0.0625 0.012 0.04 -0.068 0.016 0.04 -0.0725 0.021 0.04 -0.0765 0.0265 0.04 -0.08 0.0325 0.04 -0.0825 0.039 0.038 -0.0755 0.0525 0.04 -0.084 0.0455 0.0395 -0.0525 -0.0025 0.0395 -0.06 0.0005 0.0395 -0.067 0.0045 0.0395 -0.0735 0.0095 0.0395 -0.0795 0.015 0.0395 -0.084 0.0215 0.0395 -0.088 0.029 0.0395 -0.091 0.0365 0.04 -0.088 0.0525 0.04 -0.0845 0.0525 0.0395 -0.0925 0.0445 0.0375 -0.055 -0.011 0.0375 -0.0635 -0.0075 0.0375 -0.072 -0.003 0.0375 -0.0795 0.003 0.0375 -0.086 0.0095 0.0375 -0.0915 0.017 0.0375 -0.096 0.0255 0.0375 -0.099 0.034 0.038 -0.1005 0.0525 0.0395 -0.093 0.0525 0.0375 -0.101 0.043 0.0335 -0.0575 -0.0185 0.0335 -0.067 -0.0145 0.0335 -0.0765 -0.0095 0.0335 -0.0845 -0.003 0.0335 -0.092 0.0045 0.0335 -0.098 0.013 0.0335 -0.103 0.022 0.0335 -0.1065 0.032 0.0375 -0.1015 0.0525 0.0335 -0.109 0.042 0.028 -0.0595 -0.025 0.028 -0.07 -0.021 0.028 -0.08 -0.015 0.028 -0.089 -0.008 0.028 -0.097 0 0.028 -0.104 0.009 0.028 -0.1095 0.019 0.028 -0.1135 0.03 0.0325 -0.1115 0.0525 0.028 -0.1155 0.041 0.0335 -0.1095 0.0525 0.021 -0.061 -0.03 0.021 -0.0725 -0.0255 0.021 -0.083 -0.02 0.021 -0.0925 -0.0125 0.021 -0.1015 -0.0035 0.021 -0.1085 0.006 0.021 -0.1145 0.017 0.021 -0.1185 0.0285 0.0235 -0.1205 0.0525 0.028 -0.1165 0.0525 0.021 -0.121 0.0405 0.013 -0.062 -0.034 0.013 -0.074 -0.029 0.013 -0.085 -0.023 0.013 -0.0955 -0.015 0.013 -0.104 -0.006 0.013 -0.112 0.004 0.013 -0.118 0.0155 0.013 -0.122 0.0275 0.021 -0.122 0.0525 0.013 -0.125 0.04 0.0045 -0.0625 -0.0355 0.0045 -0.075 -0.031 0.0045 -0.086 -0.0245 0.0045 -0.0965 -0.0165 0.0045 -0.1055 -0.0075 0.0045 -0.1135 0.003 0.0045 -0.1195 0.0145 0.0045 -0.124 0.027 0.0125 -0.126 0.0525 0.0045 -0.127 0.0395 0.013 -0.126 0.0525 -0.0045 -0.0625 -0.0355 -0.0045 -0.075 -0.031 -0.0045 -0.086 -0.0245 -0.0045 -0.0965 -0.0165 -0.0045 -0.1055 -0.0075 -0.0045 -0.1135 0.003 -0.0045 -0.1195 0.0145 -0.0045 -0.124 0.027 0 -0.128 0.0525 0.0045 -0.128 0.0525 -0.0045 -0.127 0.0395 -0.013 -0.062 -0.034 -0.013 -0.074 -0.029 -0.013 -0.085 -0.023 -0.013 -0.0955 -0.015 -0.013 -0.104 -0.006 -0.013 -0.112 0.004 -0.013 -0.118 0.0155 -0.013 -0.122 0.0275 -0.0125 -0.126 0.0525 -0.0045 -0.128 0.0525 -0.013 -0.125 0.04 -0.021 -0.061 -0.03 -0.021 -0.0725 -0.0255 -0.021 -0.083 -0.02 -0.021 -0.0925 -0.0125 -0.021 -0.1015 -0.0035 -0.021 -0.1085 0.006 -0.021 -0.1145 0.017 -0.021 -0.1185 0.0285 -0.013 -0.126 0.0525 -0.021 -0.121 0.0405 -0.028 -0.0595 -0.025 -0.028 -0.07 -0.021 -0.028 -0.08 -0.015 -0.028 -0.089 -0.008 -0.028 -0.097 0 -0.028 -0.104 0.009 -0.028 -0.1095 0.019 -0.028 -0.1135 0.03 -0.0235 -0.1205 0.0525 -0.028 -0.1155 0.041 -0.021 -0.122 0.0525 -0.0335 -0.0575 -0.0185 -0.0335 -0.067 -0.0145 -0.0335 -0.0765 -0.0095 -0.0335 -0.0845 -0.003 -0.0335 -0.092 0.0045 -0.0335 -0.098 0.013 -0.0335 -0.103 0.022 -0.0335 -0.1065 0.032 -0.0325 -0.1115 0.0525 -0.028 -0.1165 0.0525 -0.0335 -0.109 0.042 -0.0375 -0.055 -0.011 -0.0375 -0.0635 -0.0075 -0.0375 -0.072 -0.003 -0.0375 -0.0795 0.003 -0.0375 -0.086 0.0095 -0.0375 -0.0915 0.017 -0.0375 -0.096 0.0255 -0.0375 -0.099 0.034 -0.0335 -0.1095 0.0525 -0.0375 -0.101 0.043 -0.0395 -0.0525 -0.0025 -0.0395 -0.06 0.0005 -0.0395 -0.067 0.0045 -0.0395 -0.0735 0.0095 -0.0395 -0.0795 0.015 -0.0395 -0.084 0.0215 -0.0395 -0.088 0.029 -0.0395 -0.091 0.0365 -0.038 -0.1005 0.0525 -0.0395 -0.0925 0.0445 -0.0375 -0.1015 0.0525 -0.04 -0.05 0.006 -0.04 -0.0565 0.0085 -0.04 -0.0625 0.012 -0.04 -0.068 0.016 -0.04 -0.0725 0.021 -0.04 -0.0765 0.0265 -0.04 -0.08 0.0325 -0.04 -0.0825 0.039 -0.04 -0.088 0.0525 -0.04 -0.084 0.0455 -0.0395 -0.093 0.0525 -0.038 -0.0475 0.014 -0.038 -0.0525 0.016 -0.038 -0.0575 0.019 -0.038 -0.062 0.0225 -0.038 -0.066 0.0265 -0.038 -0.0695 0.031 -0.038 -0.072 0.036 -0.038 -0.074 0.0415 -0.04 -0.0845 0.0525 -0.038 -0.075 0.047 -0.0345 -0.049 0.0235 -0.0345 -0.053 0.026 -0.0345 -0.0565 0.0285 -0.0345 -0.06 0.0315 -0.0345 -0.0625 0.0355 -0.0345 -0.0645 0.0395 -0.0345 -0.066 0.0435 -0.038 -0.0755 0.0525 -0.0345 -0.067 0.048 -0.029 -0.049 0.0315 -0.029 -0.052 0.034 -0.029 -0.0545 0.0365 -0.029 -0.0565 0.039 -0.029 -0.0585 0.042 -0.029 -0.0595 0.0455 -0.0325 -0.0645 0.0525 -0.029 -0.06 0.049 -0.0345 -0.0675 0.0525 -0.022 -0.048 0.038 -0.022 -0.05 0.04 -0.022 -0.052 0.042 -0.022 -0.053 0.0445 -0.022 -0.054 0.047 -0.0235 -0.0555 0.0525 -0.029 -0.0605 0.0525 -0.022 -0.0545 0.05 -0.0145 -0.0495 0.0465 -0.0145 -0.05 0.0485 -0.022 -0.0545 0.0525 -0.0145 -0.0505 0.0505 -0.02 -0.0475 0.0395 -0.017 -0.048 0.042 -0.024 -0.047 0.0355 -0.031 -0.0465 0.028 -0.0275 -0.047 0.032 0.029 -0.052 0.034 -0.0365 -0.0465 0.0185 -0.0345 -0.0465 0.0225 -0.0385 -0.047 0.013 -0.038 -0.047 0.0135 -0.0395 -0.047 0.0085 -0.04 -0.047 0.004 -0.04 -0.0475 -0.001 -0.0395 -0.0475 -0.0055 -0.0385 -0.048 -0.01 -0.037 -0.048 -0.0145 -0.032 -0.049 -0.0225 -0.0345 -0.0485 -0.0185 -0.0295 -0.049 -0.026 -0.026 -0.0495 -0.029 -0.028 -0.0495 -0.0275 -0.0225 -0.05 -0.032 -0.019 -0.05 -0.034 -0.021 -0.05 -0.033 -0.0145 -0.0505 -0.036 -0.01 -0.0505 -0.0375 -0.013 -0.0505 -0.0365 -0.006 -0.051 -0.038 -0.0015 -0.051 -0.0385 0.003 -0.051 -0.0385 -0.0045 -0.051 -0.0385 0.007 -0.051 -0.038 0.0115 -0.0505 -0.037 0.0045 -0.051 -0.0385 0.016 -0.0505 -0.0355 0.013 -0.0505 -0.0365 0.0235 -0.0495 -0.031 0.0195 -0.05 -0.0335 0.033 -0.0485 -0.0215 0.03 -0.049 -0.025 0.027 -0.0495 -0.028 0.037 -0.048 -0.014 0.0355 -0.0485 -0.0175 0.0395 -0.0475 -0.005 0.0385 -0.048 -0.0095 0.04 -0.047 0.004 0.04 -0.0475 -0.0005 0.0385 -0.047 0.013 0.0395 -0.047 0.009 0.0345 -0.0465 0.022 0.037 -0.0465 0.0175 0.0325 -0.0465 0.0255 0.0295 -0.0465 0.03 0.0225 -0.0475 0.037 0.026 -0.047 0.0335 0.029 -0.049 0.0315 0.0185 -0.048 0.041 0.022 -0.05 0.04 0.022 -0.048 0.038 0.017 -0.048 0.042 0.022 -0.053 0.0445 0.022 -0.052 0.042 0.014 -0.0485 0.045 0.0125 -0.0485 0.0465 0.0145 -0.05 0.0485 0.0145 -0.0495 0.0465 0.0125 -0.05 0.0525 0.0145 -0.0505 0.0505 0.01 -0.049 0.0495 0.007 -0.0485 0.0525 -0.0125 -0.05 0.0525 -0.0095 -0.049 0.05 -0.0145 -0.0505 0.0525 -0.013 -0.0485 0.0465 -0.0145 -0.0485 0.045 -0.007 -0.0485 0.0525 0.0145 -0.0505 0.0525 -0.0315 -0.0465 0.027 0.0235 -0.0555 0.0525 0.022 -0.0545 0.05 0.022 -0.054 0.047 0.022 -0.0545 0.0525 0.028 -0.0485 0.024 0.032 -0.0465 0.0155 0.032 -0.0515 0.0175 0.028 -0.0525 0.026 0.032 -0.0565 0.02 0.028 -0.056 0.0285 0.032 -0.061 0.0235 0.028 -0.0595 0.032 0.032 -0.0645 0.027 0.028 -0.062 0.0355 0.032 -0.068 0.0315 0.028 -0.064 0.0395 0.032 -0.0705 0.0365 0.028 -0.066 0.0435 0.032 -0.0725 0.0415 0.028 -0.067 0.048 0.032 -0.0735 0.047 0.031 -0.0715 0.0525 0.032 -0.074 0.0525 0.0225 -0.039 0.027 0.028 -0.0355 0.021 0.028 -0.04 0.021 0.0225 -0.0425 0.028 0.028 -0.0445 0.022 0.0225 -0.046 0.029 0.0225 -0.0495 0.031 0.0225 -0.055 0.0355 0.0225 -0.057 0.0385 0.0225 -0.059 0.042 0.0225 -0.06 0.0455 0.0225 -0.061 0.049 0.0235 -0.062 0.0525 0.028 -0.067 0.0525 0.0155 -0.0385 0.0315 0.0225 -0.0355 0.027 0.0155 -0.0415 0.032 0.0155 -0.0445 0.033 0.0155 -0.047 0.0345 0.0155 -0.0515 0.0385 0.0225 -0.0525 0.033 0.0155 -0.0535 0.041 0.0155 -0.055 0.0435 0.0155 -0.056 0.0465 0.0155 -0.0565 0.0495 0.0155 -0.0565 0.0525 0.0225 -0.061 0.0525 0.008 -0.038 0.034 0.0155 -0.0355 0.0315 0.008 -0.0405 0.035 0.008 -0.043 0.0355 0.008 -0.0455 0.037 0.008 -0.051 0.0425 0.008 -0.0525 0.045 0.008 -0.053 0.0475 0.008 -0.054 0.05 0 -0.0355 0.035 -0.008 -0.038 0.034 -0.008 -0.0355 0.034 0 -0.038 0.035 -0.008 -0.0405 0.035 0 -0.0405 0.0355 -0.008 -0.043 0.0355 0 -0.043 0.0365 -0.008 -0.0455 0.037 0 -0.0485 0.041 -0.008 -0.051 0.0425 -0.008 -0.0495 0.0405 0 -0.05 0.043 -0.008 -0.0525 0.045 0 -0.0515 0.045 -0.008 -0.053 0.0475 0 -0.0525 0.0475 -0.008 -0.054 0.05 0 -0.053 0.05 -0.008 -0.054 0.0525 -0.0155 -0.0385 0.0315 -0.0155 -0.0355 0.0315 -0.0155 -0.0415 0.032 -0.0155 -0.0445 0.033 -0.0155 -0.047 0.0345 -0.0155 -0.0535 0.041 -0.0155 -0.0515 0.0385 -0.0155 -0.055 0.0435 -0.0155 -0.056 0.0465 -0.0155 -0.0565 0.0495 -0.0085 -0.054 0.0525 -0.0155 -0.0565 0.0525 -0.0225 -0.039 0.027 -0.0225 -0.0355 0.027 -0.0225 -0.0425 0.028 -0.0225 -0.046 0.029 -0.0225 -0.0495 0.031 -0.0155 -0.0495 0.0365 -0.0225 -0.055 0.0355 -0.0225 -0.0525 0.033 -0.0225 -0.057 0.0385 -0.0225 -0.059 0.042 -0.0225 -0.06 0.0455 -0.0225 -0.061 0.049 -0.019 -0.0585 0.0525 -0.0225 -0.061 0.0525 -0.028 -0.04 0.021 -0.028 -0.0355 0.021 -0.028 -0.0445 0.022 -0.028 -0.0485 0.024 -0.028 -0.0525 0.026 -0.028 -0.0595 0.032 -0.028 -0.056 0.0285 -0.028 -0.062 0.0355 -0.028 -0.064 0.0395 -0.028 -0.066 0.0435 -0.028 -0.067 0.048 -0.0275 -0.0665 0.0525 -0.028 -0.067 0.0525 -0.032 -0.041 0.0145 -0.032 -0.0355 0.014 -0.032 -0.0465 0.0155 -0.032 -0.0515 0.0175 -0.032 -0.0565 0.02 -0.032 -0.061 0.0235 -0.032 -0.0645 0.027 -0.032 -0.068 0.0315 -0.032 -0.0705 0.0365 -0.032 -0.0725 0.0415 -0.032 -0.0735 0.047 -0.032 -0.074 0.0525 -0.0345 -0.042 0.0065 -0.0345 -0.0355 0.006 -0.0345 -0.0485 0.008 -0.0345 -0.055 0.0105 -0.0345 -0.0605 0.0135 -0.0345 -0.066 0.0175 -0.0345 -0.0705 0.022 -0.0345 -0.0745 0.0275 -0.0345 -0.0775 0.033 -0.0345 -0.08 0.0395 -0.0345 -0.0815 0.046 -0.033 -0.0765 0.0525 -0.0345 -0.082 0.0525 -0.035 -0.0435 -0.0015 -0.035 -0.0355 -0.002 -0.035 -0.051 0 -0.035 -0.058 0.003 -0.035 -0.065 0.0065 -0.035 -0.071 0.0115 -0.035 -0.0765 0.017 -0.035 -0.0815 0.023 -0.035 -0.085 0.03 -0.035 -0.088 0.037 0.014 -0.056 0.0525 0.008 -0.0355 0.034 0 -0.045 0.038 0.008 -0.0495 0.0405 0.003 -0.053 0.0525 0.008 -0.054 0.0525 0.0195 -0.049 0.0335 0.024 -0.051 0.0305 0.01 -0.047 0.0375 0.015 -0.048 0.0355 0.005 -0.0465 0.0385 -0.005 -0.0465 0.0385 0 -0.0465 0.0385 -0.0105 -0.047 0.0375 -0.0195 -0.049 0.0335 -0.015 -0.048 0.0355 -0.024 -0.051 0.0305 -0.0195 -0.0495 0.0335 -0.0135 -0.0485 0.037 -0.015 -0.0485 0.0365 -0.0085 -0.0475 0.0385 -0.0035 -0.0475 0.0395 0.0035 -0.0475 0.0395 -0.002 -0.0475 0.0395 0.0095 -0.048 0.0385 0.0085 -0.0475 0.0385 0.0155 -0.0495 0.0365 0.0195 -0.0495 0.034 0.0145 -0.0485 0.0365 0.032 -0.041 0.0145 0.032 -0.0355 0.014 0.0345 -0.0815 0.046 0.0345 -0.082 0.0525 0.0345 -0.08 0.0395 0.0345 -0.0775 0.033 0.0345 -0.0745 0.0275 0.0345 -0.0705 0.022 0.0345 -0.066 0.0175 0.0345 -0.0605 0.0135 0.0345 -0.055 0.0105 0.0345 -0.0485 0.008 0.0345 -0.042 0.0065 0.0345 -0.0355 0.006 0.035 -0.088 0.0525 0.035 -0.0895 0.0445 0.035 -0.09 0.0525 0.035 -0.088 0.037 0.035 -0.085 0.03 0.035 -0.0815 0.023 0.035 -0.0765 0.017 0.035 -0.071 0.0115 0.035 -0.065 0.0065 0.035 -0.058 0.003 0.035 -0.051 0 0.035 -0.0435 -0.0015 0.035 -0.0355 0 0.0345 -0.094 0.0525 0.0335 -0.0975 0.0435 0.0335 -0.098 0.0525 0.0335 -0.0955 0.035 0.0335 -0.0925 0.0265 0.0335 -0.088 0.0185 0.0335 -0.083 0.0115 0.0335 -0.0765 0.005 0.0335 -0.0695 0 0.0335 -0.0615 -0.0045 0.0335 -0.053 -0.0075 0.0335 -0.0445 -0.0095 0.0335 -0.0355 -0.01 0.031 -0.1045 0.0525 0.0305 -0.105 0.0425 0.0305 -0.1055 0.0525 0.0305 -0.1025 0.033 0.0305 -0.099 0.0235 0.0305 -0.0945 0.0145 0.0305 -0.0885 0.0065 0.0305 -0.0815 -0.0005 0.0305 -0.0735 -0.0065 0.0305 -0.0645 -0.011 0.0305 -0.055 -0.0145 0.0305 -0.0455 -0.017 0.0305 -0.0355 -0.0175 0.0255 -0.111 0.0415 0.0255 -0.112 0.0525 0.0255 -0.109 0.031 0.0255 -0.105 0.0205 0.0255 -0.1 0.011 0.0255 -0.0935 0.0025 0.0255 -0.0855 -0.0055 0.0255 -0.077 -0.012 0.0255 -0.0675 -0.017 0.0255 -0.057 -0.021 0.0255 -0.0465 -0.023 0.0255 -0.0355 -0.024 0.019 -0.1165 0.041 0.0235 -0.114 0.0525 0.019 -0.117 0.0525 0.019 -0.114 0.0295 0.019 -0.11 0.0185 0.019 -0.1045 0.0085 0.019 -0.0975 -0.001 0.019 -0.089 -0.0095 0.019 -0.0795 -0.0165 0.019 -0.0695 -0.022 0.019 -0.0585 -0.026 0.019 -0.047 -0.0285 0.019 -0.0355 -0.029 0.014 -0.12 0.0525 0.012 -0.12 0.0405 0.012 -0.121 0.0525 0.012 -0.1175 0.0285 0.012 -0.113 0.017 0.012 -0.1075 0.0065 0.012 -0.1 -0.0035 0.012 -0.0915 -0.012 0.012 -0.0815 -0.0195 0.012 -0.071 -0.025 0.012 -0.0595 -0.0295 0.012 -0.0475 -0.032 0.012 -0.0355 -0.033 0.004 -0.122 0.04 0.004 -0.123 0.0525 0.004 -0.119 0.028 0.004 -0.115 0.016 0.004 -0.109 0.0055 0.004 -0.1015 -0.0045 0.004 -0.0925 -0.0135 0.004 -0.0825 -0.021 0.004 -0.072 -0.027 0.004 -0.06 -0.031 0.004 -0.048 -0.034 0.004 -0.0355 -0.035 -0.004 -0.122 0.04 0.003 -0.123 0.0525 -0.004 -0.123 0.0525 -0.004 -0.119 0.028 -0.004 -0.115 0.016 -0.004 -0.109 0.0055 -0.004 -0.1015 -0.0045 -0.004 -0.0925 -0.0135 -0.004 -0.0825 -0.021 -0.004 -0.072 -0.027 -0.004 -0.06 -0.031 -0.004 -0.048 -0.034 -0.004 -0.0355 -0.035 -0.0085 -0.122 0.0525 -0.012 -0.12 0.0405 -0.012 -0.121 0.0525 -0.012 -0.1175 0.0285 -0.035 -0.0895 0.0445 -0.035 -0.088 0.0525 -0.035 -0.09 0.0525 -0.0335 -0.0445 -0.0095 -0.0335 -0.0355 -0.01 -0.0335 -0.053 -0.0075 -0.0335 -0.0615 -0.0045 -0.0335 -0.0695 0 -0.0335 -0.0765 0.005 -0.0335 -0.083 0.0115 -0.0335 -0.088 0.0185 -0.0335 -0.0925 0.0265 -0.0335 -0.0955 0.035 -0.0335 -0.0975 0.0435 -0.0335 -0.098 0.0525 -0.0305 -0.0455 -0.017 -0.0305 -0.0355 -0.0175 -0.0305 -0.055 -0.0145 -0.0305 -0.0645 -0.011 -0.0305 -0.0735 -0.0065 -0.0305 -0.0815 -0.0005 -0.0305 -0.0885 0.0065 -0.0305 -0.0945 0.0145 -0.0305 -0.099 0.0235 -0.0305 -0.1025 0.033 -0.0305 -0.105 0.0425 -0.033 -0.0995 0.0525 -0.0305 -0.1055 0.0525 -0.0255 -0.0465 -0.023 -0.0255 -0.0355 -0.024 -0.0255 -0.057 -0.021 -0.0255 -0.0675 -0.017 -0.0255 -0.077 -0.012 -0.0255 -0.0855 -0.0055 -0.0255 -0.0935 0.0025 -0.0255 -0.1 0.011 -0.0255 -0.105 0.0205 -0.0255 -0.109 0.031 -0.0255 -0.111 0.0415 -0.0275 -0.1095 0.0525 -0.0255 -0.112 0.0525 -0.019 -0.047 -0.0285 -0.019 -0.0355 -0.029 -0.019 -0.0585 -0.026 -0.019 -0.0695 -0.022 -0.019 -0.0795 -0.0165 -0.019 -0.089 -0.0095 -0.019 -0.0975 -0.001 -0.019 -0.1045 0.0085 -0.019 -0.11 0.0185 -0.019 -0.114 0.0295 -0.019 -0.1165 0.041 -0.019 -0.117 0.0525 -0.012 -0.0475 -0.032 -0.012 -0.0355 -0.033 -0.012 -0.0595 -0.0295 -0.012 -0.071 -0.025 -0.012 -0.0815 -0.0195 -0.012 -0.0915 -0.012 -0.012 -0.1 -0.0035 -0.012 -0.1075 0.0065 -0.012 -0.113 0.017 0.035 -0.0355 -0.002 0 -0.053 0.0525 -0.0385 -0.0995 0.0675 -0.0395 -0.093 0.0525 -0.038 -0.1005 0.0525 -0.0395 -0.0935 0.0675 -0.038 -0.1005 0.0675 -0.03 -0.062 0.0675 -0.0325 -0.0645 0.0525 -0.0325 -0.0645 0.0675 -0.029 -0.0605 0.0525 -0.0335 -0.0665 0.0675 -0.0345 -0.0675 0.0525 -0.0365 -0.0715 0.0675 -0.038 -0.0755 0.0525 -0.038 -0.0755 0.0675 -0.0395 -0.0825 0.0675 -0.04 -0.0845 0.0525 -0.04 -0.088 0.0675 -0.04 -0.088 0.0525 -0.0385 -0.0765 0.0675 0.0035 -0.048 0.0535 0 -0.048 0.0675 0.0055 -0.0485 0.0675 0.007 -0.0485 0.0525 0.0115 -0.0495 0.0675 0.0125 -0.05 0.0525 0.0125 -0.05 0.0675 -0.0055 -0.0485 0.0675 -0.007 -0.0485 0.0525 -0.0115 -0.0495 0.0675 -0.0035 -0.048 0.053 -0.0125 -0.05 0.0525 -0.0125 -0.05 0.0675 0 -0.048 0.0535 -0.0235 -0.0555 0.0525 -0.026 -0.058 0.0675 -0.0235 -0.0555 0.0675 -0.0145 -0.0505 0.0525 -0.0165 -0.0515 0.0675 0.0235 -0.0555 0.0675 0.022 -0.0545 0.0525 0.0215 -0.0545 0.0675 0.0325 -0.0645 0.0525 0.03 -0.062 0.0675 0.0325 -0.0645 0.0675 0.038 -0.0755 0.0525 0.0365 -0.0715 0.0675 0.038 -0.0755 0.0675 0.04 -0.088 0.0675 0.04 -0.0845 0.0525 0.0395 -0.0825 0.0675 0.038 -0.1005 0.0525 0.0385 -0.0995 0.0675 0.038 -0.1005 0.0675 0.0325 -0.1115 0.0675 0.0335 -0.1095 0.0525 0.0335 -0.1095 0.0675 0.0235 -0.1205 0.0525 0.026 -0.118 0.0675 0.0235 -0.1205 0.0675 0.0125 -0.126 0.0675 0.013 -0.126 0.0525 0.0165 -0.1245 0.0675 0 -0.128 0.0675 0.0045 -0.128 0.0525 0.0055 -0.1275 0.0675 -0.0125 -0.126 0.0525 -0.0115 -0.1265 0.0675 -0.0125 -0.126 0.0675 -0.0235 -0.1205 0.0525 -0.0215 -0.1215 0.0675 -0.0235 -0.1205 0.0675 -0.0325 -0.1115 0.0525 -0.03 -0.114 0.0675 -0.0325 -0.1115 0.0675 -0.0375 -0.1015 0.0525 -0.0365 -0.1045 0.0675 -0.0335 -0.1095 0.0525 -0.0335 -0.1095 0.0675 -0.028 -0.1165 0.0525 -0.026 -0.118 0.0675 -0.021 -0.122 0.0525 -0.0165 -0.1245 0.0675 -0.013 -0.126 0.0525 -0.0055 -0.1275 0.0675 -0.0045 -0.128 0.0525 0 -0.128 0.0525 0.0125 -0.126 0.0525 0.0115 -0.1265 0.0675 0.021 -0.122 0.0525 0.0215 -0.1215 0.0675 0.028 -0.1165 0.0525 0.03 -0.114 0.0675 0.0325 -0.1115 0.0525 0.0365 -0.1045 0.0675 0.0375 -0.1015 0.0525 0.0395 -0.093 0.0525 0.0395 -0.0935 0.0675 0.04 -0.088 0.0525 0.0385 -0.0765 0.0675 0.0345 -0.0675 0.0525 0.0335 -0.0665 0.0675 -0.022 -0.0545 0.0525 -0.0215 -0.0545 0.0675 0.029 -0.0605 0.0525 0.026 -0.058 0.0675 0.0235 -0.0555 0.0525 0.0165 -0.0515 0.0675 0.0145 -0.0505 0.0525 -0.015 -0.051 0.0355 -0.0195 -0.049 0.0335 -0.015 -0.048 0.0355 -0.01 -0.051 0.0375 -0.0105 -0.047 0.0375 -0.005 -0.051 0.0385 -0.005 -0.0465 0.0385 0 -0.051 0.0385 0.005 -0.0465 0.0385 0 -0.0465 0.0385 0.005 -0.051 0.0385 0.01 -0.047 0.0375 0.015 -0.048 0.0355 0.01 -0.051 0.0375 0.015 -0.051 0.0355 0.0195 -0.049 0.0335 0.0195 -0.051 0.0335 0.024 -0.051 0.0305 -0.0195 -0.051 0.0335 -0.024 -0.051 0.0305 0.0195 -0.0495 0.034 0.015 -0.051 0.0355 0.0195 -0.051 0.0335 0.0085 -0.0475 0.0385 0.005 -0.051 0.0385 0.01 -0.051 0.0375 0.0095 -0.048 0.0385 0 -0.051 0.0385 0.0035 -0.0475 0.0395 -0.002 -0.0475 0.0395 -0.0035 -0.0475 0.0395 -0.0085 -0.0475 0.0385 -0.005 -0.051 0.0385 -0.0135 -0.0485 0.037 -0.01 -0.051 0.0375 -0.015 -0.051 0.0355 -0.0195 -0.0495 0.0335 -0.015 -0.0485 0.0365 -0.024 -0.051 0.0305 -0.0195 -0.051 0.0335 0.0145 -0.0485 0.0365 0.024 -0.051 0.0305 0.039 -0.044 -0.012 0.043 -0.037 -0.0065 0.0405 -0.044 -0.0035 0.039 -0.037 -0.019 0.0415 -0.037 -0.013 0.0355 -0.044 -0.02 0.036 -0.037 -0.0245 0.0305 -0.044 -0.027 0.027 -0.037 -0.034 0.0315 -0.037 -0.0295 0.024 -0.044 -0.0325 0.0215 -0.037 -0.0375 0.0085 -0.044 -0.0395 0.016 -0.037 -0.0405 0.0165 -0.044 -0.037 0.003 -0.037 -0.043 0.0095 -0.037 -0.042 -0.0085 -0.044 -0.0395 -0.003 -0.037 -0.043 0 -0.044 -0.0405 -0.016 -0.037 -0.0405 -0.0095 -0.037 -0.042 -0.0165 -0.044 -0.037 -0.0215 -0.037 -0.0375 -0.0305 -0.044 -0.027 -0.027 -0.037 -0.034 -0.024 -0.044 -0.0325 -0.036 -0.037 -0.0245 -0.0315 -0.037 -0.0295 -0.039 -0.044 -0.012 -0.039 -0.037 -0.019 -0.0355 -0.044 -0.02 -0.043 -0.037 -0.0065 -0.0415 -0.037 -0.013 0.023 -0.0385 0.036 0.0215 -0.037 0.0375 0.019 -0.0375 0.039 0.0315 -0.037 0.0295 0.0265 -0.039 0.033 0.03 -0.04 0.0295 0.0355 -0.0415 0.0215 0.036 -0.037 0.0245 0.033 -0.041 0.0255 0.0415 -0.037 0.013 0.0375 -0.042 0.0175 0.039 -0.043 0.0125 0.043 -0.037 0.0065 0.04 -0.0435 0.0085 0.0405 -0.044 0.005 0.0405 -0.044 0.004 0.0435 -0.037 0 0.0405 -0.0445 -0.001 0.04 -0.045 -0.005 0.039 -0.0455 -0.0095 0.0375 -0.046 -0.014 0.0355 -0.0465 -0.018 0.033 -0.047 -0.022 0.0305 -0.0475 -0.0255 0.0275 -0.048 -0.0285 0.0235 -0.0485 -0.0315 0.02 -0.049 -0.034 0.016 -0.0495 -0.0355 0.0115 -0.05 -0.037 0.007 -0.0505 -0.038 0.003 -0.0505 -0.0385 -0.0015 -0.0505 -0.0385 -0.006 -0.0505 -0.0385 -0.0145 -0.0495 -0.036 -0.019 -0.049 -0.034 -0.0225 -0.0485 -0.032 -0.026 -0.048 -0.0295 -0.0295 -0.0475 -0.026 -0.0325 -0.047 -0.023 -0.035 -0.0465 -0.019 -0.037 -0.046 -0.015 -0.0385 -0.0455 -0.0105 -0.0405 -0.044 -0.0035 -0.04 -0.045 -0.006 -0.0405 -0.0445 -0.0015 -0.0405 -0.044 0.0035 -0.0435 -0.037 0 -0.0415 -0.037 0.013 -0.039 -0.0425 0.013 -0.0385 -0.0425 0.0135 -0.037 -0.042 0.018 -0.037 -0.037 0.0225 -0.039 -0.037 0.019 -0.0315 -0.037 0.0295 -0.0325 -0.0405 0.0265 -0.0315 -0.0405 0.0275 -0.0285 -0.0395 0.0315 -0.027 -0.037 0.034 -0.0215 -0.037 0.0375 -0.0205 -0.0375 0.0375 -0.0175 -0.037 0.0395 -0.0245 -0.0385 0.0345 -0.035 -0.0415 0.0225 -0.036 -0.037 0.0245 -0.04 -0.0435 0.0085 -0.043 -0.037 0.0065 -0.01 -0.05 -0.0375 0.039 -0.037 0.019 0.037 -0.037 0.0225 0.027 -0.037 0.034 0.0175 -0.037 0.0395 0.0035 -0.0195 -0.044 0.0125 -0.0195 -0.038 0.016 -0.0195 -0.041 0.038 -0.0195 -0.0125 0.0365 -0.0195 -0.025 0.0325 -0.0195 -0.0235 0.04 -0.0195 0 0.042 -0.0195 -0.013 0.016 -0.0195 0.041 0.0235 -0.0195 0.0325 0.0125 -0.0195 0.038 -0.01 -0.0195 0.043 0 -0.0195 0.04 -0.0125 -0.0195 0.038 -0.038 -0.0195 -0.0125 -0.0435 -0.0195 -0.0065 -0.04 -0.0195 0 -0.0235 -0.0195 -0.0325 -0.0325 -0.0195 -0.03 -0.0325 -0.0195 -0.0235 -0.022 -0.0195 -0.038 -0.0125 -0.0195 -0.038 -0.01 -0.0195 -0.043 0 -0.0195 -0.04 0.0235 -0.0195 -0.0325 0.0275 -0.0195 0.0345 0.0035 -0.0195 0.044 -0.0395 -0.0195 0.019 -0.0325 -0.0195 0.0235 -0.038 -0.0195 0.0125 -0.022 -0.0195 0.038 -0.0235 -0.0195 0.0325 -0.0435 -0.0195 0.0065 -0.044 -0.0195 0 -0.0325 -0.0195 0.03 -0.0395 -0.0195 -0.019 0.0325 -0.0195 0.0235 0.0365 -0.0195 0.025 0.038 -0.0195 0.0125 0.042 -0.0195 0.013 0.044 -0.0195 0 0.0275 -0.0195 -0.0345 0.0395 -0.0335 0.019 0.042 -0.0195 0.013 0.0365 -0.0195 0.025 0.0365 -0.0335 0.025 0.0325 -0.0335 0.03 0.0275 -0.0195 0.0345 0.0275 -0.0335 0.0345 0.022 -0.0335 0.038 0.016 -0.0195 0.041 0.016 -0.0335 0.041 0.01 -0.0335 0.043 0.0035 -0.0195 0.044 0.0035 -0.0335 0.044 -0.0015 -0.028 0.044 -0.01 -0.0335 0.043 -0.0015 -0.0285 0.044 -0.0035 -0.0335 0.044 -0.001 -0.029 0.044 0 -0.029 0.044 0.0005 -0.029 0.044 -0.0005 -0.029 0.044 0.001 -0.029 0.044 0.0015 -0.0275 0.044 0.0015 -0.027 0.044 0.0015 -0.0265 0.044 0.0015 -0.028 0.044 0.0015 -0.0285 0.044 0.0005 -0.026 0.044 0 -0.026 0.044 -0.0005 -0.026 0.044 -0.01 -0.0195 0.043 -0.001 -0.026 0.044 -0.0015 -0.0265 0.044 0.001 -0.026 0.044 -0.0015 -0.0275 0.044 -0.0015 -0.027 0.044 -0.016 -0.0335 0.041 -0.022 -0.0195 0.038 -0.022 -0.0335 0.038 -0.0275 -0.0335 0.0345 -0.0325 -0.0195 0.03 -0.0325 -0.0335 0.03 -0.0365 -0.0335 0.025 -0.0395 -0.0195 0.019 -0.0395 -0.0335 0.019 -0.042 -0.0335 0.013 -0.0435 -0.0195 0.0065 -0.0435 -0.0335 0.0065 -0.044 -0.028 -0.0015 -0.0435 -0.0335 -0.0065 -0.044 -0.0285 -0.0015 -0.044 -0.029 -0.0005 -0.044 -0.0335 0 -0.044 -0.029 0 -0.044 -0.029 0.0005 -0.044 -0.029 0.001 -0.044 -0.0285 0.0015 -0.044 -0.029 -0.001 -0.044 -0.028 0.0015 -0.044 -0.0275 0.0015 -0.044 -0.027 0.0015 -0.044 -0.0265 0.0015 -0.044 -0.026 0.001 -0.044 -0.026 0.0005 -0.044 -0.0195 0 -0.044 -0.026 0 -0.044 -0.026 -0.0005 -0.0435 -0.0195 -0.0065 -0.044 -0.026 -0.001 -0.044 -0.0275 -0.0015 -0.044 -0.027 -0.0015 -0.044 -0.0265 -0.0015 -0.042 -0.0335 -0.013 -0.0395 -0.0195 -0.019 -0.0395 -0.0335 -0.019 -0.0365 -0.0335 -0.025 -0.0325 -0.0195 -0.03 -0.0325 -0.0335 -0.03 -0.0275 -0.0335 -0.0345 -0.022 -0.0195 -0.038 -0.022 -0.0335 -0.038 -0.016 -0.0335 -0.041 -0.01 -0.0195 -0.043 -0.01 -0.0335 -0.043 0.0015 -0.028 -0.044 0.0035 -0.0335 -0.044 0.0015 -0.0285 -0.044 0.001 -0.029 -0.044 0 -0.029 -0.044 -0.0035 -0.0335 -0.044 0.0005 -0.029 -0.044 -0.0005 -0.029 -0.044 -0.001 -0.029 -0.044 -0.0015 -0.0285 -0.044 -0.0015 -0.028 -0.044 -0.0015 -0.0275 -0.044 -0.0015 -0.027 -0.044 -0.0015 -0.0265 -0.044 -0.001 -0.026 -0.044 -0.0005 -0.026 -0.044 0.0035 -0.0195 -0.044 0 -0.026 -0.044 0.0005 -0.026 -0.044 0.001 -0.026 -0.044 0.0015 -0.0275 -0.044 0.0015 -0.027 -0.044 0.0015 -0.0265 -0.044 0.01 -0.0335 -0.043 0.016 -0.0195 -0.041 0.016 -0.0335 -0.041 0.022 -0.0335 -0.038 0.0275 -0.0195 -0.0345 0.0275 -0.0335 -0.0345 0.0325 -0.0335 -0.03 0.0365 -0.0195 -0.025 0.0365 -0.0335 -0.025 0.0395 -0.0335 -0.019 0.042 -0.0195 -0.013 0.042 -0.0335 -0.013 0.044 -0.029 -0.0005 0.0435 -0.0335 -0.0065 0.044 -0.029 -0.001 0.044 -0.0335 0 0.044 -0.0285 -0.0015 0.044 -0.028 -0.0015 0.044 -0.0275 -0.0015 0.044 -0.027 -0.0015 0.044 -0.0265 -0.0015 0.044 -0.026 -0.001 0.044 -0.0195 0 0.044 -0.026 -0.0005 0.044 -0.026 0 0.044 -0.026 0.001 0.044 -0.026 0.0005 0.044 -0.0265 0.0015 0.044 -0.0275 0.0015 0.042 -0.0335 0.013 0.044 -0.028 0.0015 0.044 -0.0285 0.0015 0.044 -0.027 0.0015 0.0435 -0.0335 0.0065 0.044 -0.029 0.0005 0.044 -0.029 0 0.044 -0.029 0.001 0.0125 -0.0355 0.038 0.0015 -0.028 0.04 0.0015 -0.0275 0.04 0.0015 -0.0285 0.04 0.001 -0.029 0.04 0.0125 -0.0195 0.038 0.0015 -0.027 0.04 0.0015 -0.0265 0.04 0.001 -0.026 0.04 0 -0.0355 0.04 0.0005 -0.029 0.04 0 -0.029 0.04 -0.001 -0.029 0.04 -0.0125 -0.0355 0.038 -0.0005 -0.029 0.04 -0.0015 -0.028 0.04 -0.0015 -0.0275 0.04 -0.0125 -0.0195 0.038 -0.0015 -0.027 0.04 -0.0015 -0.0265 0.04 -0.0015 -0.0285 0.04 -0.001 -0.026 0.04 0 -0.0195 0.04 -0.0005 -0.026 0.04 0 -0.026 0.04 0.04 -0.029 0.001 0.04 -0.0355 0 0.038 -0.0355 0.0125 0.04 -0.029 0.0005 0.04 -0.0285 0.0015 0.04 -0.0275 0.0015 0.038 -0.0195 0.0125 0.04 -0.027 0.0015 0.04 -0.0265 0.0015 0.04 -0.028 0.0015 0.04 -0.026 0.001 0.04 -0.0195 0 0.04 -0.026 0.0005 0.04 -0.026 0 0.04 -0.026 -0.001 0.04 -0.026 -0.0005 0.04 -0.027 -0.0015 0.038 -0.0195 -0.0125 0.04 -0.0275 -0.0015 0.038 -0.0355 -0.0125 0.04 -0.028 -0.0015 0.04 -0.0285 -0.0015 0.04 -0.0265 -0.0015 0.04 -0.029 -0.001 0.04 -0.029 -0.0005 0.04 -0.029 0 -0.04 -0.029 -0.001 -0.04 -0.0355 0 -0.038 -0.0355 -0.0125 -0.04 -0.029 -0.0005 -0.04 -0.0275 -0.0015 -0.038 -0.0195 -0.0125 -0.04 -0.028 -0.0015 0.0125 -0.0355 -0.038 0.0015 -0.0285 -0.04 0.001 -0.029 -0.04 -0.04 -0.027 -0.0015 -0.04 -0.0265 -0.0015 -0.04 -0.026 -0.001 -0.04 -0.0285 -0.0015 -0.04 -0.0195 0 -0.04 -0.026 -0.0005 -0.04 -0.026 0 -0.04 -0.026 0.001 -0.038 -0.0195 0.0125 -0.04 -0.026 0.0005 -0.04 -0.027 0.0015 -0.04 -0.0275 0.0015 -0.038 -0.0355 0.0125 -0.04 -0.028 0.0015 -0.04 -0.0285 0.0015 -0.04 -0.0265 0.0015 0.0005 -0.026 0.04 -0.0125 -0.0355 -0.038 -0.001 -0.029 -0.04 -0.0015 -0.0285 -0.04 0 -0.0355 -0.04 -0.0005 -0.029 -0.04 0 -0.029 -0.04 -0.0125 -0.0195 -0.038 -0.0015 -0.0265 -0.04 -0.001 -0.026 -0.04 -0.0015 -0.027 -0.04 -0.0015 -0.0275 -0.04 -0.0015 -0.028 -0.04 0 -0.0195 -0.04 -0.0005 -0.026 -0.04 0.001 -0.026 -0.04 0.0125 -0.0195 -0.038 0.0005 -0.026 -0.04 0 -0.026 -0.04 0.0015 -0.028 -0.04 0.0015 -0.0265 -0.04 0.0015 -0.027 -0.04 0.0015 -0.0275 -0.04 0.0005 -0.029 -0.04 0.0325 -0.0195 0.0235 0.0325 -0.0355 0.0235 0.0235 -0.0195 0.0325 0.0235 -0.0355 0.0325 -0.0235 -0.0195 0.0325 -0.0235 -0.0355 0.0325 -0.0325 -0.0195 0.0235 -0.0325 -0.0355 0.0235 -0.0325 -0.0195 -0.0235 -0.0325 -0.0355 -0.0235 -0.0235 -0.0195 -0.0325 -0.0235 -0.0355 -0.0325 0.0235 -0.0195 -0.0325 0.0235 -0.0355 -0.0325 0.0325 -0.0195 -0.0235 0.0325 -0.0355 -0.0235 -0.04 -0.029 0 -0.04 -0.029 0.001 -0.04 -0.029 0.0005 0.0435 -0.037 0 0.0435 -0.0335 0.0065 0.043 -0.037 0.0065 0.042 -0.0335 0.013 0.0415 -0.037 0.013 0.0395 -0.0335 0.019 0.039 -0.037 0.019 0.037 -0.037 0.0225 0.036 -0.037 0.0245 0.0325 -0.0335 0.03 0.0315 -0.037 0.0295 0.0275 -0.0335 0.0345 0.027 -0.037 0.034 0.022 -0.0335 0.038 0.0215 -0.037 0.0375 -0.0215 -0.037 0.0375 -0.0275 -0.0335 0.0345 -0.027 -0.037 0.034 -0.0325 -0.0335 0.03 -0.0315 -0.037 0.0295 -0.0365 -0.0335 0.025 -0.036 -0.037 0.0245 -0.037 -0.037 0.0225 -0.039 -0.037 0.019 -0.042 -0.0335 0.013 -0.0415 -0.037 0.013 -0.0435 -0.0335 0.0065 -0.043 -0.037 0.0065 -0.044 -0.0335 0 -0.0435 -0.037 0 -0.0435 -0.0335 -0.0065 -0.043 -0.037 -0.0065 -0.042 -0.0335 -0.013 -0.0415 -0.037 -0.013 -0.0395 -0.0335 -0.019 -0.039 -0.037 -0.019 -0.0365 -0.0335 -0.025 -0.036 -0.037 -0.0245 -0.0325 -0.0335 -0.03 -0.0315 -0.037 -0.0295 -0.0275 -0.0335 -0.0345 -0.027 -0.037 -0.034 -0.022 -0.0335 -0.038 -0.0215 -0.037 -0.0375 -0.016 -0.0335 -0.041 -0.016 -0.037 -0.0405 -0.01 -0.0335 -0.043 -0.0095 -0.037 -0.042 -0.0035 -0.0335 -0.044 -0.003 -0.037 -0.043 0.0035 -0.0335 -0.044 0.003 -0.037 -0.043 0.01 -0.0335 -0.043 0.0095 -0.037 -0.042 0.016 -0.0335 -0.041 0.016 -0.037 -0.0405 0.022 -0.0335 -0.038 0.0215 -0.037 -0.0375 0.0275 -0.0335 -0.0345 0.027 -0.037 -0.034 0.0325 -0.0335 -0.03 0.0315 -0.037 -0.0295 0.0365 -0.0335 -0.025 0.036 -0.037 -0.0245 0.0395 -0.0335 -0.019 0.039 -0.037 -0.019 0.042 -0.0335 -0.013 0.0415 -0.037 -0.013 0.0435 -0.0335 -0.0065 0.043 -0.037 -0.0065 0.044 -0.0335 0 -0.022 -0.0335 0.038 -0.0175 -0.037 0.0395 -0.016 -0.0335 0.041 -0.01 -0.0335 0.043 -0.013 -0.0365 0.0415 -0.01 -0.036 0.0425 -0.0035 -0.0335 0.044 -0.0075 -0.036 0.043 -0.004 -0.0355 0.0435 0.0035 -0.0335 0.044 0 -0.0355 0.044 0.0035 -0.0355 0.0435 0.01 -0.0335 0.043 0.0075 -0.036 0.043 0.01 -0.0365 0.0425 0.0145 -0.0365 0.041 0.016 -0.0335 0.041 0.0175 -0.037 0.0395 -0.0395 -0.0335 0.019 0.0365 -0.0335 0.025 -0.012 -0.0435 0.0415 -0.009 -0.04 0.042 -0.0125 -0.04 0.041 -0.012 -0.0465 0.0435 -0.0085 -0.044 0.0435 -0.013 -0.0485 0.0465 -0.009 -0.047 0.046 -0.013 -0.0365 0.0415 -0.017 -0.04 0.039 -0.0165 -0.043 0.0395 -0.0165 -0.0455 0.0405 -0.017 -0.048 0.042 -0.0145 -0.0485 0.045 -0.0165 -0.041 0.039 -0.0175 -0.037 0.0395 -0.0095 -0.049 0.05 -0.01 -0.036 0.0425 -0.0065 -0.0475 0.048 -0.006 -0.0445 0.045 -0.0065 -0.0405 0.043 -0.0075 -0.036 0.043 -0.007 -0.0485 0.0525 -0.037 -0.048 -0.0145 -0.0385 -0.047 -0.0105 -0.037 -0.0475 -0.0145 -0.037 -0.047 -0.0145 -0.035 -0.0465 -0.019 -0.035 -0.0475 -0.019 -0.035 -0.048 -0.019 -0.0345 -0.0485 -0.0185 -0.0325 -0.047 -0.023 -0.0325 -0.0475 -0.0225 -0.032 -0.0485 -0.0225 -0.032 -0.049 -0.0225 -0.0295 -0.0475 -0.026 -0.0295 -0.048 -0.026 -0.0295 -0.0485 -0.026 -0.0295 -0.049 -0.026 -0.026 -0.048 -0.0295 -0.026 -0.0485 -0.0295 -0.026 -0.049 -0.029 -0.028 -0.0495 -0.0275 -0.026 -0.0495 -0.029 -0.0225 -0.0485 -0.032 -0.0225 -0.049 -0.032 -0.0225 -0.0495 -0.032 -0.0225 -0.05 -0.032 -0.019 -0.049 -0.034 -0.019 -0.0495 -0.034 -0.019 -0.05 -0.034 -0.021 -0.05 -0.033 -0.0145 -0.0495 -0.036 -0.0145 -0.05 -0.036 -0.0145 -0.0505 -0.036 -0.01 -0.05 -0.0375 -0.01 -0.0505 -0.0375 -0.013 -0.0505 -0.0365 -0.006 -0.0505 -0.0385 -0.006 -0.051 -0.038 -0.0015 -0.0505 -0.0385 -0.0045 -0.051 -0.0385 -0.0015 -0.051 -0.0385 0.003 -0.051 -0.0385 0.003 -0.0505 -0.0385 0.007 -0.0505 -0.038 0.0045 -0.051 -0.0385 0.007 -0.051 -0.038 0.0115 -0.05 -0.037 0.0115 -0.0505 -0.037 0.016 -0.05 -0.0355 0.016 -0.0495 -0.0355 0.013 -0.0505 -0.0365 0.016 -0.0505 -0.0355 0.02 -0.0495 -0.0335 0.02 -0.049 -0.034 0.0195 -0.05 -0.0335 0.0235 -0.049 -0.031 0.0235 -0.0485 -0.0315 0.0235 -0.0495 -0.031 0.0275 -0.0485 -0.0285 0.0275 -0.048 -0.0285 0.027 -0.049 -0.028 0.027 -0.0495 -0.028 0.03 -0.048 -0.0255 0.0305 -0.0475 -0.0255 0.03 -0.0485 -0.025 0.03 -0.049 -0.025 0.033 -0.0475 -0.0215 0.033 -0.047 -0.022 0.033 -0.048 -0.0215 0.033 -0.0485 -0.0215 0.0355 -0.047 -0.0175 0.0355 -0.0465 -0.018 0.0355 -0.048 -0.0175 0.0355 -0.0485 -0.0175 0.037 -0.047 -0.014 0.0375 -0.046 -0.014 0.037 -0.0475 -0.014 0.037 -0.048 -0.014 0.039 -0.0465 -0.0095 0.039 -0.0455 -0.0095 0.0385 -0.047 -0.0095 0.0385 -0.048 -0.0095 0.0395 -0.046 -0.005 0.04 -0.045 -0.005 0.0395 -0.0465 -0.005 0.0395 -0.0475 -0.005 0.04 -0.0455 -0.001 0.0405 -0.0445 -0.001 0.04 -0.0465 -0.0005 0.04 -0.0475 -0.0005 0.04 -0.045 0.004 0.0405 -0.044 0.004 0.04 -0.046 0.004 0.04 -0.047 0.004 0.0405 -0.044 0.005 0.0395 -0.0445 0.0085 0.0395 -0.046 0.0085 0.0395 -0.047 0.009 0.04 -0.0435 0.0085 0.0385 -0.044 0.0125 0.0385 -0.0455 0.013 0.0385 -0.047 0.013 0.039 -0.043 0.0125 0.037 -0.0435 0.0175 0.037 -0.045 0.0175 0.037 -0.0465 0.0175 0.0375 -0.042 0.0175 0.035 -0.043 0.0215 0.0345 -0.045 0.0215 0.0345 -0.0465 0.022 0.0355 -0.0415 0.0215 0.0325 -0.0425 0.0255 0.0325 -0.0445 0.0255 0.0325 -0.0465 0.0255 0.033 -0.041 0.0255 0.0295 -0.042 0.029 0.029 -0.0445 0.0295 0.0295 -0.0465 0.03 0.03 -0.04 0.0295 0.026 -0.0415 0.0325 0.0255 -0.0445 0.033 0.026 -0.047 0.0335 0.0265 -0.039 0.033 0.0225 -0.0415 0.0355 0.022 -0.0445 0.036 0.0225 -0.0475 0.037 0.019 -0.0375 0.039 0.018 -0.041 0.0385 0.018 -0.0445 0.039 0.0185 -0.048 0.041 0.0175 -0.037 0.0395 0.0165 -0.041 0.039 0.0165 -0.043 0.0395 0.0165 -0.0455 0.0405 0.0165 -0.045 0.04 0.017 -0.048 0.042 -0.0385 -0.0465 -0.0105 0.023 -0.0385 0.036 -0.037 -0.046 -0.015 -0.0385 -0.048 -0.01 -0.0385 -0.0455 -0.0105 -0.0395 -0.047 -0.006 -0.0395 -0.0475 -0.0055 -0.0395 -0.046 -0.006 -0.04 -0.045 -0.006 -0.04 -0.0465 -0.001 -0.04 -0.0475 -0.001 -0.04 -0.0455 -0.001 -0.0405 -0.0445 -0.0015 -0.04 -0.046 0.0035 -0.04 -0.047 0.004 -0.04 -0.045 0.0035 -0.0405 -0.044 0.0035 -0.0395 -0.046 0.0085 -0.0395 -0.047 0.0085 -0.0395 -0.0445 0.0085 -0.0385 -0.0455 0.013 -0.0385 -0.047 0.013 -0.0315 -0.0405 0.0275 -0.0275 -0.042 0.031 -0.0285 -0.0395 0.0315 -0.0385 -0.044 0.013 -0.04 -0.0435 0.0085 -0.038 -0.0455 0.0135 -0.038 -0.047 0.0135 -0.0385 -0.044 0.0135 -0.039 -0.0425 0.013 -0.0365 -0.045 0.018 -0.0365 -0.0465 0.0185 -0.0365 -0.0435 0.018 -0.0385 -0.0425 0.0135 -0.034 -0.045 0.0225 -0.0345 -0.0465 0.0225 -0.0345 -0.043 0.0225 -0.037 -0.042 0.018 -0.0315 -0.0445 0.0265 -0.0315 -0.0465 0.027 -0.032 -0.0425 0.0265 -0.035 -0.0415 0.0225 -0.0305 -0.0445 0.0275 -0.031 -0.0465 0.028 -0.031 -0.0425 0.0275 -0.0325 -0.0405 0.0265 -0.0275 -0.0445 0.031 -0.0275 -0.047 0.032 -0.0235 -0.0445 0.0345 -0.024 -0.047 0.0355 -0.024 -0.0415 0.0345 -0.0195 -0.0445 0.038 -0.02 -0.0475 0.0395 -0.02 -0.041 0.037 -0.0205 -0.0375 0.0375 -0.0165 -0.0455 0.0405 -0.0165 -0.043 0.0395 -0.0165 -0.041 0.039 -0.017 -0.04 0.039 -0.0175 -0.037 0.0395 -0.017 -0.048 0.042 -0.0245 -0.0385 0.0345 -0.0035 -0.047 0.049 -0.007 -0.0485 0.0525 -0.0035 -0.048 0.053 -0.006 -0.0445 0.045 -0.0035 -0.04 0.0435 -0.0065 -0.0405 0.043 -0.004 -0.0355 0.0435 -0.0075 -0.036 0.043 0 -0.047 0.049 0 -0.048 0.0535 0 -0.044 0.0455 0 -0.04 0.0435 -0.003 -0.0445 0.0455 0 -0.0355 0.044 0.0035 -0.048 0.0535 0.003 -0.047 0.049 0.003 -0.0445 0.0455 0.003 -0.04 0.0435 0.007 -0.0485 0.0525 0.0065 -0.0475 0.048 0.006 -0.0445 0.045 0.0065 -0.0405 0.043 0.0035 -0.0355 0.0435 0.0075 -0.036 0.043 -0.0065 -0.0475 0.048 0.006 -0.0445 0.045 0.009 -0.047 0.046 0.009 -0.044 0.0435 0.0065 -0.0475 0.048 0.0065 -0.0405 0.043 0.009 -0.04 0.042 0.0075 -0.036 0.043 0.0125 -0.0485 0.0465 0.0135 -0.046 0.0425 0.01 -0.049 0.0495 0.0135 -0.0435 0.041 0.014 -0.04 0.0405 0.01 -0.0365 0.0425 0.017 -0.048 0.042 0.0165 -0.0455 0.0405 0.0165 -0.045 0.04 0.0165 -0.043 0.0395 0.0175 -0.037 0.0395 0.0145 -0.0365 0.041 0.0165 -0.041 0.039 0.014 -0.0485 0.045 0.007 -0.0485 0.0525 -0.04 -0.0265 0.0015 -0.044 -0.027 0.0015 -0.044 -0.0265 0.0015 -0.04 -0.027 0.0015 -0.044 -0.0275 0.0015 -0.04 -0.0275 0.0015 -0.04 -0.026 0.001 -0.044 -0.026 0.001 -0.04 -0.026 0.0005 -0.044 -0.026 0.0005 -0.04 -0.026 0 -0.044 -0.026 0 -0.044 -0.026 -0.0005 -0.04 -0.026 -0.0005 -0.044 -0.026 -0.001 -0.04 -0.026 -0.001 -0.044 -0.0265 -0.0015 -0.04 -0.0265 -0.0015 -0.04 -0.027 -0.0015 -0.044 -0.0275 -0.0015 -0.04 -0.0275 -0.0015 -0.044 -0.027 -0.0015 -0.04 -0.0285 -0.0015 -0.044 -0.028 -0.0015 -0.044 -0.0285 -0.0015 -0.04 -0.028 -0.0015 -0.04 -0.029 -0.001 -0.044 -0.029 -0.001 -0.04 -0.029 -0.0005 -0.044 -0.029 -0.0005 -0.04 -0.029 0 -0.044 -0.029 0 -0.044 -0.029 0.0005 -0.04 -0.029 0.0005 -0.044 -0.029 0.001 -0.04 -0.029 0.001 -0.044 -0.0285 0.0015 -0.04 -0.0285 0.0015 -0.04 -0.028 0.0015 -0.044 -0.028 0.0015 0.044 -0.026 0.0005 0.04 -0.026 0 0.044 -0.026 0 0.044 -0.0265 0.0015 0.04 -0.026 0.001 0.044 -0.026 0.001 0.044 -0.0275 0.0015 0.04 -0.027 0.0015 0.044 -0.027 0.0015 0.044 -0.028 0.0015 0.04 -0.0285 0.0015 0.04 -0.028 0.0015 0.044 -0.0285 0.0015 0.04 -0.029 0.001 0.044 -0.029 0.001 0.04 -0.029 0.0005 0.044 -0.029 -0.0005 0.04 -0.029 0 0.044 -0.029 0 0.044 -0.0285 -0.0015 0.04 -0.029 -0.001 0.044 -0.029 -0.001 0.044 -0.0275 -0.0015 0.04 -0.028 -0.0015 0.044 -0.028 -0.0015 0.044 -0.027 -0.0015 0.04 -0.0265 -0.0015 0.04 -0.027 -0.0015 0.044 -0.0265 -0.0015 0.04 -0.026 -0.001 0.044 -0.026 -0.001 0.04 -0.026 -0.0005 0.044 -0.026 -0.0005 0.04 -0.0275 -0.0015 0.04 -0.0285 -0.0015 0.04 -0.029 -0.0005 0.044 -0.029 0.0005 0.04 -0.0275 0.0015 0.04 -0.0265 0.0015 0.04 -0.026 0.0005 -0.0015 -0.0285 0.04 -0.0015 -0.028 0.044 -0.0015 -0.0285 0.044 -0.0015 -0.028 0.04 -0.0015 -0.0275 0.044 -0.0015 -0.0275 0.04 -0.001 -0.029 0.04 -0.001 -0.029 0.044 -0.0005 -0.029 0.04 -0.0005 -0.029 0.044 0 -0.029 0.04 0 -0.029 0.044 0.0005 -0.029 0.044 0.0005 -0.029 0.04 0.001 -0.029 0.044 0.001 -0.029 0.04 0.0015 -0.0285 0.044 0.0015 -0.0285 0.04 0.0015 -0.028 0.04 0.0015 -0.0275 0.044 0.0015 -0.0275 0.04 0.0015 -0.028 0.044 0.0015 -0.0265 0.04 0.0015 -0.027 0.044 0.0015 -0.0265 0.044 0.0015 -0.027 0.04 0.001 -0.026 0.04 0.001 -0.026 0.044 0.0005 -0.026 0.04 0.0005 -0.026 0.044 0 -0.026 0.04 0 -0.026 0.044 -0.0005 -0.026 0.044 -0.0005 -0.026 0.04 -0.001 -0.026 0.044 -0.001 -0.026 0.04 -0.0015 -0.0265 0.044 -0.0015 -0.0265 0.04 -0.0015 -0.027 0.04 -0.0015 -0.027 0.044 -0.0015 -0.0265 -0.04 -0.0015 -0.027 -0.044 -0.0015 -0.0265 -0.044 -0.0015 -0.0275 -0.044 -0.0015 -0.027 -0.04 -0.0015 -0.0275 -0.04 -0.001 -0.026 -0.04 -0.001 -0.026 -0.044 -0.0005 -0.026 -0.04 -0.0005 -0.026 -0.044 0 -0.026 -0.04 0 -0.026 -0.044 0.0005 -0.026 -0.044 0.0005 -0.026 -0.04 0.001 -0.026 -0.044 0.001 -0.026 -0.04 0.0015 -0.0265 -0.044 0.0015 -0.0265 -0.04 0.0015 -0.027 -0.04 0.0015 -0.0275 -0.044 0.0015 -0.0275 -0.04 0.0015 -0.027 -0.044 0.0015 -0.0285 -0.04 0.0015 -0.028 -0.044 0.0015 -0.0285 -0.044 0.0015 -0.028 -0.04 0.001 -0.029 -0.04 0.001 -0.029 -0.044 0.0005 -0.029 -0.04 0.0005 -0.029 -0.044 0 -0.029 -0.04 0 -0.029 -0.044 -0.0005 -0.029 -0.044 -0.0005 -0.029 -0.04 -0.001 -0.029 -0.044 -0.001 -0.029 -0.04 -0.0015 -0.0285 -0.044 -0.0015 -0.0285 -0.04 -0.0015 -0.028 -0.04 -0.0015 -0.028 -0.044 0 -0.128 0.0675 0.006 -0.13 0.075 0 -0.1305 0.075 0.0055 -0.1275 0.0675 0.012 -0.1285 0.075 0.0175 -0.1265 0.075 0.0125 -0.126 0.0675 0.0165 -0.1245 0.0675 0.023 -0.1235 0.075 0.0275 -0.12 0.075 0.0235 -0.1205 0.0675 0.026 -0.118 0.0675 0.032 -0.1155 0.075 0.0355 -0.111 0.075 0.0325 -0.1115 0.0675 0.0335 -0.1095 0.0675 0.0385 -0.1055 0.075 0.0405 -0.1 0.075 0.038 -0.1005 0.0675 0.0385 -0.0995 0.0675 0.042 -0.094 0.075 0.0395 -0.0935 0.0675 0.0425 -0.088 0.075 0.04 -0.088 0.0675 0.042 -0.082 0.075 0.0395 -0.0825 0.0675 0.0405 -0.076 0.075 0.0385 -0.0705 0.075 0.038 -0.0755 0.0675 0.0365 -0.0715 0.0675 0.0355 -0.065 0.075 0.032 -0.0605 0.075 0.0325 -0.0645 0.0675 0.03 -0.062 0.0675 0.0275 -0.056 0.075 0.023 -0.0525 0.075 0.0235 -0.0555 0.0675 0.0215 -0.0545 0.0675 0.0175 -0.0495 0.075 0.012 -0.0475 0.075 0.0125 -0.05 0.0675 0.0115 -0.0495 0.0675 0.006 -0.046 0.075 0.0055 -0.0485 0.0675 0 -0.0455 0.075 0 -0.048 0.0675 -0.006 -0.046 0.075 -0.0055 -0.0485 0.0675 -0.012 -0.0475 0.075 -0.0175 -0.0495 0.075 -0.0125 -0.05 0.0675 -0.0165 -0.0515 0.0675 -0.023 -0.0525 0.075 -0.0275 -0.056 0.075 -0.0235 -0.0555 0.0675 -0.026 -0.058 0.0675 -0.032 -0.0605 0.075 -0.0355 -0.065 0.075 -0.0325 -0.0645 0.0675 -0.0335 -0.0665 0.0675 -0.0385 -0.0705 0.075 -0.0405 -0.076 0.075 -0.038 -0.0755 0.0675 -0.0385 -0.0765 0.0675 -0.042 -0.082 0.075 -0.0395 -0.0825 0.0675 -0.0425 -0.088 0.075 -0.04 -0.088 0.0675 -0.042 -0.094 0.075 -0.0395 -0.0935 0.0675 -0.0405 -0.1 0.075 -0.0385 -0.1055 0.075 -0.038 -0.1005 0.0675 -0.0365 -0.1045 0.0675 -0.0355 -0.111 0.075 -0.032 -0.1155 0.075 -0.0325 -0.1115 0.0675 -0.03 -0.114 0.0675 -0.0275 -0.12 0.075 -0.023 -0.1235 0.075 -0.0235 -0.1205 0.0675 -0.0215 -0.1215 0.0675 -0.0175 -0.1265 0.075 -0.012 -0.1285 0.075 -0.0125 -0.126 0.0675 -0.0115 -0.1265 0.0675 -0.006 -0.13 0.075 -0.0055 -0.1275 0.0675 0.0065 -0.1325 0.0825 0 -0.133 0.0825 0.0125 -0.131 0.0825 0.0185 -0.129 0.0825 0.0245 -0.126 0.0825 0.0295 -0.122 0.0825 0.034 -0.1175 0.0825 0.038 -0.1125 0.0825 0.041 -0.1065 0.0825 0.043 -0.1005 0.0825 0.0445 -0.0945 0.0825 0.045 -0.088 0.0825 0.0445 -0.0815 0.0825 0.043 -0.0755 0.0825 0.041 -0.0695 0.0825 0.038 -0.0635 0.0825 0.034 -0.0585 0.0825 0.0295 -0.054 0.0825 0.0245 -0.05 0.0825 0.0185 -0.047 0.0825 0.0125 -0.045 0.0825 0.0065 -0.0435 0.0825 0 -0.043 0.0825 -0.0065 -0.0435 0.0825 -0.0125 -0.045 0.0825 -0.0185 -0.047 0.0825 -0.0245 -0.05 0.0825 -0.0295 -0.054 0.0825 -0.034 -0.0585 0.0825 -0.038 -0.0635 0.0825 -0.041 -0.0695 0.0825 -0.043 -0.0755 0.0825 -0.0445 -0.0815 0.0825 -0.045 -0.088 0.0825 -0.0445 -0.0945 0.0825 -0.043 -0.1005 0.0825 -0.041 -0.1065 0.0825 -0.038 -0.1125 0.0825 -0.034 -0.1175 0.0825 -0.0295 -0.122 0.0825 -0.0245 -0.126 0.0825 -0.0185 -0.129 0.0825 -0.0125 -0.131 0.0825 -0.0065 -0.1325 0.0825 0.0115 -0.1265 0.0675 0.0215 -0.1215 0.0675 0.03 -0.114 0.0675 0.0365 -0.1045 0.0675 0.0385 -0.0765 0.0675 0.0335 -0.0665 0.0675 0.026 -0.058 0.0675 0.0165 -0.0515 0.0675 -0.0115 -0.0495 0.0675 -0.0215 -0.0545 0.0675 -0.03 -0.062 0.0675 -0.0365 -0.0715 0.0675 -0.0385 -0.0995 0.0675 -0.0335 -0.1095 0.0675 -0.026 -0.118 0.0675 -0.0165 -0.1245 0.0675 -0.0085 -0.122 0.075 -0.003 -0.1295 0.075 0.003 -0.123 0.075 -0.019 -0.1175 0.075 -0.015 -0.1265 0.075 0.009 -0.1285 0.075 0.014 -0.12 0.075 0.0205 -0.124 0.075 0.0235 -0.114 0.075 0.0305 -0.116 0.075 0.031 -0.1045 0.075 0.0375 -0.106 0.075 0.0345 -0.094 0.075 0.041 -0.094 0.075 0.0345 -0.082 0.075 0.041 -0.082 0.075 0.0375 -0.07 0.075 0.031 -0.0715 0.075 0.0305 -0.06 0.075 0.0235 -0.062 0.075 0.0205 -0.052 0.075 0.014 -0.056 0.075 -0.0085 -0.054 0.075 -0.003 -0.0465 0.075 -0.015 -0.0495 0.075 0.003 -0.053 0.075 0.009 -0.0475 0.075 -0.019 -0.0585 0.075 -0.026 -0.0555 0.075 -0.0275 -0.0665 0.075 -0.0345 -0.0645 0.075 -0.033 -0.0765 0.075 -0.0395 -0.076 0.075 -0.033 -0.0995 0.075 -0.0345 -0.1115 0.075 -0.0275 -0.1095 0.075 -0.026 -0.1205 0.075 -0.035 -0.088 0.075 -0.0415 -0.088 0.075 -0.0395 -0.1 0.075 -0.026 -0.0555 0.0925 -0.0185 -0.047 0.0925 -0.0295 -0.054 0.0925 0.009 -0.0475 0.0925 0.0185 -0.047 0.0925 0.0065 -0.0435 0.0925 0.0205 -0.052 0.0925 0.0295 -0.054 0.0925 0.0305 -0.06 0.0925 0.038 -0.0635 0.0925 0.043 -0.0755 0.0925 0.0375 -0.07 0.0925 0.041 -0.082 0.0925 0.045 -0.088 0.0925 0.041 -0.094 0.0925 0.043 -0.1005 0.0925 0.0375 -0.106 0.0925 0.038 -0.1125 0.0925 0.0305 -0.116 0.0925 -0.003 -0.0465 0.0925 -0.0065 -0.0435 0.0925 -0.015 -0.0495 0.0925 -0.0345 -0.0645 0.0925 -0.0395 -0.076 0.0925 -0.038 -0.0635 0.0925 -0.043 -0.0755 0.0925 -0.0395 -0.1 0.0925 -0.038 -0.1125 0.0925 -0.0345 -0.1115 0.0925 -0.0295 -0.122 0.0925 -0.026 -0.1205 0.0925 -0.003 -0.1295 0.0925 0.0065 -0.1325 0.0925 0.009 -0.1285 0.0925 0.0185 -0.129 0.0925 0.0205 -0.124 0.0925 -0.0415 -0.088 0.0925 -0.045 -0.088 0.0925 -0.043 -0.1005 0.0925 -0.0185 -0.129 0.0925 -0.015 -0.1265 0.0925 -0.0065 -0.1325 0.0925 0.0295 -0.122 0.0925 -0.0065 -0.0435 0.0925 -0.0015 -0.043 0.089 -0.0015 -0.043 0.0885 0.043 -0.1005 0.0925 0.041 -0.1065 0.0825 0.043 -0.1005 0.0825 0.038 -0.1125 0.0925 0.034 -0.1175 0.0825 0.038 -0.1125 0.0825 0.0295 -0.122 0.0925 0.0245 -0.126 0.0825 0.0295 -0.122 0.0825 0.0185 -0.129 0.0925 0.0125 -0.131 0.0825 0.0185 -0.129 0.0825 0.0065 -0.1325 0.0925 0.0015 -0.133 0.089 0.0015 -0.133 0.0885 -0.0065 -0.1325 0.0925 -0.0125 -0.131 0.0825 -0.0065 -0.1325 0.0825 -0.0185 -0.129 0.0925 -0.0245 -0.126 0.0825 -0.0185 -0.129 0.0825 -0.0295 -0.122 0.0925 -0.034 -0.1175 0.0825 -0.0295 -0.122 0.0825 -0.038 -0.1125 0.0925 -0.041 -0.1065 0.0825 -0.038 -0.1125 0.0825 -0.043 -0.0755 0.0925 -0.041 -0.0695 0.0825 -0.043 -0.0755 0.0825 -0.038 -0.0635 0.0925 -0.034 -0.0585 0.0825 -0.038 -0.0635 0.0825 -0.0295 -0.054 0.0925 -0.0245 -0.05 0.0825 -0.0295 -0.054 0.0825 -0.0185 -0.047 0.0925 -0.0125 -0.045 0.0825 -0.0185 -0.047 0.0825 -0.045 -0.0865 0.088 -0.045 -0.0865 0.0875 0.0065 -0.0435 0.0925 0.0125 -0.045 0.0825 0.0065 -0.0435 0.0825 0.0185 -0.047 0.0925 0.0245 -0.05 0.0825 0.0185 -0.047 0.0825 0.0065 -0.1325 0.0825 0.0015 -0.133 0.0895 0.001 -0.133 0.09 0 -0.133 0.09 0.0005 -0.133 0.09 -0.0005 -0.133 0.09 -0.001 -0.133 0.09 -0.0015 -0.133 0.0895 -0.0015 -0.133 0.0885 -0.0015 -0.133 0.088 -0.0015 -0.133 0.089 -0.0015 -0.133 0.0875 -0.001 -0.133 0.087 0 -0.133 0.0825 -0.0005 -0.133 0.087 0 -0.133 0.087 0.001 -0.133 0.087 0.0005 -0.133 0.087 0.0015 -0.133 0.0875 0.0015 -0.133 0.088 -0.043 -0.1005 0.0925 -0.043 -0.1005 0.0825 -0.0065 -0.0435 0.0825 -0.0015 -0.043 0.0895 -0.001 -0.043 0.09 0 -0.043 0.09 -0.0005 -0.043 0.09 0.0005 -0.043 0.09 0.001 -0.043 0.09 0.0015 -0.043 0.0895 0.0015 -0.043 0.0885 0.0015 -0.043 0.088 0.0015 -0.043 0.089 0.0015 -0.043 0.0875 0.001 -0.043 0.087 0 -0.043 0.0825 0.0005 -0.043 0.087 0 -0.043 0.087 -0.001 -0.043 0.087 -0.0005 -0.043 0.087 -0.0015 -0.043 0.0875 -0.0015 -0.043 0.088 0.0295 -0.054 0.0925 0.0295 -0.054 0.0825 0.034 -0.0585 0.0825 0.038 -0.0635 0.0925 0.038 -0.0635 0.0825 0.041 -0.0695 0.0825 0.043 -0.0755 0.0925 0.043 -0.0755 0.0825 -0.045 -0.089 0.087 -0.045 -0.088 0.0825 -0.0445 -0.0945 0.0825 -0.045 -0.0885 0.087 -0.045 -0.0895 0.0875 -0.045 -0.0895 0.0885 -0.045 -0.0895 0.088 -0.045 -0.0895 0.089 -0.045 -0.0895 0.0895 -0.045 -0.089 0.09 -0.045 -0.088 0.0925 -0.045 -0.0885 0.09 -0.045 -0.088 0.09 -0.045 -0.087 0.09 -0.045 -0.0875 0.09 -0.045 -0.0865 0.0895 -0.045 -0.0865 0.0885 -0.045 -0.0865 0.089 -0.0445 -0.0815 0.0825 -0.045 -0.087 0.087 -0.045 -0.0875 0.087 -0.045 -0.088 0.087 0.045 -0.087 0.087 0.045 -0.088 0.0825 0.0445 -0.0815 0.0825 0.045 -0.0875 0.087 0.045 -0.0865 0.0875 0.045 -0.0865 0.0885 0.045 -0.0865 0.088 0.045 -0.0865 0.089 0.045 -0.0865 0.0895 0.045 -0.087 0.09 0.045 -0.088 0.0925 0.045 -0.0875 0.09 0.045 -0.088 0.09 0.045 -0.089 0.09 0.045 -0.0885 0.09 0.045 -0.0895 0.0895 0.045 -0.0895 0.0885 0.045 -0.0895 0.088 0.045 -0.0895 0.0875 0.045 -0.0895 0.089 0.0445 -0.0945 0.0825 0.045 -0.089 0.087 0.045 -0.0885 0.087 0.045 -0.088 0.087 0.045 -0.0895 0.088 0.0415 -0.0895 0.0875 0.0415 -0.0895 0.088 0.0415 -0.0885 0.09 0.045 -0.089 0.09 0.0415 -0.089 0.09 0.045 -0.0885 0.09 0.045 -0.0895 0.0895 0.0415 -0.0895 0.0895 0.0415 -0.0895 0.089 0.045 -0.0895 0.0885 0.0415 -0.0895 0.0885 0.045 -0.0895 0.089 0.045 -0.0895 0.0875 0.0415 -0.089 0.087 0.045 -0.089 0.087 0.0415 -0.0885 0.087 0.045 -0.0885 0.087 0.0415 -0.088 0.087 0.045 -0.088 0.087 0.045 -0.0875 0.087 0.0415 -0.0875 0.087 0.045 -0.087 0.087 0.0415 -0.087 0.087 0.045 -0.0865 0.0875 0.0415 -0.0865 0.0875 0.0415 -0.0865 0.088 0.045 -0.0865 0.0885 0.0415 -0.0865 0.0885 0.045 -0.0865 0.088 0.0415 -0.0865 0.0895 0.045 -0.0865 0.089 0.045 -0.0865 0.0895 0.0415 -0.0865 0.089 0.0415 -0.087 0.09 0.045 -0.087 0.09 0.0415 -0.0875 0.09 0.045 -0.0875 0.09 0.0415 -0.088 0.09 0.045 -0.088 0.09 -0.045 -0.0865 0.0875 -0.0415 -0.087 0.087 -0.0415 -0.0865 0.0875 -0.045 -0.087 0.087 -0.0415 -0.0875 0.087 -0.045 -0.0885 0.087 -0.0415 -0.088 0.087 -0.045 -0.088 0.087 -0.045 -0.0895 0.0875 -0.0415 -0.089 0.087 -0.045 -0.089 0.087 -0.045 -0.0895 0.0885 -0.0415 -0.0895 0.088 -0.045 -0.0895 0.088 -0.045 -0.0895 0.089 -0.0415 -0.0895 0.0895 -0.0415 -0.0895 0.089 -0.045 -0.0895 0.0895 -0.0415 -0.089 0.09 -0.045 -0.089 0.09 -0.0415 -0.0885 0.09 -0.045 -0.0885 0.09 -0.0415 -0.088 0.09 -0.045 -0.088 0.09 -0.0415 -0.0895 0.0885 -0.0415 -0.0895 0.0875 -0.045 -0.0875 0.09 -0.045 -0.0865 0.088 -0.0415 -0.0865 0.088 -0.0415 -0.0885 0.087 -0.045 -0.0875 0.087 -0.045 -0.0865 0.0885 -0.0415 -0.0865 0.0885 -0.045 -0.0865 0.089 -0.0415 -0.0865 0.0895 -0.045 -0.0865 0.0895 -0.0415 -0.0865 0.089 -0.0415 -0.087 0.09 -0.045 -0.087 0.09 -0.0415 -0.0875 0.09 0.0015 -0.043 0.088 0.0015 -0.0465 0.0875 0.0015 -0.0465 0.088 0 -0.0465 0.09 0.0005 -0.043 0.09 0.0005 -0.0465 0.09 0.001 -0.043 0.09 0.001 -0.0465 0.09 0.0015 -0.043 0.0895 0.0015 -0.0465 0.0895 0.0015 -0.0465 0.089 0.0015 -0.043 0.0885 0.0015 -0.0465 0.0885 0.0015 -0.043 0.089 0.0015 -0.043 0.0875 0.001 -0.0465 0.087 0.001 -0.043 0.087 0.0005 -0.0465 0.087 0.0005 -0.043 0.087 0 -0.0465 0.087 0 -0.043 0.087 -0.0005 -0.043 0.087 -0.0005 -0.0465 0.087 -0.001 -0.043 0.087 -0.001 -0.0465 0.087 -0.0015 -0.043 0.0875 -0.0015 -0.0465 0.0875 -0.0015 -0.0465 0.088 -0.0015 -0.043 0.0885 -0.0015 -0.0465 0.0885 -0.0015 -0.043 0.088 -0.0015 -0.043 0.089 -0.0015 -0.0465 0.0895 -0.0015 -0.0465 0.089 -0.0015 -0.043 0.0895 -0.001 -0.0465 0.09 -0.001 -0.043 0.09 -0.0005 -0.0465 0.09 -0.0005 -0.043 0.09 0 -0.043 0.09 0 -0.1295 0.09 -0.0005 -0.133 0.09 -0.0005 -0.1295 0.09 -0.001 -0.133 0.09 -0.001 -0.1295 0.09 -0.0015 -0.133 0.0895 -0.0015 -0.1295 0.0895 -0.0015 -0.1295 0.089 -0.0015 -0.133 0.0885 -0.0015 -0.1295 0.0885 -0.0015 -0.133 0.089 -0.0015 -0.1295 0.0875 -0.0015 -0.133 0.088 -0.0015 -0.133 0.0875 -0.0015 -0.1295 0.088 -0.001 -0.1295 0.087 -0.001 -0.133 0.087 -0.0005 -0.1295 0.087 -0.0005 -0.133 0.087 0 -0.1295 0.087 0 -0.133 0.087 0.0005 -0.133 0.087 0.0005 -0.1295 0.087 0.001 -0.133 0.087 0.001 -0.1295 0.087 0.0015 -0.133 0.0875 0.0015 -0.1295 0.0875 0.0015 -0.1295 0.088 0.0015 -0.133 0.0885 0.0015 -0.1295 0.0885 0.0015 -0.133 0.088 0.0015 -0.1295 0.0895 0.0015 -0.133 0.089 0.0015 -0.133 0.0895 0.0015 -0.1295 0.089 0.001 -0.1295 0.09 0.001 -0.133 0.09 0.0005 -0.1295 0.09 0.0005 -0.133 0.09 0 -0.133 0.09 -0.0345 -0.0645 0.0925 -0.0395 -0.076 0.075 -0.0345 -0.0645 0.075 -0.026 -0.0555 0.0925 -0.026 -0.0555 0.075 -0.015 -0.0495 0.0925 -0.015 -0.0495 0.075 -0.003 -0.0465 0.0925 -0.003 -0.0465 0.075 0.009 -0.0475 0.0925 0.0015 -0.0465 0.089 0.0015 -0.0465 0.0885 0.0205 -0.052 0.0925 0.009 -0.0475 0.075 0.0205 -0.052 0.075 0.0305 -0.06 0.0925 0.0305 -0.06 0.075 0.0375 -0.07 0.0925 0.0375 -0.07 0.075 0.041 -0.082 0.0925 0.041 -0.082 0.075 0.041 -0.094 0.0925 0.0415 -0.0895 0.089 0.0415 -0.0895 0.0885 0.0375 -0.106 0.0925 0.041 -0.094 0.075 0.0375 -0.106 0.075 0.0305 -0.116 0.0925 0.0305 -0.116 0.075 0.0205 -0.124 0.0925 0.0205 -0.124 0.075 0.009 -0.1285 0.0925 0.009 -0.1285 0.075 -0.003 -0.1295 0.0925 -0.0015 -0.1295 0.089 -0.0015 -0.1295 0.0885 -0.015 -0.1265 0.0925 -0.003 -0.1295 0.075 -0.015 -0.1265 0.075 -0.026 -0.1205 0.0925 -0.026 -0.1205 0.075 -0.0345 -0.1115 0.0925 -0.0345 -0.1115 0.075 -0.0395 -0.1 0.0925 -0.0395 -0.1 0.075 -0.0415 -0.088 0.075 -0.0415 -0.0875 0.087 -0.0415 -0.088 0.087 -0.0415 -0.088 0.0925 -0.0415 -0.0885 0.09 -0.0415 -0.088 0.09 -0.0415 -0.0895 0.0895 -0.0415 -0.089 0.09 -0.0415 -0.0885 0.087 -0.0415 -0.089 0.087 -0.0415 -0.0895 0.0875 -0.0415 -0.0895 0.089 -0.0415 -0.0895 0.088 -0.0415 -0.0895 0.0885 -0.0415 -0.0865 0.088 -0.0415 -0.0865 0.0875 -0.0395 -0.076 0.0925 -0.0415 -0.087 0.09 -0.0415 -0.0865 0.0895 -0.0415 -0.0875 0.09 -0.0415 -0.0865 0.089 -0.0415 -0.0865 0.0885 -0.0415 -0.087 0.087 -0.0015 -0.1295 0.088 -0.0015 -0.1295 0.0875 -0.001 -0.1295 0.09 -0.0015 -0.1295 0.0895 -0.001 -0.1295 0.087 0.0015 -0.1295 0.0895 0.001 -0.1295 0.09 0.001 -0.1295 0.087 0.0015 -0.1295 0.0875 0.0005 -0.1295 0.087 -0.0005 -0.1295 0.087 0 -0.1295 0.087 0.0015 -0.1295 0.089 0.0015 -0.1295 0.088 0.0015 -0.1295 0.0885 -0.0005 -0.1295 0.09 0.0005 -0.1295 0.09 0 -0.1295 0.09 0.0415 -0.0895 0.088 0.0415 -0.0895 0.0875 0.0415 -0.0865 0.0895 0.0415 -0.087 0.09 0.0415 -0.089 0.087 0.0415 -0.087 0.087 0.0415 -0.0865 0.0875 0.0415 -0.0875 0.087 0.0415 -0.0885 0.087 0.0415 -0.088 0.087 0.0415 -0.0865 0.089 0.0415 -0.0865 0.088 0.0415 -0.0865 0.0885 0.0415 -0.089 0.09 0.0415 -0.0895 0.0895 0.0415 -0.0885 0.09 0.0415 -0.088 0.09 0.0415 -0.0875 0.09 -0.0015 -0.0465 0.0895 -0.001 -0.0465 0.09 0.0015 -0.0465 0.088 0.0015 -0.0465 0.0875 -0.001 -0.0465 0.087 -0.0015 -0.0465 0.0875 -0.0005 -0.0465 0.087 0.001 -0.0465 0.087 0.0005 -0.0465 0.087 0 -0.0465 0.087 -0.0015 -0.0465 0.089 -0.0015 -0.0465 0.0885 -0.0015 -0.0465 0.088 0.001 -0.0465 0.09 0.0015 -0.0465 0.0895 0.0005 -0.0465 0.09 -0.0005 -0.0465 0.09 0 -0.0465 0.09 -0.0475 -0.094 0.2515 -0.0215 -0.0465 0.2515 -0.0475 -0.082 0.2515 -0.0445 -0.0705 0.2515 -0.0445 -0.1055 0.2515 -0.0215 -0.1295 0.2515 -0.0415 -0.0585 0.2515 -0.0415 -0.1175 0.2515 -0.04 -0.1295 0.2515 -0.04 -0.0465 0.2515 0.0215 -0.1295 0.2515 0.0475 -0.094 0.2515 0.0475 -0.082 0.2515 0.0445 -0.0705 0.2515 0.0215 -0.0465 0.2515 0.0445 -0.1055 0.2515 0.0415 -0.1175 0.2515 0.0415 -0.0585 0.2515 0.04 -0.1295 0.2515 0.04 -0.0465 0.2515 -0.003 -0.0465 0.2415 -0.015 -0.0495 0.2265 -0.003 -0.0465 0.2265 -0.026 -0.1205 0.2415 -0.015 -0.1265 0.2265 -0.026 -0.1205 0.2265 -0.034 -0.1115 0.2415 -0.034 -0.1115 0.2265 -0.0395 -0.1005 0.2415 -0.0395 -0.1005 0.2265 -0.034 -0.0645 0.2415 -0.0395 -0.0755 0.2265 -0.034 -0.0645 0.2265 -0.026 -0.0555 0.2415 -0.026 -0.0555 0.2265 -0.015 -0.0495 0.2415 -0.0415 -0.087 0.2325 -0.0415 -0.088 0.2265 -0.0415 -0.0875 0.2325 -0.0415 -0.0865 0.234 -0.0395 -0.0755 0.2415 -0.0415 -0.0865 0.2335 -0.0415 -0.0865 0.2345 -0.0415 -0.0865 0.235 -0.0415 -0.087 0.2355 -0.0415 -0.0865 0.233 -0.0415 -0.088 0.2415 -0.0415 -0.0875 0.2355 -0.0415 -0.088 0.2355 -0.0415 -0.089 0.2355 -0.0415 -0.0885 0.2355 -0.0415 -0.0895 0.2345 -0.0415 -0.0895 0.234 -0.0415 -0.0895 0.2335 -0.0415 -0.0895 0.233 -0.0415 -0.0895 0.235 -0.0415 -0.089 0.2325 -0.0415 -0.0885 0.2325 -0.0415 -0.088 0.2325 -0.003 -0.1295 0.2265 -0.015 -0.1265 0.2415 -0.003 -0.1295 0.2415 0.0395 -0.1005 0.2265 0.034 -0.1115 0.2415 0.0395 -0.1005 0.2415 0.034 -0.1115 0.2265 0.026 -0.1205 0.2415 0.026 -0.1205 0.2265 0.015 -0.1265 0.2415 0.015 -0.1265 0.2265 0.003 -0.1295 0.2415 0.0415 -0.089 0.2355 0.0415 -0.088 0.2415 0.0415 -0.0885 0.2355 0.0415 -0.0895 0.233 0.0415 -0.089 0.2325 0.0415 -0.0895 0.2335 0.003 -0.1295 0.2265 0.0395 -0.0755 0.2415 0.034 -0.0645 0.2265 0.0395 -0.0755 0.2265 0.0415 -0.088 0.2355 0.0415 -0.0895 0.235 0.0415 -0.088 0.2265 0.0415 -0.0885 0.2325 0.0415 -0.088 0.2325 0.0415 -0.0875 0.2355 0.003 -0.0465 0.2265 0.015 -0.0495 0.2415 0.003 -0.0465 0.2415 0.034 -0.0645 0.2415 0.026 -0.0555 0.2265 0.026 -0.0555 0.2415 0.015 -0.0495 0.2265 0.0415 -0.087 0.2355 0.0415 -0.0865 0.234 0.0415 -0.0865 0.2345 0.0415 -0.0865 0.2335 0.0415 -0.0865 0.233 0.0415 -0.087 0.2325 0.0415 -0.0865 0.235 0.0415 -0.0875 0.2325 0.0415 -0.0895 0.234 0.0415 -0.0895 0.2345 -0.003 -0.0465 0.2415 -0.026 -0.1205 0.2415 -0.034 -0.1115 0.2415 -0.003 -0.1295 0.2415 0.003 -0.0465 0.2415 -0.034 -0.0645 0.2415 -0.015 -0.0495 0.2415 0.015 -0.0495 0.2415 0.015 -0.1265 0.2415 0.003 -0.1295 0.2415 -0.015 -0.1265 0.2415 -0.026 -0.0555 0.2415 0.026 -0.1205 0.2415 0.0415 -0.088 0.2415 0.034 -0.0645 0.2415 0.0395 -0.0755 0.2415 -0.0395 -0.0755 0.2415 0.034 -0.1115 0.2415 0.0395 -0.1005 0.2415 0.026 -0.0555 0.2415 -0.0415 -0.088 0.2415 -0.0395 -0.1005 0.2415 -0.0475 -0.082 0.2515 -0.048 -0.0865 0.235 -0.048 -0.087 0.2355 -0.0475 -0.094 0.2265 -0.048 -0.0895 0.2345 -0.048 -0.0895 0.234 -0.0475 -0.082 0.2265 -0.0445 -0.0705 0.2515 -0.0445 -0.0705 0.2265 -0.0475 -0.094 0.2515 -0.0445 -0.1055 0.2265 -0.0445 -0.1055 0.2515 -0.048 -0.0895 0.235 -0.048 -0.089 0.2355 -0.048 -0.088 0.2355 -0.048 -0.0875 0.2355 -0.048 -0.0885 0.2355 -0.048 -0.0865 0.2345 -0.048 -0.0865 0.234 -0.048 -0.0865 0.2335 -0.048 -0.0865 0.233 -0.048 -0.088 0.2325 -0.048 -0.0875 0.2325 -0.048 -0.0885 0.2325 -0.048 -0.089 0.2325 -0.048 -0.087 0.2325 -0.048 -0.0895 0.233 -0.048 -0.0895 0.2335 0.048 -0.0895 0.233 0.0475 -0.094 0.2265 0.048 -0.089 0.2325 0.0475 -0.094 0.2515 0.048 -0.0895 0.2345 0.048 -0.0895 0.235 0.0475 -0.082 0.2515 0.048 -0.0875 0.2355 0.048 -0.087 0.2355 0.048 -0.088 0.2325 0.0475 -0.082 0.2265 0.048 -0.0885 0.2325 0.048 -0.0875 0.2325 0.048 -0.087 0.2325 0.048 -0.0865 0.233 0.048 -0.0895 0.2335 0.048 -0.0895 0.234 0.048 -0.0865 0.2335 0.048 -0.0865 0.235 0.0445 -0.1055 0.2515 0.0445 -0.1055 0.2265 0.048 -0.0865 0.2345 0.048 -0.0865 0.234 0.0445 -0.0705 0.2265 0.048 -0.089 0.2355 0.048 -0.088 0.2355 0.048 -0.0885 0.2355 0.0445 -0.0705 0.2515 -0.0475 -0.082 0.2265 -0.0395 -0.0755 0.2265 -0.0415 -0.088 0.2265 -0.0445 -0.0705 0.2265 -0.034 -0.0645 0.2265 -0.0415 -0.0585 0.2265 -0.026 -0.0555 0.2265 -0.04 -0.04 0.2265 0.003 -0.0465 0.2265 -0.003 -0.0465 0.2265 0.0395 -0.0755 0.2265 0.0475 -0.082 0.2265 0.0415 -0.088 0.2265 0.0395 -0.1005 0.2265 0.0475 -0.094 0.2265 0.0445 -0.1055 0.2265 0.034 -0.1115 0.2265 -0.04 -0.0465 0.2265 0.015 -0.0495 0.2265 0.04 -0.04 0.2265 0.026 -0.0555 0.2265 0.0445 -0.0705 0.2265 0.0415 -0.1175 0.2265 0.026 -0.1205 0.2265 0.0415 -0.0585 0.2265 0.04 -0.0465 0.2265 0.04 -0.1295 0.2265 -0.0415 -0.1175 0.2265 -0.026 -0.1205 0.2265 -0.04 -0.1295 0.2265 -0.015 -0.0495 0.2265 0.04 -0.136 0.2265 -0.003 -0.1295 0.2265 -0.04 -0.136 0.2265 -0.0445 -0.1055 0.2265 -0.034 -0.1115 0.2265 0.034 -0.0645 0.2265 0.015 -0.1265 0.2265 0.003 -0.1295 0.2265 -0.0475 -0.094 0.2265 -0.0395 -0.1005 0.2265 -0.015 -0.1265 0.2265 -0.04 -0.04 0.2265 -0.0015 -0.04 0.235 -0.0015 -0.04 0.234 0.04 -0.04 0.2265 0 -0.04 0.2325 0.001 -0.04 0.2325 -0.0015 -0.04 0.233 -0.009 -0.04 0.291 -0.038 -0.04 0.298 -0.0325 -0.04 0.309 -0.001 -0.04 0.2325 0.001 -0.04 0.2355 0.04 -0.04 0.2855 0.0015 -0.04 0.235 -0.04 -0.04 0.2855 -0.001 -0.04 0.2355 0.0015 -0.04 0.233 0.0015 -0.04 0.234 -0.009 -0.04 0.28 0 -0.04 0.2355 -0.0105 -0.04 0.2855 -0.0055 -0.04 0.2765 0 -0.04 0.275 0.038 -0.04 0.298 0.009 -0.04 0.291 0.0325 -0.04 0.309 0.0055 -0.04 0.2765 -0.0125 -0.04 0.3235 0 -0.04 0.296 -0.0055 -0.04 0.2945 0.009 -0.04 0.28 0.0235 -0.04 0.318 0.0055 -0.04 0.2945 0.0105 -0.04 0.2855 0.0125 -0.04 0.3235 -0.0235 -0.04 0.318 0 -0.04 0.3255 -0.04 -0.0465 0.2515 -0.04 -0.04 0.2855 -0.04 -0.04 0.2265 -0.04 -0.0465 0.2265 -0.04 -0.0465 0.2855 0.04 -0.0465 0.2515 0.04 -0.04 0.2855 0.04 -0.0465 0.2855 0.04 -0.04 0.2265 0.04 -0.0465 0.2265 0.04 -0.0465 0.2855 0.038 -0.04 0.298 0.038 -0.0465 0.298 0.0325 -0.04 0.309 0.0325 -0.0465 0.309 0.0235 -0.04 0.318 0.0125 -0.04 0.3235 0.0235 -0.0465 0.318 0 -0.04 0.3255 0.0125 -0.0465 0.3235 -0.0125 -0.04 0.3235 0 -0.0465 0.3255 -0.0235 -0.04 0.318 -0.0125 -0.0465 0.3235 -0.0325 -0.04 0.309 -0.0235 -0.0465 0.318 -0.038 -0.04 0.298 -0.0325 -0.0465 0.309 -0.04 -0.04 0.2855 -0.038 -0.0465 0.298 -0.04 -0.0465 0.2855 0.04 -0.04 0.2855 0.009 -0.0465 0.291 0.038 -0.0465 0.298 0.0325 -0.0465 0.309 -0.009 -0.0465 0.28 -0.0215 -0.0465 0.2515 -0.0055 -0.0465 0.2765 0.0055 -0.0465 0.2765 0.011 -0.0465 0.247 0.0215 -0.0465 0.2515 -0.04 -0.0465 0.2855 -0.0105 -0.0465 0.2855 0.04 -0.0465 0.2855 0.009 -0.0465 0.28 0.04 -0.0465 0.2515 0 -0.0465 0.296 0.0125 -0.0465 0.3235 0 -0.0465 0.3255 0.0055 -0.0465 0.2945 0.0235 -0.0465 0.318 -0.0125 -0.0465 0.3235 0.0105 -0.0465 0.2855 -0.0055 -0.0465 0.2945 -0.0235 -0.0465 0.318 -0.038 -0.0465 0.298 -0.011 -0.0465 0.247 0 -0.0465 0.275 -0.04 -0.0465 0.2515 -0.0325 -0.0465 0.309 -0.009 -0.0465 0.291 0 -0.0465 0.2455 0.003 -0.0465 0.2415 0 -0.0465 0.2355 0.001 -0.0465 0.2355 -0.003 -0.0465 0.2265 0 -0.0465 0.2325 -0.001 -0.0465 0.2325 -0.0015 -0.0465 0.234 -0.003 -0.0465 0.2415 -0.001 -0.0465 0.2355 0.0015 -0.0465 0.235 0.0015 -0.0465 0.234 0.003 -0.0465 0.2265 0.0015 -0.0465 0.233 0.001 -0.0465 0.2325 -0.0015 -0.0465 0.235 -0.0015 -0.0465 0.233 0.04 -0.0465 0.2515 0.0415 -0.0585 0.2265 0.04 -0.0465 0.2265 0.0415 -0.0585 0.2515 0.0445 -0.0705 0.2265 0.0445 -0.0705 0.2515 -0.0415 -0.0585 0.2265 -0.0445 -0.0705 0.2515 -0.0415 -0.0585 0.2515 -0.0445 -0.0705 0.2265 -0.04 -0.0465 0.2265 -0.04 -0.0465 0.2515 0.0415 -0.1175 0.2265 0.0445 -0.1055 0.2515 0.0415 -0.1175 0.2515 0.04 -0.1295 0.2265 0.0445 -0.1055 0.2265 0.04 -0.1295 0.2515 -0.0415 -0.1175 0.2515 -0.0445 -0.1055 0.2265 -0.0415 -0.1175 0.2265 -0.04 -0.1295 0.2515 -0.0445 -0.1055 0.2515 -0.04 -0.1295 0.2265 0.0215 -0.1295 0.2515 0.009 -0.1295 0.28 0.04 -0.1295 0.2515 0 -0.1295 0.275 0.011 -0.1295 0.247 0 -0.1295 0.2455 -0.0235 -0.1295 0.318 -0.009 -0.1295 0.291 -0.0325 -0.1295 0.309 0.0235 -0.1295 0.318 0.009 -0.1295 0.291 0.0055 -0.1295 0.2945 0.0055 -0.1295 0.2765 -0.038 -0.1295 0.298 -0.0105 -0.1295 0.2855 -0.04 -0.1295 0.2855 -0.011 -0.1295 0.247 -0.0055 -0.1295 0.2765 0.04 -0.1295 0.2855 0.0105 -0.1295 0.2855 -0.0215 -0.1295 0.2515 -0.009 -0.1295 0.28 -0.04 -0.1295 0.2515 0.0325 -0.1295 0.309 0.0125 -0.1295 0.3235 -0.0125 -0.1295 0.3235 0 -0.1295 0.296 -0.0055 -0.1295 0.2945 0.038 -0.1295 0.298 0 -0.1295 0.3255 0.001 -0.136 0.2355 0 -0.136 0.275 0 -0.136 0.2355 -0.0105 -0.136 0.2855 -0.038 -0.136 0.298 -0.009 -0.136 0.28 0.04 -0.136 0.2855 0.0105 -0.136 0.2855 0.0015 -0.136 0.235 0.04 -0.136 0.2265 0 -0.136 0.2325 -0.04 -0.136 0.2265 -0.0015 -0.136 0.235 -0.0015 -0.136 0.234 -0.04 -0.136 0.2855 -0.001 -0.136 0.2355 0.009 -0.136 0.28 -0.0055 -0.136 0.2765 -0.0235 -0.136 0.318 -0.009 -0.136 0.291 -0.0055 -0.136 0.2945 0.0055 -0.136 0.2765 -0.0325 -0.136 0.309 0.0235 -0.136 0.318 0.009 -0.136 0.291 0.0325 -0.136 0.309 -0.0125 -0.136 0.3235 0 -0.136 0.296 0 -0.136 0.3255 0.0125 -0.136 0.3235 0.0055 -0.136 0.2945 0.038 -0.136 0.298 0.001 -0.136 0.2325 -0.0015 -0.136 0.233 -0.001 -0.136 0.2325 0.0015 -0.136 0.233 0.0015 -0.136 0.234 0.04 -0.1295 0.2515 0.04 -0.136 0.2265 0.04 -0.1295 0.2265 0.04 -0.136 0.2855 0.04 -0.1295 0.2855 -0.04 -0.136 0.2855 -0.04 -0.1295 0.2515 -0.04 -0.136 0.2265 -0.04 -0.1295 0.2265 -0.04 -0.1295 0.2855 0.0325 -0.1295 0.309 0.038 -0.136 0.298 0.038 -0.1295 0.298 0.04 -0.136 0.2855 0.04 -0.1295 0.2855 0.0325 -0.136 0.309 0.0235 -0.1295 0.318 0.0235 -0.136 0.318 0.0125 -0.1295 0.3235 0.0125 -0.136 0.3235 0 -0.1295 0.3255 0 -0.136 0.3255 -0.0125 -0.1295 0.3235 -0.0125 -0.136 0.3235 -0.0235 -0.1295 0.318 -0.0235 -0.136 0.318 -0.0325 -0.1295 0.309 -0.0325 -0.136 0.309 -0.038 -0.1295 0.298 -0.038 -0.136 0.298 -0.04 -0.1295 0.2855 -0.04 -0.136 0.2855 0.003 -0.1295 0.2415 0.0015 -0.1295 0.235 0.001 -0.1295 0.2355 -0.0015 -0.1295 0.235 -0.003 -0.1295 0.2415 -0.001 -0.1295 0.2355 -0.003 -0.1295 0.2265 0 -0.1295 0.2325 0.003 -0.1295 0.2265 0.0015 -0.1295 0.234 0 -0.1295 0.2355 -0.001 -0.1295 0.2325 0.0015 -0.1295 0.233 0.001 -0.1295 0.2325 -0.0015 -0.1295 0.233 -0.0015 -0.1295 0.234 0.011 -0.0465 0.247 0 -0.1295 0.2455 0.011 -0.1295 0.247 0.0215 -0.0465 0.2515 -0.011 -0.0465 0.247 -0.0215 -0.1295 0.2515 -0.011 -0.1295 0.247 -0.0215 -0.0465 0.2515 0 -0.0465 0.2455 0.0215 -0.1295 0.2515 0.0055 -0.1295 0.2945 0.009 -0.136 0.291 0.0055 -0.136 0.2945 0 -0.1295 0.296 0 -0.136 0.296 -0.0055 -0.1295 0.2945 -0.0055 -0.136 0.2945 0.009 -0.1295 0.291 0.0105 -0.136 0.2855 0.0105 -0.1295 0.2855 0.009 -0.136 0.28 0.009 -0.1295 0.28 0.0055 -0.136 0.2765 -0.0105 -0.136 0.2855 -0.009 -0.1295 0.28 -0.0105 -0.1295 0.2855 0 -0.1295 0.275 -0.0055 -0.136 0.2765 0 -0.136 0.275 -0.0055 -0.1295 0.2765 -0.009 -0.136 0.28 -0.009 -0.1295 0.291 -0.009 -0.136 0.291 0.0055 -0.1295 0.2765 0.0055 -0.04 0.2945 0.009 -0.0465 0.291 0.0055 -0.0465 0.2945 0.0105 -0.04 0.2855 0.009 -0.0465 0.28 0.0105 -0.0465 0.2855 0.009 -0.04 0.28 0.0055 -0.0465 0.2765 0.0055 -0.04 0.2765 0 -0.0465 0.275 0 -0.04 0.275 -0.0055 -0.0465 0.2765 -0.0055 -0.04 0.2765 -0.009 -0.0465 0.28 -0.009 -0.04 0.28 -0.0105 -0.0465 0.2855 -0.0105 -0.04 0.2855 0.009 -0.04 0.291 0 -0.04 0.296 0 -0.0465 0.296 -0.0055 -0.04 0.2945 -0.0055 -0.0465 0.2945 -0.009 -0.04 0.291 -0.009 -0.0465 0.291 -0.0015 -0.136 0.234 -0.0015 -0.1295 0.233 -0.0015 -0.1295 0.234 -0.0015 -0.136 0.233 -0.001 -0.1295 0.2325 -0.001 -0.136 0.2325 0 -0.1295 0.2325 0 -0.136 0.2325 0.001 -0.1295 0.2325 0.001 -0.136 0.2325 0.0015 -0.1295 0.233 0.0015 -0.136 0.233 0.0015 -0.1295 0.234 0.0015 -0.136 0.234 0.0015 -0.1295 0.235 0.0015 -0.136 0.235 0.001 -0.1295 0.2355 0.001 -0.136 0.2355 0 -0.1295 0.2355 0 -0.136 0.2355 -0.001 -0.1295 0.2355 -0.001 -0.136 0.2355 -0.0015 -0.1295 0.235 -0.0015 -0.136 0.235 -0.0015 -0.0465 0.233 -0.001 -0.04 0.2325 -0.0015 -0.04 0.233 -0.001 -0.0465 0.2325 0 -0.04 0.2325 0 -0.0465 0.2325 0.001 -0.04 0.2325 0.001 -0.0465 0.2325 0.0015 -0.04 0.233 0.0015 -0.0465 0.233 0.0015 -0.04 0.234 0.0015 -0.0465 0.234 0.0015 -0.04 0.235 0.0015 -0.0465 0.235 0.001 -0.04 0.2355 0.001 -0.0465 0.2355 0 -0.04 0.2355 0 -0.0465 0.2355 -0.001 -0.04 0.2355 -0.001 -0.0465 0.2355 -0.0015 -0.04 0.235 -0.0015 -0.0465 0.235 -0.0015 -0.04 0.234 -0.0015 -0.0465 0.234 0.048 -0.0875 0.2325 0.0415 -0.088 0.2325 0.048 -0.088 0.2325 0.0415 -0.0875 0.2325 0.048 -0.087 0.2325 0.0415 -0.087 0.2325 0.048 -0.0865 0.233 0.0415 -0.0865 0.233 0.0415 -0.0865 0.2335 0.048 -0.0865 0.234 0.0415 -0.0865 0.234 0.048 -0.0865 0.2335 0.0415 -0.0865 0.235 0.048 -0.0865 0.2345 0.048 -0.0865 0.235 0.0415 -0.0865 0.2345 0.0415 -0.087 0.2355 0.048 -0.087 0.2355 0.0415 -0.0875 0.2355 0.048 -0.0875 0.2355 0.0415 -0.088 0.2355 0.048 -0.088 0.2355 0.048 -0.0885 0.2355 0.0415 -0.0885 0.2355 0.048 -0.089 0.2355 0.0415 -0.089 0.2355 0.048 -0.0895 0.235 0.0415 -0.0895 0.235 0.0415 -0.0895 0.2345 0.048 -0.0895 0.234 0.0415 -0.0895 0.234 0.048 -0.0895 0.2345 0.0415 -0.0895 0.233 0.048 -0.0895 0.2335 0.048 -0.0895 0.233 0.0415 -0.0895 0.2335 0.0415 -0.089 0.2325 0.048 -0.089 0.2325 0.0415 -0.0885 0.2325 0.048 -0.0885 0.2325 -0.048 -0.0895 0.235 -0.0415 -0.089 0.2355 -0.0415 -0.0895 0.235 -0.048 -0.089 0.2355 -0.0415 -0.0885 0.2355 -0.048 -0.0875 0.2355 -0.0415 -0.088 0.2355 -0.048 -0.088 0.2355 -0.048 -0.0865 0.235 -0.0415 -0.087 0.2355 -0.048 -0.087 0.2355 -0.048 -0.0865 0.234 -0.0415 -0.0865 0.2345 -0.048 -0.0865 0.2345 -0.048 -0.0865 0.2335 -0.0415 -0.0865 0.233 -0.0415 -0.0865 0.2335 -0.048 -0.0865 0.233 -0.0415 -0.087 0.2325 -0.048 -0.087 0.2325 -0.0415 -0.0875 0.2325 -0.048 -0.0885 0.2325 -0.0415 -0.088 0.2325 -0.048 -0.088 0.2325 -0.048 -0.0895 0.233 -0.0415 -0.089 0.2325 -0.048 -0.089 0.2325 -0.048 -0.0895 0.234 -0.0415 -0.0895 0.2335 -0.048 -0.0895 0.2335 -0.0415 -0.0895 0.233 -0.0415 -0.0895 0.234 -0.0415 -0.0885 0.2325 -0.048 -0.0875 0.2325 -0.0415 -0.0865 0.234 -0.0415 -0.0865 0.235 -0.0415 -0.0875 0.2355 -0.048 -0.0885 0.2355 -0.048 -0.0895 0.2345 -0.0415 -0.0895 0.2345</float_array><technique_common><accessor source="#pa" count="13369" stride="3"><param name="X" type="float"/><param name="Y" type="float"/><param name="Z" type="float"/></accessor></technique_common></source>
        <source id="n"><float_array id="na" count="40107">1 0 0 1 0 0 1 0 0 1 0 0 1 0 0 1 0 0 1 0 0 1 0 0 1 0 0 1 0 0 1 0 0 1 0 0 1 0 0 1 0 0 1 0 0 1 0 0 1 0 0 1 0 0 1 0 0 1 0 0 1 0 0 1 0 0 1 0 0 1 0 0 1 0 0 1 0 0 0 0 -1 0 0 -1 1 0 0 0.45 0 0.89 0 0 1 0 0 -1 0 0 -1 0 0 -1 0 0 -1 1 0 0 0 0 1 0 0 1 -1 0 0 -1 0 0 -1 0 0 -1 0 0 -1 0 0 -1 0 0 -1 0 0 -1 0 0 -1 0 0 -1 0 0 -1 0 0 -1 0 0 -1 0 0 -1 0 0 -1 0 0 -1 0 0 -1 0 0 -1 0 0 -1 0 0 -1 0 0 -1 0 0 -1 0 0 -1 0 0 -1 0 0 -1 0 0 -1 0 0 -1 0 0 -1 0 0 -1 0 0 -1 0 0 -1 0 0 -1 0 0 -1 0 0 -1 0 0 -1 0 0 0 1 0 0 1 0 0 1 0 0 1 0 0 0 1 0 0 1 0 0 1 0 0 1 -0.22 -0.44 0.87 -0.17 -0.7 0.7 0 0 1 -0.22 -0.87 0.44 0 -1 0 0 -1 0 0 -1 0 0 -1 0 0 -1 0 0 0 -1 0 0 -1 0 0 -1 0 0 -1 -0.22 0.87 -0.44 -0.17 0.7 -0.7 -0.22 0.44 -0.87 0 1 0 0 0 -1 0.71 0 0.71 0.32 0 0.95 0 0 1 0 0 1 0 0.71 0.71 0 0.71 0.71 0 1 0 0 1 0 0 0.71 -0.71 0 0.71 -0.71 0 0 -1 0 0 -1 1 0 0 0 0 1 0 0 1 0 0 1 0 0 -1 0 0 1 0 0 -1 0 -1 0 0 0 1 0 1 0 0 1 0 0 -0.71 0.71 0 1 0 0 1 0 0 0 -1 0 -0.71 -0.71 0 -1 0 0 -0.89 -0.45 0 -1 0 0 0 1 0 0 1 0 0 1 0 0 1 0 0 -1 0 0 -1 0 0 -1 0 -1 0 0 -0.71 0.71 0 0 1 0 -0.45 0.89 0 0 1 0 1 0 0 1 0 0 1 0 0 -1 0 0 -1 0 0 -1 0 0 -1 0 0 -0.71 0.71 0 0 -1 1 0 0 1 0 0 1 0 0 1 0 0 1 0 0 1 0 0 0 0 -1 0 0 -1 1 0 0 0.71 0 0.71 0.71 0 0.71 0 0 1 0 1 0 0 0.71 -0.71 0 0 -1 0 0.71 -0.71 0 -1 0 0 -1 0 0 -1 0 0 0 1 0 0.89 0.45 0 1 0 0 0.71 0.71 0 1 0 0 0 -1 0 -0.71 -0.71 0 0 -1 0 -0.45 -0.89 0 -1 0 0 0 1 0 0 1 0 0 1 0 1 0 0 0.71 -0.71 -0.95 0 -0.32 0 0.71 -0.71 -0.95 -0.32 0 -0.95 -0.32 0 -0.71 -0.71 0 -1 0 0 -1 0 0 0 0 -1 -1 0 0 -1 0 0 0 1 0 0 0.71 -0.71 0 0 -1 0 -0.71 -0.71 0 -1 0 0 0 1 0 0.89 0.45 0 0 -1 0 -0.71 -0.71 0 -1 0 0 -0.89 0.45 0 0 1 0 0.89 0.45 0 1 0 0 -0.45 0.89 0 0 1 0 0.45 0.89 0 1 0 0 0 -1 0 0 -1 0 -1 0 0 -0.71 0.71 0 0 1 0 0 -1 0 -0.71 -0.71 -0.33 -0.67 0.67 -0.45 0 0.89 0 0.71 0.71 0 1 0 0 0.89 -0.45 0 -0.89 -0.45 -0.45 -0.89 0 0 1 0 0 0.45 -0.89 0 0 -1 0 -0.71 -0.71 0 -1 0 0 0 1 0 0.71 0.71 0 -0.71 -0.71 0 -1 0 0 -0.89 0.45 0 0 1 0 0.45 0.89 0 0 -1 0 0 1 0 0.71 0.71 0 1 0 0 0.71 -0.71 0 0 -1 0 -0.45 0.89 0 0 -1 0 -0.71 -0.71 0 -1 0 0 -0.45 0.89 0 0 1 0 1 0 0 0.71 -0.71 0 -0.89 0.45 0 0 1 0 0.45 0.89 0 1 0 0 0.71 -0.71 0 -1 0 0 0 -1 0 0 -1 0 1 0 0 1 0 0 0.71 -0.71 0 0 -1 0 1 0 0 1 0 0 0.71 -0.71 0 0 -1 0 -0.45 -0.89 0 -1 0 0 -0.71 0.71 0 0 -1 0 -0.89 -0.45 0 -1 0 0 -0.71 0.71 0 0 1 0 0.71 0.71 0 1 0 0 0 1 0 0.71 0.71 0 1 0 0 0.89 -0.45 0 0 -1 0 -0.89 -0.45 0 -1 0 0 0.45 -0.89 0 0 -1 0 -0.45 -0.89 0 -1 0 0 -0.71 0.71 0 0 1 0 -1 0 0 -0.71 0.71 0 0 1 0 0.71 0.71 0 1 0 0 0.71 -0.71 0 0 -1 0 1 0 0 1 0 0 0.71 -0.71 0 0 -1 0 -0.45 -0.89 0 -1 0 0 -0.71 0.71 0 0 -1 0 -0.89 -0.45 0 -1 0 0 -0.89 0.45 0 0 1 0 0.45 0.89 0 1 0 0 0 1 0 0.89 0.45 0 1 0 0 0.71 -0.71 0.69 -0.23 -0.69 1 0 0 0.8 -0.53 -0.27 0 0.71 -0.71 0.55 0 -0.83 0.73 -0.49 -0.49 0.71 -0.71 0 0 -1 0 0 -1 0 0 -1 0 0 1 0 0 1 0 0 1 0 0 1 0 0 1 0 0 1 0 0 1 0 0 1 0 0 1 0 0 1 0 0 1 0 0 1 0 0 1 0 0 1 0 0 1 0 0 1 0 0 0 -1 0 0 -1 0 0 -1 0 0 -1 0 -1 0 0 -1 0 0 -1 0 0 -1 0 0 0 -1 0 0 -1 0 0 -1 0 0 -1 0 -1 0 0 -1 0 0 -1 0 0 -1 0 0 -1 0 0 -1 0 0 -1 0 0 -1 0 0 -1 0 0 -1 0 0 -1 0 0 -1 0 0 0 1 0 0 1 0 0 1 0 0 1 0 0 1 0 0 1 0 0 1 0 0 1 0 0 1 0 0 1 0 0 1 0 0 1 0 -1 0 0 -1 0 0 -1 0 0 -1 0 0 -1 0 0 -1 0 0 1 0 0 1 0 0 -1 0 0 -1 0 0 -1 0 0 -1 0 0 -1 0 0 -1 0 0 -1 0 0 -1 0 0 -1 0 0 -1 0 0 -1 0 0 -1 0 0 -1 0 0 -1 0 0 -1 0 0 -1 0 0 -1 0 0 -1 0 0 -1 0 0 -1 0 0 -1 0 0 -1 0 0 -1 0 0 -1 0 0 -1 0 0 -1 0 0 -1 0 0 -1 0 0 -1 0 0 -1 0 0 -1 0 0 -1 0 0 -1 0 0 -1 0 0 -1 0 0 1 0 0 -1 0 0 -1 0 0 -1 0 0 -1 0 0 -1 0 0 -1 0 0 -1 0 0 1 0 0 -1 0 0 -1 0 0 0 1 0 -1 0 0 -1 0 0 -1 0 0 -1 0 0 -1 0 0 -1 0 0 -1 0 0 0 1 0 1 0 0 -1 0 0 -1 0 0 -1 0 0 -1 0 0 -1 0 0 -1 0 0 -1 0 0 -1 0 0 -1 0 0 1 0 0 -1 0 0 -1 0 0 -1 0 0 -1 0 0 -1 0 0 -1 0 0 -1 0 0 0 1 0 -1 0 0 -1 0 0 -1 0 0 -1 0 0 -1 0 0 -1 0 0 -1 0 0 -1 0 0 -1 0 0 1 0 0 -1 0 0 -1 0 0 -1 0 0 -1 0 0 -1 0 0 -1 0 0 -1 0 0 -1 0 0 -1 0 0 -1 0 0 -1 0 0 -1 0 0 -1 0 0 -1 0 0 -1 0 0 -1 0 0 -1 0 0 -1 0 0 -1 0 0 -1 0 0 -1 0 0 -1 0 0 -1 0 -1 0 0 -1 0 0 -1 0 0 -1 0 0 -0.89 0 0.45 -0.45 0 0.89 0 0 1 0 0 1 -0.32 0 -0.95 -0.55 0 -0.83 -0.89 0 -0.45 -0.89 0 0.45 -0.45 0 -0.89 -0.71 0 -0.71 -0.89 0 0.45 -1 0 0 -0.45 0 0.89 -0.45 0 0.89 -0.71 0 -0.71 -1 0 0 -1 0 0 -1 0 0 -1 0 0 -1 0 0 -1 0 0 -1 0 0 -1 0 0 -0.89 0 -0.45 -0.45 0 -0.89 0 0 -1 0 0 -1 0 0 -1 0 0 -1 -1 0 0 0 0 -1 0 0 -1 0 0 -1 0 0 -1 0 0 -1 0 0 -1 0 0 -1 -1 0 0 -1 0 0 -0.45 0 -0.89 -0.89 0 -0.45 0 0 -1 0 0 -1 -0.45 0 -0.89 0 0 -1 -1 0 0 -1 0 0 -0.89 0 -0.45 0 0 -1 0 0 -1 0 0 -1 -0.45 0 -0.89 0 0 -1 -1 0 0 -0.89 0 -0.45 -1 0 0 0.45 0 -0.89 0.89 0 -0.45 1 0 0 1 0 0 0 0 -1 0 0 -1 0 0 -1 0 0 -1 0.89 0 -0.45 1 0 0 0.45 0 -0.89 1 0 0 0 0 -1 0 0 -1 0.71 0 -0.71 0.71 0 -0.71 0.71 0 -0.71 0.71 0 -0.71 -0.71 0 -0.71 -0.55 0 -0.83 -0.71 0 -0.71 -0.32 0 -0.95 0.45 0 -0.89 0.89 0 -0.45 1 0 0 1 0 0 1 0 0 1 0 0 1 0 0 1 0 0 1 0 0 1 0 0 0 0 -1 0 0 -1 0.45 0 -0.89 1 0 0 1 0 0 1 0 0 0.89 0 -0.45 1 0 0 1 0 0 1 0 0 1 0 0 0 0 -1 0 0 -1 0.45 0 -0.89 0.89 0 -0.45 1 0 0 0.45 0 -0.89 0 0 -1 0.89 0 -0.45 1 0 0 1 0 0 1 0 0 1 0 0 0 0 -1 1 0 0 1 0 0 1 0 0 1 0 0 0 0 -1 0 0 -1 0.45 0 -0.89 0.89 0 -0.45 0.89 0 0.45 0.45 0 0.89 0.45 0 0.89 0.45 0 0.89 0 0 1 0.89 0 0.45 0 0 1 0.89 0 0.45 0 0 1 0 0 1 0 0 1 0 0 1 1 0 0 1 0 0 1 0 0 0.89 0 0.45 1 0 0 0.45 0 0.89 0.71 0 0.71 0.71 0 0.71 0.71 0 0.71 0.71 0 0.71 0.89 0 0.45 1 0 0 0.45 0 0.89 1 0 0 0 0 1 0 0 1 0 0 1 0 0 1 1 0 0 0.89 0 0.45 1 0 0 0.45 0 0.89 0 0 1 0 0 1 0 0 1 0 0 1 0 0 1 0 0 1 0 0 1 0.45 0 0.89 0 0 1 1 0 0 0.89 0 0.45 1 0 0 -0.45 0 0.89 0.45 0 0.89 -0.89 0 0.45 -0.89 0 0.45 -0.45 0 0.89 0 0 1 0 0 1 0.89 0 0.45 0.89 0 0.45 0.45 0 0.89 0 0 1 0 0 1 0 0 1 0 0 1 0 0 1 0 0 1 -0.45 0 0.89 0 0 1 -0.89 0 0.45 0 0 1 0 0 1 -1 0 0 -1 0 0 0 0 1 -0.45 0 0.89 -0.89 0 0.45 -1 0 0 -1 0 0 0 0 1 0 0 1 -1 0 0 -1 0 0 -1 0 0 -1 0 0 -0.45 0 0.89 0 0 1 -0.89 0 0.45 0 0 1 -1 0 0 -1 0 0 -1 0 0 -1 0 0 0 0 1 0 0 1 0 0 1 0 0 1 -0.45 0 0.89 0.71 0 0.71 -0.71 0 0.71 -0.71 0 0.71 1 0 0 1 0 0 0 0 1 0 0 1 0 0 1 0 0 1 -0.71 0 0.71 -0.71 0 0.71 -0.71 0 0.71 -0.71 0 0.71 -1 0 0 -1 0 0 -1 0 0 -1 0 0 -1 0 0 -0.89 0 0.45 -0.45 0 0.89 0 0 1 0 0 1 -1 0 0 -1 0 0 -1 0 0 -1 0 0 -1 0 0 -1 0 0 -1 0 0 -0.89 0 -0.45 -0.45 0 -0.89 0 0 -1 0 0 -1 0 0 -1 0 0 -1 0 0 -1 0 0 -1 -1 0 0 -1 0 0 -1 0 0 -1 0 0 0 0 -1 0 0 -1 0 0 -1 0 0 -1 0 0 -1 0 0 -1 0 0 -1 0 0 -1 0 0 -1 0 0 -1 0.45 0 -0.89 0.89 0 -0.45 1 0 0 1 0 0 1 0 0 1 0 0 1 0 0 1 0 0 0 0 -1 0 0 -1 0 0 -1 0 0 -1 1 0 0 1 0 0 1 0 0 1 0 0 1 0 0 1 0 0 0.89 0 0.45 0 0 1 0.45 0 0.89 0 0 1 0 0 1 0 0 1 0 0 1 0 0 1 0 0 1 -0.45 0 0.89 -0.89 0 0.45 -1 0 0 -1 0 0 0 0 1 -1 0 0 -1 0 0 -1 0 0 -1 0 0 -1 0 0 -1 0 0 -1 0 0 -1 0 0 -1 0 0 -1 0 0 -1 0 0 -1 0 0 -1 0 0 -1 0 0 -0.89 0 -0.45 -0.45 0 -0.89 0 0 -1 0 0 -1 -0.71 0 -0.71 0 0 -1 -0.71 0 -0.71 1 0 0 1 0 0 0 0 -1 0 0 -1 0 0 -1 0 0 -1 0 0 -1 1 0 0 1 0 0 1 0 0 1 0 0 0.71 0 0.71 0.71 0 0.71 0.71 0 0.71 0.71 0 0.71 1 0 0 1 0 0 1 0 0 1 0 0 0.07 -0.07 -0.99 0.51 -0.01 -0.86 0.07 -0.07 -1 0.12 0.06 -0.99 0.44 0.01 -0.9 0.2 0 -0.98 0.78 0 -0.62 0.86 0 -0.51 0.98 0 -0.22 1 0 -0.04 0.94 0 0.33 0.86 0 0.51 0.67 0 0.75 0.54 0 0.84 0.21 0 0.98 0.04 0 1 -0.32 0 0.95 -0.53 0 0.85 -0.78 0.01 0.62 -0.83 -0.01 0.56 -0.86 -0.01 -0.51 -0.63 0.01 -0.78 -0.57 -0.01 -0.82 -0.99 0.01 0.12 -0.99 0.04 -0.1 -0.94 0.07 0.33 -0.99 -0.01 0.12 -0.95 -0.05 0.32 -0.11 0.06 -0.99 0.1 0.04 -0.99 0 0 -1 -0.11 -0.03 -0.99 -0.38 -0.03 -0.92 0 0 -1 -0.45 0 -0.89 -0.45 0 -0.89 -0.37 0.07 -0.93 -0.45 0 -0.89 -0.45 0 -0.89 -0.45 0 -0.89 0.07 -0.07 -0.99 0.09 -0.03 -1 0.08 0.08 -0.99 -0.9 0.01 -0.44 -0.99 0.1 -0.07 -0.99 0.09 -0.09 -0.98 0 -0.2 -0.98 0 -0.2 -0.99 -0.06 -0.09 -1 -0.03 -0.09 -0.99 -0.09 -0.06 -0.93 -0.08 0.37 -0.89 0 0.45 -0.89 0 0.45 -0.89 0 0.45 -0.89 0 0.45 -0.92 0.1 0.38 0.08 0.08 -0.99 0 1 0 0 1 0 0 1 0 0 1 0 0 1 0 0 1 0 0 1 0 0 1 0 0 1 0 0 1 0 0 1 0 0 1 0 0 1 0 0 1 0 0 1 0 0 1 0 0 1 0 0 1 0 0 1 0 0 1 0 0 1 0 0 1 0 0 1 0 0 1 0 0 -1 0 0 -1 0 0 -1 0 0 -1 0 0 -1 0 0 -1 0 0 -1 0 0 -1 0 0 -1 0 0 -1 0 0 -1 0 0 -1 0 0 -1 0 0 -1 0 0 -1 0 0 -1 0 0 -1 0 0 -1 0 0 -1 0 0 -1 0 0 -1 0 0 -1 0 0 -1 0 0 -1 0 0.21 0 0.98 0.54 0 0.84 0.67 0 0.75 0.86 0 0.51 0.94 0 0.33 1 0 -0.04 0.98 0 -0.22 0.04 0 1 0.86 0 -0.51 0.53 0 -0.85 0.78 0 -0.62 -0.04 0 -1 0.32 0 -0.95 -0.51 0 -0.86 -0.21 0 -0.98 -0.85 0 -0.53 -0.62 0 -0.78 -1 0 0.04 -0.95 0 -0.32 -0.86 0 0.51 -0.98 0 0.21 -0.53 0 0.85 -0.78 0 0.62 -0.32 0 0.95 0 -1 0 0 -1 0 0 -1 0 0 -1 0 0 -1 0 0 -1 0 0 -1 0 0 -1 0 0 -1 0 0 -1 0 0 -1 0 0 -1 0 0 -1 0 0 -1 0 0 -1 0 0 -1 0 0 -1 0 0 -1 0 0 -1 0 0 -1 0 0 -1 0 0 -1 0 0 -1 0 0 -1 0 0 1 0 0 1 0 0 1 0 0 1 0 0 1 0 0 1 0 0 1 0 0 1 0 0 1 0 0 1 0 0 1 0 0 1 0 0 1 0 0 1 0 0 1 0 0 1 0 0 1 0 0 1 0 0 1 0 0 1 0 0 1 0 0 1 0 0 1 0 0 1 0 0 1 0 0 1 0 0 1 0 0 1 0 0 1 0 0 1 0 0 1 0 0 1 0 0 1 0 0 1 0 0 1 0 0 1 0 0 1 0 0 1 0 0 1 0 0 1 0 0 1 0 0 1 0 0 1 0 0 1 0 0 1 0 0 1 0 0 1 0 0 1 0 0 1 0 0 1 0 0 1 0 0 1 0 0 1 0 0 1 0 0 1 0 0 1 0 0 1 0 0 1 0 0 1 0 0 1 0 0 1 0 0 1 0 0 1 0 0 1 0 0 1 0 0 1 0 0 1 0 0 1 0 0 1 0 0 1 0 0 1 0 0 1 0 0 1 0 0 1 0 0 1 0 0 1 0 0 1 0 0 1 0 0 1 0 0 1 0 0 1 0 0 1 0 0 1 0 0 1 0 0 1 0 0 1 0 0 1 0 0 1 0 0 1 0 0 1 0 0 1 0 0 1 0 0 1 0 0 0 1 0 1 0 0 1 0 0 1 0 0 1 0 0 1 0 0 1 0 0 1 0 0 1 0 0 1 0 0 1 0 0 1 0 0 1 0 0 1 0 0 1 0 0 1 0 0 1 0 0 1 0 0 1 0 0 1 0 0 1 0 0 1 0 0 1 0 0 1 0 0 0 1 0 1 0 0 1 0 0 1 0 0 1 0 0 1 0 0.45 0.01 -0.89 0.7 0.02 -0.71 0.49 0.03 -0.87 0 0 1 0.12 -0.03 0.99 0 0 1 -0.27 0 0.96 0 0 1 -0.52 -0.01 0.86 -0.8 0 0.6 -0.53 -0.01 0.85 -0.77 0.01 0.64 -0.52 0.03 0.85 -0.63 0.07 0.77 0.12 0.01 0.99 -0.23 0 0.97 0 0 1 0 0 1 0.52 0 0.85 0.16 0 0.99 0.33 0.01 0.95 0.83 -0.01 0.56 0.61 -0.02 0.79 0.83 -0.21 0.52 0.89 0 0.45 0.64 0 0.76 0.93 0 0.38 0.88 0.06 0.47 0.83 0.21 0.52 0.82 0.41 0.41 0.52 -0.02 0.86 0.27 -0.05 0.96 0.45 0 0.89 0.98 0 0.21 0.76 0.01 -0.65 0.35 -0.01 -0.94 0.69 -0.08 -0.72 0.74 -0.02 -0.67 0.89 0.02 -0.46 0.99 0.01 -0.12 0.99 0 -0.16 1 0 0 0.99 0 -0.14 0.96 -0.05 -0.27 -0.98 0 0.22 -0.99 0 0.11 -0.98 0 -0.22 -0.91 0 -0.41 -0.71 0 -0.71 -0.53 0 -0.85 -0.11 0 -0.99 0.11 0 -0.99 0.8 -0.27 -0.53 1 0 0 1 0 0 1 0 0 0.86 -0.07 -0.5 0 1 0 0 1 0 0 1 0 0 1 0 0 1 0 0 1 0 0 1 0 0 1 0 0 1 0 0 1 0 0 1 0 0 1 0 0 1 0 0 1 0 0 1 0 0 1 0 0 1 0 0 1 0 0 1 0 0 1 0 0 1 0 0 1 0 0 1 0 0 1 0 0 1 0 0 1 0 0 1 0 0 1 0 0 1 0 0 1 0 0 1 0 0 1 0 0 1 0 0 1 0 0 1 0 0 1 0 0 1 0 0 1 0 0 1 0 0.67 -0.45 -0.59 0.39 -0.67 -0.63 0.27 -0.67 -0.7 0.67 -0.64 0.38 0.52 -0.62 0.59 0.41 -0.65 0.65 0.71 -0.71 0 0.69 -0.69 0.24 0.81 -0.3 -0.51 0.82 -0.56 -0.15 0 -0.38 -0.92 -0.56 0 -0.83 -0.21 0 -0.98 -0.65 -0.65 -0.39 -0.59 -0.45 -0.67 -0.68 -0.73 0 -0.6 -0.77 -0.22 -0.79 -0.39 0.47 -0.79 -0.59 0.13 -0.37 -0.66 0.66 -0.67 -0.45 0.59 0.15 -0.7 0.7 0.03 -0.72 0.69 -0.21 -0.78 0.6 -0.25 -0.5 0.83 0.08 -0.57 0.82 -0.47 -0.28 0.84 0.58 0 0.81 0.85 0 0.53 0.51 -0.3 0.81 0.89 -0.36 0.27 0.84 -0.54 -0.08 0.73 -0.64 -0.24 0.67 -0.57 -0.48 0.51 -0.69 -0.51 0.27 -0.75 -0.61 0.27 -0.53 0.8 0.22 -0.65 -0.73 0 -0.37 -0.93 -0.11 0 -0.99 -0.45 0 -0.89 -0.64 -0.21 -0.74 -0.84 -0.28 -0.47 -0.83 -0.5 -0.25 -0.82 -0.57 0.08 -0.8 -0.53 0.27 -0.81 -0.3 0.51 -0.74 -0.21 0.64 -1 0 0.07 -0.91 0.41 0.08 0.45 -0.89 -0.04 0.89 -0.45 -0.09 0.82 -0.57 -0.08 0.58 -0.81 -0.06 0.58 -0.81 -0.06 0.88 -0.46 -0.09 1 0 -0.1 1 0 -0.1 0.88 0.46 -0.09 0.76 0.64 -0.08 0.61 0.79 -0.06 0.44 0.9 -0.04 0 1 0 -0.55 0.83 0.06 0 1 0 -0.8 0.6 0.08 -0.8 0.6 0.08 -0.81 0.59 0.06 -0.71 0.71 0 -0.81 -0.58 0.08 -0.89 -0.45 0.04 -0.71 -0.71 0.07 -0.71 -0.71 0.07 -0.71 -0.71 0.07 -0.32 -0.95 0.03 -0.55 -0.83 0.06 0 -1 0 0 -1 0 -0.91 -0.4 0.12 0 1 0 0 1 0 1 0 -0.1 1 0 -0.1 0.06 -0.8 0.6 0.05 -0.86 0.51 0.06 -0.8 0.6 -0.15 0.48 -0.87 -0.12 0 -0.99 -0.09 0.45 -0.89 0.06 0.78 0.62 0.08 0.62 0.78 0.04 0.89 0.45 -0.13 0.55 -0.83 -0.1 0.73 -0.68 0.09 0.42 0.9 0.09 0 1 0.09 -0.05 0.99 0.09 -0.41 0.91 0.09 0.04 1 0.1 0 1 0.06 -0.83 0.55 0.03 -0.95 0.32 -0.04 -0.89 -0.45 -0.04 -0.89 -0.45 0 1 0 0 1 0 -0.04 0.9 -0.44 0 1 0 0 1 0 -0.06 -0.81 -0.59 -0.08 -0.82 -0.57 -0.11 -0.74 -0.67 -0.13 -0.48 -0.87 -0.2 0 -0.98 -0.04 -0.45 -0.89 0 -1 0 0 -1 0 0 -1 0 0 -1 0 0 -1 0 0 -1 0 0 -1 0 0 1 0 0 1 0 0 -1 0 0 -1 0 0 -1 0 0 -1 0 0 -1 0 0 -1 0 0 -1 0 0 -1 0 0 -1 0 0 1 0 0 1 0 0 -1 0 0 -1 0 0 -1 0 0 -1 0 0 -1 0 0 -1 0 0 -1 0 0 -1 0 0 -1 0 0 -1 0 0 -1 0 0 -1 0 0 -1 0 0 -1 0 0 -1 0 0 -1 0 0 -1 0 0 -1 0 0 -1 0 0 -1 0 0 -1 0 0 1 0 0 1 0 0 1 0 0 1 0 0 1 0 0 1 0 0 1 0 0 1 0 0 1 0 0 1 0 0 1 0 0 1 0 0 0 1 0 1 0 0 1 0 0 1 0 0 1 0 0 1 0 0 1 0 0 1 0 0 1 0 0 1 0 0 1 0 0 1 0 0 1 0 0 1 0 0 1 0 0 1 0 0 1 0 0 1 0 0 1 0 0 1 0 0 1 0 0 1 0 0 1 0 0 0 1 0 1 0 0 1 0 0 1 0 0 1 0 0 1 0 0 1 0 0 1 0 0 1 0 0 0 1 0 -1 0 0 1 0 0 1 0 0 1 0 0 1 0 0 1 0 0 0 1 0 -1 0 0 1 0 0 1 0 0 1 0 0 1 0 0 1 0 0 1 0 0 1 0 0 1 0 0 1 0 0 1 0 0 1 0 0 1 0 0 1 0 0 1 0 0 1 0 0 1 0 0 1 0 0 1 0 0 -1 0 0 1 0 0 1 0 0 1 0 0 1 0 0 1 0 0 1 0 0 1 0 0 1 0 0 1 0 0 1 0 0 1 0 0 1 0 0 1 0 0 1 0 0 1 0 0 1 0 0 1 0 0 0 1 0 -1 0 0 1 0 0 1 0 0 1 0 0 1 0 0 1 0 0 1 0 0 1 0 0 1 0 0 1 0 0 1 0 0 1 0 0 1 0 0 1 0 0 0 1 0 1 0 0 -1 0 0 1 0 0 1 0 0 1 0 0 1 0 0 1 0 0 1 0 0 1 0 0 1 0 0 1 0 0 1 0 0 1 0 0 1 0 0 1 0 0 1 0 0 1 0 0 1 0 0 1 0 0 1 0 0 1 0 0 0 1 0 1 0 0 1 0 0 1 0 0 1 0 0 1 0 0 1 0 0 1 0 0 0 -1 -0.45 0 -0.89 0 0 -1 -0.89 0 -0.45 0.45 0 -0.89 0.89 0 -0.45 -1 0 0 -1 0 0 1 0 0 1 0 0 -0.71 0 -0.71 -0.71 0 -0.71 0.32 0 -0.95 -0.32 0 -0.95 0.71 0 -0.71 0.71 0 -0.71 0 0 -1 0 0 -1 0 0 -1 -0.45 0 -0.89 -0.89 0 -0.45 -1 0 0 -1 0 0 0 0 -1 -1 0 0 -1 0 0 -1 0 0 0 0 -1 0 0 -1 -0.89 0 -0.45 -0.45 0 -0.89 -1 0 0 -0.89 0 0.45 -0.89 0 -0.45 -0.45 0 0.89 0 0 -1 0 0 -1 0 0 -1 -0.45 0 -0.89 -0.45 0 0.89 -0.89 0 0.45 -1 0 0 -1 0 0 0 0 -1 -1 0 0 -0.89 0 -0.45 -1 0 0 0 0 -1 -0.45 0 -0.89 0 0 -1 -0.89 0 0.45 -0.45 0 0.89 0 0 1 0 0 1 -0.45 0 -0.89 -0.45 0 -0.89 -0.89 0 -0.45 -1 0 0 -0.89 0 -0.45 -0.89 0 0.45 -0.45 0 0.89 0 0 1 -0.89 0 0.45 0 0 1 -0.89 0 0.45 -0.45 0 0.89 -0.45 0 0.89 -1 0 0 -1 0 0 -1 0 0 -1 0 0 -1 0 0 -1 0 0 -1 0 0 -1 0 0 -1 0 0 -0.89 0 0.45 -0.45 0 0.89 0 0 1 0 0 1 -1 0 0 -1 0 0 -1 0 0 -1 0 0 -1 0 0 -0.95 0 0.32 -1 0 0 -0.83 0 0.55 0.32 0 0.95 0.71 0 0.71 -0.32 0 0.95 0.71 0 0.71 0.71 0 0.71 0.55 0 0.83 0.71 0 0.71 -1 0 0 -1 0 0 -0.89 0 0.45 -0.45 0 0.89 0.32 0 0.95 -0.89 0 0.45 -1 0 0 -0.45 0 0.89 0 0 1 0 0 1 0.45 0 0.89 0.89 0 0.45 -1 0 0 1 0 0 1 0 0 -0.89 0 0.45 -1 0 0 -0.45 0 0.89 -1 0 0 0.32 0 0.95 0.55 0 0.83 0.71 0 0.71 0.71 0 0.71 0.95 0 0.32 1 0 0 0.83 0 0.55 1 0 0 -0.71 0 0.71 -0.32 0 0.95 -0.71 0 0.71 0.32 0 0.95 0.71 0 0.71 0.71 0 0.71 0.71 0 0.71 0.71 0 0.71 0 0 1 0 0 1 0 0 1 0 0 1 0.45 0 0.89 0.83 0 -0.55 0.95 0 -0.32 0.71 0 -0.71 0.71 0 -0.71 0.89 0 0.45 1 0 0 1 0 0 1 0 0 1 0 0 0.71 0 0.71 0.71 0 0.71 0.83 0 0.55 0.95 0 0.32 1 0 0 1 0 0 1 0 0 1 0 0 1 0 0 1 0 0 0.71 0 0.71 0.71 0 0.71 0.89 0 0.45 0.71 0 -0.71 0.45 0 -0.89 0.89 0 -0.45 0.89 0 -0.45 1 0 0 0.45 0 -0.89 0 0 -1 0 0 -1 1 0 0 1 0 0 1 0 0 0.89 0 -0.45 0.95 0 0.32 0.45 0 -0.89 0.83 0 0.55 0.71 0 0.71 0 0 -1 0 0 -1 0 0 -1 0.71 0 0.71 0 0 -1 0 0 -1 0 0 -1 0 0 -1 0 0 -1 0.89 0 -0.45 0.45 0 -0.89 0 0 -1 0 0 -1 1 0 0 1 0 0 0 0 -1 0 0 -1 0.45 0 -0.89 0 0 -1 0.89 0 -0.45 0 0 -1 0.89 0 -0.45 0.45 0 -0.89 -0.45 0 -0.89 -0.89 0 -0.45 -1 0 0 -1 0 0 0 0 1 0 0 1 0 0 1 0 0 1 1 0 0 1 0 0 0.89 0 0.45 0.45 0 0.89 0 0 1 0 0 1 0.89 0 0.45 0.45 0 0.89 0 0 1 1 0 0 1 0 0 0 0 1 1 0 0 1 0 0 1 0 0 1 0 0 0.45 0 -0.89 0 0 -1 0 0 -1 0.89 0 -0.45 1 0 0 1 0 0 1 0 0 1 0 0 1 0 0 1 0 0 0 0 -1 0 0 -1 0 0 -1 0 0 -1 0 0 -1 0 0 -1 0 0 -1 0 0 -1 0 0 -1 0 0 -1 0 0 -1 0 0 -1 0 0 -1 0 0 -1 0 0 -1 0 0 -1 -1 0 0 -1 0 0 -1 0 0 -1 0 0 -1 0 0 -1 0 0 -1 0 0 -1 0 0 -1 0 0 -1 0 0 -1 0 0 -1 0 0 -1 0 0 -0.89 0 0.45 -0.45 0 0.89 -1 0 0 0 0 1 0 0 1 0 0 1 0 0 1 0 0 1 0 0 1 0 0 1 0 0 1 0 0 1 0 0 1 0 0 1 0 0 1 0 0 1 0 0 1 0 0 -1 0 0 -1 0 0 -1 0 0 -1 0.71 0 -0.71 0.71 0 -0.71 0 0 -1 0 0 -1 1 0 0 1 0 0 0.71 0 -0.71 0.71 0 -0.71 0.71 0 -0.71 0.71 0 -0.71 0 0 -1 0 0 -1 0 0 -1 0 0 -1 0 0 -1 0 0 -1 0 0 -1 0 0 -1 0 0 -1 0 0 -1 0 0 -1 0 0 -1 0 0 -1 -0.71 0 -0.71 0 0 -1 -0.71 0 -0.71 -1 0 0 -1 0 0 -1 0 0 -1 0 0 -1 0 0 -1 0 0 -1 0 0 -1 0 0 -1 0 0 -1 0 0 -1 0 0 -1 0 0 -1 0 0 -1 0 0 -1 0 0 -1 0 0 -1 0 0 -1 0 0 0 0 1 0 0 1 0 0 1 0 0 1 0 0 1 0 0 1 0 0 1 0 0 1 0 0 1 0 0 1 0 0 1 0 0 1 0 0 1 0 0 1 0 0 1 0 0 1 1 0 0 1 0 0 1 0 0 1 0 0 0 0 1 0.71 0 0.71 0 0 1 1 0 0 1 0 0 0.71 0 0.71 -0.97 0.08 0.24 -0.82 0.01 0.57 -0.93 0 0.37 -0.85 -0.02 0.52 -0.93 0 0.37 -0.57 0 0.82 -0.41 0 0.91 -0.08 0 1 0.08 0 1 0.41 0 0.91 0.57 0 0.82 0.82 0 0.57 0.91 0 0.41 1 0 0.08 1 0 -0.08 0.91 0 -0.41 0.82 0 -0.57 0.59 -0.01 -0.81 0.5 0.02 -0.87 -0.58 0.02 -0.82 -0.8 -0.02 -0.6 -0.86 0.02 -0.51 0 -0.06 -1 -0.21 -0.08 -0.97 0 0 -1 0 0.03 -1 0.2 0.06 -0.98 0 0 -1 -1 -0.06 0 -0.97 -0.08 0.21 -1 0 0 -1 0.03 0 -0.98 0.06 -0.2 -1 0 0 -0.97 -0.18 -0.18 -0.96 -0.12 -0.24 -0.97 -0.08 -0.21 -0.98 0.12 -0.18 -0.97 -0.11 -0.23 -0.93 0 -0.38 -0.98 0.15 -0.15 -0.98 0.15 0.15 -0.98 0.06 0.2 -0.96 -0.12 0.24 -0.54 -0.03 -0.84 -0.18 -0.18 -0.97 -0.18 -0.18 -0.97 -0.26 -0.13 -0.96 -0.45 0 -0.89 -0.15 0.15 -0.98 -0.14 0.14 -0.98 -0.2 0.06 -0.98 -0.15 0.15 -0.98 0.15 0.15 -0.98 0.24 0.08 -0.97 0.37 0 -0.93 0.37 0 -0.93 0.24 -0.12 -0.96 0.21 -0.08 -0.97 0.18 -0.18 -0.97 -0.97 -0.18 0.18 0 -1 0 0 -1 0 0 -1 0 0 -1 0 0 -1 0 0 -1 0 0 -1 0 0 -1 0 0 -1 0 0 -1 0 0 -1 0 0 -1 0 0 -1 0 0 -1 0 0 -1 0 0 -1 0 0 -1 0 0 -1 0 0 -1 0 0 -1 0 0 -1 0 0 -1 0 0 -1 0 0 -1 0 0 1 0 0 1 0 0 1 0 0 1 0 0 1 0 0 1 0 0 1 0 0 1 0 0 1 0 0 1 0 0 1 0 0 1 0 0 1 0 0 1 0 0 1 0 0 1 0 0 1 0 0 1 0 0 1 0 0 1 0 0 1 0 0 1 0 0 1 0 0 1 0 1 0 0.08 0.91 0 0.41 0.82 0 0.57 0.57 0 0.82 0.41 0 0.91 0.08 0 1 -0.08 0 1 1 0 -0.08 -0.41 0 0.91 -0.82 0 0.57 -0.57 0 0.82 -1 0 0.08 -0.91 0 0.41 -0.91 0 -0.41 -1 0 -0.08 -0.57 0 -0.82 -0.82 0 -0.57 -0.08 0 -1 -0.41 0 -0.91 0.41 0 -0.91 0.08 0 -1 0.82 0 -0.57 0.57 0 -0.82 0.91 0 -0.41 0 1 0 0 1 0 0 1 0 0 1 0 0 1 0 0 1 0 0 1 0 0 1 0 0 1 0 0 1 0 0 1 0 0 1 0 0 1 0 0 1 0 0 1 0 0 1 0 0 1 0 0 1 0 0 1 0 0 1 0 0 1 0 0 1 0 0 1 0 0 1 0 0 -1 0 0 -1 0 0 -1 0 0 -1 0 0 -1 0 0 -1 0 0 -1 0 0 -1 0 0 -1 0 0 -1 0 0 -1 0 0 -1 0 0 -1 0 0 -1 0 0 -1 0 0 -1 0 0 -1 0 0 -1 0 0 -1 0 0 -1 0 0 -1 0 0 -1 0 0 -1 0 0 -1 0 0 -1 0 0 -1 0 0 -1 0 0 -1 0 0 -1 0 0 -1 0 0 -1 0 0 -1 0 0 -1 0 0 -1 0 0 -1 0 0 -1 0 0 -1 0 0 -1 0 0 -1 0 0 -1 0 0 -1 0 0 -1 0 0 -1 0 0 -1 0 0 -1 0 0 -1 0 0 -1 0 0 -1 0 0 -1 0 0 -1 0 0 -1 0 0 -1 0 0 -1 0 0 -1 0 0 -1 0 0 -1 0 0 -1 0 0 -1 0 0 -1 0 0 -1 0 0 -1 0 0 -1 0 0 -1 0 0 -1 0 0 -1 0 0 -1 0 0 -1 0 0 -1 0 0 -1 0 0 -1 0 0 -1 0 0 -1 0 0 -1 0 0 -1 0 0 -1 0 0 -1 0 0 -1 0 0 -1 0 0 -1 0 0 -1 0 0 -1 0 0 -1 0 0 -1 0 0 -1 0 0 -1 0 0 -1 0 0 -1 0 0 -1 0 0 -1 0 0 -1 0 0 -1 0 0 -1 0 0 -1 0 0 -1 0 0 -1 0 0 -1 0 0 -1 0 0 -1 0 0 -1 0 0 -1 0 0 -1 0 0 -1 0 0 -1 0 0 -1 0 0 -1 0 0 -1 0 0 -1 0 0 -1 0 0 -1 0 0 -1 0 0 -1 0 0 -1 0 0 -1 0 0 -1 0 0 -1 0 0 0 1 0 1 0 0 -1 0 0 -1 0 0 -1 0 0 -1 0 0 -1 0 0 -1 0 0 -1 0 0 -1 0 0 1 0 0 -1 0 0 -1 0 -0.82 0 0.57 -0.71 0 0.71 -0.71 0 0.71 0.97 0.09 -0.22 1 0.06 0 1 0 0 0.84 0.05 -0.54 0.86 0.07 -0.5 0.71 0 -0.71 0.5 0 -0.87 0.71 0 -0.71 0.54 0 -0.84 0.71 0 -0.71 0.71 0 -0.71 1 -0.01 0 0.89 -0.01 -0.46 1 -0.05 0 0.89 -0.02 -0.46 0.85 -0.01 0.53 1 0 0 1 -0.05 0 0.89 -0.02 0.46 0.71 -0.01 0.71 0.71 -0.02 0.7 0.79 -0.23 0.57 0.71 0 0.71 0.82 -0.41 0.41 0.71 0 0.71 0.59 0.03 0.81 0.72 0.07 0.69 0.77 0.33 0.55 0.82 0.41 0.41 0.84 0.05 0.54 0.97 0.09 0.22 0.86 0.07 0.5 0.46 -0.01 0.89 -0.46 -0.01 0.89 -0.88 0 0.47 -0.71 0 0.71 -0.54 0.05 0.84 -0.46 -0.02 0.89 0 -0.01 1 0 0 1 0.5 0.07 0.86 0 0.06 1 -0.22 0.09 0.97 0 0 1 0.11 0 -0.99 -0.11 0 -0.99 -0.45 0 -0.89 -0.58 0 -0.81 -0.81 0 -0.58 -0.89 0 -0.45 -0.99 0 -0.11 -0.99 0 0.11 -0.71 0 0.71 0 -0.05 1 0.46 -0.02 0.89 0 -0.05 1 0.22 0.09 0.97 -0.5 0.07 0.86 0 -1 0 0 -1 0 0 -1 0 0 -1 0 0 -1 0 0 -1 0 0 -1 0 0 -1 0 0 -1 0 0 -1 0 0 -1 0 0 -1 0 0 -1 0 0 -1 0 0 -1 0 0 -1 0 0 -1 0 0 -1 0 0 -1 0 0 -1 0 0 -1 0 0 -1 0 0 -1 0 0 -1 0 0 -1 0 0 -1 0 0 -1 0 0 -1 0 0 -1 0 0 -1 0 0 -1 0 0 -1 0 0 -1 0 0 -1 0 0 -1 0 0 -1 0 -0.47 0.51 0.72 -0.78 0.25 0.57 -0.91 0 0.41 0.44 0.64 0.64 0.64 0.64 0.44 0.68 0.68 0.29 0.06 0.71 0.71 0.31 0.67 0.67 -0.28 0.68 0.68 -0.06 0.71 0.71 -1 0 0.08 -0.91 0 -0.41 -1 0 -0.08 -0.57 0 -0.82 -0.82 0 -0.57 -0.08 0 -1 -0.41 0 -0.91 0.43 0 -0.9 0.08 0 -1 0.72 0.51 -0.47 0.57 0.25 -0.78 0.71 0.71 0.06 0.71 0.71 -0.06 0.67 0.67 -0.31 0.67 0.67 -0.33 0.7 0.7 -0.08 0.58 0.73 -0.36 0.58 0.73 0.36 0.38 0.77 0.51 0.67 0.67 0.3 0.26 0.77 0.58 0.07 0.74 0.67 -0.08 0.7 0.7 -0.37 0.66 0.66 -0.47 0.62 0.62 -0.65 0.65 0.4 0.7 0.7 0.08 -0.81 0.51 0.3 -0.94 0.31 0.1 -0.95 0.32 0 -0.78 0.52 -0.35 -0.62 0.62 -0.47 -0.4 0.65 -0.65 -0.3 0.51 -0.81 -0.1 0.29 -0.95 0 0.37 -0.93 0.3 0.67 -0.67 0.42 0.77 -0.49 0 0 -1 0 0 -1 0 0.95 0.32 0 0.83 0.55 0 0.71 0.71 0 0.71 0.71 0 0.55 0.84 0 0.45 0.89 0.04 0.45 0.89 -0.02 0 1 -0.02 -0.45 0.89 0 -0.52 0.86 0 -0.59 0.8 0 -0.83 0.55 0 -1 0 0 -1 0 0 -1 0 0 -0.83 -0.55 0 -1 0 0 -0.59 -0.8 0 -0.37 -0.93 0 -0.24 -0.97 0 0.24 -0.97 0 0 -1 0 0.55 -0.84 0 0.71 -0.71 0 0.71 -0.71 0 0.95 -0.32 0 0.83 -0.55 0 1 0 0 1 0 0 0 -1 0 -1 0 0 -1 0 -0.06 -0.71 0.71 0 0 1 -0.04 0.45 0.89 0.71 0.71 0 0.71 0.71 0 0.71 0.71 0 -0.97 -0.24 0 -1 0 0 -1 0 0 0.8 -0.59 0 0.8 -0.61 0 0.55 -0.83 0 -0.93 -0.37 0 -0.8 -0.59 0 0.8 -0.6 -0.02 1 0 -0.02 0.71 -0.71 -0.06 0.89 -0.45 0 0.8 0.6 0 0.89 0.45 0.04 0.89 0.45 -0.04 0.55 0.83 0 0.32 0.95 0 0 1 0 0 1 0 0 -1 0 0 -1 0 -0.55 -0.83 0 0 -1 0 0 -1 0 0 -1 0 0 -1 0 -0.55 0.83 0 -0.32 0.95 0 -0.71 0.71 0 -0.71 0.71 0 -0.84 0.55 0 -0.97 0.24 0 -1 0 0 -1 0 0 0 1 0 0 1 0 0 1 0 0 -1 0 0 -1 0 0 -1 0 0 -1 0 0 -1 0 0 -1 0 0 1 0 0 1 0 0 1 0 0 1 0 0 1 0 0 1 0 0 1 0 0 1 0 0 0 1 0 1 0 0 -1 0 0 -1 0 0 1 0 0 1 0 0 1 0 0 1 0 0 1 0 0 -1 0 0 -1 0 0 1 0 0 1 0 0 1 0 0 1 0 0 1 0 0 1 0 0 1 0 0 1 0 0 1 0 0 1 0 0 1 0 0 1 0 0 1 0 0 1 0 0 1 0 0 1 0 0 1 0 0 1 0 0 1 0 0 -1 0 0 -1 0 0 -1 0 0 -1 0 0 -1 0 0 -1 0 0 -1 0 0 -1 0 0 -1 0 0 -1 0 0 -1 0 0 -1 0 -0.57 0.77 -0.29 -0.62 0.74 -0.25 -0.67 0.67 -0.33 -0.35 0.81 -0.46 -0.51 0.81 -0.3 -0.09 0.75 -0.66 -0.29 0.77 -0.57 0.35 0.7 -0.62 0.1 0.7 -0.7 0.74 0.62 -0.25 0.85 0.51 -0.17 0.55 0.77 -0.33 0.33 0.67 -0.67 0.89 0 -0.45 0 1 0 0 1 0 0 1 0 1 0 0 1 0 0 1 0 0 1 0 0 1 0 0 1 0 0 0 -1 0 0 -1 0 0 -1 0 0 -1 0 0 -1 0 0 -1 0 0 -1 0 0 -1 0 0 -1 0 0 -1 0 0 -1 0 0 1 0 0 1 0 0 1 0 0 1 0 0 1 0 0 1 0 0 1 0 0 1 0 0 1 0 0 1 0 0 1 0 0 1 0 0.45 0 -0.89 0.14 0 -0.99 -0.12 0 -0.99 -0.51 0 -0.86 -0.86 0 -0.51 -0.92 0 -0.39 -0.39 0 -0.92 -0.95 0 -0.32 0.45 0 -0.89 0.87 0 -0.5 0.6 0 -0.8 0.95 0 -0.32 0.95 0 -0.32 0.45 0 -0.89 -0.95 0 -0.32 0.45 0 0.89 0.58 -0.01 0.81 0.45 0 0.89 0.89 0 0.45 0.93 0 0.37 0.86 -0.02 0.51 0.49 0 0.87 -0.71 0 0.71 -0.89 0 0.45 -0.89 0 0.45 -0.12 0 0.99 -0.5 0 0.87 0.14 0 0.99 0.89 0 0.45 -0.89 0 0.45 -0.89 0 0.45 -0.29 0.77 0.57 -0.09 0.75 0.66 0.12 0.7 0.7 0.36 0.72 0.6 0.46 0.76 0.46 0.6 0.75 0.3 0.33 0.67 0.67 -0.67 0.67 0.33 -0.67 0.67 0.33 -0.6 0.72 0.36 -0.39 0.78 0.49 -0.67 0.67 0.33 0.85 0.51 0.17 0.87 0.44 0.22 1 0 0 -0.97 0 0.24 -1 0 0 -1 0 0 -0.93 0 0.37 -0.89 0 0.45 -0.89 0 0.45 -0.37 0 0.93 -0.45 0 0.89 -0.45 0 0.89 0 0 1 -0.24 0 0.97 0 0 1 0 0 -1 -0.2 0 -0.98 -0.45 0 -0.89 -0.71 0 -0.71 -0.71 0 -0.71 0 0 -1 -0.89 0 -0.45 -0.71 0 -0.71 -0.71 0 -0.71 -0.98 0 -0.2 -1 0 0 -1 0 0 0.37 0 -0.93 0.45 0 -0.89 0.45 0 -0.89 0 0 -1 0.24 0 -0.97 0 0 -1 0.97 0 -0.24 1 0 0 1 0 0 0.89 0 -0.45 0.93 0 -0.37 0.89 0 -0.45 0.45 0 0.89 0.71 0 0.71 0.71 0 0.71 0.2 0 0.98 0 0 1 0 0 1 1 0 0 0.98 0 0.2 0.89 0 0.45 1 0 0 0.71 0 0.71 0.71 0 0.71 0 0 1 -0.32 0 0.95 -0.55 0 0.83 0 0 1 -0.95 0 0.32 -1 0 0 -1 0 0 -0.83 0 0.55 -0.95 0 -0.32 -1 0 0 -1 0 0 -0.55 0 -0.83 -0.83 0 -0.55 0 0 -1 -0.32 0 -0.95 0 0 -1 -1 0 0 -1 0 0 -1 0 0 -1 0 0 0 -1 0 0 -1 0 0 -1 0 0 -1 0 0 0 -1 0 0 -1 0 0 -1 0 0 -1 0 0 1 0 0 1 0 0 1 0 0 1 -1 0 0 -1 0 0 -1 0 0 -1 0 0 0 0 1 0 0 1 0 0 1 0 0 1 0 -1 0 0 -1 0 0 -1 0 0 -1 0 0 0 -1 0 0 -1 0 0 -1 0 0 -1 0 1 0 0 1 0 0 1 0 0 1 0 -1 0 0 -1 0 0 -1 0 0 -1 0 0 0 0 1 0 0 1 0 0 1 0 0 1 0 -1 0 0 -1 0 0 -1 0 0 -1 0 0 0 -1 0 0 -1 0 0 -1 0 0 -1 0 1 0 0 1 0 0 1 0 0 1 0 -1 0 0 -1 0 0 -1 0 0 -1 0 0 0 0 1 0 0 1 0 0 1 0 0 1 0 -1 0 0 -1 0 0 -1 0 0 -1 0 0 0 -1 0 0 -1 0 0 -1 0 0 -1 0 1 0 0 1 0 0 1 0 0 1 0 -1 0 0 -1 0 0 -1 0 0 -1 0 0 0 0 1 0 0 1 0 0 1 0 0 1 0 -1 0 0 -1 0 0 -1 0 0 -1 0 0 0 -1 0 0 -1 0 0 -1 0 0 -1 0 1 0 0 1 0 0 1 0 0 1 0 -1 0 0 -1 0 0 -1 0 0 -1 0 0 0 0 1 0 0 1 0 0 1 0 0 1 0 -1 0 0 -1 0 0 -1 0 0 -1 0 0 0 -1 0 0 -1 0 0 -1 0 0 -1 0 1 0 0 1 0 0 1 0 0 1 0 -1 0 0 -1 0 0 -1 0 0 -1 0 0 0 1 0 0 1 0 0 1 0 0 1 0 0 0 1 0 0 1 0 0 1 0 0 1 0 -1 0 0 -1 0 0 -1 0 0 -1 0 0 0 -1 0 0 -1 0 0 -1 0 0 -1 -1 0 0 -1 0 0 -1 0 0 -1 0 0 -1 0 0 -1 0 0 -1 0 0 -1 0 0 -1 0 0 -1 0 0 -1 0 0 -1 0 0 0 0 1 0 0 1 0 0 1 0 0 1 0 0 -1 0 0 -1 0 0 -1 0 0 -1 0 1 0 0 1 0 0 1 0 0 1 0 0 1 0 0 1 0 0 1 0 0 1 0 0 1 0 0 1 0 0 1 0 0 1 0 0 1 0 0 1 0 0 1 0 0 1 0 0 1 0 0 1 0 0 1 0 0 1 0 0 1 0 0 0 1 0 0 1 0 0 1 0 0 1 -1 0 0 -1 0 0 -1 0 0 -1 0 0 0 0 -1 0 0 -1 0 0 -1 0 0 -1 0 -1 0 0 -1 0 0 -1 0 0 -1 0 0 -1 0 0 -1 0 0 -1 0 0 -1 0 0 -1 0 0 -1 0 0 -1 0 0 -1 0 0 -1 0 0 -1 0 0 -1 0 0 -1 0 0 -1 0 0 -1 0 0 -1 0 0 -1 0 0 -1 0 0 -1 0 0 -1 0 0 -1 0 0.94 0 -0.35 1 0 0 0.76 0 -0.65 0.49 0 -0.87 0.41 0 -0.91 0.11 0 -0.99 -0.11 0 -0.99 -0.45 0 -0.89 -0.58 0 -0.81 -0.81 0 -0.58 -0.89 0 -0.45 -0.95 0 -0.32 -0.95 0 -0.32 1 0 0 0 -1 0 0 -1 0 0 -1 0 0 -1 0 0 -1 0 0 -1 0 0 -1 0 0 -1 0 0 -1 0 0 -1 0 0 -1 0 0 -1 0 0 -1 0 0 -1 0 0 -1 0 0 -1 0 0 -1 0 0 -1 0 0 -1 0 0 -1 0 0 -1 0 0 -1 0 0 -1 0 0 -1 0 0.49 0 -0.87 0.76 0 -0.65 0.41 0 -0.91 1 0 0 0.94 0 -0.35 1 0 0 -0.11 0 -0.99 -0.45 0 -0.89 0.11 0 -0.99 -0.58 0 -0.81 -0.81 0 -0.58 -0.89 0 -0.45 -0.95 0 -0.32 -0.95 0 -0.32 0 -1 0 0 -1 0 0 -1 0 0 -1 0 0 -1 0 0 -1 0 0 -1 0 0 -1 0 0 -1 0 0 -1 0 0 -1 0 0 -1 0 0 -1 0 0 -1 0 0 -1 0 0 -1 0 0 -1 0 0 -1 0 0 -1 0 0 -1 0 0 -1 0 0 -1 0 0 -1 0 0 -1 0 0.81 0 -0.58 0.58 0 -0.81 0.89 0 -0.45 0.45 0 -0.89 0.11 0 -0.99 -0.11 0 -0.99 -0.45 0 -0.89 0.95 0 -0.32 0.95 0 -0.32 -0.58 0 -0.81 -0.81 0 -0.58 -0.89 0 -0.45 -0.95 0 -0.32 -0.95 0 -0.32 0 -1 0 0 -1 0 0 -1 0 0 -1 0 0 -1 0 0 -1 0 0 -1 0 0 -1 0 0 -1 0 0 -1 0 0 -1 0 0 -1 0 0 -1 0 0 -1 0 0 -1 0 0 -1 0 0 -1 0 0 -1 0 0 -1 0 0 -1 0 0 -1 0 0 -1 0 0 -1 0 0 -1 0 0.89 0 -0.45 0.95 0 -0.32 0.81 0 -0.58 0.58 0 -0.81 0.45 0 -0.89 0.11 0 -0.99 -0.11 0 -0.99 -0.45 0 -0.89 -0.58 0 -0.81 -0.81 0 -0.58 -0.89 0 -0.45 -0.95 0 -0.32 -0.95 0 -0.32 0.95 0 -0.32 -0.71 0 -0.71 -0.71 0 -0.71 -0.71 0 -0.71 -0.24 0 -0.97 -0.71 0 -0.71 0.2 0 -0.98 0.51 0 -0.86 0.6 0 -0.8 0.83 0 -0.55 0.95 0 -0.32 1 0 0 1 0 0 -0.71 0 -0.71 -0.71 0 -0.71 0 0 -1 -0.55 0 -0.83 0 0 -1 -0.8 0 -0.6 -0.86 0 -0.51 0.37 0 -0.93 0.71 0 -0.71 0.93 0 -0.37 0.97 0 -0.24 1 0 0 1 0 0 -0.8 0 -0.6 -0.71 0 -0.71 -0.71 0 -0.71 0 1 0 0 1 0 0 1 0 0 1 0 0 1 0 0 1 0 0 1 0 0 1 0 0 1 0 0 1 0 0 1 0 0 1 0 0.11 0 -0.99 0.45 0 -0.89 -0.11 0 -0.99 0.58 0 -0.81 0.81 0 -0.58 -0.45 0 -0.89 -0.58 0 -0.81 -0.81 0 -0.58 -0.89 0 -0.45 -0.95 0 -0.32 -0.95 0 -0.32 0.95 0 -0.32 0.89 0 -0.45 0.95 0 -0.32 0 1 0 0 1 0 0 1 0 0 1 0 0 1 0 0 1 0 0 1 0 0 1 0 0 1 0 0 1 0 0 1 0 0 1 0 0 1 0 0 1 0 0 1 0 0 1 0 0 1 0 0 1 0 0 1 0 0 1 0 0 1 0 0 1 0 0 1 0 0 1 0 0.45 0 -0.89 0.75 0 -0.66 0.34 0 -0.94 0.09 0 -1 -0.1 0 -1 -0.41 0 -0.91 -0.49 0 -0.87 -0.75 0 -0.66 -0.89 0 -0.45 -0.97 0 -0.24 -0.97 0 -0.24 0.97 0 -0.24 0.89 0 -0.45 0.97 0 -0.24 0 1 0 0 1 0 0 1 0 0 1 0 0 1 0 0 1 0 0 1 0 0 1 0 0 1 0 0 1 0 0 1 0 0 1 0 0 1 0 0 1 0 0 1 0 0 1 0 0 1 0 0 1 0 0 1 0 0 1 0 0 1 0 0 1 0 0 1 0 0 1 0 -0.82 0 -0.58 -0.58 0 -0.82 -0.42 0 -0.91 -0.96 0 -0.26 -0.91 0 -0.42 0.09 0 -1 0.42 0 -0.91 0.58 0 -0.82 -0.96 0 -0.26 -0.09 0 -1 0.82 0 -0.58 0.96 0 -0.26 0.91 0 -0.42 0.96 0 -0.26 0 1 0 0 1 0 0 1 0 0 1 0 0 1 0 0 1 0 0 1 0 0 1 0 0 1 0 0 1 0 0 1 0 0 1 0 0 1 0 0 1 0 0 1 0 0 1 0 0 1 0 0 1 0 0 1 0 0 1 0 0 1 0 0 1 0 0 1 0 0 1 0 0 1 0 0 1 0 -0.18 0.38 -0.91 0 0.45 -0.89 -0.35 0 -0.94 0.57 0 -0.82 0.25 0.28 -0.93 0.7 0 -0.72 0.87 0 -0.5 0.92 0 -0.39 -0.54 0 -0.84 -0.68 0 -0.73 -0.88 0 -0.48 -0.94 0 -0.35 0.96 0 -0.27 0.96 0 -0.27 0.32 0 -0.95 -0.98 0 -0.21 -0.98 0 -0.21 0 -1 0 0 -1 0 0 -1 0 0 -1 0 0 -1 0 0 -1 0 0 -1 0 0 -1 0 0 1 0 0 1 0 0 1 0 0 1 0 0 1 0 0 1 0 0 1 0 0 1 0 0 1 0 0 1 0 0 1 0 0 1 0 0 1 0 0 1 0 0 1 0 0 1 0 0 1 0 0 1 0 0 1 0 0 1 0 0 1 0 0 1 0 0 1 0 0 1 0 0 1 0 0 1 0 0 1 0 0 1 0 0 1 0 0 1 0 0 1 0 0 1 0 0 1 0 0 1 0 0 1 0 0 1 0 0 1 0 0 1 0 0 1 0 0 1 0 0 1 0 0 1 0 0 1 0 0 1 0 0 1 0 0 1 0 0 1 0 0 1 0 0 1 0 0 1 0 0 1 0 0 1 0 0 1 0 0 1 0 0 1 0 0 1 0 0 1 0 0 1 0 0 1 0 0 1 0 0 1 0 0 1 0 0 1 0 0 1 0 0 1 0 0 1 0 0 1 0 0 1 0 0 1 0 0 1 0 0 1 0 0 1 0 0 1 0 0 1 0 0 1 0 0 1 0 0.71 0 -0.71 0.71 0 -0.71 0.71 0 -0.71 0.71 0 -0.71 0.71 0 0.71 0.71 0 0.71 0.71 0 0.71 0.71 0 0.71 -0.75 0 0.66 -0.75 0 0.66 -0.75 0 0.66 -0.75 0 0.66 -0.75 0 -0.66 -0.75 0 -0.66 -0.75 0 -0.66 -0.75 0 -0.66 0 -1 0 0 -1 0 0 -1 0 0 -1 0 0 -1 0 0 -1 0 0 -1 0 0 -1 0 0 -1 0 0 -1 0 0 -1 0 0 -1 0 0 -1 0 0 -1 0 0 -1 0 0 -1 0 0 -1 0 0 -1 0 0 -1 0 0 -1 0 0.71 0 0.71 0.71 0 0.71 0.71 0 0.71 0.71 0 0.71 -0.71 0 0.71 -0.71 0 0.71 -0.71 0 0.71 -0.71 0 0.71 -0.71 0 -0.71 -0.71 0 -0.71 -0.71 0 -0.71 -0.71 0 -0.71 0.71 0 -0.71 0.71 0 -0.71 0.71 0 -0.71 0.71 0 -0.71 0 -1 0 0 -1 0 0 -1 0 0 -1 0 0 -1 0 0 -1 0 0 -1 0 0 -1 0 0 -1 0 0 -1 0 0 -1 0 0 -1 0 0 -1 0 0 -1 0 0 -1 0 0 -1 0 0 -1 0 0 -1 0 0 -1 0 0 -1 0 0 -1 0 0 -1 0 0 -1 0 0 -1 0 0 -1 0 0 -1 0 0 -1 0 0 -1 0 0 -1 0 0 -1 0 0 -1 0 0 -1 0 0 -1 0 0 -1 0 0 -1 0 0 -1 0 0 -1 0 0 -1 0 0 -1 0 0 -1 0 0 -1 0 0 -1 0 0 -1 0 0 -1 0 0 -1 0 0 -1 0 0 -1 0 0 -1 0 0 -1 0 0 -1 0 0 -1 0 0 -1 0 0 -1 0 0 -1 0 0 -1 0 0 -1 0 0 -1 0 0 -1 0 0 -1 0 0 -1 0 0 -1 0 0 -1 0 0 -1 0 0 -1 0 0 -1 0 0 -1 0 0 1 0 0 1 0 0 1 0 0 1 0 0 1 0 0 1 0 0 0 1 0 0 1 0 0 1 0 0 1 0 0 1 0 0 1 0 0 1 0 0 1 0 0 1 0 0 1 0 0 1 0 0 1 0 0 1 -0.75 0 0.66 -0.75 0 0.66 -0.75 0 0.66 -0.75 0 0.66 -0.75 0 -0.66 -0.75 0 -0.66 -0.75 0 -0.66 -0.75 0 -0.66 0 0 -1 0 0 -1 0 0 -1 0 0 -1 0 0 -1 0 0 -1 0 0 -1 0 0 -1 0 0 -1 0 0 -1 0 0 -1 0 0 -1 0 0 -1 0.71 0 -0.71 0.71 0 -0.71 0.71 0 -0.71 0.71 0 -0.71 1 0 0 1 0 0 1 0 0 1 0 0 1 0 0 1 0 0 1 0 0 1 0 0 1 0 0 1 0 0 1 0 0 1 0 0 1 0 0 0.71 0 0.71 0.71 0 0.71 0.71 0 0.71 0.71 0 0.71 0 1 0 0 1 0 0 1 0 0 1 0 0 1 0 0 1 0 0 1 0 0 1 0 0 1 0 0 1 0 0 1 0 0 1 0 0 1 0 0 1 0 0 1 0 0 1 0 0 1 0 0 1 0 0 1 0 0 1 0 0 1 0 0 1 0 -0.55 0 -0.83 0 0 -1 -0.8 0 -0.6 0 0 -1 0.37 0 -0.93 0.71 0 -0.71 0.93 0 -0.37 0.97 0 -0.24 1 0 0 -0.86 0 -0.51 -0.8 0 -0.6 -0.71 0 -0.71 1 0 0 -0.71 0 -0.71 -0.24 0 -0.97 -0.71 0 -0.71 0.2 0 -0.98 0.51 0 -0.86 0.6 0 -0.8 0.83 0 -0.55 0.95 0 -0.32 1 0 0 1 0 0 -0.71 0 -0.71 -0.71 0 -0.71 -0.71 0 -0.71 -0.71 0 -0.71 -0.71 0 -0.71 0 0 1 0 0 1 0 0 1 0 0 1 0 -1 0 0 -1 0 0 -1 0 0 -1 0 0 0 1 0 0 1 0 0 1 0 0 1 0 1 0 0 1 0 0 1 0 0 1 0 0 1 0 0 1 0 0 1 0 0 1 0 0 1 0 0 0 -1 0 0 -1 0 0 -1 0 0 -1 0 -1 0 0 -1 0 0 -1 0 0 -1 0 0 -1 0 0 0 -1 0 0 -1 0 0 -1 0 0 -1 -1 0 0 -1 0 0 -1 0 0 -1 0 0 -1 0 0 -1 0 0 -1 0 0 -1 0 0 -1 0 0 -1 0 0 -1 0 0 -1 0 0 -1 0 0 -1 0 0 -1 0 0 -1 0 0 -1 0 0 -1 0 0 -1 0 0 -1 0 0 -1 0 0 -1 0 0 -1 0 0 -1 0 0 -1 0 0 -1 0 0 -1 0 0 -1 0 0 -1 0 0 -1 0 0 -1 0 0 -1 0 0 -1 0 0 -1 0 0 -1 0 0 -1 0 0 -1 0 0 -1 0 0 -1 0 0 -1 0 0 -1 0 0 -1 0 0 -1 0 0 -1 0 0 0 -1 0 0 -1 0 0 -1 0 0 -1 0 0 -1 0 0 -1 0 0 -1 0 0 -1 0 -1 0 0 -1 0 0 -1 0 0 -1 0 0 -1 0 0 -1 0 0 -1 0 0 -1 0 0 -1 0 0 -1 0 0 -1 0 0 -1 0 0 -1 0 0 -1 0 0 -1 0 0 -1 0 0 -1 0 0 -1 0 0 -1 0 0 -1 0 0 -1 0 0 -1 0 0 -1 0 0 -1 0 0 -1 0 0 -0.8 0 0.6 -0.55 0 0.83 -0.86 0 0.51 -0.89 0 0.45 -0.89 0 0.45 0.98 0 0.2 1 0 0 0.89 0 0.45 0.45 0 0.89 0.2 0 0.98 -0.32 0 0.95 0 0 1 0 0 1 1 0 0 0.98 0 0.2 1 0 0 0.89 0 0.45 0.45 0 0.89 0.2 0 0.98 0 0 1 0 0 1 -0.32 0 0.95 -0.55 0 0.83 -0.8 0 0.6 -0.86 0 0.51 -0.89 0 0.45 -0.89 0 0.45 1 0 0 -0.94 0 0.34 -0.98 0 0.2 -0.87 0 0.49 -0.98 0 0.2 -0.67 0 0.74 -0.56 0 0.83 0.86 0 0.51 0.68 0 0.73 0.92 0 0.38 0.97 0 0.26 0.97 0 0.26 0 0 1 -0.27 0 0.96 -0.32 0 0.95 0.19 0 0.98 0.58 0 0.81 0.38 0 0.92 -0.42 0 0.91 -0.09 0 1 0.09 0 1 0.42 0 0.91 0.58 0 0.82 0.82 0 0.58 0.91 0 0.42 0.96 0 0.26 0.96 0 0.26 -0.82 0 0.58 -0.58 0 0.82 -0.91 0 0.42 -0.96 0 0.26 -0.96 0 0.26 -0.89 0 0.45 -0.97 0 0.24 -0.75 0 0.66 -0.1 0 1 -0.41 0 0.91 0.09 0 1 -0.49 0 0.87 -0.97 0 0.24 0.34 0 0.94 0.45 0 0.89 0.75 0 0.66 0.89 0 0.45 0.97 0 0.24 0.97 0 0.24 0.11 0 0.99 0.45 0 0.89 -0.11 0 0.99 0.58 0 0.81 0.81 0 0.58 0.89 0 0.45 0.95 0 0.32 -0.81 0 0.58 -0.58 0 0.81 -0.89 0 0.45 -0.45 0 0.89 0.95 0 0.32 -0.95 0 0.32 -0.95 0 0.32 1 0 0 0.98 0 0.2 1 0 0 0.89 0 0.45 0.45 0 0.89 0.2 0 0.98 0 0 1 0 0 1 -0.32 0 0.95 -0.55 0 0.83 -0.8 0 0.6 -0.86 0 0.51 -0.89 0 0.45 -0.89 0 0.45 1 0 0 0.98 0 0.2 1 0 0 0.45 0 0.89 0.89 0 0.45 0.2 0 0.98 -0.32 0 0.95 0 0 1 -0.55 0 0.83 -0.8 0 0.6 -0.86 0 0.51 0 0 1 -0.89 0 0.45 -0.89 0 0.45 0.11 0 0.99 0.45 0 0.89 -0.11 0 0.99 0.95 0 0.32 0.89 0 0.45 0.95 0 0.32 0.81 0 0.58 -0.45 0 0.89 0.58 0 0.81 -0.58 0 0.81 -0.95 0 0.32 -0.89 0 0.45 -0.95 0 0.32 -0.81 0 0.58 0.95 0 0.32 0.89 0 0.45 0.95 0 0.32 -0.89 0 0.45 -0.95 0 0.32 -0.81 0 0.58 -0.58 0 0.81 -0.45 0 0.89 -0.11 0 0.99 0.11 0 0.99 -0.95 0 0.32 0.45 0 0.89 0.58 0 0.81 0.81 0 0.58 0.76 0 0.65 0.49 0 0.87 0.94 0 0.35 0.41 0 0.91 0.11 0 0.99 -0.11 0 0.99 -0.45 0 0.89 1 0 0 1 0 0 -0.89 0 0.45 -0.95 0 0.32 -0.81 0 0.58 -0.58 0 0.81 -0.95 0 0.32 -0.81 0 0.58 -0.58 0 0.81 -0.89 0 0.45 -0.95 0 0.32 -0.95 0 0.32 -0.45 0 0.89 -0.11 0 0.99 0.11 0 0.99 0.41 0 0.91 0.49 0 0.87 0.76 0 0.65 0.94 0 0.35 1 0 0 1 0 0 -0.65 -0.65 0.39 -0.67 -0.67 0.33 -0.67 -0.67 0.33 -0.49 -0.62 0.62 -0.62 -0.62 0.49 -0.12 -0.7 0.7 -0.43 -0.64 0.64 0.35 -0.7 0.62 0.12 -0.7 0.7 0.74 -0.62 0.25 0.85 -0.51 0.17 0.55 -0.77 0.33 0.33 -0.67 0.67 0.89 0 0.45 0 -1 0 0 -1 0 0 -1 0 1 0 0 1 0 0 1 0 0 1 0 0 1 0 0 1 0 0 0 1 0 0 1 0 0 1 0 0 1 0 0 1 0 0 1 0 0 1 0 0 1 0 0 1 0 0 1 0 0 1 0 0 1 0 0 -1 0 0 -1 0 0 -1 0 0 -1 0 0 -1 0 0 -1 0 0 -1 0 0 -1 0 0 -1 0 0 -1 0 0 -1 0 0 -1 0 0.45 0 0.89 0.16 0 0.99 -0.16 0 0.99 -0.64 0 0.77 -0.77 0 0.64 -0.83 0 0.55 -0.55 0 0.83 -0.89 0 0.45 0.51 0.01 0.86 0.87 0.01 0.5 0.58 0.01 0.81 0.95 0 0.32 0.89 0 0.45 0.89 0 0.45 0.45 0 0.89 -0.89 0 0.45 0.45 0 -0.89 0.69 0 -0.73 0.45 0 -0.89 0.95 0 -0.32 0.8 0 -0.6 0.45 0 -0.89 -0.45 0 -0.89 -0.71 0 -0.71 -0.87 0 -0.5 -0.16 0 -0.99 -0.45 0 -0.89 0.16 0 -0.99 0.95 0 -0.32 -0.95 0 -0.32 -0.95 0 -0.32 -0.39 -0.65 -0.65 -0.12 -0.7 -0.7 0.12 -0.7 -0.7 0.36 -0.72 -0.6 0.46 -0.76 -0.46 0.6 -0.75 -0.3 0.33 -0.67 -0.67 -0.62 -0.74 -0.25 -0.52 -0.78 -0.35 -0.44 -0.78 -0.44 -0.36 -0.72 -0.6 -0.69 -0.69 -0.23 0.85 -0.51 -0.17 0.87 -0.44 -0.22 1 0 0 -0.98 0 -0.2 -1 0 0 -1 0 0 -0.89 0 -0.45 -0.71 0 -0.71 -0.71 0 -0.71 -0.2 0 -0.98 0 0 -1 0 0 -1 -0.71 0 -0.71 -0.45 0 -0.89 -0.71 0 -0.71 -0.45 0 0.89 -0.37 0 0.93 -0.24 0 0.97 0 0 1 0 0 1 -0.45 0 0.89 -0.93 0 0.37 -0.89 0 0.45 -0.89 0 0.45 -0.97 0 0.24 -1 0 0 -1 0 0 0.24 0 0.97 0 0 1 0 0 1 0.45 0 0.89 0.37 0 0.93 0.45 0 0.89 0.93 0 0.37 0.89 0 0.45 0.89 0 0.45 1 0 0 0.97 0 0.24 1 0 0 0.2 0 -0.98 0 0 -1 0 0 -1 0.45 0 -0.89 0.71 0 -0.71 0.71 0 -0.71 0.71 0 -0.71 0.89 0 -0.45 0.98 0 -0.2 0.71 0 -0.71 1 0 0 1 0 0 0 0 -1 -0.32 0 -0.95 -0.55 0 -0.83 0 0 -1 -0.95 0 -0.32 -1 0 0 -1 0 0 -0.83 0 -0.55 -0.95 0 0.32 -1 0 0 -1 0 0 -0.55 0 0.83 -0.83 0 0.55 0 0 1 -0.32 0 0.95 0 0 1 -1 0 0 -1 0 0 -1 0 0 -1 0 0 0 1 0 0 1 0 0 1 0 0 1 0 0 0 1 0 0 1 0 0 1 0 0 1 0 0 -1 0 0 -1 0 0 -1 0 0 -1 -1 0 0 -1 0 0 -1 0 0 -1 0 0 0 0 -1 0 0 -1 0 0 -1 0 0 -1 0 1 0 0 1 0 0 1 0 0 1 0 0 0 1 0 0 1 0 0 1 0 0 1 0 -1 0 0 -1 0 0 -1 0 0 -1 0 -1 0 0 -1 0 0 -1 0 0 -1 0 0 0 0 -1 0 0 -1 0 0 -1 0 0 -1 0 1 0 0 1 0 0 1 0 0 1 0 0 0 1 0 0 1 0 0 1 0 0 1 0 -1 0 0 -1 0 0 -1 0 0 -1 0 -1 0 0 -1 0 0 -1 0 0 -1 0 0 0 0 -1 0 0 -1 0 0 -1 0 0 -1 0 1 0 0 1 0 0 1 0 0 1 0 0 0 1 0 0 1 0 0 1 0 0 1 0 -1 0 0 -1 0 0 -1 0 0 -1 0 -1 0 0 -1 0 0 -1 0 0 -1 0 0 0 0 -1 0 0 -1 0 0 -1 0 0 -1 0 1 0 0 1 0 0 1 0 0 1 0 0 0 1 0 0 1 0 0 1 0 0 1 0 -1 0 0 -1 0 0 -1 0 0 -1 0 -1 0 0 -1 0 0 -1 0 0 -1 0 0 0 0 -1 0 0 -1 0 0 -1 0 0 -1 0 1 0 0 1 0 0 1 0 0 1 0 0 0 1 0 0 1 0 0 1 0 0 1 0 -1 0 0 -1 0 0 -1 0 0 -1 0 -1 0 0 -1 0 0 -1 0 0 -1 0 0 0 -1 0 0 -1 0 0 -1 0 0 -1 0 0 0 -1 0 0 -1 0 0 -1 0 0 -1 0 1 0 0 1 0 0 1 0 0 1 0 0 0 1 0 0 1 0 0 1 0 0 1 -1 0 0 -1 0 0 -1 0 0 -1 0 0 -1 0 0 -1 0 0 -1 0 0 -1 0 0 -1 0 0 -1 0 0 -1 0 0 -1 0 0 0 0 -1 0 0 -1 0 0 -1 0 0 -1 0 0 1 0 0 1 0 0 1 0 0 1 0 -1 0 0 -1 0 0 -1 0 0 -1 0 0 -1 0 0 -1 0 0 -1 0 0 -1 0 0 -1 0 0 -1 0 0 -1 0 0 -1 0 0 -1 0 0 -1 0 0 -1 0 0 -1 0 0 -1 0 0 -1 0 0 -1 0 0 -1 0 0 -1 0 0 0 -1 0 0 -1 0 0 -1 0 0 -1 -1 0 0 -1 0 0 -1 0 0 -1 0 0 0 0 1 0 0 1 0 0 1 0 0 1 0 1 0 0 1 0 0 1 0 0 1 0 0 1 0 0 1 0 0 1 0 0 1 0 0 1 0 0 1 0 0 1 0 0 1 0 0 1 0 0 1 0 0 1 0 0 1 0 0 1 0 0 1 0 0 1 0 0 1 0 0 1 0 0 1 0 0 1 0 0 1 0 0.89 0 0.45 0.95 0 0.32 0.81 0 0.58 0.58 0 0.81 0.45 0 0.89 0.11 0 0.99 -0.11 0 0.99 -0.45 0 0.89 -0.58 0 0.81 -0.81 0 0.58 -0.89 0 0.45 -0.95 0 0.32 -0.95 0 0.32 0.95 0 0.32 0 1 0 0 1 0 0 1 0 0 1 0 0 1 0 0 1 0 0 1 0 0 1 0 0 1 0 0 1 0 0 1 0 0 1 0 0 1 0 0 1 0 0 1 0 0 1 0 0 1 0 0 1 0 0 1 0 0 1 0 0 1 0 0 1 0 0 1 0 0 1 0 0.58 0 0.81 0.81 0 0.58 0.45 0 0.89 0.95 0 0.32 0.89 0 0.45 0.95 0 0.32 -0.11 0 0.99 -0.45 0 0.89 0.11 0 0.99 -0.58 0 0.81 -0.81 0 0.58 -0.89 0 0.45 -0.95 0 0.32 -0.95 0 0.32 0 1 0 0 1 0 0 1 0 0 1 0 0 1 0 0 1 0 0 1 0 0 1 0 0 1 0 0 1 0 0 1 0 0 1 0 0 1 0 0 1 0 0 1 0 0 1 0 0 1 0 0 1 0 0 1 0 0 1 0 0 1 0 0 1 0 0 1 0 0 1 0 0.81 0 0.58 0.58 0 0.81 0.89 0 0.45 0.45 0 0.89 0.11 0 0.99 -0.11 0 0.99 -0.45 0 0.89 0.95 0 0.32 0.95 0 0.32 -0.58 0 0.81 -0.81 0 0.58 -0.89 0 0.45 -0.95 0 0.32 -0.95 0 0.32 0 1 0 0 1 0 0 1 0 0 1 0 0 1 0 0 1 0 0 1 0 0 1 0 0 1 0 0 1 0 0 1 0 0 1 0 0 1 0 0 1 0 0 1 0 0 1 0 0 1 0 0 1 0 0 1 0 0 1 0 0 1 0 0 1 0 0 1 0 0 1 0 0.89 0 0.45 0.95 0 0.32 0.81 0 0.58 0.58 0 0.81 0.45 0 0.89 0.11 0 0.99 -0.11 0 0.99 -0.45 0 0.89 -0.58 0 0.81 -0.81 0 0.58 -0.89 0 0.45 -0.95 0 0.32 -0.95 0 0.32 0.95 0 0.32 -0.98 0 0.2 -1 0 0 -0.89 0 0.45 0 0 1 -0.2 0 0.98 0 0 1 0.32 0 0.95 0.55 0 0.83 0.8 0 0.6 0.86 0 0.51 0.89 0 0.45 0.89 0 0.45 -0.45 0 0.89 -1 0 0 0 0 1 -0.32 0 0.95 0 0 1 -0.55 0 0.83 -0.8 0 0.6 0.2 0 0.98 0.45 0 0.89 0.89 0 0.45 0.98 0 0.2 1 0 0 1 0 0 -0.86 0 0.51 -0.89 0 0.45 -0.89 0 0.45 0 -1 0 0 -1 0 0 -1 0 0 -1 0 0 -1 0 0 -1 0 0 -1 0 0 -1 0 0 -1 0 0 -1 0 0 -1 0 0 -1 0 0.11 0 0.99 0.45 0 0.89 -0.11 0 0.99 0.58 0 0.81 0.81 0 0.58 -0.45 0 0.89 -0.58 0 0.81 -0.81 0 0.58 -0.89 0 0.45 -0.95 0 0.32 -0.95 0 0.32 0.95 0 0.32 0.89 0 0.45 0.95 0 0.32 0 -1 0 0 -1 0 0 -1 0 0 -1 0 0 -1 0 0 -1 0 0 -1 0 0 -1 0 0 -1 0 0 -1 0 0 -1 0 0 -1 0 0 -1 0 0 -1 0 0 -1 0 0 -1 0 0 -1 0 0 -1 0 0 -1 0 0 -1 0 0 -1 0 0 -1 0 0 -1 0 0 -1 0 0.53 0 0.85 0.85 0 0.53 0.37 0 0.93 0.08 0 1 -0.08 0 1 -0.37 0 0.93 -0.53 0 0.85 -0.85 0 0.53 -0.93 0 0.37 -0.97 0 0.24 -0.97 0 0.24 0.97 0 0.24 0.93 0 0.37 0.97 0 0.24 0 -1 0 0 -1 0 0 -1 0 0 -1 0 0 -1 0 0 -1 0 0 -1 0 0 -1 0 0 -1 0 0 -1 0 0 -1 0 0 -1 0 0 -1 0 0 -1 0 0 -1 0 0 -1 0 0 -1 0 0 -1 0 0 -1 0 0 -1 0 0 -1 0 0 -1 0 0 -1 0 0 -1 0 -0.82 0 0.58 -0.58 0 0.82 -0.42 0 0.91 -0.96 0 0.26 -0.91 0 0.42 0.09 0 1 0.42 0 0.91 0.58 0 0.82 -0.96 0 0.26 -0.09 0 1 0.82 0 0.58 0.96 0 0.26 0.91 0 0.42 0.96 0 0.26 0 -1 0 0 -1 0 0 -1 0 0 -1 0 0 -1 0 0 -1 0 0 -1 0 0 -1 0 0 -1 0 0 -1 0 0 -1 0 0 -1 0 0 -1 0 0 -1 0 0 -1 0 0 -1 0 0 -1 0 0 -1 0 0 -1 0 0 -1 0 0 -1 0 0 -1 0 0 -1 0 0 -1 0 0 -1 0 0 -1 0 -0.2 0 0.98 0 0 1 -0.37 0 0.93 0.56 0 0.83 0.27 0 0.96 0.67 0 0.74 0.87 0 0.49 0.94 0 0.34 -0.56 0 0.83 -0.67 0 0.74 -0.87 0 0.49 -0.94 0 0.34 0.98 0 0.2 0.98 0 0.2 0.32 0 0.95 -0.98 0 0.2 -0.98 0 0.2 0 1 0 0 1 0 0 1 0 0 1 0 0 1 0 0 1 0 0 -1 0 0 -1 0 0 -1 0 0 -1 0 0 -1 0 0 -1 0 0 -1 0 0 -1 0 0 -1 0 0 -1 0 0 -1 0 0 -1 0 0 -1 0 0 -1 0 0 -1 0 0 -1 0 0 -1 0 0 -1 0 0 -1 0 0 -1 0 0 -1 0 0 -1 0 0 -1 0 0 -1 0 0 -1 0 0 -1 0 0 -1 0 0 -1 0 0 -1 0 0 -1 0 0 -1 0 0 -1 0 0 -1 0 0 -1 0 0 -1 0 0 -1 0 0 -1 0 0 -1 0 0 -1 0 0 -1 0 0 -1 0 0 -1 0 0 -1 0 0 -1 0 0 -1 0 0 -1 0 0 -1 0 0 -1 0 0 -1 0 0 -1 0 0 -1 0 0 -1 0 0 -1 0 0 -1 0 0 -1 0 0 -1 0 0 -1 0 0 -1 0 0 -1 0 0 -1 0 0 -1 0 0 -1 0 0 -1 0 0 -1 0 0 -1 0 0 -1 0 0 -1 0 0 -1 0 0 -1 0 0 -1 0 0 -1 0 0 -1 0 0 -1 0 0 -1 0 0 -1 0 0 -1 0 0.71 0 0.71 0.71 0 0.71 0.71 0 0.71 0.71 0 0.71 0.71 0 -0.71 0.71 0 -0.71 0.71 0 -0.71 0.71 0 -0.71 -0.71 0 -0.71 -0.71 0 -0.71 -0.71 0 -0.71 -0.71 0 -0.71 -0.71 0 0.71 -0.71 0 0.71 -0.71 0 0.71 -0.71 0 0.71 0 1 0 0 1 0 0 1 0 0 1 0 0 1 0 0 1 0 0 1 0 0 1 0 0 1 0 0 1 0 0 1 0 0 1 0 0 1 0 0 1 0 0 1 0 0 1 0 0 1 0 0 1 0 0 1 0 0 1 0 0.71 0 -0.71 0.71 0 -0.71 0.71 0 -0.71 0.71 0 -0.71 -0.71 0 -0.71 -0.71 0 -0.71 -0.71 0 -0.71 -0.71 0 -0.71 -0.71 0 0.71 -0.71 0 0.71 -0.71 0 0.71 -0.71 0 0.71 0.71 0 0.71 0.71 0 0.71 0.71 0 0.71 0.71 0 0.71 0 1 0 0 1 0 0 1 0 0 1 0 0 1 0 0 1 0 0 1 0 0 1 0 0 1 0 0 1 0 0 1 0 0 1 0 0 1 0 0 1 0 0 1 0 0 1 0 0 1 0 0 1 0 0 1 0 0 1 0 0 1 0 0 1 0 0 1 0 0 1 0 0 1 0 0 1 0 0 1 0 0 1 0 0 1 0 0 1 0 0 1 0 0 1 0 0 1 0 0 1 0 0 1 0 0 1 0 0 1 0 0 1 0 0 1 0 0 1 0 0 1 0 0 1 0 0 1 0 0 1 0 0 1 0 0 1 0 0 1 0 0 1 0 0 1 0 0 1 0 0 1 0 0 1 0 0 1 0 0 1 0 0 1 0 0 1 0 0 1 0 0 1 0 0 1 0 0 1 0 0 1 0 0 1 0 0 1 0 0 1 0 0 1 0 0 1 0 0 -1 0 0 -1 0 0 -1 0 0 -1 0 0 -1 0 0 -1 0 0 -1 0 0 0 -1 0 0 -1 0 0 -1 0 0 -1 0 0 -1 0 0 -1 0 0 -1 0 0 -1 0 0 -1 0 0 -1 0 0 -1 0 0 -1 0 0 -1 -0.71 0 -0.71 -0.71 0 -0.71 -0.71 0 -0.71 -0.71 0 -0.71 -0.71 0 0.71 -0.71 0 0.71 -0.71 0 0.71 -0.71 0 0.71 0 0 1 0 0 1 0 0 1 0 0 1 0 0 1 0 0 1 0 0 1 0 0 1 0 0 1 0 0 1 0 0 1 0 0 1 0 0 1 0.71 0 0.71 0.71 0 0.71 0.71 0 0.71 0.71 0 0.71 1 0 0 1 0 0 1 0 0 1 0 0 1 0 0 1 0 0 1 0 0 1 0 0 1 0 0 1 0 0 1 0 0 1 0 0 1 0 0 0.71 0 -0.71 0.71 0 -0.71 0.71 0 -0.71 0.71 0 -0.71 0 -1 0 0 -1 0 0 -1 0 0 -1 0 0 -1 0 0 -1 0 0 -1 0 0 -1 0 0 -1 0 0 -1 0 0 -1 0 0 -1 0 0 -1 0 0 -1 0 0 -1 0 0 -1 0 0 -1 0 0 -1 0 0 -1 0 -0.2 0 0.98 0 0 1 -0.45 0 0.89 0 0 1 0.32 0 0.95 0.55 0 0.83 0.8 0 0.6 0.86 0 0.51 0.89 0 0.45 -0.89 0 0.45 -0.98 0 0.2 -1 0 0 0.89 0 0.45 -1 0 0 0 0 1 -0.32 0 0.95 0 0 1 0.2 0 0.98 0.45 0 0.89 0.89 0 0.45 0.98 0 0.2 1 0 0 1 0 0 -0.55 0 0.83 -0.8 0 0.6 -0.86 0 0.51 -0.89 0 0.45 -0.89 0 0.45 0 0 -1 0 0 -1 0 0 -1 0 0 -1 0 1 0 0 1 0 0 1 0 0 1 0 0 0 -1 0 0 -1 0 0 -1 0 0 -1 0 -1 0 0 -1 0 0 -1 0 0 -1 0 0 -1 0 0 -1 0 0 -1 0 0 -1 0 0 -1 0 0 -1 0 0 0 1 0 0 1 0 0 1 0 0 1 0 1 0 0 1 0 0 1 0 0 1 0 0 1 0 0 1 0 0 0 1 0 0 1 0 0 1 0 0 1 -1 0 0 -1 0 0 -1 0 0 -1 0 0 -1 0 0 -1 0 0 -1 0 0 -1 0 0 -1 0 0 -1 0 0 -1 0 0 -1 0 0 -1 0 0 -1 0 0 -1 0 0 -1 0 0 -1 0 0 -1 0 0 -1 0 0 -1 0 0 -1 0 0 -1 0 0 -1 0 0 -1 0 0 -1 0 0 -1 0 0 -1 0 0 -1 0 0 -1 0 0 -1 0 0 -1 0 0 -1 0 0 -1 0 0 -1 0 0 -1 0 0 -1 0 0 -1 0 0 -1 0 0 -1 0 0 -1 0 0 -1 0 0 -1 0 0 -1 0 0 -1 0 0 -1 0 0 -1 0 0 0 1 0 0 1 0 0 1 0 0 1 0 0 1 0 0 1 0 0 1 0 0 1 0 -1 0 0 -1 0 0 -1 0 0 -1 0 0 -1 0 0 -1 0 0 -1 0 0 -1 0 0 -1 0 0 -1 0 0 -1 0 0 -1 0 0 -1 0 0 -1 0 0 -1 0 0 -1 0 0 -1 0 0 -1 0 0 -1 0 0 -1 0 0 -1 0 0 -1 0 0 -1 0 0 -1 0 0 -1 0 0 -0.86 0 -0.51 -0.8 0 -0.6 -0.8 0 -0.6 -0.71 0 -0.71 -0.71 0 -0.71 0.97 0 -0.24 1 0 0 0.93 0 -0.37 0.71 0 -0.71 0.37 0 -0.93 -0.55 0 -0.83 0 0 -1 0 0 -1 1 0 0 0.71 0 -0.71 0.71 0 -0.71 0.71 0 -0.71 0.71 0 -0.71 0.71 0 -0.71 0.24 0 -0.97 -0.2 0 -0.98 -0.51 0 -0.86 -0.6 0 -0.8 -0.83 0 -0.55 -0.95 0 -0.32 -1 0 0 -1 0 0 0.71 0 -0.71 -0.94 0 -0.35 -0.98 0 -0.21 -0.88 0 -0.48 -0.98 0 -0.21 -0.68 0 -0.73 -0.54 0 -0.84 0.88 0 -0.48 0.68 0 -0.73 0.94 0 -0.35 0.98 0 -0.21 0.98 0 -0.21 0 -0.45 -0.89 -0.25 -0.27 -0.93 -0.32 0 -0.95 0.18 -0.37 -0.91 0.54 0 -0.84 0.35 0 -0.94 -0.42 0 -0.91 -0.09 0 -1 0.09 0 -1 0.42 0 -0.91 0.58 0 -0.82 0.82 0 -0.58 0.91 0 -0.42 0.96 0 -0.26 0.96 0 -0.26 -0.82 0 -0.58 -0.58 0 -0.82 -0.91 0 -0.42 -0.96 0 -0.26 -0.96 0 -0.26 -0.93 0 -0.37 -0.97 0 -0.24 -0.85 0 -0.53 -0.08 0 -1 -0.37 0 -0.93 0.08 0 -1 -0.53 0 -0.85 -0.97 0 -0.24 0.37 0 -0.93 0.53 0 -0.85 0.85 0 -0.53 0.93 0 -0.37 0.97 0 -0.24 0.97 0 -0.24 0.11 0 -0.99 0.45 0 -0.89 -0.11 0 -0.99 0.58 0 -0.81 0.81 0 -0.58 0.89 0 -0.45 0.95 0 -0.32 -0.81 0 -0.58 -0.58 0 -0.81 -0.89 0 -0.45 -0.45 0 -0.89 0.95 0 -0.32 -0.95 0 -0.32 -0.95 0 -0.32 1 0 0 0.95 0 -0.32 1 0 0 0.83 0 -0.55 0.6 0 -0.8 0.51 0 -0.86 0.2 0 -0.98 -0.24 0 -0.97 -0.71 0 -0.71 -0.71 0 -0.71 -0.71 0 -0.71 -0.71 0 -0.71 -0.71 0 -0.71 -0.71 0 -0.71 0.71 0 -0.71 0.8 0 -0.6 0.71 0 -0.71 0.8 0 -0.6 0.86 0 -0.51 0.55 0 -0.83 -0.37 0 -0.93 0 0 -1 -0.71 0 -0.71 -0.93 0 -0.37 -0.97 0 -0.24 0 0 -1 -1 0 0 -1 0 0 0.11 0 -0.99 0.45 0 -0.89 -0.11 0 -0.99 0.95 0 -0.32 0.89 0 -0.45 0.95 0 -0.32 0.81 0 -0.58 -0.45 0 -0.89 0.58 0 -0.81 -0.58 0 -0.81 -0.95 0 -0.32 -0.89 0 -0.45 -0.95 0 -0.32 -0.81 0 -0.58 0.95 0 -0.32 0.89 0 -0.45 0.95 0 -0.32 -0.89 0 -0.45 -0.95 0 -0.32 -0.81 0 -0.58 -0.58 0 -0.81 -0.45 0 -0.89 -0.11 0 -0.99 0.11 0 -0.99 -0.95 0 -0.32 0.45 0 -0.89 0.58 0 -0.81 0.81 0 -0.58 0.81 0 -0.58 0.58 0 -0.81 0.89 0 -0.45 0.45 0 -0.89 0.11 0 -0.99 -0.11 0 -0.99 -0.45 0 -0.89 0.95 0 -0.32 0.95 0 -0.32 -0.89 0 -0.45 -0.95 0 -0.32 -0.81 0 -0.58 -0.58 0 -0.81 -0.95 0 -0.32 -0.81 0 -0.58 -0.58 0 -0.81 -0.89 0 -0.45 -0.95 0 -0.32 -0.95 0 -0.32 -0.45 0 -0.89 -0.11 0 -0.99 0.11 0 -0.99 0.45 0 -0.89 0.58 0 -0.81 0.81 0 -0.58 0.89 0 -0.45 0.95 0 -0.32 0.95 0 -0.32 0.95 -0.32 0 1 0 0 0.95 -0.32 0 1 0 0 1 0 0 0.97 0.24 0 0.95 0.27 0.14 0.99 0.14 0 0.98 0.22 0 0.98 0.18 0 0.83 0.56 0 0.95 0.31 0 0.94 0.3 -0.17 0.94 0.29 -0.18 0.99 0.08 0.14 0.98 -0.18 0 1 0 0 0.92 -0.37 -0.09 0.98 -0.19 0 0.9 -0.44 0 1 0 0 1 0 0 0.91 -0.4 -0.06 1 -0.04 0.07 1 0 0.09 0.99 0.09 0.05 0.89 0.45 0 0.85 0.53 0 0.74 0.67 0 0.67 0.74 0 -0.73 0.69 0 -0.85 0.53 0 -0.89 0.45 0 -0.96 0.28 0 -0.96 0.28 0 -0.98 -0.2 0 -1 0 0 -1 0.03 0 -1 -0.04 0.07 -0.91 -0.4 -0.06 -0.91 0.34 0.23 -0.9 0.35 0.27 -0.98 -0.18 0 -0.82 -0.56 0.13 -0.91 -0.42 0.06 -1 0 0 -1 0 0 -0.99 0.08 -0.14 -1 -0.03 -0.07 -1 0 -0.09 -0.95 -0.32 0 -1 0.01 0 -0.9 -0.45 0 -0.95 -0.32 0 -0.89 0.45 0 -0.89 0.45 0 -0.98 0.22 0 -0.71 0.71 0 -0.99 0.13 0 -0.99 0.09 -0.05 -0.99 0.14 0 -1 0 0 -1 0 0 -1 0 0 -1 0 0 0.99 0.09 -0.05 0.9 0.35 0.27 -1 0 0 -1 0 0 -0.94 0.29 -0.18 -0.94 0.3 -0.17 -0.99 0.09 0.05 -0.99 0.13 0 -0.99 0.14 0 1 0 0 -1 0 0.09 -0.99 0.08 0.14 -0.92 -0.37 -0.09 -0.71 -0.7 -0.01 -1 0 0 -0.95 -0.3 0 -0.92 -0.4 0 -0.81 -0.58 0 -0.75 -0.66 0 -0.64 -0.77 0 -0.62 -0.78 0 0.55 0.83 -0.01 0.44 0.9 -0.01 0.35 0.94 0 0.42 0.91 0 0.52 0.85 0 0.33 0.95 0 0.26 0.96 0 -0.22 0.98 0.01 0 1 0 -0.23 0.97 0 -0.4 0.91 0 -0.56 0.83 -0.01 -0.37 0.93 0 -0.35 0.94 0 -0.3 0.95 0 -0.27 0.96 0 0 1 0 0 1 0 -0.24 -0.97 0 -0.35 -0.94 0.01 -0.27 -0.96 0 -0.28 -0.96 0 -0.25 -0.97 0 0 -1 0 0 -1 0 0 -1 -0.03 0 -1 0 0 -1 0 0.33 -0.94 0 0.45 -0.9 0 0.25 -0.97 0 0.28 -0.96 0 0.18 -0.98 0 0.18 -0.98 0 0 1 0 0.29 0.96 0 0.27 0.96 0 0.29 0.96 0 0.75 -0.66 0 0.65 -0.76 0 0.61 -0.8 0 0.92 -0.4 0 0.81 -0.58 0 0.95 -0.3 0 0.99 0.14 0 -0.71 0.71 0 1 -0.03 -0.07 0.91 -0.42 0.06 0.82 -0.56 0.13 0.71 -0.71 0 0.37 0.93 0.01 0 1 0 0.36 -0.93 0 0.43 -0.9 0 0.19 -0.98 0.03 1 0 0 1 0 0 0.95 0.32 0 0.58 0.82 0 0.99 0.13 0 1 0.02 0 1 0.01 0 1 0 0 1 0 -0.09 0.99 0.08 -0.14 0.91 0.34 0.23 0.11 -0.99 -0.05 0.15 -0.99 0 0.14 -0.99 0 0.62 -0.78 -0.08 0.43 -0.9 -0.05 0.31 -0.9 0.3 0.01 -1 0.03 -0.01 -1 0.03 -0.43 -0.9 -0.05 -0.14 -0.99 0 -0.33 -0.94 0 -0.15 -0.99 0 -0.11 -0.99 -0.05 -0.31 -0.9 0.3 -0.62 -0.78 -0.08 -0.19 -0.98 0.03 0 -1 0 -0.44 -0.9 0.02 -0.44 -0.9 0.01 -0.45 -0.89 0.01 -0.55 -0.83 0 -0.45 -0.89 0.01 -0.55 -0.83 0 -0.55 -0.83 0 -0.45 -0.9 0 -0.24 -0.97 0 -0.44 0.9 0 -0.56 0.83 0 0 1 0 -0.51 0.84 -0.16 -0.4 0.91 -0.11 0 1 0.04 0.17 0.98 0.01 0.02 1 0.03 0.4 0.91 -0.11 -0.02 1 0.03 0 1 0 0 1 0 0 1 0 0.37 0.89 0.26 0.51 0.84 -0.16 0.07 1 -0.01 0 1 -0.01 0 1 0 -0.07 1 -0.01 -0.35 0.91 0.21 0.35 0.91 0.21 -0.37 0.89 0.26 0 1 0 0.56 0.83 0 0.56 0.83 0 0.59 0.81 0 0.59 0.81 0 0 0 -1 0 0 -1 0 0 -1 0 0 -1 0 0 -1 0 0 -1 0 0 -1 0 0 -1 0 1 0 0 1 0 0 1 0 0 1 0 0 1 0 0 1 0 0 1 0 0 1 0 0 1 0 0 1 0 0 1 0 0 1 0 0 1 0 0 1 0 0 1 0 0 1 0 0 1 0 0 1 0 0 1 0 0 1 0 0 1 0 0 1 0 0 1 0 0 1 0 0 1 0 0 1 0 0 1 0 0 1 0 0 1 0 0 1 0 0 1 0 0 1 0 0 1 0 0 1 0 0 1 0 0 1 0 0 1 0 0 1 0 0 1 0 0 1 0 0 1 0 0 1 0 0 1 0 0 1 0 0 1 0 0 1 0 0 1 0 0 1 0 0 1 0 0 1 0 0 1 0 0 1 0 0 1 0 0 1 0 0 1 0 0 1 0 0 1 0 0 1 0 0 1 0 0 1 0 0 1 0 0 1 0 0 1 0 0 0 -1 0 0 -1 0 0 -1 0 0 -1 0 0 -1 0 0 -1 0 0 -1 0 0 -1 0 -1 0 0 -1 0 0 -1 0 0 -1 0 0 -1 0 0 -1 0 0 -1 0 0 -1 0 0 -1 0 0 -1 0 0 -1 0 0 -1 0 0 -1 0 0 -1 0 0 -1 0 0 -1 0 0 -1 0 0 -1 0 0 -1 0 0 -1 0 0 -1 0 0 -1 0 0 -1 0 0 -1 0 0 -1 0 0 -1 0 0 -1 0 0 -1 0 0 -1 0 0 -1 0 0 -1 0 0 -1 0 0 -1 0 0 -1 0 0 -1 0 0 -1 0 0 -1 0 0 -1 0 0 -1 0 0 -1 0 0 -1 0 0 -1 0 0 -1 0 0 -1 0 0 -1 0 0 -1 0 0 -1 0 0 -1 0 0 -1 0 0 -1 0 0 -1 0 0 -1 0 0 -1 0 0 -1 0 0 -1 0 0 -1 0 0 -1 0 0 -1 0 0 -1 0 0 -1 0 0 -1 0 0 -1 0 0 -1 0 0 0 1 0 0 1 0 0 1 0 0 1 -1 0 0 -1 0 0 -1 0 0 -1 0 0 -1 0 0 -1 0 0 -1 0 0 -1 0 0 -1 0 0 -1 0 0 1 0 0 1 0 0 1 0 0 1 0 0 1 0 0 1 0 0 1 0 0 1 0 0 1 0 0 1 0 0 0 0 1 0 0 1 0 0 1 0 0 1 -0.6 0 -0.8 -0.83 0 -0.55 -0.51 0 -0.86 -0.2 0 -0.98 0.24 0 -0.97 0.71 0 -0.71 0.71 0 -0.71 0.71 0 -0.71 0.71 0 -0.71 -0.89 0 0.45 -0.45 0 0.89 -0.98 0 0.2 0.97 0 -0.24 -0.95 0 -0.32 -1 0 0 -1 0 0 -0.2 0 0.98 0 0 1 0 0 1 0.32 0 0.95 0.55 0 0.83 0.98 0 0.2 0.86 0 0.51 0.8 0 0.6 0.89 0 0.45 0.45 0 0.89 0.98 0 0.2 0.2 0 0.98 0 0 1 0 0 1 -0.32 0 0.95 -0.55 0 0.83 -0.8 0 0.6 -0.86 0 0.51 -0.98 0 0.2 -0.97 0 -0.24 -0.71 0 -0.71 -0.71 0 -0.71 -0.71 0 -0.71 -0.71 0 -0.71 -0.24 0 -0.97 0.2 0 -0.98 0.51 0 -0.86 0.6 0 -0.8 0.83 0 -0.55 0.95 0 -0.32 1 0 0 1 0 0 0.2 0 0.98 0 0 1 0.45 0 0.89 0 0 1 -0.32 0 0.95 -0.55 0 0.83 -0.8 0 0.6 -0.86 0 0.51 -0.99 0 0.16 -0.99 0 -0.16 -0.86 0 -0.51 0.89 0 0.45 0.98 0 0.2 1 0 0 1 0 0 -0.8 0 -0.6 -0.55 0 -0.83 -0.32 0 -0.95 0 0 -1 0 0 -1 0.2 0 -0.98 0.45 0 -0.89 0.89 0 -0.45 0.98 0 -0.2 0.99 0 0.16 0.86 0 0.51 0.99 0 -0.16 0.8 0 0.6 0.55 0 0.83 0.32 0 0.95 0 0 1 0 0 1 -0.2 0 0.98 -0.45 0 0.89 -0.89 0 0.45 -0.98 0 0.2 -1 0 0 -1 0 0 -0.98 0 -0.2 -0.89 0 -0.45 -0.45 0 -0.89 -0.2 0 -0.98 0 0 -1 0 0 -1 0.32 0 -0.95 0.55 0 -0.83 0.8 0 -0.6 0.86 0 -0.51 0 0 1 0 0 1 0 0 1 0 0 1 -0.66 0 -0.75 -0.77 0 -0.64 -0.66 0 -0.75 -1 0 0 -0.95 0 0.33 -0.98 0 -0.2 -0.89 0 0.45 -0.74 0 0.67 -0.62 0 0.78 -0.3 0 0.96 -0.1 0 1 0.22 0 0.98 0.35 0 0.93 0.6 0 0.8 0.71 0 0.71 0.9 0 0.43 0.97 0 0.26 1 0 -0.06 0.98 0 -0.22 0.86 0 -0.51 0.77 0 -0.64 0.66 0 -0.75 0.66 0 -0.75 -0.86 0 -0.51 0 1 0 0 1 0.03 0 1 0 -0.19 0.98 -0.03 -0.33 0.94 0 -0.37 0.89 0.26 -0.19 0.98 0.02 -0.1 0.99 -0.05 -0.31 0.9 -0.3 -0.29 0.96 0 -0.11 0.99 0.05 -0.14 0.99 0 -0.1 -0.99 -0.05 -0.28 -0.96 0 -0.37 -0.89 0.26 -0.14 -0.99 0 -0.11 -0.99 0.05 -0.34 -0.94 0 0 -1 0.03 -0.19 -0.98 -0.03 0 -1 0 0.19 -0.98 -0.03 0.29 -0.96 0 0 -1 0 0 -1 0 0.33 -0.94 0 0.37 -0.89 0.26 0.19 -0.98 0.02 0.1 -0.99 -0.05 0.31 -0.9 -0.3 0.11 -0.99 0.05 0.14 -0.99 0 0 -1 -0.02 0 -1 0 0.54 0.84 0 0.34 0.94 0 0.63 0.78 0 0.78 0.63 0 0.84 0.54 0 0.94 0.33 0 0.96 0.29 0 0.84 -0.54 0 0.94 -0.34 0 0.78 -0.63 0 0.63 -0.78 0 0.54 -0.84 0 -0.54 -0.84 0 -0.63 -0.78 0 -0.78 -0.63 0 -0.84 -0.54 0 -0.94 -0.33 0 -0.96 -0.29 0 0.19 0.98 -0.03 0 1 0 0.11 0.99 0.05 0.14 0.99 0 -0.84 0.54 0 -0.94 0.34 0 -0.78 0.63 0 0.1 0.99 -0.05 0.28 0.96 0 0.37 0.89 0.26 0.31 0.9 -0.3 0.19 0.98 0.02 0 1 -0.02 0 1 0 0 1 0 0.98 0.19 0.02 1 0 -0.02 1 0 0 0.99 0.14 0 0.99 0.1 -0.05 0.99 0.11 0.05 0.9 0.31 -0.3 0.98 0.19 -0.03 0.89 0.37 0.26 1 0 0.03 1 0 0 1 0 0 0.98 -0.19 -0.03 1 0 0 0.99 -0.11 0.05 0.99 -0.14 0 0.96 -0.28 0 0.99 -0.1 -0.05 0.89 -0.37 0.26 0.9 -0.31 -0.3 0.98 -0.19 0.02 1 0 0 1 0 0 0 1 0 -1 0 0.03 -1 0 0 -1 0 0 -1 0 -0.02 -1 0 0 -1 0 0 0 -1 0 -0.96 0.28 0 -0.63 0.78 0 -0.54 0.84 0 -0.31 -0.9 -0.3 -0.19 -0.98 0.02 0 -1 0 -0.98 -0.19 0.02 -0.99 -0.14 0 -0.99 -0.1 -0.05 -0.99 -0.11 0.05 -0.9 -0.31 -0.3 -0.98 -0.19 -0.03 -0.89 -0.37 0.26 -1 0 0 -0.98 0.19 -0.03 -0.99 0.11 0.05 -0.99 0.14 0 -0.99 0.1 -0.05 -0.89 0.37 0.26 -0.9 0.31 -0.3 -0.98 0.19 0.02 -1 0 0 -0.5 0.87 0 -0.41 0.91 0 -0.66 0.75 0 0.84 -0.54 0 0.76 -0.65 0 0.92 -0.4 0 -0.79 -0.62 0 -0.89 -0.45 0 -0.74 -0.68 0 -0.32 0.95 0 -0.21 0.98 0 -0.32 -0.95 0 -0.44 -0.9 0 -0.32 -0.95 0 -0.65 -0.76 0 -0.71 -0.71 0 -0.98 -0.18 0 -0.97 -0.22 0 -1 -0.05 0 -0.96 0.28 0 -1 0.05 -0.03 -1 0.08 0 -0.97 0.26 0 -0.85 0.52 0 -0.73 0.68 0 -0.61 0.79 0 -0.57 0.82 0 -0.39 0.92 0 -0.51 0.86 0 -0.28 0.96 0 -0.06 1 0 0.06 1 0 0.28 0.96 0 0.39 0.92 0 0.5 0.87 0 0.62 0.79 0 0.73 0.69 0 0.86 0.51 0 0.95 0.33 0 0.82 0.57 0 0.98 -0.18 0 1 0 0 1 0 0 0.97 -0.22 0 0.95 -0.32 0 0.48 -0.88 0 0.51 -0.86 0 0.33 -0.94 0 0.32 -0.95 0 0.2 0.98 0 0.39 0.92 0 0.2 0.98 0 0.61 0.79 0 0.5 0.87 0 0.55 0.83 0 0.66 0.75 0 0.38 0.93 0 0.32 -0.95 0 0.77 -0.64 0 0.65 -0.76 0 0.71 -0.71 0 1 -0.05 0 1 -0.04 -0.07 0.91 -0.4 0.06 0.9 -0.44 -0.01 0.9 -0.44 0 1 0 0 0.98 0.2 0 0.9 0.43 -0.02 0.9 0.43 -0.02 1 0 0.01 1 0 0 1 0.04 0.01 0.94 0.27 0.2 0.94 0.29 0.18 1 0.05 -0.03 1 0.08 0 1 0.08 0 1 0 -0.09 0.99 0.05 -0.11 -0.55 0.83 0 -0.21 0.98 0 -0.34 -0.94 0 -0.86 -0.51 0 -0.51 -0.86 0 0.92 -0.37 0.09 0.73 0.68 0 -0.73 0.69 0 -0.83 0.56 0 -1 0 0 -0.9 -0.44 0 -0.9 0.43 -0.02 -0.9 0.43 -0.02 -1 0.08 0 -1 0 0 -1 0.04 0.01 -0.94 0.29 0.18 -0.94 0.27 0.2 -0.99 0.05 -0.11 -1 0 0 -0.92 -0.37 0.09 -0.9 -0.44 -0.01 -1 0 0 -1 0 0 -0.91 -0.4 0.06 -1 -0.04 -0.07 -1 0 -0.09 -0.95 -0.32 0 0 0 1 0 0 1 0 0 1 0 0 1 0 -1 0 0 -1 0 0 -1 0 0 1 0 0 1 0 0 1 0 0 0 -1 0 0 -1 0 0 -1 0 0 -1 0 0 -1 0 0 -1 0 0 -1 0 0 -1 0 0 -1 0 0 -1 0 0 -1 0 0 -1 0 0 -1 0 0 -1 0 0 -1 0 0 -1 0 0 -1 0 0 -1 0 0 -1 0 0 -1 0 0 -1 0 0 -1 0 0 -1 0 0 -1 0 0 -1 0 0 -1 0 0 -1 0 0 -1 0 0 -1 0 0 -1 0 0 -1 0 0 -1 0 0 -1 0 0 -1 0 0 -1 0 0 -1 0 0 -1 0 0 -1 0 0 -1 0 0 -1 0 0 -1 0 0 -1 0 0 -1 0 0 -1 0 0 -1 0 0 -1 0 0 -1 0 0 1 0 0 1 0 0 1 0 0 1 0 0 1 0 0 1 0 0 1 0.2 0 0.98 0 0 1 -0.32 0 0.95 -0.55 0 0.83 -0.8 0 0.6 -0.86 0 0.51 -0.98 0 0.2 -0.97 0 -0.24 0.98 0 0.2 1 0 0 0.89 0 0.45 1 0 0 0.95 0 -0.32 0.83 0 -0.55 0.6 0 -0.8 0.51 0 -0.86 0.2 0 -0.98 -0.24 0 -0.97 -0.71 0 -0.71 -0.71 0 -0.71 -0.71 0 -0.71 -0.71 0 -0.71 0.45 0 0.89 0.32 0 0.95 0 0 1 0.55 0 0.83 -0.89 0 0.45 -0.45 0 0.89 -0.98 0 0.2 -0.2 0 0.98 0 0 1 0.8 0 0.6 0.86 0 0.51 0.99 0 0.16 0.99 0 -0.16 0.86 0 -0.51 0.8 0 -0.6 0.55 0 -0.83 0.32 0 -0.95 0 0 -1 0 0 -1 -0.2 0 -0.98 -0.45 0 -0.89 -0.89 0 -0.45 -0.98 0 -0.2 -1 0 0 -1 0 0 0.71 0 -0.71 0.97 0 -0.24 0.71 0 -0.71 0.24 0 -0.97 0.71 0 -0.71 -0.2 0 -0.98 -0.51 0 -0.86 -0.6 0 -0.8 -0.83 0 -0.55 -0.95 0 -0.32 -1 0 0 -1 0 0 0.71 0 -0.71 0.98 0 0.2 0.86 0 0.51 0.8 0 0.6 0.55 0 0.83 0.32 0 0.95 0 0 1 0 0 1 -0.2 0 0.98 -0.45 0 0.89 -0.89 0 0.45 -0.98 0 0.2 0.2 0 0.98 0 0 1 0.45 0 0.89 -0.8 0 0.6 -0.55 0 0.83 -0.86 0 0.51 -0.32 0 0.95 0 0 1 0.89 0 0.45 0.98 0 0.2 1 0 0 1 0 0 0.98 0 -0.2 0.89 0 -0.45 0.45 0 -0.89 0.2 0 -0.98 0 0 -1 0 0 -1 -0.32 0 -0.95 -0.55 0 -0.83 -0.8 0 -0.6 -0.86 0 -0.51 -0.99 0 -0.16 -0.99 0 0.16 0 0 1 0 0 1 0 0 1 0 0 1 0 0 1 0 0 -1 0 0 -1 0 0 -1 0 0 -1 0 1 0 0 1 0 0 1 0 0 1 0 0 1 0 0 1 0 0 1 0 0 1 0 0 1 0 0 1 0 0 1 0 0 1 0 0 1 0 0 1 0 0 1 0 0 1 0 0 1 0 0 1 0 0 1 0 0 1 0 0 1 0 0 1 0 0 1 0 0 1 0 0 1 0 0 1 0 0 1 0 0 1 0 0 1 0 0 1 0 0 1 0 0 1 0 0 1 0 0 1 0 0 1 0 0 1 0 0 1 0 0 1 0 0 1 0 0 1 0 0 1 0 0 1 0 0 1 0 0 1 0 0 1 0 0 1 0 0 1 0 0 1 0 0 1 0 0 1 0 0 1 0 0 1 0 0 1 0 0 1 0 0 1 0 0 1 0 0 1 0 0 1 0 0 1 0 0 1 0 0 1 0 0 1 0 0 1 0 0 1 0 0 1 0 0 1 0 0 0 1 0 0 1 0 0 1 0 0 1 0 0 -1 0 0 -1 0 0 -1 0 0 -1 0 0 -1 0 0 -1 0 0 -1 0 0 -1 0 0 -1 0 0 -1 0 0 -1 0 0 -1 0 0 -1 0 0 -1 0 0 -1 0 0 -1 0 0 -1 0 0 -1 0 0 -1 0 0 -1 0 0 -1 0 0 -1 0 0 -1 0 0 -1 0 0 -1 0 0 -1 0 0 -1 0 0 -1 0 0 -1 0 0 -1 0 0 -1 0 0 -1 0 0 -1 0 0 -1 0 0 -1 0 0 -1 0 0 -1 0 0 -1 0 0 -1 0 0 -1 1 0 0 1 0 0 1 0 0 1 0 0 1 0 0 1 0 0 1 0 0 1 0 0 1 0 0 1 0 0 -1 0 0 -1 0 0 -1 0 0 -1 0 0 -1 0 0 -1 0 0 -1 0 0 -1 0 0 -1 0 0 -1 0 0 0 0 1 0 0 1 0 0 1 0 0 1 -0.24 -0.97 0 -0.44 -0.9 0 -0.54 -0.84 0 -0.71 -0.7 0 -0.79 -0.62 0 -0.9 -0.44 0 -0.94 -0.33 0 -0.99 -0.12 0 -1 -0.01 0 -1 0.09 0 -0.12 -0.99 0 0.12 -0.99 0 0.24 -0.97 0 0.44 -0.9 0 0.54 -0.84 0 0.71 -0.7 0 0.79 -0.62 0 0.9 -0.44 0 0.94 -0.33 0 0.99 -0.12 0 1 -0.01 0 1 0.09 0 1 0.09 0 -1 0.09 0 0 1 0 0 1 0 0 1 0 0 1 0 0 1 0 0 1 0 0 0 -1 0 0 -1 0 0 -1 0 0 -1 0 0 -1 0 0 -1 0 0 -1 0 0 -1 0 0 -1 0 0 -1 0 0 -1 0 0 -1 0 0 1 0 0 1 0 0 1 0 0 1 0 0 1 0 0 1 0 0 1 0 0 1 0 0 1 0 0 1 0 0 1 0 0 1 0 0 1 0 0 -1 0 0 -1 0 0 -1 0 0 -1 0 0 -1 0 0 -1 0 0 -1 0 0 -1 0 0 -1 -1 0 0 -1 0 0 -1 0 0 -1 0 0 0 0 1 0 0 1 0 0 1 0 0 1 0 0 1 0 0 1 0 0 1 0 0 1 1 0 0 1 0 0 1 0 0 1 0 0 0 1 0 0 1 0 0 1 0 0 1 0 0.32 0 -0.95 0.32 0 -0.95 0.55 0 -0.83 -0.95 0 0.32 -0.95 0 0.32 -0.83 0 0.55 -0.83 0 0.55 -0.55 0 0.83 -0.95 0 -0.32 -0.95 0 -0.32 -0.83 0 -0.55 -0.83 0 -0.55 -1 0 0 -0.32 0 0.95 -0.32 0 0.95 0.55 0 0.83 0 0 1 0 0 1 0.83 0 0.55 0.55 0 0.83 0.32 0 0.95 1 0 0 0.83 0 0.55 0.95 0 0.32 0.95 0 -0.32 0.95 0 -0.32 0.83 0 -0.55 0.83 0 -0.55 0.55 0 -0.83 0 0 -1 -0.55 0 -0.83 -0.32 0 -0.95 -0.55 0 -0.83 -0.32 0 -0.95 -1 0 0 -0.55 0 0.83 0.32 0 0.95 0.95 0 0.32 1 0 0 0 0 -1 0 -1 0 0 -0.83 0.55 0 -0.95 0.32 0 -0.83 -0.55 0 -0.55 -0.83 0 -0.95 -0.32 0 -0.32 -0.95 0 -0.32 -0.95 0 0 -1 0 0.55 -0.83 0 0.32 -0.95 0 0.83 -0.55 0 0.55 -0.83 0 0.32 -0.95 0 -0.83 0.55 0 -0.55 0.83 0 -0.32 0.95 0 -0.55 0.83 0 0 1 0 0 1 0 0.32 0.95 0 0.32 0.95 0 0.55 0.83 0 0.83 0.55 0 0.95 0.32 0 0.95 0.32 0 0.83 0.55 0 0.95 -0.32 0 0.95 -0.32 0 0.83 -0.55 0 1 0 0 1 0 0 0 -1 0 -0.55 -0.83 0 -0.83 -0.55 0 -1 0 0 -0.95 -0.32 0 -0.95 0.32 0 -0.32 0.95 0 0.55 0.83 0.95 0 0.32 0.95 0 0.32 0.83 0 0.55 0.95 0 -0.32 0.95 0 -0.32 0.83 0 -0.55 0.83 0 -0.55 1 0 0 0.55 0 -0.83 0.32 0 -0.95 0 0 -1 0.55 0 -0.83 0.32 0 -0.95 -0.32 0 -0.95 -0.32 0 -0.95 -0.55 0 -0.83 0 0 1 0.55 0 0.83 0 0 1 0.32 0 0.95 0.32 0 0.95 -0.83 0 -0.55 -0.95 0 -0.32 -0.95 0 -0.32 -0.83 0 -0.55 0.55 0 0.83 0.83 0 0.55 -1 0 0 -0.83 0 0.55 -0.95 0 0.32 -0.83 0 0.55 -0.55 0 0.83 -0.32 0 0.95 -0.55 0 0.83 0 0 -1 -0.55 0 -0.83 -1 0 0 -0.95 0 0.32 1 0 0 -0.32 0 0.95 0 0.55 0.83 0 0.83 0.55 0 0.95 0.32 0 0.32 0.95 0 0.32 0.95 0 0.55 0.83 0 0 1 0 -0.55 0.83 0 -0.32 0.95 0 0 1 0 -0.32 0.95 0 -0.55 0.83 0 -0.83 0.55 0 -0.83 0.55 0 -1 0 0 -0.95 0.32 0 -1 0 0 -0.95 0.32 0 0.95 0.32 0 0.83 0.55 0 0.95 -0.32 0 0.95 -0.32 0 0.83 -0.55 0 0.83 -0.55 0 1 0 0 1 0 0 0.55 -0.83 0 0.32 -0.95 0 0.32 -0.95 0 0.55 -0.83 0 0 -1 0 0 -1 0 -0.55 -0.83 0 -0.32 -0.95 0 -0.32 -0.95 0 -0.55 -0.83 0 -0.83 -0.55 0 -0.95 -0.32 0 -0.83 -0.55 0 -0.95 -0.32 0 -1 0 0 -1 0 0 -1 0 0 -1 0 0 -1 0 0 -1 0 0 -1 0 0 -1 0 0 -1 0 0 -1 0 0 -1 0 0 -1 0 0 -1 0 0 -1 0 0 0 -1 0 0 -1 0 0 -1 -1 0 0 -1 0 0 -1 0 0 -1 0 0 1 0 0 1 0 0 1 0 0 1 0 0 0 0 -1 0 0 -1 0 0 -1 0 -1 0 0 -1 0 0 -1 0 0 -1 0 0 -1 0 0 -1 0 0 -1 0 0 -1 0 0 -1 0 0 -1 0 0 -1 0 0 -1 0 0 -1 0 0 -1 0 0 -1 0 0 -1 0 0 -1 0 0 -1 0 0 -1 0 0 -1 0 0 -1 0 0 -1 0 0 -1 0 0 -1 0 0 -1 0 0 -1 0 0 -1 0 0 -1 0 0 -1 0 0 -1 0 0 -1 0 0 -1 0 0 -1 0 0 -1 0 0 -1 0 0 -1 0 0 -1 0 0 -1 0 0 -1 0 0 -1 0 0 -1 0 0 -1 0 0 -1 0 0 -1 0 0 -1 0 0 -1 0 0 -1 0 0 -1 0 0 -1 0 0 -1 0 0 -1 0 0 -1 0 0 -1 0 0 -1 0 0 -1 0 0 -1 0 0 -1 0 0 -1 0 0 -1 0 0 -1 0 0 -1 0 0 -1 0 0 -1 0 0 -1 0 0 -1 0 0 -1 0 0 -1 0 0 -1 0 0.71 0 -0.71 0.83 0 -0.56 0.71 0 -0.71 0.91 0 -0.41 0.99 0 -0.12 1 0 0.03 0.93 0 0.37 0.85 0 0.52 0.64 0 0.77 0.51 0 0.86 0.23 0 0.97 0.07 0 1 -0.27 0 0.96 -0.42 0 0.91 -0.67 0 0.74 -0.78 0 0.62 -0.95 0 0.33 -0.99 0 0.16 -0.99 0 -0.13 -0.96 0 -0.27 -0.82 0 -0.58 -0.69 0 -0.72 -0.55 0 -0.83 -0.55 0 -0.83 0 1 0 0 1 0 0 1 0 0 1 0 0 1 0 0 1 0 0 1 0 0 1 0 0 1 0 0 1 0 0 1 0 0 1 0 0 1 0 0 1 0 0 0 1 0 0 1 0 0 1 0 0 1 0 0 1 0 0 1 0 0 1 0 0 1 0 0 1 0 0 1 0 0 1 0 0 1 0 0 1 0 0 1 0 0 1 0 0 1 0 0 1 0 0 1 0 0 1 0 0 1 0 0 1 0 0 1 0 0 1 0 0 1 0 0 1 0 0 1 0 0 1 0 0 1 0 0 1 0 0 1 0 0 1 0 0 1 0 0 1 0 0 1 0 0 1 0 0 1 0 0 1 0 0 1 0 0 1 0 0 1 0 0 1 0 0 1 0 0 1 0 0 1 0 0.83 0.55 0 0.71 0.71 0 0.71 0.71 0 1 0 0 0.95 0.32 0 0.71 0.71 0 0.71 0.71 0 0.32 0.95 0 0 1 0 0 1 0 -0.71 0.71 0 -0.55 0.83 0 -0.71 0.71 0 -0.71 0.71 0 -0.71 0.71 0 -0.83 0.55 0 -0.95 0.32 0 -1 0 0 -0.95 -0.32 0 -0.83 -0.55 0 -0.71 -0.71 0 -0.71 -0.71 0 -0.71 -0.71 0 -0.32 -0.95 0 0 -1 0 0 -1 0 0.71 -0.71 0 0.55 -0.83 0 0.71 -0.71 0 0.71 -0.71 0 0.71 -0.71 0 0.83 -0.55 0 0.95 -0.32 0 1 0 0 0.55 0.83 0 -0.32 0.95 0 -1 0 0 -0.71 -0.71 0 -0.55 -0.83 0 0.32 -0.95 0 -0.32 0.95 0 0 1 0 0 1 0 -0.71 0.71 0 -0.71 0.71 0 -0.71 0.71 0 -1 0 0 -0.95 0.32 0 -0.83 0.55 0 -0.83 -0.55 0 -0.71 -0.71 0 -0.95 -0.32 0 -0.71 -0.71 0 -0.71 -0.71 0 -0.71 -0.71 0 -0.55 -0.83 0 0.32 -0.95 0 0 -1 0 0 -1 0 0.71 -0.71 0 0.71 -0.71 0 0.71 -0.71 0 1 0 0 0.95 -0.32 0 0.83 -0.55 0 0.83 0.55 0 0.71 0.71 0 0.95 0.32 0 0.71 0.71 0 0.71 0.71 0 0.71 0.71 0 0.55 0.83 0 -0.55 0.83 0 -0.71 0.71 0 -1 0 0 -0.32 -0.95 0 0.55 -0.83 0 0.71 -0.71 0 1 0 0 0.32 0.95 0 1 0 0 1 0 0 1 0 0.92 0 -0.39 1 0 -0.07 1 0 0.07 0.57 0 -0.82 0.82 0 -0.57 0.07 0 -1 0.39 0 -0.92 -0.49 0 -0.87 -0.07 0 -1 -0.8 -0.01 -0.6 -0.89 -0.01 -0.45 -0.94 0 -0.34 -0.99 0 -0.13 0.71 0 0.71 0.51 0 0.86 0.84 0 0.54 0.93 0 0.38 0.71 0 0.71 0.26 0 0.97 0.06 0 1 -0.07 0 1 -0.42 0 0.91 -0.73 -0.49 0.49 -0.8 -0.01 0.6 -0.71 0 0.71 -0.87 0 0.48 -0.56 0 0.83 -0.89 -0.01 0.45 -0.99 0 0.13 -0.45 0 -0.89 0 -1 0 0 -1 0 0 -1 0 0 -1 0 0 -1 0 0 -1 0 0 -1 0 0 -1 0 0 -1 0 0 -1 0 0 -1 0 0 -1 0 0 -1 0 0 -1 0 0 -1 0 0 -1 0 0 -1 0 0 -1 0 1 0 0.07 0.88 0 0.48 0.89 0 0.45 1 0 -0.07 -0.99 0 0.13 -0.91 0 0.42 -0.87 0 0.5 -0.89 0 -0.45 -0.99 0 -0.13 -0.63 0 -0.77 -0.85 0 -0.52 -0.07 0 -1 -0.42 0 -0.91 0.47 0 -0.88 0.07 0 -1 0.71 0 -0.71 0.86 0 -0.51 0.96 0 -0.26 -0.8 0 0.59 -0.55 0 0.83 -0.83 0 0.55 -0.28 0 0.96 -0.06 0 1 -0.19 0.01 0.98 0.18 0 0.98 0.4 0 0.92 0.71 0 0.71 0.71 0 0.71 0.71 0 0.71 0.52 0 0.86 0.45 0 -0.89 0 1 0 0 1 0 0 1 0 0 1 0 0 1 0 0 1 0 0 1 0 0 1 0 0 1 0 0 1 0 0 1 0 0 1 0 0 1 0 1 0 0 1 0 0 1 0 0 1 0 0 1 0 0 1 0 0 1 0 0 1 0 0 1 0 0 1 0 0 1 0 0 1 0 0 1 0 0 1 0 0 1 0 0 1 0 0 1 0 0 1 0 0 1 0 0 1 0 0 -1 0 0 -1 0 0 -1 0 0 -1 0 0 -1 0 0 -1 0 0 -1 0 0 -1 0 0 -1 0 0 -1 0 0 -1 0 0 -1 0 0 -1 0 0 -1 0 0 -1 0 0 -1 0 0 -1 0 0 -1 0 0 -1 0 0 -1 0 0 0 -0.16 0.99 0 -0.51 0.86 0 -0.6 0.8 0 0.51 0.86 0 0.16 0.99 0 0.8 0.6 0 0.6 0.8 0 0.99 0.16 0 0.86 0.51 0 0.86 -0.51 0 0.99 -0.16 0 0.6 -0.8 0 0.8 -0.6 0 0.16 -0.99 0 0.51 -0.86 0 -0.51 -0.86 0 -0.16 -0.99 0 -0.8 -0.6 0 -0.6 -0.8 0 -0.99 -0.16 0 -0.86 -0.51 0 -0.86 0.51 0 -0.99 0.16 0 -0.8 0.6 0 0.37 -0.93 0 0.71 -0.71 0 0.24 -0.97 0 1 0 0 0.93 -0.37 0 1 0 0 0.97 0.24 0 0.93 0.37 0 0.71 0.71 0 0.37 0.93 0 0 1 0 0 1 0 -0.24 0.97 0 -0.37 0.93 0 -0.71 0.71 0 -0.93 0.37 0 -1 0 0 -1 0 0 -0.97 -0.24 0 -0.93 -0.37 0 -0.71 -0.71 0 -0.37 -0.93 0 0 -1 0 0 -1 0 -1 0 0 -1 0 0 -1 0 0 -1 0 0 -1 0 0 -1 0 0 -1 0 0 -1 0 0 -1 0 0 -1 0 0 -1 0 0 -1 0 0 -1 0 0 -1 0 0 -1 0 0 -1 0 0 -1 0 0 -1 0 0 -1 0 0 -1 0 0 -1 0 0 -1 0 0 -1 0 0 -1 0 0 -1 0 0 -1 0 0 -1 0 0 -1 0 0 -1 0 0 -1 0 0 -1 0 0 -1 0 0 -1 0 0 -1 0 0 -1 0 0 -1 0 0 -1 0 0 -1 0 1 0 0.06 0.95 0 0.3 0.92 0 0.4 0.81 0 0.59 0.74 0 0.68 0.56 0 0.83 0.45 0 0.89 0.81 0 -0.59 0.92 0 -0.4 0.95 0 -0.3 0.22 0 0.98 0.11 0 0.99 -0.92 0 0.4 -0.81 0 0.59 -0.74 0 0.68 -0.56 0 0.83 -0.45 0 0.89 1 0 -0.06 -0.22 0 0.98 -0.95 0 0.3 -1 0 0.06 -1 0 -0.06 -0.11 0 0.99 -0.95 0 -0.3 -0.92 0 -0.4 -0.81 0 -0.59 -0.74 0 -0.68 -0.56 0 -0.83 -0.45 0 -0.89 -0.22 0 -0.98 -0.11 0 -0.99 0.11 0 -0.99 0.22 0 -0.98 0.74 0 -0.68 0.56 0 -0.83 0.45 0 -0.89 0 1 0 0 1 0 0 1 0 0 1 0 0 1 0 0 1 0 0 1 0 0 1 0 0 1 0 0 1 0 0 1 0 0 1 0 0 1 0 0 1 0 0 1 0 0 1 0 0 1 0 0 1 0 0 1 0 0 1 0 0 1 0 0 1 0 0 1 0 0 1 0 0 1 0 0 1 0 0 1 0 0 1 0 0 1 0 0 1 0 0 1 0 0 1 0 0 1 0 0 1 0 0 1 0 0 1 0 0 -1 0 0 -1 0 0 -1 0 0 -1 0 0 -1 0 0 -1 0 0 -1 0 0 -1 0 0 -1 0 0 -1 0 0 -1 0 0 -1 0 0 -1 0 0 -1 0 0 -1 0 0 -1 0 0 -1 0 0 -1 0 0 -1 0 0 -1 0 0 -1 0 0 -1 0 0 -1 0 0 -1 0 0 -1 0 0 -1 0 0 -1 0 0 -1 0 0 -1 0 0 -1 0 0 -1 0 0 -1 0 0 -1 0 0 -1 0 0 -1 0 0.89 0 0.45 0.89 0 0.45 0.89 0 0.45 0.89 0 0.45 0 0 1 0.32 0 0.95 0.55 0 0.83 0.89 0 0.45 0.98 0 0.2 1 0 0 1 0 0 0.95 0 -0.32 0.83 0 -0.55 0.71 0 -0.71 0.71 0 -0.71 0 0 1 0.95 0 0.32 0.95 0 0.32 0.95 0 0.32 0.95 0 0.32 0.32 0 0.95 0 0 1 0 0 1 0.71 0 0.71 0.83 0 0.55 0.95 0 0.32 0.55 0 0.83 0.71 0 0.71 0.97 0 -0.24 0.93 0 -0.37 0.89 0 -0.45 0.89 0 -0.45 0.89 0 0.45 0.89 0 0.45 0.89 0 0.45 0.89 0 0.45 0 0 1 0 0 1 0 0 1 0.32 0 0.95 0.55 0 0.83 0.83 0 0.55 0.95 0 0.32 1 0 0 1 0 0 1 0 0 1 0 0 0 0 1 0.71 0 0.71 0.71 0 0.71 0.71 0 0.71 0.71 0 0.71 0.55 0 0.83 0.89 0 0.45 0.98 0 0.2 0.55 0 0.83 0.32 0 0.95 -0.32 0 0.95 -0.71 0 0.71 0.32 0 0.95 -0.71 0 0.71 0.32 0 0.95 1 0 0 1 0 0 0.45 0 0.89 0.45 0 0.89 0.45 0 0.89 0.45 0 0.89 0.55 0 0.83 0.8 0 0.6 0.86 0 0.51 0 0 1 0.32 0 0.95 0.89 0 0.45 0.89 0 0.45 0 0 1 -0.32 0 0.95 -0.55 0 0.83 -0.71 0 0.71 -0.71 0 0.71 0.45 0 0.89 0.45 0 0.89 0.45 0 0.89 0.45 0 0.89 0.55 0 0.83 0.71 0 0.71 0.71 0 0.71 0.71 0 0.71 0.71 0 0.71 -0.32 0 0.95 0 0 1 0 0 1 0.32 0 0.95 -0.55 0 0.83 -0.71 0 0.71 -0.71 0 0.71 0 0 1 0 0 1 0 0 1 0 0 1 -0.32 0 0.95 0 0 1 0 0 1 0.32 0 0.95 0.55 0 0.83 0.71 0 0.71 0.71 0 0.71 -0.71 0 0.71 -0.55 0 0.83 -0.71 0 0.71 -0.71 0 0.71 -0.71 0 0.71 -0.45 0 0.89 -0.45 0 0.89 -0.45 0 0.89 -0.45 0 0.89 -0.55 0 0.83 -0.8 0 0.6 -0.86 0 0.51 0 0 1 -0.32 0 0.95 0.32 0 0.95 0 0 1 0.71 0 0.71 0.55 0 0.83 -0.89 0 0.45 -0.89 0 0.45 0.71 0 0.71 -0.45 0 0.89 -0.45 0 0.89 -0.45 0 0.89 -0.45 0 0.89 -0.98 0 0.2 -1 0 0 -1 0 0 -0.55 0 0.83 -0.89 0 0.45 -0.32 0 0.95 -0.32 0 0.95 -0.32 0 0.95 -0.55 0 0.83 0.71 0 0.71 0.32 0 0.95 0.71 0 0.71 -0.71 0 0.71 -0.71 0 0.71 -0.71 0 0.71 -0.71 0 0.71 -1 0 0 -1 0 0 -1 0 0 -0.95 0 0.32 -0.83 0 0.55 -0.55 0 0.83 -0.32 0 0.95 0 0 1 0 0 1 0 0 1 0 0 1 -1 0 0 -0.89 0 0.45 -0.89 0 0.45 -0.89 0 0.45 -0.89 0 0.45 -0.83 0 0.55 -0.71 0 0.71 -0.71 0 0.71 -0.55 0 0.83 -0.32 0 0.95 0 0 1 0 0 1 -0.97 0 -0.24 -0.95 0 0.32 -0.93 0 -0.37 -0.89 0 -0.45 -0.89 0 -0.45 -0.95 0 0.32 -0.95 0 0.32 -0.95 0 0.32 -0.95 0 0.32 -0.71 0 -0.71 -0.83 0 -0.55 -0.95 0 -0.32 -1 0 0 -1 0 0 -0.98 0 0.2 -0.89 0 0.45 -0.55 0 0.83 -0.32 0 0.95 0 0 1 0 0 1 -0.71 0 -0.71 -0.89 0 0.45 -0.89 0 0.45 -0.89 0 0.45 -0.89 0 0.45 -0.71 0 -0.71 -0.89 0 -0.45 -0.98 0 -0.2 -0.98 0 0.2 -0.89 0 0.45 -0.71 0 -0.71 -0.71 0 -0.71 -0.71 0 -0.71 -0.71 0 0.71 -0.71 0 0.71 -0.71 0 0.71 -0.71 0 0.71 -0.89 0 -0.45 -0.89 0 -0.45 -0.89 0 -0.45 -0.89 0 -0.45 -1 0 0 -0.98 0 -0.2 -0.89 0 -0.45 -0.32 0 -0.95 0 0 -1 0 0 -1 -0.95 0 0.32 -1 0 0 -0.55 0 -0.83 -0.83 0 0.55 -0.71 0 0.71 -0.71 0 0.71 -0.95 0 -0.32 -0.95 0 -0.32 -0.95 0 -0.32 -0.95 0 -0.32 -0.97 0 0.24 -0.95 0 -0.32 -0.83 0 -0.55 -0.89 0 0.45 -0.93 0 0.37 -0.32 0 -0.95 0 0 -1 0 0 -1 -0.89 0 0.45 -0.71 0 -0.71 -0.55 0 -0.83 -0.71 0 -0.71 -0.89 0 -0.45 -0.89 0 -0.45 -0.89 0 -0.45 -0.89 0 -0.45 -0.83 0 -0.55 -0.55 0 -0.83 -0.32 0 -0.95 -1 0 0 -1 0 0 -1 0 0 0 0 -1 0 0 -1 0 0 -1 0 0 -1 -0.95 0 -0.32 -1 0 0 -0.71 0 -0.71 -0.71 0 -0.71 -0.71 0 -0.71 -0.71 0 -0.71 -0.32 0 -0.95 -0.32 0 -0.95 -0.55 0 -0.83 -0.89 0 -0.45 -0.98 0 -0.2 0.71 0 -0.71 0.32 0 -0.95 -0.32 0 -0.95 -1 0 0 -1 0 0 0.71 0 -0.71 -0.55 0 -0.83 -0.45 0 -0.89 -0.45 0 -0.89 -0.45 0 -0.89 -0.45 0 -0.89 0.32 0 -0.95 0 0 -1 0 0 -1 0.71 0 -0.71 0.55 0 -0.83 -0.32 0 -0.95 -0.55 0 -0.83 0.71 0 -0.71 -0.8 0 -0.6 -0.89 0 -0.45 -0.86 0 -0.51 -0.89 0 -0.45 -0.45 0 -0.89 -0.45 0 -0.89 -0.45 0 -0.89 -0.45 0 -0.89 -0.71 0 -0.71 -0.71 0 -0.71 -0.71 0 -0.71 -0.71 0 -0.71 0 0 -1 0.32 0 -0.95 0.55 0 -0.83 0.71 0 -0.71 -0.32 0 -0.95 0 0 -1 0.71 0 -0.71 -0.55 0 -0.83 0 0 -1 0 0 -1 0 0 -1 0 0 -1 0.32 0 -0.95 0 0 -1 0 0 -1 0.55 0 -0.83 0.71 0 -0.71 0.71 0 -0.71 -0.32 0 -0.95 -0.55 0 -0.83 -0.71 0 -0.71 -0.71 0 -0.71 0.71 0 -0.71 0.71 0 -0.71 0.45 0 -0.89 0.45 0 -0.89 0.45 0 -0.89 0.45 0 -0.89 0.32 0 -0.95 0 0 -1 0 0 -1 -0.32 0 -0.95 -0.55 0 -0.83 0.8 0 -0.6 0.55 0 -0.83 0.89 0 -0.45 0.86 0 -0.51 0.89 0 -0.45 -0.71 0 -0.71 -0.71 0 -0.71 0.45 0 -0.89 0.45 0 -0.89 0.45 0 -0.89 0.45 0 -0.89 0.55 0 -0.83 0.32 0 -0.95 -0.32 0 -0.95 -0.71 0 -0.71 -0.71 0 -0.71 0.89 0 -0.45 0.55 0 -0.83 0.32 0 -0.95 0.32 0 -0.95 1 0 0 0.98 0 -0.2 1 0 0 0.71 0 -0.71 0.71 0 -0.71 0.71 0 -0.71 0.71 0 -0.71 0.32 0 -0.95 0 0 -1 0 0 -1 0.55 0 -0.83 0 0 -1 0 0 -1 0.83 0 -0.55 0.95 0 -0.32 1 0 0 1 0 0 1 0 0 1 0 0 0.89 0 -0.45 0.89 0 -0.45 0.89 0 -0.45 0.89 0 -0.45 0.95 0 -0.32 0.97 0 0.24 0.93 0 0.37 0.89 0 0.45 0.89 0 0.45 0.55 0 -0.83 0.71 0 -0.71 0.71 0 -0.71 0.83 0 -0.55 0 0 -1 0.32 0 -0.95 0 0 -1 0.95 0 -0.32 0.95 0 -0.32 0.95 0 -0.32 0.95 0 -0.32 0.89 0 -0.45 0.55 0 -0.83 0.32 0 -0.95 0 0 -1 0 0 -1 1 0 0 0.98 0 -0.2 0.71 0 0.71 0.83 0 0.55 0.95 0 0.32 1 0 0 0.71 0 0.71 0.89 0 -0.45 0.89 0 -0.45 0.89 0 -0.45 0.89 0 -0.45 0.71 0 0.71 0.71 0 0.71 0.71 0 0.71 0.98 0 -0.2 0.98 0 0.2 0.89 0 0.45 0.71 0 0.71 0.71 0 -0.71 0.89 0 -0.45 0.71 0 -0.71 0.71 0 -0.71 0.71 0 -0.71 0 -1 0 0 -1 0 0 -1 0 0 -1 0 0 -1 0 0 -1 0 0 -1 0 0 -1 0 0 -1 0 0 -1 0 0 -1 0 0 -1 0 0 -1 0 0 -1 0 0 -1 0 0 -1 0 0 -1 0 0 -1 0 0 -1 0 0 -1 0 0 -1 0 0 -1 0 0 -1 0 0 -1 0 0 -1 0 0 -1 0 0 -1 0 0 -1 0 0 -1 0 0 -1 0 0 -1 0 0 -1 0 0 -1 0 0 -1 0 0 -1 0 0 -1 0 0 -1 0 0 -1 0 0 -1 0 0 -1 0 0 -1 0 0 -1 0 0 -1 0 0 -1 0 0 -1 0 0 -1 0 0 -1 0 0 -1 0 0 -1 0 0 -1 0 0 -1 0 0 -1 0 0 -1 0 0 -1 0 0 -1 0 0 -1 0 0 -1 0 0 -1 0 0 -1 0 0 -1 0 0 -1 0 0 -1 0 0 -1 0 0 -1 0 0 -1 0 0 -1 0 0 -1 0 0 -1 0 0 -1 0 0 -1 0 0 -1 0 0 -1 0 0 -1 0 0 -1 0 0 -1 0 0 -1 0 0 -1 0 0 -1 0 0 -1 0 0 -1 0 0 -1 0 0 -1 0 0 -1 0 0 -1 0 0 -1 0 0 -1 0 0 -1 0 0 -1 0 0 -1 0 0 -1 0 0 -1 0 0 -1 0 0 -1 0 0 -1 0 0 -1 0 0 -1 0 0 -1 0 0 -1 0 0 -1 0 0 -1 0 0 -1 0 0 -1 0 0 -1 0 0 -1 0 0 -1 0 0 -1 0 0 -1 0 0 -1 0 0 -1 0 0 -1 0 0 -1 0 0 -1 0 0 -1 0 0 -1 0 0 -1 0 0 -1 0 0 -1 0 0 -1 0 0 -1 0 0 -1 0 0 -1 0 0 -1 0 0 -1 0 0 -1 0 0 -1 0 0 -1 0 0 -1 0 0 -1 0 0 -1 0 0 -1 0 0 -1 0 0 -1 0 0 -1 0 0 -1 0 0 -1 0 0 -1 0 0 -1 0 0 -1 0 0 -1 0 0 -1 0 0 -1 0 0 -1 0 0 -1 0 0 -1 0 0 -1 0 0 -1 0 0 -1 0 0 -1 0 0 -1 0 0 -1 0 0 -1 0 0 -1 0 0 -1 0 0 -1 0 0 -1 0 0 -1 0 0 -1 0 0 -1 0 0 -1 0 0 -1 0 0 -1 0 0 -1 0 0 -1 0 0 -1 0 0 -1 0 0 -1 0 0 -1 0 0 -1 0 0 -1 0 0 -1 0 0 -1 0 0 -1 0 0 -1 0 0 -1 0 0 -1 0 0 -1 0 0 -1 0 0 -1 0 0 -1 0 0 -1 0 0 -1 0 0 -1 0 0 -1 0 0 -1 0 0 -1 0 0 -1 0 0 -1 0 0 -1 0 0 -1 0 0 -1 0 0 -1 0 0 -1 0 0 -1 0 0 -1 0 0 -1 0 0 -1 0 0 -1 0 0 -1 0 0 -1 0 0 -1 0 0 0 1 0 -1 0 0 -1 0 0 -1 0 0 -1 0 0 -1 0 0 -1 0 0 -1 0 0 -1 0 0 -1 0 0 -1 0 0 -1 0 0 -1 0 0 -1 0 0 -1 0 0 -1 0 0 -1 0 0 -1 0 0 -1 0 0 -1 0 0 -1 0 0 -1 0 0 -1 0 0 -1 0 0 -1 0 0 -1 0 0 -1 0 0 -1 0 0 -1 0 0 -1 0 0 -1 0 0 -1 0 0 -1 0 0 -1 0 0 -1 0 0 -1 0 0 -1 0 0 -1 0 0 -1 0 0 -1 0 0 -1 0 0 -1 0 0 -1 0 0 -1 0 0 -1 0 0 -1 0 0 -1 0 0 -1 0 0 -1 0 0 -1 0 0 -1 0 0 -1 0 0 -1 0 0 -1 0 0 -1 0 0 -1 0 0 -1 0 0 -1 0 0 -1 0 0 -1 0 0 -1 0 0 -1 0 0 -1 0 0 -1 0 0 -1 0 0 -1 0 0 -1 0 0 -1 0 0 -1 0 0 -1 0 0 -1 0 0 -1 0 0 -1 0 0 -1 0 0 -1 0 0 -1 0 0 -1 0 0 -1 0 0 -1 0 0 -1 0 0 -1 0 0 -1 0 0 -1 0 0 -1 0 0 -1 0 0 -1 0 0 -1 0 0 -1 0 0 -1 0 0 -1 0 0 -1 0 0 -1 0 0 -1 0 0 -1 0 0 -1 0 0 -1 0 0 -1 0 0 -1 0 0 -1 0 0 -1 0 0 -1 0 0 -1 0 0 -1 0 0 -1 0 0 -1 0 0 -1 0 0 -1 0 0 -1 0 0 -1 0 0 -1 0 0 -1 0 0 -1 0 0 -1 0 0 -1 0 0 -1 0 0 -1 0 0 -1 0 0 1 0 -0.96 0 0.28 -1 0 0.05 -0.91 0 0.41 -0.77 0 0.63 -0.69 0 0.72 -0.5 0 0.87 -0.39 0 0.92 -0.14 0 0.99 -0.02 0 1 0.21 0 0.98 0.32 0 0.95 0.55 0 0.83 0.66 0 0.75 0.82 0 0.57 0.88 0 0.48 0.97 0 0.25 0.99 0 0.12 0.99 0 -0.12 0.97 0 -0.25 0.88 0 -0.48 0.82 0 -0.57 0.66 0 -0.75 0.55 0 -0.83 0.32 0 -0.95 0.21 0 -0.98 -0.02 0 -1 -0.14 0 -0.99 -0.39 0 -0.92 -0.5 0 -0.87 -0.69 0 -0.72 -0.77 0 -0.63 -0.91 0 -0.41 -0.96 0 -0.28 -1 0 -0.05 0 1 0 0 1 0 0 1 0 0 1 0 0 1 0 0 1 0 0 1 0 0 1 0 0 1 0 0 1 0 0 1 0 0 1 0 0 1 0 0 1 0 0 1 0 0 1 0 0 1 0 0 1 0 0 1 0 0 1 0 0 1 0 0 1 0 0 1 0 0 1 0 0 1 0 0 1 0 0 1 0 0 1 0 0 1 0 0 1 0 0 1 0 0 1 0 0 1 0 0 1 0 0 1 0 0 1 0 0 1 0 0 1 0 0 1 0 0 1 0 0 1 0 0 1 0 0 1 0 0 1 0 0 1 0 0 1 0 0 1 0 0 1 0 0 1 0 0 1 0 0 1 0 0 1 0 0 1 0 0 1 0 0 1 0 0 1 0 0 1 0 0 1 0 0 1 0 0 1 0 0 1 0 0 1 0 0 1 0 0 1 0 0 1 0 0 1 0 0 1 0 0 1 0 0 1 0 0 1 0 0 1 0 0 1 0 0 1 0 0 1 0 0 1 0 0 1 0 0 1 0 0 1 0 0 1 0 0 1 0 0 1 0 0 1 0 0 1 0 0 1 0 0 1 0 0 1 0 0 1 0 0 1 0 0 1 0 0 1 0 0 1 0 0 1 0 0 1 0 0 1 0 0 1 0 0 1 0 0 1 0 0 1 0 0 1 0 0 1 0 0 1 0 0 1 0 0 1 0 0 1 0 0 1 0 0 1 0 0 1 0 0 1 0 0 1 0 0 1 0 0 1 0 0 1 0 0 1 0 0 1 0 0 1 0 0 1 0 0 1 0 0 1 0 0 1 0 0 1 0 0 1 0 0 1 0 0 1 0 0 1 0 0 1 0 0 1 0 0 1 0 0 1 0 0 1 0 0 1 0 0 1 0 0 1 0 0 1 0 0 1 0 0 1 0 0 1 0 0 -1 0 0 1 0 0 1 0 0 1 0 0 1 0 0 1 0 0 1 0 0 1 0 0 1 0 0 1 0 0 1 0 0 1 0 0 1 0 0 1 0 0 1 0 0 1 0 0 1 0 0 1 0 0 -1 0 0 1 0 0 1 0 0 1 0 0 1 0 0 1 0 0 1 0 0 1 0 0 1 0 0 1 0 0 1 0 0 1 0 0 1 0 0 1 0 0 1 0 0 1 0 0 1 0 0 1 0 0 1 0 0 1 0 0 1 0 0 1 0 0 1 0 0 1 0 0 1 0 0 1 0 0 1 0 0 1 0 0 1 0 0 1 0 0 1 0 0 1 0 0 1 0 0 1 0 0 1 0 0 1 0 0 1 0 0 1 0 0 1 0 0 1 0 0 1 0 0 1 0 0 1 0 0 1 0 0 1 0 0 1 0 0 1 0 0 1 0 0 1 0 0 1 0 0 1 0 0 1 0 0 1 0 0 1 0 0 1 0 0 1 0 0 1 0 0 1 0 0 1 0 0 1 0 0 1 0 0 1 0 0 1 0 0 1 0 0 1 0 0 1 0 0 1 0 0 1 0 0 1 0 0 1 0 0 1 0 0 1 0 0 1 0 0 1 0 0 1 0 0 1 0 0 1 0 0 1 0 0 1 0 0 1 0 0 1 0 0 1 0 0 1 0 0 1 0 0 1 0 0 1 0 0 1 0 0 1 0 0 1 0 0 1 0 0 1 0 0 1 0 0 1 0 0 1 0 0 1 0 0 1 0 0 1 0 0 1 0 0 1 0 0 1 0 0 1 0 0 1 0 0 1 0 0 1 0 0 1 0 0 1 0 0 1 0 0 1 0 0 1 0 0 1 0 0 1 0 0 1 0 0 1 0 0 1 0 0 1 0 0 1 0 0 1 0 0 1 0 0 1 0 0 1 0 0 1 0 0 1 0 0 1 0 0 1 0 0 1 0 0 1 0 0 1 0 0 1 0 0 1 0 0 1 0 0 1 0 0 1 0 0 1 0 0 1 0 0 1 0 0 1 0 0 1 0 0 1 0 0 1 0 0 1 0 0 1 0 0 1 0 0 1 0 0 1 0 0 1 0 0 1 0 0 1 0 0 1 0 0 1 0 0 1 0 0 1 0 0 1 0 0 1 0 0 1 0 0 1 0 0 1 0 0 1 0 0 1 0 0 1 0 0 1 0 0 1 0 0 1 0 0 1 0 0 1 0 0.95 0 -0.32 0.88 0 -0.48 0.99 0.03 -0.17 1 0.04 0 0.97 0.02 0.23 0.96 0 0.28 -1 0 0.05 -0.96 0 0.28 -1 0 -0.05 -0.91 0 0.41 -0.77 0 0.63 -0.69 0 0.72 -0.5 0 0.87 -0.39 0 0.92 -0.14 0 0.99 -0.02 0 1 0.21 0 0.98 0.32 0 0.95 0.55 0 0.83 0.66 0 0.75 0.82 0 0.57 0.88 0 0.48 0.82 0 -0.57 0.66 0 -0.75 0.55 0 -0.83 0.32 0 -0.95 0.21 0 -0.98 -0.02 0 -1 -0.14 0 -0.99 -0.39 0 -0.92 -0.5 0 -0.87 -0.69 0 -0.72 -0.77 0 -0.63 -0.91 0 -0.41 -0.96 0 -0.28 -1 0 0 -1 0 0 -0.95 0 0.32 -0.83 0 0.55 -0.71 0 0.71 -0.71 0 0.71 0 0 -1 0 0 -1 0 0 -1 0 0 -1 0 0 -1 0 0 -1 0 0 -1 0 0 -1 -0.95 0 -0.32 -1 0 0 -0.83 0 -0.55 -0.71 0 -0.71 -0.71 0 -0.71 -1 0 0 0 0 -1 0 0 -1 0 0 -1 -0.71 0 -0.71 -0.55 0 -0.83 -0.71 0 -0.71 0 0 -1 -0.32 0 -0.95 0.32 0 -0.95 0 0 -1 0.55 0 -0.83 0.71 0 -0.71 0.71 0 -0.71 0 0 -1 0 0 -1 0 0 -1 0 0 -1 0 0 -1 0 0 -1 0 0 -1 0 0 -1 0 0 -1 0 0 -1 0 0 -1 -1 0 0 -1 0 0 -1 0 0 -1 0 0 -1 0 0 -1 0 0 0 0 1 0 0 1 0 0 1 0 0 1 0 0 1 0 0 1 0 0 1 0 0 1 -0.32 0 -0.95 0 0 -1 -0.55 0 -0.83 -0.32 0 -0.95 0 0 -1 -0.55 0 -0.83 0 0 -1 0 0 -1 -0.89 0 0.45 -1 0 0 -0.45 0 0.89 -1 0 0 0 0 1 0 0 1 0.55 0 -0.83 0.71 0 -0.71 0.32 0 -0.95 0 0 -1 0 0 -1 0.71 0 -0.71 0 0 1 0 0 1 0 0 1 0 0 1 0.32 0 0.95 0.55 0 0.83 0.71 0 0.71 0.71 0 0.71 -0.89 0 0.45 -1 0 0 -0.45 0 0.89 -0.89 0 0.45 -1 0 0 -0.45 0 0.89 -1 0 0 -1 0 0 -0.32 0 0.95 0 0 1 -0.55 0 0.83 -0.71 0 0.71 -0.71 0 0.71 0 0 1 -1 0 0 -1 0 0 -1 0 0 -1 0 0 -1 0 0 -1 0 0 0 0 1 0.32 0 0.95 0 0 1 0.71 0 0.71 0.55 0 0.83 0.71 0 0.71 -0.71 0 -0.71 -0.83 0 -0.55 -0.71 0 -0.71 -0.95 0 -0.32 -1 0 0 -1 0 0 -0.32 0 0.95 0 0 1 -0.55 0 0.83 -0.71 0 0.71 0 0 1 0 0 1 0 0 1 -0.71 0 0.71 -0.71 0 -0.71 -0.71 0 -0.71 -0.32 0 -0.95 0 0 -1 -0.55 0 -0.83 0 0 -1 1 0 0 1 0 0 0.45 0 0.89 0 0 1 0.89 0 0.45 0 0 1 0 0 -1 -0.32 0 -0.95 0 0 -1 0 0 -1 0 0 -1 -0.55 0 -0.83 -0.71 0 -0.71 -0.71 0 -0.71 0 0 1 0 0 1 0 0 1 0 0 1 0 0 1 0 0 1 0 0 1 0 0 1 0.55 0 -0.83 0.71 0 -0.71 0.32 0 -0.95 0 0 -1 0 0 -1 0 0 -1 0 0 -1 0.71 0 -0.71 1 0 0 0.89 0 0.45 1 0 0 0.89 0 0.45 1 0 0 0.45 0 0.89 1 0 0 0.45 0 0.89 1 0 0 0.95 0 -0.32 1 0 0 0.71 0 -0.71 0.83 0 -0.55 0.71 0 -0.71 0 0 1 0 0 1 0 0 1 0.55 0 0.83 0.71 0 0.71 0.32 0 0.95 0 0 1 0.71 0 0.71 0.45 0 -0.89 0.45 0 -0.89 0.89 0 -0.45 0.89 0 -0.45 1 0 0 1 0 0 1 0 0 1 0 0 1 0 0 1 0 0 0.71 0 0.71 0.83 0 0.55 0.71 0 0.71 0.95 0 0.32 0 0 1 -0.32 0 0.95 0 0 1 0 0 1 0 0 1 -0.55 0 0.83 -0.71 0 0.71 -0.71 0 0.71 0.32 0 0.95 0 0 1 0.55 0 0.83 0.55 0 0.83 0.32 0 0.95 0 0 1 0 0 1 0 0 1 0 0 1 -0.32 0 0.95 0 0 1 -0.55 0 0.83 -0.55 0 0.83 -0.32 0 0.95 0 0 1 0 0 1 1 0 0 1 0 0 1 0 0 1 0 0 1 0 0 1 0 0 -0.71 0 0.71 -0.71 0 0.71 -0.55 0 0.83 0 0 1 -0.32 0 0.95 0 0 1 0.55 0 0.83 0.71 0 0.71 0.32 0 0.95 0 0 1 0 0 1 0.71 0 0.71 -0.83 0 0.55 -0.71 0 0.71 -0.95 0 0.32 -0.71 0 0.71 -1 0 0 -1 0 0 1 0 0 1 0 0 1 0 0 1 0 0 1 0 0 1 0 0 -0.71 0 0.71 -0.83 0 0.55 -0.71 0 0.71 -0.95 0 0.32 -1 0 0 -1 0 0 1 0 0 0.95 0 0.32 1 0 0 0.83 0 0.55 0.71 0 0.71 0.71 0 0.71 -1 0 0 -1 0 0 -1 0 0 -1 0 0 -1 0 0 -1 0 0 1 0 0 0.95 0 -0.32 1 0 0 0.83 0 -0.55 0.71 0 -0.71 0.71 0 -0.71 -1 0 0 -1 0 0 -1 0 0 -1 0 0 -1 0 0 -1 0 0 0.83 0 0.55 0.71 0 0.71 0.95 0 0.32 1 0 0 0.71 0 0.71 1 0 0 -1 0 0 -0.95 0 -0.32 -1 0 0 -0.83 0 -0.55 -0.71 0 -0.71 -0.71 0 -0.71 0.83 0 -0.55 0.95 0 -0.32 1 0 0 1 0 0 0.71 0 -0.71 0.71 0 -0.71 -0.45 0 -0.89 -0.45 0 -0.89 -0.89 0 -0.45 -0.89 0 -0.45 -1 0 0 -1 0 0 -1 0 0 -1 0 0 1 0 0 1 0 0 1 0 0 1 0 0 1 0 0 1 0 0 -1 0 0 -1 0 0 0 0 -1 -0.45 0 -0.89 0 0 -1 -0.89 0 -0.45 0.71 0 -0.71 0.55 0 -0.83 0.71 0 -0.71 0 0 -1 0.32 0 -0.95 0 0 -1 -0.55 0 -0.83 -0.71 0 -0.71 -0.32 0 -0.95 0 0 -1 -0.71 0 -0.71 0 0 -1 1 0 0 1 0 0 1 0 0 1 0 0 1 0 0 1 0 0 0 0 -1 0.32 0 -0.95 0 0 -1 0.32 0 -0.95 0 0 -1 0.55 0 -0.83 0.55 0 -0.83 0 0 -1 0.45 0 -0.89 0 0 -1 0.89 0 -0.45 0 0 -1 1 0 0 1 0 0 -0.61 0.56 -0.56 -0.43 0.64 -0.64 -0.33 0.67 -0.67 -0.16 0.7 -0.7 -0.08 0.71 -0.71 0.61 0.56 -0.56 0.43 0.64 -0.64 0.33 0.67 -0.67 -0.43 0.64 0.64 -0.61 0.56 0.56 -0.66 0.58 0.48 0.16 0.7 -0.7 -0.72 0.62 0.31 -0.69 0.69 0.22 -0.71 0.71 0.04 -0.71 0.71 -0.04 0.08 0.71 -0.71 -0.66 0.58 -0.48 0.69 0.69 0.21 0.71 0.71 0.04 0.71 0.71 -0.04 0.69 0.69 -0.22 0.72 0.62 -0.31 -0.16 0.7 0.7 -0.33 0.67 0.67 0.66 0.58 0.48 0.72 0.62 0.31 0.43 0.64 0.64 0.61 0.56 0.56 0.16 0.7 0.7 0.33 0.67 0.67 -0.08 0.71 0.71 0.08 0.71 0.71 -0.72 0.62 -0.31 -0.69 0.69 -0.21 0.66 0.58 -0.48 -0.24 -0.77 0.59 -0.09 -0.73 0.67 -0.33 -0.76 0.57 0.7 -0.7 0.09 0.7 -0.7 -0.09 0.65 -0.74 0.17 0.65 -0.74 -0.17 0.55 -0.78 -0.3 -0.71 -0.71 -0.04 -0.69 -0.69 -0.21 -0.71 -0.71 0.04 0.53 -0.76 -0.38 0.49 -0.66 -0.56 0.43 -0.65 -0.63 0.24 -0.7 -0.67 -0.51 -0.68 0.53 -0.63 -0.59 0.5 0.14 -0.76 -0.64 -0.01 -0.72 -0.69 -0.71 -0.63 0.33 -0.69 -0.69 0.21 -0.1 -0.73 -0.67 -0.25 -0.77 -0.58 -0.71 -0.63 -0.33 -0.62 -0.59 -0.51 -0.51 -0.68 -0.53 -0.33 -0.76 -0.56 -0.01 -0.72 0.69 0.15 -0.76 0.63 0.24 -0.7 0.67 0.42 -0.65 0.64 0.55 -0.78 0.3 0.49 -0.66 0.57 0.53 -0.76 0.37 -0.51 0.68 0.53 -0.33 0.76 0.56 -0.62 0.59 0.51 -0.01 0.72 -0.69 0.15 0.76 -0.63 -0.09 0.73 -0.67 0.24 0.7 -0.67 0.42 0.65 -0.64 0.49 0.66 -0.57 0.53 0.76 -0.37 0.55 0.78 -0.3 0.64 0.74 -0.21 0.7 0.7 -0.17 0.71 0.71 -0.02 -0.24 0.77 -0.59 -0.33 0.76 -0.57 -0.25 0.77 0.58 -0.1 0.73 0.67 -0.51 0.68 -0.53 -0.63 0.59 -0.5 -0.01 0.72 0.69 0.14 0.76 0.64 0.24 0.7 0.67 0.43 0.65 0.63 0.49 0.66 0.56 0.53 0.76 0.38 -0.71 0.63 0.33 -0.69 0.69 0.21 -0.71 0.71 0.04 -0.71 0.71 -0.04 -0.69 0.69 -0.21 -0.71 0.63 -0.33 0.55 0.78 0.3 0.64 0.74 0.21 0.7 0.7 0.17 0.71 0.71 0.02 -0.16 -0.7 0.7 -0.33 -0.67 0.67 -0.43 -0.64 0.64 0.71 -0.71 0.04 0.69 -0.69 0.22 0.72 -0.62 0.31 0.66 -0.58 0.48 0.61 -0.56 0.56 0.43 -0.64 0.64 0.33 -0.67 0.67 0.69 -0.69 -0.21 0.71 -0.71 -0.04 0.61 -0.56 -0.56 0.43 -0.64 -0.64 0.33 -0.67 -0.67 0.72 -0.62 -0.31 0.66 -0.58 -0.48 0.08 -0.71 -0.71 -0.08 -0.71 -0.71 -0.16 -0.7 -0.7 -0.33 -0.67 -0.67 -0.43 -0.64 -0.64 0.16 -0.7 -0.7 0.16 -0.7 0.7 -0.08 -0.71 0.71 0.08 -0.71 0.71 -0.61 -0.56 -0.56 -0.66 -0.58 -0.48 -0.72 -0.62 -0.31 -0.69 -0.69 -0.22 -0.71 -0.71 -0.04 -0.71 -0.71 0.04 -0.61 -0.56 0.56 -0.72 -0.62 0.31 -0.66 -0.58 0.48 -0.69 -0.69 0.21 0 0 1 0 0 1 0.3 -0.3 0.9 0.49 -0.49 0.73 0.49 -0.49 0.73 0 0 1 0.41 -0.41 0.82 0 0 1 0.89 0 0.45 0.89 0 0.45 0.89 0 0.45 0.89 0 0.45 0.95 0 0.32 1 0 0 1 0 0 1 0 0 1 0 0 0 0 1 0.32 0 0.95 0.55 0 0.83 0 0 1 0 0 1 0.83 0 0.55 0 0 1 0.8 -0.53 0.27 0.82 -0.41 0.41 0.71 -0.71 0 0.58 -0.58 -0.58 0.67 -0.67 -0.33 0.71 0 0.71 0.69 -0.69 -0.23 0.58 -0.58 -0.58 0.67 -0.67 -0.33 0.83 -0.55 0 0.8 -0.27 0.53 0.8 -0.27 0.53 0.82 -0.41 0.41 0.71 -0.71 0 0.83 0 0.55 0.55 0 0.83 0.32 0 0.95 0.8 -0.27 0.53 0.8 -0.53 0.27 0.69 -0.69 0.23 0.71 -0.71 0 0.78 -0.59 -0.2 0 0 1 0.8 -0.53 -0.27 0.82 -0.41 -0.41 0 0 1 0.58 -0.58 0.58 0.58 -0.58 0.58 0.58 -0.58 0.58 0.58 -0.58 0.58 0.58 -0.58 0.58 0.58 -0.58 0.58 0 0 1 0 0 1 0 0 1 0.3 -0.3 0.9 0.49 -0.49 0.73 0 0 1 0 0 1 0 0 1 0 0 1 0 0 1 0.3 -0.3 0.9 0.41 -0.41 0.82 0.58 -0.58 0.58 0.69 -0.69 0.23 0.69 -0.69 0.23 0.69 -0.69 0.23 0.69 -0.69 0.23 0.43 -0.64 0.64 0.73 -0.49 0.49 0.94 -0.24 0.24 1 0 0 1 0 0 0.53 -0.27 0.8 0 -0.55 0.83 -0.27 -0.53 0.8 -0.41 -0.41 0.82 0.53 -0.27 0.8 0.49 -0.49 0.73 0 0 1 0.71 -0.71 0 0.71 -0.71 0 0.69 -0.69 -0.23 0.71 -0.71 0 0.41 -0.82 -0.41 0.58 -0.58 -0.58 1 0 0 0.67 -0.67 0.33 0.58 -0.58 0.58 0.67 -0.67 0.33 0 0 1 0.89 0 0.45 1 0 0 0.82 -0.41 0.41 1 0 0 0.73 -0.49 0.49 0.43 -0.64 0.64 0.49 -0.49 0.73 0.95 0 -0.32 1 0 0 1 0 0 0.71 0 -0.71 0.83 0 -0.55 0.71 0 -0.71 0.94 -0.24 0.24 0.41 -0.41 0.82 0.71 0 0.71 0.45 0 0.89 0.45 0 0.89 0.45 0 0.89 0.45 0 0.89 0.71 -0.71 0 0.67 -0.67 0.33 0.71 -0.71 0 0.67 -0.67 0.33 0.49 -0.49 0.73 0.41 -0.41 0.82 0 0 1 0.41 -0.41 0.82 0.27 -0.53 0.8 0 0 1 -0.41 -0.41 0.82 -0.27 -0.53 0.8 -0.71 0 0.71 0 -0.71 0.71 0.23 -0.69 0.69 0.87 -0.44 0.22 0.87 -0.44 0.22 0.71 -0.71 0 0.89 0 0.45 -0.55 0 0.83 -0.71 0 0.71 -0.71 0 0.71 -0.32 0 0.95 0.49 -0.49 0.73 0.3 -0.3 0.9 0.32 0 0.95 0.73 -0.49 0.49 0.43 -0.64 0.64 0.8 -0.53 0.27 0.74 -0.56 0.37 0.67 -0.67 0.33 0.58 -0.58 -0.58 0.58 -0.58 -0.58 0.73 -0.49 -0.49 1 0 0 1 0 0 0.9 -0.3 -0.3 1 0 0 0.71 -0.71 0 0.71 -0.71 0 0.67 -0.67 0.33 0.41 -0.41 0.82 0.41 -0.41 0.82 0.3 -0.3 0.9 0.58 -0.58 0.58 0.67 -0.33 -0.67 0.78 -0.59 -0.2 0.71 -0.71 0 0.41 -0.41 -0.82 0.53 -0.27 -0.8 0.58 -0.58 -0.58 0.78 -0.59 0.2 0.8 -0.27 0.53 0.67 -0.33 0.67 0.41 -0.41 0.82 0 -0.71 0.71 0.7 -0.7 0.14 0.22 -0.44 0.87 0.22 -0.44 0.87 0.33 -0.67 0.67 0 0 1 0.73 -0.49 0.49 0.67 -0.67 0.33 0.58 -0.58 0.58 0.9 -0.3 0.3 0.95 0 0.32 1 0 0 1 0 0 0 0 1 0 0 1 0 0 1 0 0 1 -0.32 0 0.95 -0.55 0 0.83 -0.71 0 0.71 -0.71 0 0.71 0.87 -0.44 -0.22 0.87 -0.44 -0.22 1 0 0 0.67 -0.67 -0.33 0.8 -0.27 0.53 0.82 -0.41 0.41 0.58 -0.58 0.58 -0.49 -0.49 0.73 -0.41 -0.41 0.82 0 0 1 -0.49 -0.49 0.73 -0.3 -0.3 0.9 0 0 1 0.32 0 0.95 0.55 0 0.83 0.83 0 0.55 0.58 -0.58 -0.58 0.41 -0.41 -0.82 0.33 -0.67 -0.67 0.71 0 -0.71 0.69 -0.69 -0.23 0.71 -0.71 0 0.71 -0.71 0 0.58 -0.58 0.58 0.58 -0.58 0.58 0.49 -0.49 0.73 0.3 -0.3 0.9 0 0 1 0 0 1 0 0 1 0.58 -0.58 -0.58 0.82 -0.41 -0.41 0.94 -0.24 -0.24 1 0 0 1 0 0 0.95 0 0.32 0.83 0 0.55 0.49 -0.49 -0.73 0.41 -0.41 -0.82 0 0 -1 0.71 0 0.71 0.71 0 0.71 0 0 1 0 0 1 0 0 1 0 0 1 0.71 -0.71 0 0.71 -0.71 0 0.67 -0.67 0.33 0.58 -0.58 0.58 0 0 1 0.71 -0.71 0 0.71 -0.71 0 -0.33 -0.67 0.67 -0.49 -0.49 0.73 -0.32 0 0.95 0 0 1 -0.3 -0.3 0.9 -0.58 -0.58 0.58 0 0 1 0.69 -0.69 -0.23 0.69 -0.69 -0.23 0.69 -0.69 -0.23 0.69 -0.69 -0.23 0.3 -0.3 0.9 0.27 -0.53 0.8 0.27 -0.53 0.8 -0.82 -0.41 0.41 -0.8 -0.27 0.53 -0.71 0 0.71 -0.71 -0.71 0 -0.55 0 0.83 0.32 0 0.95 0.41 -0.41 0.82 0.71 0 0.71 -0.32 0 0.95 0.3 -0.3 -0.9 0.49 -0.49 -0.73 0.32 0 -0.95 0 0 -1 0 0 -1 0.33 -0.67 -0.67 0.58 -0.58 -0.58 0 0 1 0.32 0 0.95 0 0 1 0.55 0 0.83 0.71 0 0.71 0 0 1 0 0 1 0.71 0 0.71 0.71 -0.71 0 0.7 -0.7 0.17 0.78 -0.59 0.2 0 0 -1 0.32 0 -0.95 0.55 0 -0.83 0.8 -0.27 -0.53 0.8 -0.53 -0.27 0.71 0 -0.71 0.8 -0.53 0.27 0 0 -1 1 0 0 -0.22 -0.44 0.87 -0.22 -0.44 0.87 -0.45 0 0.89 0 -0.71 0.71 0.69 -0.69 0.23 0.69 -0.69 -0.23 0.67 -0.67 0.33 0.8 -0.53 -0.27 0.82 -0.41 -0.41 1 0 0 0.58 -0.58 0.58 -0.67 -0.33 0.67 -0.41 -0.41 0.82 -0.67 -0.33 0.67 -0.67 -0.67 0.33 -0.41 -0.82 0.41 0 -0.71 0.71 -0.71 -0.71 0 0.89 0 -0.45 0.89 0 -0.45 0.89 0 -0.45 0.89 0 -0.45 0.32 0 0.95 0 0 1 -0.3 -0.3 0.9 -0.74 -0.56 0.37 -0.8 -0.53 0.27 -0.71 -0.71 0 -0.49 -0.49 0.73 -0.58 -0.58 0.58 0.55 0 0.83 0.71 0 0.71 0.71 0 0.71 -0.69 -0.51 0.51 0.32 0 -0.95 0 0 -1 0.3 -0.3 -0.9 0.27 -0.53 -0.8 0.41 -0.41 -0.82 0.27 -0.53 -0.8 0 0 -1 0.71 0 -0.71 0.41 -0.41 0.82 0.27 -0.53 0.8 0 0 1 -0.27 -0.53 0.8 -0.41 -0.41 0.82 0 -0.71 0.71 -0.71 0 0.71 0.23 -0.69 0.69 1 0 0 1 0 0 1 0 0 0.32 0 -0.95 0 0 -1 0 0 -1 0.55 0 -0.83 0.83 0 -0.55 0.95 0 -0.32 1 0 0 0 0 -1 0 0 -1 -0.45 0 0.89 -0.45 0 0.89 -0.45 0 0.89 -0.45 0 0.89 0.9 -0.3 -0.3 0.83 -0.55 0 0.9 -0.3 -0.3 0.71 -0.71 0 0.82 -0.41 -0.41 0.58 -0.58 0.58 0.58 -0.58 -0.58 -0.82 -0.41 0.41 -0.33 -0.67 0.67 -1 0 0 -1 0 0 -1 0 0 -0.33 -0.67 0.67 -0.58 -0.58 0.58 -1 0 0 0.58 -0.58 -0.58 0.58 -0.58 -0.58 0.58 -0.58 -0.58 0.58 -0.58 -0.58 -0.49 -0.49 0.73 -0.3 -0.3 0.9 -0.3 -0.3 0.9 -0.82 -0.41 0.41 -0.58 -0.58 0.58 -0.27 -0.53 0.8 0 -0.55 0.83 0.41 -0.41 0.82 0.71 0 0.71 -0.94 -0.24 0.24 -1 0 0 -1 0 0 0 0 -1 0 0 -1 0 0 -1 0.32 0 -0.95 0 0 -1 0.3 -0.3 -0.9 0.41 -0.41 -0.82 0 -0.71 -0.71 -0.41 -0.41 0.82 -0.3 -0.3 0.9 0 -0.71 0.71 -0.32 0 0.95 0 0 1 0 0 1 0 0 1 0 0 1 0.94 -0.24 -0.24 1 0 0 1 0 0 0.58 -0.58 -0.58 0.82 -0.41 -0.41 0.49 -0.49 -0.73 0.3 -0.3 -0.9 0.3 -0.3 -0.9 0.27 -0.53 -0.8 0 -0.55 -0.83 -0.41 -0.41 -0.82 -0.71 0 -0.71 -0.58 -0.58 0.58 -0.58 -0.58 0.58 -0.58 -0.58 0.58 -0.58 -0.58 0.58 0.33 -0.67 -0.67 0.58 -0.58 -0.58 0.33 -0.67 -0.67 0.82 -0.41 -0.41 1 0 0 1 0 0 1 0 0 1 0 0 -0.83 -0.55 0 -0.9 -0.3 0.3 -0.71 -0.71 0 -0.82 -0.41 0.41 -0.9 -0.3 0.3 -0.58 -0.58 0.58 -0.58 -0.58 -0.58 0.45 0 -0.89 0.45 0 -0.89 0.45 0 -0.89 0.45 0 -0.89 -1 0 0 -1 0 0 -1 0 0 0 0 1 0 0 1 0 0 1 -0.95 0 0.32 -0.32 0 0.95 -1 0 0 -0.83 0 0.55 -0.55 0 0.83 0 0 1 -0.23 -0.69 -0.69 0 -0.71 -0.71 -0.27 -0.53 -0.8 -0.41 -0.41 -0.82 0.27 -0.53 -0.8 0.41 -0.41 -0.82 0 0 -1 0.71 0 -0.71 -0.32 0 0.95 0 0 1 -0.3 -0.3 0.9 0 0 1 -0.27 -0.53 0.8 -0.27 -0.53 0.8 -0.41 -0.41 0.82 -0.71 0 0.71 0 0 -1 -0.32 0 -0.95 -0.55 0 -0.83 -0.71 0 -0.71 -0.71 0 -0.71 0.49 -0.49 -0.73 0.3 -0.3 -0.9 0.8 -0.53 -0.27 0.74 -0.56 -0.37 0.69 -0.51 -0.51 0.58 -0.58 -0.58 0.71 -0.71 0 -0.89 0 0.45 -0.89 0 0.45 -0.89 0 0.45 -0.89 0 0.45 0.67 -0.33 -0.67 0.67 -0.67 -0.33 0.67 -0.33 -0.67 0.41 -0.41 -0.82 0 -0.71 -0.71 0.41 -0.82 -0.41 0.71 -0.71 0 -0.69 -0.69 0.23 -0.69 -0.69 -0.23 -0.8 -0.53 0.27 -0.82 -0.41 0.41 -1 0 0 -0.67 -0.67 -0.33 -0.58 -0.58 -0.58 0.22 -0.44 -0.87 0.22 -0.44 -0.87 0.45 0 -0.89 0 -0.71 -0.71 -0.71 -0.71 0 -0.7 -0.7 -0.17 -0.78 -0.59 -0.2 -0.8 -0.53 -0.27 -0.8 -0.53 0.27 -0.8 -0.27 0.53 -0.71 0 0.71 -0.55 0 0.83 -0.32 0 0.95 0 0 1 0 0 1 -1 0 0 0 0 -1 0 0 -1 0 0 -1 -0.71 0 -0.71 -0.55 0 -0.83 -0.71 0 -0.71 -0.32 0 -0.95 0 0 -1 0 0 1 -0.32 0 0.95 0 0 1 -0.49 -0.49 0.73 -0.3 -0.3 0.9 -0.33 -0.67 0.67 -0.58 -0.58 0.58 0.32 0 -0.95 -0.32 0 -0.95 -0.3 -0.3 -0.9 0.55 0 -0.83 0.71 0 -0.71 0.8 -0.27 -0.53 0.82 -0.41 -0.41 -0.27 -0.53 -0.8 -0.41 -0.41 -0.82 -0.27 -0.53 -0.8 -0.71 0 -0.71 0.71 -0.71 0 -0.69 -0.69 0.23 -0.69 -0.69 0.23 -0.69 -0.69 0.23 -0.69 -0.69 0.23 0 0 -1 0.32 0 -0.95 0 0 -1 0.3 -0.3 -0.9 0.49 -0.49 -0.73 0.33 -0.67 -0.67 0.58 -0.58 -0.58 -0.58 -0.58 -0.58 -0.67 -0.67 -0.33 0 0 -1 -0.71 -0.71 0 -0.71 -0.71 0 -0.71 -0.71 0 -0.71 -0.71 0 0 0 -1 0 0 -1 0 0 -1 0 0 -1 -0.58 -0.58 0.58 -0.82 -0.41 0.41 -0.94 -0.24 0.24 -1 0 0 -0.71 0 -0.71 -0.83 0 -0.55 -0.95 0 -0.32 -0.49 -0.49 0.73 -0.41 -0.41 0.82 0 0 1 -1 0 0 -0.71 0 -0.71 -0.3 -0.3 -0.9 -0.49 -0.49 -0.73 0 0 -1 -0.58 -0.58 -0.58 -0.58 -0.58 -0.58 0 0 -1 0 0 -1 -0.58 -0.58 0.58 -0.41 -0.41 0.82 -0.33 -0.67 0.67 -0.71 -0.71 0 -0.69 -0.69 0.23 -0.71 -0.71 0 -0.71 0 0.71 -0.8 -0.27 -0.53 -0.82 -0.41 -0.41 -0.58 -0.58 -0.58 0.41 -0.41 -0.82 0.49 -0.49 -0.73 0.49 -0.49 -0.73 0.3 -0.3 -0.9 0 0 -1 0 0 -1 -0.55 0 -0.83 -0.83 0 -0.55 -0.32 0 -0.95 -0.87 -0.44 0.22 -0.87 -0.44 0.22 -1 0 0 -0.67 -0.67 0.33 0.32 0 -0.95 0 0 -1 0.55 0 -0.83 0 0 -1 0 0 -1 0 0 -1 0.71 0 -0.71 0.71 0 -0.71 -0.95 0 -0.32 -1 0 0 -0.9 -0.3 -0.3 -0.73 -0.49 -0.49 -0.67 -0.67 -0.33 -1 0 0 -0.58 -0.58 -0.58 -0.22 -0.44 -0.87 -0.22 -0.44 -0.87 -0.33 -0.67 -0.67 0 0 -1 -0.41 -0.41 -0.82 -0.67 -0.33 -0.67 -0.8 -0.27 -0.53 -0.7 -0.7 -0.14 -0.71 -0.71 0 -0.78 -0.59 0.2 -0.53 -0.27 0.8 -0.41 -0.41 0.82 -0.58 -0.58 0.58 -0.67 -0.33 0.67 0 -0.71 -0.71 -0.78 -0.59 -0.2 -0.67 -0.67 -0.33 -0.41 -0.41 -0.82 -0.71 -0.71 0 -0.41 -0.41 -0.82 -0.3 -0.3 -0.9 -0.58 -0.58 -0.58 -0.71 -0.71 0 -0.9 -0.3 0.3 -0.73 -0.49 0.49 -1 0 0 -1 0 0 -1 0 0 -0.58 -0.58 0.58 -0.58 -0.58 0.58 -0.73 -0.49 -0.49 -0.43 -0.64 -0.64 -0.49 -0.49 -0.73 -0.74 -0.56 -0.37 -0.8 -0.53 -0.27 -0.67 -0.67 -0.33 0.55 0 -0.83 0.71 0 -0.71 0.71 0 -0.71 -0.32 0 -0.95 0.32 0 -0.95 -0.3 -0.3 -0.9 -0.87 -0.44 -0.22 -0.87 -0.44 -0.22 -0.71 -0.71 0 -0.89 0 -0.45 0.41 -0.41 -0.82 0.27 -0.53 -0.8 0.71 0 -0.71 0 -0.71 -0.71 -0.23 -0.69 -0.69 -0.27 -0.53 -0.8 -0.41 -0.41 -0.82 0 0 -1 -0.67 -0.67 -0.33 -0.67 -0.67 -0.33 -0.49 -0.49 -0.73 -0.41 -0.41 -0.82 0 0 -1 -0.71 -0.71 0 -0.71 -0.71 0 -0.45 0 -0.89 -0.45 0 -0.89 -0.45 0 -0.89 -0.45 0 -0.89 -0.41 -0.41 -0.82 -0.49 -0.49 -0.73 -0.43 -0.64 -0.64 -1 0 0 -0.94 -0.24 -0.24 -0.73 -0.49 -0.49 -1 0 0 -0.83 0 0.55 -0.71 0 0.71 -0.71 0 0.71 -0.71 0 -0.71 -0.95 0 0.32 -0.67 -0.67 -0.33 -0.58 -0.58 -0.58 -0.67 -0.67 -0.33 -1 0 0 -0.89 0 -0.45 -1 0 0 0 0 -1 -0.82 -0.41 -0.41 -0.71 -0.71 0 -0.71 -0.71 0 -0.71 -0.71 0 -0.41 -0.82 0.41 -0.69 -0.69 0.23 -0.58 -0.58 0.58 -1 0 0 -0.73 -0.49 -0.49 -0.43 -0.64 -0.64 -0.49 -0.49 -0.73 -1 0 0 -0.94 -0.24 -0.24 -0.53 -0.27 -0.8 -0.53 -0.27 -0.8 0 -0.55 -0.83 0.27 -0.53 -0.8 -1 0 0 0.41 -0.41 -0.82 0 0 -1 -0.69 -0.69 -0.23 -0.69 -0.69 -0.23 -0.69 -0.69 -0.23 -0.69 -0.69 -0.23 0 0 -1 0 0 -1 0 0 -1 0 0 -1 -0.3 -0.3 -0.9 -0.41 -0.41 -0.82 -0.58 -0.58 -0.58 0 0 -1 -0.58 -0.58 -0.58 -0.58 -0.58 -0.58 0 0 -1 0 0 -1 -0.3 -0.3 -0.9 0 0 -1 -0.49 -0.49 -0.73 -0.58 -0.58 -0.58 -0.58 -0.58 -0.58 -0.58 -0.58 -0.58 -0.58 -0.58 -0.58 -0.71 -0.71 0 -0.69 -0.69 -0.23 -0.8 -0.53 -0.27 0 0 -1 -0.32 0 -0.95 -0.55 0 -0.83 -0.83 0 -0.55 -0.8 -0.27 -0.53 -0.8 -0.53 0.27 -0.78 -0.59 0.2 0 0 -1 -0.82 -0.41 0.41 -0.8 -0.27 -0.53 -0.83 -0.55 0 -0.8 -0.27 -0.53 -0.82 -0.41 -0.41 -0.71 -0.71 0 -0.58 -0.58 0.58 -0.67 -0.67 0.33 -0.8 -0.53 -0.27 -0.82 -0.41 -0.41 -0.71 -0.71 0 -0.71 0 -0.71 -0.69 -0.69 0.23 -0.58 -0.58 0.58 -0.67 -0.67 0.33 0 0 -1 0 0 -1 0 0 -1 -1 0 0 -1 0 0 -1 0 0 0 0 -1 -0.32 0 -0.95 -0.55 0 -0.83 -1 0 0 -0.95 0 -0.32 -0.83 0 -0.55 -0.89 0 -0.45 -0.89 0 -0.45 -0.89 0 -0.45 -0.89 0 -0.45 -0.49 -0.49 -0.73 -0.3 -0.3 -0.9 -0.49 -0.49 -0.73 0 0 -1 0 0 -1 0 0 -1 -0.41 -0.41 -0.82 0 0 -1 0 1 0 0 1 0 0 1 0 0 1 0 0 1 0 0 1 0 0 1 0 0 1 0 0 1 0 0 1 0 0 1 0 0 1 0 0 1 0 0 1 0 0 1 0 0 1 0 0 1 0 0 1 0 0 1 0 0 1 0 0 1 0 0 1 0 0 1 0 0 1 0 0 1 0 0 1 0 0 1 0 0 1 0 0 1 0 0 1 0 0 1 0 0 1 0 0 1 0 0 1 0 0 1 0 0 1 0 0 1 0 0 1 0 0 1 0 0 1 0 0 1 0 0 1 0 0 1 0 0 1 0 0 1 0 0 1 0 0 1 0 0 1 0 0 1 0 0 1 0 0 1 0 0 1 0 0 1 0 0 1 0 0 1 0 0 1 0 0 1 0 0 1 0 0 1 0 0 1 0 0 1 0 0 1 0 0 1 0 0 1 0 0 1 0 0 1 0 0 1 0 0 1 0 0 1 0 0 1 0 0 1 0 0 1 0 0 1 0 0 1 0 0 1 0 0 1 0 0 1 0 0 1 0 0 1 0 0 1 0 0 1 0 0 1 0 0 1 0 0 1 0 0 1 0 0 1 0 0 1 0 0 1 0 0 1 0 0 1 0 0 1 0 0 1 0 0 1 0 0 1 0 0 1 0 0 1 0 0 1 0 0 1 0 0 1 0 0 1 0 0 1 0 0 1 0 0 1 0 0 1 0 0 1 0 0 1 0 0 1 0 0 1 0 0 1 0 0 1 0 0 1 0 0 1 0 0 1 0 0 1 0 0 1 0 0 1 0 0 1 0 0 1 0 0 1 0 0 1 0 0 1 0 0 1 0 0 1 0 0 1 0 0 1 0 0 1 0 0 1 0 0 1 0 0 1 0 0 1 0 0 1 0 0 1 0 0 1 0 0 1 0 0 1 0 0 1 0 0 1 0 0 1 0 0 1 0 0 1 0 0 1 0 0 1 0 0 1 0 0 1 0 0 1 0 0 1 0 0 1 0 0 1 0 0 1 0 0 1 0 0 1 0 0 1 0 0 1 0 0 1 0 0 1 0 0 1 0 0 1 0 0 1 0 0 1 0 0 1 0 0 1 0 0 1 0 0 1 0 0 1 0 0 1 0 0 1 0 0 1 0 0 1 0 0 1 0 0 1 0 0 1 0 0 1 0 0 1 0 0 1 0 0 1 0 0 1 0 0 1 0 0 1 0 0 1 0 0 1 0 0 1 0 0 1 0 0 1 0 0 1 0 0 1 0 0 1 0 0 1 0 0 1 0 0 1 0 0 1 0 0 1 0 0 1 0 0 1 0 0 1 0 0 1 0 0 1 0 0 1 0 0 1 0 0 1 0 0 1 0 0 1 0 0 1 0 0 1 0 0 1 0 0 1 0 0 1 0 0 1 0 0 1 0 0 1 0 0 1 0 0 1 0 0 1 0 0 1 0 0 1 0 0 1 0 0 1 0 0 1 0 0 1 0 0 1 0 0 1 0 0 1 0 0 1 0 0 1 0 0 1 0 0 1 0 0 1 0 0 1 0 0 1 0 0 1 0 0 1 0 0 1 0 0 1 0 0 1 0 0 1 0 0 1 0 0 1 0 0 1 0 0 1 0 0 1 0 0 1 0 0 1 0 0 1 0 0 1 0 0 1 0 0 1 0 0 1 0 0 1 0 0 1 0 0 1 0 0 1 0 0 1 0 0 1 0 0 1 0 0 1 0 0 1 0 0 1 0 0 1 0 0 1 0 0 1 0 0 1 0 0 1 0 0 1 0 0 1 0 0 1 0 0 1 0 0 1 0 0 1 0 0 1 0 0 1 0 0 1 0 0 1 0 0 1 0 0 1 0 0 1 0 0 1 0 0 1 0 0 1 0 0 1 0 0 1 0 0 1 0 0 1 0 0 1 0 0 1 0 0 1 0 0 1 0 0 1 0 0 1 0 0 1 0 0 1 0 0 1 0 0 1 0 0 1 0 0 1 0 0 1 0 0 1 0 0 1 0 0 1 0 0 1 0 0 1 0 0 1 0 0 1 0 0 1 0 0 1 0 0 1 0 0 1 0 0 1 0 0 1 0 0 1 0 0 1 0 0 1 0 0 1 0 0 1 0 0 1 0 0 1 0 0 1 0 0 1 0 0 1 0 0 1 0 0 1 0 0 1 0 0 1 0 0 1 0 0 1 0 0 1 0 0 1 0 0 1 0 0 1 0 0 1 0 0 1 0 0 1 0 0 1 0 0 1 0 0 1 0 0 1 0 0 1 0 0 1 0 0 1 0 0 1 0 0 1 0 0 1 0 0 1 0 0 1 0 0 1 0 0 1 0 0 1 0 0 1 0 0 1 0 0 1 0 0 1 0 0 1 0 0 1 0 0 1 0 0 1 0 0 1 0 0 1 0 0 1 0 0 1 0 0 1 0 0 1 0 0 1 0 0 1 0 0 1 0 0 1 0 0 1 0 0 1 0 0 1 0 0 1 0 0 1 0 0 1 0 0 1 0 0 1 0 0 1 0 0 1 0 0 1 0 0 1 0 0 1 0 0 1 0 0 1 0 0 1 0 0 1 0 0 1 0 0 1 0 0 1 0 0 1 0 0 1 0 0 1 0 0 1 0 0 1 0 0 1 0 0 1 0 0 1 0 0 1 0 0 1 0 0 1 0 0 1 0 0 1 0 0 1 0 0 1 0 0 1 0 0 1 0 0 1 0 0 1 0 0 1 0 0 1 0 0 1 0 0 1 0 0 1 0 0 1 0 0 1 0 0 1 0 0 1 0 0 1 0 0 1 0 0 1 0 0 1 0 0 1 0 0 1 0 0 1 0 0 1 0 0 1 0 0 1 0 0 1 0 0 1 0 0 1 0 0 1 0 0 1 0 0 1 0 0 1 0 0 1 0 0 1 0 0 1 0 0 1 0 0 1 0 0 1 0 0 1 0 0 1 0 0 1 0 0 1 0 0 1 0 0 1 0 0 1 0 0 1 0 0 1 0 0 1 0 0 1 0 0 1 0 0.36 0 -0.93 0.54 0 -0.84 0.63 0 -0.78 0.78 0 -0.63 0.84 0 -0.54 0.95 0 -0.32 0.95 0 -0.31 0.93 0 0.36 0.84 0 0.54 0.78 0 0.63 0.63 0 0.78 0.54 0 0.84 0.32 0 0.95 0.31 0 0.95 -0.36 0 0.93 -0.54 0 0.84 -0.63 0 0.78 -0.78 0 0.63 -0.84 0 0.54 -0.54 0 -0.84 -0.32 0 -0.95 -0.31 0 -0.95 -0.78 0 -0.63 -0.63 0 -0.78 -0.93 0 -0.36 -0.84 0 -0.54 -0.95 0 0.32 -0.27 0 0.96 0.96 0 0.27 0.27 0 -0.96 -0.96 0 -0.27 0 -0.04 -1 0 0 -1 0 0 -1 0 0 -1 0.15 0.01 -0.99 0 0 -1 0 -0.04 1 0 0 1 0 0 1 0 0 1 -0.15 0.01 0.99 0 0 1 -1 -0.04 0 -1 0 0 -1 0 0 -1 0 0 -0.99 0.01 -0.15 -1 0 0 1 -0.04 0 1 0 0 1 0 0 1 0 0 0.99 0.01 0.15 1 0 0 1 0.04 0.08 1 0.06 0.03 0.99 -0.06 0.15 1 0 0 0.99 -0.08 0.15 0.98 0 0.18 0.99 -0.07 0.15 0.98 0 0.19 0.99 -0.07 -0.15 0.99 -0.08 -0.15 1 0.06 -0.03 1 0.04 -0.08 0.99 0.01 -0.15 0.98 0 -0.19 0.98 0 -0.18 0.99 -0.06 -0.15 -1 0.04 -0.08 -1 0.06 -0.03 -0.99 -0.06 -0.15 -1 0 0 -0.99 -0.08 -0.15 -0.98 0 -0.18 -0.99 -0.07 -0.15 -0.98 0 -0.19 -0.95 0 0.31 -0.99 -0.07 0.15 -0.99 -0.08 0.15 -1 0.06 0.03 -1 0.04 0.08 -0.99 0.01 0.15 -0.98 0 0.19 -0.98 0 0.18 -0.99 -0.06 0.15 -0.08 0.04 1 -0.03 0.06 1 -0.15 -0.06 0.99 0 0 1 -0.15 -0.08 0.99 -0.18 0 0.98 -0.15 -0.07 0.99 -0.19 0 0.98 0.15 -0.07 0.99 0.15 -0.08 0.99 0.03 0.06 1 0.08 0.04 1 0.15 0.01 0.99 0.19 0 0.98 0.18 0 0.98 0.15 -0.06 0.99 0.08 0.04 -1 0.03 0.06 -1 0.15 -0.06 -0.99 0 0 -1 0.15 -0.08 -0.99 0.18 0 -0.98 0.15 -0.07 -0.99 0.19 0 -0.98 -0.15 -0.07 -0.99 -0.15 -0.08 -0.99 -0.03 0.06 -1 -0.08 0.04 -1 -0.15 0.01 -0.99 -0.19 0 -0.98 -0.18 0 -0.98 -0.15 -0.06 -0.99 0 1 0 0 1 0 0 1 0 0 1 0 0 1 0 0 1 0 0 1 0 0 1 0 0 1 0 0 1 0 0 1 0 0 1 0 0 1 0 0 1 0 0 1 0 0 1 0 0 1 0 0 1 0 0 1 0 0 1 0 0 1 0 0 1 0 0 1 0 0 1 0 0 1 0 0 1 0 0 1 0 0 1 0 0 1 0 0 1 0 0 1 0 0 1 0 0 1 0 0 1 0 0 1 0 0 1 0 0 1 0 0 1 0 -0.11 0 0.99 0.11 0 0.99 -0.22 0 0.98 0.92 0 0.4 0.81 0 0.59 0.95 0 0.3 0.74 0 0.68 0.56 0 0.83 0.45 0 0.89 0.22 0 0.98 -0.45 0 0.89 -0.56 0 0.83 -0.74 0 0.68 -0.81 0 0.59 -0.92 0 0.4 -0.95 0 0.3 -1 0 0.06 -1 0 -0.06 -0.95 0 -0.3 -0.92 0 -0.4 -0.81 0 -0.59 -0.74 0 -0.68 -0.56 0 -0.83 -0.45 0 -0.89 -0.22 0 -0.98 -0.11 0 -0.99 0.11 0 -0.99 0.22 0 -0.98 0.45 0 -0.89 0.56 0 -0.83 0.74 0 -0.68 0.81 0 -0.59 0.92 0 -0.4 0.95 0 -0.3 1 0 -0.06 1 0 0.06 0 -1 0 0 -1 0 0 -1 0 0 -1 0 0 -1 0 0 -1 0 0 -1 0 0 -1 0 0 -1 0 0 -1 0 0 -1 0 0 -1 0 0 -1 0 0 -1 0 0 -1 0 0 -1 0 0 -1 0 0 -1 0 0 -1 0 0 -1 0 0 -1 0 0 -1 0 0 -1 0 0 -1 0 0 -1 0 0 -1 0 0 -1 0 0 -1 0 0 -1 0 0 -1 0 0 -1 0 0 -1 0 0 -1 0 0 -1 0 0 -1 0 0 -1 0 0 -1 0 0 -1 0 0 -1 0 0 -1 0 0.11 0.05 0.99 0.26 0.02 0.97 0.11 0.06 0.99 0.08 0.09 0.99 -0.2 0.01 0.98 0 0 1 0 0 1 0 0 1 0.07 0.14 0.99 0 0 1 0 0 1 -0.15 -0.02 0.99 0 0 1 0 0 1 0 0 1 0 0 1 0 0 1 0.08 -0.09 0.99 0.3 -0.01 0.95 0.07 -0.14 0.99 0 0 1 0.5 0 0.87 0.6 0 0.8 0.14 0 0.99 0.11 -0.05 0.99 0.11 -0.06 0.99 -0.36 0 0.93 -0.45 0 0.89 -0.63 0 0.78 -0.71 0 0.7 -0.85 0 0.53 -0.9 0 0.43 -0.96 0 0.26 0.93 -0.01 -0.37 0.82 0 -0.57 0.95 0.01 -0.32 -0.99 0 0.11 -0.97 0.01 0.23 -1 0.04 0.07 -1 0.04 0.08 -1 0.03 0.07 -1 0.02 0 -1 0 0 -1 0 0 -1 0.03 -0.07 -0.96 0 -0.26 -1 0 0 -1 0.04 -0.08 -0.99 0 -0.11 -0.97 -0.01 -0.23 -1 -0.04 -0.07 -1 -0.04 -0.08 -1 0.04 -0.07 -1 -0.03 -0.07 -1 -0.02 0 -1 0 0 -1 0 0 -1 -0.03 0.07 -1 0 0 -1 -0.04 0.07 -1 -0.04 0.08 -0.9 0 -0.43 -0.85 0 -0.53 -0.71 0 -0.7 -0.63 0 -0.78 -0.45 0 -0.89 -0.36 0 -0.93 -0.2 -0.01 -0.98 0 0 -1 -0.15 0.02 -0.99 0 0 -1 0 0 -1 0 0 -1 0.08 0.09 -0.99 0.3 0.01 -0.95 0.07 0.14 -0.99 0.11 0.05 -0.99 0.14 0 -0.99 0.26 -0.02 -0.97 0.11 -0.05 -0.99 0.11 -0.06 -0.99 0.11 0.06 -0.99 0 0 -1 0.08 -0.09 -0.99 0 0 -1 0 0 -1 0 0 -1 0.76 0 0.65 0.82 0 0.57 0.93 0.01 0.37 0.95 -0.01 0.32 1 -0.05 0 1 0 0 1 0 0 1 0.05 0 1 0 0 1 0 0 0.98 0.08 0.16 0.99 0.06 0.16 0.99 -0.06 0.16 1 0 0 0.98 -0.08 0.16 0.98 0.08 0.16 0.98 0 0.2 0.98 -0.08 0.16 0.98 -0.08 -0.16 0.98 -0.08 -0.16 0.99 0.06 -0.16 0.98 0.08 -0.16 1 0 0 0.98 0 -0.2 0.98 0.08 -0.16 0.99 -0.06 -0.16 0.76 0 -0.65 0.6 0 -0.8 0.5 0 -0.87 0 0 -1 0 0 -1 0 0 -1 0.07 -0.14 -0.99 0 -0.95 0.32 0 -0.95 0.32 0 -0.83 0.55 0 -1 0 0 -0.83 0.55 0 -1 0 0 -0.55 0.83 0 -0.32 0.95 0 -0.32 0.95 0 -0.55 0.83 0 0 1 0 0 1 0 0.55 0.83 0 0.32 0.95 0 0.32 0.95 0 0.55 0.83 0 0.83 0.55 0 0.95 0.32 0 0.83 0.55 0 1 0 0 1 0 0 0.95 -0.32 0 0.95 -0.32 0 0.83 -0.55 0 0.55 -0.83 0 0.32 -0.95 0 0.32 -0.95 0 0.55 -0.83 0 0 -1 0 -0.55 -0.83 0 -0.32 -0.95 0 -0.55 -0.83 0 -0.83 -0.55 0 -0.95 -0.32 0 -0.83 -0.55 0 -0.95 -0.32 0 -0.32 -0.95 0 0 -1 0 0.83 -0.55 0 0.95 0.32 0 0.95 0.32 0 0.95 0.32 0 0.83 0.55 0 1 0 0 1 0 0 0.83 0.55 0 0.55 0.83 0 0.32 0.95 0 0.32 0.95 0 0.55 0.83 0 0 1 0 0 1 0 -0.55 0.83 0 -0.32 0.95 0 -0.32 0.95 0 -0.55 0.83 0 -0.83 0.55 0 -1 0 0 -0.83 0.55 0 -0.95 0.32 0 -0.95 0.32 0 -0.95 -0.32 0 -0.95 -0.32 0 -0.83 -0.55 0 -1 0 0 -0.83 -0.55 0 -0.55 -0.83 0 -0.32 -0.95 0 -0.32 -0.95 0 -0.55 -0.83 0 0 -1 0 0 -1 0 0.55 -0.83 0 0.32 -0.95 0 0.32 -0.95 0 0.55 -0.83 0 0.83 -0.55 0 0.83 -0.55 0 0.95 -0.32 0 0.95 -0.32 0.32 0.95 0 0.32 0.95 0 0.55 0.83 0 0 1 0 0 1 0 0.55 0.83 0 0.83 0.55 0 0.83 0.55 0 1 0 0 0.95 0.32 0 1 0 0 0.83 -0.55 0 0.95 -0.32 0 0.95 -0.32 0 0.83 -0.55 0 0.55 -0.83 0 0 -1 0 0.55 -0.83 0 0.32 -0.95 0 0.32 -0.95 0 -0.32 -0.95 0 -0.32 -0.95 0 -0.55 -0.83 0 0 -1 0 -0.55 -0.83 0 -0.83 -0.55 0 -0.95 -0.32 0 -0.95 -0.32 0 -0.83 -0.55 0 -1 0 0 -1 0 0 -0.83 0.55 0 -0.95 0.32 0 -0.95 0.32 0 -0.83 0.55 0 -0.55 0.83 0 -0.55 0.83 0 -0.32 0.95 0 -0.32 0.95 0 0.95 0.32 0 0 1 0 -0.55 0.83 0 0 1 0 -0.32 0.95 0 -0.55 0.83 0 -0.83 0.55 0 -0.32 0.95 0 -0.95 0.32 0 -0.95 0.32 0 -0.83 0.55 0 -1 0 0 -1 0 0 -0.83 -0.55 0 -0.95 -0.32 0 -0.95 -0.32 0 -0.83 -0.55 0 -0.55 -0.83 0 0 -1 0 -0.55 -0.83 0 -0.32 -0.95 0 -0.32 -0.95 0 0.32 -0.95 0 0.32 -0.95 0 0.55 -0.83 0 0 -1 0 0.55 -0.83 0 0.83 -0.55 0 0.95 -0.32 0 0.95 -0.32 0 0.83 -0.55 0 1 0 0 1 0 0 0.83 0.55 0 0.95 0.32 0 0.95 0.32 0 0.83 0.55 0 0.55 0.83 0 0.55 0.83 0 0.32 0.95 0 0.32 0.95 0 -0.27 0.96 -0.01 -0.1 0.99 -0.02 -0.43 0.9 -0.01 -0.22 0.98 -0.01 -0.5 0.87 0 0.09 1 -0.01 0 1 0 0.24 0.97 -0.02 0.41 0.91 0 0.55 0.83 0 0.24 0.97 0 0.67 0.74 0 0.55 0.83 0.02 0.79 0.61 -0.02 0.88 0.48 -0.02 0.95 0.31 -0.02 0.79 0.61 0 0.99 0.16 -0.01 0.98 0.21 -0.01 0.93 0.37 0 1 -0.02 -0.01 1 -0.06 0 -0.53 0.85 0 -0.66 0.75 -0.01 -0.61 0.79 0 -0.78 0.63 -0.01 -0.87 0.49 -0.01 -0.95 0.32 -0.01 -0.93 0.37 0 -0.99 0.15 -0.01 -1 0.08 -0.01 -0.98 0.18 0 -0.98 -0.18 -0.01 -0.98 -0.21 0 -0.87 -0.49 -0.01 -0.78 -0.62 -0.01 -0.87 -0.5 0 -0.66 -0.75 -0.01 -0.57 -0.82 -0.01 -0.74 -0.68 0 -0.38 -0.92 -0.01 -0.26 -0.96 -0.01 -0.32 -0.95 0 -0.1 -1 -0.01 0.09 -1 0 -0.12 -0.99 0 0.23 -0.97 -0.01 0.39 -0.92 -0.01 0.32 -0.95 0 0.55 -0.84 -0.02 0.69 -0.73 -0.01 0.54 -0.84 0 0.8 -0.6 -0.01 0.86 -0.51 -0.01 0.74 -0.68 0 0.95 -0.32 -0.01 0.99 -0.17 -0.01 0.95 -0.3 0 -0.81 0.59 -0.01 -1 -0.02 -0.02 -0.95 -0.32 0 -0.52 -0.85 -0.01 0.12 -0.99 0 0.88 -0.47 -0.01 0 1 0 0 1 0 0 1 0 0 1 0 0 1 0 0 1 0 0 1 0 0 1 0 0 1 0 0 1 0 0 1 0 0 1 0 0 1 0 0 1 0 0 1 0 0 1 0 0 1 0 0 1 0 0 1 0 0 1 0 0 1 0 0 1 0 0 1 0 0 1 0 0 1 0 0 1 0 0 1 0 0 1 0 0 1 0 0 1 0 0 1 0 0 1 0 0 1 0 0 1 0 0 1 0 0 1 0 0 1 0 0 1 0 0 1 0 0 1 0 0 1 0 0 1 0 0 1 0 0 1 0 0 1 0 0 1 0 0 1 0 0 1 0 0.72 0.58 0.38 0.87 0.38 0.33 0.73 0.5 0.48 0.72 0.64 0.29 0.86 0.43 0.26 0.71 0.69 0.16 0.86 0.47 0.2 0.73 0.68 0.07 0.87 0.48 0.14 0.79 0.61 0.04 0.7 0.7 0.1 0.87 0.48 0.07 0.86 0.27 0.43 0.95 0.13 0.28 0.87 0.25 0.42 0.87 0.31 0.38 0.95 0.17 0.25 0.95 0.2 0.23 0.95 0.24 0.2 0.95 0.26 0.16 0.95 0.28 0.12 0.95 0.29 0.08 0.9 0.42 0.04 0.95 0.3 0.04 0.99 0.02 0.11 0.97 0.04 0.24 1 0.04 0.07 1 0.05 0.06 1 0.05 0.06 1 0.06 0.05 1 0.07 0.04 1 0.07 0.03 1 0.07 0.02 0.96 0.27 0.02 1 0.07 0 0.99 -0.06 -0.11 0.99 -0.06 -0.13 0.99 -0.08 -0.12 0.99 -0.09 -0.11 0.99 -0.11 -0.1 0.99 -0.12 -0.08 0.99 -0.13 -0.06 0.99 -0.14 -0.04 1 -0.06 -0.02 0.99 0.16 0.01 0.99 -0.16 -0.03 0.95 -0.11 -0.29 0.94 -0.15 -0.31 0.94 -0.18 -0.29 0.94 -0.23 -0.26 0.94 -0.26 -0.23 0.94 -0.29 -0.19 0.94 -0.32 -0.15 0.94 -0.34 -0.1 0.97 -0.23 -0.03 0.99 -0.16 -0.01 0.93 -0.36 -0.06 0.85 -0.17 -0.49 0.84 -0.23 -0.49 0.84 -0.3 -0.46 0.83 -0.37 -0.41 0.83 -0.42 -0.36 0.84 -0.46 -0.29 0.84 -0.49 -0.22 0.84 -0.51 -0.16 0.89 -0.45 -0.02 0.84 -0.53 -0.08 0.71 -0.21 -0.67 0.69 -0.31 -0.65 0.7 -0.4 -0.6 0.7 -0.47 -0.53 0.71 -0.53 -0.47 0.71 -0.59 -0.39 0.71 -0.64 -0.29 0.7 -0.69 -0.2 0.78 -0.63 -0.06 0.68 -0.72 -0.11 0.89 -0.45 -0.02 0.54 -0.26 -0.8 0.52 -0.36 -0.77 0.53 -0.46 -0.71 0.53 -0.56 -0.64 0.52 -0.64 -0.56 0.52 -0.71 -0.46 0.52 -0.78 -0.35 0.51 -0.83 -0.23 0.62 -0.78 -0.08 0.71 -0.71 -0.06 0.51 -0.85 -0.14 0.33 -0.29 -0.9 0.33 -0.4 -0.86 0.32 -0.52 -0.79 0.32 -0.63 -0.71 0.32 -0.71 -0.62 0.33 -0.79 -0.52 0.32 -0.87 -0.37 0.33 -0.91 -0.26 0.46 -0.89 -0.07 0.34 -0.93 -0.15 0.11 -0.3 -0.95 0.12 -0.42 -0.9 0.1 -0.56 -0.82 0.11 -0.66 -0.75 0.11 -0.75 -0.66 0.1 -0.84 -0.53 0.11 -0.91 -0.4 0.12 -0.95 -0.29 0.23 -0.97 -0.07 0.11 -0.98 -0.15 0.42 -0.9 -0.07 -0.08 -0.3 -0.95 -0.11 -0.43 -0.9 -0.11 -0.55 -0.83 -0.1 -0.65 -0.75 -0.11 -0.75 -0.65 -0.11 -0.84 -0.54 -0.1 -0.91 -0.4 -0.11 -0.95 -0.28 0 -1 -0.08 0.16 -0.98 -0.08 -0.14 -0.98 -0.15 -0.32 -0.29 -0.9 -0.34 -0.41 -0.85 -0.31 -0.52 -0.8 -0.32 -0.63 -0.7 -0.32 -0.71 -0.62 -0.32 -0.8 -0.51 -0.33 -0.87 -0.37 -0.33 -0.91 -0.26 -0.23 -0.97 -0.07 -0.16 -0.98 -0.08 -0.36 -0.92 -0.15 -0.52 -0.27 -0.81 -0.51 -0.36 -0.78 -0.52 -0.47 -0.71 -0.53 -0.57 -0.63 -0.53 -0.64 -0.56 -0.53 -0.72 -0.45 -0.52 -0.78 -0.34 -0.51 -0.82 -0.23 -0.44 -0.9 -0.07 -0.53 -0.84 -0.12 -0.68 -0.23 -0.7 -0.7 -0.31 -0.64 -0.71 -0.4 -0.59 -0.7 -0.48 -0.53 -0.7 -0.54 -0.47 -0.7 -0.6 -0.38 -0.7 -0.65 -0.29 -0.71 -0.68 -0.18 -0.62 -0.78 -0.08 -0.71 -0.69 -0.1 -0.46 -0.88 -0.07 -0.83 -0.18 -0.53 -0.84 -0.24 -0.49 -0.83 -0.3 -0.46 -0.84 -0.37 -0.41 -0.84 -0.42 -0.35 -0.84 -0.46 -0.29 -0.84 -0.49 -0.22 -0.84 -0.52 -0.15 -0.78 -0.63 -0.06 -0.71 -0.71 -0.06 -0.85 -0.52 -0.09 -0.93 -0.14 -0.33 -0.94 -0.15 -0.31 -0.94 -0.19 -0.28 -0.94 -0.23 -0.25 -0.94 -0.27 -0.22 -0.94 -0.3 -0.18 -0.94 -0.32 -0.14 -0.94 -0.34 -0.1 -0.89 -0.45 -0.02 -0.94 -0.34 -0.04 -0.99 -0.07 -0.14 -0.99 -0.06 -0.13 -0.99 -0.08 -0.12 -0.99 -0.1 -0.11 -0.99 -0.11 -0.09 -0.99 -0.12 -0.07 -0.99 -0.13 -0.06 -0.99 -0.14 -0.04 -0.97 -0.23 -0.03 -0.99 -0.14 -0.02 -0.89 -0.45 -0.02 -1 0 0.04 -1 0.03 0.07 -1 0.04 0.07 -1 0.05 0.06 -1 0.06 0.05 -1 0.06 0.04 -1 0.07 0.03 -1 0.07 0.03 -1 -0.06 -0.02 -1 0.1 0.01 -0.99 -0.16 -0.01 -0.97 0.08 0.24 -0.96 0.12 0.26 -0.95 0.17 0.25 -0.95 0.2 0.23 -0.95 0.23 0.21 -0.95 0.26 0.16 -0.95 0.28 0.12 -0.95 0.29 0.08 -0.98 0.18 0.01 -0.95 0.3 0.04 -0.9 0.19 0.39 -0.87 0.26 0.42 -0.86 0.32 0.39 -0.87 0.38 0.33 -0.87 0.43 0.25 -0.86 0.46 0.21 -0.86 0.49 0.13 -0.94 0.33 0.03 -0.86 0.5 0.07 -0.75 0.36 0.56 -0.73 0.44 0.52 -0.73 0.52 0.45 -0.71 0.58 0.41 -0.71 0.64 0.28 -0.72 0.68 0.16 -0.79 0.61 0.04 -0.7 0.71 0.07 -0.89 0.45 0.05 -0.62 0.52 0.59 -0.59 0.58 0.56 -0.61 0.66 0.44 -0.57 0.75 0.34 -0.57 0.8 0.19 -0.64 0.77 0.03 -0.7 0.7 0.1 -0.54 0.83 0.08 -0.49 0.81 0.34 -0.43 0.87 0.23 -0.48 0.88 0 -0.41 0.91 0.08 -0.54 0.53 0.66 -0.51 0.68 0.52 -0.64 0.43 0.63 -0.78 0.28 0.56 -0.68 0.34 0.65 0.71 0.46 0.54 -0.93 0.1 0.37 -0.84 0.2 0.5 -0.96 -0.09 0.26 -0.9 0.3 0.3 -0.99 0.03 0.16 -1 -0.04 0 -1 -0.09 -0.05 -0.98 -0.1 -0.18 -0.96 -0.1 -0.26 -0.9 -0.12 -0.43 -0.8 -0.14 -0.58 -0.85 -0.09 -0.52 -0.78 -0.17 -0.61 -0.61 -0.2 -0.76 -0.65 -0.18 -0.73 -0.62 -0.22 -0.75 -0.44 -0.22 -0.87 -0.48 -0.23 -0.84 -0.39 -0.21 -0.9 -0.2 -0.23 -0.95 -0.31 -0.2 -0.93 -0.19 -0.23 -0.95 0 -0.25 -0.97 0 -0.25 -0.97 -0.11 -0.25 -0.96 0.2 -0.24 -0.95 0.25 -0.21 -0.94 0.12 -0.25 -0.96 0.44 -0.22 -0.87 0.31 -0.2 -0.93 0.59 -0.19 -0.78 0.52 -0.19 -0.83 0.79 -0.15 -0.6 0.74 -0.14 -0.66 0.68 -0.15 -0.72 0.91 -0.12 -0.39 0.88 -0.14 -0.46 0.98 -0.09 -0.18 0.96 -0.08 -0.26 1 -0.03 0 1 -0.08 -0.05 0.95 -0.17 0.28 0.99 0 0.16 0.89 0.13 0.43 0.92 0.04 0.39 0.82 0.25 0.51 0.78 0.27 0.57 0.61 0.47 0.64 0.64 0.41 0.65 0.75 0.35 0.57 0.51 0.59 0.63 0.59 0.56 0.57 0.6 0.57 0.57 0.5 0.69 0.52 0.56 0.74 0.37 0.6 0.66 0.46 0.45 0.75 0.49 0.34 0.87 0.35 0.43 0.86 0.27 0.46 0.84 0.29 0.27 0.96 0.08 0.42 0.9 0.12 0.28 0.94 0.19 0.26 0.96 0.1 -0.27 0.96 0.05 -0.28 0.94 0.2 -0.43 0.9 0 -0.37 0.84 0.4 -0.47 0.73 0.5 -0.26 0.96 0.07 0.45 0.89 0 -0.82 0.25 0.52 0.64 0.77 0.03 0.56 0.83 0.06 0.57 0.79 0.22 0.49 0.87 0 -0.8 -0.26 -0.53 -0.92 -0.12 -0.38 -0.92 -0.16 -0.36 -0.83 -0.29 -0.48 -0.92 -0.21 -0.33 -0.81 -0.38 -0.45 -0.92 -0.26 -0.3 -0.81 -0.45 -0.38 -0.92 -0.3 -0.26 -0.81 -0.5 -0.31 -0.92 -0.33 -0.21 -0.81 -0.53 -0.25 -0.92 -0.36 -0.17 -0.81 -0.55 -0.19 -0.92 -0.39 -0.11 -0.81 -0.58 -0.05 -0.92 -0.38 -0.04 -0.86 -0.51 0.01 -0.95 -0.31 -0.03 -0.65 -0.09 -0.76 -0.79 0 -0.61 -0.81 -0.08 -0.58 -0.65 -0.21 -0.73 -0.81 -0.18 -0.56 -0.64 -0.33 -0.7 -0.65 -0.41 -0.63 -0.64 -0.59 -0.5 -0.63 -0.66 -0.41 -0.63 -0.72 -0.31 -0.64 -0.73 -0.22 -0.66 -0.75 -0.09 -0.74 -0.68 0.01 -0.78 -0.62 0 -0.45 -0.1 -0.89 -0.61 0 -0.79 -0.45 -0.22 -0.86 -0.44 -0.36 -0.82 -0.46 -0.51 -0.73 -0.46 -0.66 -0.6 -0.63 -0.48 -0.62 -0.45 -0.74 -0.5 -0.45 -0.82 -0.36 -0.45 -0.86 -0.24 -0.45 -0.89 -0.11 -0.52 -0.85 0 -0.57 -0.82 0 -0.21 -0.16 -0.96 -0.4 0 -0.92 -0.23 -0.27 -0.93 -0.25 -0.39 -0.89 -0.27 -0.55 -0.79 -0.25 -0.79 -0.56 -0.23 -0.89 -0.39 -0.24 -0.93 -0.27 -0.26 -0.96 -0.12 0.04 0 -1 0.24 -0.15 -0.96 0.26 0 -0.97 -0.01 -0.13 -0.99 0.24 -0.27 -0.93 0 -0.29 -0.96 0.23 -0.39 -0.89 0.02 -0.45 -0.89 0.22 -0.59 -0.78 0.03 -0.77 -0.64 0.25 -0.8 -0.54 0.27 -0.71 -0.65 0 -0.81 -0.58 0.25 -0.89 -0.39 -0.02 -0.89 -0.45 0.23 -0.93 -0.27 0 -0.96 -0.29 0.19 -0.97 -0.18 0.01 -0.99 -0.1 0.12 -0.99 0 0.44 -0.1 -0.89 0.48 0 -0.88 0.45 -0.24 -0.86 0.45 -0.36 -0.82 0.42 -0.54 -0.73 0.45 -0.74 -0.5 0.46 -0.67 -0.59 0.44 -0.82 -0.36 0.45 -0.86 -0.22 0.43 -0.9 -0.08 0.32 -0.95 0.03 0.39 -0.92 0 0.66 -0.1 -0.75 0.68 0 -0.73 0.64 -0.22 -0.73 0.63 -0.31 -0.72 0.61 -0.45 -0.66 0.51 -0.55 -0.66 0.64 -0.59 -0.49 0.66 -0.48 -0.58 0.64 -0.66 -0.41 0.64 -0.7 -0.33 0.65 -0.73 -0.21 0.64 -0.76 -0.08 0.54 -0.84 0.03 0.69 -0.73 0 0.81 -0.06 -0.59 0.83 -0.02 -0.56 0.81 -0.19 -0.55 0.81 -0.25 -0.53 0.81 -0.32 -0.49 0.81 -0.45 -0.38 0.82 -0.37 -0.44 0.81 -0.5 -0.3 0.8 -0.53 -0.26 0.81 -0.56 -0.18 0.81 -0.58 -0.08 0.74 -0.68 0 0.86 -0.51 0 0.92 -0.05 -0.39 0.93 -0.03 -0.36 0.92 -0.11 -0.39 0.92 -0.17 -0.36 0.92 -0.21 -0.33 0.92 -0.26 -0.3 0.92 -0.3 -0.26 0.92 -0.33 -0.21 0.92 -0.36 -0.16 0.92 -0.38 -0.12 0.91 -0.42 -0.05 0.87 -0.49 -0.03 0.98 -0.02 -0.17 0.99 -0.01 -0.14 0.98 -0.05 -0.17 0.98 -0.07 -0.16 0.98 -0.09 -0.15 0.98 -0.12 -0.14 0.98 -0.13 -0.12 0.98 -0.15 -0.1 0.98 -0.16 -0.08 0.98 -0.17 -0.05 0.98 -0.19 -0.02 0.95 -0.3 -0.01 0.99 -0.17 -0.01 1 0.01 0.07 0.99 0.01 0.11 1 0.02 0.06 1 0.03 0.06 1 0.04 0.06 1 0.05 0.05 1 0.05 0.04 1 0.06 0.03 1 0.06 0.03 1 0.06 0.02 -0.32 -0.95 0 -0.19 0 -0.98 -0.02 -0.57 -0.82 -0.22 -0.72 -0.66 -0.12 -0.99 0.07 -0.26 -0.96 0 -0.52 -0.6 -0.6 -0.71 -0.4 -0.58 -0.33 -0.61 -0.72 -0.42 -0.53 -0.74 -0.12 -0.56 -0.82 0.12 -0.57 -0.81 0 -0.32 -0.95 0.32 -0.66 -0.68 0.52 -0.6 -0.6 0.44 -0.51 -0.74 0.7 -0.41 -0.58 0.57 -0.43 -0.7 0.31 -0.16 -0.94 0.52 -0.26 -0.81 0.31 -0.63 -0.71 0.12 -0.69 -0.72 -0.1 -0.72 -0.69 0 -0.83 -0.55 -0.37 -0.6 -0.71 -0.18 -0.67 -0.72 -0.49 -0.52 -0.71 -0.57 -0.36 -0.74 -0.42 -0.42 -0.8 -0.92 -0.06 -0.39 -0.9 -0.03 -0.43 -0.99 -0.16 -0.02 -0.98 -0.21 -0.02 -0.98 -0.17 -0.05 -0.98 -0.16 -0.07 -0.98 -0.15 -0.09 -0.98 -0.14 -0.12 -0.98 -0.12 -0.13 -0.98 -0.1 -0.15 -0.98 -0.08 -0.16 -0.98 -0.05 -0.17 -0.98 -0.03 -0.18 -0.97 -0.02 -0.24 -1 -0.06 0 -1 0.09 0.02 -1 0.08 0.01 -1 0.06 0.02 -1 0.06 0.03 -1 0.06 0.04 -1 0.05 0.05 -1 0.04 0.05 -1 0.03 0.06 -1 0.03 0.06 -1 0.02 0.06 -1 0.01 0.07 -1 0 -0.06 -0.98 0.18 0.03 -0.96 0.29 0.05 -0.94 0.34 0.02 -0.96 0.28 0.08 -0.96 0.26 0.12 -0.96 0.24 0.15 -0.96 0.21 0.18 -0.96 0.18 0.21 -0.96 0.15 0.24 -0.96 0.11 0.26 -0.96 0.08 0.27 -0.96 0.04 0.28 -0.97 0.01 0.25 -0.93 0.37 0.03 -0.86 0.5 0.08 -0.79 0.61 0.04 -0.87 0.47 0.15 -0.86 0.46 0.2 -0.87 0.42 0.27 -0.86 0.38 0.33 -0.86 0.33 0.38 -0.87 0.26 0.42 -0.87 0.2 0.46 -0.86 0.14 0.48 -0.86 0.07 0.5 -0.89 0.02 0.46 -0.71 0.7 0.1 -0.77 0.63 0.06 -0.72 0.67 0.2 -0.72 0.63 0.29 -0.71 0.59 0.38 -0.71 0.53 0.46 -0.71 0.46 0.53 -0.71 0.38 0.59 -0.72 0.28 0.64 -0.72 0.19 0.67 -0.71 0.09 0.7 -0.73 0.05 0.69 -0.54 0.84 0.12 -0.63 0.78 0.07 -0.53 0.84 0.04 -0.55 0.8 0.23 -0.54 0.76 0.35 -0.54 0.71 0.45 -0.54 0.63 0.55 -0.55 0.55 0.63 -0.54 0.45 0.71 -0.54 0.35 0.77 -0.55 0.23 0.8 -0.56 0.11 0.82 -0.59 0.05 0.81 -0.47 0.88 0.06 -0.32 0.93 0.15 -0.27 0.96 0.08 -0.34 0.9 0.26 -0.35 0.85 0.39 -0.33 0.79 0.51 -0.33 0.71 0.62 -0.33 0.62 0.71 -0.34 0.5 0.79 -0.34 0.38 0.86 -0.33 0.27 0.9 -0.35 0.13 0.93 -0.4 0.07 0.92 -0.12 0.98 0.16 -0.22 0.97 0.08 -0.11 0.96 0.27 -0.13 0.9 0.41 -0.12 0.83 0.54 -0.11 0.75 0.65 -0.11 0.65 0.75 -0.11 0.55 0.83 -0.13 0.4 0.91 -0.11 0.29 0.95 -0.12 0.15 0.98 -0.16 0.08 0.98 0.13 0.98 0.15 0 1 0.08 0.09 0.99 0.08 0.11 0.95 0.29 0.13 0.91 0.4 0.11 0.83 0.55 0.11 0.75 0.65 0.11 0.65 0.75 0.12 0.54 0.83 0.13 0.41 0.9 0.11 0.27 0.96 0.13 0.16 0.98 0.08 0.08 0.99 0.24 0.97 0.08 0.36 0.92 0.14 0.44 0.9 0.06 0.33 0.9 0.27 1 0.07 0.01 1 -0.06 0 0.99 0.15 0.01 0.96 0.05 0.28 0.95 0.02 0.31 0.96 0.08 0.28 0.96 0.12 0.26 0.96 0.15 0.24 0.96 0.18 0.21 0.96 0.21 0.18 0.96 0.24 0.15 0.96 0.26 0.11 0.96 0.27 0.08 0.96 0.26 0.04 0.98 0.2 0.01 0.86 0.08 0.5 0.84 0.04 0.55 0.87 0.15 0.47 0.86 0.2 0.46 0.87 0.27 0.42 0.86 0.33 0.38 0.86 0.38 0.33 0.87 0.42 0.26 0.87 0.46 0.2 0.86 0.48 0.14 0.87 0.48 0.07 0.93 0.37 0.02 0.88 0.48 0.02 0.71 0.1 0.7 0.69 0.05 0.73 0.72 0.2 0.67 0.72 0.29 0.63 0.71 0.38 0.59 0.71 0.46 0.53 0.71 0.53 0.46 0.71 0.59 0.38 0.72 0.64 0.28 0.72 0.67 0.19 0.71 0.69 0.09 0.78 0.62 0.05 0.66 0.75 0.07 0.55 0.11 0.83 0.52 0.05 0.85 0.55 0.23 0.8 0.54 0.35 0.76 0.54 0.45 0.71 0.54 0.55 0.63 0.55 0.63 0.55 0.54 0.71 0.45 0.54 0.77 0.35 0.55 0.8 0.23 0.56 0.82 0.11 0.59 0.81 0.05 0.35 0.14 0.93 0.33 0.08 0.94 0.34 0.26 0.9 0.35 0.39 0.85 0.33 0.51 0.79 0.33 0.62 0.71 0.33 0.71 0.62 0.34 0.79 0.5 0.34 0.86 0.38 -0.99 0.01 0.15 0.09 -1 0 -0.98 -0.2 -0.01 -0.99 -0.14 -0.01 -0.97 -0.25 -0.02 -0.99 -0.13 0 -0.92 -0.38 -0.01 -0.72 0.69 0.01 -0.79 0.62 0.01 -0.79 0.61 0 -0.71 0.71 0.02 -0.86 0.51 0.02 -0.88 0.47 0 -0.9 0.43 0 -0.96 0.29 -0.01 -0.93 0.37 0 -0.99 0.17 0 -0.99 0.14 0.01 -1 -0.03 0.01 -1 -0.06 0 -0.98 0.21 -0.02 0.08 1 0.01 0 1 0.01 0.13 0.99 0.02 0.2 0.98 0 0.23 0.97 0 0.28 0.96 -0.01 0.34 0.94 0.01 -0.13 0.99 0.02 -0.2 0.98 0 -0.23 0.97 0 -0.08 1 0.01 -0.28 0.96 -0.01 -0.34 0.94 0.01 0 1 0 -0.67 0.75 0.01 -0.69 0.72 0.01 -0.6 0.8 0 -0.41 0.91 0 -0.46 0.89 0.01 0.6 0.8 0 0.49 0.87 0.01 0.5 0.87 0.02 0.79 0.62 0.01 0.72 0.69 0.01 0.79 0.61 0 0.96 0.29 -0.01 0.9 0.43 0 0.93 0.37 0 1 -0.03 0.01 0.99 0.14 0.01 0.99 0.17 0 0.97 -0.25 -0.02 0.98 -0.2 -0.01 0.92 -0.38 -0.01 0.82 -0.57 0 0.88 -0.47 -0.01 0.87 -0.5 0 0.62 -0.79 0.01 0.69 -0.72 0.01 0.61 -0.79 0 0.34 -0.94 0.01 0.4 -0.92 -0.01 0.45 -0.89 0 0 -1 0.01 0.14 -0.99 0.02 0.18 -0.98 0.01 -0.22 -0.98 0 -0.21 -0.98 -0.02 -0.34 -0.94 0.01 -0.62 -0.79 0.01 -0.5 -0.87 0.01 -0.61 -0.79 0 -0.76 -0.64 0.01 -0.72 -0.69 0.01 -0.82 -0.57 0 -0.91 -0.42 -0.02 -0.89 -0.45 -0.02 -0.88 -0.47 -0.01 -0.87 -0.5 0 -0.71 -0.71 0.02 -0.69 -0.72 0.01 -0.48 -0.88 0 -0.45 -0.89 0 -0.4 -0.92 -0.01 -0.18 -0.98 0.01 -0.14 -0.99 0.02 0 -1 0 0.22 -0.98 0 0.21 -0.98 -0.02 0.48 -0.88 0 0.5 -0.87 0.01 0.71 -0.71 0.02 0.72 -0.69 0.01 0.76 -0.64 0.01 0.89 -0.45 -0.02 0.91 -0.42 -0.02 0.99 -0.14 -0.01 0.99 -0.13 0 1 -0.06 0 0.98 0.21 -0.02 0.88 0.47 0 0.86 0.51 0.02 -0.49 0.87 0.01 -0.5 0.87 0.02 0.71 0.71 0.02 0.69 0.72 0.01 0.67 0.75 0.01 0.46 0.89 0.01 0.41 0.91 0 0.39 0 -0.92 0.45 0 -0.89 0.39 0.02 -0.92 0.32 0.03 -0.95 0.25 0.02 -0.97 0.13 0.01 -0.99 0.06 0 -1 0 0 -1 -0.07 0 -1 0 0 -1 -0.13 0 -0.99 -0.26 0 -0.97 -0.38 0 -0.92 -0.31 0 -0.95 -0.39 0 -0.92 -0.45 0 -0.89 -0.49 0 -0.87 -0.55 0 -0.83 0.49 0 -0.87 0.55 0 -0.83 0.43 -0.28 0.86 0.37 -0.28 0.88 0.47 -0.28 0.84 0.17 -0.2 0.96 0.13 -0.22 0.97 0.27 -0.25 0.93 0.26 -0.26 0.93 0 -0.27 0.96 0.06 -0.25 0.97 0 -0.27 0.96 -0.08 -0.24 0.97 -0.21 -0.18 0.96 -0.13 -0.22 0.97 -0.3 -0.25 0.92 -0.26 -0.22 0.94 -0.4 -0.27 0.88 -0.49 -0.16 0.86 -0.43 -0.33 0.84 -0.55 0 0.83 -0.49 0 0.87 0.36 -0.27 0.89 0.53 -0.27 0.8 0.89 -0.36 -0.28 0.92 -0.37 -0.15 0.93 -0.37 -0.08 0.85 -0.36 -0.39 0.89 -0.36 -0.28 0.82 -0.36 -0.46 0.76 -0.36 -0.54 0.69 -0.33 -0.64 0.59 -0.38 -0.72 0.69 -0.33 -0.65 0.55 -0.32 -0.78 0.47 -0.38 -0.79 0.19 -0.32 -0.93 0.3 -0.39 -0.87 0.39 -0.32 -0.86 0.09 -0.36 -0.93 0.18 -0.35 -0.92 -0.2 -0.32 -0.93 -0.09 -0.36 -0.93 0 -0.31 -0.95 -0.3 -0.39 -0.87 -0.18 -0.35 -0.92 -0.4 -0.35 -0.85 -0.47 -0.38 -0.79 -0.69 -0.35 -0.64 -0.59 -0.38 -0.72 -0.54 -0.34 -0.77 -0.76 -0.36 -0.54 -0.69 -0.33 -0.65 -0.89 -0.37 -0.28 -0.85 -0.36 -0.39 -0.82 -0.35 -0.46 -0.92 -0.37 -0.15 -0.89 -0.36 -0.28 0.53 -0.36 0.77 0.52 -0.2 0.83 0.52 -0.07 0.85 0.67 -0.37 0.64 0.6 -0.41 0.68 0.67 -0.33 0.67 0.79 -0.39 0.47 0.74 -0.39 0.55 0.71 -0.38 0.59 0.88 -0.37 0.29 0.85 -0.38 0.37 0.87 -0.39 0.31 0.92 -0.36 0.14 0.9 -0.37 0.22 0.92 -0.36 0.14 0.93 -0.36 0.03 0.93 -0.37 0 0.98 -0.18 -0.04 0.95 -0.28 -0.16 0.91 -0.36 -0.21 0.88 -0.32 -0.36 0.84 -0.34 -0.43 0.8 -0.29 -0.53 0.76 -0.26 -0.6 0.64 -0.23 -0.73 0.59 -0.24 -0.77 0.49 -0.21 -0.85 0.35 -0.28 -0.9 0.29 -0.26 -0.92 0.18 -0.26 -0.95 0.08 -0.26 -0.96 0 -0.29 -0.96 -0.12 -0.23 -0.96 -0.33 -0.27 -0.9 -0.48 -0.27 -0.84 -0.55 -0.27 -0.79 -0.63 -0.29 -0.72 -0.68 -0.37 -0.63 -0.77 -0.3 -0.56 -0.84 -0.34 -0.43 -0.87 -0.36 -0.35 -0.84 -0.5 -0.22 -0.93 -0.36 -0.09 -0.94 -0.29 -0.18 -0.99 -0.15 -0.04 -0.93 -0.37 0.06 -0.93 -0.37 0 -0.87 -0.39 0.29 -0.86 -0.39 0.34 -0.84 -0.41 0.36 -0.83 -0.4 0.4 -0.82 -0.38 0.43 -0.83 -0.42 0.37 -0.69 -0.33 0.64 -0.71 -0.37 0.6 -0.69 -0.36 0.63 -0.64 -0.36 0.68 -0.55 -0.41 0.72 -0.41 -0.58 0.7 -0.33 -0.67 0.67 -0.33 -0.67 0.67 -0.43 -0.53 0.73 -0.79 -0.39 0.47 -0.74 -0.37 0.56 -0.9 -0.38 0.2 -0.92 -0.37 0.14 -0.3 -0.23 -0.93 0.83 -0.37 0.41 0.82 -0.37 0.44 0.57 -0.42 0.7 0.41 0.41 0.82 0 1 0 0 1 0 0 1 0 0 1 0 0 1 0 0 1 0 0 1 0 0 1 0 0 1 0 0 1 0 0 1 0 0 1 0 0 1 0 0 1 0 0 1 0 0 1 0 0 1 0 0 1 0 0 1 0 0 1 0 0 1 0 0 1 0 0 1 0 0 1 0 0 1 0 0 1 0 0 1 0 0 1 0 0 1 0 0 1 0 0 1 0 0 1 0 0 1 0 0 1 0 0 1 0 0 1 0 0 1 0 0 1 0 0 1 0 0 1 0 0 1 0 0 1 0 0.91 0.01 0.42 0.96 0.01 0.29 0.83 0.02 0.55 0.84 0 0.54 0.73 0.02 0.69 0.61 0.02 0.79 0.61 0 0.8 0.49 0.01 0.87 0.37 0.02 0.93 0.38 0 0.92 0.23 0.02 0.97 0.12 0.03 0.99 0.09 0 1 -0.12 0 0.99 -0.19 0.01 0.98 -0.14 0.05 0.99 -0.07 0.03 1 0 0 1 0 0 1 0 0 1 0 0 1 0 0 1 0 0 1 0 0 1 0 0 1 0 0 1 0 0 1 0 0 1 0 0 1 -0.07 0.05 1 -0.24 0.02 0.97 -0.05 0.09 0.99 -0.08 0.04 1 0 0 1 -0.12 0 0.99 -0.12 0 0.99 -0.38 0.02 0.92 -0.5 0.02 0.87 -0.49 0 0.87 -0.61 0.02 0.8 -0.73 0.03 0.68 -0.73 0 0.69 -0.84 0.02 0.54 -0.91 0.03 0.42 -0.91 0 0.42 -0.95 0.02 0.3 -0.98 0.02 0.22 -0.99 0 0.15 -1 0 -0.1 -0.99 0 -0.15 -1 -0.03 -0.07 -1 -0.01 -0.07 -1 -0.01 0 -1 0 0 -1 -0.01 0.07 -1 -0.07 0.03 -1 -0.03 0.07 -1 -0.07 -0.03 -1 0 0.1 -1 0 0.1 -1 0 0.1 -1 0.03 0.06 -1 0.05 0.03 -1 0.01 0.07 -1 0.01 0 -1 0 0 -1 0.01 -0.07 -0.98 0.02 -0.22 -1 0.05 -0.03 -1 0 -0.1 -1 0 -0.1 -1 0.03 -0.06 -0.95 0.02 -0.3 -0.91 0.03 -0.42 -0.91 0 -0.42 -0.84 0.02 -0.54 -0.73 0.03 -0.68 -0.73 0 -0.69 -0.61 0.02 -0.8 -0.5 0.02 -0.87 -0.49 0 -0.87 -0.38 0.02 -0.92 -0.24 0.02 -0.97 -0.19 0.01 -0.98 0 0 -1 0.09 0 -1 0 0 -1 0 0 -1 0 0 -1 -0.07 0.03 -1 0 0 -1 0 0 -1 0 0 -1 -0.14 0.05 -0.99 -0.12 0 -0.99 -0.12 0 -0.99 -0.12 0 -0.99 -0.08 0.04 -1 -0.05 0.09 -0.99 -0.07 0.05 -1 0.12 0.03 -0.99 0 0 -1 0 0 -1 0 0 -1 0 0 -1 0 0 -1 0 0 -1 0.23 0.02 -0.97 0.37 0.02 -0.93 0.38 0 -0.92 0.49 0.01 -0.87 0.61 0.02 -0.79 0.61 0 -0.8 0.73 0.02 -0.69 0.83 0.02 -0.55 0.84 0 -0.54 0.91 0.01 -0.42 0.96 0.01 -0.29 0.97 0.01 -0.24 1 -0.01 -0.07 0.99 0.05 -0.14 1 -0.07 -0.03 1 -0.01 0 0.98 0.09 -0.2 0.99 0 -0.17 0.99 0 -0.17 0.99 0 -0.17 0.99 0.07 -0.13 0.99 0.03 -0.14 1 0.02 0 1 0 0 1 0 0 0.99 0.03 0.14 1 0 0 0.99 0.07 0.13 0.99 0 0.17 0.97 0.01 0.24 0.99 0 0.17 0.98 0.09 0.2 0.99 0 0.17 0.99 0.05 0.14 1 -0.01 0.07 1 0 0 1 -0.07 0.03 -0.29 0.01 -0.96 -0.18 0 -0.98 -0.18 0 -0.98 -0.14 0.07 -0.99 -0.15 0.03 -0.99 -0.34 0 -0.94 -0.18 0 -0.98 -0.14 -0.07 -0.99 -0.15 -0.03 -0.99 0 0.02 -1 0 0 -1 0 0 -1 0.15 0.03 -0.99 0.34 0 -0.94 0 0 -1 0.18 0 -0.98 0.18 0 -0.98 0.29 -0.01 -0.96 0.18 0 -0.98 0.14 -0.07 -0.99 0.14 0.07 -0.99 0.15 -0.03 -0.99 0 -0.02 -1 0 0 -1 0 0 -1 -0.99 0.03 -0.15 -1 0.02 0 -0.94 0 -0.34 -1 0 0 -0.99 0.07 -0.14 -0.98 0 -0.18 -0.96 -0.01 -0.29 -0.98 0 -0.18 -0.99 -0.07 -0.14 -0.98 0 -0.18 -0.99 -0.03 -0.15 -1 -0.02 0 -1 0 0 -1 0 0 -0.99 -0.03 0.15 -1 0 0 -0.98 0 0.18 -0.94 0 0.34 -0.98 0 0.18 -0.96 0.01 0.29 -0.98 0 0.18 -0.99 0.07 0.14 -0.99 -0.07 0.14 -0.99 0.03 0.15 -1 0 0 -1 0 0 0.99 0.03 0.15 1 0.02 0 0.94 0 0.34 1 0 0 0.98 0 0.18 0.96 -0.01 0.29 0.98 0 0.18 -0.34 0 0.94 -0.14 0.07 0.99 -0.15 0.03 0.99 0.98 0 0.18 0.99 -0.07 0.14 0.99 -0.03 0.15 0.99 0.07 0.14 1 -0.02 0 1 0 0 1 0 0 0.99 -0.03 -0.15 0.94 0 -0.34 1 0 0 0.98 0 -0.18 0.98 0 -0.18 0.96 0.01 -0.29 0.98 0 -0.18 0.99 0.07 -0.14 0.99 -0.07 -0.14 0 0 -1 0.29 0.01 0.96 0.15 0.03 0.99 0.14 0.07 0.99 0 0.02 1 0 0 1 0 0 1 0.34 0 0.94 0.14 -0.07 0.99 0.15 -0.03 0.99 0.18 0 0.98 0.18 0 0.98 0.18 0 0.98 0 -0.02 1 0 0 1 -0.15 -0.03 0.99 -0.29 -0.01 0.96 0 0 1 0 0 1 -0.18 0 0.98 -0.14 -0.07 0.99 -0.18 0 0.98 -0.18 0 0.98 0 0 1 -0.84 0 -0.54 -0.78 0 -0.63 -0.63 0 -0.78 -0.54 0 -0.84 0.54 0 -0.84 0.63 0 -0.78 0.78 0 -0.63 0.84 0 -0.54 0.84 0 0.54 0.78 0 0.63 0.63 0 0.78 0.54 0 0.84 -0.54 0 0.84 -0.63 0 0.78 -0.78 0 0.63 -0.84 0 0.54 1 0 0 0.99 0.03 -0.15 1 0 0 0.99 -0.14 0.03 0.98 -0.14 0.13 0.97 -0.14 0.17 0.95 -0.14 0.28 0.94 -0.13 0.33 0.9 -0.15 0.42 0.9 -0.13 0.42 0.87 -0.17 0.46 0.76 -0.24 0.6 0.71 -0.26 0.66 0.68 -0.26 0.68 0.62 -0.23 0.75 0.58 -0.2 0.79 0.49 -0.19 0.85 0.49 -0.19 0.85 -0.5 -0.19 0.84 -0.57 -0.2 0.8 -0.62 -0.23 0.75 -0.69 -0.26 0.67 -0.72 -0.26 0.64 -0.8 -0.23 0.56 -0.77 -0.2 0.61 -0.87 -0.17 0.46 -0.9 -0.13 0.41 -0.94 -0.13 0.33 -0.95 -0.14 0.28 -0.97 -0.14 0.17 -0.98 -0.14 0.13 -0.99 -0.14 0.03 -0.99 -0.14 -0.03 -0.98 -0.14 -0.13 -0.97 -0.14 -0.17 -0.95 -0.14 -0.28 -0.94 -0.13 -0.33 -0.91 -0.13 -0.4 -0.89 -0.15 -0.43 -0.84 -0.17 -0.51 -0.78 -0.23 -0.58 -0.71 -0.26 -0.66 -0.68 -0.26 -0.68 -0.62 -0.23 -0.75 -0.58 -0.2 -0.79 -0.5 -0.19 -0.85 -0.48 -0.17 -0.86 -0.41 -0.15 -0.9 -0.33 -0.19 -0.92 -0.22 -0.24 -0.94 -0.17 -0.29 -0.94 -0.1 -0.29 -0.95 -0.05 -0.28 -0.96 0.05 -0.28 -0.96 0.1 -0.29 -0.95 0.2 -0.3 -0.93 0.22 -0.24 -0.94 0.33 -0.19 -0.93 0.38 -0.15 -0.91 0.48 -0.17 -0.86 0.51 -0.19 -0.84 0.57 -0.2 -0.8 0.62 -0.23 -0.75 0.69 -0.26 -0.67 0.72 -0.26 -0.64 0.79 -0.23 -0.57 0.83 -0.17 -0.53 0.89 -0.15 -0.43 0.9 -0.13 -0.41 0.94 -0.13 -0.33 0.95 -0.14 -0.28 0.97 -0.14 -0.17 0.98 -0.14 -0.13 0.99 -0.14 -0.03 -0.47 -0.19 0.86 -0.42 -0.2 0.89 -0.38 -0.19 0.91 -0.24 -0.16 0.96 -0.33 -0.19 0.92 -0.24 -0.19 0.95 -0.09 -0.13 0.99 -0.15 -0.17 0.97 -0.12 -0.21 0.97 0.09 -0.14 0.99 0 -0.12 0.99 0.11 -0.24 0.96 0.25 -0.16 0.96 0.14 -0.18 0.97 0.26 -0.16 0.95 0.34 -0.17 0.93 0.39 -0.18 0.9 0.43 -0.19 0.88 -0.89 -0.15 0.43 0.84 -0.19 0.51 -0.39 0.31 0.87 -0.33 0.04 0.94 -0.36 -0.05 0.93 -0.38 0.66 0.65 -0.39 0.45 0.8 -0.3 0.85 0.43 -0.31 0.78 0.55 -0.36 -0.19 0.91 -0.39 -0.2 0.9 -0.4 0.2 0.89 -0.38 0.47 0.79 -0.39 0.68 0.62 -0.39 0.81 0.44 -0.46 0.07 0.88 -0.38 -0.21 0.9 -0.27 0.9 0.34 -0.25 -0.18 0.95 -0.3 0.86 0.41 -0.37 0.57 0.73 -0.38 0.19 0.9 -0.3 -0.13 0.95 -0.35 0.92 0.17 -0.92 -0.08 -0.38 -0.96 -0.06 -0.27 -0.9 -0.23 -0.37 -0.92 -0.08 -0.39 -0.89 -0.07 -0.45 -0.85 -0.14 -0.51 -0.81 -0.41 -0.43 -0.69 -0.66 -0.3 -0.78 -0.29 -0.55 -0.75 -0.33 -0.57 -0.78 -0.2 -0.59 -0.76 -0.43 -0.49 -0.73 -0.21 -0.66 -0.72 -0.12 -0.68 -0.74 -0.06 -0.67 -0.79 0 -0.61 -0.67 0 -0.74 -0.64 -0.24 -0.73 -0.66 -0.16 -0.73 -0.64 0.13 -0.76 -0.63 0 -0.77 -0.55 0 -0.83 -0.53 0 -0.85 -0.59 -0.11 -0.8 -0.64 0 -0.77 -0.46 0 -0.89 -0.44 0 -0.9 -0.45 0.05 -0.89 -0.48 0.24 -0.84 -0.38 0 -0.93 -0.36 0 -0.93 -0.38 0 -0.92 -0.29 0 -0.96 -0.27 -0.24 -0.93 -0.32 0 -0.95 -0.14 -0.3 -0.94 -0.19 -0.69 -0.69 0 0 -1 -0.1 -0.31 -0.94 0 0 -1 0.03 0.1 -0.99 0.06 0 -1 0.17 0.09 -0.98 0.12 0.35 -0.93 0.21 0 -0.98 0.28 0 -0.96 0.26 0 -0.97 0.39 -0.07 -0.92 0.39 -0.28 -0.88 0.32 0 -0.95 0.42 0 -0.91 0.49 -0.42 -0.77 0.46 -0.63 -0.63 0.49 -0.34 -0.8 0.53 -0.53 -0.66 0.55 -0.46 -0.7 0.61 -0.14 -0.78 0.58 -0.58 -0.58 0.69 -0.23 -0.69 0.61 -0.49 -0.63 0.69 0 -0.73 0.73 -0.42 -0.54 0.67 -0.58 -0.46 0.71 -0.4 -0.59 0.74 0 -0.67 0.82 -0.26 -0.52 0.77 -0.45 -0.45 0.8 -0.1 -0.59 0.82 0 -0.57 0.87 -0.18 -0.45 0.82 -0.41 -0.39 0.87 0 -0.49 0.89 0 -0.45 0.86 -0.38 -0.34 0.89 -0.29 -0.34 0.93 0 -0.37 0.94 0 -0.33 0.92 -0.31 -0.23 0.97 -0.16 -0.2 0.94 -0.23 -0.26 0.97 0 -0.25 0.97 -0.2 -0.11 0.89 -0.45 -0.09 0.98 -0.11 -0.16 0.99 0 -0.15 0.97 -0.24 -0.03 0.89 -0.45 0.02 1 -0.01 -0.07 1 0 -0.04 0.96 -0.25 0.08 0.89 -0.45 0.04 1 0 0.04 1 0.02 0.07 0.85 -0.5 0.15 0.96 -0.18 0.2 0.99 0.02 0.15 0.98 0.05 0.19 0.87 -0.43 0.25 0.95 -0.15 0.29 0.97 0.05 0.26 0.96 0 0.29 0.88 -0.37 0.31 0.89 -0.2 0.4 0.92 0.02 0.38 0.89 0.06 0.45 0.87 -0.29 0.41 0.85 -0.2 0.49 0.87 -0.04 0.48 0.88 0.1 0.47 0.82 -0.27 0.51 0.79 -0.11 0.61 0.83 -0.02 0.56 0.81 0.13 0.57 0.74 -0.29 0.6 0.72 -0.13 0.68 0.75 0.11 0.65 0.71 0.31 0.64 0.66 -0.31 0.68 0.66 -0.13 0.74 0.68 0.14 0.72 0.64 0.3 0.71 0.63 -0.26 0.74 0.59 -0.11 0.8 0.63 0.18 0.76 0.6 0.39 0.7 0.49 -0.24 0.84 0.47 -0.07 0.88 0.56 0.28 0.78 0.54 0.48 0.69 0.28 -0.2 0.94 0.32 -0.05 0.95 0.42 0.18 0.89 0.43 0.52 0.74 0.44 0.33 0.83 0.47 0.52 0.71 -0.96 -0.04 -0.29 0.58 -0.23 0.78 -0.93 -0.12 -0.36 -0.96 -0.15 -0.25 -0.95 -0.16 -0.26 -0.99 -0.05 -0.15 -0.99 -0.08 -0.13 -0.97 -0.18 -0.17 -0.89 -0.45 -0.11 -1 -0.01 -0.05 -1 0 -0.04 -0.97 -0.24 -0.04 -0.89 -0.45 0.02 -1 0.01 0.06 -1 0.02 0.07 -0.97 -0.24 0.06 -0.89 -0.44 0.1 -0.99 0.01 0.16 -0.98 0 0.19 -0.97 -0.21 0.16 -0.96 -0.01 0.26 -0.94 0 0.34 -0.69 -0.29 0.66 -0.7 -0.2 0.69 -0.64 -0.29 0.71 -0.96 -0.17 0.23 -0.9 -0.39 0.22 -0.91 -0.1 0.4 -0.94 0.05 0.33 -0.9 -0.15 0.42 -0.91 -0.28 0.3 -0.92 -0.01 0.39 -0.9 0.18 0.4 -0.91 -0.15 0.39 -0.91 -0.14 0.4 -0.86 -0.02 0.51 -0.84 0.22 0.5 -0.86 -0.21 0.47 -0.87 -0.29 0.39 -0.81 0.03 0.58 -0.81 0.17 0.56 -0.8 -0.21 0.56 -0.83 -0.25 0.51 -0.74 0.06 0.67 -0.73 0.29 0.62 -0.69 -0.17 0.7 -0.77 -0.19 0.61 -0.7 0.12 0.7 -0.67 0.31 0.68 -0.64 0.16 0.75 -0.62 0.41 0.67 -0.6 -0.14 0.79 -0.58 0.31 0.75 -0.54 0.46 0.7 -0.54 -0.02 0.84 -0.53 -0.17 0.83 -0.5 0.44 0.75 -0.51 0.22 0.83 -0.5 0.06 0.87 -0.5 -0.21 0.84 -0.51 -0.22 0.83 -0.5 0.52 0.7 -0.58 -0.1 0.81 -0.14 0.9 0.41 -0.2 0.96 0.21 -0.07 0.97 0.23 -0.16 0.51 0.85 -0.11 0.18 0.98 -0.17 0.12 0.98 -0.14 -0.02 0.99 -0.14 -0.03 0.99 0.01 0.92 0.4 -0.02 0.98 0.22 0 0.62 0.78 -0.01 0.22 0.97 -0.13 0.6 0.79 0 -0.06 1 0.07 0.98 0.21 0.14 0.93 0.35 0.13 0.66 0.74 0.11 0.22 0.97 0.19 0.96 0.19 0.2 0.86 0.48 0.16 0.51 0.85 0.15 0.12 0.98 0.13 -0.02 0.99 0.12 -0.03 0.99 -0.22 0.85 0.47 0.34 0.56 0.75 0.32 0.71 0.63 0.35 0.39 0.85 0.3 0.86 0.4 0.36 0.22 0.91 0.29 0.06 0.95 0.28 -0.13 0.95 0.33 0.8 0.51 0.42 0.62 0.67 0.28 0.9 0.33 0.44 0.34 0.83 0.38 -0.01 0.92 0.27 -0.19 0.94 0.44 0.61 0.65 0.43 0.51 0.74 0.44 0.33 0.83 0.46 0.14 0.87 0.43 -0.2 0.88 0.35 -0.18 0.92 0.49 -0.08 0.87 0.49 0.66 0.56 0.33 0.93 0.17 0 -0.32 -0.95 0 0 -1 0 -0.55 -0.83 0 0 -1 0 0 -1 0 0 -1 0 -0.83 -0.55 0 -0.95 -0.32 0 -1 0 0 -1 0 0 -1 0 0 -1 0 0 -1 0 0 -1 0 0 -0.95 0.32 0 -0.83 0.55 0 -0.55 0.83 0 -0.32 0.95 0 0 1 0 0 1 0 0 1 0 0 1 0 0.32 0.95 0 0 1 0 0.55 0.83 0 0 1 0 0.83 0.55 0 0.95 0.32 0 1 0 0 1 0 0 1 0 0 1 0 0 1 0 0 1 0 0 0.95 -0.32 0 0.83 -0.55 0 0.55 -0.83 0 0.32 -0.95 0 0 -1 0 0 -1 0 -1 0 0 -1 0 0 -1 0 0 -0.55 -0.83 0 -0.83 -0.55 0 -0.95 -0.32 0 0 -1 0 0 -1 0 0 -1 0 0 -1 0 0.32 -0.95 0 0 -1 0 0.55 -0.83 0 0.83 -0.55 0 0.95 -0.32 0 1 0 0 1 0 0 1 0 0 1 0 0 0.55 0.83 0 0.83 0.55 0 0.95 0.32 0 0 1 0 0 1 0 0 1 0 0 1 0 -0.32 0.95 0 0 1 0 -0.55 0.83 0 -0.83 0.55 0 -0.95 0.32 0 -1 0 0 -1 0 0 0 1 0 0.32 0.95 0 1 0 0 1 0 0 0 -1 0 -0.32 -0.95 0 -1 0 0.95 0.32 0 1 0 0 0.83 0.55 0 1 0 0 1 0 0 1 0 0 0.55 0.83 0 0.32 0.95 0 0 1 0 0 1 0 0 1 0 0 1 0 0 1 0 0 1 0 -0.32 0.95 0 -0.55 0.83 0 -0.83 0.55 0 -0.95 0.32 0 -1 0 0 -1 0 0 -1 0 0 -1 0 0 -0.95 -0.32 0 -1 0 0 -0.83 -0.55 0 -1 0 0 -0.55 -0.83 0 -0.32 -0.95 0 0 -1 0 0 -1 0 0 -1 0 0 -1 0 0 -1 0 0 -1 0 0.32 -0.95 0 0.55 -0.83 0 0.83 -0.55 0 0.95 -0.32 0 1 0 0 1 0 0 0.95 -0.32 0 1 0 0 0.83 -0.55 0 1 0 0 1 0 0 1 0 0 0.55 -0.83 0 0.32 -0.95 0 0 -1 0 0 -1 0 0 -1 0 0 -1 0 0 -1 0 0 -1 0 -0.32 -0.95 0 -0.55 -0.83 0 -0.83 -0.55 0 -0.95 -0.32 0 -1 0 0 -1 0 0 -1 0 0 -1 0 0 -0.95 0.32 0 -1 0 0 -0.83 0.55 0 -1 0 0 -0.55 0.83 0 -0.32 0.95 0 0 1 0 0 1 0 0 1 0 0 1 0 0 1 0 0 1 0 0.32 0.95 0 0.55 0.83 0 0.83 0.55 0 0.95 0.32 0 1 0 0 1 0 0 0.03 -0.95 -0.32 0.16 -0.93 -0.32 0 -0.95 -0.32 0.16 -0.94 -0.3 0.27 -0.91 -0.31 0.39 -0.86 -0.32 0.34 -0.9 -0.28 0.44 -0.85 -0.3 0.52 -0.79 -0.32 0.64 -0.7 -0.33 0.59 -0.76 -0.29 0.67 -0.67 -0.31 0.7 -0.63 -0.33 0.81 -0.49 -0.33 0.76 -0.59 -0.29 0.83 -0.47 -0.3 0.87 -0.39 -0.31 0.91 -0.27 -0.3 0.9 -0.34 -0.28 0.93 -0.22 -0.29 0.94 -0.14 -0.31 0.94 -0.11 -0.32 0.95 0 -0.32 0.95 0.03 -0.32 0.93 0.16 -0.32 0.94 0.16 -0.3 0.91 0.27 -0.31 0.86 0.39 -0.32 0.9 0.34 -0.28 0.85 0.44 -0.3 0.79 0.52 -0.32 0.7 0.64 -0.33 0.76 0.59 -0.29 0.67 0.67 -0.31 0.63 0.7 -0.33 0.49 0.81 -0.33 0.59 0.76 -0.29 0.47 0.83 -0.3 0.39 0.87 -0.31 0.27 0.91 -0.3 0.34 0.9 -0.28 0.22 0.93 -0.29 0.14 0.94 -0.31 0.11 0.94 -0.32 0 0.95 -0.32 -0.03 0.95 -0.32 -0.16 0.93 -0.32 -0.16 0.94 -0.3 -0.27 0.91 -0.31 -0.39 0.86 -0.32 -0.34 0.9 -0.28 -0.44 0.85 -0.3 -0.52 0.79 -0.32 -0.64 0.7 -0.33 -0.59 0.76 -0.29 -0.67 0.67 -0.31 -0.7 0.63 -0.33 -0.81 0.49 -0.33 -0.76 0.59 -0.29 -0.83 0.47 -0.3 -0.87 0.39 -0.31 -0.91 0.27 -0.3 -0.9 0.34 -0.28 -0.93 0.22 -0.29 -0.94 0.14 -0.31 -0.94 0.11 -0.32 -0.95 0 -0.32 -0.95 -0.03 -0.32 -0.93 -0.16 -0.32 -0.94 -0.16 -0.3 -0.91 -0.27 -0.31 -0.86 -0.39 -0.32 -0.9 -0.34 -0.28 -0.85 -0.44 -0.3 -0.79 -0.52 -0.32 -0.7 -0.64 -0.33 -0.76 -0.59 -0.29 -0.67 -0.67 -0.31 -0.63 -0.7 -0.33 -0.49 -0.81 -0.33 -0.59 -0.76 -0.29 -0.47 -0.83 -0.3 -0.39 -0.87 -0.31 -0.27 -0.91 -0.3 -0.34 -0.9 -0.28 -0.22 -0.93 -0.29 -0.14 -0.94 -0.31 -0.11 -0.94 -0.32 0.13 -0.94 -0.32 -0.02 -0.95 -0.32 0.25 -0.91 -0.32 0.35 -0.88 -0.33 0.48 -0.8 -0.35 0.61 -0.71 -0.35 0.69 -0.64 -0.35 0.77 -0.52 -0.36 0.85 -0.39 -0.35 0.9 -0.28 -0.33 0.93 -0.18 -0.32 0.95 -0.02 -0.32 0.94 0.13 -0.32 0.91 0.25 -0.32 0.88 0.35 -0.33 0.8 0.48 -0.35 0.71 0.61 -0.35 0.64 0.69 -0.35 0.52 0.77 -0.36 0.39 0.85 -0.35 0.28 0.9 -0.33 0.18 0.93 -0.32 0.02 0.95 -0.32 -0.13 0.94 -0.32 -0.25 0.91 -0.32 -0.35 0.88 -0.33 -0.48 0.8 -0.35 -0.61 0.71 -0.35 -0.69 0.64 -0.35 -0.77 0.52 -0.36 -0.85 0.39 -0.35 -0.9 0.28 -0.33 -0.93 0.18 -0.32 -0.95 0.02 -0.32 -0.94 -0.13 -0.32 -0.91 -0.25 -0.32 -0.88 -0.35 -0.33 -0.8 -0.48 -0.35 -0.71 -0.61 -0.35 -0.64 -0.69 -0.35 -0.52 -0.77 -0.36 -0.39 -0.85 -0.35 -0.28 -0.9 -0.33 -0.18 -0.93 -0.32 0.2 -0.94 -0.26 0.47 -0.82 -0.31 0.67 -0.67 -0.31 0.86 -0.43 -0.29 0.94 0.2 -0.26 0.82 0.47 -0.31 0.67 0.67 -0.31 0.43 0.86 -0.29 -0.2 0.94 -0.26 -0.47 0.82 -0.31 -0.67 0.67 -0.31 -0.86 0.43 -0.29 -0.94 -0.2 -0.26 -0.82 -0.47 -0.31 -0.67 -0.67 -0.31 -0.43 -0.86 -0.29 0 0 1 0 0 1 0 0 1 0 0 1 0 0 1 0 0 1 0 0 1 0 0 1 0 0 1 0 0 1 0 0 1 0 0 1 0 0 1 0 0 1 0 0 1 0 0 1 0 0 1 0 0 1 0 0 1 0 0 1 0 0 1 0 0 1 0 0 1 0 0 1 0 0 1 0 0 1 0 0 1 0 0 1 0 0 1 0 0 1 0 0 1 0 0 1 0 0 1 0 0 1 0 0 1 0 0 1 0 0 1 0 0 1 0 0 1 0 0 1 0 0 1 0 0 1 0 0 1 0 0 1 0 0 1 0 0 1 0 0 1 0 0 1 0 0 1 0 0 1 0 0 1 0 0 1 0 0 1 0 0 1 0 0 1 0 0 1 0 0 1 0 0 1 0 0 1 0 0 1 0 0 1 0 0 1 0 0 1 0 0 1 0 0 1 0 0 1 0 0 1 0 0 1 0 0 1 0 0 1 0 0 1 0 0 1 0 0 1 0 0 1 0 0 1 0 0 1 0 0 1 0 0 1 0 0 1 0 0 1 0 0 1 0 0 1 0 0 1 -0.2 0.98 0.04 -0.1 1 0 -0.1 1 0 0.96 -0.28 0.03 0.92 -0.38 0.02 0.97 -0.23 0.02 0.85 -0.53 0.03 0.75 -0.67 0.02 0.84 -0.54 0 0.65 -0.76 0.04 0.54 -0.84 0.03 0.67 -0.75 0 0.4 -0.91 0.03 0.28 -0.96 0.01 0.38 -0.92 0 0.2 -0.98 0.04 0.1 -1 0 0.1 -1 0 -0.2 -0.98 0.04 -0.28 -0.96 0.01 -0.15 -0.99 0 -0.4 -0.91 0.03 -0.54 -0.84 0.03 -0.38 -0.92 0 -0.65 -0.76 0.04 -0.75 -0.67 0.02 -0.67 -0.75 0 -0.85 -0.53 0.03 -0.92 -0.38 0.02 -0.84 -0.54 0 -0.96 0.28 0.03 -0.92 0.38 0.02 -0.97 0.23 0.02 -0.85 0.53 0.03 -0.75 0.67 0.02 -0.84 0.54 0 -0.65 0.76 0.04 -0.54 0.84 0.03 -0.67 0.75 0 -0.4 0.91 0.03 -0.28 0.96 0.01 -0.38 0.92 0 -0.98 0.18 0 -0.97 0.21 0.1 0.2 0.98 0.04 0.28 0.96 0.01 0.15 0.99 0 0.4 0.91 0.03 0.54 0.84 0.03 0.38 0.92 0 0.15 -0.99 0 0.08 -1 0.04 0.05 -0.99 0.09 0 -0.98 0.2 0 -0.98 0.2 0 -0.98 0.2 -0.05 -0.99 0.09 -0.08 -1 0.04 -0.1 -1 0 -0.1 -1 0 -0.1 -1 0 -0.07 -1 -0.03 -0.07 -1 -0.02 0 -1 -0.01 0 -1 0 0 -1 0 0.07 -1 -0.02 0 -1 0 0.07 -1 -0.03 0.1 -1 0 -0.96 -0.28 0.03 -0.97 -0.23 0.02 -0.15 0.99 0 -0.08 1 0.04 -0.05 0.99 0.09 0 0.98 0.2 0 0.98 0.2 0 0.98 0.2 0.05 0.99 0.09 0.08 1 0.04 0.1 1 0 0.1 1 0 0.1 1 0 0.07 1 -0.03 0.07 1 -0.02 0 1 -0.01 0 1 0 0 1 0 -0.07 1 -0.02 0 1 0 -0.07 1 -0.03 -0.1 1 0 0.65 0.76 0.04 0.67 0.75 0 0.75 0.67 0.02 0.85 0.53 0.03 0.84 0.54 0 0.92 0.38 0.02 0.96 0.28 0.03 0.97 0.23 0.02 -1 -0.07 -0.02 -1 0 -0.01 -0.99 -0.15 0.06 -1 0 0 -0.97 -0.21 0.1 -0.98 -0.18 0 -0.98 -0.18 0 -0.98 -0.18 0 -0.98 -0.16 0.08 -0.99 -0.15 0.07 -1 0 0.06 -1 0 0 -1 0 0 -0.99 0.15 0.07 -1 0 0 -0.98 0.16 0.08 -0.98 0.18 0 -0.98 0.18 0 -0.99 0.15 0.06 -1 0.07 -0.02 -1 0 0 -1 0 0 1 0.07 -0.02 1 0 -0.01 0.99 0.15 0.06 1 0 0 0.97 0.21 0.1 0.98 0.18 0 0.98 0.18 0 0.98 0.18 0 0.98 0.16 0.08 0.99 0.15 0.07 1 0 0.06 1 0 0 1 0 0 0.99 -0.15 0.07 1 0 0 0.98 -0.16 0.08 0.98 -0.18 0 0.98 -0.18 0 0.97 -0.21 0.1 0.98 -0.18 0 0.99 -0.15 0.06 1 -0.07 -0.02 1 0 0 1 0 0 0 1 0 0 0.95 0.32 0 1 0 0 0 -1 0 0.32 -0.95 0 0.55 -0.83 0 0 -1 0 0.83 -0.55 0 0.95 -0.32 0 1 0 0 1 0 0 1 0 0 1 0 0 0.83 0.55 0 0.55 0.83 0 0.32 0.95 0 0 1 0 0 1 0 0 1 0 0 1 0 0 1 0 0 1 0 -0.32 0.95 0 -0.55 0.83 0 -0.83 0.55 0 -0.95 0.32 0 -1 0 0 -1 0 0 -1 0 0 -1 0 0 -0.95 -0.32 0 -1 0 0 -0.83 -0.55 0 -1 0 0 -0.55 -0.83 0 -0.32 -0.95 0 0 -1 0 0 -1 0 0 -1 0 0 -1 0 -0.83 0.55 0 -0.55 0.83 0 -0.95 0.32 0 -0.32 0.95 0 0 1 0 0 1 0 0 1 0 0 1 0 0.83 0.55 0 0.55 0.83 0 0.32 0.95 0 1 0 0 1 0 0 1 0 0 1 0 0 0.95 -0.32 0 1 0 0 0.83 -0.55 0 0.55 -0.83 0 0.32 -0.95 0 0 -1 0 0 -1 0 0 -1 0 0 -1 0 1 0 0 0.95 0.32 0 0 -1 0 -1 0 0 -1 0 0 0 1 0 0 1 0 -1 0 0 -1 0 0 -1 0 0 -0.95 -0.32 0 -0.83 -0.55 0 -1 0 0 -0.55 -0.83 0 -0.32 -0.95 0 0 -1 -1 0 0 -0.95 0 0.32 -1 0 0 0 0 -1 0 0 -1 0 0 -1 -0.32 0 -0.95 -0.55 0 -0.83 -0.83 0 -0.55 -0.95 0 -0.32 -1 0 0 -1 0 0 -1 0 0 -1 0 0 -0.83 0 0.55 -0.55 0 0.83 -0.32 0 0.95 0 0 1 0 0 1 0 0 1 0 0 1 0 0 1 0 0 1 0.32 0 0.95 0.55 0 0.83 0.83 0 0.55 0.95 0 0.32 1 0 0 1 0 0 1 0 0 1 0 0 1 0 0 0.95 0 -0.32 1 0 0 0.83 0 -0.55 0.55 0 -0.83 0.32 0 -0.95 0 0 -1 0 0 -1 0 0 -1 0 0 -1 0 0 -1 0 0 -1 0.32 0 -0.95 0.55 0 -0.83 0.83 0 -0.55 0.95 0 -0.32 1 0 0 1 0 0 1 0 0 1 0 0 0.95 0 0.32 1 0 0 0.83 0 0.55 1 0 0 0.55 0 0.83 0.32 0 0.95 0 0 1 0 0 1 0 0 1 0 0 1 0 0 1 0 0 1 -0.32 0 0.95 -0.55 0 0.83 -0.83 0 0.55 -0.95 0 0.32 -1 0 0 -1 0 0 -1 0 0 -1 0 0 -0.95 0 -0.32 -1 0 0 -0.83 0 -0.55 -1 0 0 -0.55 0 -0.83 -0.32 0 -0.95 0 0 -1 0 0 -1 0 0 -1 0.87 -0.5 0 0.95 -0.3 0 0.8 -0.6 0 0.65 -0.76 0 0.57 -0.82 0 0.4 -0.91 0 0.32 -0.95 0 0.21 -0.98 -0.01 0.1 -1 0.01 -0.26 -0.97 -0.01 -0.13 -0.99 0 -0.13 -0.99 0 -0.46 -0.89 0 -0.26 -0.97 0.01 -0.55 -0.84 0 -0.69 -0.72 0 -0.76 -0.65 0 -0.88 -0.48 0 -0.92 -0.38 0 -0.97 -0.24 -0.01 -0.99 -0.15 0.01 -0.98 0.21 -0.02 -0.99 0.11 0 -0.99 0.11 0 -0.92 0.38 0 -0.98 0.19 0.01 -0.88 0.48 0 -0.76 0.65 0 -0.69 0.72 0 -0.55 0.84 0 -0.46 0.89 0 -0.29 0.96 -0.01 -0.21 0.98 0.01 0.18 0.98 -0.01 0 1 0 0 1 0 0.32 0.95 0 0.15 0.99 0.01 0.4 0.91 0 0.57 0.82 0 0.65 0.76 0 0.8 0.6 0 0.87 0.5 0 0.95 0.32 0 0.97 0.26 0.01 1 0 0.01 0.99 -0.15 0.01 1 0 0 1 0 -0.06 1 0 0 1 0 0 0.98 0.16 -0.08 0.98 0.16 -0.08 0.99 0.15 0.01 0.99 0.06 0.11 0.99 0.12 0.06 0.98 0.19 0 0.98 0.19 0 0.98 0.19 0 0.98 -0.19 0 0.99 -0.12 0.06 0.96 -0.29 -0.01 0.98 -0.16 -0.08 0.98 -0.16 -0.08 1 0 0 0.98 -0.19 0 0.98 -0.19 0 0.99 -0.06 0.11 0 1 0 0 1 0 0 1 0 0 1 0 0 1 0 -0.11 0.99 -0.06 -0.08 0.99 -0.15 -0.03 1 0.06 -0.07 1 0.04 -0.08 1 0.03 0 1 0 0 1 0 -0.13 0.99 0 -0.13 0.99 0 -0.13 0.99 0 0 1 0 -0.08 0.99 -0.12 0 1 0 -0.99 0.11 0 -1 0.05 0.02 -1 -0.08 -0.04 -0.99 -0.05 -0.1 -1 0.02 0.03 -1 -0.02 0.03 -1 -0.05 0.02 -1 0 0.04 -1 0 0.04 -1 0 0.04 -0.99 -0.11 0 -0.99 -0.11 0 -0.99 -0.11 0 -0.99 0.05 -0.1 -1 0.08 -0.04 -0.98 0 -0.2 -0.98 0 -0.2 -0.98 0 -0.2 0 -1 0 0 -1 0 -0.13 -0.99 0 -0.07 -1 0.04 0 -1 0 0 -1 0 0 -1 0 -0.03 -1 0.06 -0.08 -1 0.03 0 -1 0 0 -1 0 0 -1 0 0 -1 0 -0.08 -0.99 -0.15 -0.11 -0.99 -0.06 -0.08 -0.99 -0.12 0 -1 0 0 -1 0 0 0 1 0 0 1 0 0 1 0 0 1 0 0 1 0 0 1 0 0 1 0 0 1 0 0 1 0 0 1 0 0 1 0 0 1 0 0 1 0 0 1 0 0 1 0 0 1 0 0 1 0 0 1 0 0 1 0 0 1 0.24 -0.97 0 0.32 -0.95 0 0.24 -0.97 0 0.57 0.82 0 0.4 0.91 0 0.66 0.75 0 0.8 0.6 0 0.85 0.52 0 0.94 0.34 0 0.96 0.29 0.01 0.85 -0.52 0 0.94 -0.34 0 0.8 -0.6 0 0.66 -0.75 0 0.57 -0.82 0 0.4 -0.91 0 0.99 -0.15 0.03 1 0 0.02 1 0 0 0.98 -0.18 0 0.96 -0.29 -0.01 0.98 -0.18 0 0.98 -0.18 0 0.99 -0.14 -0.07 0.99 -0.15 -0.03 0.99 -0.14 0.07 1 0 -0.02 1 0 0 1 0 0 0.99 0.15 -0.03 1 0 0 0.98 0.18 0 0.98 0.18 0 0.98 0.18 0 0.99 0.14 0.07 0.99 0.14 -0.07 0.99 0.15 0.03 1 0 0 1 0 0 0.24 0.97 0 0.32 0.95 0 0.24 0.97 0 -0.94 0.34 0 -0.85 0.52 0 -0.96 0.29 -0.01 -0.8 0.6 0 -0.66 0.75 0 -0.57 0.82 0 -0.4 0.91 0 -0.32 0.95 0 -0.24 0.97 0 -0.99 0.15 -0.03 -1 0 -0.02 -1 0 0 -0.99 0.14 0.07 -0.99 0.15 0.03 -0.98 0.18 0 -0.24 0.97 0 -0.94 -0.34 0 -0.85 -0.52 0 -0.96 -0.29 0.01 -1 0 0 -0.99 0.14 -0.07 -1 0 0.02 -1 0 0 -1 0 0 -1 0 0 -0.24 -0.97 0 -0.32 -0.95 0 -0.24 -0.97 0 -0.8 -0.6 0 -0.66 -0.75 0 -0.57 -0.82 0 -0.4 -0.91 0 -0.99 -0.15 -0.03 -0.98 -0.18 0 -0.98 -0.18 0 -0.98 -0.18 0 -0.99 -0.14 0.07 -0.99 -0.15 0.03 -0.99 -0.14 -0.07 -1 0 0 -0.98 0.18 0 -0.98 0.18 0 0 0 -1 0 0 -1 0 0 -1 0 0 -1 0 0 -1 0 0 -1 0 0 -1 0 0 -1 0 0 -1 0 0 -1 0 0 -1 0 0 -1 0 0 -1 0 0 -1 0 0 -1 0 0 -1 0 0 -1 0 0 -1 0 0 -1 0 0 -1 0 0 -1 0 0 -1 -0.99 0.14 0.01 -1 0.04 0.02 -1 0.01 0.03 -0.98 -0.18 -0.01 -0.99 -0.11 0 -0.99 -0.11 0 -0.98 0.21 -0.01 -0.97 0.25 0 -0.97 0.25 0 -0.98 -0.18 0.01 -0.97 -0.25 0 -0.97 -0.25 0 -1 -0.04 0.02 -1 -0.01 0.03 -1 0 0.03 -1 0 0.03 -1 0 0.03 -0.99 0.11 0 -0.99 0.11 0 -0.99 0.11 0 -1 0.06 -0.03 -1 0 -0.08 -1 0 -0.08 -1 0 -0.08 -1 -0.03 -0.06 -1 0.03 -0.06 -1 -0.06 -0.03 -0.99 -0.11 0 1 -0.06 -0.03 0.98 -0.21 -0.01 1 -0.03 -0.06 0.99 -0.14 0.01 0.99 -0.11 0 1 -0.04 0.02 0.98 0.18 0.01 1 0 0.03 1 0.01 0.03 1 0 -0.08 0.98 0.18 -0.01 1 0 -0.08 1 0 -0.08 1 0.03 -0.06 1 0.06 -0.03 0.99 -0.11 0 0.99 -0.11 0 0.99 0.11 0 1 0.04 0.02 0.97 -0.25 0 0.97 -0.25 0 0.99 0.11 0 0.99 0.11 0 0.97 0.25 0 1 -0.01 0.03 1 0 0.03 1 0 0.03 0.97 0.25 0 0 0 -1 0 0 -1 0 0 -1 0 0 -1 0 0 -1 0 0 -1 0 0 -1 0 0 -1 0 0 -1 0 0 -1 0 0 -1 0 0 -1 0 0 -1 0 0 -1 0 0 -1 0 0 -1 0 0 -1 0 0 -1 0 0 -1 0 0 -1 0 0 -1 0 0 -1 0 0 -1 0 0 -1 0 0 -1 0 0 -1 0 0 -1 0 0 -1 0 0 -1 0 0 -1 0 0 -1 0 0 -1 0 0 -1 0 0 -1 0 0 -1 0 0 -1 0 0 -1 0 0 -1 0 0 -1 0 0 -1 0 0 -1 0 0 -1 0 1 0 0 1 0 0 1 0 0 1 0 0 1 0 0 1 0 0 1 0 0 1 0 0 1 0 0 1 0 0 1 0 0 1 0 0 1 0 0 1 0 0 1 0 0 1 0 0 1 0 0 1 0 0 1 0 0 1 0 0 1 0 0 1 0 0 1 0 0 1 0 0 1 0 0 1 0 0 1 0 0 1 0 0 1 0 0 1 0 0 1 0 0 1 0 0 1 0 0 1 0 0 1 0 0 1 0 0 1 0 -1 0 0 -1 0 0 -1 0 0 -1 0 0 -1 0 0 1 0 0 1 0 0 1 0 0 1 0 0 1 0 0 0.99 0 0.16 0.97 0 0.26 0.94 0 0.35 0.84 0 0.54 0.78 0 0.63 0.63 0 0.78 0.35 0 0.94 0.54 0 0.84 0.05 0 1 0.26 0 0.97 -0.26 0 0.97 -0.05 0 1 -0.54 0 0.84 -0.35 0 0.94 -0.78 0 0.63 -0.63 0 0.78 -0.94 0 0.35 -0.84 0 0.54 -0.99 0 0.16 -0.97 0 0.26 -0.99 0 0.16 0.99 0 0.16 0 -1 0 0 -1 0 0 -1 0 0 -1 0 0 -1 0 0 -1 0 0 -1 0 0 -1 0 0 -1 0 0 -1 0 0 -1 0 0 -1 0 0 -1 0 0 -1 0 0 -1 0 0 -1 0 0 -1 0 0 -1 0 0 -1 0 0 -1 0 0 -1 0 0 -1 0 0 -1 0 0 -1 0 0 -1 0 0 -1 0 0 -1 0 0 -1 0 0 -1 0 0 -1 0 0 -1 0 0 -1 0 0 -1 0 0 -1 0 0 -1 0 0 -1 0 0 -1 0 0 -1 0 0 -1 0 0 -1 0 0 -1 0 0 -1 0 0 -1 0 0 -1 0 0 -1 0 0 -1 0 0.99 0.12 0 0.99 0.16 0 0.99 0.12 0 0.98 0.2 0 0.97 0.24 0 0.97 0.24 0 -0.98 0.2 0 -0.97 0.24 0 -0.99 0.16 0 -0.97 0.24 0 -0.99 0.12 0 -0.99 0.12 0 0.98 -0.2 0 0.97 -0.24 0 0.99 -0.16 0 0.99 -0.12 0 0.97 -0.24 0 0.99 -0.12 0 -0.98 -0.2 0 -0.97 -0.24 0 -0.99 -0.16 0 -0.99 -0.12 0 -0.97 -0.24 0 -0.99 -0.12 0 0 1 0 0 1 0 0 1 0 0 1 0 0 1 0 0 1 0 0 1 0 0 1 0 0 1 0 0 1 0 0 1 0 0 1 0 0 1 0 0 1 0 0 1 0 0 1 0 0 1 0 0 1 0 0 1 0 0 1 0 0 1 0 0 1 0 0 1 0 0 1 0 0 1 0 0 1 0 0 1 0 0 1 0 0 1 0 0 1 0 0 -1 0 0 -1 0 0 -1 0 0 -1 0 0 -1 0 0 -1 0 0 -1 0 0 -1 0 0 -1 0 0 -1 0 0 -1 0 0 -1 0 0 -1 0 0 -1 0 0 -1 0 0 -1 0 0 -1 0 0 -1 0 0 -1 0 0 -1 0 0 -1 0 0 -1 0 0 -1 0 0 -1 0 0 -1 0 0 -1 0 0 -1 0 0 -1 0 0 -1 0 0 -1 0 0 -1 0 0 -1 0 0 -1 0 0 -1 0 0 -1 0 0 -1 0 0 -1 0 1 0 0 1 0 0 1 0 0 1 0 0 1 0 0 -1 0 0 -1 0 0 -1 0 0 -1 0 0 -1 0 0 0.84 0 0.54 0.94 0 0.35 0.97 0 0.26 0.99 0 0.16 0.99 0 0.16 0.78 0 0.63 0.63 0 0.78 0.54 0 0.84 0.35 0 0.94 0.26 0 0.97 0.05 0 1 -0.05 0 1 -0.26 0 0.97 -0.35 0 0.94 -0.54 0 0.84 -0.63 0 0.78 -0.78 0 0.63 -0.84 0 0.54 -0.94 0 0.35 -0.97 0 0.26 -0.99 0 0.16 -0.99 0 0.16 0 1 0 0 1 0 0 1 0 0 1 0 0 1 0 0 1 0 0 1 0 0 1 0 0 1 0 0 1 0 0 1 0 0 1 0 0 1 0 0 1 0 0 1 0 0 1 0 -0.22 0 0.97 -0.05 0 1 -0.31 0 0.95 -0.39 0 0.92 0.31 0 0.95 0.39 0 0.92 0.22 0 0.97 0.39 0 0.92 0.05 0 1 -0.39 0 0.92 -0.56 0 -0.83 -0.83 0 -0.56 -0.41 0 -0.91 -0.09 0 -1 0.09 0 -1 0.41 0 -0.91 0.56 0 -0.83 -0.91 0 -0.41 -1 0 -0.09 -1 0 0.09 -0.91 0 0.41 -0.83 0 0.56 -0.56 0 0.83 1 0 0.09 0.91 0 0.41 1 0 -0.09 0.09 0 1 0.41 0 0.91 -0.09 0 1 0.56 0 0.83 0.83 0 0.56 0.83 0 -0.56 0.91 0 -0.41 -0.41 0 0.91 -0.56 0 -0.83 -0.83 0 -0.56 -0.41 0 -0.91 -1 0 0.09 -0.91 0 0.41 -1 0 -0.09 -0.83 0 0.56 -0.56 0 0.83 -0.41 0 0.91 -0.09 0 1 0.09 0 1 0.41 0 0.91 0.56 0 0.83 0.83 0 0.56 0.91 0 0.41 1 0 0.09 1 0 -0.09 -0.91 0 -0.41 -0.09 0 -1 0.09 0 -1 0.41 0 -0.91 0.56 0 -0.83 0.83 0 -0.56 0.91 0 -0.41 1 0 0 0.98 0 0.2 1 0 0 0.89 0 0.45 0.45 0 0.89 0.2 0 0.98 0 0 1 0 0 1 -0.2 0 0.98 -0.45 0 0.89 -0.89 0 0.45 -0.98 0 0.2 -1 0 0 -1 0 0 -0.98 0 -0.2 -0.89 0 -0.45 -0.45 0 -0.89 -0.2 0 -0.98 0 0 -1 0 0 -1 0.2 0 -0.98 0.45 0 -0.89 0.89 0 -0.45 0.98 0 -0.2 0.89 0 0.45 0.45 0 0.89 0.98 0 0.2 0.2 0 0.98 0 0 1 0 0 1 -0.2 0 0.98 -0.45 0 0.89 -0.89 0 0.45 -0.98 0 0.2 -1 0 0 -1 0 0 -0.98 0 -0.2 -0.89 0 -0.45 -0.45 0 -0.89 -0.2 0 -0.98 0 0 -1 0 0 -1 0.2 0 -0.98 0.45 0 -0.89 0.89 0 -0.45 0.98 0 -0.2 1 0 0 1 0 0 0 0 1 0 0 1 0 0 1 0 0 1 0 -0.32 0.95 0 -0.55 0.83 0 -0.83 0.55 0 -0.95 0.32 0 -1 0 0 -1 0 0 -1 0 0 -1 0 0 -0.95 -0.32 0 -1 0 0 -0.83 -0.55 0 -1 0 0 -0.55 -0.83 0 -0.32 -0.95 0 0 -1 0 0 -1 0 0 -1 0 0 -1 0 0 -1 0 0 -1 0 0.32 -0.95 0 0.55 -0.83 0 0.83 -0.55 0 0.95 -0.32 0 1 0 0 1 0 0 1 0 0 1 0 0 0.95 0.32 0 1 0 0 0.83 0.55 0 1 0 0 0.55 0.83 0 0.32 0.95 0 0 1 0 0 1 0 0.83 -0.55 0 0.55 -0.83 0 0.95 -0.32 0 0.32 -0.95 0 0 -1 0 0 -1 0 0 -1 0 0 -1 0 -0.83 -0.55 0 -0.55 -0.83 0 -0.32 -0.95 0 -1 0 0 -1 0 0 -1 0 0 -1 0 0 -0.95 0.32 0 -1 0 0 -0.83 0.55 0 -0.55 0.83 0 -0.32 0.95 0 0 1 0 0 1 0 0 1 0 0 1 0 0.83 0.55 0 0.55 0.83 0 0.32 0.95 0 1 0 0 1 0 0 1 0 0 0.95 0.32 0 1 0 0 0 1 0 0 1 0 -1 0 0 -0.95 -0.32 0 0 -1 0 0 -1 0 1 0 0 1 0</float_array><technique_common><accessor source="#na" count="13369" stride="3"><param name="X" type="float"/><param name="Y" type="float"/><param name="Z" type="float"/></accessor></technique_common></source>
        <vertices id="v"><input semantic="POSITION" source="#p"/><input semantic="NORMAL" source="#n"/></vertices>
        <triangles material="m0" count="268"><input semantic="VERTEX" source="#v" offset="0"/><p>0 1 2 3 4 5 3 5 6 0 2 8 9 8 10 11 10 12 13 14 15 13 15 16 17 16 4 10 11 9 11 12 18 19 18 14 8 9 0 18 19 11 16 17 13 6 7 3 7 6 1 22 23 24 25 21 20 32 27 33 32 26 34 26 32 31 27 32 34 29 35 28 30 36 29 36 30 37 41 38 42 44 45 43 40 39 46 47 48 49 50 51 52 53 52 54 52 53 50 53 55 56 47 50 57 55 53 54 48 58 49 59 60 61 60 59 56 62 61 63 61 62 59 62 63 64 65 64 66 48 66 58 64 65 62 66 48 65 50 47 51 56 55 60 67 68 69 70 71 72 68 67 71 71 70 68 73 74 75 74 73 76 78 77 79 79 77 80 81 82 83 82 81 84 82 84 85 87 88 89 88 87 86 90 91 92 93 91 90 94 95 96 95 94 97 96 95 98 99 100 101 100 102 101 103 102 100 102 103 104 103 105 104 107 108 105 108 107 109 109 107 110 105 106 107 105 103 106 100 99 111 135 136 134 147 145 148 146 148 145 144 143 142 140 139 141 139 140 138 137 138 140 132 131 133 131 132 130 128 127 129 127 128 126 125 126 128 124 123 121 120 121 123 119 122 149 118 149 122 150 115 117 112 114 116 113 114 112 151 152 153 154 155 156 153 152 156 156 155 153 160 161 162 165 166 164 170 171 173 185 186 184 160 159 161 167 169 168 174 171 172 178 175 176 176 179 178 193 187 185 193 187 185 190 188 189 194 188 191 194 188 191 193 187 185 189 188 187 183 184 186 180 181 182 178 177 175 174 173 171 163 164 166 158 157 192 196 197 202 202 198 203 204 205 209 209 206 210 215 216 220 217 220 216 220 217 221 222 223 227 224 227 223 227 224 228 229 228 224 229 230 234 234 231 235 231 234 230 236 235 231 240 238 241 243 244 246 253 248 249 254 249 250 256 196 195 257 197 196 199 205 204 206 211 210 207 212 211 259 213 214 213 259 260 212 207 208 211 206 207 204 198 199 196 256 257 249 254 253 247 246 244 242 241 238 238 240 237 206 209 205 204 203 198 198 202 197 256 201 255 255 200 254 253 258 248 246 252 243 243 251 242 237 245 236 234 239 229 227 233 222 220 226 215 215 225 219 247 248 258 251 243 252 245 237 240 235 236 245 228 229 239 232 222 233 221 222 232 226 220 221 225 215 226 218 219 225 201 256 195 200 255 201 283 287 286 283 286 282 281 282 286 296 300 299 304 308 307 316 321 320 325 324 326 262 263 267 267 264 268 275 270 271 281 277 278 288 283 284 289 284 285 294 290 291 301 296 297 301 297 298 309 304 305 314 311 312 318 317 319 318 317 319 322 317 319 322 321 323 322 321 323 319 323 322 312 316 315 312 315 314 305 310 309 304 309 308 298 302 301 291 295 294 284 289 288 283 288 287 278 282 281 271 276 275 270 275 274 264 267 263 324 325 323 321 317 322 321 316 317 315 316 320 311 313 310 313 311 314 304 307 303 303 306 302 306 303 307 301 300 296 296 299 295 294 293 290 290 292 289 292 290 293 281 280 277 277 279 276 279 277 280 275 276 279 270 273 269 273 270 274 269 272 268 272 269 273 267 266 262 262 265 261 265 262 266 327 328 329 328 327 330 332 333 331 333 332 334 335 336 337 336 335 338 341 340 342 340 341 339 343 344 345 344 343 346 347 348 349 348 347 350 351 352 353 352 351 354 355 357 358 357 355 356 359 360 361 360 359 362 364 365 363 365 364 366 367 368 369 368 367 370 371 372 373 372 371 374 375 376 377 376 375 378</p></triangles>
        <triangles material="m1" count="8358"><input semantic="VERTEX" source="#v" offset="0"/><p>379 380 381 383 384 382 383 382 380 383 380 379 379 381 385 379 385 386 389 390 388 389 388 387 390 389 391 392 393 394 393 392 395 395 392 396 395 396 397 397 396 398 399 400 401 400 399 403 402 401 404 405 407 406 408 409 405 407 405 409 410 411 412 411 410 413 411 413 414 415 416 417 415 418 416 415 419 418 420 421 422 420 423 421 423 424 425 424 423 426 426 423 420 427 429 428 429 431 432 433 429 432 430 429 433 435 434 436 437 434 435 440 439 441 440 441 442 438 439 440 443 444 438 438 444 439 448 446 445 446 448 447 450 451 452 453 454 449 453 449 450 451 450 449 457 456 455 458 459 456 456 457 458 458 460 459 460 458 461 462 464 463 464 462 465 466 465 462 467 468 469 468 467 470 469 472 471 472 469 473 469 471 467 477 475 474 478 474 475 476 474 478 481 480 479 482 483 480 482 480 481 483 482 484 487 486 485 487 488 486 491 492 490 490 493 491 493 490 489 494 495 496 495 494 497 498 496 499 500 499 501 496 498 494 499 500 498 504 505 506 503 507 502 508 509 510 506 502 504 505 504 511 511 510 505 507 503 512 510 511 508 502 506 503 509 508 513 514 515 516 515 514 517 518 520 519 521 519 522 523 522 524 525 524 526 522 523 521 519 521 518 524 525 523 520 518 527 528 529 530 529 528 531 532 533 534 537 534 538 535 538 536 533 532 539 538 535 537 534 537 532 540 541 542 541 540 545 545 544 541 546 542 547 542 546 540 544 545 543 548 549 550 551 552 553 549 548 552 550 554 548 555 556 554 556 555 557 554 550 555 552 551 549 559 560 558 558 561 559 562 563 564 563 562 565 564 566 562 560 559 567 566 564 561 561 558 566 568 569 570 569 568 571 572 573 574 575 576 573 577 578 576 579 580 581 580 579 578 573 572 575 576 575 577 578 577 580 582 583 584 583 582 585 586 588 587 589 590 591 592 591 588 590 589 593 588 586 592 591 592 589 594 595 596 597 599 598 600 601 599 595 594 601 601 600 595 599 597 600 602 603 604 605 604 606 603 602 609 606 607 605 604 605 602 607 606 608 610 611 612 611 610 613 615 616 614 617 618 616 619 620 618 621 622 623 622 621 624 623 625 621 620 619 625 618 617 619 616 615 617 625 623 620 626 627 628 627 626 629 630 631 632 633 634 635 631 630 634 628 635 626 635 628 633 634 633 631 636 637 638 637 636 639 640 641 642 641 640 643 644 646 645 646 644 647 642 645 640 645 642 644 648 649 650 651 652 649 653 654 652 654 653 655 652 651 653 649 648 651 658 659 660 661 662 663 659 658 662 660 657 658 662 661 659 657 660 656 664 665 666 667 666 668 669 668 670 671 672 665 668 669 667 666 667 664 665 664 671 672 671 673 674 673 675 673 674 672 676 677 678 677 676 679 680 681 682 683 684 681 685 682 686 682 685 680 681 680 683 684 683 687 690 689 691 688 692 689 689 690 688 692 688 693 694 695 696 695 694 697 698 699 700 702 700 703 704 703 705 703 704 702 700 702 698 699 698 701 706 707 708 707 706 709 710 712 713 712 710 711 711 714 715 714 711 710 717 718 719 718 717 716 721 722 723 722 721 720 725 726 727 726 725 724 728 729 730 731 730 729 730 731 732 729 728 733 734 735 736 735 734 737 738 740 741 740 738 739 741 742 743 742 741 740 746 744 745 744 746 747 748 749 750 749 748 751 754 753 752 753 754 755 758 756 757 756 758 759 760 762 763 762 760 761 764 763 762 763 764 765 768 767 766 767 768 769 771 772 773 772 771 770 776 774 775 774 776 777 780 779 778 781 782 780 782 781 783 779 780 782 784 785 786 785 784 787 788 789 790 790 791 792 791 790 789 789 788 793 794 795 796 795 794 797 799 800 801 800 799 798 802 803 804 803 802 805 807 808 809 809 810 811 810 809 808 808 807 806 812 813 814 813 815 816 815 813 817 813 812 817 819 821 820 821 819 818 822 823 824 823 822 825 826 827 828 827 826 829 830 831 832 831 830 833 834 835 836 837 838 839 835 840 841 841 842 843 843 844 845 845 846 847 847 848 849 849 850 851 851 852 853 854 855 856 857 858 859 862 863 864 865 866 867 855 868 869 855 870 868 870 862 864 870 855 862 855 872 873 872 855 869 856 873 871 873 856 855 866 856 871 856 866 865 835 874 836 835 875 874 875 865 867 875 835 865 838 837 876 835 839 838 840 835 838 842 841 840 844 843 842 846 845 844 848 847 846 850 849 848 852 851 850 855 854 877 858 877 878 877 858 857 878 877 879 880 877 881 881 854 882 854 881 877 877 880 879 883 854 860 883 860 861 854 883 884 854 884 882 861 853 885 853 861 860 885 853 886 887 853 852 853 887 886 888 852 889 852 888 887 859 852 857 852 859 890 852 890 889 863 838 891 838 863 862 891 838 876 839 835 834 892 893 894 895 896 897 898 897 899 900 901 902 903 904 905 901 900 904 906 902 907 893 892 896 894 908 892 909 910 911 912 905 913 902 906 900 908 894 910 897 898 895 904 903 901 896 895 893 905 912 903 899 914 898 914 899 915 915 907 914 910 909 908 911 913 909 907 915 906 913 911 912 916 917 918 919 920 921 921 922 923 922 921 920 923 924 925 926 927 928 928 929 930 931 932 933 934 935 919 924 923 922 925 936 937 937 918 917 917 916 926 929 928 927 932 931 938 933 939 934 920 919 935 918 937 936 927 926 916 939 933 932 936 925 924 938 930 929 935 934 939 930 938 931 940 941 942 942 943 944 944 945 946 941 940 947 943 942 941 948 946 945 949 950 948 951 952 949 953 954 951 955 956 953 957 958 955 959 960 957 961 962 959 946 948 950 950 949 952 952 951 954 947 963 961 963 947 940 954 953 956 956 955 958 958 957 960 960 959 962 962 961 963 945 944 943 964 965 966 967 968 969 970 969 971 969 970 967 972 973 965 974 966 975 973 972 968 976 971 977 978 977 979 980 979 981 971 976 970 979 980 978 977 978 976 982 981 983 981 982 980 984 983 985 983 984 982 986 985 987 985 986 984 975 987 974 987 975 986 966 974 964 965 964 972 968 967 973 992 993 994 997 998 995 1001 1002 1000 1003 1004 1002 1008 1009 1007 1010 1011 1012 1015 1016 1017 1021 1022 1023 1029 1027 1028 1032 1034 1035 1018 1038 1000 1039 1040 1007 1041 1042 1043 1046 989 1047 1059 1060 1061 1027 1063 1064 1032 1031 1030 1008 1007 1040 1010 1009 1041 1041 1009 1042 1014 1013 1043 1065 1043 1042 1028 1027 1030 1034 1032 1030 1039 1006 1040 1067 1068 1069 1070 1019 1071 988 1074 989 991 1075 1076 995 993 992 1077 1078 996 1002 1080 1003 1035 1034 1036 1032 1056 1033 1081 1011 1010 1053 1082 1016 1052 1051 1015 1050 1083 1051 1084 1048 1044 1050 1038 1045 1053 1016 1015 1086 1062 1020 988 989 1046 1068 1067 1019 1073 1072 1046 1073 1087 1072 999 998 997 1089 999 1079 1001 1000 1089 1037 1000 1002 1037 1018 1000 1048 1084 1049 1026 1058 1091 1021 1059 1022 1037 1092 1018 1002 1001 1080 999 1089 1000 1093 1024 1023 1075 991 990 1077 996 995 1090 1083 1050 1062 1086 1094 1087 1073 1096 1099 1098 988 1074 988 1098 1101 1102 1092 1095 1067 1069 1095 1104 1067 1097 1096 1073 1100 1079 999 1101 1092 1037 1083 1090 1103 995 996 997 1088 1079 1100 1102 1105 1106 1105 1102 1101 1065 1042 1107 1028 1030 1031 1043 1065 1014 1008 1036 1034 1031 1032 1033 1027 1029 1063 990 991 994 1047 993 1046 988 1046 1072 1073 1046 1070 1020 1062 1066 1020 1024 1093 1058 1057 1108 1019 1070 1046 1025 1024 1030 1021 1024 1025 1024 1021 1023 998 999 1000 1038 1044 1045 1052 1107 1042 1011 1081 1109 1006 1039 1005 1036 1008 1040 1054 1055 1035 1019 1066 1068 1066 1019 1020 1060 1059 1021 1054 1085 1055 1015 1017 1052 1026 1030 1027 1026 1025 1030 1026 1091 1025 1024 1020 1019 1019 1067 1071 993 1047 990 1038 1050 1051 1044 1048 1110 993 990 994 1038 1018 1044 1044 1110 1045 1038 1051 1052 1107 1052 1017 1009 1008 1042 1054 1035 1036 993 995 998 1111 1112 1113 1114 1115 1116 1115 1114 1117 1117 1114 1118 1119 1120 1121 1121 1120 1122 1123 1122 1117 1122 1123 1124 1122 1124 1121 1125 1126 1127 1127 1126 1128 1128 1126 1119 1125 1129 1130 1129 1125 1131 1132 1129 1133 1132 1133 1134 1135 1134 1133 1136 1137 1138 1136 1138 1139 1134 1139 1140 1140 1139 1138 1139 1134 1135 1137 1136 1141 1142 1115 1141 1142 1141 1143 1143 1141 1136 1115 1142 1116 1129 1132 1144 1129 1131 1133 1112 1111 1145 1126 1125 1130 1120 1119 1126 1117 1118 1123 1146 1147 1148 1145 1149 1112 1144 1150 1151 1137 1152 1138 1120 1155 1122 1156 1157 1155 1158 1159 1157 1160 1161 1159 1162 1146 1161 1163 1146 1113 1147 1146 1163 1145 1150 1149 1150 1145 1151 1164 1144 1132 1165 1144 1164 1150 1144 1165 1137 1166 1152 1153 1166 1137 1166 1153 1154 1167 1148 1147 1154 1148 1167 1154 1153 1148 1155 1120 1156 1157 1156 1158 1159 1158 1160 1161 1160 1162 1146 1162 1111 1111 1113 1146 1170 1171 1168 1172 1173 1170 1174 1175 1176 1171 1170 1173 1173 1172 1177 1177 1178 1179 1178 1177 1172 1180 1179 1178 1179 1180 1181 1182 1181 1180 1184 1185 1183 1186 1187 1184 1169 1176 1175 1182 1183 1185 1185 1184 1187 1169 1168 1171 1188 1189 1190 1191 1192 1189 1193 1194 1192 1192 1191 1193 1189 1188 1191 1190 1195 1188 1198 1196 1199 1202 1197 1203 1204 1203 1205 1201 1206 1200 1199 1200 1198 1205 1206 1204 1207 1208 1209 1210 1211 1212 1213 1214 1210 1215 1216 1213 1208 1207 1215 1217 1209 1208 1218 1219 1217 1220 1221 1218 1222 1223 1220 1224 1225 1222 1209 1217 1219 1219 1218 1221 1221 1220 1223 1226 1227 1224 1216 1215 1207 1214 1213 1216 1211 1210 1214 1228 1212 1211 1229 1230 1226 1223 1222 1225 1225 1224 1227 1227 1226 1230 1230 1229 1228 1212 1228 1229 1231 1232 1233 1234 1235 1236 1237 1238 1235 1239 1240 1238 1241 1242 1240 1243 1236 1232 1236 1243 1234 1235 1234 1237 1238 1237 1239 1240 1239 1241 1242 1241 1244 1245 1244 1246 1247 1246 1248 1249 1248 1250 1251 1250 1252 1253 1252 1254 1233 1254 1231 1244 1245 1242 1246 1247 1245 1248 1249 1247 1250 1251 1249 1252 1253 1251 1232 1231 1243 1254 1233 1253 1257 1258 1259 1259 1258 1260 1261 1260 1262 1262 1263 1261 1264 1265 1266 1266 1267 1268 1268 1267 1269 1270 1271 1272 1273 1272 1274 1274 1275 1273 1255 1276 1277 1278 1279 1280 1281 1282 1283 1282 1280 1279 1281 1283 1284 1282 1281 1280 1279 1278 1276 1277 1276 1278 1285 1255 1256 1276 1255 1285 1258 1257 1283 1255 1274 1256 1274 1255 1275 1272 1273 1270 1269 1286 1287 1286 1271 1270 1271 1286 1269 1268 1269 1287 1267 1266 1265 1265 1264 1288 1264 1289 1288 1264 1262 1289 1262 1264 1263 1260 1261 1259 1283 1257 1284 1290 1291 1292 1293 1294 1295 1296 1297 1298 1300 1299 1293 1301 1302 1297 1302 1301 1303 1304 1302 1305 1305 1302 1303 1306 1304 1290 1291 1290 1304 1307 1308 1292 1308 1309 1310 1307 1292 1291 1311 1312 1313 1311 1313 1300 1314 1315 1311 1310 1309 1316 1317 1318 1316 1319 1294 1320 1294 1319 1321 1294 1321 1295 1319 1320 1318 1318 1317 1319 1315 1314 1298 1299 1300 1313 1298 1314 1296 1297 1296 1301 1302 1304 1306 1294 1293 1299 1311 1315 1312 1316 1309 1317 1308 1307 1309 1326 1327 1328 1330 1331 1332 1333 1334 1335 1324 1325 1336 1337 1338 1339 1340 1329 1341 1331 1330 1341 1338 1337 1325 1338 1342 1339 1343 1344 1345 1326 1328 1342 1344 1343 1347 1327 1326 1329 1325 1337 1336 1347 1331 1344 1342 1338 1326 1351 1352 1353 1354 1355 1356 1352 1351 1350 1355 1354 1357 1345 1349 1348 1352 1355 1360 1333 1358 1362 1350 1351 1349 1333 1335 1359 1352 1360 1353 1361 1362 1358 1323 1334 1322 1334 1323 1346 1363 1364 1365 1373 1372 1371 1367 1366 1368 1374 1370 1369 1377 1378 1379 1378 1380 1379 1378 1377 1376 1378 1376 1375 1375 1376 1381 1382 1383 1384 1385 1386 1383 1385 1383 1382 1386 1385 1387 1389 1390 1391 1389 1388 1390 1391 1392 1393 1391 1390 1392 1396 1394 1397 1396 1398 1399 1396 1397 1398 1395 1394 1396 1400 1402 1401 1403 1404 1400 1402 1400 1404 1405 1406 1407 1407 1406 1408 1406 1405 1409 1406 1410 1411 1414 1413 1415 1412 1413 1414 1412 1416 1413 1416 1412 1417 1418 1419 1420 1418 1420 1421 1422 1423 1424 1423 1419 1418 1423 1422 1419 1425 1426 1427 1426 1425 1429 1428 1429 1425 1431 1429 1428 1430 1429 1431 1432 1433 1434 1436 1432 1435 1436 1435 1437 1433 1432 1436 1438 1441 1439 1438 1439 1440 1438 1442 1441 1442 1438 1443 1444 1445 1446 1447 1448 1445 1447 1445 1444 1449 1448 1447 1451 1452 1453 1452 1451 1454 1455 1450 1451 1454 1451 1450 1458 1459 1457 1458 1457 1456 1460 1459 1458 1460 1461 1459 1464 1462 1465 1466 1465 1462 1462 1464 1463 1468 1467 1469 1471 1472 1470 1472 1471 1473 1471 1470 1468 1468 1470 1467 1475 1477 1478 1479 1474 1475 1477 1475 1474 1476 1474 1479 1480 1482 1481 1483 1482 1480 1483 1484 1482 1485 1487 1486 1488 1489 1490 1489 1488 1485 1491 1485 1488 1494 1495 1493 1493 1496 1494 1496 1493 1492 1497 1498 1499 1498 1497 1500 1501 1499 1502 1500 1503 1498 1503 1500 1504 1505 1502 1506 1499 1501 1497 1502 1505 1501 1509 1511 1510 1510 1507 1509 1507 1510 1508 1511 1509 1512 1513 1515 1514 1516 1514 1517 1518 1517 1519 1517 1518 1516 1514 1516 1513 1515 1513 1520 1521 1522 1523 1526 1523 1527 1524 1527 1525 1522 1521 1528 1527 1524 1526 1523 1526 1521 1529 1530 1531 1532 1533 1534 1534 1535 1532 1530 1529 1535 1536 1531 1537 1531 1536 1529 1535 1534 1530 1538 1537 1539 1537 1538 1536 1533 1532 1540 1541 1542 1543 1544 1545 1546 1542 1541 1545 1543 1547 1541 1548 1549 1547 1549 1548 1550 1547 1543 1548 1545 1544 1542 1551 1552 1553 1553 1554 1551 1552 1551 1555 1555 1556 1552 1557 1558 1559 1558 1557 1560 1559 1561 1557 1562 1563 1561 1554 1553 1564 1561 1559 1562 1556 1555 1563 1563 1562 1556 1565 1566 1567 1566 1565 1568 1569 1570 1571 1572 1573 1570 1570 1569 1572 1573 1572 1574 1575 1574 1576 1574 1575 1573 1577 1578 1579 1578 1577 1580 1581 1582 1583 1585 1586 1587 1584 1587 1582 1586 1585 1588 1582 1581 1584 1587 1584 1585 1589 1590 1591 1592 1594 1593 1595 1596 1594 1590 1589 1596 1596 1595 1590 1594 1592 1595 1597 1598 1599 1600 1599 1601 1598 1597 1604 1605 1603 1606 1603 1605 1602 1601 1602 1600 1599 1600 1597 1602 1601 1603 1607 1608 1609 1608 1607 1610 1609 1611 1607 1614 1612 1613 1611 1609 1612 1612 1614 1611 1615 1616 1617 1616 1615 1618 1619 1620 1621 1617 1622 1615 1620 1619 1622 1622 1617 1620 1623 1624 1625 1624 1623 1626 1629 1627 1630 1628 1631 1627 1632 1634 1633 1634 1632 1635 1631 1628 1636 1627 1629 1628 1636 1633 1631 1633 1636 1632 1637 1638 1639 1638 1637 1640 1641 1643 1642 1644 1645 1643 1643 1641 1644 1646 1647 1645 1647 1646 1648 1645 1644 1646 1652 1653 1651 1654 1655 1653 1656 1650 1655 1650 1656 1649 1655 1654 1656 1653 1652 1654 1657 1658 1659 1660 1659 1661 1659 1660 1657 1658 1657 1662 1663 1662 1664 1662 1663 1658 1665 1666 1667 1668 1669 1666 1671 1672 1670 1667 1670 1665 1666 1665 1668 1669 1668 1673 1672 1671 1674 1670 1667 1671 1675 1676 1677 1676 1675 1678 1681 1680 1682 1679 1683 1680 1682 1685 1681 1680 1681 1679 1683 1679 1684 1685 1682 1686 1687 1688 1689 1691 1689 1692 1693 1692 1694 1695 1694 1696 1694 1695 1693 1692 1693 1691 1689 1691 1687 1688 1687 1690 1698 1699 1700 1699 1698 1697 1703 1702 1701 1704 1705 1706 1702 1703 1704 1705 1704 1703 1709 1708 1707 1710 1707 1708 1707 1710 1711 1708 1709 1712 1713 1715 1716 1715 1713 1714 1717 1718 1719 1720 1722 1721 1722 1720 1717 1718 1717 1720 1725 1724 1723 1724 1725 1726 1729 1728 1727 1728 1729 1730 1733 1731 1732 1731 1733 1734 1735 1736 1737 1736 1735 1738 1739 1740 1741 1740 1739 1742 1743 1745 1746 1745 1743 1744 1749 1747 1748 1747 1749 1750 1752 1751 1753 1751 1752 1754 1755 1756 1757 1756 1755 1758 1759 1757 1756 1757 1759 1760 1763 1762 1761 1762 1763 1764 1765 1766 1767 1766 1765 1768 1771 1770 1769 1770 1771 1772 1775 1774 1773 1774 1775 1776 1777 1779 1780 1779 1777 1778 1777 1781 1778 1781 1777 1782 1784 1785 1786 1785 1784 1783 1788 1789 1790 1789 1788 1787 1792 1793 1794 1793 1792 1791 1796 1797 1798 1797 1796 1795 1799 1800 1801 1800 1803 1804 1803 1800 1802 1800 1799 1802 1805 1807 1808 1807 1805 1806 1810 1811 1809 1811 1810 1812 1813 1814 1815 1814 1813 1816 1818 1820 1819 1820 1818 1817 1823 1821 1822 1821 1823 1824 1825 1826 1827 1826 1825 1828 1829 1830 1831 1830 1829 1832 1835 1834 1833 1834 1835 1836 1839 1838 1837 1838 1839 1840 1841 1842 1843 1844 1842 1846 1842 1844 1845 1842 1841 1846 1849 1850 1851 1848 1852 1853 1853 1854 1855 1855 1856 1857 1857 1858 1859 1859 1860 1861 1861 1862 1863 1863 1864 1865 1866 1867 1868 1869 1870 1871 1872 1873 1874 1875 1876 1877 1878 1879 1880 1867 1881 1882 1867 1883 1881 1883 1875 1877 1883 1867 1875 1867 1885 1886 1885 1867 1882 1868 1886 1884 1886 1868 1867 1887 1868 1884 1868 1879 1878 1879 1868 1887 1848 1888 1847 1848 1889 1888 1889 1878 1880 1889 1848 1878 1850 1849 1890 1848 1851 1850 1852 1848 1850 1854 1853 1852 1856 1855 1854 1858 1857 1856 1860 1859 1858 1862 1861 1860 1864 1863 1862 1867 1866 1891 1870 1891 1892 1891 1870 1869 1892 1891 1893 1894 1891 1895 1895 1866 1896 1896 1866 1897 1866 1895 1891 1891 1894 1893 1898 1866 1872 1898 1872 1874 1866 1898 1899 1866 1899 1897 1873 1865 1900 1865 1873 1872 1900 1865 1901 1902 1865 1864 1865 1902 1901 1903 1864 1904 1864 1903 1902 1905 1864 1869 1905 1869 1871 1864 1905 1906 1864 1906 1904 1876 1850 1907 1850 1876 1875 1907 1850 1890 1851 1848 1847 1908 1909 1910 1911 1912 1913 1914 1913 1915 1916 1917 1918 1919 1920 1921 1917 1916 1920 1922 1918 1923 1909 1908 1912 1910 1924 1908 1925 1926 1927 1928 1921 1929 1918 1922 1916 1924 1910 1926 1913 1914 1911 1920 1919 1917 1912 1911 1909 1921 1928 1919 1915 1930 1914 1930 1915 1931 1931 1923 1930 1926 1925 1924 1927 1929 1925 1923 1931 1922 1929 1927 1928 1932 1933 1934 1935 1936 1937 1937 1938 1939 1938 1937 1936 1939 1940 1941 1942 1943 1944 1944 1945 1946 1947 1948 1949 1950 1951 1935 1940 1939 1938 1941 1952 1953 1953 1934 1933 1933 1932 1942 1945 1944 1943 1948 1947 1954 1949 1955 1950 1936 1935 1951 1934 1953 1952 1943 1942 1932 1955 1949 1948 1952 1941 1940 1954 1946 1945 1951 1950 1955 1946 1954 1947 1956 1957 1958 1958 1959 1960 1960 1961 1962 1957 1956 1963 1959 1958 1957 1964 1962 1961 1965 1966 1964 1967 1968 1965 1969 1970 1967 1971 1972 1969 1973 1974 1971 1975 1976 1973 1977 1978 1975 1962 1964 1966 1966 1965 1968 1968 1967 1970 1963 1979 1977 1979 1963 1956 1970 1969 1972 1972 1971 1974 1974 1973 1976 1976 1975 1978 1978 1977 1979 1961 1960 1959 1980 1981 1982 1983 1984 1985 1986 1985 1987 1985 1986 1983 1988 1989 1981 1990 1982 1991 1989 1988 1984 1992 1987 1993 1994 1993 1995 1996 1995 1997 1987 1992 1986 1995 1996 1994 1993 1994 1992 1998 1997 1999 1997 1998 1996 2000 1999 2001 1999 2000 1998 2002 2001 2003 2001 2002 2000 1991 2003 1990 2003 1991 2002 1982 1990 1980 1981 1980 1988 1984 1983 1989 2010 2011 2012 2012 2013 2010 2018 2019 2016 2020 2021 2019 2022 2023 2024 2032 2033 2034 2040 2041 2042 2048 2049 2047 2035 2054 2016 2026 2027 2025 2028 2029 2055 2031 2058 2030 2067 2068 2066 2070 2071 2052 2072 2073 2048 2074 2048 2073 2050 2047 2046 2050 2051 2080 2026 2025 2024 2056 2081 2057 2082 2083 2057 2045 2044 2046 2051 2050 2046 2028 2055 2081 2004 2090 2005 2092 2009 2008 2015 2094 2095 2019 2096 2020 2053 2016 2019 2071 2051 2052 2079 2044 2097 2099 2029 2028 2064 2063 2059 2065 2054 2060 2069 2033 2100 2077 2076 2038 2103 2078 2037 2004 2005 2061 2086 2085 2036 2089 2088 2061 2089 2104 2088 2004 2105 2090 2007 2006 2091 2015 2013 2014 2017 2016 2095 2096 2019 2018 2053 2035 2016 2107 2035 2053 2108 2109 2066 2033 2069 2101 2059 2054 2110 2038 2076 2039 2015 2095 2016 2112 2040 2039 2114 2115 2085 2118 2119 2120 2093 2011 2010 2107 2121 2111 2108 2066 2065 2078 2103 2113 2085 2122 2114 2104 2089 2116 2119 2118 2004 2105 2004 2118 2109 2108 2124 2122 2085 2086 2117 2116 2089 2123 2094 2015 2094 2123 2106 2013 2012 2014 2006 2008 2125 2016 2017 2018 2013 2092 2010 2115 2114 2126 2127 2121 2107 2057 2083 2056 2082 2057 2034 2046 2047 2045 2046 2044 2098 2031 2030 2083 2081 2056 2028 2051 2071 2080 2083 2082 2031 2026 2052 2051 2044 2128 2097 2006 2007 2008 2005 2009 2061 2004 2061 2088 2089 2061 2087 2037 2078 2084 2046 2098 2043 2062 2041 2043 2036 2087 2061 2041 2040 2046 2040 2038 2039 2036 2112 2037 2013 2015 2016 2054 2059 2060 2068 2034 2057 2058 2031 2129 2026 2081 2027 2130 2026 2024 2048 2047 2050 2128 2044 2045 2036 2084 2086 2084 2036 2037 2070 2102 2071 2100 2033 2032 2032 2034 2068 2068 2067 2032 2043 2041 2046 2062 2075 2041 2038 2040 2042 2040 2112 2036 2036 2085 2087 2009 2005 2125 2054 2065 2066 2059 2063 2060 2009 2125 2008 2054 2035 2110 2054 2066 2068 2081 2026 2057 2022 2024 2025 2023 2022 2131 2052 2026 2130 2009 2092 2013 2132 2133 2134 2135 2136 2137 2136 2135 2138 2138 2135 2139 2140 2141 2142 2142 2141 2143 2144 2143 2138 2143 2144 2145 2143 2145 2142 2146 2147 2148 2148 2147 2149 2149 2147 2140 2146 2150 2151 2150 2146 2152 2150 2152 2153 2154 2150 2155 2154 2155 2156 2157 2156 2158 2158 2156 2155 2159 2160 2161 2159 2161 2162 2156 2162 2163 2163 2162 2161 2162 2156 2157 2160 2159 2164 2165 2136 2164 2165 2164 2166 2166 2164 2159 2136 2165 2137 2150 2154 2167 2150 2153 2155 2133 2132 2168 2147 2146 2151 2141 2140 2147 2138 2139 2144 2169 2170 2171 2168 2172 2133 2167 2173 2174 2160 2175 2161 2176 2177 2178 2141 2179 2143 2180 2181 2179 2182 2183 2181 2184 2185 2183 2186 2169 2185 2187 2169 2134 2170 2169 2187 2168 2188 2172 2168 2173 2188 2173 2168 2174 2189 2167 2154 2190 2167 2189 2173 2167 2190 2160 2191 2175 2176 2191 2160 2191 2176 2178 2192 2171 2170 2177 2171 2192 2177 2176 2171 2179 2141 2180 2181 2180 2182 2183 2182 2184 2185 2184 2186 2169 2186 2132 2132 2134 2169 2193 2194 2195 2196 2197 2193 2198 2199 2196 2200 2195 2194 2197 2196 2199 2199 2198 2201 2201 2202 2203 2202 2201 2198 2204 2203 2202 2203 2204 2205 2206 2205 2204 2194 2193 2197 2207 2208 2209 2210 2211 2208 2212 2213 2211 2211 2210 2212 2208 2207 2210 2209 2214 2207 2215 2216 2214 2217 2213 2218 2214 2209 2215 2216 2215 2219 2219 2220 2216 2220 2219 2221 2222 2221 2223 2224 2218 2225 2227 2226 2228 2223 2228 2222 2221 2222 2220 2228 2223 2227 2225 2226 2224 2218 2224 2217 2229 2230 2231 2232 2233 2234 2235 2236 2232 2237 2238 2235 2230 2229 2237 2239 2231 2230 2240 2241 2239 2242 2243 2240 2244 2245 2242 2246 2247 2244 2231 2239 2241 2241 2240 2243 2243 2242 2245 2248 2249 2246 2238 2237 2229 2236 2235 2238 2233 2232 2236 2250 2234 2233 2251 2252 2248 2245 2244 2247 2247 2246 2249 2249 2248 2252 2252 2251 2250 2234 2250 2251 2253 2254 2255 2256 2257 2258 2259 2260 2257 2261 2262 2260 2263 2264 2262 2265 2258 2254 2258 2265 2256 2257 2256 2259 2260 2259 2261 2262 2261 2263 2264 2263 2266 2267 2266 2268 2269 2268 2270 2271 2270 2272 2273 2272 2274 2275 2274 2276 2255 2276 2253 2266 2267 2264 2268 2269 2267 2270 2271 2269 2272 2273 2271 2274 2275 2273 2254 2253 2265 2276 2255 2275 2279 2280 2281 2281 2280 2282 2283 2282 2284 2284 2285 2283 2286 2287 2288 2288 2289 2290 2291 2292 2293 2294 2295 2296 2297 2296 2298 2277 2299 2300 2301 2302 2303 2304 2305 2306 2305 2303 2302 2304 2306 2307 2305 2304 2303 2302 2301 2299 2300 2299 2301 2308 2277 2278 2299 2277 2308 2280 2279 2306 2277 2298 2278 2298 2277 2297 2296 2297 2294 2293 2309 2310 2309 2295 2294 2295 2309 2293 2292 2290 2289 2291 2293 2310 2292 2291 2290 2289 2288 2287 2311 2286 2312 2287 2286 2311 2286 2313 2312 2286 2284 2313 2284 2286 2285 2282 2283 2281 2306 2279 2307 2314 2315 2316 2317 2318 2319 2320 2321 2322 2324 2323 2317 2325 2326 2327 2326 2325 2328 2329 2326 2330 2330 2326 2328 2331 2329 2314 2315 2314 2329 2332 2333 2316 2333 2334 2335 2332 2316 2315 2336 2337 2338 2337 2339 2340 2336 2338 2324 2341 2342 2339 2343 2344 2334 2344 2343 2345 2334 2344 2335 2346 2347 2345 2348 2318 2349 2318 2348 2350 2318 2350 2319 2348 2349 2347 2347 2346 2348 2342 2341 2322 2323 2324 2338 2337 2336 2339 2322 2341 2320 2321 2320 2325 2325 2327 2321 2326 2329 2331 2318 2317 2323 2339 2342 2340 2345 2343 2346 2333 2332 2334 2351 2352 2353 2354 2356 2355 2358 2357 2359 2360 2361 2362 2363 2360 2364 2365 2366 2367 2360 2363 2361 2363 2364 2374 2374 2375 2376 2377 2368 2378 2371 2370 2378 2373 2372 2379 2375 2374 2364 2375 2380 2376 2368 2377 2369 2381 2382 2383 2365 2367 2380 2382 2381 2384 2366 2365 2368 2383 2385 2381 2380 2375 2365 2386 2383 2387 2388 2389 2390 2391 2392 2393 2389 2388 2387 2394 2372 2395 2383 2386 2385 2389 2392 2390 2396 2393 2397 2372 2394 2397 2387 2388 2386 2396 2397 2394 2362 2379 2360 2398 2399 2400 2408 2407 2406 2402 2401 2403 2409 2405 2404 2410 2411 2412 2413 2414 2410 2415 2416 2413 2417 2418 2415 2419 2420 2421 2417 2421 2422 2411 2410 2414 2414 2413 2416 2416 2415 2418 2420 2419 2423 2421 2417 2419 2418 2417 2422 2425 2424 2426 2427 2428 2429 2430 2428 2431 2428 2430 2432 2428 2427 2431 2433 2434 2435 2436 2437 2438 2439 2437 2434 2437 2436 2440 2441 2442 2434 2434 2433 2441 2437 2443 2438 2435 2434 2437 2437 2439 2443 2444 2445 2446 2447 2448 2449 2450 2451 2445 2448 2447 2451 2446 2452 2453 2451 2454 2448 2452 2446 2445 2445 2444 2455 2454 2451 2450 2445 2455 2450 2456 2457 2458 2459 2460 2461 2458 2462 2459 2463 2461 2460 2460 2459 2462 2462 2458 2457 2457 2456 2464 2465 2467 2468 2467 2465 2466 2456 2466 2464 2466 2456 2469 2466 2465 2464 2461 2463 2470 2471 2472 2473 2474 2475 2476 2476 2472 2477 2478 2479 2480 2481 2482 2478 2477 2483 2481 2472 2476 2475 2472 2471 2477 2475 2474 2484 2485 2480 2479 2479 2478 2482 2482 2481 2483 2483 2477 2471 2480 2485 2486 2487 2488 2489 2490 2491 2492 2491 2490 2493 2489 2493 2490 2494 2495 2496 2496 2497 2487 2493 2489 2488 2488 2487 2497 2497 2496 2495 2495 2494 2498 2492 2491 2499 2499 2500 2492 2500 2499 2501 2502 2503 2504 2503 2502 2505 2505 2506 2507 2506 2505 2502 2508 2509 2510 2511 2512 2508 2512 2511 2513 2509 2508 2512 2514 2515 2516 2516 2517 2518 2515 2514 2519 2517 2516 2515 2520 2521 2522 2523 2524 2525 2521 2520 2523 2524 2523 2520 2526 2527 2528 2529 2530 2526 2530 2529 2531 2527 2526 2530 2532 2533 2534 2535 2536 2532 2536 2535 2537 2533 2532 2536 2538 2539 2540 2539 2538 2541 2541 2542 2543 2542 2541 2538 2544 2545 2546 2545 2544 2547 2548 2546 2545 2546 2548 2549 2550 2551 2552 2551 2550 2553 2554 2555 2556 2555 2554 2557 2557 2552 2551 2552 2557 2554 2558 2559 2560 2561 2562 2558 2563 2564 2561 2564 2563 2565 2562 2561 2564 2559 2558 2562 2566 2567 2568 2567 2566 2569 2570 2571 2572 2571 2570 2573 2574 2575 2576 2575 2574 2577 2578 2579 2580 2579 2578 2581 2582 2583 2584 2583 2582 2585 2586 2587 2588 2587 2586 2589 2590 2591 2592 2591 2590 2593 2594 2595 2596 2595 2594 2597 2598 2599 2600 2599 2598 2601 2602 2603 2604 2603 2602 2605 2606 2607 2608 2607 2606 2609 2610 2611 2612 2611 2610 2613 2614 2615 2616 2615 2614 2617 2618 2619 2620 2619 2618 2621 2622 2623 2624 2623 2622 2625 2626 2627 2628 2627 2626 2629 2630 2631 2632 2631 2630 2633 2634 2635 2636 2635 2634 2637 2638 2639 2640 2639 2638 2641 2642 2643 2644 2643 2642 2645 2646 2647 2648 2647 2646 2649 2650 2651 2652 2651 2650 2653 2654 2655 2656 2655 2654 2657 2658 2659 2660 2659 2658 2661 2662 2663 2664 2663 2662 2665 2666 2667 2668 2667 2666 2669 2670 2671 2672 2671 2670 2673 2674 2675 2676 2675 2674 2677 2678 2679 2680 2679 2678 2681 2682 2683 2684 2683 2682 2685 2686 2687 2688 2687 2686 2689 2690 2691 2692 2691 2690 2693 2694 2695 2696 2695 2694 2697 2698 2699 2700 2699 2698 2701 2702 2703 2704 2703 2702 2705 2706 2703 2707 2703 2706 2704 2708 2707 2709 2707 2708 2706 2708 2710 2711 2710 2708 2709 2710 2712 2711 2712 2710 2713 2714 2715 2716 2715 2714 2717 2718 2719 2720 2719 2718 2721 2722 2723 2724 2723 2722 2725 2726 2727 2728 2729 2730 2722 2727 2726 2724 2725 2722 2730 2724 2731 2727 2730 2729 2732 2731 2724 2723 2733 2734 2735 2735 2736 2737 2734 2738 2739 2734 2733 2740 2735 2741 2733 2738 2734 2740 2741 2735 2742 2735 2734 2736 2743 2744 2745 2744 2743 2746 2747 2748 2749 2748 2747 2750 2751 2752 2753 2752 2751 2754 2755 2756 2757 2758 2756 2759 2760 2761 2762 2756 2755 2759 2755 2763 2764 2765 2766 2767 2763 2755 2757 2764 2768 2769 2762 2766 2770 2765 2771 2772 2768 2764 2763 2773 2774 2760 2766 2762 2761 2775 2776 2777 2777 2772 2771 2774 2773 2778 2768 2773 2769 2756 2758 2775 2772 2777 2776 2766 2765 2770 2771 2765 2767 2776 2775 2758 2773 2768 2778 2761 2760 2774 2779 2780 2781 2782 2781 2783 2784 2783 2785 2786 2785 2787 2788 2787 2789 2790 2789 2791 2789 2790 2788 2787 2788 2786 2781 2782 2779 2780 2779 2792 2783 2784 2782 2785 2786 2784 2793 2794 2795 2796 2797 2798 2793 2799 2800 2801 2802 2803 2799 2793 2795 2800 2804 2805 2801 2797 2806 2807 2802 2794 2804 2800 2799 2808 2809 2810 2797 2801 2798 2802 2801 2806 2802 2807 2803 2794 2793 2807 2808 2804 2811 2810 2812 2813 2804 2808 2805 2809 2808 2811 2814 2815 2816 2816 2813 2812 2797 2796 2814 2813 2816 2815 2815 2814 2796 2812 2810 2809 2817 2818 2819 2820 2821 2822 2818 2817 2821 2823 2824 2825 2826 2827 2824 2828 2829 2827 2829 2828 2830 2827 2826 2828 2824 2823 2826 2825 2819 2823 2819 2825 2817 2821 2820 2818 2831 2832 2833 2834 2835 2836 2837 2838 2839 2840 2841 2842 2831 2843 2837 2844 2845 2834 2840 2835 2846 2847 2841 2848 2843 2831 2833 2838 2837 2843 2839 2849 2844 2835 2834 2845 2835 2840 2836 2841 2840 2846 2841 2847 2842 2850 2851 2852 2849 2839 2838 2845 2844 2849 2850 2848 2853 2852 2832 2854 2848 2850 2847 2851 2850 2853 2832 2852 2851 2832 2831 2854 2855 2856 2857 2858 2859 2856 2860 2861 2859 2862 2857 2863 2861 2860 2864 2865 2864 2866 2867 2866 2868 2857 2862 2855 2866 2867 2865 2859 2858 2860 2864 2865 2861 2856 2855 2858 2869 2870 2871 2869 2872 2873 2874 2875 2876 2877 2878 2879 2880 2881 2877 2882 2883 2884 2871 2885 2882 2875 2874 2872 2879 2874 2876 2883 2882 2885 2884 2886 2887 2888 2886 2889 2878 2877 2881 2872 2869 2875 2885 2871 2870 2888 2890 2891 2886 2884 2883 2874 2879 2878 2886 2888 2887 2891 2892 2880 2870 2869 2873 2881 2880 2892 2890 2888 2889 2892 2891 2890 2893 2894 2895 2896 2895 2897 2898 2897 2899 2900 2899 2901 2902 2901 2903 2904 2903 2905 2903 2904 2902 2901 2902 2900 2899 2900 2898 2897 2898 2896 2895 2896 2893 2894 2893 2906 2907 2908 2909 2910 2911 2912 2913 2912 2914 2915 2914 2916 2917 2916 2918 2916 2917 2915 2914 2915 2913 2912 2913 2910 2911 2910 2919 2909 2919 2907 2908 2907 2920 2919 2909 2911 2921 2922 2923 2924 2925 2922 2926 2923 2927 2928 2927 2929 2930 2929 2931 2929 2930 2928 2927 2928 2926 2923 2926 2921 2922 2921 2924 2925 2924 2932 2932 2933 2925 2933 2932 2934 2935 2936 2937 2938 2939 2940 2941 2938 2935 2936 2935 2942 2938 2943 2944 2945 2935 2946 2943 2938 2941 2939 2938 2944 2942 2935 2945 2946 2935 2938 2947 2948 2949 2950 2951 2948 2952 2949 2953 2954 2953 2955 2956 2955 2957 2955 2956 2954 2953 2954 2952 2949 2952 2947 2958 2959 2960 2951 2950 2959 2948 2947 2950 2959 2958 2951 2961 2962 2963 2964 2965 2966 2967 2968 2964 2969 2970 2971 2968 2967 2972 2973 2962 2974 2962 2961 2974 2961 2975 2976 2976 2977 2978 2978 2979 2980 2975 2961 2963 2979 2978 2977 2977 2976 2975 2971 2979 2969 2970 2969 2981 2982 2981 2983 2973 2967 2984 2967 2973 2972 2965 2964 2968 2979 2971 2980 2981 2982 2970 2965 2983 2966 2962 2973 2984 2983 2965 2982 2985 2986 2987 2988 2987 2989 2990 2989 2991 2992 2991 2993 2994 2993 2995 2993 2994 2992 2991 2992 2990 2996 2997 2998 2986 2985 2997 2987 2988 2985 2989 2990 2988 2997 2996 2986 2999 3000 3001 3001 3002 3003 3004 3005 3006 3007 3008 3009 3009 3010 2999 3002 3001 3000 3011 3006 3005 3012 3013 3014 3015 3016 3017 3016 3015 3011 3018 3017 3016 3019 3003 3002 3020 3021 3004 3017 3018 3012 3021 3020 3007 3005 3004 3021 3006 3011 3015 3008 3007 3020 3000 2999 3010 3003 3019 3022 3022 3014 3013 3010 3009 3008 3014 3022 3019 3013 3012 3018 3023 3024 3025 3026 3027 3023 3028 3029 3030 3027 3026 3031 3024 3023 3027 3032 3025 3024 3029 3028 3032 3033 3030 3029 3034 3035 3033 3030 3033 3035 3025 3032 3028 3035 3034 3036 3037 3038 3039 3040 3041 3037 3042 3043 3044 3045 3044 3043 3046 3047 3045 3048 3049 3046 3050 3042 3051 3039 3052 3053 3054 3053 3052 3055 3054 3056 3049 3048 3057 3051 3058 3050 3052 3039 3038 3056 3059 3055 3044 3045 3047 3040 3060 3061 3054 3055 3053 3060 3040 3058 3062 3048 3059 3048 3062 3057 3047 3046 3049 3042 3050 3043 3038 3037 3041 3058 3051 3060 3059 3056 3062 3041 3040 3061 3063 3064 3065 3066 3067 3068 3069 3068 3070 3065 3071 3063 3072 3073 3071 3073 3072 3074 3075 3070 3076 3070 3075 3069 3068 3069 3066 3067 3066 3077 3064 3067 3077 3064 3063 3067 3071 3065 3072 3074 3078 3073 3078 3074 3079 3080 3081 3082 3083 3084 3085 3086 3081 3080 3084 3081 3086 3081 3084 3083 3083 3085 3087 3088 3089 3090 3091 3092 3093 3094 3095 3096 3097 3098 3099 3100 3101 3102 3103 3104 3105 3106 3102 3101 3104 3107 3108 3088 3090 3109 3110 3111 3112 3104 3103 3107 3089 3107 3103 3100 3109 3113 3102 3110 3114 3115 3112 3116 3109 3100 3088 3117 3100 3113 3106 3110 3102 3112 3115 3110 3115 3105 3104 3089 3088 3107 3101 3100 3117 3110 3106 3111 3118 3119 3091 3120 3121 3122 3123 3091 3119 3124 3120 3092 3125 3122 3126 3123 3092 3091 3120 3124 3127 3121 3120 3127 3126 3122 3121 3128 3102 3125 3092 3123 3124 3122 3102 3114 3129 3130 3131 3122 3125 3102 3129 3128 3130 3118 3131 3132 3128 3129 3102 3131 3118 3129 3133 3118 3132 3119 3118 3133 3094 3134 3135 3134 3094 3096 3136 3137 3138 3139 3135 3134 3140 3141 3142 3135 3136 3143 3144 3138 3145 3146 3091 3140 3139 3136 3135 3138 3144 3136 3142 3144 3145 3147 3148 3149 3136 3139 3137 3144 3142 3141 3141 3091 3093 3147 3146 3148 3094 3149 3095 3141 3140 3091 3146 3147 3091 3149 3094 3147 3135 3150 3098 3151 3152 3107 3098 3097 3135 3151 3153 3154 3155 3156 3157 3158 3159 3160 3157 3150 3135 3155 3160 3161 3159 3158 3107 3157 3135 3143 3156 3155 3161 3107 3158 3108 3162 3157 3156 3160 3155 3158 3152 3151 3163 3153 3151 3097 3150 3157 3162 3159 3107 3152 3163 3151 3154 3153 3097 3099 3105 3115 3116 3164 3165 3166 3165 3164 3167 3168 3169 3170 3169 3168 3171 3172 3173 3174 3173 3172 3175 3176 3177 3178 3177 3176 3179 3180 3181 3182 3183 3180 3184 3182 3181 3185 3183 3184 3186 3181 3180 3183 3187 3188 3189 3188 3187 3191 3189 3188 3192 3191 3187 3190 3193 3195 3194 3196 3197 3198 3199 3197 3196 3195 3197 3199 3197 3195 3193 3200 3201 3202 3201 3200 3203 3204 3205 3206 3205 3204 3207 3208 3209 3210 3209 3208 3211 3212 3213 3214 3213 3212 3215 3216 3217 3218 3219 3220 3221 3222 3223 3224 3225 3226 3227 3228 3229 3230 3231 3232 3233 3234 3235 3236 3216 3237 3217 3238 3239 3240 3223 3222 3232 3240 3239 3241 3226 3225 3242 3242 3243 3244 3245 3246 3247 3248 3249 3250 3251 3252 3253 3254 3255 3253 3256 3255 3257 3246 3248 3228 3225 3227 3258 3255 3254 3257 3228 3259 3260 3246 3228 3233 3261 3237 3262 3263 3230 3229 3264 3234 3251 3265 3234 3236 3220 3239 3238 3241 3222 3224 3243 3222 3266 3235 3234 3264 3267 3265 3263 3263 3268 3269 3241 3266 3222 3243 3242 3222 3234 3265 3267 3268 3263 3265 3253 3261 3270 3260 3233 3228 3217 3237 3271 3269 3268 3272 3259 3228 3230 3232 3231 3273 3248 3274 3275 3266 3241 3239 3252 3251 3234 3276 3277 3278 3271 3225 3258 3225 3271 3237 3233 3279 3231 3239 3220 3219 3246 3245 3249 3261 3253 3237 3251 3253 3270 3254 3253 3252 3276 3256 3277 3280 3276 3278 3229 3228 3281 3272 3217 3269 3230 3263 3269 3281 3228 3280 3256 3276 3255 3274 3248 3250 3249 3248 3246 3226 3242 3244 3223 3232 3273 3221 3220 3269 3276 3280 3228 3233 3260 3279 3230 3269 3220 3217 3272 3218 3237 3216 3262 3282 3283 3284 3285 3282 3286 3283 3282 3285 3284 3283 3287 3288 3289 3290 3291 3292 3293 3294 3295 3293 3296 3297 3298 3294 3292 3289 3294 3289 3296 3289 3288 3296 3292 3294 3293 3292 3291 3299 3295 3294 3300 3297 3296 3288 3301 3302 3303 3302 3301 3304 3305 3306 3307 3306 3305 3308 3309 3310 3311 3312 3313 3314 3315 3310 3316 3317 3318 3313 3313 3312 3317 3318 3317 3319 3318 3309 3313 3320 3309 3311 3310 3315 3311 3310 3309 3318 3309 3320 3321 3322 3323 3324 3323 3322 3325 3326 3327 3328 3329 3330 3331 3330 3329 3332 3330 3333 3331 3329 3334 3335 3334 3329 3331 3332 3329 3327 3332 3336 3337 3327 3326 3336 3336 3332 3327 3333 3330 3338 3339 3340 3341 3340 3339 3342 3345 3346 3343 3347 3345 3348 3349 3345 3347 3343 3346 3344 3346 3345 3349 3350 3351 3352 3350 3352 3353 3353 3352 3354 3351 3355 3356 3351 3356 3357 3351 3350 3355 3358 3359 3360 3359 3361 3362 3362 3361 3363 3361 3359 3358 3362 3363 3364 3365 3366 3367 3368 3369 3366 3370 3371 3369 3372 3373 3371 3374 3367 3375 3371 3370 3372 3369 3368 3370 3375 3376 3374 3367 3374 3365 3373 3372 3377 3376 3375 3378 3366 3365 3368 3379 3380 3381 3382 3381 3383 3384 3383 3385 3386 3385 3387 3388 3389 3380 3390 3391 3389 3391 3390 3392 3389 3388 3390 3380 3379 3388 3381 3382 3379 3383 3384 3382 3385 3386 3384 3393 3394 3395 3394 3393 3396 3397 3398 3399 3398 3397 3400 3401 3402 3403 3402 3401 3404 3405 3406 3407 3405 3408 3409 3412 3411 3410 3413 3411 3412 3406 3411 3413 3406 3405 3411 3408 3405 3407 3414 3415 3416 3415 3414 3417 3418 3419 3420 3421 3418 3422 3418 3421 3419 3423 3424 3425 3424 3423 3426 3429 3427 3430 3427 3429 3431 3434 3435 3436 3437 3438 3439 3433 3436 3440 3439 3441 3434 3442 3430 3427 3443 3430 3444 3433 3445 3432 3446 3427 3428 3447 3428 3448 3447 3449 3450 3430 3443 3451 3427 3452 3442 3438 3437 3453 3450 3427 3454 3427 3446 3454 3430 3442 3444 3429 3455 3456 3428 3447 3446 3427 3450 3449 3455 3457 3458 3456 3439 3438 3449 3447 3448 3452 3427 3449 3455 3429 3430 3459 3430 3451 3443 3449 3451 3449 3443 3452 3460 3451 3461 3451 3460 3459 3460 3455 3458 3457 3455 3430 3455 3460 3461 3430 3459 3457 3439 3456 3455 3462 3455 3461 3463 3461 3464 3461 3463 3462 3463 3439 3465 3466 3439 3455 3439 3463 3464 3455 3462 3466 3467 3439 3464 3468 3464 3469 3464 3468 3467 3468 3434 3441 3441 3439 3470 3434 3468 3469 3439 3467 3470 3435 3434 3469 3435 3432 3445 3432 3435 3469 3445 3433 3440 3436 3433 3434 3439 3466 3465 3471 3472 3473 3473 3474 3471 3474 3475 3476 3475 3474 3477 3472 3471 3478 3474 3473 3477 3479 3480 3481 3482 3483 3484 3485 3486 3487 3488 3489 3490 3488 3491 3492 3481 3493 3479 3483 3482 3479 3494 3480 3495 3488 3496 3497 3494 3485 3487 3495 3491 3485 3491 3488 3485 3492 3498 3488 3498 3492 3499 3489 3488 3498 3493 3481 3500 3491 3495 3501 3489 3502 3482 3496 3488 3490 3485 3494 3495 3482 3480 3479 3480 3494 3481 3502 3489 3498 3480 3482 3502 3486 3485 3503 3504 3505 3506 3507 3506 3508 3509 3510 3511 3512 3511 3513 3506 3507 3504 3505 3504 3514 3515 3514 3516 3514 3515 3505 3510 3509 3517 3511 3512 3509 3513 3516 3512 3516 3513 3515 3518 3519 3520 3521 3520 3522 3523 3522 3524 3525 3524 3526 3527 3526 3528 3529 3528 3530 3528 3529 3527 3526 3527 3525 3524 3525 3523 3522 3523 3521 3520 3521 3518 3519 3518 3531 3532 3533 3534 3533 3532 3535 3536 3534 3537 3538 3539 3540 3541 3540 3542 3534 3536 3532 3543 3544 3545 3544 3543 3546 3544 3537 3545 3547 3548 3539 3540 3541 3538 3539 3538 3547 3548 3547 3546 3546 3543 3548 3537 3544 3536 3549 3550 3551 3551 3552 3553 3553 3554 3555 3555 3556 3557 3558 3559 3549 3552 3551 3550 3556 3555 3554 3559 3558 3560 3560 3561 3562 3554 3553 3552 3561 3560 3558 3550 3549 3559 3563 3564 3565 3566 3567 3568 3569 3565 3567 3564 3563 3570 3565 3569 3563 3567 3566 3569 3568 3571 3566 3572 3573 3571 3574 3575 3573 3575 3574 3576 3573 3572 3574 3571 3568 3572 3577 3578 3579 3580 3581 3578 3582 3583 3581 3584 3585 3586 3587 3579 3585 3583 3582 3588 3586 3589 3584 3585 3584 3587 3579 3587 3577 3578 3577 3580 3581 3580 3582 3589 3586 3590 3591 3592 3593 3592 3591 3594 3595 3594 3596 3597 3596 3598 3599 3598 3600 3601 3600 3602 3603 3602 3604 3602 3603 3601 3600 3601 3599 3598 3599 3597 3596 3597 3595 3594 3595 3592 3605 3606 3607 3608 3609 3610 3606 3605 3609 3611 3612 3613 3614 3613 3615 3609 3608 3606 3610 3616 3608 3612 3611 3616 3617 3615 3618 3615 3617 3614 3613 3614 3611 3616 3610 3612 3619 3620 3621 3622 3623 3624 3623 3622 3625 3621 3626 3619 3625 3627 3623 3620 3619 3627 3626 3621 3628 3629 3630 3631 3632 3628 3630 3630 3629 3632 3627 3625 3620 3628 3632 3626 3633 3634 3635 3636 3637 3638 3639 3638 3640 3641 3640 3642 3637 3636 3643 3644 3642 3645 3646 3645 3634 3638 3639 3636 3640 3641 3639 3642 3644 3641 3645 3646 3644 3634 3633 3646 3647 3648 3649 3650 3651 3648 3652 3653 3651 3654 3649 3655 3656 3657 3658 3658 3659 3656 3657 3656 3660 3649 3654 3647 3648 3647 3650 3651 3650 3652 3659 3658 3653 3653 3652 3659 3661 3662 3663 3664 3663 3665 3666 3667 3662 3668 3669 3667 3670 3671 3669 3672 3673 3671 3673 3672 3674 3671 3670 3672 3669 3668 3670 3667 3666 3668 3662 3661 3666 3663 3664 3661 3675 3676 3677 3678 3679 3675 3680 3681 3678 3682 3683 3680 3684 3685 3686 3682 3686 3687 3676 3675 3679 3679 3678 3681 3681 3680 3683 3685 3684 3688 3686 3682 3684 3683 3682 3687 3690 3689 3691 3692 3693 3694 3695 3693 3696 3693 3695 3697 3693 3692 3696 3698 3699 3700 3701 3702 3703 3704 3702 3699 3702 3701 3705 3706 3707 3699 3699 3698 3706 3702 3708 3703 3700 3699 3702 3707 3706 3709 3702 3704 3708 3710 3711 3712 3713 3714 3715 3716 3717 3711 3714 3713 3717 3712 3718 3719 3717 3720 3714 3718 3712 3711 3711 3710 3721 3720 3717 3716 3711 3721 3716 3722 3723 3724 3725 3726 3727 3724 3728 3725 3729 3727 3726 3726 3725 3728 3728 3724 3723 3723 3722 3730 3731 3732 3733 3731 3734 3735 3734 3731 3733 3722 3732 3730 3732 3722 3736 3732 3731 3730 3727 3729 3737 3738 3739 3740 3741 3739 3742 3742 3739 3743 3744 3745 3746 3747 3748 3744 3743 3749 3747 3739 3738 3743 3739 3741 3750 3751 3746 3745 3745 3744 3748 3748 3747 3749 3749 3743 3738 3746 3751 3752 3753 3754 3755 3756 3757 3758 3757 3756 3759 3755 3759 3756 3760 3761 3762 3762 3763 3753 3759 3755 3754 3754 3753 3763 3763 3762 3761 3761 3760 3764 3758 3757 3765 3765 3766 3758 3766 3765 3767 3768 3769 3770 3769 3768 3771 3771 3772 3773 3772 3771 3768 3774 3775 3776 3777 3778 3774 3778 3777 3779 3775 3774 3778 3780 3781 3782 3782 3783 3784 3781 3780 3785 3783 3782 3781 3786 3787 3788 3789 3790 3791 3787 3786 3789 3790 3789 3786 3792 3793 3794 3795 3796 3792 3796 3795 3797 3793 3792 3796 3798 3799 3800 3801 3802 3798 3802 3801 3803 3799 3798 3802 3804 3805 3806 3805 3804 3807 3807 3808 3809 3808 3807 3804 3810 3811 3812 3811 3810 3813 3814 3812 3811 3812 3814 3815 3816 3817 3818 3817 3816 3819 3820 3821 3822 3821 3820 3823 3823 3818 3817 3818 3823 3820 3824 3825 3826 3827 3828 3824 3829 3830 3827 3830 3829 3831 3828 3827 3830 3825 3824 3828 3832 3833 3834 3833 3832 3835 3836 3837 3838 3837 3836 3839 3840 3841 3842 3841 3840 3843 3844 3845 3846 3845 3844 3847 3848 3849 3850 3849 3848 3851 3852 3853 3854 3853 3852 3855 3856 3857 3858 3857 3856 3859 3860 3861 3862 3861 3860 3863 3864 3865 3866 3865 3864 3867 3868 3869 3870 3869 3868 3871 3872 3873 3874 3873 3872 3875 3876 3877 3878 3877 3876 3879 3880 3881 3882 3881 3880 3883 3884 3885 3886 3885 3884 3887 3888 3889 3890 3889 3888 3891 3892 3893 3894 3893 3892 3895 3896 3897 3898 3897 3896 3899 3900 3901 3902 3901 3900 3903 3904 3905 3906 3905 3904 3907 3908 3909 3910 3909 3908 3911 3912 3913 3914 3913 3912 3915 3916 3917 3918 3917 3916 3919 3920 3921 3922 3921 3920 3923 3924 3925 3926 3925 3924 3927 3928 3929 3930 3929 3928 3931 3932 3933 3934 3933 3932 3935 3936 3937 3938 3937 3936 3939 3940 3941 3942 3941 3940 3943 3944 3945 3946 3945 3944 3947 3948 3949 3950 3949 3948 3951 3952 3953 3954 3953 3952 3955 3956 3957 3958 3957 3956 3959 3960 3961 3962 3961 3960 3963 3964 3965 3966 3965 3964 3967 3968 3969 3970 3969 3968 3971 3972 3969 3973 3969 3972 3970 3974 3973 3975 3973 3974 3972 3974 3976 3977 3976 3974 3975 3976 3978 3977 3978 3976 3979 3980 3981 3982 3981 3980 3983 3984 3985 3986 3985 3984 3987 3988 3989 3990 3989 3988 3991 3992 3993 3994 3995 3996 3988 3993 3992 3990 3991 3988 3996 3990 3997 3993 3996 3995 3998 3997 3990 3989 3999 4000 4001 4001 4002 4003 4000 4004 4005 4000 3999 4006 4001 4007 3999 4004 4000 4006 4007 4001 4008 4001 4000 4002 4009 4010 4011 4010 4009 4012 4013 4014 4015 4014 4013 4016 4017 4018 4019 4018 4017 4020 4021 4022 4023 4024 4022 4025 4026 4027 4028 4022 4021 4025 4021 4029 4030 4031 4032 4033 4029 4021 4023 4030 4034 4035 4028 4032 4036 4031 4037 4038 4034 4030 4029 4039 4040 4026 4032 4028 4027 4041 4042 4043 4043 4038 4037 4040 4039 4044 4034 4039 4035 4022 4024 4041 4038 4043 4042 4032 4031 4036 4037 4031 4033 4042 4041 4024 4039 4034 4044 4027 4026 4040 4045 4046 4047 4048 4047 4049 4050 4049 4051 4052 4051 4053 4054 4053 4055 4056 4055 4057 4055 4056 4054 4053 4054 4052 4047 4048 4045 4046 4045 4058 4049 4050 4048 4051 4052 4050 4059 4060 4061 4062 4063 4064 4059 4065 4066 4067 4068 4069 4065 4059 4061 4066 4070 4071 4067 4063 4072 4073 4068 4060 4070 4066 4065 4074 4075 4076 4063 4067 4064 4068 4067 4072 4068 4073 4069 4060 4059 4073 4074 4070 4077 4076 4078 4079 4070 4074 4071 4075 4074 4077 4080 4081 4082 4082 4079 4078 4063 4062 4080 4079 4082 4081 4081 4080 4062 4078 4076 4075 4083 4084 4085 4086 4087 4088 4084 4083 4087 4089 4090 4091 4092 4093 4090 4094 4095 4093 4095 4094 4096 4093 4092 4094 4090 4089 4092 4091 4085 4089 4085 4091 4083 4087 4086 4084 4097 4098 4099 4100 4101 4102 4103 4104 4105 4106 4107 4108 4097 4109 4103 4110 4111 4100 4106 4101 4112 4113 4107 4114 4109 4097 4099 4104 4103 4109 4105 4115 4110 4101 4100 4111 4101 4106 4102 4107 4106 4112 4107 4113 4108 4116 4117 4118 4115 4105 4104 4111 4110 4115 4116 4114 4119 4118 4098 4120 4114 4116 4113 4117 4116 4119 4098 4118 4117 4098 4097 4120 4121 4122 4123 4124 4125 4122 4126 4127 4125 4128 4123 4129 4127 4126 4130 4131 4130 4132 4133 4132 4134 4123 4128 4121 4132 4133 4131 4125 4124 4126 4130 4131 4127 4122 4121 4124 4135 4136 4137 4135 4138 4139 4140 4141 4142 4143 4144 4145 4146 4147 4143 4148 4149 4150 4137 4151 4148 4141 4140 4138 4145 4140 4142 4149 4148 4151 4150 4152 4153 4154 4152 4155 4144 4143 4147 4138 4135 4141 4151 4137 4136 4154 4156 4157 4152 4150 4149 4140 4145 4144 4152 4154 4153 4157 4158 4146 4136 4135 4139 4147 4146 4158 4156 4154 4155 4158 4157 4156 4159 4160 4161 4162 4161 4163 4164 4163 4165 4166 4165 4167 4168 4167 4169 4170 4169 4171 4169 4170 4168 4167 4168 4166 4165 4166 4164 4163 4164 4162 4161 4162 4159 4160 4159 4172 4173 4174 4175 4176 4177 4178 4179 4178 4180 4181 4180 4182 4183 4182 4184 4182 4183 4181 4180 4181 4179 4178 4179 4176 4177 4176 4185 4175 4185 4173 4174 4173 4186 4185 4175 4177 4187 4188 4189 4190 4191 4188 4192 4189 4193 4194 4193 4195 4196 4195 4197 4195 4196 4194 4193 4194 4192 4189 4192 4187 4188 4187 4190 4191 4190 4198 4198 4199 4191 4199 4198 4200 4201 4202 4203 4204 4205 4206 4207 4204 4201 4202 4201 4208 4204 4209 4210 4211 4201 4212 4209 4204 4207 4205 4204 4210 4208 4201 4211 4212 4201 4204 4213 4214 4215 4216 4217 4214 4218 4215 4219 4220 4219 4221 4222 4221 4223 4221 4222 4220 4219 4220 4218 4215 4218 4213 4224 4225 4226 4217 4216 4225 4214 4213 4216 4225 4224 4217 4227 4228 4229 4230 4231 4232 4233 4234 4230 4235 4236 4237 4234 4233 4238 4239 4228 4240 4228 4227 4240 4227 4241 4242 4242 4243 4244 4244 4245 4246 4241 4227 4229 4245 4244 4243 4243 4242 4241 4237 4245 4235 4236 4235 4247 4248 4247 4249 4239 4233 4250 4233 4239 4238 4231 4230 4234 4245 4237 4246 4247 4248 4236 4231 4249 4232 4228 4239 4250 4249 4231 4248 4251 4252 4253 4254 4253 4255 4256 4255 4257 4258 4257 4259 4260 4259 4261 4259 4260 4258 4257 4258 4256 4262 4263 4264 4252 4251 4263 4253 4254 4251 4255 4256 4254 4263 4262 4252 4265 4266 4267 4267 4268 4269 4270 4271 4272 4273 4274 4275 4275 4276 4265 4268 4267 4266 4277 4272 4271 4278 4279 4280 4281 4282 4283 4282 4281 4277 4284 4283 4282 4285 4269 4268 4286 4287 4270 4283 4284 4278 4287 4286 4273 4271 4270 4287 4272 4277 4281 4274 4273 4286 4266 4265 4276 4269 4285 4288 4288 4280 4279 4276 4275 4274 4280 4288 4285 4279 4278 4284 4289 4290 4291 4292 4293 4289 4294 4295 4296 4293 4292 4297 4290 4289 4293 4298 4291 4290 4295 4294 4298 4299 4296 4295 4300 4301 4299 4296 4299 4301 4291 4298 4294 4301 4300 4302 4303 4304 4305 4306 4307 4303 4308 4309 4310 4311 4310 4309 4312 4313 4311 4314 4315 4312 4316 4308 4317 4305 4318 4319 4320 4319 4318 4321 4320 4322 4315 4314 4323 4317 4324 4316 4318 4305 4304 4322 4325 4321 4310 4311 4313 4306 4326 4327 4320 4321 4319 4326 4306 4324 4328 4314 4325 4314 4328 4323 4313 4312 4315 4308 4316 4309 4304 4303 4307 4324 4317 4326 4325 4322 4328 4307 4306 4327 4329 4330 4331 4332 4333 4334 4335 4334 4336 4331 4337 4329 4338 4339 4337 4339 4338 4340 4341 4336 4342 4336 4341 4335 4334 4335 4332 4333 4332 4343 4330 4333 4343 4330 4329 4333 4337 4331 4338 4340 4344 4339 4344 4340 4345 4348 4349 4350 4351 4347 4346 4349 4347 4351 4347 4349 4348 4352 4353 4354 4355 4356 4357 4358 4359 4360 4361 4362 4363 4364 4365 4366 4367 4368 4369 4370 4366 4365 4368 4371 4372 4352 4354 4373 4374 4375 4376 4368 4367 4371 4353 4371 4367 4364 4373 4377 4366 4374 4378 4379 4376 4380 4373 4364 4352 4381 4364 4377 4370 4374 4366 4376 4379 4374 4379 4369 4368 4353 4352 4371 4365 4364 4381 4374 4370 4375 4382 4383 4355 4384 4385 4386 4387 4355 4383 4388 4384 4356 4389 4386 4390 4387 4356 4355 4384 4388 4391 4385 4384 4391 4390 4386 4385 4392 4366 4389 4356 4387 4388 4386 4366 4378 4393 4394 4395 4386 4389 4366 4393 4392 4394 4382 4395 4396 4392 4393 4366 4395 4382 4393 4397 4382 4396 4383 4382 4397 4358 4398 4399 4398 4358 4360 4400 4401 4402 4403 4399 4398 4404 4405 4406 4399 4400 4407 4408 4402 4409 4410 4355 4404 4403 4400 4399 4402 4408 4400 4406 4408 4409 4411 4412 4413 4400 4403 4401 4408 4406 4405 4405 4355 4357 4411 4410 4412 4358 4413 4359 4405 4404 4355 4410 4411 4355 4413 4358 4411 4399 4414 4362 4415 4416 4371 4362 4361 4399 4415 4417 4418 4419 4420 4421 4422 4423 4424 4421 4414 4399 4419 4424 4425 4423 4422 4371 4421 4399 4407 4420 4419 4425 4371 4422 4372 4426 4421 4420 4424 4419 4422 4416 4415 4427 4417 4415 4361 4414 4421 4426 4423 4371 4416 4427 4415 4418 4417 4361 4363 4369 4379 4380 4428 4429 4430 4429 4428 4431 4432 4433 4434 4433 4432 4435 4436 4437 4438 4437 4436 4439 4440 4441 4442 4441 4440 4443 4444 4445 4446 4447 4444 4448 4446 4445 4449 4445 4444 4447 4450 4451 4452 4453 4450 4454 4451 4450 4455 4452 4451 4456 4455 4450 4453 4457 4458 4459 4457 4460 4458 4463 4462 4461 4460 4462 4463 4462 4460 4457 4464 4465 4466 4465 4464 4467 4468 4469 4470 4469 4468 4471 4472 4473 4474 4473 4472 4475 4476 4477 4478 4477 4476 4479 4480 4481 4482 4483 4484 4485 4486 4487 4488 4489 4490 4491 4492 4493 4494 4495 4496 4497 4498 4499 4500 4480 4501 4481 4502 4503 4504 4487 4486 4496 4504 4503 4505 4490 4489 4506 4506 4507 4508 4509 4510 4511 4512 4513 4514 4515 4516 4517 4518 4519 4517 4520 4519 4521 4510 4512 4492 4489 4491 4522 4519 4518 4521 4492 4523 4524 4510 4492 4497 4525 4501 4526 4527 4494 4493 4528 4498 4515 4529 4498 4500 4484 4503 4502 4505 4486 4488 4507 4486 4530 4499 4498 4528 4531 4529 4527 4527 4532 4533 4505 4530 4486 4507 4506 4486 4498 4529 4531 4532 4527 4529 4517 4525 4534 4524 4497 4492 4481 4501 4535 4533 4532 4536 4523 4492 4494 4496 4495 4537 4512 4538 4539 4530 4505 4503 4516 4515 4498 4540 4541 4542 4535 4489 4522 4489 4535 4501 4497 4543 4495 4503 4484 4483 4510 4509 4513 4525 4517 4501 4515 4517 4534 4518 4517 4516 4540 4520 4541 4544 4540 4542 4493 4492 4545 4536 4481 4533 4494 4527 4533 4545 4492 4544 4520 4540 4519 4538 4512 4514 4513 4512 4510 4490 4506 4508 4487 4496 4537 4485 4484 4533 4540 4544 4492 4497 4524 4543 4494 4533 4484 4481 4536 4482 4501 4480 4526 4546 4547 4548 4549 4550 4551 4549 4546 4550 4547 4546 4549 4548 4547 4552 4553 4554 4555 4556 4557 4558 4559 4560 4558 4561 4562 4563 4559 4557 4554 4559 4554 4561 4554 4553 4561 4557 4559 4558 4557 4556 4564 4560 4559 4565 4562 4561 4553 4566 4567 4568 4567 4566 4569 4570 4571 4572 4571 4570 4573 4574 4575 4576 4577 4578 4579 4580 4575 4581 4582 4583 4578 4578 4577 4582 4583 4582 4584 4583 4574 4578 4585 4574 4576 4575 4580 4576 4575 4574 4583 4574 4585 4586 4587 4588 4589 4588 4587 4590 4591 4592 4593 4594 4595 4596 4595 4594 4597 4595 4598 4596 4594 4599 4600 4599 4594 4596 4597 4594 4592 4597 4601 4602 4592 4591 4601 4601 4597 4592 4598 4595 4603 4604 4605 4606 4605 4604 4607 4610 4611 4608 4613 4610 4612 4608 4611 4609 4611 4610 4613 4614 4615 4616 4614 4616 4617 4615 4618 4619 4615 4614 4618 4620 4621 4622 4622 4621 4623 4621 4624 4625 4625 4624 4626 4624 4621 4620 4627 4628 4629 4630 4631 4628 4632 4633 4631 4634 4635 4633 4636 4629 4637 4633 4632 4634 4631 4630 4632 4637 4638 4636 4629 4636 4627 4635 4634 4639 4638 4637 4640 4628 4627 4630 4641 4642 4643 4644 4643 4645 4646 4645 4647 4648 4647 4649 4650 4651 4642 4652 4653 4651 4653 4652 4654 4651 4650 4652 4642 4641 4650 4643 4644 4641 4645 4646 4644 4647 4648 4646 4655 4656 4657 4656 4655 4658 4659 4660 4661 4660 4659 4662 4663 4664 4665 4664 4663 4666 4667 4668 4669 4667 4670 4671 4672 4673 4674 4675 4673 4672 4676 4673 4675 4668 4673 4676 4668 4667 4673 4670 4667 4669 4677 4678 4679 4678 4677 4680 4681 4682 4683 4684 4685 4686 4684 4681 4685 4681 4684 4682 4687 4688 4689 4688 4687 4690 4693 4691 4694 4691 4693 4695 4696 4697 4698 4699 4700 4701 4703 4704 4705 4697 4701 4706 4705 4707 4699 4708 4694 4691 4709 4694 4710 4697 4711 4698 4712 4691 4692 4713 4692 4714 4713 4715 4716 4694 4709 4717 4691 4718 4708 4704 4703 4719 4697 4696 4702 4716 4691 4720 4691 4712 4720 4694 4708 4710 4693 4721 4722 4692 4713 4712 4691 4716 4715 4721 4723 4724 4722 4705 4704 4715 4713 4714 4718 4691 4715 4721 4693 4694 4725 4694 4717 4709 4715 4717 4715 4709 4718 4726 4717 4727 4717 4726 4725 4726 4721 4724 4723 4721 4694 4721 4726 4727 4694 4725 4723 4705 4722 4721 4728 4721 4727 4729 4727 4730 4727 4729 4728 4729 4705 4731 4732 4705 4721 4705 4729 4730 4721 4728 4732 4733 4705 4730 4734 4730 4735 4730 4734 4733 4734 4699 4707 4707 4705 4736 4699 4734 4735 4705 4733 4736 4700 4699 4735 4700 4698 4711 4698 4700 4735 4711 4697 4706 4701 4697 4699 4705 4732 4731 4737 4738 4739 4739 4740 4737 4740 4741 4742 4741 4740 4743 4738 4737 4744 4740 4739 4743 4745 4746 4747 4748 4749 4750 4751 4752 4753 4754 4755 4756 4754 4757 4758 4747 4759 4745 4749 4748 4745 4760 4746 4761 4754 4762 4763 4760 4751 4753 4761 4757 4751 4757 4754 4751 4758 4764 4754 4764 4758 4765 4755 4754 4764 4759 4747 4766 4757 4761 4767 4755 4768 4748 4762 4754 4756 4751 4760 4761 4748 4746 4745 4746 4760 4747 4768 4755 4764 4746 4748 4768 4752 4751 4769 4770 4771 4772 4773 4772 4774 4775 4776 4777 4778 4777 4779 4772 4773 4770 4771 4770 4780 4781 4780 4782 4780 4781 4771 4776 4775 4783 4777 4778 4775 4779 4782 4778 4782 4779 4781 4784 4785 4786 4787 4786 4788 4789 4788 4790 4791 4790 4792 4793 4792 4794 4795 4794 4796 4794 4795 4793 4792 4793 4791 4790 4791 4789 4788 4789 4787 4786 4787 4784 4785 4784 4797 4798 4799 4800 4799 4798 4801 4802 4800 4803 4804 4805 4806 4807 4806 4808 4800 4802 4798 4809 4810 4811 4810 4809 4812 4810 4803 4811 4813 4814 4805 4806 4807 4804 4805 4804 4813 4814 4813 4812 4812 4809 4814 4803 4810 4802 4815 4816 4817 4817 4818 4819 4819 4820 4821 4821 4822 4823 4824 4825 4815 4818 4817 4816 4822 4821 4820 4825 4824 4826 4826 4827 4828 4820 4819 4818 4827 4826 4824 4816 4815 4825 4829 4830 4831 4832 4833 4834 4835 4831 4833 4830 4829 4836 4831 4835 4829 4833 4832 4835 4834 4837 4832 4838 4839 4837 4840 4841 4839 4841 4840 4842 4839 4838 4840 4837 4834 4838 4843 4844 4845 4846 4847 4844 4848 4849 4847 4850 4851 4852 4853 4845 4851 4849 4848 4854 4852 4855 4850 4851 4850 4853 4845 4853 4843 4844 4843 4846 4847 4846 4848 4855 4852 4856 4857 4858 4859 4858 4857 4860 4861 4860 4862 4863 4862 4864 4865 4864 4866 4867 4866 4868 4869 4868 4870 4868 4869 4867 4866 4867 4865 4864 4865 4863 4862 4863 4861 4860 4861 4858 4871 4872 4873 4874 4875 4876 4872 4871 4875 4877 4878 4879 4880 4879 4881 4875 4874 4872 4876 4882 4874 4878 4877 4882 4883 4881 4884 4881 4883 4880 4879 4880 4877 4882 4876 4878 4885 4886 4887 4888 4889 4890 4889 4888 4891 4887 4892 4885 4891 4893 4889 4886 4885 4893 4892 4887 4894 4895 4896 4897 4898 4894 4896 4896 4895 4898 4893 4891 4886 4894 4898 4892 4899 4900 4901 4902 4903 4904 4905 4904 4906 4907 4906 4908 4903 4902 4909 4910 4908 4911 4912 4911 4900 4904 4905 4902 4906 4907 4905 4908 4910 4907 4911 4912 4910 4900 4899 4912 4913 4914 4915 4916 4917 4914 4918 4919 4917 4920 4915 4921 4922 4923 4924 4924 4925 4922 4923 4922 4926 4915 4920 4913 4914 4913 4916 4917 4916 4918 4925 4924 4919 4919 4918 4925 4927 4928 4929 4930 4929 4931 4932 4933 4928 4934 4935 4933 4936 4937 4935 4938 4939 4937 4939 4938 4940 4937 4936 4938 4935 4934 4936 4933 4932 4934 4928 4927 4932 4929 4930 4927 4941 4942 4943 4942 4944 4945 4944 4942 4941 4946 4947 4948 4949 4950 4946 4950 4949 4951 4947 4946 4950 4952 4953 4954 4952 4955 4953 4956 4957 4958 4959 4960 4961 4960 4959 4943 4959 4962 4956 4962 4959 4961 4957 4956 4962 4963 4956 4958 4956 4964 4965 4964 4956 4963 4956 4955 4952 4955 4956 4965 4966 4952 4954 4952 4967 4968 4968 4969 4970 4971 4972 4973 4973 4974 4975 4976 4977 4978 4976 4979 4980 4974 4981 4982 4983 4984 4985 4983 4986 4984 4986 4983 4987 4974 4988 4981 4983 4989 4990 4989 4983 4985 4983 4988 4974 4988 4983 4990 4991 4992 4993 4991 4978 4992 4978 4991 4976 4994 4991 4993 4995 4996 4997 4997 4998 4995 4974 5000 5001 5000 4974 4982 4999 4974 5001 4999 4997 4974 4994 5002 4991 5003 5004 5005 5002 5004 5003 4946 5006 5007 5005 5008 5003 4995 5009 4996 5009 5008 5005 5008 5009 4995 4975 5010 5011 4975 5012 5010 4975 5013 5014 4974 5013 4975 4945 4944 5015 5012 4975 5014 4976 5016 4979 5017 4975 5011 4976 5017 5016 5017 4976 4975 5018 4976 4980 4977 4976 5018 4976 4987 4983 4976 5019 5020 5019 4976 4991 4987 4976 5020 4976 5021 5022 5022 5023 5024 5024 5025 5026 5027 5028 5029 5028 5027 4969 5030 5031 5032 5033 5029 5028 5034 5035 5036 5037 5034 5036 5037 5038 5039 5040 5041 5042 5042 5043 5044 5045 5046 5047 5046 5048 5047 5049 5050 5051 5052 5053 5054 5055 5056 5057 5058 5059 5060 5061 5062 5063 5062 5064 5063 5065 5066 5067 5068 5069 5065 4959 5070 5068 4952 4966 5071 4967 4952 4946 4969 4968 4967 4972 4971 5072 4974 4973 4972 5021 4976 4983 5023 5022 5021 5025 5024 5023 4959 5073 5074 4959 5074 5075 4943 5076 4941 5070 4959 4956 5069 5068 5070 5066 5065 5069 5064 5062 5077 5032 5062 5030 5062 5032 5077 5062 5061 5078 5059 5058 5079 5056 5055 5067 5056 5066 5080 5066 5056 5067 5080 5079 5058 5079 5080 5066 5081 5052 5055 5082 5083 5084 5083 5082 5015 4969 5085 4970 5084 5083 4951 5084 4951 4949 5086 4946 4952 5086 4952 5071 4946 5086 4949 5087 4943 4959 4943 5087 5088 5089 4959 5075 4959 5089 5087 4943 5088 5076 5073 4959 5090 5091 4959 4946 5091 4946 5092 4959 5091 5090 5092 4946 5007 5013 4974 4997 5006 4946 4948 5052 5081 5053 5093 5055 5094 5095 5057 5096 5057 5095 5055 5055 5095 5094 5096 5057 5097 5055 5093 5098 5055 5098 5081 5050 5057 5051 5057 5050 5099 5057 5099 5097 5050 5049 5100 5100 5049 5101 5102 5049 5103 5102 5103 5104 5105 5103 5106 5103 5105 5104 5049 5102 5107 5049 5107 5101 5108 5052 5109 5109 5052 5054 5052 5108 5103 5103 5108 5106 5048 5046 5110 5110 5046 5111 5111 5026 5112 5113 5026 5114 5026 5113 5112 5026 5111 5046 5115 5026 5116 5117 5026 5025 5026 5117 5116 5026 5115 5114 5117 5103 5049 5103 5117 5025 5046 5045 5118 5043 5042 5041 5041 5040 5119 5038 5037 5072 5120 5072 4971 5072 5120 5038 5120 5119 5040 5119 5120 4971 5034 5037 5039 5035 5034 5121 5121 5034 5122 5122 5034 5123 5124 5034 5125 5124 5125 5126 5126 5125 5127 5034 5124 5128 5129 5125 5033 5125 5129 5130 5131 5033 5132 5033 5131 5129 5125 5130 5133 5125 5133 5127 5134 5033 5135 5134 5135 5136 5137 5036 5138 5036 5137 5135 5135 5137 5136 5033 5134 5139 5138 5036 5140 5141 5036 5035 5036 5141 5140 5033 5139 5132 5034 5128 5123 5029 5033 5125 5031 5030 4970 5142 4970 5085 4970 5142 5143 4970 5143 5031 5085 4969 5144 5144 4969 5145 5004 5002 4994 5145 4969 5027 5015 5082 4945 5146 5147 5148 5149 5150 5151 5150 5149 5152 5151 5150 5153 5154 5155 5156 5157 5158 5159 5160 5161 5162 5163 5164 5165 5166 5167 5168 5169 5170 5171 5170 5172 5171 5171 5172 5173 5174 5170 5175 5170 5176 5177 5178 5179 5180 5160 5181 5182 5164 5163 5183 5184 5185 5186 5187 5172 5188 5189 5190 5191 5192 5193 5194 5170 5174 5193 5164 5180 5165 5195 5164 5190 5160 5196 5197 5168 5167 5198 5172 5170 5166 5170 5169 5199 5172 5187 5200 5172 5200 5173 5179 5178 5176 5194 5193 5201 5170 5177 5175 5164 5195 5202 5185 5167 5166 5188 5203 5204 5193 5192 5190 5164 5202 5178 5185 5166 5170 5170 5199 5179 5188 5204 5205 5193 5174 5201 5154 5206 5185 5190 5189 5195 5186 5185 5206 5198 5196 5160 5161 5160 5207 5208 5209 5210 5211 5154 5212 5188 5213 5164 5209 5158 5157 5211 5155 5154 5158 5209 5208 5167 5185 5184 5164 5213 5214 5196 5198 5167 5160 5210 5209 5180 5164 5178 5191 5190 5192 5176 5170 5179 5207 5164 5214 5188 5164 5183 5155 5211 5159 5157 5159 5211 5215 5154 5216 5210 5160 5197 5164 5207 5160 5198 5160 5162 5213 5188 5205 5206 5154 5156 5154 5215 5212 5203 5188 5172 5181 5160 5209 5217 5218 5219 5217 5220 5218 5220 5217 5221 5222 5223 5224 5225 5226 5227 5228 5229 5230 5231 5232 5228 5233 5225 5234 5232 5231 5235 5230 5236 5237 5227 5226 5238 5238 5236 5239 5236 5230 5229 5236 5238 5226 5237 5236 5240 5241 5242 5243 5244 5245 5242 5246 5236 5226 5239 5236 5229 5240 5236 5247 5242 5241 5236 5248 5249 5231 5250 5251 5252 5253 5254 5251 5255 5253 5256 5257 5258 5259 5260 5258 5261 5261 5262 5260 5263 5258 5264 5265 5231 5249 5258 5266 5261 5251 5250 5267 5268 5242 5269 5242 5270 5262 5258 5271 5264 5231 5228 5258 5242 5267 5270 5242 5272 5269 5271 5258 5228 5273 5274 5275 5234 5276 5277 5267 5242 5251 5258 5260 5259 5253 5255 5278 5279 5273 5244 5258 5280 5281 5236 5246 5282 5248 5283 5284 5262 5261 5272 5272 5242 5262 5258 5256 5253 5251 5254 5252 5274 5273 5279 5273 5258 5263 5266 5258 5281 5242 5245 5243 5276 5234 5225 5283 5248 5285 5244 5242 5286 5226 5225 5233 5236 5241 5247 5245 5244 5273 5258 5273 5280 5234 5287 5248 5229 5228 5232 5286 5242 5268 5280 5273 5275 5254 5253 5278 5256 5258 5257 5249 5248 5287 5234 5248 5284 5235 5231 5265 5287 5234 5277 5288 5289 5290 5289 5288 5291 5292 5293 5294 5292 5295 5296 5293 5292 5296 5297 5293 5298 5299 5298 5293 5295 5292 5300 5298 5299 5301 5293 5297 5294 5302 5303 5304 5305 5306 5307 5306 5308 5309 5303 5307 5306 5308 5306 5305 5310 5303 5306 5303 5310 5311 5307 5303 5302 5312 5313 5314 5313 5312 5315 5316 5317 5318 5319 5318 5320 5321 5320 5322 5323 5322 5324 5325 5326 5327 5324 5328 5323 5322 5323 5321 5329 5330 5317 5318 5319 5316 5317 5316 5329 5330 5329 5331 5327 5331 5325 5326 5325 5332 5333 5332 5334 5335 5334 5336 5337 5338 5328 5320 5321 5319 5331 5327 5330 5338 5337 5339 5332 5333 5326 5334 5335 5333 5336 5339 5335 5328 5324 5337 5339 5336 5338 5340 5341 5342 5343 5344 5341 5345 5346 5344 5347 5348 5346 5349 5350 5348 5351 5352 5350 5353 5354 5352 5355 5356 5354 5357 5358 5356 5359 5360 5358 5361 5362 5360 5362 5361 5363 5360 5359 5361 5358 5357 5359 5356 5355 5357 5354 5353 5355 5352 5351 5353 5350 5349 5351 5348 5347 5349 5346 5345 5347 5344 5343 5345 5341 5340 5343 5342 5363 5340 5363 5342 5362 5364 5365 5366 5367 5368 5365 5369 5370 5368 5371 5372 5370 5373 5374 5372 5375 5366 5376 5377 5376 5378 5379 5380 5374 5381 5382 5380 5383 5384 5382 5385 5386 5384 5387 5378 5386 5378 5387 5377 5386 5385 5387 5384 5383 5385 5382 5381 5383 5380 5379 5381 5374 5373 5379 5372 5371 5373 5370 5369 5371 5368 5367 5369 5365 5364 5367 5366 5375 5364 5376 5377 5375 5388 5389 5390 5391 5392 5389 5393 5394 5392 5395 5396 5394 5397 5398 5396 5399 5400 5398 5401 5402 5400 5403 5404 5402 5405 5406 5404 5407 5408 5406 5409 5410 5408 5411 5390 5410 5390 5411 5388 5410 5409 5411 5408 5407 5409 5406 5405 5407 5404 5403 5405 5402 5401 5403 5400 5399 5401 5398 5397 5399 5396 5395 5397 5394 5393 5395 5392 5391 5393 5389 5388 5391 5412 5413 5414 5413 5412 5415 5416 5417 5418 5419 5420 5421 5422 5423 5420 5424 5425 5423 5426 5427 5425 5428 5429 5427 5430 5431 5429 5432 5433 5431 5434 5435 5433 5436 5437 5435 5437 5436 5438 5435 5434 5436 5433 5432 5434 5431 5430 5432 5429 5428 5430 5427 5426 5428 5425 5424 5426 5423 5422 5424 5420 5419 5422 5421 5439 5419 5417 5416 5439 5439 5421 5417 5440 5441 5442 5443 5441 5440 5444 5445 5446 5444 5447 5445 5448 5449 5443 5449 5450 5451 5450 5449 5448 5444 5451 5447 5452 5453 5454 5455 5453 5452 5456 5457 5455 5458 5459 5460 5459 5458 5457 5458 5461 5462 5463 5458 5464 5461 5458 5463 5465 5466 5467 5465 5468 5466 5469 5462 5461 5462 5470 5471 5470 5462 5469 5465 5471 5468 5471 5465 5462 5472 5467 5473 5441 5443 5449 5467 5472 5465 5474 5475 5476 5477 5476 5478 5479 5478 5480 5481 5482 5483 5484 5483 5485 5465 5485 5462 5486 5457 5487 5488 5487 5489 5490 5489 5491 5492 5441 5475 5441 5492 5493 5494 5475 5495 5496 5497 5498 5499 5500 5501 5500 5495 5475 5475 5494 5502 5475 5502 5492 5503 5504 5505 5505 5504 5506 5504 5503 5500 5500 5503 5501 5507 5508 5479 5508 5507 5509 5510 5479 5480 5479 5510 5511 5512 5480 5513 5480 5512 5510 5513 5480 5514 5479 5511 5515 5479 5515 5507 5514 5516 5517 5517 5516 5518 5516 5514 5480 5519 5516 5482 5516 5519 5520 5521 5482 5522 5522 5523 5524 5524 5523 5525 5523 5522 5482 5482 5521 5526 5482 5526 5519 5527 5508 5528 5528 5508 5529 5508 5527 5523 5523 5527 5525 5516 5520 5518 5508 5509 5529 5441 5493 5442 5504 5530 5506 5531 5532 5533 5534 5535 5536 5458 5460 5464 5472 5473 5537 5475 5474 5500 5476 5477 5474 5478 5479 5477 5482 5481 5523 5483 5484 5481 5485 5465 5484 5457 5486 5453 5487 5488 5486 5489 5490 5488 5497 5496 5538 5498 5539 5496 5540 5444 5539 5453 5455 5457 5457 5456 5541 5457 5541 5459 5542 5472 5543 5543 5472 5537 5472 5542 5453 5453 5542 5454 5544 5534 5490 5451 5444 5449 5534 5544 5535 5545 5490 5491 5490 5545 5546 5547 5491 5548 5491 5547 5545 5548 5491 5549 5490 5546 5550 5490 5550 5544 5549 5531 5551 5551 5531 5533 5531 5549 5491 5552 5531 5497 5531 5552 5532 5553 5497 5554 5554 5538 5555 5555 5538 5556 5538 5554 5497 5539 5498 5540 5495 5500 5499 5497 5553 5557 5497 5557 5552 5558 5534 5559 5559 5534 5536 5534 5558 5538 5538 5558 5556 5446 5504 5444 5504 5446 5530 5444 5540 5449 5560 5561 5562 5563 5564 5565 5566 5567 5568 5561 5560 5569 5569 5570 5561 5571 5572 5573 5566 5574 5575 5576 5577 5578 5579 5580 5581 5582 5583 5579 5562 5584 5585 5586 5587 5588 5589 5590 5587 5591 5592 5590 5593 5594 5592 5595 5596 5594 5597 5598 5599 5600 5601 5602 5563 5603 5604 5605 5606 5607 5607 5608 5605 5609 5610 5611 5612 5613 5614 5610 5613 5615 5613 5610 5616 5613 5612 5615 5610 5609 5616 5608 5607 5617 5618 5619 5564 5619 5618 5620 5605 5619 5606 5619 5605 5564 5600 5603 5565 5603 5600 5621 5603 5563 5565 5600 5622 5623 5621 5624 5625 5621 5626 5624 5621 5602 5626 5602 5621 5600 5627 5628 5629 5627 5630 5628 5621 5631 5632 5631 5621 5625 5627 5632 5630 5632 5627 5621 5598 5633 5634 5598 5635 5633 5598 5636 5637 5627 5636 5598 5636 5627 5629 5635 5598 5637 5600 5638 5622 5639 5598 5634 5560 5585 5640 5585 5560 5562 5570 5569 5641 5572 5571 5642 5574 5566 5568 5567 5566 5643 5574 5572 5644 5644 5572 5642 5600 5639 5638 5639 5600 5598 5645 5600 5623 5601 5600 5645 5598 5597 5627 5597 5646 5596 5615 5646 5599 5646 5615 5612 5646 5597 5599 5596 5595 5597 5594 5593 5595 5592 5591 5593 5590 5589 5591 5587 5586 5589 5586 5647 5648 5647 5586 5588 5648 5584 5583 5584 5648 5647 5584 5562 5583 5583 5582 5648 5578 5649 5650 5582 5651 5652 5582 5653 5651 5653 5579 5581 5653 5582 5579 5578 5654 5649 5582 5655 5578 5655 5582 5652 5654 5578 5655 5579 5656 5657 5579 5658 5656 5576 5659 5660 5661 5578 5650 5576 5662 5663 5578 5662 5576 5662 5578 5661 5659 5576 5663 5664 5576 5660 5576 5665 5666 5665 5576 5664 5576 5658 5579 5658 5576 5666 5580 5579 5657 5643 5577 5567 5577 5643 5667 5577 5576 5567 5572 5574 5568 5564 5563 5618 5668 5669 5670 5669 5668 5671 5672 5673 5674 5675 5676 5677 5678 5679 5680 5681 5682 5683 5683 5684 5685 5685 5686 5687 5687 5688 5689 5690 5691 5692 5692 5693 5694 5695 5696 5697 5679 5678 5698 5680 5699 5678 5700 5701 5702 5682 5681 5703 5704 5705 5701 5706 5707 5696 5708 5697 5709 5684 5683 5682 5688 5687 5686 5691 5690 5710 5705 5704 5699 5701 5700 5704 5711 5702 5707 5696 5695 5706 5697 5708 5695 5709 5712 5708 5713 5714 5715 5689 5716 5717 5717 5710 5690 5698 5681 5679 5681 5698 5703 5718 5712 5709 5716 5689 5688 5702 5711 5700 5707 5706 5711 5712 5718 5719 5693 5692 5691 5718 5713 5719 5715 5694 5693 5710 5717 5716 5686 5685 5684 5713 5718 5714 5694 5715 5714 5699 5680 5705 5720 5721 5722 5721 5720 5723 5720 5722 5724 5725 5726 5727 5725 5728 5729 5725 5727 5728 5726 5725 5730 5731 5732 5733 5734 5733 5735 5736 5735 5737 5738 5737 5739 5740 5741 5742 5743 5744 5741 5745 5746 5744 5747 5748 5746 5749 5750 5748 5751 5752 5750 5753 5739 5752 5739 5753 5738 5752 5751 5753 5750 5749 5751 5746 5745 5747 5744 5743 5745 5754 5742 5732 5741 5740 5743 5737 5738 5736 5735 5736 5734 5733 5734 5731 5732 5731 5754 5742 5754 5740 5748 5747 5749 5755 5756 5757 5758 5759 5760 5761 5762 5759 5756 5755 5762 5757 5763 5755 5764 5765 5763 5766 5767 5765 5768 5769 5767 5770 5771 5769 5772 5773 5771 5774 5775 5773 5776 5777 5775 5777 5776 5778 5775 5774 5776 5773 5772 5774 5771 5770 5772 5769 5768 5770 5767 5766 5768 5760 5778 5758 5759 5758 5761 5762 5761 5756 5778 5760 5777 5763 5757 5764 5765 5764 5766 5779 5780 5781 5782 5783 5784 5785 5784 5786 5787 5786 5788 5789 5788 5790 5788 5789 5787 5786 5787 5785 5784 5785 5782 5783 5782 5791 5781 5791 5779 5780 5779 5792 5793 5792 5794 5795 5794 5796 5797 5796 5798 5799 5798 5800 5801 5800 5802 5790 5802 5789 5791 5781 5783 5802 5790 5801 5800 5801 5799 5798 5799 5797 5796 5797 5795 5794 5795 5793 5792 5793 5780 5803 5804 5805 5806 5807 5808 5809 5810 5807 5804 5803 5810 5805 5811 5803 5812 5813 5811 5814 5815 5813 5816 5817 5815 5818 5819 5817 5820 5821 5819 5822 5823 5821 5824 5825 5823 5825 5824 5826 5823 5822 5824 5821 5820 5822 5819 5818 5820 5817 5816 5818 5815 5814 5816 5808 5826 5806 5807 5806 5809 5810 5809 5804 5826 5808 5825 5811 5805 5812 5813 5812 5814 5827 5828 5829 5827 5829 5830 5828 5827 5831 5832 5833 5834 5833 5832 5835 5836 5837 5838 5839 5840 5841 5842 5843 5844 5836 5845 5846 5847 5838 5843 5848 5849 5850 5845 5839 5841 5837 5836 5846 5838 5847 5836 5844 5851 5842 5852 5853 5854 5855 5856 5839 5845 5836 5839 5851 5844 5857 5843 5842 5847 5848 5858 5859 5860 5855 5861 5840 5839 5856 5862 5863 5864 5865 5866 5867 5855 5868 5869 5870 5871 5872 5848 5873 5874 5856 5855 5860 5866 5865 5862 5863 5862 5865 5859 5875 5876 5877 5855 5869 5878 5854 5853 5879 5848 5880 5870 5873 5848 5849 5848 5874 5875 5859 5858 5859 5881 5882 5861 5883 5884 5880 5885 5886 5887 5888 5889 5858 5848 5879 5873 5870 5872 5881 5862 5864 5855 5882 5868 5883 5855 5877 5890 5861 5884 5880 5850 5885 5880 5891 5878 5887 5892 5888 5870 5889 5871 5862 5859 5876 5882 5855 5859 5883 5861 5855 5867 5893 5894 5850 5880 5848 5891 5880 5886 5891 5895 5896 5892 5887 5895 5889 5870 5887 5862 5881 5859 5893 5867 5866 5890 5897 5861 5895 5891 5892 5896 5878 5891 5897 5857 5844 5854 5878 5896 5867 5898 5899 5897 5890 5867 5894 5852 5898 5900 5867 5899 5852 5894 5901 5898 5867 5894 5857 5867 5900 5857 5897 5867 5853 5852 5901 5902 5903 5904 5903 5902 5905 5906 5907 5908 5909 5910 5911 5912 5913 5914 5915 5916 5917 5918 5919 5920 5921 5908 5907 5919 5922 5920 5917 5923 5915 5907 5906 5924 5925 5926 5919 5927 5928 5929 5923 5930 5931 5931 5932 5933 5910 5909 5918 5926 5925 5934 5919 5935 5922 5934 5914 5913 5936 5929 5937 5930 5923 5917 5932 5931 5930 5933 5938 5921 5924 5939 5911 5918 5920 5910 5935 5919 5926 5914 5925 5940 5941 5912 5928 5929 5936 5927 5942 5937 5943 5938 5933 5932 5908 5921 5938 5939 5924 5906 5909 5911 5939 5919 5918 5944 5925 5914 5934 5913 5912 5941 5928 5927 5941 5937 5942 5936 5916 5915 5945 5943 5945 5942 5945 5943 5916 5946 5947 5948 5949 5950 5951 5951 5952 5953 5950 5949 5954 5952 5951 5950 5951 5947 5955 5947 5946 5955 5947 5951 5953 5956 5957 5958 5959 5960 5956 5957 5961 5962 5963 5960 5964 5957 5956 5960 5960 5961 5957 5960 5963 5961 5960 5959 5965 5966 5967 5968 5967 5966 5969 5970 5971 5972 5972 5973 5974 5974 5975 5976 5976 5977 5978 5979 5978 5977 5977 5976 5975 5975 5974 5973 5973 5972 5971 5971 5970 5980 5980 5981 5982 5982 5983 5984 5984 5985 5986 5986 5987 5988 5988 5989 5990 5990 5991 5992 5991 5990 5989 5989 5988 5987 5987 5986 5985 5985 5984 5983 5983 5982 5981 5978 5979 5993 5981 5980 5970 5994 5995 5996 5997 5996 5998 5995 5994 5999 5996 5997 5994 6000 6001 6002 6001 6000 6003 6002 6004 6005 6006 6007 6008 6003 6000 6007 6008 6007 6000 6007 6006 6009 6010 6002 6005 6002 6010 6000 6004 6002 6011 6012 6013 6014 6015 6016 6013 6014 6013 6016 6013 6017 6018 6013 6019 6020 6013 6021 6022 6021 6013 6012 6023 6013 6022 6017 6013 6020 6019 6013 6023 6016 6015 6024 6025 6026 6027 6028 6029 6030 6031 6026 6032 6033 6028 6026 6032 6026 6025 6026 6031 6033 6028 6033 6029 6034 6035 6036 6035 6034 6037 6038 6039 6040 6039 6041 6042 6039 6038 6043 6040 6039 6044 6041 6039 6043 6044 6039 6045 6046 6047 6048 6047 6046 6049 6050 6051 6052 6051 6050 6053 6054 6055 6056 6057 6058 6059 6060 6061 6058 6062 6063 6064 6063 6062 6065 6066 6065 6062 6067 6068 6061 6069 6070 6071 6072 6073 6074 6075 6076 6077 6078 6079 6080 6081 6082 6079 6055 6054 6082 6083 6084 6085 6064 6086 6087 6058 6057 6060 6066 6059 6088 6059 6066 6057 6061 6060 6067 6068 6067 6089 6070 6089 6071 6089 6070 6068 6070 6069 6090 6090 6074 6073 6074 6090 6069 6073 6072 6091 6076 6075 6092 6091 6077 6076 6077 6091 6072 6079 6078 6081 6080 6075 6078 6075 6080 6092 6082 6081 6055 6056 6083 6054 6065 6066 6088 6086 6064 6063 6087 6085 6084 6085 6087 6086 6084 6083 6093 6083 6056 6093 6094 6095 6096 6097 6098 6099 6100 6101 6098 6102 6103 6104 6105 6106 6107 6108 6109 6110 6111 6112 6113 6114 6115 6116 6117 6116 6118 6119 6118 6120 6118 6119 6117 6121 6122 6123 6122 6121 6105 6123 6124 6125 6106 6105 6121 6107 6104 6103 6104 6107 6106 6103 6102 6126 6102 6127 6126 6127 6102 6101 6101 6100 6127 6098 6097 6100 6094 6128 6129 6128 6094 6130 6099 6130 6097 6096 6131 6108 6131 6096 6095 6124 6123 6122 6095 6094 6129 6109 6108 6131 6110 6132 6111 6132 6110 6109 6112 6111 6132 6133 6112 6115 6112 6133 6113 6115 6114 6133 6116 6117 6114 6120 6124 6119 6124 6120 6125 6130 6099 6128 6134 6135 6136 6137 6138 6139 6138 6137 6140 6141 6140 6137 6139 6142 6143 6144 6145 6146 6147 6148 6149 6150 6151 6152 6153 6154 6151 6155 6149 6156 6157 6156 6158 6159 6136 6154 6160 6141 6135 6161 6162 6163 6164 6165 6166 6167 6150 6152 6154 6153 6159 6136 6159 6134 6135 6134 6160 6142 6139 6138 6143 6146 6145 6146 6143 6142 6145 6144 6168 6144 6169 6168 6169 6144 6148 6148 6147 6169 6149 6155 6147 6161 6158 6170 6158 6161 6157 6156 6157 6155 6163 6171 6164 6171 6163 6162 6141 6160 6172 6162 6161 6170 6165 6164 6171 6166 6173 6167 6173 6166 6165 6150 6167 6173 6151 6150 6153 6140 6141 6172 6174 6175 6176 6177 6178 6179 6178 6177 6174 6180 6179 6178 6181 6180 6182 6180 6181 6183 6182 6184 6181 6185 6186 6184 6187 6188 6189 6188 6187 6190 6191 6189 6186 6176 6192 6193 6192 6176 6175 6194 6195 6196 6197 6198 6195 6198 6197 6199 6200 6196 6201 6202 6201 6203 6203 6204 6202 6204 6203 6205 6206 6204 6205 6207 6208 6209 6208 6207 6206 6209 6210 6211 6212 6188 6190 6213 6211 6210 6211 6213 6212 6188 6212 6213 6210 6209 6208 6204 6206 6207 6201 6202 6200 6196 6200 6194 6195 6194 6197 6198 6193 6192 6175 6174 6177 6179 6180 6183 6184 6182 6185 6186 6185 6191 6193 6198 6199 6189 6191 6187 6214 6215 6216 6217 6218 6219 6220 6215 6214 6221 6215 6222 6218 6217 6223 6215 6224 6218 6219 6218 6225 6216 6215 6226 6218 6223 6227 6218 6224 6225 6215 6220 6222 6224 6215 6221 6228 6229 6230 6231 6232 6233 6232 6231 6234 6235 6236 6237 6236 6235 6238 6239 6240 6241 6242 6243 6244 6245 6246 6247 6248 6249 6250 6251 6252 6248 6253 6254 6255 6252 6256 6257 6258 6259 6260 6259 6255 6261 6262 6263 6264 6255 6259 6253 6246 6265 6242 6261 6260 6259 6266 6259 6258 6252 6267 6256 6268 6269 6270 6263 6259 6266 6271 6264 6263 6272 6273 6274 6267 6259 6262 6275 6268 6276 6277 6268 6270 6274 6278 6279 6280 6281 6272 6263 6262 6259 6267 6252 6259 6269 6268 6275 6282 6277 6261 6283 6261 6277 6252 6284 6249 6285 6243 6286 6278 6253 6279 6254 6253 6287 6268 6277 6282 6260 6261 6283 6284 6252 6257 6252 6288 6285 6289 6285 6288 6242 6244 6290 6291 6285 6289 6248 6292 6293 6243 6285 6291 6243 6242 6286 6294 6246 6245 6249 6248 6252 6295 6248 6250 6288 6252 6251 6296 6297 6298 6299 6272 6281 6300 6274 6273 6246 6242 6290 6292 6248 6295 6301 6247 6246 6302 6264 6271 6273 6272 6299 6278 6274 6300 6265 6246 6294 6303 6247 6301 6264 6304 6298 6293 6247 6303 6268 6280 6305 6281 6280 6306 6247 6292 6297 6307 6298 6304 6280 6268 6306 6308 6276 6309 6247 6293 6292 6296 6298 6307 6276 6305 6309 6304 6302 6308 6297 6296 6247 6305 6276 6268 6276 6308 6302 6253 6278 6287 6304 6264 6302 6310 6311 6312 6313 6314 6311 6315 6316 6314 6317 6318 6316 6319 6320 6318 6321 6322 6320 6323 6324 6322 6325 6326 6324 6327 6328 6326 6329 6330 6328 6331 6332 6330 6332 6331 6333 6330 6329 6331 6328 6327 6329 6326 6325 6327 6324 6323 6325 6322 6321 6323 6320 6319 6321 6318 6317 6319 6316 6315 6317 6314 6313 6315 6311 6310 6313 6334 6335 6336 6337 6335 6338 6339 6340 6335 6341 6335 6342 6343 6340 6344 6335 6337 6336 6335 6341 6339 6344 6340 6345 6340 6339 6346 6340 6343 6347 6345 6340 6346 6335 6334 6342 6348 6349 6350 6351 6352 6353 6354 6355 6356 6357 6356 6358 6359 6358 6360 6361 6350 6349 6362 6363 6364 6352 6365 6366 6367 6353 6355 6356 6357 6354 6358 6359 6357 6363 6362 6361 6364 6366 6365 6353 6367 6351 6359 6360 6368 6366 6364 6363 6355 6354 6367 6352 6351 6365 6349 6348 6369 6350 6361 6362 6370 6371 6372 6373 6374 6375 6371 6370 6376 6377 6378 6373 6374 6373 6378 6375 6379 6380 6378 6377 6372 6379 6375 6374 6380 6381 6382 6381 6380 6379 6383 6384 6385 6384 6382 6381 6372 6377 6370 6386 6376 6387 6388 6387 6389 6390 6389 6391 6376 6386 6371 6389 6390 6388 6387 6388 6386 6382 6384 6383 6392 6393 6394 6395 6396 6392 6394 6397 6398 6399 6400 6401 6402 6403 6404 6405 6404 6406 6407 6406 6408 6409 6410 6411 6412 6413 6414 6415 6416 6417 6418 6419 6420 6421 6420 6422 6423 6422 6424 6422 6423 6421 6424 6395 6423 6395 6424 6425 6420 6421 6418 6393 6392 6396 6396 6395 6425 6397 6394 6393 6398 6426 6399 6426 6398 6397 6400 6399 6426 6427 6400 6403 6400 6427 6401 6403 6402 6427 6404 6405 6402 6409 6408 6428 6408 6409 6407 6406 6407 6405 6411 6429 6412 6429 6411 6410 6410 6409 6428 6413 6412 6429 6414 6430 6415 6430 6414 6413 6416 6415 6430 6431 6416 6419 6419 6418 6431 6416 6431 6417 6432 6433 6434 6435 6436 6437 6438 6439 6440 6441 6442 6443 6444 6445 6442 6446 6447 6445 6448 6449 6450 6451 6452 6453 6454 6455 6456 6457 6458 6459 6460 6461 6458 6462 6463 6461 6464 6437 6436 6437 6464 6432 6436 6435 6465 6439 6438 6466 6465 6440 6439 6440 6465 6435 6442 6441 6444 6443 6438 6441 6438 6443 6466 6445 6444 6446 6447 6446 6467 6449 6467 6450 6467 6449 6447 6449 6448 6468 6468 6453 6452 6453 6468 6448 6452 6451 6469 6455 6454 6470 6469 6456 6455 6456 6469 6451 6458 6457 6460 6459 6454 6457 6454 6459 6470 6461 6460 6462 6463 6462 6471 6433 6471 6434 6471 6433 6463 6433 6432 6464 6473 6472 6474 6475 6476 6477 6478 6479 6475 6480 6481 6478 6482 6483 6480 6484 6482 6485 6484 6485 6486 6487 6486 6485 6488 6489 6490 6488 6491 6492 6491 6488 6490 6493 6494 6489 6495 6496 6494 6497 6498 6499 6477 6491 6490 6500 6501 6498 6500 6498 6502 6498 6497 6502 6496 6495 6501 6494 6493 6495 6489 6488 6493 6486 6487 6503 6482 6484 6504 6483 6482 6504 6481 6480 6483 6479 6478 6481 6476 6475 6479 6491 6477 6476 6503 6500 6502 6500 6503 6487 6501 6500 6496 6505 6506 6507 6505 6508 6506 6505 6509 6508 6505 6510 6509 6505 6511 6510 6505 6512 6511 6505 6513 6512 6505 6514 6513 6505 6515 6514 6505 6516 6515 6505 6517 6516 6517 6505 6507 6518 6519 6520 6519 6518 6521 6519 6521 6522 6523 6524 6525 6524 6523 6526 6527 6528 6529 6530 6531 6527 6532 6533 6530 6534 6535 6532 6536 6537 6534 6538 6536 6539 6538 6539 6540 6526 6540 6539 6541 6542 6529 6541 6528 6543 6528 6541 6529 6544 6545 6542 6545 6544 6546 6547 6548 6545 6549 6550 6551 6552 6524 6548 6524 6552 6550 6524 6550 6525 6550 6549 6525 6548 6547 6552 6545 6546 6547 6542 6541 6544 6540 6526 6523 6536 6538 6553 6537 6536 6553 6535 6534 6537 6533 6532 6535 6531 6530 6533 6528 6527 6531 6554 6555 6556 6555 6557 6558 6555 6558 6559 6555 6559 6560 6555 6560 6561 6555 6561 6562 6555 6562 6563 6555 6563 6564 6555 6564 6565 6555 6565 6566 6555 6566 6556 6555 6554 6557 6568 6569 6570 6571 6570 6569 6576 6575 6577 6580 6579 6581 6571 6573 6572 6582 6573 6583 6584 6576 6577 6585 6580 6581 6586 6582 6583 6579 6578 6584 6575 6574 6586 6568 6567 6585 6589 6593 6587 6593 6591 6596 6597 6598 6599 6600 6595 6601 6591 6590 6596 6599 6602 6594 6592 6597 6590 6602 6599 6598 6595 6594 6602 6601 6603 6600 6605 6603 6604 6605 6588 6606 6588 6587 6606 6607 6608 6609 6610 6611 6607 6612 6613 6610 6614 6615 6612 6616 6617 6614 6618 6619 6616 6620 6621 6618 6622 6623 6620 6624 6625 6622 6626 6627 6624 6628 6629 6626 6609 6630 6628 6630 6609 6608 6629 6628 6630 6627 6626 6629 6625 6624 6627 6623 6622 6625 6621 6620 6623 6619 6618 6621 6617 6616 6619 6615 6614 6617 6613 6612 6615 6611 6610 6613 6608 6607 6611 6631 6632 6633 6634 6635 6636 6637 6636 6638 6639 6638 6640 6641 6640 6642 6643 6642 6644 6645 6644 6646 6647 6646 6648 6649 6648 6650 6651 6650 6652 6653 6652 6654 6633 6654 6631 6654 6633 6653 6652 6653 6651 6650 6651 6649 6648 6649 6647 6646 6647 6645 6644 6645 6643 6642 6643 6641 6640 6641 6639 6638 6639 6637 6636 6637 6634 6635 6634 6632 6632 6631 6635 6655 6656 6657 6658 6659 6660 6659 6661 6662 6663 6664 6665 6666 6667 6663 6668 6665 6664 6669 6660 6670 6659 6658 6671 6672 6670 6656 6673 6674 6675 6676 6677 6678 6679 6680 6681 6677 6676 6674 6678 6682 6676 6674 6673 6677 6670 6672 6669 6665 6668 6683 6684 6662 6661 6685 6686 6687 6687 6688 6666 6664 6663 6667 6683 6689 6690 6690 6691 6680 6661 6659 6671 6688 6687 6686 6656 6655 6672 6675 6657 6673 6682 6678 6692 6657 6675 6655 6662 6684 6685 6660 6669 6658 6689 6683 6668 6691 6690 6689 6686 6685 6684 6680 6691 6681 6667 6666 6688 6679 6692 6680 6692 6679 6682 6693 6694 6695 6695 6696 6697 6697 6698 6699 6700 6701 6702 6699 6703 6704 6705 6706 6707 6707 6708 6709 6702 6710 6693 6711 6709 6708 6712 6713 6714 6704 6715 6711 6714 6716 6717 6717 6718 6719 6719 6720 6721 6721 6722 6723 6723 6724 6725 6713 6712 6705 6716 6714 6713 6718 6717 6716 6720 6719 6718 6710 6702 6701 6701 6700 6726 6726 6727 6728 6728 6725 6724 6724 6723 6722 6694 6693 6710 6722 6721 6720 6696 6695 6694 6698 6697 6696 6703 6699 6698 6715 6704 6703 6709 6711 6715 6727 6726 6700 6706 6705 6712 6708 6707 6706 6725 6728 6727 6729 6730 6731 6732 6733 6734 6735 6736 6737 6738 6734 6739 6740 6741 6735 6742 6743 6744 6734 6738 6732 6739 6740 6738 6741 6740 6745 6736 6735 6741 6733 6732 6746 6747 6746 6748 6746 6747 6733 6749 6748 6750 6748 6749 6747 6737 6751 6752 6753 6729 6731 6751 6737 6736 6752 6754 6742 6744 6755 6756 6757 6758 6759 6754 6752 6751 6760 6750 6761 6729 6753 6762 6762 6763 6764 6750 6760 6749 6759 6761 6757 6743 6742 6754 6755 6744 6743 6756 6764 6763 6758 6757 6730 6740 6739 6745 6730 6729 6758 6761 6759 6760 6764 6756 6755 6763 6762 6753 6765 6766 6767 6768 6769 6770 6771 6772 6773 6774 6775 6776 6777 6776 6775 6766 6765 6778 6779 6778 6780 6773 6770 6769 6769 6768 6781 6782 6783 6784 6785 6786 6787 6788 6789 6790 6791 6790 6792 6793 6794 6795 6780 6787 6779 6796 6797 6789 6790 6791 6788 6775 6774 6793 6789 6788 6796 6797 6796 6786 6772 6771 6798 6795 6781 6768 6794 6793 6774 6767 6777 6765 6776 6777 6767 6784 6798 6771 6778 6779 6766 6770 6773 6772 6781 6795 6794 6798 6784 6783 6786 6785 6797 6782 6792 6799 6792 6782 6791 6783 6782 6799 6787 6780 6785 6800 6801 6802 6801 6800 6803 6804 6805 6806 6806 6807 6808 6808 6809 6810 6810 6811 6812 6812 6813 6814 6813 6812 6811 6811 6810 6809 6809 6808 6807 6807 6806 6805 6805 6804 6815 6816 6817 6818 6817 6816 6819 6820 6821 6822 6823 6824 6825 6821 6820 6826 6826 6827 6823 6824 6823 6827 6825 6828 6829 6829 6830 6831 6830 6829 6828 6828 6825 6824 6827 6826 6820 6832 6833 6834 6833 6832 6835 6836 6837 6838 6838 6839 6840 6840 6841 6842 6842 6843 6844 6844 6845 6846 6845 6844 6843 6843 6842 6841 6841 6840 6839 6837 6836 6847 6839 6838 6837 6848 6849 6850 6849 6848 6851 6852 6853 6854 6855 6856 6857 6858 6857 6856 6856 6855 6859 6857 6858 6860 6859 6861 6852 6861 6859 6855 6853 6852 6861 6862 6854 6853 6854 6862 6863 6864 6865 6866 6865 6864 6867 6868 6869 6870 6871 6872 6868 6870 6873 6874 6873 6870 6869 6869 6868 6872 6872 6871 6875 6875 6876 6877 6877 6878 6879 6876 6875 6871 6878 6877 6876 6880 6881 6882 6881 6880 6883 6884 6885 6886 6886 6887 6888 6889 6890 6891 6892 6891 6890 6890 6889 6893 6893 6894 6895 6885 6884 6892 6891 6892 6884 6887 6886 6885 6894 6893 6889 6896 6897 6898 6897 6896 6899 6900 6901 6902 6902 6903 6904 6904 6905 6906 6907 6908 6900 6903 6902 6901 6901 6900 6908 6908 6907 6909 6909 6910 6911 6905 6904 6903 6910 6909 6907 6912 6913 6914 6913 6912 6915 6916 6917 6918 6919 6920 6916 6921 6922 6919 6923 6924 6921 6918 6925 6926 6924 6923 6927 6922 6921 6924 6920 6919 6922 6917 6916 6920 6925 6918 6917 6928 6929 6930 6929 6928 6931 6932 6933 6934 6935 6936 6932 6937 6938 6935 6939 6940 6937 6941 6942 6939 6942 6941 6943 6940 6939 6942 6938 6937 6940 6936 6935 6938 6933 6932 6936 6944 6945 6946 6945 6944 6947 6948 6949 6950 6950 6951 6952 6952 6953 6954 6954 6955 6956 6956 6957 6958 6957 6956 6955 6955 6954 6953 6953 6952 6951 6951 6950 6949 6949 6948 6959 6960 6961 6962 6961 6960 6963 6964 6965 6966 6966 6967 6968 6968 6969 6970 6971 6972 6964 6967 6966 6965 6965 6964 6972 6972 6971 6973 6973 6974 6975 6969 6968 6967 6974 6973 6971 6976 6977 6978 6977 6976 6979 6980 6981 6982 6982 6983 6984 6984 6985 6986 6986 6987 6988 6988 6989 6990 6989 6988 6987 6987 6986 6985 6985 6984 6983 6983 6982 6981 6981 6980 6991 6992 6993 6994 6993 6992 6995 6996 6997 6998 6998 6999 7000 7001 7002 7003 6997 6996 7001 6999 6998 6997 7004 7000 6999 7005 7006 7004 7006 7005 7007 7000 7004 7006 7002 7001 6996 7008 7009 7010 7009 7008 7011 7012 7013 7014 7015 7016 7017 7018 7019 7012 7016 7015 7020 7020 7014 7013 7013 7012 7019 7019 7018 7021 7021 7022 7023 7022 7021 7018 7014 7020 7015 7024 7025 7026 7025 7024 7027 7028 7029 7030 7031 7032 7028 7033 7034 7035 7032 7031 7036 7029 7028 7032 7037 7030 7029 7038 7039 7037 7039 7038 7033 7030 7037 7039 7034 7033 7038 7040 7041 7042 7041 7040 7043 7044 7045 7046 7047 7048 7049 7046 7050 7051 7051 7052 7053 7054 7055 7047 7048 7047 7055 7045 7044 7054 7050 7046 7045 7052 7051 7050 7055 7054 7044 7056 7057 7058 7057 7056 7059 7060 7061 7062 7062 7063 7064 7065 7066 7067 7064 7068 7069 7068 7064 7063 7066 7065 7070 7071 7067 7066 7061 7060 7071 7063 7062 7061 7067 7071 7060 7072 7073 7074 7073 7072 7075 7076 7077 7078 7079 7080 7076 7077 7076 7080 7081 7078 7077 7078 7081 7082 7080 7079 7083 7084 7082 7081 7085 7086 7084 7086 7085 7087 7082 7084 7086 7088 7089 7090 7089 7088 7091 7092 7093 7094 7093 7092 7095 7096 7097 7098 7099 7098 7097 7100 7101 7096 7098 7099 7102 7103 7094 7093 7097 7096 7101 7094 7103 7100 7101 7100 7103 7104 7105 7106 7105 7104 7107 7108 7109 7110 7111 7112 7113 7114 7110 7109 7110 7114 7115 7115 7116 7117 7112 7111 7108 7109 7108 7111 7113 7118 7119 7116 7115 7114 7118 7113 7112 7120 7121 7122 7121 7120 7123 7124 7125 7126 7126 7127 7128 7129 7130 7124 7131 7132 7129 7132 7131 7133 7130 7129 7132 7125 7124 7130 7127 7126 7125 7134 7128 7127 7128 7134 7135 7136 7137 7138 7137 7136 7139 7140 7141 7142 7142 7143 7144 7145 7146 7147 7141 7140 7148 7148 7147 7146 7149 7150 7145 7143 7142 7141 7147 7148 7140 7146 7145 7150 7150 7149 7151 7152 7153 7154 7153 7152 7155 7156 7157 7158 7157 7156 7159 7158 7160 7161 7160 7158 7157 7159 7162 7163 7164 7163 7162 7165 7166 7164 7162 7159 7156 7163 7164 7166 7166 7165 7167 7168 7169 7170 7169 7168 7171 7172 7173 7174 7174 7175 7176 7177 7178 7179 7179 7180 7172 7181 7182 7177 7175 7174 7173 7182 7181 7183 7178 7177 7182 7180 7179 7178 7173 7172 7180 7184 7185 7186 7185 7184 7187 7188 7189 7190 7190 7191 7192 7191 7190 7189 7193 7194 7188 7195 7196 7197 7194 7193 7198 7198 7197 7196 7196 7195 7199 7189 7188 7194 7197 7198 7193 7200 7201 7202 7201 7200 7203 7204 7205 7206 7207 7208 7209 7209 7210 7204 7205 7204 7210 7211 7212 7207 7213 7214 7211 7214 7213 7215 7212 7211 7214 7208 7207 7212 7210 7209 7208 7216 7217 7218 7219 7220 7221 7217 7216 7222 7223 7224 7225 7226 7224 7227 7228 7229 7230 7231 7230 7229 7232 7233 7234 7235 7233 7236 7237 7238 7239 7240 7241 7242 7240 7243 7244 7240 7245 7246 7247 7248 7249 7248 7250 7249 7237 7251 7238 7240 7244 7252 7253 7254 7248 7239 7238 7255 7256 7240 7257 7258 7259 7260 7257 7240 7261 7262 7263 7239 7240 7264 7261 7265 7266 7267 7268 7266 7269 7270 7271 7272 7273 7274 7275 7221 7220 7276 7218 7217 7277 7278 7279 7280 7281 7280 7279 7224 7226 7225 7282 7224 7283 7284 7285 7286 7230 7231 7287 7288 7286 7289 7233 7286 7236 7233 7235 7234 7290 7286 7291 7292 7293 7294 7295 7293 7296 7266 7268 7267 7271 7270 7297 7275 7274 7298 7299 7274 7300 7276 7220 7301 7277 7217 7302 7280 7281 7303 7304 7283 7305 7224 7282 7227 7306 7283 7307 7308 7283 7309 7310 7311 7312 7312 7313 7314 7315 7316 7317 7319 7320 7321 7285 7284 7324 7229 7325 7326 7289 7286 7327 7233 7232 7328 7286 7290 7329 7293 7295 7294 7330 7291 7331 7332 7291 7333 7269 7266 7334 7335 7336 7337 7272 7271 7338 7274 7299 7298 7301 7220 7339 7340 7341 7342 7343 7341 7302 7217 7222 7344 7279 7345 7346 7283 7304 7347 7224 7223 7348 7283 7308 7307 7349 7350 7351 7352 7350 7353 7313 7312 7311 7316 7318 7317 7354 7355 7313 7321 7320 7356 7357 7358 7359 7323 7322 7360 7285 7324 7361 7229 7228 7325 7327 7286 7362 7236 7286 7363 7290 7291 7364 7296 7293 7365 7291 7332 7331 7266 7265 7366 7367 7291 7368 7369 7368 7370 7337 7336 7371 7371 7372 7373 7338 7271 7372 7374 7274 7375 7300 7274 7376 7342 7341 7377 7302 7217 7343 7378 7347 7346 7279 7278 7345 7305 7283 7379 7283 7224 7380 7350 7352 7351 7309 7311 7382 7314 7313 7383 7355 7354 7316 7384 7313 7248 7356 7320 7385 7386 7248 7387 7263 7262 7388 7358 7357 7389 7323 7390 7391 7392 7285 7393 7284 7286 7394 7326 7394 7288 7362 7286 7395 7363 7286 7396 7293 7292 7398 7365 7291 7399 7332 7333 7400 7334 7400 7333 7367 7368 7401 7370 7368 7402 7372 7371 7336 7271 7297 7403 7375 7274 7404 7274 7273 7405 7406 7341 7407 7339 7408 7340 7377 7341 7409 7411 7412 7413 7414 7415 7416 7346 7345 7378 7283 7380 7379 7283 7306 7417 7353 7350 7418 7382 7311 7419 7383 7313 7420 7316 7315 7355 7313 7384 7421 7385 7320 7422 7387 7248 7423 7263 7388 7425 7359 7358 7426 7427 7388 7285 7262 7428 7429 7258 7430 7431 7253 7248 7247 7432 7433 7434 7435 7436 7437 7438 7240 7256 7439 7440 7441 7368 7442 7443 7262 7445 7428 7248 7260 7250 7446 7447 7430 7259 7258 7431 7253 7448 7449 7347 7378 7450 7451 7452 7453 7435 7437 7246 7454 7246 7437 7240 7455 7243 7240 7456 7441 7241 7240 7441 7242 7457 7458 7368 7459 7460 7461 7251 7237 7262 7255 7445 7262 7258 7260 7462 7430 7258 7253 7463 7448 7254 7253 7449 7464 7465 7310 7434 7466 7432 7412 7467 7468 7336 7335 7245 7435 7469 7436 7240 7454 7264 7240 7470 7455 7471 7240 7252 7472 7441 7456 7473 7242 7241 7368 7458 7474 7368 7475 7459 7388 7476 7477 7478 7251 7461 7255 7262 7239 7258 7262 7429 7260 7248 7262 7430 7479 7446 7253 7480 7463 7310 7481 7464 7248 7482 7384 7347 7466 7434 7415 7483 7433 7412 7484 7467 7453 7468 7451 7340 7408 7407 7245 7240 7336 7485 7486 7469 7454 7240 7246 7240 7487 7488 7489 7240 7471 7439 7441 7472 7457 7242 7473 7458 7368 7242 7490 7491 7492 7493 7368 7443 7391 7390 7494 7495 7388 7477 7251 7496 7444 7479 7430 7462 7447 7446 7497 7480 7253 7498 7481 7310 7312 7422 7320 7482 7311 7309 7283 7347 7499 7500 7415 7433 7432 7412 7501 7484 7468 7453 7412 7451 7502 7452 7503 7412 7453 7274 7504 7376 7485 7469 7435 7487 7240 7438 7470 7240 7488 7456 7240 7489 7439 7505 7440 7490 7492 7474 7506 7474 7492 7402 7368 7493 7323 7360 7390 7507 7285 7494 7495 7508 7388 7496 7251 7478 7509 7465 7464 7248 7386 7482 7313 7510 7354 7418 7350 7381 7499 7347 7450 7466 7347 7500 7415 7511 7483 7347 7501 7412 7451 7512 7502 7341 7411 7410 7274 7513 7504 7439 7515 7505 7368 7506 7517 7368 7518 7475 7291 7330 7399 7285 7392 7494 7427 7285 7507 7519 7388 7508 7520 7465 7509 7521 7248 7254 7313 7522 7510 7311 7310 7523 7418 7381 7309 7347 7304 7524 7415 7414 7511 7501 7347 7434 7525 7451 7526 7413 7412 7503 7341 7340 7407 7274 7406 7513 7274 7527 7404 7372 7336 7514 7515 7528 7529 7491 7530 7516 7442 7368 7517 7368 7531 7518 7291 7367 7333 7365 7293 7397 7326 7325 7394 7391 7494 7392 7388 7427 7476 7426 7358 7495 7508 7495 7358 7425 7388 7519 7424 7465 7520 7423 7248 7521 7320 7319 7532 7313 7421 7522 7313 7355 7420 7419 7311 7523 7283 7417 7282 7346 7347 7524 7416 7415 7533 7512 7451 7525 7412 7411 7341 7341 7343 7409 7339 7220 7408 7341 7406 7274 7274 7405 7527 7274 7374 7336 7372 7271 7373 7528 7515 7439 7285 7361 7393 7286 7288 7394 7286 7329 7396 7291 7365 7397 7334 7266 7400 7401 7368 7460 7368 7369 7531 7286 7233 7395 7530 7491 7490 7534 7535 7536 7537 7536 7538 7539 7538 7540 7541 7540 7542 7543 7542 7544 7545 7544 7546 7547 7546 7548 7549 7548 7550 7551 7550 7552 7553 7552 7554 7555 7554 7556 7557 7556 7558 7559 7558 7560 7561 7560 7562 7563 7562 7564 7565 7564 7566 7567 7566 7535 7566 7567 7565 7564 7565 7563 7562 7563 7561 7560 7561 7559 7558 7559 7557 7556 7557 7555 7554 7555 7553 7552 7553 7551 7550 7551 7549 7548 7549 7547 7546 7547 7545 7544 7545 7543 7542 7543 7541 7540 7541 7539 7538 7539 7537 7536 7537 7534 7535 7534 7567 7568 7569 7570 7571 7572 7573 7574 7571 7575 7576 7577 7578 7579 7580 7581 7582 7583 7584 7585 7586 7587 7588 7589 7590 7591 7592 7593 7594 7592 7595 7596 7597 7598 7599 7598 7597 7600 7601 7602 7603 7604 7605 7609 7610 7611 7610 7612 7613 7614 7615 7616 7617 7618 7619 7620 7621 7622 7623 7624 7625 7626 7627 7628 7629 7630 7631 7632 7633 7634 7635 7597 7596 7603 7605 7607 7610 7606 7636 7637 7609 7638 7639 7610 7640 7641 7616 7642 7613 7616 7643 7644 7645 7646 7647 7648 7649 7650 7651 7652 7653 7654 7655 7623 7656 7657 7658 7623 7625 7659 7660 7627 7661 7662 7663 7664 7665 7666 7629 7667 7630 7631 7668 7669 7670 7671 7633 7606 7610 7607 7673 7610 7636 7609 7637 7610 7674 7675 7676 7612 7610 7639 7614 7616 7641 7616 7613 7642 7613 7677 7678 7644 7679 7645 7617 7680 7618 7617 7681 7682 7683 7684 7685 7650 7686 7687 7688 7689 7690 7653 7691 7692 7571 7693 7694 7695 7696 7697 7698 7623 7657 7699 7623 7658 7700 7627 7626 7661 7628 7701 7664 7661 7663 7702 7703 7665 7704 7664 7666 7705 7706 7707 7631 7708 7668 7601 7709 7710 7670 7633 7632 7711 7635 7672 7674 7713 7714 7614 7715 7615 7677 7613 7643 7716 7613 7678 7717 7718 7679 7617 7719 7680 7720 7721 7681 7649 7722 7723 7587 7724 7725 7726 7727 7685 7650 7728 7686 7650 7729 7651 7730 7731 7688 7622 7690 7620 7732 7688 7622 7733 7653 7692 7653 7734 7735 7736 7737 7738 7696 7739 7740 7741 7695 7697 7742 7623 7698 7743 7623 7699 7659 7627 7700 7628 7661 7626 7662 7661 7701 7744 7665 7664 7707 7745 7746 7747 7748 7749 7750 7707 7706 7751 7752 7708 7629 7753 7754 7712 7604 7603 7713 7674 7638 7675 7674 7714 7756 7757 7758 7717 7679 7644 7617 7646 7719 7681 7619 7759 7760 7617 7682 7647 7649 7723 7580 7761 7762 7685 7763 7764 7765 7766 7650 7650 7767 7729 7688 7769 7689 7690 7622 7688 7653 7771 7691 7653 7772 7654 7773 7653 7655 7735 7774 7775 7736 7776 7737 7777 7778 7779 7780 7696 7695 7623 7781 7656 7782 7783 7624 7743 7661 7623 7659 7784 7660 7665 7785 7702 7707 7786 7745 7664 7786 7707 7747 7749 7705 7706 7705 7749 7787 7707 7750 7751 7708 7631 7629 7788 7753 7601 7789 7709 7671 7670 7755 7757 7756 7614 7715 7614 7756 7717 7790 7791 7646 7617 7644 7619 7681 7617 7720 7681 7759 7649 7792 7722 7647 7793 7648 7580 7649 7794 7727 7795 7796 7685 7797 7763 7683 7685 7764 7765 7798 7799 7800 7801 7802 7803 7650 7687 7804 7650 7652 7593 7592 7805 7769 7688 7731 7806 7621 7620 7807 7653 7733 7808 7809 7810 7811 7735 7734 7568 7812 7813 7814 7571 7694 7777 7779 7738 7738 7815 7736 7816 7696 7780 7695 7781 7623 7782 7624 7742 7624 7623 7742 7659 7817 7818 7819 7653 7820 7821 7809 7822 7569 7823 7824 7572 7571 7735 7571 7825 7826 7583 7827 7828 7829 7585 7830 7831 7588 7832 7833 7809 7821 7823 7569 7568 7571 7834 7825 7632 7634 7835 7707 7746 7705 7661 7743 7626 7727 7726 7765 7613 7612 7642 7638 7674 7637 7607 7605 7608 7602 7601 7599 7635 7711 7597 7601 7710 7598 7623 7836 7695 7613 7716 7617 7610 7673 7611 7837 7601 7838 7598 7599 7601 7661 7664 7707 7610 7637 7640 7601 7837 7610 7632 7835 7789 7610 7837 7607 7617 7716 7644 7601 7600 7838 7589 7588 7831 7571 7840 7841 7827 7583 7839 7840 7571 7574 7834 7571 7841 7822 7809 7842 7785 7665 7744 7703 7702 7843 7786 7664 7704 7667 7707 7787 7751 7846 7847 7629 7669 7788 7629 7632 7789 7718 7717 7791 7720 7848 7721 7617 7849 7792 7647 7850 7793 7649 7580 7617 7582 7584 7761 7580 7851 7727 7852 7727 7796 7853 7727 7725 7683 7854 7684 7798 7765 7726 7766 7765 7799 7800 7802 7766 7650 7802 7855 7650 7856 7857 7650 7768 7688 7858 7805 7730 7731 7730 7805 7621 7859 7860 7771 7653 7688 7653 7861 7862 7810 7819 7808 7734 7653 7810 7774 7735 7811 7813 7775 7863 7571 7573 7864 7776 7571 7814 7777 7577 7778 7815 7738 7779 7736 7865 7836 7696 7866 7739 7781 7695 7741 7867 7782 7868 7817 7659 7869 7784 7659 7818 7845 7844 7747 7748 7747 7844 7667 7629 7707 7752 7751 7847 7669 7629 7631 7632 7629 7754 7789 7601 7629 7848 7720 7870 7849 7617 7760 7792 7649 7617 7871 7647 7872 7580 7579 7761 7851 7580 7762 7795 7727 7851 7725 7852 7587 7727 7873 7797 7588 7876 7801 7802 7650 7766 7728 7650 7855 7877 7650 7803 7767 7650 7857 7768 7650 7804 7593 7805 7858 7859 7621 7806 7770 7621 7860 7861 7653 7807 7878 7653 7862 7653 7819 7810 7809 7833 7879 7775 7813 7735 7568 7813 7863 7880 7735 7813 7571 7826 7693 7776 7736 7571 7736 7881 7865 7836 7623 7736 7866 7696 7816 7783 7782 7867 7850 7647 7871 7882 7580 7794 7883 7761 7579 7852 7725 7727 7587 7586 7724 7873 7727 7853 7797 7685 7727 7875 7874 7683 7854 7683 7874 7588 7801 7800 7856 7650 7877 7592 7594 7884 7820 7653 7885 7885 7653 7773 7842 7809 7808 7568 7570 7812 7575 7571 7864 7578 7577 7777 7881 7736 7815 7581 7580 7882 7582 7761 7883 7585 7829 7586 7588 7590 7876 7592 7591 7595 7772 7653 7878 7886 7887 7888 7889 7890 7891 7892 7893 7894 7895 7896 7893 7897 7898 7896 7899 7900 7898 7901 7902 7900 7903 7904 7902 7905 7906 7904 7907 7890 7906 7908 7909 7887 7910 7911 7909 7912 7913 7911 7914 7915 7913 7916 7917 7915 7918 7919 7917 7920 7894 7919 7894 7920 7892 7919 7918 7920 7917 7916 7918 7893 7892 7895 7896 7895 7897 7898 7897 7899 7900 7899 7901 7902 7901 7903 7904 7903 7905 7906 7905 7907 7890 7907 7891 7888 7889 7886 7887 7886 7908 7909 7908 7910 7911 7910 7912 7913 7912 7914 7915 7914 7916 7889 7888 7890 7921 7923 7922 7924 7925 7923 7923 7921 7924 7925 7924 7926 7927 7928 7929 7930 7931 7928 7931 7930 7932 7928 7927 7930 7929 7933 7927 7933 7929 7934 7935 7936 7937 7938 7937 7939 7937 7938 7935 7936 7935 7940 7941 7942 7943 7944 7945 7946 7947 7948 7942 7942 7941 7947 7945 7944 7948 7948 7947 7945 7949 7950 7951 7952 7951 7953 7951 7952 7949 7954 7955 7956 7950 7949 7955 7955 7954 7950 7957 7958 7959 7960 7961 7958 7961 7960 7962 7963 7959 7964 7958 7957 7960 7959 7963 7957 7965 7966 7967 7966 7965 7968 7967 7969 7965 7969 7967 7970 7971 7972 7973 7974 7975 7976 7972 7971 7977 7977 7976 7972 7976 7977 7974 7975 7974 7978 7979 7980 7981 7982 7983 7984 7980 7979 7985 7981 7984 7979 7984 7981 7982 7983 7982 7986 7987 7988 7989 7991 7989 7992 7988 7987 7990 7989 7991 7987 7993 7994 7995 7996 7995 7997 7995 7996 7993 7994 7993 7998 7999 8000 8001 8000 7999 8002 8003 8002 8004 8005 8004 8006 8002 8003 8000 8004 8005 8003 8007 8008 8009 8010 8011 8012 8008 8007 8013 8009 8012 8007 8012 8009 8010 8011 8010 8014 8015 8016 8017 8018 8017 8019 8017 8018 8015 8016 8015 8020 8021 8022 8023 8024 8025 8022 8022 8021 8024 8025 8024 8026 8027 8028 8029 8030 8031 8032 8031 8030 8028 8028 8027 8031 8033 8034 8035 8036 8037 8034 8037 8036 8038 8034 8033 8036 8039 8040 8041 8041 8042 8039 8043 8044 8045 8044 8043 8040 8040 8039 8044 8042 8041 8046 8049 8050 8051 8048 8051 8047 8050 8049 8052 8051 8048 8049 8055 8056 8057 8057 8054 8055 8056 8055 8058 8054 8057 8053 8059 8060 8061 8061 8062 8059 8062 8061 8063 8060 8059 8064 8064 8065 8060 8065 8064 8066 8067 8068 8069 8070 8069 8071 8072 8071 8073 8068 8067 8074 8071 8072 8070 8069 8070 8067 8075 8076 8077 8078 8079 8080 8079 8078 8081 8080 8077 8078 8076 8075 8082 8077 8080 8075 8083 8084 8085 8086 8087 8088 8087 8086 8089 8088 8090 8086 8084 8083 8090 8090 8088 8084 8091 8092 8093 8094 8095 8096 8095 8094 8092 8092 8091 8095 8097 8098 8099 8100 8101 8102 8099 8102 8097 8098 8097 8103 8101 8100 8104 8102 8099 8100 8105 8106 8107 8108 8109 8106 8109 8108 8110 8111 8107 8112 8107 8111 8105 8106 8105 8108 8115 8116 8117 8113 8118 8114 8118 8113 8116 8116 8115 8118 8119 8120 8121 8122 8121 8123 8124 8125 8120 8125 8124 8126 8121 8122 8119 8120 8119 8124 8127 8128 8129 8129 8130 8127 8131 8132 8130 8132 8131 8133 8130 8129 8131 8128 8127 8134 8135 8136 8137 8136 8135 8138 8139 8138 8140 8138 8139 8136 8141 8140 8142 8140 8141 8139 8143 8144 8145 8145 8147 8143 8144 8143 8146 8147 8145 8148 8149 8151 8150 8152 8153 8154 8151 8149 8153 8153 8152 8151 8155 8156 8157 8158 8157 8159 8157 8158 8155 8156 8155 8160 8161 8162 8163 8162 8161 8164 8165 8163 8166 8163 8165 8161 8167 8169 8168 8169 8167 8170 8168 8171 8167 8171 8168 8172 8173 8174 8175 8176 8177 8174 8177 8176 8178 8174 8173 8176 8179 8180 8181 8180 8179 8182 8183 8182 8184 8182 8183 8180 8185 8186 8187 8189 8188 8190 8188 8189 8186 8186 8185 8188 8191 8192 8193 8194 8195 8192 8192 8191 8194 8195 8194 8196 8197 8198 8199 8198 8197 8200 8199 8201 8197 8201 8199 8202 8203 8204 8205 8205 8206 8203 8204 8203 8207 8206 8205 8208 8209 8210 8211 8210 8209 8212 8212 8213 8210 8213 8212 8214 8216 8217 8215 8217 8216 8218 8219 8215 8220 8215 8219 8216 8221 8222 8223 8222 8221 8224 8224 8225 8222 8223 8226 8221 8226 8223 8227 8225 8224 8228 8231 8230 8232 8229 8233 8230 8233 8229 8234 8230 8231 8229 8237 8238 8239 8238 8237 8240 8236 8240 8235 8240 8236 8238 8241 8242 8243 8244 8245 8246 8242 8241 8245 8245 8244 8242 8247 8248 8249 8249 8250 8247 8248 8247 8251 8250 8249 8252 8255 8254 8256 8256 8257 8255 8257 8256 8258 8254 8255 8253 8259 8260 8261 8262 8263 8264 8260 8259 8265 8264 8265 8262 8263 8262 8266 8265 8264 8260 8267 8268 8269 8268 8267 8270 8269 8271 8267 8271 8269 8272 8273 8274 8275 8275 8276 8277 8278 8279 8280 8281 8282 8283 8284 8280 8279 8283 8285 8286 8286 8287 8288 8280 8284 8289 8289 8277 8276 8274 8273 8290 8291 8292 8293 8277 8289 8284 8293 8294 8295 8296 8297 8281 8298 8299 8291 8300 8301 8298 8302 8303 8300 8304 8305 8302 8301 8300 8303 8297 8296 8304 8303 8302 8305 8294 8293 8292 8290 8306 8307 8307 8288 8287 8308 8295 8294 8287 8286 8285 8285 8283 8282 8282 8281 8297 8305 8304 8296 8279 8278 8308 8288 8307 8306 8306 8290 8273 8276 8275 8274 8292 8291 8299 8295 8308 8278 8299 8298 8301 8309 8310 8311 8312 8313 8314 8315 8316 8313 8317 8318 8319 8320 8321 8316 8322 8323 8321 8324 8311 8325 8326 8327 8323 8328 8325 8329 8330 8331 8327 8332 8333 8318 8334 8335 8333 8319 8329 8317 8336 8337 8310 8338 8339 8337 8331 8330 8335 8327 8326 8330 8321 8320 8322 8316 8315 8320 8335 8334 8331 8333 8332 8334 8318 8317 8332 8329 8319 8328 8325 8328 8324 8313 8312 8315 8311 8324 8309 8310 8309 8336 8337 8336 8338 8314 8340 8312 8339 8338 8341 8342 8341 8340 8323 8322 8326 8341 8342 8339 8340 8314 8342 8343 8344 8345 8346 8347 8348 8349 8350 8347 8351 8352 8350 8353 8354 8352 8355 8356 8354 8357 8348 8358 8359 8360 8344 8361 8358 8362 8363 8364 8360 8365 8366 8364 8367 8368 8366 8369 8345 8370 8371 8370 8372 8373 8372 8374 8375 8376 8368 8377 8378 8376 8378 8377 8356 8376 8375 8377 8368 8367 8375 8366 8365 8367 8364 8363 8365 8362 8374 8361 8358 8361 8357 8348 8357 8346 8374 8362 8373 8360 8359 8363 8344 8343 8359 8345 8369 8343 8370 8371 8369 8372 8373 8371 8347 8346 8349 8350 8349 8351 8352 8351 8353 8354 8353 8355 8356 8355 8378 8379 8380 8381 8382 8383 8384 8384 8385 8386 8386 8387 8388 8389 8390 8382 8391 8392 8393 8394 8395 8391 8390 8389 8394 8383 8382 8390 8396 8397 8398 8398 8399 8400 8395 8394 8389 8392 8391 8395 8401 8393 8392 8397 8396 8401 8385 8384 8383 8387 8386 8385 8399 8398 8397 8402 8388 8387 8403 8404 8402 8380 8379 8403 8400 8405 8406 8406 8407 8408 8408 8409 8410 8411 8381 8380 8412 8413 8411 8410 8414 8412 8409 8408 8407 8407 8406 8405 8388 8402 8404 8404 8403 8379 8393 8401 8396 8381 8411 8413 8413 8412 8414 8414 8410 8409 8405 8400 8399 8415 8416 8417 8418 8417 8419 8416 8415 8420 8417 8418 8415 8421 8419 8422 8419 8421 8418 8423 8424 8425 8424 8423 8426 8427 8428 8429 8429 8430 8431 8432 8433 8434 8435 8436 8432 8430 8429 8428 8428 8427 8437 8437 8434 8433 8436 8435 8438 8434 8437 8427 8433 8432 8436 8439 8440 8441 8440 8439 8444 8441 8445 8439 8443 8442 8445 8445 8441 8443 8447 8446 8448 8449 8448 8450 8451 8450 8452 8450 8451 8449 8448 8449 8447 8453 8454 8455 8454 8453 8456 8456 8457 8458 8458 8459 8460 8461 8455 8454 8460 8462 8463 8462 8460 8459 8459 8458 8457 8455 8461 8464 8457 8456 8453 8465 8466 8467 8466 8465 8468 8471 8472 8473 8472 8471 8474 8470 8469 8475 8474 8475 8472 8475 8474 8470 8476 8477 8478 8479 8480 8481 8481 8482 8479 8482 8481 8483 8480 8479 8477 8477 8476 8480 8484 8485 8486 8485 8484 8487 8488 8489 8490 8490 8491 8492 8493 8494 8495 8496 8495 8494 8497 8498 8488 8494 8493 8497 8491 8490 8489 8489 8488 8498 8498 8497 8493 8495 8496 8499 8500 8501 8502 8501 8500 8503 8502 8504 8500 8502 8505 8504 8505 8502 8506 8507 8508 8509 8508 8507 8510 8511 8512 8513 8509 8513 8507 8513 8509 8511 8512 8511 8514 8515 8516 8517 8518 8519 8520 8521 8522 8518 8522 8521 8523 8519 8518 8522 8524 8520 8519 8516 8515 8524 8517 8525 8526 8520 8524 8515 8525 8517 8516 8527 8528 8529 8528 8527 8530 8531 8532 8533 8532 8531 8534 8532 8534 8535 8536 8535 8537 8535 8536 8532 8538 8539 8540 8541 8542 8543 8544 8545 8542 8539 8538 8545 8542 8541 8544 8545 8544 8539 8546 8547 8548 8547 8546 8549 8550 8551 8552 8551 8550 8553 8554 8555 8556 8557 8558 8554 8559 8560 8557 8558 8557 8560 8560 8559 8561 8555 8554 8558 8553 8556 8555 8556 8553 8550 8562 8563 8564 8565 8566 8567 8564 8567 8562 8567 8564 8565 8566 8565 8568 8569 8570 8571 8571 8572 8569 8573 8574 8575 8572 8571 8574 8574 8573 8572 8576 8577 8578 8579 8580 8576 8580 8579 8581 8577 8576 8580 8582 8583 8584 8584 8585 8586 8578 8587 8582 8585 8584 8583 8583 8582 8587 8587 8578 8577 8588 8589 8590 8589 8588 8591 8592 8593 8594 8592 8595 8593 8596 8597 8595 8595 8592 8596 8597 8596 8598 8599 8600 8601 8602 8603 8600 8604 8605 8603 8605 8604 8606 8600 8599 8602 8603 8602 8604 8607 8608 8609 8608 8607 8610 8611 8612 8613 8614 8615 8616 8615 8614 8617 8617 8618 8619 8619 8620 8621 8621 8622 8611 8618 8617 8614 8612 8611 8622 8622 8621 8620 8620 8619 8618 8623 8624 8625 8624 8623 8626 8627 8628 8623 8628 8627 8629 8623 8625 8627 8632 8633 8631 8634 8635 8633 8635 8634 8636 8633 8632 8634 8631 8630 8632 8637 8638 8639 8640 8639 8638 8639 8640 8641 8642 8641 8640 8641 8642 8643 8644 8645 8646 8638 8637 8644 8647 8643 8642 8645 8644 8637 8643 8647 8648 8649 8650 8651 8650 8649 8652 8653 8654 8655 8656 8655 8657 8655 8656 8653 8658 8653 8659 8653 8658 8654 8662 8663 8664 8664 8661 8662 8661 8664 8660 8661 8660 8665 8663 8662 8666 8667 8668 8669 8668 8667 8670 8671 8672 8673 8674 8675 8676 8675 8674 8677 8678 8676 8675 8672 8671 8679 8680 8673 8672 8673 8680 8681 8679 8682 8678 8676 8678 8682 8682 8679 8671 8683 8684 8685 8686 8685 8687 8685 8686 8683 8684 8683 8688 8684 8688 8689 8690 8691 8692 8693 8694 8691 8695 8692 8696 8694 8693 8697 8692 8695 8690 8691 8690 8693 8698 8699 8700 8701 8702 8703 8704 8705 8698 8703 8706 8704 8707 8700 8699 8699 8698 8705 8702 8701 8708 8706 8703 8702 8705 8704 8706 8700 8707 8709 8710 8711 8712 8711 8710 8713 8714 8715 8716 8717 8718 8715 8718 8717 8719 8714 8716 8720 8715 8714 8717 8721 8722 8723 8723 8724 8721 8724 8723 8725 8722 8721 8726 8724 8725 8727 8728 8729 8730 8729 8728 8731 8732 8733 8734 8735 8736 8737 8738 8734 8733 8734 8738 8739 8740 8741 8742 8733 8732 8740 8743 8739 8738 8736 8735 8743 8741 8740 8732 8739 8743 8735 8744 8745 8746 8747 8748 8749 8745 8744 8750 8746 8749 8744 8749 8746 8747 8748 8747 8751 8752 8753 8754 8755 8756 8757 8756 8755 8758 8757 8759 8755 8753 8752 8759 8759 8757 8753 8760 8761 8762 8763 8764 8765 8766 8767 8768 8761 8760 8769 8764 8763 8766 8769 8768 8767 8767 8766 8763 8768 8769 8760 8765 8770 8771 8770 8765 8764 8772 8773 8774 8773 8772 8775 8776 8777 8778 8777 8776 8779 8778 8780 8776 8777 8779 8781 8780 8778 8782 8783 8784 8785 8786 8785 8787 8788 8789 8784 8789 8788 8790 8785 8786 8783 8784 8783 8788 8791 8792 8793 8792 8791 8794 8795 8796 8797 8798 8799 8795 8797 8800 8801 8801 8802 8803 8802 8801 8800 8799 8798 8804 8804 8805 8806 8800 8797 8796 8796 8795 8799 8805 8804 8798 8807 8808 8809 8810 8811 8812 8813 8812 8814 8812 8813 8810 8811 8810 8808 8808 8807 8811 8815 8816 8817 8816 8815 8818 8819 8818 8820 8821 8820 8822 8818 8819 8816 8820 8821 8819 8823 8824 8825 8826 8827 8823 8827 8826 8828 8828 8829 8830 8830 8831 8832 8832 8833 8834 8833 8832 8831 8831 8830 8829 8829 8828 8826 8824 8823 8827 8835 8836 8837 8836 8835 8838 8839 8840 8841 8842 8841 8843 8844 8843 8845 8843 8844 8842 8840 8839 8846 8841 8842 8839 8847 8848 8849 8850 8851 8852 8848 8847 8851 8847 8849 8853 8851 8850 8848 8854 8855 8856 8855 8854 8857 8858 8859 8860 8861 8862 8863 8864 8860 8859 8865 8863 8862 8859 8858 8866 8860 8864 8867 8867 8868 8865 8868 8867 8864 8863 8865 8868 8862 8861 8869 8870 8871 8872 8872 8873 8870 8874 8875 8871 8871 8870 8874 8873 8872 8876 8875 8874 8877 8878 8879 8880 8879 8878 8881 8882 8880 8883 8880 8882 8878 8883 8884 8882 8884 8883 8885 8886 8887 8888 8888 8889 8890 8889 8888 8887 8891 8892 8886 8893 8894 8895 8892 8891 8896 8896 8895 8894 8894 8893 8897 8895 8896 8891 8887 8886 8892 8898 8899 8900 8899 8898 8901 8902 8903 8904 8905 8904 8906 8904 8905 8902 8903 8902 8907 8903 8907 8908 8909 8910 8911 8912 8911 8913 8911 8912 8909 8910 8914 8915 8910 8909 8914 8916 8917 8918 8917 8916 8919 8920 8921 8922 8923 8922 8921 8921 8920 8924 8924 8925 8926 8926 8927 8928 8928 8929 8930 8929 8928 8927 8927 8926 8925 8925 8924 8920 8922 8923 8931 8932 8933 8934 8935 8936 8937 8938 8939 8936 8933 8932 8939 8939 8938 8933 8936 8935 8938 8940 8941 8942 8943 8944 8945 8944 8943 8941 8943 8945 8946 8941 8940 8944 8947 8948 8949 8950 8951 8952 8948 8947 8950 8953 8952 8951 8954 8949 8948 8955 8956 8954 8956 8955 8957 8949 8954 8956 8951 8950 8947 8952 8953 8958 8959 8960 8961 8960 8959 8962 8963 8964 8965 8966 8967 8964 8967 8968 8969 8967 8966 8968 8964 8963 8966 8970 8971 8972 8971 8970 8973 8973 8974 8975 8974 8973 8976 8973 8975 8971 8977 8978 8979 8978 8977 8980 8981 8982 8983 8984 8983 8982 8985 8986 8987 8982 8981 8988 8988 8989 8990 8989 8988 8981 8987 8991 8984 8983 8984 8991 8986 8985 8992 8991 8987 8986 8993 8994 8995 8996 8997 8994 8998 8995 8999 8995 8998 8993 8994 8993 8996 9000 9001 9002 9003 9004 9005 9001 9000 9006 9000 9002 9004 9004 9003 9000 9007 9008 9009 9010 9011 9012 9012 9013 9014 9011 9010 9015 9016 9017 9007 9013 9012 9011 9018 9014 9013 9017 9016 9018 9014 9018 9016 9008 9007 9017 9019 9020 9021 9020 9019 9022 9023 9024 9025 9024 9023 9026 9027 9026 9028 9025 9029 9023 9029 9025 9030 9026 9027 9024 9031 9032 9033 9034 9033 9035 9032 9031 9036 9033 9034 9031 9034 9035 9037 9038 9039 9040 9039 9038 9041 9042 9043 9044 9045 9046 9047 9048 9049 9050 9047 9051 9048 9049 9048 9051 9043 9042 9052 9051 9047 9046 9046 9045 9053 9053 9044 9043 9044 9053 9045 9054 9055 9056 9057 9058 9059 9055 9054 9058 9058 9057 9055 9056 9060 9054 9061 9062 9063 9064 9063 9065 9063 9064 9061 9062 9061 9066 9066 9067 9062 9068 9069 9070 9071 9072 9073 9069 9068 9071 9074 9075 9076 9077 9078 9074 9070 9079 9077 9075 9074 9078 9078 9077 9079 9079 9070 9069 9072 9071 9068 9080 9081 9082 9081 9080 9083 9084 9085 9086 9085 9084 9087 9088 9087 9089 9090 9089 9091 9089 9090 9088 9087 9088 9085 9092 9093 9094 9095 9094 9096 9092 9097 9093 9094 9095 9092 9097 9092 9098 9099 9100 9101 9100 9099 9102 9103 9104 9105 9106 9107 9108 9108 9105 9104 9107 9106 9109 9110 9111 9112 9104 9103 9113 9105 9108 9107 9109 9114 9110 9114 9109 9106 9111 9110 9114 9115 9116 9117 9118 9119 9120 9116 9115 9121 9122 9117 9119 9117 9122 9115 9119 9118 9122 9123 9124 9125 9127 9128 9126 9127 9126 9124 9128 9127 9129 9124 9123 9127 9130 9131 9132 9133 9134 9130 9132 9135 9136 9136 9137 9138 9134 9133 9139 9131 9130 9134 9135 9132 9131 9137 9136 9135 9140 9138 9137 9138 9140 9141 9142 9143 9144 9143 9142 9145 9146 9147 9148 9149 9148 9150 9151 9150 9152 9147 9146 9153 9148 9149 9146 9150 9151 9149 9156 9157 9158 9157 9156 9159 9158 9160 9156 9155 9154 9160 9160 9158 9155 9161 9162 9163 9162 9161 9164 9165 9166 9167 9168 9169 9170 9170 9171 9172 9172 9167 9166 9173 9174 9165 9169 9168 9175 9171 9170 9169 9167 9172 9171 9166 9165 9174 9174 9173 9176 9177 9178 9179 9180 9179 9181 9179 9180 9177 9178 9177 9183 9183 9182 9178 9184 9185 9186 9185 9184 9187 9186 9188 9184 9190 9189 9188 9188 9186 9190 9191 9192 9193 9194 9195 9196 9192 9191 9197 9197 9198 9199 9200 9201 9202 9202 9199 9198 9198 9197 9191 9201 9200 9194 9199 9202 9201 9195 9194 9200 9203 9204 9205 9204 9203 9206 9207 9208 9209 9210 9211 9208 9211 9210 9212 9213 9209 9214 9208 9207 9210 9209 9213 9207 9217 9218 9215 9220 9221 9222 9217 9219 9220 9216 9215 9218 9221 9220 9219 9224 9223 9225 9227 9228 9229 9229 9226 9227 9230 9231 9232 9231 9230 9233 9235 9236 9237 9235 9234 9236 9238 9234 9239 9242 9243 9244 9244 9245 9242 9241 9240 9245 9245 9244 9241 9246 9247 9248 9249 9250 9246 9251 9248 9247 9247 9246 9250 9250 9249 9252 9253 9254 9255 9255 9256 9253 9259 9257 9260 9258 9257 9261 9258 9261 9262 9264 9263 9265 9266 9267 9268 9269 9268 9270 9269 9270 9271 9268 9269 9266 9273 9274 9275 9276 9275 9274 9272 9277 9276 9275 9276 9277 9281 9282 9280 9279 9280 9282 9278 9283 9284 9286 9285 9287 9286 9287 9288 9289 9290 9291 9289 9291 9292 9293 9294 9295 9294 9293 9296 9298 9297 9299 9301 9299 9302 9299 9301 9300 9299 9300 9298 9303 9304 9305 9305 9306 9303 9307 9308 9309 9310 9309 9308 9308 9307 9311 9316 9315 9317 9314 9313 9318 9312 9318 9313 9319 9320 9321 9321 9322 9319 9320 9319 9324 9321 9323 9322 9325 9326 9327 9328 9329 9330 9332 9331 9333 9332 9333 9334 9336 9335 9337 9337 9338 9336 9339 9338 9340 9341 9342 9343 9345 9344 9347 9347 9348 9349 9345 9346 9350 9341 9349 9348 9348 9347 9344 9351 9352 9353 9356 9355 9357 9352 9351 9356 9354 9353 9352 9359 9358 9360 9360 9361 9359 9362 9363 9364 9364 9365 9362 9365 9364 9367 9367 9366 9365 9369 9368 9370 9373 9374 9375 9372 9371 9374 9374 9376 9372 9374 9373 9376 9380 9379 9378 9378 9377 9380 9383 9384 9381 9382 9381 9384 9384 9383 9385 9386 9387 9388 9392 9393 9390 9391 9390 9393 9387 9386 9389 9392 9388 9387 9395 9396 9394 9397 9398 9395 9398 9397 9399 9395 9394 9397 9401 9400 9402 9403 9404 9405 9404 9403 9406 9407 9408 9409 9408 9407 9410 9413 9414 9412 9412 9411 9413 9417 9418 9419 9419 9415 9417 9416 9415 9420 9421 9422 9423 9424 9423 9422 9425 9426 9424 9423 9424 9426 9426 9425 9427 9430 9431 9429 9432 9433 9431 9431 9430 9432 9429 9428 9430 9435 9434 9436 9436 9437 9435 9439 9438 9440 9440 9441 9439 9442 9443 9444 9445 9446 9443 9443 9442 9445 9444 9447 9442 9448 9449 9450 9450 9451 9452 9453 9454 9448 9451 9450 9449 9449 9448 9454 9455 9456 9457 9459 9456 9460 9457 9458 9455 9464 9461 9463 9463 9462 9464 9465 9466 9467 9466 9465 9468 9469 9470 9471 9470 9469 9472 9473 9474 9475 9476 9477 9478 9478 9479 9476 9477 9476 9480 9478 9481 9479 9483 9482 9486 9488 9486 9482 9483 9487 9489 9489 9485 9484 9485 9489 9487 9490 9491 9492 9491 9490 9493 9494 9492 9491 9495 9496 9497 9497 9498 9495 9499 9500 9501 9502 9501 9503 9501 9504 9499 9501 9502 9504 9506 9505 9507 9508 9509 9510 9510 9511 9508 9512 9513 9509 9509 9508 9512 9515 9514 9517 9517 9516 9515 9518 9519 9520 9520 9521 9522 9522 9523 9524 9521 9520 9519 9525 9526 9527 9529 9530 9528 9531 9532 9529 9531 9533 9534 9530 9529 9532 9525 9528 9530 9537 9538 9539 9536 9535 9540 9539 9535 9537 9541 9542 9543 9541 9543 9544 9545 9546 9547 9548 9549 9550 9553 9554 9552 9554 9553 9555 9552 9551 9553 9552 9556 9551 9557 9558 9559 9560 9561 9562 9563 9562 9561 9566 9567 9564 9565 9564 9567 9567 9566 9568 9570 9569 9571 9571 9572 9570 9573 9574 9575 9577 9578 9574 9574 9576 9577 9574 9573 9576 9579 9580 9581 9580 9579 9582 9583 9584 9585 9583 9586 9584 9588 9587 9589 9588 9589 9590 9592 9593 9594 9591 9595 9596 9597 9596 9595 9598 9599 9600 9602 9603 9598 9601 9600 9599 9599 9598 9603 9604 9605 9606 9607 9608 9605 9605 9604 9607 9604 9606 9609 9611 9610 9612 9614 9613 9615 9614 9616 9613 9617 9616 9618 9619 9620 9621 9621 9622 9619 9625 9626 9623 9624 9623 9626 9626 9625 9627 9627 9628 9629 9628 9627 9625 9630 9631 9632 9632 9633 9630 9631 9630 9634 9634 9635 9631 9637 9636 9638 9639 9636 9640 9637 9638 9641 9642 9643 9644 9643 9642 9645 9648 9649 9647 9647 9646 9648 9651 9650 9652 9653 9654 9655 9658 9659 9657 9653 9657 9659 9660 9655 9654 9655 9660 9656 9661 9662 9663 9663 9664 9665 9665 9666 9667 9668 9669 9670 9670 9671 9672 9672 9673 9674 9675 9676 9677 9677 9678 9679 9680 9681 9682 9683 9684 9680 9685 9686 9683 9687 9679 9678 9678 9677 9676 9676 9675 9688 9673 9672 9671 9671 9670 9669 9669 9668 9689 9666 9665 9664 9664 9663 9662 9662 9661 9690 9681 9680 9684 9684 9683 9686 9686 9685 9691 9692 9693 9694 9695 9696 9697 9698 9699 9700 9701 9702 9703 9704 9705 9706 9707 9708 9709 9710 9711 9712 9713 9714 9715 9689 9716 9717 9710 9718 9668 9719 9710 9712 9718 9710 9719 9720 9668 9718 9689 9721 9716 9668 9722 9723 9722 9668 9720 9721 9668 9723 9721 9689 9668 9714 9689 9717 9714 9713 9689 9667 9724 9725 9666 9726 9727 9666 9728 9726 9713 9728 9666 9728 9713 9715 9667 9729 9724 9666 9730 9667 9730 9666 9727 9729 9667 9730 9731 9667 9725 9710 9731 9711 9731 9710 9667 9691 9732 9733 9704 9734 9685 9735 9704 9706 9734 9704 9735 9736 9685 9734 9691 9737 9732 9685 9738 9739 9738 9685 9736 9737 9685 9739 9737 9691 9685 9708 9691 9733 9708 9707 9691 9740 9741 9742 9687 9743 9744 9687 9745 9743 9707 9745 9687 9745 9707 9709 9740 9746 9741 9687 9747 9740 9747 9687 9744 9746 9740 9747 9748 9740 9742 9704 9748 9705 9748 9704 9740 9688 9749 9750 9698 9751 9675 9752 9698 9700 9751 9698 9752 9753 9675 9751 9688 9754 9749 9675 9755 9756 9755 9675 9753 9754 9675 9756 9754 9688 9675 9702 9688 9750 9702 9701 9688 9674 9757 9758 9673 9759 9760 9673 9761 9759 9701 9761 9673 9761 9701 9703 9674 9762 9757 9673 9763 9674 9763 9673 9760 9762 9674 9763 9764 9674 9758 9698 9764 9699 9764 9698 9674 9690 9765 9766 9692 9767 9661 9768 9692 9694 9767 9692 9768 9769 9661 9767 9690 9770 9765 9661 9771 9772 9771 9661 9769 9770 9661 9772 9770 9690 9661 9696 9690 9766 9696 9695 9690 9682 9773 9774 9681 9775 9776 9681 9777 9775 9695 9777 9681 9777 9695 9697 9682 9778 9773 9681 9779 9682 9779 9681 9776 9778 9682 9779 9780 9682 9774 9692 9780 9693 9780 9692 9682 9679 9687 9740 9781 9782 9783 9784 9785 9786 9787 9788 9789 9790 9791 9792 9785 9784 9793 9794 9786 9795 9792 9796 9797 9786 9794 9784 9798 9783 9799 9800 9794 9795 9794 9800 9801 9801 9802 9803 9804 9805 9806 9802 9801 9800 9803 9807 9808 9805 9804 9809 9810 9811 9812 9788 9787 9813 9814 9813 9815 9807 9803 9802 9808 9809 9804 9811 9810 9806 9789 9812 9787 9813 9814 9788 9814 9816 9817 9783 9798 9781 9782 9781 9818 9793 9818 9785 9809 9808 9807 9812 9789 9810 9816 9814 9815 9817 9797 9796 9798 9799 9790 9818 9793 9782 9806 9805 9811 9797 9817 9816 9796 9792 9791 9791 9790 9799 9819 9820 9821 9822 9823 9824 9825 9826 9823 9827 9828 9826 9820 9819 9828 9821 9829 9819 9830 9831 9829 9832 9833 9831 9834 9835 9833 9836 9837 9835 9838 9839 9837 9840 9841 9839 9842 9843 9841 9844 9845 9843 9846 9847 9845 9848 9849 9847 9850 9851 9849 9852 9853 9851 9853 9852 9854 9851 9850 9852 9849 9848 9850 9847 9846 9848 9845 9844 9846 9843 9842 9844 9841 9840 9842 9839 9838 9840 9837 9836 9838 9835 9834 9836 9824 9854 9822 9823 9822 9825 9826 9825 9827 9828 9827 9820 9854 9824 9853 9829 9821 9830 9831 9830 9832 9833 9832 9834 9855 9856 9857 9858 9859 9855 9860 9861 9862 9863 9864 9865 9866 9867 9868 9861 9860 9858 9869 9862 9861 9864 9863 9869 9870 9865 9864 9871 9872 9873 9874 9875 9876 9872 9871 9870 9877 9878 9879 9880 9868 9875 9881 9876 9882 9883 9872 9878 9884 9885 9886 9868 9880 9866 9875 9874 9880 9876 9881 9874 9882 9887 9881 9872 9883 9873 9888 9879 9885 9889 9886 9867 9879 9888 9877 9885 9884 9888 9886 9889 9884 9878 9877 9883 9857 9890 9891 9891 9892 9893 9893 9887 9894 9865 9870 9871 9859 9858 9860 9890 9857 9856 9887 9893 9892 9862 9869 9863 9892 9891 9890 9856 9855 9859 9887 9882 9894 9867 9866 9889 9895 9896 9897 9899 9898 9896 9901 9899 9902 9899 9901 9900 9896 9898 9903 9896 9903 9897 9904 9899 9905 9905 9906 9907 9907 9906 9908 9906 9905 9899 9899 9904 9909 9910 9906 9911 9912 9906 9913 9912 9913 9914 9906 9910 9915 9906 9915 9908 9916 9913 9917 9918 9913 9896 9913 9918 9919 9913 9919 9920 9899 9909 9902 9899 9921 9906 9922 9923 9921 9924 9925 9923 9926 9927 9925 9928 9929 9930 9931 9932 9933 9933 9932 9934 9935 9936 9937 9937 9936 9938 9939 9936 9940 9936 9939 9941 9936 9941 9938 9936 9935 9932 9932 9935 9934 9939 9940 9942 9943 9940 9944 9943 9944 9945 9945 9944 9946 9940 9943 9947 9948 9949 9950 9950 9949 9951 9952 9949 9927 9949 9952 9953 9949 9953 9951 9949 9948 9944 9944 9948 9946 9954 9927 9931 9927 9954 9955 9927 9955 9952 9940 9947 9942 9940 9956 9944 9957 9958 9956 9959 9960 9958 9961 9962 9960 9963 9964 9965 9966 9964 9967 9968 9964 9969 9968 9969 9970 9971 9969 9972 9972 9973 9974 9974 9973 9975 9973 9972 9969 9969 9971 9976 9969 9976 9970 9964 9966 9977 9962 9978 9973 9980 9962 9981 9982 9917 9983 9984 9983 9985 9986 9987 9988 9989 9990 9991 9984 9992 9993 9986 9994 9985 9995 9986 9988 9994 9986 9995 9996 9985 9994 9984 9997 9992 9985 9998 9984 9999 9985 9996 9998 9985 9999 9997 9984 9998 9989 9993 9990 9993 9989 9984 9928 10000 10001 9930 10002 10003 9989 10002 9930 10004 9989 9991 10002 9989 10004 9928 10005 10000 10006 9930 10003 10005 9930 10006 10005 9928 9930 10007 9928 10001 9986 10007 9987 10007 9986 9928 9929 9928 10008 10009 10008 10010 9969 10010 9973 9962 10011 10012 9962 10013 10011 10008 10009 9929 10013 9962 9964 9964 9977 9965 9981 9962 10012 9973 10014 9975 9973 9978 10014 9914 9913 9920 9983 9984 9982 9917 9982 9916 9913 9916 9896 9896 9895 9918 9921 9899 9922 9923 9922 9924 9925 9924 9926 9927 9926 9932 9932 9931 9927 9956 9940 9957 9958 9957 9959 9960 9959 9961 9962 9961 9964 9964 9963 10013 10010 9969 10009 9962 9980 9979 10015 10016 10017 10018 10019 10020 10019 10018 10016 10017 10021 10015 10022 10023 10021 10024 10025 10023 10025 10024 10026 10027 10025 10026 10028 10029 10027 10029 10028 10030 10021 10017 10022 10023 10022 10024 10025 10027 10029 10030 10031 10032 10033 10034 10035 10036 10037 10038 10039 10038 10040 10041 10040 10042 10043 10044 10045 10046 10047 10048 10049 10018 10020 10048 10050 10049 10050 10048 10047 10018 10049 10050 10047 10046 10051 10045 10051 10046 10051 10045 10044 10044 10043 10052 10043 10042 10052 10042 10043 10041 10040 10041 10039 10038 10039 10036 10053 10034 10037 10034 10053 10035 10037 10036 10053 10032 10054 10033 10054 10032 10031 10034 10033 10054 10031 10030 10028 10016 10015 10019 10055 10056 10057 10058 10057 10059 10057 10058 10055 10060 10061 10056 10062 10063 10061 10064 10065 10063 10065 10064 10066 10067 10065 10066 10068 10069 10067 10069 10068 10070 10071 10070 10068 10072 10073 10074 10074 10075 10071 10075 10074 10073 10076 10077 10078 10072 10078 10079 10078 10072 10076 10080 10081 10077 10082 10083 10081 10084 10085 10083 10085 10084 10086 10087 10085 10086 10088 10089 10087 10089 10088 10090 10091 10090 10088 10058 10092 10093 10093 10094 10091 10094 10093 10092 10092 10058 10059 10090 10091 10094 10085 10087 10089 10083 10082 10084 10081 10080 10082 10077 10076 10080 10073 10072 10079 10070 10071 10075 10065 10067 10069 10063 10062 10064 10061 10060 10062 10056 10055 10060 10095 10096 10097 10098 10097 10099 10097 10098 10095 10100 10101 10096 10102 10103 10104 10103 10102 10105 10106 10103 10105 10107 10108 10106 10108 10107 10109 10110 10109 10107 10111 10112 10113 10113 10114 10110 10114 10113 10112 10115 10116 10117 10111 10117 10118 10117 10111 10115 10119 10120 10116 10121 10122 10120 10123 10124 10122 10124 10123 10125 10126 10124 10125 10127 10128 10126 10128 10127 10129 10130 10129 10127 10098 10131 10132 10132 10133 10130 10133 10132 10131 10131 10098 10099 10129 10130 10133 10124 10126 10128 10122 10121 10123 10120 10119 10121 10116 10115 10119 10112 10111 10118 10109 10110 10114 10103 10106 10108 10104 10134 10102 10101 10100 10134 10096 10095 10100 10134 10104 10101 10135 10136 10137 10136 10135 10138 10139 10140 10141 10142 10143 10140 10144 10145 10143 10145 10144 10146 10147 10145 10146 10148 10149 10147 10149 10148 10150 10151 10150 10148 10152 10153 10154 10154 10155 10151 10155 10154 10153 10156 10157 10158 10152 10158 10159 10158 10152 10156 10160 10161 10157 10162 10163 10161 10164 10165 10163 10165 10164 10166 10167 10165 10166 10168 10169 10167 10169 10168 10170 10171 10170 10168 10135 10172 10173 10173 10174 10171 10174 10173 10172 10172 10135 10137 10170 10171 10174 10165 10167 10169 10163 10162 10164 10161 10160 10162 10157 10156 10160 10153 10152 10159 10150 10151 10155 10145 10147 10149 10143 10142 10144 10140 10139 10142 10141 10138 10139 10138 10141 10136</p></triangles>
        <triangles material="m2" count="3826"><input semantic="VERTEX" source="#v" offset="0"/><p>10175 10176 10177 10176 10175 10178 10175 10177 10179 10180 10176 10181 10176 10180 10182 10183 10184 10182 10183 10182 10185 10186 10184 10187 10184 10186 10188 10189 10190 10188 10189 10188 10191 10192 10190 10193 10193 10190 10194 10190 10192 10195 10195 10192 10196 10190 10189 10194 10197 10198 10199 10184 10183 10187 10182 10180 10185 10176 10178 10181 10177 10197 10179 10198 10200 10199 10201 10202 10203 10204 10205 10206 10209 10210 10211 10212 10213 10214 10215 10216 10217 10218 10219 10220 10221 10222 10223 10224 10225 10226 10227 10228 10229 10230 10231 10232 10197 10177 10198 10201 10200 10198 10233 10201 10203 10200 10201 10233 10202 10204 10206 10202 10201 10204 10234 10207 10208 10204 10234 10205 10234 10204 10207 10235 10209 10211 10207 10235 10208 10235 10207 10209 10212 10210 10209 10210 10212 10214 10236 10215 10217 10212 10236 10213 10236 10212 10215 10216 10218 10220 10216 10215 10218 10237 10221 10223 10221 10219 10218 10219 10221 10237 10222 10224 10226 10222 10221 10224 10227 10225 10224 10225 10227 10229 10238 10230 10232 10227 10238 10228 10238 10227 10230 10195 10231 10230 10188 10186 10191 10231 10195 10196 10239 10240 10241 10242 10243 10244 10240 10239 10245 10246 10240 10247 10244 10243 10248 10248 10249 10250 10240 10246 10241 10251 10247 10252 10249 10248 10243 10253 10254 10245 10247 10251 10246 10255 10256 10257 10258 10259 10260 10260 10261 10262 10263 10261 10264 10243 10242 10264 10245 10239 10253 10256 10255 10252 10265 10256 10266 10261 10260 10259 10254 10253 10267 10268 10269 10270 10271 10267 10272 10273 10274 10275 10267 10271 10254 10276 10277 10278 10268 10279 10273 10259 10258 10266 10271 10280 10281 10282 10283 10284 10279 10268 10270 10274 10273 10279 10249 10285 10250 10256 10265 10257 10280 10271 10272 10277 10281 10280 10282 10278 10286 10269 10284 10283 10285 10275 10274 10261 10263 10262 10265 10266 10258 10252 10255 10251 10277 10276 10281 10278 10282 10276 10283 10282 10286 10269 10268 10284 10285 10249 10275 10264 10242 10263 10287 10288 10289 10290 10291 10287 10292 10293 10290 10294 10295 10292 10296 10294 10297 10294 10296 10298 10299 10300 10301 10302 10303 10299 10288 10304 10302 10291 10305 10288 10293 10306 10291 10295 10307 10293 10298 10308 10295 10309 10310 10298 10300 10311 10312 10303 10313 10300 10304 10314 10303 10305 10315 10304 10306 10316 10305 10307 10317 10306 10308 10318 10307 10310 10319 10308 10320 10321 10310 10313 10322 10311 10314 10323 10313 10315 10324 10314 10316 10325 10315 10317 10326 10316 10318 10327 10317 10319 10328 10318 10321 10329 10319 10330 10321 10331 10321 10330 10332 10323 10333 10322 10324 10334 10323 10325 10335 10324 10326 10336 10325 10327 10337 10326 10328 10338 10327 10329 10339 10328 10332 10340 10329 10341 10332 10342 10332 10341 10343 10334 10344 10333 10335 10345 10334 10336 10346 10335 10337 10347 10336 10338 10348 10337 10339 10349 10338 10340 10350 10339 10343 10351 10340 10352 10353 10343 10345 10354 10344 10346 10355 10345 10347 10356 10346 10348 10357 10347 10349 10358 10348 10350 10359 10349 10351 10360 10350 10353 10361 10351 10362 10363 10353 10362 10353 10364 10355 10365 10354 10356 10366 10355 10357 10367 10356 10358 10368 10357 10359 10369 10358 10360 10370 10359 10361 10371 10360 10363 10372 10361 10373 10363 10374 10363 10373 10375 10366 10376 10365 10367 10377 10366 10368 10378 10367 10369 10379 10368 10370 10380 10369 10371 10381 10370 10372 10382 10371 10375 10383 10372 10384 10385 10375 10377 10386 10376 10378 10387 10377 10379 10388 10378 10380 10389 10379 10381 10390 10380 10382 10391 10381 10383 10392 10382 10385 10393 10383 10394 10395 10385 10394 10385 10396 10387 10397 10386 10388 10398 10387 10389 10399 10388 10390 10400 10389 10391 10401 10390 10392 10402 10391 10393 10403 10392 10395 10404 10393 10405 10395 10406 10395 10405 10407 10398 10408 10397 10399 10409 10398 10400 10410 10399 10401 10411 10400 10402 10412 10401 10403 10413 10402 10404 10414 10403 10407 10415 10404 10416 10407 10417 10407 10416 10418 10409 10419 10408 10410 10420 10409 10411 10421 10410 10412 10422 10411 10413 10423 10412 10414 10424 10413 10415 10425 10414 10418 10426 10415 10427 10428 10418 10420 10429 10419 10421 10430 10420 10422 10431 10421 10423 10432 10422 10424 10433 10423 10425 10434 10424 10426 10435 10425 10428 10436 10426 10437 10438 10428 10437 10428 10439 10430 10440 10429 10431 10441 10430 10432 10442 10431 10433 10443 10432 10434 10444 10433 10435 10445 10434 10436 10446 10435 10438 10447 10436 10448 10438 10449 10438 10448 10450 10441 10451 10440 10442 10452 10441 10443 10453 10442 10444 10454 10443 10445 10455 10444 10446 10456 10445 10447 10457 10446 10450 10458 10447 10459 10460 10450 10452 10461 10451 10453 10462 10452 10454 10463 10453 10455 10464 10454 10456 10465 10455 10457 10466 10456 10458 10467 10457 10460 10468 10458 10469 10470 10460 10469 10460 10471 10462 10472 10461 10463 10473 10462 10464 10474 10463 10465 10475 10464 10466 10476 10465 10467 10477 10466 10468 10478 10467 10470 10479 10468 10480 10481 10470 10480 10470 10482 10473 10483 10472 10474 10484 10473 10475 10485 10474 10476 10486 10475 10477 10487 10476 10478 10488 10477 10479 10489 10478 10481 10490 10479 10491 10492 10481 10485 10493 10484 10486 10494 10485 10487 10495 10486 10488 10496 10487 10489 10497 10488 10490 10498 10489 10492 10499 10490 10500 10501 10492 10495 10502 10494 10496 10503 10495 10497 10504 10496 10498 10505 10497 10499 10506 10498 10501 10507 10499 10508 10509 10501 10508 10501 10510 10504 10511 10503 10505 10512 10504 10506 10513 10505 10507 10514 10506 10509 10515 10507 10516 10509 10517 10509 10516 10518 10515 10519 10514 10518 10520 10515 10521 10522 10518 10523 10512 10524 10525 10503 10511 10502 10526 10494 10526 10502 10527 10289 10302 10528 10529 10493 10530 10493 10529 10484 10531 10472 10483 10531 10483 10532 10472 10531 10533 10534 10461 10472 10461 10534 10535 10536 10451 10461 10451 10536 10537 10538 10440 10451 10539 10429 10440 10539 10440 10540 10429 10539 10541 10542 10419 10429 10542 10429 10543 10419 10542 10544 10545 10408 10419 10545 10419 10546 10408 10545 10547 10548 10397 10408 10548 10408 10549 10397 10548 10550 10551 10386 10397 10386 10551 10552 10551 10397 10553 10554 10376 10386 10376 10554 10555 10554 10386 10556 10557 10365 10376 10557 10376 10558 10559 10354 10365 10559 10365 10560 10561 10354 10562 10562 10354 10563 10564 10344 10565 10565 10344 10561 10566 10333 10567 10567 10333 10564 10568 10322 10569 10569 10322 10566 10570 10311 10571 10571 10311 10568 10572 10300 10573 10573 10300 10312 10574 10301 10572 10575 10299 10301 10576 10528 10577 10577 10528 10578 10579 10580 10581 10582 10583 10584 10583 10582 10585 10586 10587 10588 10589 10590 10591 10589 10591 10592 10593 10594 10522 10593 10522 10595 10596 10520 10594 10524 10514 10597 10597 10514 10519 10513 10524 10512 10514 10524 10513 10596 10597 10519 10520 10596 10519 10522 10594 10520 10594 10593 10598 10590 10589 10599 10587 10591 10590 10587 10586 10591 10585 10586 10588 10583 10585 10588 10580 10582 10584 10580 10579 10582 10576 10579 10581 10528 10576 10581 10575 10577 10578 10299 10575 10578 10301 10574 10575 10300 10572 10301 10570 10573 10312 10311 10570 10312 10322 10568 10311 10333 10566 10322 10344 10564 10333 10354 10561 10344 10354 10559 10563 10365 10557 10560 10376 10555 10558 10386 10552 10556 10397 10550 10553 10408 10547 10549 10419 10544 10546 10429 10541 10543 10440 10538 10540 10451 10537 10538 10461 10535 10536 10472 10533 10534 10529 10532 10483 10484 10529 10483 10493 10600 10530 10494 10526 10493 10525 10527 10502 10503 10525 10502 10523 10525 10511 10512 10523 10511 10522 10521 10595 10520 10518 10522 10519 10515 10520 10518 10516 10521 10515 10509 10518 10514 10507 10515 10513 10506 10514 10512 10505 10513 10511 10504 10512 10509 10508 10517 10507 10501 10509 10506 10499 10507 10505 10498 10506 10504 10497 10505 10503 10496 10504 10502 10495 10503 10501 10500 10510 10499 10492 10501 10498 10490 10499 10497 10489 10498 10496 10488 10497 10495 10487 10496 10494 10486 10495 10493 10485 10494 10492 10491 10500 10490 10481 10492 10489 10479 10490 10488 10478 10489 10487 10477 10488 10486 10476 10487 10485 10475 10486 10484 10474 10485 10483 10473 10484 10481 10480 10491 10479 10470 10481 10478 10468 10479 10477 10467 10478 10476 10466 10477 10475 10465 10476 10474 10464 10475 10473 10463 10474 10472 10462 10473 10470 10469 10482 10468 10460 10470 10467 10458 10468 10466 10457 10467 10465 10456 10466 10464 10455 10465 10463 10454 10464 10462 10453 10463 10461 10452 10462 10460 10459 10471 10458 10450 10460 10457 10447 10458 10456 10446 10457 10455 10445 10456 10454 10444 10455 10453 10443 10454 10452 10442 10453 10451 10441 10452 10450 10448 10459 10447 10438 10450 10446 10436 10447 10445 10435 10446 10444 10434 10445 10443 10433 10444 10442 10432 10443 10441 10431 10442 10440 10430 10441 10438 10437 10449 10436 10428 10438 10435 10426 10436 10434 10425 10435 10433 10424 10434 10432 10423 10433 10431 10422 10432 10430 10421 10431 10429 10420 10430 10428 10427 10439 10426 10418 10428 10425 10415 10426 10424 10414 10425 10423 10413 10424 10422 10412 10423 10421 10411 10422 10420 10410 10421 10419 10409 10420 10418 10416 10427 10415 10407 10418 10414 10404 10415 10413 10403 10414 10412 10402 10413 10411 10401 10412 10410 10400 10411 10409 10399 10410 10408 10398 10409 10407 10405 10417 10404 10395 10407 10403 10393 10404 10402 10392 10403 10401 10391 10402 10400 10390 10401 10399 10389 10400 10398 10388 10399 10397 10387 10398 10395 10394 10406 10393 10385 10395 10392 10383 10393 10391 10382 10392 10390 10381 10391 10389 10380 10390 10388 10379 10389 10387 10378 10388 10386 10377 10387 10385 10384 10396 10383 10375 10385 10382 10372 10383 10381 10371 10382 10380 10370 10381 10379 10369 10380 10378 10368 10379 10377 10367 10378 10376 10366 10377 10375 10373 10384 10372 10363 10375 10371 10361 10372 10370 10360 10371 10369 10359 10370 10368 10358 10369 10367 10357 10368 10366 10356 10367 10365 10355 10366 10363 10362 10374 10361 10353 10363 10360 10351 10361 10359 10350 10360 10358 10349 10359 10357 10348 10358 10356 10347 10357 10355 10346 10356 10354 10345 10355 10353 10352 10364 10351 10343 10353 10350 10340 10351 10349 10339 10350 10348 10338 10349 10347 10337 10348 10346 10336 10347 10345 10335 10346 10344 10334 10345 10343 10341 10352 10340 10332 10343 10339 10329 10340 10338 10328 10339 10337 10327 10338 10336 10326 10337 10335 10325 10336 10334 10324 10335 10333 10323 10334 10332 10330 10342 10329 10321 10332 10328 10319 10329 10327 10318 10328 10326 10317 10327 10325 10316 10326 10324 10315 10325 10323 10314 10324 10322 10313 10323 10321 10320 10331 10319 10310 10321 10318 10308 10319 10317 10307 10318 10316 10306 10317 10315 10305 10316 10314 10304 10315 10313 10303 10314 10311 10300 10313 10310 10309 10320 10308 10298 10310 10307 10295 10308 10306 10293 10307 10305 10291 10306 10304 10288 10305 10303 10302 10304 10300 10299 10303 10298 10296 10309 10295 10294 10298 10293 10292 10295 10291 10290 10293 10288 10287 10291 10302 10289 10288 10299 10528 10302 10294 10601 10297 10292 10602 10294 10290 10603 10292 10287 10583 10290 10289 10584 10287 10528 10580 10289 10602 10599 10604 10603 10590 10602 10583 10587 10603 10528 10299 10578 10601 10602 10604 10601 10294 10602 10602 10292 10603 10603 10290 10583 10583 10287 10584 10584 10289 10580 10580 10528 10581 10599 10602 10590 10590 10603 10587 10587 10583 10588 10600 10493 10526 10605 10606 10607 10608 10607 10609 10610 10609 10611 10612 10611 10613 10614 10613 10615 10616 10615 10617 10618 10617 10619 10620 10619 10621 10622 10620 10621 10622 10621 10623 10624 10625 10626 10627 10626 10628 10629 10628 10605 10630 10605 10608 10631 10610 10612 10632 10612 10614 10633 10614 10616 10634 10616 10618 10635 10618 10620 10636 10620 10637 10638 10639 10624 10640 10624 10627 10641 10627 10629 10642 10629 10630 10643 10644 10631 10645 10631 10632 10646 10632 10633 10647 10633 10634 10648 10634 10635 10649 10635 10650 10651 10652 10638 10653 10638 10640 10654 10640 10641 10655 10641 10642 10656 10643 10645 10657 10645 10646 10658 10646 10647 10659 10647 10648 10660 10661 10662 10663 10664 10661 10665 10666 10664 10667 10668 10666 10669 10670 10671 10672 10673 10670 10674 10675 10673 10676 10677 10675 10678 10679 10677 10662 10680 10681 10661 10682 10680 10664 10683 10682 10666 10684 10683 10671 10685 10686 10670 10687 10685 10673 10688 10687 10675 10689 10688 10689 10690 10691 10681 10692 10693 10680 10694 10692 10682 10695 10694 10683 10696 10695 10697 10698 10699 10686 10700 10698 10685 10701 10700 10687 10702 10701 10688 10703 10702 10703 10704 10705 10693 10706 10707 10692 10708 10706 10694 10709 10708 10695 10710 10709 10699 10711 10712 10698 10713 10711 10700 10714 10713 10701 10715 10714 10702 10716 10715 10716 10717 10718 10707 10719 10720 10706 10721 10719 10708 10722 10721 10709 10723 10722 10710 10724 10723 10712 10725 10724 10711 10726 10725 10713 10727 10726 10714 10728 10727 10715 10729 10728 10716 10730 10729 10720 10731 10732 10719 10733 10731 10721 10734 10733 10722 10735 10734 10723 10736 10735 10724 10737 10736 10725 10738 10737 10726 10739 10738 10727 10740 10739 10728 10741 10740 10741 10742 10743 10732 10744 10745 10731 10746 10744 10733 10747 10746 10734 10748 10747 10735 10749 10748 10736 10750 10749 10737 10751 10750 10738 10752 10751 10739 10753 10752 10754 10659 10648 10754 10648 10649 10663 10755 10651 10665 10651 10653 10667 10653 10654 10756 10654 10655 10672 10757 10656 10674 10656 10657 10676 10657 10658 10678 10658 10659 10758 10659 10759 10659 10758 10678 10760 10642 10630 10760 10630 10761 10762 10642 10763 10764 10756 10655 10764 10655 10762 10765 10756 10766 10756 10765 10668 10767 10684 10668 10768 10684 10769 10684 10768 10696 10770 10712 10710 10770 10710 10696 10771 10697 10699 10771 10699 10770 10772 10697 10773 10774 10686 10697 10775 10669 10671 10775 10671 10774 10776 10757 10669 10776 10669 10777 10778 10643 10757 10778 10757 10779 10780 10781 10644 10781 10780 10782 10761 10610 10644 10610 10761 10608 10608 10761 10630 10644 10781 10761 10778 10782 10780 10643 10778 10780 10757 10776 10779 10669 10775 10777 10686 10774 10671 10697 10772 10774 10661 10660 10663 10664 10663 10665 10666 10665 10667 10668 10667 10756 10628 10783 10606 10626 10784 10783 10623 10785 10786 10621 10787 10785 10619 10788 10787 10617 10789 10788 10615 10790 10789 10613 10791 10790 10611 10792 10791 10609 10793 10792 10607 10794 10793 10606 10795 10794 10783 10796 10795 10797 10798 10799 10785 10797 10786 10797 10785 10798 10785 10800 10798 10787 10801 10800 10788 10802 10801 10789 10803 10802 10790 10804 10803 10791 10805 10804 10792 10806 10805 10793 10807 10806 10794 10808 10807 10795 10809 10808 10809 10795 10796 10810 10811 10812 10810 10798 10811 10798 10813 10811 10800 10814 10813 10801 10815 10814 10802 10816 10815 10803 10817 10816 10804 10818 10817 10805 10819 10818 10806 10820 10819 10807 10821 10820 10808 10822 10821 10823 10824 10825 10812 10824 10823 10811 10826 10824 10813 10827 10826 10814 10828 10827 10815 10829 10828 10816 10830 10829 10817 10831 10830 10818 10832 10831 10819 10833 10832 10820 10834 10833 10821 10835 10834 10825 10836 10837 10824 10838 10836 10826 10839 10838 10827 10840 10839 10828 10841 10840 10829 10842 10841 10830 10843 10842 10831 10844 10843 10832 10845 10844 10833 10846 10845 10834 10847 10846 10848 10849 10836 10849 10848 10850 10836 10851 10848 10838 10852 10851 10839 10853 10852 10840 10854 10853 10841 10855 10854 10842 10856 10855 10843 10857 10856 10844 10858 10857 10845 10859 10858 10846 10860 10859 10861 10862 10863 10861 10848 10862 10848 10864 10862 10851 10865 10864 10852 10866 10865 10853 10867 10866 10854 10868 10867 10855 10869 10868 10856 10870 10869 10857 10871 10870 10858 10872 10871 10859 10873 10872 10863 10874 10875 10862 10876 10874 10864 10877 10876 10865 10878 10877 10866 10879 10878 10867 10880 10879 10868 10881 10880 10869 10882 10881 10870 10883 10882 10871 10884 10883 10872 10885 10884 10886 10887 10874 10887 10886 10888 10874 10889 10886 10876 10890 10889 10877 10891 10890 10878 10892 10891 10879 10893 10892 10880 10894 10893 10881 10895 10894 10882 10896 10895 10883 10897 10896 10884 10898 10897 10899 10900 10901 10899 10886 10900 10886 10902 10900 10740 10903 10753 10903 10904 10905 10745 10906 10907 10744 10908 10906 10746 10909 10908 10747 10910 10909 10748 10911 10910 10749 10912 10911 10750 10913 10912 10751 10914 10913 10752 10915 10914 10753 10916 10915 10903 10917 10916 10907 10918 10919 10906 10920 10918 10908 10921 10920 10909 10922 10921 10910 10923 10922 10911 10924 10923 10912 10925 10924 10913 10926 10925 10914 10927 10926 10915 10928 10927 10928 10929 10930 10919 10931 10932 10918 10933 10931 10920 10934 10933 10921 10935 10934 10922 10936 10935 10923 10937 10936 10924 10938 10937 10925 10939 10938 10926 10940 10939 10927 10941 10940 10941 10942 10943 10932 10944 10945 10931 10946 10944 10933 10947 10946 10934 10948 10947 10935 10949 10948 10936 10950 10949 10937 10951 10950 10938 10952 10951 10939 10953 10952 10940 10954 10953 10941 10955 10954 10945 10956 10957 10944 10958 10956 10946 10959 10958 10947 10960 10959 10948 10961 10960 10949 10962 10961 10950 10963 10962 10951 10964 10963 10952 10902 10964 10953 10900 10902 10954 10901 10900 10957 10897 10898 10956 10896 10897 10958 10895 10896 10959 10894 10895 10960 10893 10894 10961 10892 10893 10962 10891 10892 10963 10890 10891 10964 10889 10890 10902 10886 10889 10886 10899 10888 10898 10884 10885 10897 10883 10884 10896 10882 10883 10895 10881 10882 10894 10880 10881 10893 10879 10880 10892 10878 10879 10891 10877 10878 10890 10876 10877 10889 10874 10876 10874 10887 10875 10885 10872 10873 10884 10871 10872 10883 10870 10871 10882 10869 10870 10881 10868 10869 10880 10867 10868 10879 10866 10867 10878 10865 10866 10877 10864 10865 10876 10862 10864 10874 10863 10862 10873 10859 10860 10872 10858 10859 10871 10857 10858 10870 10856 10857 10869 10855 10856 10868 10854 10855 10867 10853 10854 10866 10852 10853 10865 10851 10852 10864 10848 10851 10848 10861 10850 10860 10846 10847 10859 10845 10846 10858 10844 10845 10857 10843 10844 10856 10842 10843 10855 10841 10842 10854 10840 10841 10853 10839 10840 10852 10838 10839 10851 10836 10838 10836 10849 10837 10847 10834 10835 10846 10833 10834 10845 10832 10833 10844 10831 10832 10843 10830 10831 10842 10829 10830 10841 10828 10829 10840 10827 10828 10839 10826 10827 10838 10824 10826 10836 10825 10824 10835 10821 10822 10834 10820 10821 10833 10819 10820 10832 10818 10819 10831 10817 10818 10830 10816 10817 10829 10815 10816 10828 10814 10815 10827 10813 10814 10826 10811 10813 10824 10812 10811 10822 10808 10965 10821 10807 10808 10820 10806 10807 10819 10805 10806 10818 10804 10805 10817 10803 10804 10816 10802 10803 10815 10801 10802 10814 10800 10801 10813 10798 10800 10798 10810 10799 10808 10809 10965 10808 10794 10795 10807 10793 10794 10806 10792 10793 10805 10791 10792 10804 10790 10791 10803 10789 10790 10802 10788 10789 10801 10787 10788 10800 10785 10787 10796 10783 10784 10795 10606 10783 10794 10607 10606 10793 10609 10607 10792 10611 10609 10791 10613 10611 10790 10615 10613 10789 10617 10615 10788 10619 10617 10787 10621 10619 10785 10623 10621 10784 10626 10625 10783 10628 10626 10606 10605 10628 10607 10608 10605 10609 10610 10608 10611 10612 10610 10613 10614 10612 10615 10616 10614 10617 10618 10616 10619 10620 10618 10620 10622 10637 10625 10624 10639 10626 10627 10624 10628 10629 10627 10605 10630 10629 10610 10631 10644 10612 10632 10631 10614 10633 10632 10616 10634 10633 10618 10635 10634 10635 10636 10650 10639 10638 10652 10624 10640 10638 10627 10641 10640 10629 10642 10641 10889 10964 10902 10890 10963 10964 10891 10962 10963 10892 10961 10962 10893 10960 10961 10894 10959 10960 10895 10958 10959 10896 10956 10958 10897 10957 10956 10901 10954 10955 10900 10953 10954 10902 10952 10953 10964 10951 10952 10963 10950 10951 10962 10949 10950 10961 10948 10949 10960 10947 10948 10959 10946 10947 10958 10944 10946 10956 10945 10944 10955 10941 10943 10954 10940 10941 10953 10939 10940 10952 10938 10939 10951 10937 10938 10950 10936 10937 10949 10935 10936 10948 10934 10935 10947 10933 10934 10946 10931 10933 10944 10932 10931 10928 10942 10941 10942 10928 10930 10941 10927 10928 10940 10926 10927 10939 10925 10926 10938 10924 10925 10937 10923 10924 10936 10922 10923 10935 10921 10922 10934 10920 10921 10933 10918 10920 10931 10919 10918 10929 10916 10917 10929 10928 10916 10928 10915 10916 10927 10914 10915 10926 10913 10914 10925 10912 10913 10924 10911 10912 10923 10910 10911 10922 10909 10910 10921 10908 10909 10920 10906 10908 10918 10907 10906 10917 10903 10905 10916 10753 10903 10915 10752 10753 10914 10751 10752 10913 10750 10751 10912 10749 10750 10911 10748 10749 10910 10747 10748 10909 10746 10747 10908 10744 10746 10906 10745 10744 10741 10904 10903 10904 10741 10743 10903 10740 10741 10753 10739 10740 10752 10738 10739 10751 10737 10738 10750 10736 10737 10749 10735 10736 10748 10734 10735 10747 10733 10734 10746 10731 10733 10744 10732 10731 10742 10729 10730 10742 10741 10729 10741 10728 10729 10740 10727 10728 10739 10726 10727 10738 10725 10726 10737 10724 10725 10736 10723 10724 10735 10722 10723 10734 10721 10722 10733 10719 10721 10731 10720 10719 10730 10716 10718 10644 10643 10780 10631 10645 10643 10632 10646 10645 10633 10647 10646 10634 10648 10647 10635 10649 10648 10652 10651 10755 10638 10653 10651 10640 10654 10653 10641 10655 10654 10643 10656 10757 10645 10657 10656 10646 10658 10657 10647 10659 10658 10659 10754 10759 10755 10663 10660 10651 10665 10663 10653 10667 10665 10654 10756 10667 10757 10672 10669 10656 10674 10672 10657 10676 10674 10658 10678 10676 10678 10758 10966 10642 10760 10763 10642 10762 10655 10756 10764 10766 10668 10765 10767 10684 10767 10769 10696 10768 10770 10712 10770 10699 10697 10771 10773 10729 10715 10716 10728 10714 10715 10727 10713 10714 10726 10711 10713 10725 10712 10711 10724 10710 10712 10723 10709 10710 10722 10708 10709 10721 10706 10708 10719 10707 10706 10703 10717 10716 10717 10703 10705 10716 10702 10703 10715 10701 10702 10714 10700 10701 10713 10698 10700 10711 10699 10698 10710 10695 10696 10709 10694 10695 10708 10692 10694 10706 10693 10692 10689 10704 10703 10704 10689 10691 10703 10688 10689 10702 10687 10688 10701 10685 10687 10700 10686 10685 10698 10697 10686 10696 10683 10684 10695 10682 10683 10694 10680 10682 10692 10681 10680 10690 10677 10679 10690 10689 10677 10689 10675 10677 10688 10673 10675 10687 10670 10673 10685 10671 10670 10684 10666 10668 10683 10664 10666 10682 10661 10664 10680 10662 10661 10679 10678 10966 10677 10676 10678 10675 10674 10676 10673 10672 10674 10670 10669 10672 10620 10636 10635 10967 10968 10969 10968 10967 10970 10967 10969 10971 10972 10973 10974 10973 10972 10975 10976 10973 10977 10978 10979 10980 10979 10978 10977 10977 10978 10976 10981 10979 10982 10982 10983 10981 10983 10982 10984 10979 10981 10985 10986 10987 10988 10988 10989 10986 10989 10990 10991 10989 10988 10990 10991 10990 10992 10993 10994 10995 10994 10993 10996 10995 10997 10998 10996 10987 10999 10987 10996 10993 10995 10994 10997 10987 10986 10999 10979 10985 10980 10973 10976 10974 11000 11001 11002 10998 11003 11004 11005 11006 11007 11008 11009 11010 11011 11012 11013 11014 11015 11016 11017 11018 11019 11020 11021 11022 11023 11024 11025 11026 11027 11028 11029 11030 11031 11032 11033 11034 11035 11036 11037 11038 11039 11040 10971 11041 11042 10983 10968 10970 11041 10971 10969 11042 11043 11044 11043 11042 11041 11043 11040 11044 11040 11043 11038 11039 11038 11045 11039 11045 11046 11046 11035 11037 11035 11046 11045 11036 11035 11047 11048 11047 11049 11049 11034 11048 11034 11049 11032 11047 11048 11036 11050 11032 11051 11051 11029 11050 11029 11051 11052 11032 11050 11033 11030 11029 11052 11031 11053 11054 11053 11031 11030 11054 11053 11026 11027 11026 11053 11028 11055 11056 11055 11028 11027 11056 11023 11025 11023 11056 11055 11024 11023 11057 11024 11057 11058 11058 11059 11020 11059 11058 11057 11021 11020 11059 11060 11021 11061 11061 11019 11060 11019 11061 11017 11021 11060 11022 11018 11062 11063 11062 11014 11063 11014 11062 11064 11062 11018 11017 11015 11014 11064 11016 11011 11065 11011 11016 11015 11065 11011 11013 11012 11011 11066 11012 11066 11067 10975 11001 11000 11001 10975 10972 11002 11068 11000 11068 11002 11069 11068 11004 11003 11004 11068 11069 11003 10998 10997 11067 11008 11010 11008 11067 11066 11009 11008 11070 11071 11070 11072 11070 11071 11009 11071 11072 11005 11006 11005 11072 11073 11006 11074 11074 10992 11073 10992 11074 10991 11006 11073 11007 10968 10983 10984 11075 11076 11077 11077 11078 11075 11079 11080 11078 11080 11079 11081 11081 11082 11080 11083 11082 11084 11082 11083 11085 11086 11085 11083 11087 11088 11086 11088 11087 11089 11090 11089 11087 11091 11090 11092 11089 11090 11091 11085 11086 11088 11082 11081 11084 11078 11077 11079 11076 11093 11094 11076 11075 11093 11095 11096 11097 11098 11099 11100 11098 11100 11101 11102 11103 11104 11105 11102 11104 11106 11107 11105 11108 11109 11106 11109 11108 11110 11111 11110 11112 11111 11113 11114 11110 11111 11114 11110 11108 11112 11107 11106 11109 11102 11105 11107 11103 11102 11099 11099 11098 11103 11100 11115 11101 11096 11095 11115 11116 11095 11097 11115 11100 11096 11117 11118 11119 11117 11120 11121 11122 11123 11120 11124 11125 11126 11127 11128 11125 11129 11130 11131 11129 11132 11133 11134 11135 11136 11134 11137 11138 11139 11140 11137 11141 11142 11143 11141 11144 11145 11146 11147 11148 11146 11149 11150 11151 11152 11153 11154 11155 11156 11157 11158 11159 11160 11161 11162 11163 11164 11165 11166 11167 11163 11119 11168 11169 11117 11169 11170 11122 11171 11172 11124 11173 11174 11127 11175 11176 11131 11177 11178 11129 11179 11180 11136 11181 11182 11136 11183 11134 11134 11184 11139 11143 11185 11186 11141 11187 11188 11148 11189 11190 11146 11191 11192 11193 11194 11195 11195 11196 11193 11193 11197 11149 11198 11199 11200 11201 11202 11203 11204 11205 11206 11207 11208 11204 11209 11210 11211 11212 11209 11208 11209 11212 11210 11207 11204 11206 11208 11207 11212 11213 11214 11202 11214 11213 11205 11205 11204 11214 11203 11200 11201 11200 11203 11198 11202 11201 11213 11215 11216 11196 11198 11215 11199 11215 11198 11216 11197 11196 11216 11197 11193 11196 11146 11194 11193 11194 11146 11192 11191 11148 11190 11191 11146 11148 11189 11141 11188 11189 11148 11141 11187 11143 11186 11187 11141 11143 11185 11139 11184 11185 11143 11139 11217 11134 11183 11184 11134 11217 11183 11136 11182 11129 11181 11136 11181 11129 11180 11131 11179 11129 11179 11131 11178 11127 11177 11131 11177 11127 11176 11175 11124 11174 11175 11127 11124 11173 11122 11172 11173 11124 11122 11171 11117 11170 11171 11122 11117 11169 11117 11119 11168 11119 11166 11167 11119 11118 11166 11163 11165 11167 11166 11119 11160 11164 11163 11164 11160 11162 11218 11157 11161 11157 11218 11219 11161 11160 11218 11154 11159 11158 11159 11154 11156 11158 11157 11219 11155 11220 11151 11155 11154 11220 11153 11152 11221 11152 11151 11220 11149 11146 11193 11147 11146 11150 11144 11148 11147 11144 11141 11148 11142 11141 11145 11143 11140 11139 11140 11143 11142 11137 11134 11139 11135 11134 11138 11132 11136 11135 11132 11129 11136 11130 11129 11133 11128 11131 11130 11128 11127 11131 11125 11124 11127 11124 11123 11122 11123 11124 11126 11120 11117 11122 11118 11117 11121 11222 11223 11224 11225 11226 11227 11228 11229 11225 11230 11231 11232 11233 11234 11235 11236 11237 11238 11239 11240 11241 11242 11243 11244 11223 11222 11245 11246 11224 11223 11231 11230 11247 11240 11239 11242 11234 11233 11248 11249 11250 11251 11243 11242 11239 11245 11244 11243 11252 11235 11253 11254 11238 11255 11235 11252 11233 11256 11253 11250 11251 11254 11249 11253 11256 11252 11250 11249 11256 11241 11257 11236 11237 11236 11257 11248 11232 11234 11258 11247 11259 11260 11259 11261 11228 11261 11262 11226 11225 11229 11227 11263 11246 11244 11245 11222 11238 11237 11255 11247 11258 11231 11261 11228 11260 11263 11227 11226 11257 11241 11240 11259 11260 11258 11224 11246 11263 11229 11228 11262 11232 11248 11230 11254 11251 11238 11264 11265 11266 11264 11266 11267 11268 11269 11270 11269 11268 11266 11271 11269 11272 11271 11272 11273 11274 11275 11276 11275 11274 11272 11277 11278 11279 11280 11279 11278 11279 11280 11281 11282 11276 11283 11276 11282 11280 11280 11282 11284 11283 11276 11285 11280 11284 11281 11286 11275 11287 11287 11275 11288 11275 11286 11276 11276 11289 11290 11291 11275 11292 11293 11275 11294 11293 11294 11295 11275 11293 11292 11295 11294 11296 11275 11291 11297 11275 11297 11288 11298 11294 11278 11294 11298 11299 11294 11299 11296 11276 11290 11285 11300 11301 11302 11301 11300 11294 11303 11304 11305 11304 11303 11301 11306 11304 11307 11306 11307 11308 11309 11307 11310 11309 11310 11311 11312 11313 11314 11315 11313 11316 11315 11316 11317 11318 11311 11319 11311 11318 11316 11316 11318 11317 11319 11311 11320 11313 11315 11321 11313 11321 11314 11322 11311 11323 11323 11310 11324 11324 11310 11325 11310 11323 11311 11325 11310 11326 11327 11310 11328 11329 11328 11330 11328 11329 11327 11330 11331 11332 11331 11330 11328 11310 11327 11326 11311 11322 11320 11333 11331 11313 11331 11333 11334 11331 11334 11335 11331 11335 11332 11336 11337 11338 11337 11336 11331 11339 11340 11341 11340 11339 11337 11342 11343 11344 11343 11342 11340 11345 11343 11346 11345 11346 11347 11348 11349 11350 11350 11349 11351 11352 11349 11353 11349 11352 11354 11355 11353 11356 11353 11355 11352 11353 11357 11356 11357 11353 11347 11358 11347 11359 11359 11346 11360 11360 11346 11361 11346 11359 11347 11361 11346 11362 11363 11364 11365 11365 11364 11366 11364 11363 11346 11366 11364 11367 11346 11363 11362 11347 11358 11357 11349 11354 11351 11368 11364 11349 11364 11368 11369 11364 11369 11370 11364 11370 11367 11371 11372 11373 11372 11371 11364 11374 11372 11375 11374 11375 11376 11377 11375 11378 11377 11378 11379 11380 11381 11382 11381 11380 11378 11383 11384 11385 11384 11383 11386 11384 11387 11385 11388 11382 11389 11389 11381 11390 11390 11381 11391 11381 11389 11382 11391 11381 11392 11382 11388 11387 11387 11384 11382 11392 11393 11394 11394 11393 11395 11393 11392 11381 11396 11393 11265 11393 11396 11397 11396 11265 11398 11399 11265 11400 11399 11400 11401 11401 11400 11402 11265 11399 11403 11265 11403 11398 11404 11402 11400 11405 11404 11386 11405 11386 11406 11404 11405 11407 11402 11404 11407 11393 11397 11395 11386 11383 11406 11378 11380 11379 11375 11377 11376 11372 11374 11373 11364 11371 11349 11349 11348 11368 11343 11345 11344 11340 11342 11341 11337 11339 11338 11331 11336 11313 11313 11312 11333 11307 11309 11308 11304 11306 11305 11301 11303 11302 11294 11300 11278 11278 11277 11298 11272 11274 11273 11269 11271 11270 11266 11268 11267 11265 11264 11400 11289 11276 11286 11408 11409 11410 11411 11408 11412 11413 11414 11415 11413 11415 11416 11412 11417 11418 11418 11417 11419 11417 11412 11408 11420 11417 11421 11417 11420 11422 11423 11421 11424 11424 11425 11426 11426 11425 11427 11425 11424 11421 11421 11423 11428 11421 11428 11420 11429 11430 11431 11431 11430 11432 11430 11429 11425 11425 11429 11427 11433 11434 11435 11434 11433 11436 11433 11435 11437 11438 11435 11439 11438 11439 11440 11440 11439 11441 11435 11438 11442 11443 11444 11445 11445 11444 11446 11444 11443 11439 11439 11443 11441 11435 11442 11437 11409 11408 11411 11444 11447 11448 11449 11450 11451 11451 11452 11453 11453 11452 11454 11452 11451 11450 11450 11449 11455 11454 11452 11456 11456 11434 11457 11457 11434 11458 11434 11456 11452 11450 11455 11447 11459 11460 11461 11460 11459 11462 11463 11461 11464 11461 11463 11465 11466 11467 11468 11469 11464 11470 11464 11469 11463 11470 11464 11471 11461 11465 11472 11461 11472 11459 11471 11473 11474 11474 11473 11475 11473 11471 11464 11476 11473 11477 11473 11476 11478 11479 11477 11480 11480 11481 11482 11482 11481 11483 11481 11480 11477 11477 11479 11484 11477 11484 11476 11413 11410 11414 11410 11413 11408 11430 11416 11485 11416 11430 11413 11486 11487 11488 11489 11487 11486 11490 11489 11491 11487 11489 11490 11492 11493 11494 11492 11495 11493 11486 11496 11492 11497 11486 11488 11496 11486 11497 11495 11492 11496 11498 11494 11499 11494 11498 11492 11498 11500 11501 11502 11498 11503 11500 11498 11502 11466 11504 11467 11505 11501 11500 11501 11506 11507 11506 11501 11505 11466 11507 11504 11507 11466 11501 11489 11468 11508 11468 11489 11466 11509 11435 11510 11511 11510 11512 11413 11512 11408 11513 11421 11514 11515 11514 11516 11477 11516 11481 11517 11461 11518 11519 11518 11520 11492 11520 11486 11521 11466 11522 11523 11522 11524 11447 11444 11450 11450 11524 11452 11524 11450 11523 11522 11523 11521 11466 11521 11501 11520 11492 11519 11518 11519 11517 11461 11517 11464 11516 11477 11515 11514 11515 11513 11421 11513 11425 11512 11413 11511 11510 11511 11509 11435 11509 11439 11489 11508 11491 11498 11499 11503 11430 11485 11432 11417 11422 11419 11434 11436 11458 11444 11448 11446 11460 11462 11525 11473 11478 11475 11481 11526 11483 11460 11526 11481 11527 11460 11525 11526 11460 11527 11528 11529 11530 11530 11531 11532 11532 11533 11534 11533 11535 11534 11536 11537 11538 11538 11539 11540 11540 11541 11542 11543 11544 11545 11545 11546 11547 11547 11548 11549 11548 11550 11549 11551 11552 11553 11553 11554 11555 11555 11556 11557 11557 11558 11559 11559 11560 11561 11561 11562 11563 11563 11564 11565 11565 11566 11567 11567 11568 11569 11569 11570 11571 11571 11572 11573 11573 11574 11575 11575 11576 11577 11577 11578 11579 11579 11580 11581 11581 11582 11583 11583 11584 11585 11585 11586 11587 11587 11588 11589 11589 11590 11591 11591 11592 11593 11593 11594 11595 11595 11596 11597 11597 11598 11528 11599 11600 11601 11602 11603 11604 11605 11606 11607 11608 11609 11610 11611 11612 11613 11611 11614 11615 11541 11616 11542 11616 11615 11614 11616 11541 11615 11614 11611 11613 11608 11612 11611 11612 11608 11610 11609 11605 11607 11609 11608 11605 11606 11602 11604 11606 11605 11602 11603 11601 11600 11603 11602 11601 11600 11599 11543 11598 11597 11596 11596 11595 11594 11594 11593 11592 11592 11591 11590 11590 11589 11588 11588 11587 11586 11586 11585 11584 11584 11583 11582 11582 11581 11580 11580 11579 11578 11578 11577 11576 11576 11575 11574 11574 11573 11572 11572 11571 11570 11570 11569 11568 11568 11567 11566 11566 11565 11564 11564 11563 11562 11562 11561 11560 11560 11559 11558 11558 11557 11556 11556 11555 11554 11554 11553 11552 11552 11551 11617 11617 11550 11548 11550 11617 11551 11548 11547 11546 11546 11545 11544 11544 11543 11599 11541 11540 11539 11539 11538 11537 11537 11536 11618 11535 11618 11536 11535 11533 11618 11533 11532 11531 11531 11530 11529 11529 11528 11598 11619 11620 11621 11622 11623 11619 11624 11625 11622 11626 11627 11621 11621 11628 11619 11619 11629 11622 11630 11622 11629 11622 11630 11631 11629 11619 11628 11628 11621 11632 11632 11621 11627 11627 11626 11633 11625 11624 11634 11623 11622 11625 11620 11619 11623 11621 11635 11626 11634 11636 11625 11625 11637 11623 11623 11638 11620 11620 11639 11635 11639 11620 11638 11638 11623 11637 11637 11625 11636 11636 11634 11640 11622 11631 11624 11635 11621 11620 11641 11642 11643 11644 11645 11646 11647 11644 11646 11648 11643 11647 11646 11649 11650 11651 11646 11650 11652 11647 11651 11650 11653 11654 11655 11650 11654 11656 11651 11655 11654 11657 11658 11659 11654 11658 11660 11659 11661 11659 11660 11655 11658 11662 11663 11664 11658 11663 11665 11659 11664 11663 11666 11667 11668 11663 11667 11668 11669 11664 11667 11670 11671 11668 11671 11672 11671 11673 11674 11674 11675 11671 11676 11674 11673 11674 11676 11677 11680 11679 11676 11678 11681 11680 11682 11683 11681 11684 11683 11685 11683 11684 11681 11687 11683 11686 11683 11687 11685 11688 11686 11689 11690 11688 11691 11688 11690 11687 11692 11689 11693 11694 11688 11692 11695 11693 11696 11697 11692 11695 11698 11696 11699 11700 11695 11698 11697 11700 11701 11702 11699 11703 11704 11698 11702 11701 11704 11705 11706 11703 11707 11708 11702 11706 11705 11708 11709 11710 11707 11711 11712 11706 11710 11709 11712 11713 11714 11711 11715 11716 11710 11714 11713 11716 11717 11718 11715 11719 11720 11714 11718 11717 11720 11721 11722 11719 11723 11724 11718 11722 11721 11724 11725 11726 11723 11727 11728 11722 11726 11725 11728 11729 11730 11727 11731 11732 11726 11730 11729 11732 11733 11734 11735 11730 11734 11730 11731 11736 11730 11735 11733 11736 11737 11738 11739 11735 11740 11735 11739 11737 11740 11741 11742 11743 11739 11744 11739 11743 11741 11744 11745 11746 11747 11743 11748 11743 11747 11745 11748 11749 11750 11751 11747 11752 11747 11751 11749 11752 11753 11754 11755 11751 11756 11751 11755 11753 11756 11757 11758 11759 11755 11760 11755 11759 11757 11760 11761 11762 11763 11759 11764 11759 11763 11761 11764 11765 11763 11766 11767 11768 11763 11767 11765 11768 11769 11767 11770 11771 11772 11767 11771 11767 11772 11768 11773 11769 11768 11773 11768 11774 11769 11773 11775 11768 11772 11774 11770 11767 11766 11768 11765 11764 11763 11768 11764 11643 11776 11644 11764 11761 11760 11759 11764 11760 11763 11762 11777 11776 11778 11644 11755 11760 11756 11759 11758 11762 11756 11753 11752 11751 11756 11752 11755 11754 11758 11752 11749 11748 11747 11752 11748 11751 11750 11754 11748 11745 11744 11743 11748 11744 11747 11746 11750 11744 11741 11740 11739 11744 11740 11743 11742 11746 11740 11737 11736 11735 11740 11736 11739 11738 11742 11736 11733 11732 11730 11736 11732 11735 11734 11738 11732 11729 11728 11726 11732 11728 11727 11730 11726 11728 11725 11724 11722 11728 11724 11723 11726 11722 11724 11721 11720 11718 11724 11720 11719 11722 11718 11720 11717 11716 11714 11720 11716 11715 11718 11714 11716 11713 11712 11710 11716 11712 11711 11714 11710 11712 11709 11708 11706 11712 11708 11707 11710 11706 11708 11705 11704 11702 11708 11704 11703 11706 11702 11704 11701 11700 11698 11704 11700 11699 11702 11698 11695 11700 11697 11696 11698 11695 11697 11694 11692 11693 11695 11692 11688 11694 11691 11689 11692 11688 11686 11688 11687 11681 11678 11682 11676 11679 11677 11676 11678 11680 11671 11675 11672 11673 11671 11670 11667 11671 11668 11670 11667 11666 11664 11669 11665 11663 11668 11664 11666 11663 11662 11659 11665 11661 11658 11664 11659 11662 11658 11657 11655 11660 11656 11654 11659 11655 11657 11654 11653 11651 11656 11652 11650 11655 11651 11653 11650 11649 11647 11652 11648 11646 11651 11647 11649 11646 11645 11643 11648 11641 11644 11647 11643 11645 11644 11778 11642 11641 11779 11776 11643 11642 11778 11776 11780 11781 11779 11782 11783 11642 11781 11780 11783 11784 11785 11782 11786 11787 11781 11785 11784 11787 11788 11789 11786 11790 11791 11785 11789 11788 11791 11792 11793 11790 11794 11795 11789 11793 11795 11792 11791 11796 11794 11797 11798 11799 11800 11801 11802 11795 11803 11797 11804 11805 11796 11803 11805 11806 11801 11807 11804 11808 11809 11803 11807 11809 11810 11805 11811 11808 11812 11813 11807 11811 11813 11814 11809 11815 11812 11816 11817 11811 11815 11817 11818 11813 11819 11816 11820 11821 11815 11819 11821 11822 11817 11823 11820 11824 11799 11819 11823 11799 11798 11821 11825 11824 11826 11827 11823 11825 11827 11800 11799 11828 11826 11829 11830 11825 11828 11831 11827 11830 11829 11832 11828 11830 11833 11834 11831 11835 11836 11779 11781 11642 11642 11783 11776 11783 11780 11776 11782 11785 11781 11781 11787 11783 11787 11784 11783 11786 11789 11785 11785 11791 11787 11791 11788 11787 11790 11793 11789 11789 11795 11791 11792 11795 11802 11794 11796 11793 11793 11801 11795 11802 11801 11806 11797 11803 11796 11796 11805 11801 11806 11805 11810 11804 11807 11803 11803 11809 11805 11810 11809 11814 11808 11811 11807 11807 11813 11809 11814 11813 11818 11812 11815 11811 11811 11817 11813 11818 11817 11822 11816 11819 11815 11815 11821 11817 11822 11821 11798 11820 11823 11819 11819 11799 11821 11760 11757 11756 11835 11831 11830 11835 11830 11834 11833 11830 11828 11833 11828 11832 11832 11829 11837 11827 11831 11838 11825 11830 11827 11826 11828 11825 11800 11827 11838 11823 11827 11799 11824 11825 11823 11766 11763 11777 11801 11793 11796 11839 11840 11841 11842 11843 11844 11844 11845 11846 11847 11841 11848 11849 11839 11847 11850 11851 11849 11843 11852 11845 11847 11853 11854 11855 11847 11854 11856 11849 11855 11856 11852 11850 11854 11857 11858 11855 11858 11859 11859 11856 11855 11860 11861 11856 11861 11860 11862 11856 11859 11860 11858 11855 11854 11857 11854 11853 11852 11856 11861 11849 11856 11850 11847 11855 11849 11853 11847 11848 11852 11843 11850 11851 11850 11843 11839 11849 11851 11841 11847 11839 11845 11844 11843 11843 11842 11851 11863 11851 11842 11840 11839 11863 11851 11863 11839 11864 11865 11866 11865 11864 11867 11866 11868 11864 11869 11870 11868 11871 11872 11865 11871 11865 11873 11874 11865 11872 11875 11866 11874 11875 11876 11869 11872 11877 11878 11878 11874 11872 11874 11878 11879 11880 11875 11874 11875 11881 11882 11881 11875 11883 11875 11880 11883 11874 11879 11880 11877 11872 11884 11876 11875 11882 11866 11875 11869 11865 11874 11866 11872 11871 11884 11870 11869 11876 11868 11866 11869 11867 11873 11865 11873 11867 11885 11886 11887 11888 11889 11890 11887 11890 11889 11891 11892 11888 11893 11894 11893 11895 11896 11895 11897 11895 11896 11894 11896 11898 11899 11899 11900 11901 11900 11899 11898 11901 11902 11903 11904 11905 11906 11903 11907 11904 11907 11903 11902 11908 11909 11910 11911 11905 11909 11905 11911 11906 11912 11910 11913 11914 11913 11915 11916 11915 11917 11915 11916 11914 11916 11918 11919 11919 11920 11921 11920 11919 11918 11921 11922 11923 11924 11890 11891 11923 11925 11924 11925 11923 11922 11890 11924 11925 11922 11921 11920 11918 11916 11917 11913 11914 11912 11910 11912 11908 11909 11908 11911 11905 11904 11907 11902 11901 11900 11898 11896 11897 11893 11894 11892 11888 11892 11886 11887 11886 11889 11926 11927 11928 11929 11930 11931 11932 11933 11934 11935 11936 11937 11938 11939 11936 11940 11941 11939 11942 11943 11944 11945 11946 11947 11948 11949 11950 11951 11952 11953 11954 11955 11952 11956 11957 11955 11958 11927 11957 11927 11958 11928 11957 11956 11958 11955 11954 11956 11948 11953 11959 11953 11948 11951 11952 11951 11954 11950 11960 11945 11960 11950 11949 11949 11948 11959 11946 11945 11960 11947 11961 11942 11961 11947 11946 11943 11942 11961 11962 11943 11941 11943 11962 11944 11941 11940 11962 11939 11938 11940 11932 11937 11963 11937 11932 11935 11936 11935 11938 11934 11964 11929 11964 11934 11933 11933 11932 11963 11930 11929 11964 11931 11965 11926 11965 11931 11930 11927 11926 11965 11966 11967 11968 11969 11970 11967 11970 11969 11971 11972 11968 11973 11974 11973 11975 11976 11975 11977 11975 11976 11974 11976 11978 11979 11979 11980 11981 11980 11979 11978 11981 11982 11983 11984 11985 11986 11983 11987 11984 11987 11983 11982 11988 11989 11990 11991 11985 11989 11985 11991 11986 11992 11990 11993 11994 11993 11995 11996 11995 11997 11995 11996 11994 11996 11998 11999 11999 12000 12001 12000 11999 11998 12001 12002 12003 12004 11970 11971 12003 12005 12004 12005 12003 12002 11970 12004 12005 12002 12001 12000 11998 11996 11997 11993 11994 11992 11990 11992 11988 11989 11988 11991 11985 11984 11987 11982 11981 11980 11978 11976 11977 11973 11974 11972 11968 11972 11966 11967 11966 11969 12006 12007 12008 12009 12010 12011 12012 12008 12013 12014 12013 12015 12016 12015 12017 12015 12016 12014 12016 12018 12019 12019 12020 12021 12020 12019 12018 12021 12022 12023 12024 12025 12026 12023 12027 12024 12027 12023 12022 12028 12029 12030 12031 12025 12029 12025 12031 12026 12032 12030 12033 12034 12033 12035 12036 12035 12037 12035 12036 12034 12036 12038 12039 12039 12040 12041 12040 12039 12038 12041 12042 12043 12044 12009 12011 12043 12045 12044 12045 12043 12042 12009 12044 12045 12042 12041 12040 12038 12036 12037 12033 12034 12032 12030 12032 12028 12029 12028 12031 12025 12024 12027 12022 12021 12020 12018 12016 12017 12013 12014 12012 12008 12012 12006 12007 12006 12010 12010 12009 12007 12046 12047 12048 12049 12050 12047 12051 12052 12053 12053 12054 12051 12055 12056 12057 12057 12058 12055 12059 12060 12061 12061 12062 12059 12063 12064 12065 12065 12066 12063 12067 12068 12066 12069 12070 12068 12071 12072 12070 12073 12074 12075 12075 12076 12073 12077 12078 12079 12079 12080 12077 12081 12082 12083 12083 12084 12081 12085 12086 12087 12087 12088 12085 12089 12090 12088 12091 12092 12090 12093 12094 12092 12095 12096 12097 12097 12098 12095 12099 12100 12101 12101 12102 12099 12103 12104 12105 12105 12106 12103 12107 12108 12109 12109 12110 12107 12111 12112 12110 12113 12114 12112 12115 12116 12114 12117 12118 12119 12119 12120 12117 12121 12122 12123 12123 12124 12121 12125 12126 12127 12127 12128 12125 12129 12130 12131 12131 12132 12129 12133 12048 12132 12048 12134 12135 12047 12136 12134 12050 12137 12136 12051 12138 12137 12054 12139 12138 12055 12140 12139 12058 12141 12140 12059 12142 12141 12062 12143 12142 12063 12144 12143 12066 12145 12144 12068 12146 12145 12070 12147 12146 12072 12148 12147 12073 12149 12148 12076 12150 12149 12077 12151 12150 12080 12152 12151 12081 12153 12152 12084 12154 12153 12085 12155 12154 12088 12156 12155 12090 12157 12156 12092 12158 12157 12094 12159 12158 12095 12160 12159 12098 12161 12160 12099 12162 12161 12102 12163 12162 12103 12164 12163 12106 12165 12164 12107 12166 12165 12110 12167 12166 12112 12168 12167 12114 12169 12168 12116 12170 12169 12117 12171 12170 12120 12172 12171 12121 12173 12172 12124 12174 12173 12125 12175 12174 12128 12176 12175 12129 12177 12176 12132 12135 12177 12135 12132 12048 12177 12129 12132 12176 12128 12129 12175 12125 12128 12174 12124 12125 12173 12121 12124 12172 12120 12121 12171 12117 12120 12170 12116 12117 12169 12114 12116 12168 12112 12114 12167 12110 12112 12047 12046 12049 12050 12049 12178 12052 12051 12050 12052 12050 12178 12054 12053 12179 12056 12055 12054 12056 12054 12179 12058 12057 12180 12060 12058 12180 12058 12060 12059 12062 12061 12181 12064 12062 12181 12062 12064 12063 12066 12065 12067 12068 12067 12069 12070 12069 12071 12072 12071 12182 12074 12073 12072 12074 12072 12182 12076 12075 12183 12078 12077 12076 12078 12076 12183 12080 12079 12184 12082 12080 12184 12080 12082 12081 12084 12083 12185 12086 12084 12185 12084 12086 12085 12088 12087 12089 12090 12089 12091 12092 12091 12093 12094 12093 12186 12096 12095 12094 12096 12094 12186 12098 12097 12187 12100 12099 12098 12100 12098 12187 12102 12101 12188 12104 12102 12188 12102 12104 12103 12106 12105 12189 12108 12106 12189 12106 12108 12107 12110 12109 12111 12112 12111 12113 12114 12113 12115 12116 12115 12190 12118 12117 12116 12118 12116 12190 12120 12119 12191 12122 12121 12120 12122 12120 12191 12124 12123 12192 12126 12124 12192 12124 12126 12125 12128 12127 12193 12130 12128 12193 12128 12130 12129 12132 12131 12133 12048 12133 12046 12134 12048 12047 12136 12047 12050 12137 12050 12051 12138 12051 12054 12139 12054 12055 12140 12055 12058 12141 12058 12059 12142 12059 12062 12143 12062 12063 12144 12063 12066 12145 12066 12068 12146 12068 12070 12147 12070 12072 12148 12072 12073 12149 12073 12076 12150 12076 12077 12151 12077 12080 12152 12080 12081 12153 12081 12084 12154 12084 12085 12155 12085 12088 12156 12088 12090 12157 12090 12092 12158 12092 12094 12159 12094 12095 12160 12095 12098 12161 12098 12099 12162 12099 12102 12163 12102 12103 12164 12103 12106 12165 12106 12107 12166 12107 12110 12194 12195 12196 12197 12198 12194 12195 12194 12198 12196 12195 12199 12200 12199 12201 12199 12200 12196 12202 12201 12203 12204 12203 12205 12206 12205 12207 12208 12207 12209 12208 12210 12211 12211 12212 12213 12213 12214 12215 12216 12217 12218 12201 12202 12200 12205 12206 12204 12210 12208 12209 12214 12213 12212 12217 12219 12220 12221 12218 12222 12203 12204 12202 12212 12211 12210 12215 12220 12219 12218 12221 12216 12223 12222 12224 12225 12224 12226 12227 12228 12229 12229 12230 12197 12207 12208 12206 12217 12216 12219 12224 12225 12223 12231 12226 12232 12231 12233 12227 12230 12229 12228 12220 12215 12214 12226 12231 12225 12228 12227 12233 12222 12223 12221 12198 12197 12230 12233 12231 12232 12234 12235 12236 12237 12238 12239 12240 12241 12238 12242 12243 12241 12244 12245 12246 12245 12244 12243 12247 12246 12248 12247 12248 12249 12249 12250 12251 12246 12247 12244 12250 12249 12248 12252 12251 12250 12243 12242 12245 12238 12237 12240 12253 12239 12254 12255 12254 12235 12236 12256 12234 12257 12258 12259 12260 12261 12262 12262 12263 12264 12265 12266 12267 12267 12268 12269 12241 12240 12242 12254 12255 12253 12258 12257 12256 12270 12259 12271 12270 12272 12260 12263 12262 12261 12264 12273 12274 12274 12275 12265 12268 12267 12266 12269 12276 12252 12239 12253 12237 12259 12270 12257 12261 12260 12272 12275 12274 12273 12276 12269 12268 12235 12234 12255 12273 12264 12263 12251 12252 12276 12266 12265 12275 12272 12270 12271 12256 12236 12258 12277 12278 12279 12280 12281 12282 12283 12284 12285 12286 12287 12288 12289 12290 12291 12292 12293 12294 12295 12296 12297 12298 12299 12300 12301 12302 12303 12304 12305 12306 12307 12308 12309 12310 12311 12312 12313 12314 12315 12316 12317 12318 12319 12309 12320 12321 12322 12323 12324 12325 12326 12281 12283 12285 12283 12281 12280 12284 12286 12288 12286 12284 12283 12287 12286 12289 12287 12289 12291 12290 12289 12292 12290 12292 12327 12293 12292 12328 12328 12292 12329 12330 12292 12295 12292 12330 12331 12332 12295 12333 12295 12332 12330 12333 12295 12334 12335 12297 12336 12297 12335 12295 12295 12335 12337 12336 12297 12338 12295 12337 12334 12292 12331 12329 12339 12340 12341 12341 12340 12342 12343 12340 12327 12340 12343 12344 12340 12344 12342 12343 12327 12345 12294 12327 12292 12327 12294 12346 12327 12346 12345 12340 12339 12297 12297 12339 12338 12296 12295 12298 12296 12298 12300 12299 12301 12303 12301 12299 12298 12302 12304 12306 12304 12302 12301 12305 12347 12348 12347 12305 12304 12308 12310 12312 12310 12308 12307 12311 12310 12313 12311 12313 12315 12314 12313 12316 12314 12316 12318 12317 12316 12277 12317 12277 12349 12278 12277 12350 12350 12277 12351 12352 12277 12321 12277 12352 12353 12354 12321 12355 12321 12354 12352 12355 12321 12356 12357 12323 12358 12323 12357 12321 12321 12357 12359 12358 12323 12360 12321 12359 12356 12277 12353 12351 12361 12362 12363 12363 12362 12364 12365 12362 12349 12362 12365 12366 12362 12366 12364 12365 12349 12367 12279 12349 12277 12349 12279 12368 12349 12368 12367 12362 12361 12323 12323 12361 12360 12322 12324 12326 12324 12322 12321 12325 12369 12370 12369 12325 12324 12371 12372 12373 12372 12371 12369 12374 12375 12376 12375 12374 12372 12377 12378 12379 12378 12377 12380 12379 12381 12377 12382 12348 12347 12348 12382 12383 12384 12347 12385 12347 12384 12382 12385 12347 12386 12348 12383 12381 12381 12379 12348 12386 12387 12388 12388 12387 12389 12387 12386 12347 12390 12387 12307 12387 12390 12391 12390 12307 12392 12393 12309 12319 12309 12393 12307 12369 12371 12370 12307 12393 12394 12307 12394 12392 12395 12320 12309 12396 12378 12397 12397 12378 12398 12378 12396 12395 12320 12395 12396 12399 12400 12401 12400 12399 12402 12401 12403 12399 12404 12376 12375 12376 12404 12405 12406 12375 12407 12375 12406 12404 12407 12375 12408 12376 12405 12403 12403 12401 12376 12408 12409 12410 12410 12409 12411 12409 12408 12375 12412 12409 12280 12409 12412 12413 12412 12280 12414 12415 12282 12416 12282 12415 12280 12416 12282 12417 12280 12415 12418 12280 12418 12414 12419 12417 12282 12420 12400 12421 12421 12400 12422 12400 12420 12419 12417 12419 12420 12409 12413 12411 12400 12402 12422 12387 12391 12389 12378 12380 12398 12372 12374 12373 12423 12424 12425 12426 12427 12428 12427 12426 12429 12428 12430 12431 12432 12433 12434 12431 12435 12432 12435 12431 12430 12424 12423 12436 12425 12433 12423 12433 12425 12434 12437 12436 12438 12439 12438 12440 12441 12440 12442 12440 12441 12439 12441 12443 12444 12444 12445 12446 12445 12444 12443 12446 12447 12448 12449 12450 12451 12448 12452 12449 12452 12448 12447 12453 12454 12455 12456 12450 12454 12450 12456 12451 12457 12455 12458 12459 12458 12460 12461 12460 12462 12460 12461 12459 12458 12459 12457 12455 12457 12453 12454 12453 12456 12450 12449 12452 12447 12446 12445 12443 12441 12442 12438 12439 12437 12436 12437 12424 12433 12432 12435 12430 12428 12427 12429 12461 12462 12461 12429 12426 12463 12464 12465 12466 12467 12464 12468 12469 12470 12471 12472 12473 12474 12475 12476 12477 12478 12479 12480 12481 12478 12482 12483 12481 12484 12485 12483 12485 12484 12486 12483 12482 12484 12481 12480 12482 12474 12479 12487 12479 12474 12477 12478 12477 12480 12476 12488 12471 12489 12485 12486 12488 12476 12475 12490 12465 12491 12472 12471 12488 12473 12492 12468 12492 12473 12472 12469 12468 12492 12493 12469 12467 12469 12493 12470 12467 12466 12493 12464 12463 12466 12494 12491 12495 12491 12494 12490 12465 12490 12463 12496 12497 12498 12497 12496 12499 12499 12494 12495 12500 12498 12497 12501 12502 12489 12502 12501 12500 12485 12489 12502 12494 12499 12496 12498 12500 12501 12475 12474 12487 12503 12504 12505 12506 12507 12508 12508 12509 12510 12509 12508 12507 12510 12511 12512 12513 12514 12515 12512 12516 12513 12516 12512 12511 12504 12503 12517 12505 12514 12503 12514 12505 12515 12518 12517 12519 12520 12519 12521 12522 12521 12523 12521 12522 12520 12522 12524 12525 12525 12526 12527 12526 12525 12524 12527 12528 12529 12530 12531 12532 12519 12520 12518 12524 12522 12523 12528 12527 12526 12531 12530 12533 12534 12535 12536 12537 12538 12535 12539 12540 12538 12541 12506 12540 12506 12541 12542 12540 12539 12541 12538 12537 12539 12531 12536 12532 12536 12531 12534 12535 12534 12537 12533 12529 12528 12529 12533 12530 12507 12506 12542 12514 12513 12516 12511 12510 12509 12517 12518 12504 12543 12544 12545 12545 12546 12547 12546 12545 12544 12547 12548 12549 12550 12551 12552 12549 12553 12550 12553 12549 12548 12554 12555 12556 12557 12551 12555 12551 12557 12552 12558 12556 12559 12560 12559 12561 12562 12561 12563 12561 12562 12560 12562 12564 12565 12565 12566 12567 12566 12565 12564 12567 12568 12569 12570 12571 12572 12569 12573 12570 12573 12569 12568 12574 12575 12576 12577 12571 12575 12571 12577 12572 12578 12576 12579 12580 12579 12581 12543 12581 12582 12581 12543 12580 12579 12580 12578 12576 12578 12574 12575 12574 12577 12571 12570 12573 12568 12567 12566 12564 12562 12563 12559 12560 12558 12556 12558 12554 12555 12554 12557 12551 12550 12553 12548 12547 12546 12544 12543 12582 12583 12584 12585 12586 12585 12587 12588 12587 12589 12590 12589 12591 12592 12593 12594 12595 12596 12597 12598 12597 12599 12600 12599 12601 12602 12601 12603 12604 12605 12606 12607 12608 12609 12610 12609 12611 12612 12611 12613 12614 12613 12615 12616 12617 12618 12619 12620 12621 12622 12621 12623 12624 12623 12625 12626 12625 12627 12628 12629 12630 12631 12632 12633 12626 12634 12635 12627 12636 12637 12636 12628 12630 12636 12627 12628 12638 12627 12637 12626 12639 12634 12626 12640 12641 12640 12627 12638 12640 12626 12627 12639 12626 12641 12631 12635 12632 12635 12631 12626 12584 12642 12643 12644 12645 12646 12631 12645 12644 12647 12631 12633 12645 12631 12647 12644 12642 12584 12648 12644 12646 12649 12644 12648 12642 12644 12649 12650 12584 12643 12584 12629 12628 12629 12584 12650 12625 12626 12624 12623 12624 12622 12621 12622 12619 12620 12619 12616 12620 12651 12652 12620 12618 12651 12618 12620 12616 12616 12653 12654 12655 12620 12652 12614 12656 12657 12615 12658 12659 12615 12660 12658 12620 12661 12662 12661 12620 12655 12620 12660 12615 12660 12620 12662 12614 12663 12656 12614 12664 12665 12664 12615 12659 12664 12614 12615 12663 12614 12665 12616 12666 12653 12616 12667 12668 12667 12614 12657 12667 12616 12614 12666 12616 12668 12617 12616 12654 12613 12614 12612 12611 12612 12610 12609 12610 12607 12608 12607 12604 12608 12669 12670 12604 12669 12608 12669 12604 12606 12602 12671 12672 12673 12608 12670 12603 12674 12675 12603 12676 12674 12608 12677 12678 12677 12608 12673 12603 12678 12676 12678 12603 12608 12602 12679 12671 12602 12680 12681 12680 12603 12675 12679 12602 12681 12604 12682 12683 12604 12684 12682 12602 12685 12604 12686 12602 12672 12685 12602 12686 12684 12604 12685 12605 12604 12683 12601 12602 12600 12599 12600 12598 12597 12598 12595 12596 12595 12592 12590 12687 12688 12596 12689 12690 12592 12689 12596 12689 12592 12594 12591 12691 12692 12591 12693 12691 12694 12596 12690 12591 12695 12696 12695 12596 12694 12695 12591 12596 12693 12591 12696 12590 12697 12687 12591 12698 12590 12699 12591 12692 12698 12591 12699 12697 12590 12698 12592 12700 12701 12592 12702 12700 12590 12703 12704 12703 12590 12688 12590 12702 12592 12702 12590 12704 12593 12592 12701 12589 12590 12588 12587 12588 12586 12585 12586 12583 12584 12583 12644 12680 12602 12603 12705 12706 12707 12707 12706 12708 12709 12710 12706 12708 12706 12711 12706 12705 12709 12710 12712 12713 12710 12709 12712 12711 12706 12714 12715 12716 12717 12718 12719 12715 12720 12715 12721 12715 12717 12718 12719 12718 12722 12721 12715 12723 12719 12722 12724 12716 12715 12720 12725 12726 12727 12728 12729 12730 12731 12730 12732 12733 12732 12734 12735 12736 12737 12738 12737 12739 12740 12739 12726 12741 12742 12736 12742 12741 12743 12744 12736 12745 12736 12744 12746 12747 12745 12748 12745 12747 12744 12748 12745 12749 12736 12746 12750 12736 12750 12741 12749 12751 12752 12752 12751 12753 12751 12749 12745 12754 12751 12733 12751 12754 12755 12756 12733 12757 12757 12734 12758 12758 12734 12759 12734 12757 12733 12733 12756 12760 12733 12760 12754 12761 12742 12762 12762 12742 12763 12742 12761 12734 12734 12761 12759 12751 12755 12753 12742 12743 12763 12764 12765 12766 12729 12728 12765 12730 12731 12728 12732 12733 12731 12736 12735 12745 12737 12738 12735 12739 12740 12738 12726 12725 12740 12765 12764 12729 12767 12768 12769 12770 12771 12768 12772 12773 12771 12774 12775 12773 12776 12777 12778 12767 12779 12780 12767 12781 12779 12775 12774 12782 12773 12772 12774 12771 12770 12772 12768 12767 12770 12783 12784 12785 12778 12777 12786 12777 12776 12769 12769 12776 12787 12788 12789 12790 12777 12791 12786 12792 12793 12794 12795 12796 12784 12797 12798 12796 12793 12792 12798 12799 12777 12783 12777 12799 12791 12800 12783 12785 12783 12800 12801 12802 12785 12803 12785 12802 12800 12803 12785 12804 12783 12801 12805 12783 12805 12799 12804 12788 12806 12806 12788 12790 12788 12804 12785 12780 12788 12767 12788 12780 12789 12781 12767 12807 12807 12769 12808 12808 12769 12787 12769 12807 12767 12784 12783 12795 12796 12795 12797 12798 12797 12793 12809 12810 12811 12812 12809 12813 12814 12815 12809 12816 12817 12818 12819 12809 12812 12816 12818 12813 12815 12814 12820 12817 12816 12821 12822 12823 12824 12814 12809 12825 12821 12816 12826 12823 12827 12828 12825 12809 12829 12830 12809 12811 12826 12816 12827 12828 12827 12816 12809 12830 12829 12810 12809 12819 12823 12822 12827 12813 12818 12812 12831 12832 12833 12834 12835 12836 12837 12838 12839 12838 12837 12831 12840 12841 12842 12835 12834 12840 12835 12840 12843 12843 12840 12844 12845 12831 12846 12831 12845 12840 12840 12845 12847 12846 12831 12833 12840 12847 12844 12848 12837 12849 12837 12848 12831 12850 12837 12851 12837 12850 12849 12831 12848 12832 12852 12837 12834 12837 12852 12853 12854 12834 12855 12834 12854 12852 12837 12853 12856 12837 12856 12851 12855 12834 12857 12858 12834 12836 12834 12858 12857 12841 12840 12834 12859 12860 12861 12862 12863 12864 12865 12866 12867 12868 12860 12869 12860 12868 12870 12871 12869 12872 12869 12871 12868 12872 12869 12873 12860 12874 12875 12869 12876 12873 12860 12870 12861 12865 12867 12877 12878 12860 12862 12860 12878 12879 12869 12880 12881 12882 12865 12869 12874 12860 12859 12860 12863 12862 12863 12860 12875 12883 12862 12864 12862 12884 12865 12885 12862 12883 12884 12862 12885 12866 12865 12884 12880 12865 12877 12880 12869 12865 12865 12882 12886 12876 12869 12881 12887 12888 12889 12890 12891 12888 12892 12893 12891 12894 12895 12896 12897 12898 12899 12900 12901 12902 12902 12903 12900 12891 12890 12892 12893 12892 12904 12905 12906 12907 12898 12897 12908 12903 12902 12909 12909 12910 12903 12893 12904 12894 12895 12906 12905 12911 12907 12912 12901 12900 12899 12910 12909 12913 12914 12915 12916 12894 12917 12893 12912 12907 12906 12910 12913 12918 12919 12918 12920 12916 12915 12920 12921 12922 12914 12907 12911 12923 12908 12923 12911 12910 12918 12924 12918 12919 12925 12888 12887 12890 12926 12927 12921 12895 12894 12906 12894 12896 12917 12928 12920 12915 12922 12921 12927 12923 12908 12897 12918 12925 12924 12915 12914 12922 12899 12898 12901 12889 12926 12887 12920 12928 12919 12927 12926 12889 12929 12930 12931 12932 12933 12934 12935 12929 12931 12936 12937 12938 12939 12929 12935 12940 12941 12942 12943 12944 12930 12929 12933 12932 12932 12945 12946 12944 12947 12948 12944 12943 12949 12930 12929 12943 12933 12929 12939 12945 12932 12934 12932 12942 12941 12948 12947 12940 12940 12950 12951 12942 12932 12946 12941 12940 12952 12947 12944 12949 12950 12940 12947 12952 12953 12954 12955 12940 12951 12956 12957 12958 12940 12959 12952 12960 12953 12961 12938 12958 12936 12962 12952 12959 12953 12960 12954 12961 12963 12960 12958 12938 12964 12937 12949 12943 12953 12952 12962 12963 12957 12965 12956 12958 12964 12949 12937 12936 12957 12963 12961 12957 12956 12965 12959 12940 12955 12966 12967 12968 12966 12968 12969 12967 12966 12970 12971 12972 12973 12972 12971 12974 12974 12971 12975 12976 12977 12978 12978 12979 12980 12979 12978 12977 12981 12980 12979 12982 12983 12981 12984 12985 12982 12986 12987 12984 12988 12989 12986 12990 12991 12988 12992 12993 12990 12994 12995 12992 12995 12994 12996 12993 12992 12995 12991 12990 12993 12989 12988 12991 12987 12986 12989 12985 12984 12987 12983 12982 12985 12980 12981 12983 12977 12976 12997 12998 12999 13000 13001 13002 13003 13004 13005 13006 13007 13001 13008 13009 13010 13011 13012 13013 13014 13013 13015 13016 13017 13012 13014 13018 12999 12998 12998 13016 13015 13019 13017 13020 13008 13021 13007 13022 13023 13003 13001 13007 13024 13025 13019 13020 12999 13018 13009 13023 13005 13004 13012 13017 13019 13013 13012 13015 13019 13025 13026 13021 13026 13025 13023 13022 13027 13005 13023 13027 13006 13010 13004 13016 12998 13000 13021 13008 13026 13002 13001 13024 13022 13003 13002 13010 13006 13011 13010 13009 13018 13028 13029 13030 13031 13032 13033 13031 13034 13035 13029 13035 13036 13028 13037 13038 13039 13040 13041 13039 13038 13040 13035 13042 13036 13038 13039 13028 13032 13031 13039 13029 13028 13035 13042 13035 13034 13034 13031 13043 13032 13039 13041 13037 13028 13030 13031 13033 13043 13044 13045 13046 13047 13048 13045 13045 13044 13047 13048 13047 13049 13050 13051 13052 13051 13050 13053 13052 13054 13050 13054 13052 13055 13056 13057 13058 13058 13059 13056 13057 13056 13060 13059 13058 13061 13062 13063 13064 13064 13065 13062 13063 13062 13066 13065 13064 13067 13068 13069 13070 13071 13072 13073 13074 13075 13076 13077 13078 13079 13069 13068 13080 13072 13080 13068 13081 13082 13083 13071 13084 13085 13086 13069 13087 13072 13071 13080 13069 13086 13070 13088 13089 13085 13089 13088 13090 13085 13084 13088 13089 13083 13082 13083 13089 13090 13075 13081 13076 13078 13077 13091 13079 13092 13077 13093 13094 13095 13075 13074 13095 13093 13095 13074 13082 13081 13075 13087 13096 13086 13094 13092 13079 13094 13093 13097 13096 13078 13091 13084 13071 13073 13096 13087 13078 13092 13094 13097 13098 13099 13100 13101 13102 13103 13098 13104 13105 13106 13107 13104 13108 13109 13107 13110 13109 13111 13112 13113 13102 13114 13098 13105 13113 13099 13115 13116 13117 13118 13119 13098 13114 13099 13113 13100 13103 13113 13115 13102 13117 13120 13121 13122 13123 13099 13098 13119 13117 13102 13101 13117 13116 13120 13124 13125 13126 13127 13125 13128 13129 13105 13104 13118 13124 13116 13122 13121 13128 13105 13129 13122 13108 13107 13130 13104 13098 13106 13113 13103 13102 13111 13109 13131 13109 13108 13132 13122 13129 13123 13109 13132 13131 13113 13112 13110 13133 13107 13134 13107 13133 13130 13125 13127 13126 13125 13124 13118 13127 13128 13121 13109 13110 13112 13107 13106 13134 13135 13136 13137 13135 13138 13136 13138 13135 13139 13140 13141 13142 13142 13141 13143 13141 13140 13144 13145 13146 13147 13147 13148 13149 13148 13147 13146 13146 13145 13150 13150 13151 13152 13152 13153 13154 13154 13155 13156 13156 13157 13158 13158 13159 13160 13160 13161 13162 13162 13163 13164 13164 13165 13166 13151 13150 13145 13153 13152 13151 13163 13162 13161 13161 13160 13159 13159 13158 13157 13165 13164 13163 13157 13156 13155 13155 13154 13153 13167 13168 13169 13170 13171 13172 13173 13174 13175 13175 13176 13167 13177 13167 13169 13174 13173 13178 13179 13175 13180 13168 13167 13176 13176 13175 13179 13178 13173 13181 13182 13173 13171 13173 13182 13181 13175 13174 13180 13171 13170 13182 13171 13177 13172 13177 13171 13167 13183 13184 13185 13185 13186 13183 13187 13188 13189 13188 13187 13190 13184 13183 13191 13189 13191 13187 13191 13189 13184 13186 13185 13192 13193 13194 13195 13196 13195 13197 13198 13197 13199 13200 13201 13194 13202 13203 13201 13204 13205 13203 13206 13207 13208 13209 13210 13211 13212 13213 13210 13207 13206 13213 13214 13199 13215 13208 13215 13206 13215 13208 13214 13199 13214 13198 13197 13198 13196 13195 13196 13193 13194 13193 13200 13201 13200 13202 13203 13202 13204 13205 13204 13216 13211 13216 13209 13210 13209 13212 13213 13212 13207 13216 13211 13205 13217 13218 13219 13220 13221 13222 13223 13224 13221 13225 13226 13224 13227 13228 13226 13229 13230 13228 13231 13232 13230 13232 13231 13233 13230 13229 13231 13228 13227 13229 13226 13225 13227 13224 13223 13225 13221 13220 13223 13222 13234 13220 13218 13217 13234 13219 13235 13217 13236 13237 13235 13238 13239 13237 13240 13233 13239 13233 13240 13232 13239 13238 13240 13237 13236 13238 13235 13219 13236 13234 13222 13218 13241 13242 13243 13244 13245 13242 13246 13247 13245 13248 13249 13247 13250 13251 13249 13252 13253 13251 13254 13255 13253 13256 13257 13255 13258 13259 13257 13260 13261 13259 13262 13263 13261 13264 13243 13263 13243 13264 13241 13263 13262 13264 13261 13260 13262 13259 13258 13260 13255 13254 13256 13253 13252 13254 13251 13250 13252 13249 13248 13250 13247 13246 13248 13245 13244 13246 13257 13256 13258 13242 13241 13244 13265 13266 13267 13268 13269 13266 13270 13271 13269 13272 13273 13271 13274 13275 13273 13276 13277 13275 13278 13279 13277 13280 13281 13279 13282 13283 13281 13284 13285 13283 13286 13287 13285 13287 13286 13288 13285 13284 13286 13283 13282 13284 13281 13280 13282 13279 13278 13280 13267 13288 13265 13277 13276 13278 13275 13274 13276 13273 13272 13274 13271 13270 13272 13269 13268 13270 13266 13265 13268 13288 13267 13287 13289 13290 13291 13292 13293 13294 13293 13292 13289 13294 13295 13296 13297 13298 13299 13296 13300 13297 13300 13296 13295 13301 13302 13303 13304 13298 13302 13298 13304 13299 13305 13303 13306 13307 13306 13308 13309 13308 13310 13308 13309 13307 13309 13311 13312 13312 13313 13314 13313 13312 13311 13314 13315 13316 13317 13318 13319 13316 13320 13317 13320 13316 13315 13321 13322 13323 13324 13318 13322 13318 13324 13319 13325 13323 13326 13327 13326 13328 13290 13328 13291 13328 13290 13327 13326 13327 13325 13323 13325 13321 13322 13321 13324 13318 13317 13320 13315 13314 13313 13311 13309 13310 13306 13307 13305 13303 13305 13301 13302 13301 13304 13298 13297 13300 13295 13294 13293 13290 13289 13292 13329 13330 13331 13332 13333 13330 13334 13335 13336 13337 13338 13339 13340 13341 13342 13343 13344 13345 13346 13347 13344 13348 13349 13347 13350 13351 13352 13353 13354 13355 13356 13357 13358 13358 13359 13353 13359 13358 13357 13357 13356 13360 13354 13353 13359 13355 13361 13350 13361 13355 13354 13351 13350 13361 13362 13351 13349 13351 13362 13352 13349 13348 13362 13347 13346 13348 13340 13345 13363 13345 13340 13343 13344 13343 13346 13342 13364 13337 13364 13342 13341 13341 13340 13363 13338 13337 13364 13339 13365 13334 13365 13339 13338 13335 13334 13365 13366 13335 13333 13331 13367 13329 13368 13356 13367 13356 13368 13360 13330 13329 13332 13333 13332 13366 13335 13366 13336 13367 13331 13368</p></triangles>
    </mesh></geometry>
  </library_geometries>
  <library_visual_scenes><visual_scene id="s">
    <node id="forearm_link" name="forearm_link"><instance_geometry url="#g"><bind_material><technique_common>
      <instance_material symbol="m0" target="#m0"/>
      <instance_material symbol="m1" target="#m1"/>
      <instance_material symbol="m2" target="#m2"/>
    </technique_common></bind_material></instance_geometry></node>
  </visual_scene></library_visual_scenes>
  <scene><instance_visual_scene url="#s"/></scene>
</COLLADA>
