<?xml version="1.0" encoding="utf-8"?>
<COLLADA xmlns="http://www.collada.org/2005/11/COLLADASchema" version="1.4.1">
  <asset><contributor><authoring_tool>scripts/cad/build_arm_description.py</authoring_tool></contributor><unit name="meter" meter="1"/><up_axis>Z_UP</up_axis></asset>
  <library_effects>
    <effect id="m0-fx"><profile_COMMON><technique sid="common"><phong><diffuse><color>0 0.6667 0 1</color></diffuse><specular><color>0.25 0.25 0.25 1</color></specular><shininess><float>30</float></shininess></phong></technique></profile_COMMON></effect>
    <effect id="m1-fx"><profile_COMMON><technique sid="common"><phong><diffuse><color>0.0784 0.0784 0.0784 1</color></diffuse><specular><color>0.25 0.25 0.25 1</color></specular><shininess><float>30</float></shininess></phong></technique></profile_COMMON></effect>
    <effect id="m2-fx"><profile_COMMON><technique sid="common"><phong><diffuse><color>0.1961 0.1961 0.1961 1</color></diffuse><specular><color>0.25 0.25 0.25 1</color></specular><shininess><float>30</float></shininess></phong></technique></profile_COMMON></effect>
    <effect id="m3-fx"><profile_COMMON><technique sid="common"><phong><diffuse><color>0.2745 0.2745 0.2745 1</color></diffuse><specular><color>0.25 0.25 0.25 1</color></specular><shininess><float>30</float></shininess></phong></technique></profile_COMMON></effect>
    <effect id="m4-fx"><profile_COMMON><technique sid="common"><phong><diffuse><color>0.3333 0.3333 1 1</color></diffuse><specular><color>0.25 0.25 0.25 1</color></specular><shininess><float>30</float></shininess></phong></technique></profile_COMMON></effect>
    <effect id="m5-fx"><profile_COMMON><technique sid="common"><phong><diffuse><color>0.7765 0.7569 0.7373 1</color></diffuse><specular><color>0.25 0.25 0.25 1</color></specular><shininess><float>30</float></shininess></phong></technique></profile_COMMON></effect>
    <effect id="m6-fx"><profile_COMMON><technique sid="common"><phong><diffuse><color>0.7922 0.8196 0.9333 1</color></diffuse><specular><color>0.25 0.25 0.25 1</color></specular><shininess><float>30</float></shininess></phong></technique></profile_COMMON></effect>
    <effect id="m7-fx"><profile_COMMON><technique sid="common"><phong><diffuse><color>0.8 0.8 0.8 1</color></diffuse><specular><color>0.25 0.25 0.25 1</color></specular><shininess><float>30</float></shininess></phong></technique></profile_COMMON></effect>
    <effect id="m8-fx"><profile_COMMON><technique sid="common"><phong><diffuse><color>1 0 0 1</color></diffuse><specular><color>0.25 0.25 0.25 1</color></specular><shininess><float>30</float></shininess></phong></technique></profile_COMMON></effect>
    <effect id="m9-fx"><profile_COMMON><technique sid="common"><phong><diffuse><color>1 1 1 1</color></diffuse><specular><color>0.25 0.25 0.25 1</color></specular><shininess><float>30</float></shininess></phong></technique></profile_COMMON></effect>
  </library_effects>
  <library_materials>
    <material id="m0"><instance_effect url="#m0-fx"/></material>
    <material id="m1"><instance_effect url="#m1-fx"/></material>
    <material id="m2"><instance_effect url="#m2-fx"/></material>
    <material id="m3"><instance_effect url="#m3-fx"/></material>
    <material id="m4"><instance_effect url="#m4-fx"/></material>
    <material id="m5"><instance_effect url="#m5-fx"/></material>
    <material id="m6"><instance_effect url="#m6-fx"/></material>
    <material id="m7"><instance_effect url="#m7-fx"/></material>
    <material id="m8"><instance_effect url="#m8-fx"/></material>
    <material id="m9"><instance_effect url="#m9-fx"/></material>
  </library_materials>
  <library_geometries>
    <geometry id="g" name="shoulder_link"><mesh>
        <source id="p"><float_array id="pa" count="52422">-0.001 0.024 0.128 0 0.024 0.128 0 0.0245 0.128 -0.0005 0.023 0.128 0 0.0235 0.128 -0.001 0.023 0.128 -0.0005 0.0245 0.128 -0.0015 0.023 0.128 -0.002 0.0235 0.128 -0.002 0.024 0.128 -0.002 0.0245 0.128 -0.0015 0.0245 0.128 -0.001 0.025 0.128 0 0.0235 0.128 0 0.024 0.118 0 0.024 0.128 0 0.0235 0.118 -0.0005 0.023 0.128 -0.0005 0.023 0.118 -0.001 0.023 0.128 -0.001 0.023 0.118 -0.0015 0.023 0.118 -0.002 0.0235 0.128 -0.002 0.0235 0.118 -0.002 0.024 0.128 -0.002 0.024 0.118 -0.002 0.0245 0.128 -0.002 0.0245 0.118 -0.0015 0.0245 0.128 -0.0015 0.0245 0.118 -0.001 0.025 0.128 -0.001 0.025 0.118 -0.0005 0.0245 0.128 -0.0005 0.0245 0.118 0 0.0245 0.128 0 0.0245 0.118 -0.0015 0.023 0.128 -0.001 0.022 0.128 -0.002 0.022 0.128 -0.002 0.0215 0.128 -0.0015 0.021 0.128 -0.001 0.021 0.128 -0.0005 0.021 0.128 0 0.0215 0.128 0 0.022 0.128 -0.0005 0.0225 0.128 0 0.0225 0.128 -0.0015 0.0225 0.128 -0.002 0.0225 0.128 -0.001 0.023 0.128 -0.002 0.022 0.128 -0.002 0.0215 0.118 -0.002 0.0215 0.128 -0.002 0.0225 0.128 -0.002 0.022 0.118 -0.0015 0.0225 0.128 -0.002 0.0225 0.118 -0.001 0.023 0.128 -0.0015 0.0225 0.118 -0.0005 0.0225 0.128 -0.001 0.023 0.118 0 0.0225 0.128 -0.0005 0.0225 0.118 0 0.022 0.128 0 0.0225 0.118 -0.0015 0.021 0.118 -0.0015 0.021 0.128 0 0.022 0.118 -0.001 0.021 0.118 -0.0005 0.021 0.118 -0.001 0.021 0.128 0 0.0215 0.118 -0.0005 0.021 0.128 0 0.0215 0.128 -0.001 0.023 0.118 -0.0015 0.0225 0.118 -0.002 0.0245 0.118 -0.006 0.0285 0.118 -0.002 0.024 0.118 -0.006 0.0185 0.118 -0.002 0.0215 0.118 -0.002 0.022 0.118 0.006 0.0285 0.118 0.002 0.0245 0.118 0.002 0.024 0.118 0.001 0.023 0.118 0.0005 0.0225 0.118 0 0.0215 0.118 -0.0005 0.021 0.118 -0.0005 0.023 0.118 -0.0005 0.0225 0.118 0 0.0235 0.118 -0.0005 0.0245 0.118 -0.001 0.025 0.118 -0.0015 0.023 0.118 -0.002 0.0225 0.118 0.006 0.0185 0.118 0.002 0.0215 0.118 0.0015 0.021 0.118 -0.0015 0.021 0.118 -0.001 0.021 0.118 0.001 0.021 0.118 -0.0015 0.0245 0.118 0.001 0.025 0.118 0.0015 0.0245 0.118 0.0005 0.021 0.118 0.0005 0.0245 0.118 0.0015 0.0225 0.118 0 0.0225 0.118 0.0005 0.023 0.118 0.002 0.0235 0.118 0.002 0.0225 0.118 -0.002 0.0235 0.118 0.002 0.022 0.118 0.0015 0.023 0.118 -0.006 0.0285 0.118 0.006 0.0285 0.116 -0.006 0.0285 0.116 0.006 0.0285 0.118 0.006 0.0285 0.118 0.006 0.0185 0.116 0.006 0.0285 0.116 0.006 0.0185 0.118 0.006 0.0185 0.118 -0.006 0.0185 0.116 0.006 0.0185 0.116 -0.006 0.0185 0.118 -0.006 0.0185 0.118 -0.006 0.0285 0.116 -0.006 0.0185 0.116 -0.006 0.0285 0.118 0.0195 0.0175 0.11 0.022 0.094 0.1075 0.0195 0.094 0.11 0.019 0.0175 0.1135 0.019 0.094 0.1135 0.022 0.0175 0.1075 0.0255 0.094 0.107 0.0255 0.0175 0.107 -0.0195 0.0175 0.11 -0.019 0.094 0.1135 -0.0195 0.094 0.11 -0.022 0.0175 0.1075 -0.022 0.094 0.1075 -0.0255 0.0175 0.107 -0.0255 0.094 0.107 -0.019 0.0175 0.1135 0.0165 0.094 0.0625 0.0175 0.0175 0.066 0.0165 0.0175 0.0625 0.0175 0.094 0.066 0.02 0.0175 0.0685 0.023 0.0175 0.069 0.02 0.094 0.0685 0.023 0.094 0.069 -0.023 0.094 0.069 -0.02 0.0175 0.0685 -0.023 0.0175 0.069 -0.02 0.094 0.0685 -0.0175 0.0175 0.066 -0.0175 0.094 0.066 -0.0165 0.0175 0.0625 -0.0165 0.094 0.0625 -0.019 0.094 0.116 -0.019 0.0175 0.1135 -0.019 0.0175 0.116 -0.019 0.094 0.1135 0.019 0.094 0.1135 0.019 0.0175 0.116 0.019 0.0175 0.1135 0.019 0.094 0.116 0.0255 0.0175 0.107 0.028 0.094 0.107 0.0255 0.094 0.107 0.028 0.0175 0.107 0.023 0.094 0.069 0.028 0.0175 0.069 0.023 0.0175 0.069 0.028 0.094 0.069 0.026 0.094 0.1115 0.028 0.094 0.107 0.028 0.094 0.113 0.026 0.094 0.113 0.028 0.094 0.1145 0.025 0.094 0.114 0.025 0.094 0.116 0.0235 0.094 0.114 0.0195 0.094 0.11 0.021 0.094 0.1115 0.019 0.094 0.1135 0.026 0.094 0.1105 0.0215 0.094 0.113 0.022 0.094 0.1075 0.0235 0.094 0.109 0.0225 0.094 0.1095 0.0265 0.094 0.116 0.025 0.094 0.1095 0.0255 0.094 0.107 0.0215 0.094 0.1105 0.019 0.094 0.116 0.0225 0.094 0.114 -0.028 0.094 0.069 -0.023 0.0175 0.069 -0.028 0.0175 0.069 -0.023 0.094 0.069 -0.0255 0.094 0.107 -0.028 0.0175 0.107 -0.0255 0.0175 0.107 -0.028 0.094 0.107 -0.021 0.094 0.1115 -0.0195 0.094 0.11 -0.019 0.094 0.1135 -0.0235 0.094 0.114 -0.019 0.094 0.116 -0.025 0.094 0.116 -0.025 0.094 0.114 -0.0265 0.094 0.116 -0.0235 0.094 0.109 -0.022 0.094 0.1075 -0.0225 0.094 0.1095 -0.0215 0.094 0.113 -0.0225 0.094 0.114 -0.025 0.094 0.1095 -0.028 0.094 0.107 -0.0255 0.094 0.107 -0.026 0.094 0.1115 -0.026 0.094 0.1105 -0.028 0.094 0.113 -0.0215 0.094 0.1105 -0.026 0.094 0.113 -0.028 0.094 0.1145 -0.019 0.0175 0.1135 0.019 0.0175 0.116 -0.019 0.0175 0.116 -0.02 0.0175 0.0685 -0.0195 0.0175 0.11 -0.022 0.0175 0.1075 0.022 0.0175 0.1075 -0.0175 0.0175 0.066 0.023 0.0175 0.069 0.028 0.0175 0.107 0.02 0.0175 0.0685 0.0165 0.0175 0.06 -0.0165 0.0175 0.0625 -0.0165 0.0175 0.06 -0.028 0.0175 0.069 -0.0255 0.0175 0.107 -0.028 0.0175 0.107 -0.023 0.0175 0.069 0.019 0.0175 0.1135 0.0195 0.0175 0.11 0.0165 0.0175 0.0625 0.0175 0.0175 0.066 0.0255 0.0175 0.107 0.028 0.0175 0.069 0.0165 0.094 0.06 0.0165 0.0175 0.0625 0.0165 0.0175 0.06 0.0165 0.094 0.0625 -0.0165 0.0175 0.06 -0.0165 0.094 0.0625 -0.0165 0.094 0.06 -0.0165 0.0175 0.0625 0.028 0.094 0.069 0.026 0.094 0.0645 0.028 0.094 0.063 0.0215 0.094 0.063 0.0165 0.094 0.0625 0.0165 0.094 0.06 0.026 0.094 0.063 0.028 0.094 0.0615 0.0175 0.094 0.066 0.021 0.094 0.0645 0.0215 0.094 0.0655 0.0235 0.094 0.062 0.0225 0.094 0.062 0.023 0.094 0.069 0.025 0.094 0.0665 0.0265 0.094 0.06 0.025 0.094 0.062 0.02 0.094 0.0685 0.0225 0.094 0.0665 0.026 0.094 0.0655 0.0235 0.094 0.067 0.025 0.094 0.06 -0.025 0.094 0.062 -0.025 0.094 0.06 -0.0235 0.094 0.062 -0.025 0.094 0.0665 -0.023 0.094 0.069 -0.028 0.094 0.069 -0.0225 0.094 0.0665 -0.0235 0.094 0.067 -0.021 0.094 0.0645 -0.0175 0.094 0.066 -0.0215 0.094 0.0655 -0.0165 0.094 0.0625 -0.02 0.094 0.0685 -0.026 0.094 0.063 -0.028 0.094 0.063 -0.028 0.094 0.0615 -0.0265 0.094 0.06 -0.0165 0.094 0.06 -0.026 0.094 0.0655 -0.0215 0.094 0.063 -0.0225 0.094 0.062 -0.026 0.094 0.0645 0.021 0.094 0.0645 0.0215 0.099 0.063 0.021 0.099 0.0645 0.0215 0.094 0.063 0.0225 0.099 0.062 0.0225 0.094 0.062 0.0235 0.099 0.062 0.0235 0.094 0.062 0.025 0.099 0.062 0.025 0.094 0.062 0.026 0.099 0.063 0.026 0.094 0.063 0.026 0.099 0.0645 0.0215 0.094 0.0655 0.0215 0.099 0.0655 0.0225 0.094 0.0665 0.0225 0.099 0.0665 0.0235 0.094 0.067 0.026 0.094 0.0645 0.0235 0.099 0.067 0.025 0.094 0.0665 0.025 0.099 0.0665 0.026 0.094 0.0655 0.026 0.099 0.0655 -0.0215 0.094 0.063 -0.021 0.099 0.0645 -0.0215 0.099 0.063 -0.021 0.094 0.0645 -0.0225 0.094 0.062 -0.0225 0.099 0.062 -0.0235 0.094 0.062 -0.0235 0.099 0.062 -0.025 0.099 0.0665 -0.0235 0.094 0.067 -0.025 0.094 0.0665 -0.026 0.099 0.0655 -0.026 0.094 0.0655 -0.026 0.099 0.0645 -0.026 0.094 0.0645 -0.026 0.099 0.063 -0.026 0.094 0.063 -0.025 0.099 0.062 -0.025 0.094 0.062 -0.0235 0.099 0.067 -0.0225 0.094 0.0665 -0.0225 0.099 0.0665 -0.0215 0.094 0.0655 -0.0215 0.099 0.0655 -0.025 0.099 0.114 -0.0235 0.094 0.114 -0.025 0.094 0.114 -0.0215 0.099 0.1105 -0.0225 0.094 0.1095 -0.0215 0.094 0.1105 -0.021 0.099 0.1115 -0.0225 0.099 0.1095 -0.0235 0.094 0.109 -0.0235 0.099 0.109 -0.025 0.094 0.1095 -0.025 0.099 0.1095 -0.026 0.094 0.1105 -0.026 0.099 0.1105 -0.026 0.094 0.1115 -0.026 0.099 0.1115 -0.026 0.094 0.113 -0.026 0.099 0.113 -0.0235 0.099 0.114 -0.0225 0.094 0.114 -0.0225 0.099 0.114 -0.0215 0.094 0.113 -0.0215 0.099 0.113 -0.021 0.094 0.1115 -0.006 0.0285 0.116 -0.019 0.0175 0.116 -0.006 0.0185 0.116 0.006 0.0185 0.116 0.019 0.0175 0.116 -0.02 0.099 0.116 -0.025 0.094 0.116 -0.019 0.094 0.116 -0.025 0.099 0.116 0.006 0.0285 0.116 0.025 0.099 0.116 0.019 0.094 0.116 0.025 0.094 0.116 0.0265 0.099 0.116 0.028 0.094 0.1145 0.028 0.099 0.1145 0.028 0.094 0.113 0.0265 0.094 0.116 0.028 0.099 0.113 0.025 0.099 0.116 0.025 0.094 0.116 -0.028 0.094 0.1145 -0.028 0.099 0.113 -0.028 0.094 0.113 -0.0265 0.094 0.116 -0.028 0.099 0.1145 -0.0265 0.099 0.116 -0.025 0.094 0.116 -0.025 0.099 0.116 0.028 0.094 0.069 0.028 0.099 0.063 0.028 0.094 0.107 0.028 0.094 0.113 0.028 0.099 0.108 0.028 0.099 0.113 0.028 0.094 0.063 0.028 0.0175 0.069 0.028 0.0175 0.107 -0.028 0.094 0.069 -0.028 0.099 0.063 -0.028 0.094 0.063 -0.028 0.0175 0.107 -0.028 0.0175 0.069 -0.028 0.094 0.107 -0.028 0.099 0.108 -0.028 0.094 0.113 -0.028 0.099 0.113 0.0265 0.094 0.06 0.028 0.099 0.0615 0.028 0.094 0.0615 0.028 0.099 0.063 0.028 0.094 0.063 0.0265 0.099 0.06 0.025 0.094 0.06 0.025 0.099 0.06 -0.028 0.094 0.063 -0.028 0.099 0.0615 -0.028 0.094 0.0615 -0.0265 0.099 0.06 -0.0265 0.094 0.06 -0.025 0.099 0.06 -0.025 0.094 0.06 -0.028 0.099 0.063 -0.0165 0.094 0.06 -0.02 0.099 0.06 0.0165 0.094 0.06 0.025 0.099 0.06 0.025 0.094 0.06 -0.0165 0.0175 0.06 0.0165 0.0175 0.06 -0.025 0.094 0.06 -0.025 0.099 0.06 0.002 0.101 0.0915 0.004 0.101 0.1065 0.012 0.101 0.103 0 0.101 0.092 -0.004 0.101 0.1065 -0.002 0.101 0.0915 -0.012 0.101 0.103 -0.0035 0.101 0.09 -0.017 0.101 0.0965 -0.017 0.101 0.0795 -0.004 0.101 0.088 -0.0035 0.101 0.086 -0.019 0.101 0.088 -0.012 0.101 0.073 -0.002 0.101 0.0845 0.004 0.101 0.088 0.017 0.101 0.0795 0.0035 0.101 0.086 -0.004 0.101 0.0695 0.0035 0.101 0.09 0.017 0.101 0.0965 0.012 0.101 0.073 0.004 0.101 0.0695 0.002 0.101 0.0845 0.019 0.101 0.088 0 0.101 0.084 0.001 0.022 0.128 0 0.0225 0.128 0 0.022 0.128 0.0015 0.0225 0.128 0.001 0.023 0.128 0.0005 0.0225 0.128 0 0.0215 0.128 0.0005 0.021 0.128 0.001 0.021 0.128 0.0015 0.021 0.128 0.002 0.0215 0.128 0.002 0.022 0.128 0.002 0.0225 0.128 0 0.0225 0.118 0.0005 0.0225 0.128 0.0005 0.0225 0.118 0 0.022 0.118 0 0.0225 0.128 0 0.0215 0.118 0 0.022 0.128 0.0005 0.021 0.118 0 0.0215 0.128 0.001 0.021 0.118 0.0005 0.021 0.128 0.0015 0.021 0.118 0.001 0.021 0.128 0.002 0.0215 0.118 0.0015 0.021 0.128 0.002 0.022 0.118 0.002 0.0215 0.128 0.001 0.023 0.128 0.001 0.023 0.118 0.0015 0.0225 0.128 0.0015 0.0225 0.118 0.002 0.0225 0.128 0.002 0.0225 0.118 0.002 0.022 0.128 -0.0015 0.1435 0.095 0.004 0.1435 0.099 0.0025 0.1435 0.095 0.0055 0.1435 0.0925 0.009 0.1435 0.0955 0.0115 0.1435 0.09 0.0075 0.1435 0.089 0.0115 0.1435 0.084 0.007 0.1435 0.085 -0.0025 0.1435 0.0805 0.002 0.1435 0.076 -0.004 0.1435 0.0765 -0.009 0.1435 0.08 -0.0055 0.1435 0.083 -0.012 0.1435 0.0855 -0.0075 0.1435 0.086 -0.007 0.1435 0.09 -0.0115 0.1435 0.0915 -0.005 0.1435 0.0935 -0.0025 0.1435 0.0995 0.005 0.1435 0.082 0.008 0.1435 0.0785 0.0015 0.1435 0.0805 -0.008 0.1435 0.0965 0.008 0.1385 0.0785 0.007 0.1385 0.085 0.005 0.1385 0.082 0.002 0.1385 0.076 0.0015 0.1385 0.0805 -0.009 0.1385 0.08 -0.0025 0.1385 0.0805 -0.0055 0.1385 0.083 -0.004 0.1385 0.0765 0.004 0.1385 0.099 0.0055 0.1385 0.0925 0.009 0.1385 0.0955 -0.0115 0.1385 0.0915 -0.005 0.1385 0.0935 -0.008 0.1385 0.0965 0.0115 0.1385 0.09 0.0075 0.1385 0.089 -0.012 0.1385 0.0855 -0.0075 0.1385 0.086 -0.0015 0.1385 0.095 -0.0025 0.1385 0.0995 0.0115 0.1385 0.084 -0.007 0.1385 0.09 0.0025 0.1385 0.095 0.0115 0.1435 0.084 0.008 0.1385 0.0785 0.008 0.1435 0.0785 0.0115 0.1435 0.09 0.0115 0.1385 0.084 0.009 0.1435 0.0955 0.0115 0.1385 0.09 0.004 0.1435 0.099 0.009 0.1385 0.0955 -0.0025 0.1435 0.0995 0.004 0.1385 0.099 -0.008 0.1435 0.0965 -0.0025 0.1385 0.0995 -0.0115 0.1435 0.0915 -0.008 0.1385 0.0965 -0.012 0.1435 0.0855 -0.0115 0.1385 0.0915 -0.009 0.1435 0.08 -0.012 0.1385 0.0855 -0.004 0.1435 0.0765 -0.009 0.1385 0.08 0.002 0.1435 0.076 -0.004 0.1385 0.0765 0.002 0.1385 0.076 0.005 0.1435 0.082 0.0015 0.1385 0.0805 0.005 0.1385 0.082 -0.0025 0.1385 0.0805 0.0015 0.1435 0.0805 -0.0025 0.1435 0.0805 -0.0055 0.1385 0.083 -0.0055 0.1435 0.083 -0.0075 0.1385 0.086 -0.0075 0.1435 0.086 -0.007 0.1385 0.09 -0.007 0.1435 0.09 -0.005 0.1385 0.0935 -0.005 0.1435 0.0935 -0.0015 0.1385 0.095 -0.0015 0.1435 0.095 0.0025 0.1385 0.095 0.0025 0.1435 0.095 0.0055 0.1385 0.0925 0.0055 0.1435 0.0925 0.0075 0.1385 0.089 0.0075 0.1435 0.089 0.007 0.1385 0.085 0.007 0.1435 0.085 0.005 0.1345 0.094 0.0115 0.1345 0.092 0.0075 0.1345 0.091 0.0075 0.1345 0.087 0.012 0.1345 0.086 0.009 0.1345 0.0805 0.0055 0.1345 0.0835 0.0035 0.1345 0.077 0.0025 0.1345 0.0815 -0.007 0.1345 0.0865 -0.008 0.1345 0.08 -0.0115 0.1345 0.085 -0.0115 0.1345 0.0915 -0.007 0.1345 0.0905 -0.0085 0.1345 0.097 -0.0055 0.1345 0.0935 -0.002 0.1345 0.096 -0.0035 0.1345 0.1 0.002 0.1345 0.096 0.0085 0.1345 0.0975 -0.0015 0.1345 0.0815 -0.0025 0.1345 0.077 -0.005 0.1345 0.083 0.003 0.1345 0.1005 -0.0025 0.1295 0.077 0.0025 0.1295 0.0815 -0.0015 0.1295 0.0815 -0.008 0.1295 0.08 -0.005 0.1295 0.083 -0.0115 0.1295 0.0915 -0.007 0.1295 0.0865 -0.007 0.1295 0.0905 -0.0115 0.1295 0.085 0.0115 0.1295 0.092 0.0075 0.1295 0.087 0.012 0.1295 0.086 -0.0035 0.1295 0.1 0.002 0.1295 0.096 0.003 0.1295 0.1005 0.009 0.1295 0.0805 0.0055 0.1295 0.0835 -0.0085 0.1295 0.097 -0.0055 0.1295 0.0935 0.005 0.1295 0.094 0.0085 0.1295 0.0975 0.0035 0.1295 0.077 -0.002 0.1295 0.096 0.0075 0.1295 0.091 0.0035 0.1345 0.077 -0.0025 0.1295 0.077 -0.0025 0.1345 0.077 0.009 0.1345 0.0805 0.0035 0.1295 0.077 0.012 0.1345 0.086 0.009 0.1295 0.0805 0.0115 0.1345 0.092 0.012 0.1295 0.086 0.0085 0.1345 0.0975 0.0115 0.1295 0.092 0.003 0.1345 0.1005 0.0085 0.1295 0.0975 -0.0035 0.1345 0.1 0.003 0.1295 0.1005 -0.0085 0.1345 0.097 -0.0035 0.1295 0.1 -0.0115 0.1345 0.0915 -0.0085 0.1295 0.097 -0.0115 0.1345 0.085 -0.0115 0.1295 0.0915 -0.008 0.1345 0.08 -0.0115 0.1295 0.085 -0.008 0.1295 0.08 -0.0015 0.1345 0.0815 -0.005 0.1295 0.083 -0.0015 0.1295 0.0815 -0.007 0.1295 0.0865 -0.005 0.1345 0.083 -0.007 0.1345 0.0865 -0.007 0.1295 0.0905 -0.007 0.1345 0.0905 -0.0055 0.1295 0.0935 -0.0055 0.1345 0.0935 -0.002 0.1295 0.096 -0.002 0.1345 0.096 0.002 0.1295 0.096 0.002 0.1345 0.096 0.005 0.1295 0.094 0.005 0.1345 0.094 0.0075 0.1295 0.091 0.0075 0.1345 0.091 0.0075 0.1295 0.087 0.0075 0.1345 0.087 0.0055 0.1295 0.0835 0.0055 0.1345 0.0835 0.0025 0.1295 0.0815 0.0025 0.1345 0.0815 -0.0035 0.127 0.0925 -0.013 0.127 0.0975 -0.007 0.127 0.1025 -0.0055 0.127 0.09 -0.015 0.127 0.094 -0.001 0.127 0.094 0.0005 0.127 0.104 0.002 0.127 0.0935 0.0075 0.127 0.102 0.0045 0.127 0.0915 0.0135 0.127 0.097 0.0055 0.127 0.086 0.0105 0.127 0.076 0.0035 0.127 0.0835 0.0035 0.127 0.0725 0.001 0.127 0.082 -0.002 0.127 0.0825 -0.011 0.127 0.076 -0.0045 0.127 0.0845 -0.015 0.127 0.0825 -0.006 0.127 0.087 -0.016 0.127 0.0905 0.006 0.127 0.089 0.016 0.127 0.0895 -0.004 0.127 0.0725 0.015 0.127 0.082 0.0035 0.117 0.0725 0.0035 0.117 0.0835 0.001 0.117 0.082 -0.015 0.117 0.0825 -0.0045 0.117 0.0845 -0.006 0.117 0.087 -0.007 0.117 0.1025 -0.001 0.117 0.094 0.0005 0.117 0.104 0.0105 0.117 0.076 -0.004 0.117 0.0725 -0.011 0.117 0.076 -0.002 0.117 0.0825 -0.016 0.117 0.0905 -0.0055 0.117 0.09 -0.0035 0.117 0.0925 0.002 0.117 0.0935 0.0075 0.117 0.102 -0.015 0.117 0.094 0.0055 0.117 0.086 0.015 0.117 0.082 -0.013 0.117 0.0975 0.0045 0.117 0.0915 0.0135 0.117 0.097 0.006 0.117 0.089 0.016 0.117 0.0895 0.015 0.117 0.082 0.016 0.127 0.0895 0.016 0.117 0.0895 0.0135 0.117 0.097 0.0075 0.127 0.102 0.0075 0.117 0.102 0.0005 0.127 0.104 0.0005 0.117 0.104 -0.007 0.127 0.1025 -0.007 0.117 0.1025 -0.013 0.127 0.0975 -0.013 0.117 0.0975 -0.016 0.127 0.0905 -0.015 0.117 0.094 -0.015 0.127 0.094 -0.016 0.117 0.0905 -0.015 0.127 0.0825 -0.015 0.117 0.0825 -0.011 0.127 0.076 -0.011 0.117 0.076 -0.004 0.127 0.0725 -0.004 0.117 0.0725 0.0035 0.127 0.0725 0.0035 0.117 0.0725 0.0105 0.127 0.076 0.0105 0.117 0.076 0.015 0.127 0.082 0.0135 0.127 0.097 0.0035 0.117 0.0835 0.0055 0.127 0.086 0.0035 0.127 0.0835 0.0055 0.117 0.086 0.001 0.117 0.082 0.001 0.127 0.082 -0.002 0.117 0.0825 -0.002 0.127 0.0825 -0.0045 0.117 0.0845 -0.0045 0.127 0.0845 -0.006 0.117 0.087 -0.006 0.127 0.087 -0.0055 0.117 0.09 -0.0055 0.127 0.09 -0.0035 0.117 0.0925 -0.0035 0.127 0.0925 -0.001 0.117 0.094 -0.001 0.127 0.094 0.002 0.117 0.0935 0.002 0.127 0.0935 0.0045 0.117 0.0915 0.006 0.127 0.089 0.006 0.117 0.089 0.0045 0.127 0.0915 0.0085 0.1245 0.062 0.005 0.1245 0.0525 0.0035 0.1245 0.0605 -0.007 0.1245 0.0525 -0.007 0.1245 0.0615 -0.018 0.1245 0.057 -0.016 0.1245 0.0655 -0.023 0.1245 0.073 -0.0335 0.1245 0.0745 -0.027 0.1245 0.082 -0.027 0.1245 0.0645 -0.027 0.1245 0.0925 -0.036 0.1245 0.086 -0.0345 0.1245 0.0975 -0.024 0.1245 0.102 -0.0295 0.1245 0.1085 -0.017 0.1245 0.1095 -0.0215 0.1245 0.117 -0.0085 0.1245 0.114 -0.011 0.1245 0.1225 0.0115 0.1245 0.113 0.023 0.1245 0.116 0.02 0.1245 0.107 0.0305 0.1245 0.107 0.0255 0.1245 0.0985 0.001 0.1245 0.124 0.002 0.1245 0.1155 0.0125 0.1245 0.1215 0.0275 0.1245 0.089 0.035 0.1245 0.096 0.036 0.1245 0.084 0.026 0.1245 0.079 0.0325 0.1245 0.0725 0.013 0.1245 0.0635 0.026 0.1245 0.063 0.0165 0.1245 0.056 0.011 0.1245 0.0535 0.021 0.1245 0.07 0.0305 0.1155 0.107 0.02 0.1155 0.107 0.0255 0.1155 0.0985 -0.0345 0.1155 0.0975 -0.024 0.1155 0.102 -0.0295 0.1155 0.1085 -0.0085 0.1155 0.114 -0.0215 0.1155 0.117 -0.017 0.1155 0.1095 0.0125 0.1155 0.1215 0.002 0.1155 0.1155 0.0115 0.1155 0.113 0.036 0.1155 0.084 0.026 0.1155 0.079 0.0325 0.1155 0.0725 -0.027 0.1155 0.0925 0.001 0.1155 0.124 0.023 0.1155 0.116 0.035 0.1155 0.096 0.021 0.1155 0.07 0.026 0.1155 0.063 0.0275 0.1155 0.089 -0.007 0.1155 0.0525 0.0035 0.1155 0.0605 -0.007 0.1155 0.0615 -0.011 0.1155 0.1225 0.005 0.1155 0.0525 0.0085 0.1155 0.062 -0.018 0.1155 0.057 -0.016 0.1155 0.0655 0.013 0.1155 0.0635 0.0165 0.1155 0.056 -0.027 0.1155 0.0645 -0.023 0.1155 0.073 0.011 0.1155 0.0535 -0.0335 0.1155 0.0745 -0.027 0.1155 0.082 -0.036 0.1155 0.086 -0.011 0.1155 0.1225 -0.0215 0.1245 0.117 -0.0215 0.1155 0.117 -0.0295 0.1155 0.1085 -0.0345 0.1245 0.0975 -0.0345 0.1155 0.0975 -0.036 0.1245 0.086 -0.036 0.1155 0.086 -0.0335 0.1245 0.0745 -0.0335 0.1155 0.0745 -0.027 0.1245 0.0645 -0.027 0.1155 0.0645 -0.018 0.1245 0.057 -0.018 0.1155 0.057 -0.007 0.1245 0.0525 -0.007 0.1155 0.0525 0.005 0.1245 0.0525 0.005 0.1155 0.0525 0.0165 0.1245 0.056 0.011 0.1155 0.0535 0.011 0.1245 0.0535 0.0165 0.1155 0.056 0.026 0.1245 0.063 0.026 0.1155 0.063 0.0325 0.1245 0.0725 0.0325 0.1155 0.0725 0.036 0.1245 0.084 0.036 0.1155 0.084 0.035 0.1245 0.096 0.035 0.1155 0.096 0.0305 0.1245 0.107 0.0305 0.1155 0.107 0.023 0.1245 0.116 0.023 0.1155 0.116 0.0125 0.1245 0.1215 0.0125 0.1155 0.1215 0.001 0.1245 0.124 0.001 0.1155 0.124 -0.011 0.1245 0.1225 -0.0295 0.1245 0.1085 0.002 0.1155 0.1155 -0.0085 0.1245 0.114 0.002 0.1245 0.1155 -0.0085 0.1155 0.114 0.0115 0.1155 0.113 0.0115 0.1245 0.113 0.02 0.1155 0.107 0.02 0.1245 0.107 0.0255 0.1155 0.0985 0.0255 0.1245 0.0985 0.0275 0.1155 0.089 0.0275 0.1245 0.089 0.026 0.1155 0.079 0.026 0.1245 0.079 0.021 0.1155 0.07 0.021 0.1245 0.07 0.013 0.1155 0.0635 0.0085 0.1155 0.062 0.0035 0.1245 0.0605 0.0035 0.1155 0.0605 0.0085 0.1245 0.062 0.013 0.1245 0.0635 -0.007 0.1155 0.0615 -0.007 0.1245 0.0615 -0.016 0.1155 0.0655 -0.016 0.1245 0.0655 -0.023 0.1155 0.073 -0.023 0.1245 0.073 -0.027 0.1155 0.082 -0.027 0.1245 0.082 -0.027 0.1155 0.0925 -0.024 0.1245 0.102 -0.017 0.1155 0.1095 -0.024 0.1155 0.102 -0.017 0.1245 0.1095 -0.027 0.1245 0.0925 0.0075 0.134 0.081 0.01 0.144 0.086 0.01 0.134 0.086 -0.002 0.144 0.0775 -0.0065 0.134 0.08 -0.0065 0.144 0.08 -0.01 0.134 0.0895 -0.0095 0.144 0.0845 -0.0095 0.134 0.0845 -0.002 0.134 0.0775 -0.01 0.144 0.0895 0.0075 0.144 0.081 0.0035 0.134 0.078 0.0035 0.144 0.078 -0.008 0.144 0.0945 -0.0095 0.134 0.0915 -0.008 0.134 0.0945 -0.0035 0.134 0.0975 -0.0035 0.144 0.0975 0.002 0.134 0.0975 0.002 0.144 0.0975 0.0065 0.134 0.0955 0.0065 0.144 0.0955 0.0095 0.134 0.091 0.0095 0.144 0.091 0.01 0.134 0.088 -0.0065 0.134 0.081 -0.0095 0.134 0.0845 -0.0065 0.134 0.08 -0.0015 0.134 0.079 -0.002 0.134 0.0775 0.0035 0.134 0.079 0.0075 0.134 0.081 0.0075 0.134 0.082 0.01 0.134 0.087 0.01 0.134 0.086 -0.01 0.134 0.0895 -0.0095 0.134 0.0855 -0.0095 0.134 0.0905 0.0035 0.134 0.078 -0.0095 0.134 0.0915 -0.0055 0.144 0.0815 -0.0095 0.144 0.0845 -0.008 0.144 0.085 0.0055 0.144 0.0945 0.002 0.144 0.0975 0.0065 0.144 0.0955 0.008 0.144 0.091 0.0095 0.144 0.091 0.0085 0.144 0.0865 0.01 0.144 0.086 0.0065 0.144 0.0825 0.0075 0.144 0.081 -0.0065 0.144 0.0935 -0.0035 0.144 0.0975 -0.003 0.144 0.096 -0.008 0.144 0.0945 -0.0085 0.144 0.0895 -0.01 0.144 0.0895 -0.0015 0.144 0.0795 0.0035 0.144 0.078 -0.002 0.144 0.0775 0.003 0.144 0.08 -0.0065 0.144 0.08 0.0015 0.144 0.0965 -0.0095 0.127 0.0855 -0.0065 0.134 0.081 -0.0065 0.127 0.081 -0.0015 0.134 0.079 -0.0015 0.127 0.079 0.0035 0.134 0.079 0.0035 0.127 0.079 0.0075 0.134 0.082 0.0075 0.127 0.082 0.01 0.134 0.087 0.01 0.127 0.087 0.01 0.134 0.088 0.0095 0.134 0.092 0.0095 0.127 0.092 -0.0095 0.134 0.0915 -0.0095 0.127 0.0905 -0.0075 0.127 0.095 -0.0095 0.134 0.0905 -0.0075 0.134 0.095 -0.003 0.127 0.098 0.002 0.127 0.0985 -0.003 0.134 0.098 0.002 0.134 0.0985 0.0065 0.127 0.096 0.0065 0.134 0.096 -0.0095 0.134 0.0855 0.004 0.127 0.0925 0.0095 0.127 0.092 0.0065 0.127 0.096 0.0055 0.127 0.09 0.01 0.127 0.087 0.006 0.127 0.087 0.0075 0.127 0.082 0.0045 0.127 0.084 0.0035 0.127 0.079 -0.006 0.127 0.089 -0.0095 0.127 0.0855 -0.0055 0.127 0.086 -0.0095 0.127 0.0905 -0.0045 0.127 0.092 -0.0075 0.127 0.095 -0.002 0.127 0.0935 -0.003 0.127 0.098 0.001 0.127 0.094 -0.0015 0.127 0.079 0.002 0.127 0.0825 -0.001 0.127 0.082 0.002 0.127 0.0985 -0.0065 0.127 0.081 -0.004 0.127 0.0835 0.0065 0.134 0.096 0.002 0.134 0.0975 0.002 0.134 0.0985 -0.0035 0.134 0.0975 -0.0075 0.134 0.095 -0.003 0.134 0.098 0.0095 0.134 0.091 0.0095 0.134 0.092 0.01 0.134 0.088 0.0065 0.134 0.0955 -0.008 0.134 0.0945 -0.0095 0.134 0.0915 -0.0065 0.154 0.0935 -0.003 0.144 0.096 -0.003 0.154 0.096 -0.0085 0.154 0.0895 -0.0065 0.144 0.0935 -0.008 0.154 0.085 -0.0085 0.144 0.0895 -0.0055 0.154 0.0815 -0.008 0.144 0.085 -0.0015 0.154 0.0795 -0.0055 0.144 0.0815 0.003 0.154 0.08 -0.0015 0.144 0.0795 0.0065 0.154 0.0825 0.003 0.144 0.08 0.0085 0.154 0.0865 0.0065 0.144 0.0825 0.008 0.154 0.091 0.0085 0.144 0.0865 0.0055 0.154 0.0945 0.008 0.144 0.091 0.0015 0.154 0.0965 0.0055 0.144 0.0945 0.0015 0.144 0.0965 -0.0055 0.154 0.0815 -0.0005 0.154 0.086 -0.0015 0.154 0.08 0.003 0.154 0.08 0.0015 0.154 0.0865 0.0065 0.154 0.0825 0.0005 0.154 0.086 0.008 0.154 0.091 0.002 0.154 0.0875 0.002 0.154 0.0885 0.008 0.154 0.0865 -0.008 0.154 0.0895 -0.0015 0.154 0.0895 -0.002 0.154 0.0885 0.0055 0.154 0.0945 0.0015 0.154 0.0895 -0.002 0.154 0.0875 -0.008 0.154 0.085 -0.003 0.154 0.096 0.0005 0.154 0.09 -0.0005 0.154 0.09 -0.0015 0.154 0.0865 0.0015 0.154 0.096 -0.0065 0.154 0.0935 -0.002 0.117 0.0935 -0.0045 0.127 0.092 -0.0045 0.117 0.092 0.004 0.117 0.0925 0.001 0.127 0.094 0.001 0.117 0.094 0.0055 0.117 0.09 0.004 0.127 0.0925 0.006 0.117 0.087 0.0055 0.127 0.09 0.0045 0.117 0.084 0.006 0.127 0.087 0.002 0.117 0.0825 0.0045 0.127 0.084 -0.001 0.117 0.082 0.002 0.127 0.0825 -0.001 0.127 0.082 -0.002 0.127 0.0935 -0.006 0.127 0.089 -0.0055 0.127 0.086 -0.006 0.117 0.089 -0.004 0.127 0.0835 -0.0055 0.117 0.086 -0.004 0.117 0.0835 0.0055 0.117 0.087 0.0045 0.117 0.0885 0.004 0.117 0.0865 -0.0055 0.117 0.089 -0.004 0.117 0.09 -0.0045 0.117 0.0915 0.0035 0.117 0.0925 0.002 0.117 0.092 0.0035 0.117 0.0905 -0.0025 0.117 0.092 -0.002 0.117 0.0935 0.001 0.117 0.0935 -0.0005 0.117 0.0925 0.0055 0.117 0.09 -0.0035 0.117 0.0835 -0.004 0.117 0.086 -0.0055 0.117 0.086 0.0045 0.117 0.0845 0.003 0.117 0.0845 -0.0045 0.117 0.088 -0.001 0.117 0.0825 -0.0025 0.117 0.084 0.002 0.117 0.0825 0.001 0.117 0.0835 0.0005 0.117 0.0835 -0.0035 0.138 0.09 -0.002 0.1175 0.0915 -0.0035 0.1175 0.09 -0.002 0.138 0.0915 -0.0005 0.1175 0.092 -0.0005 0.138 0.092 0.0015 0.1175 0.0915 0.0015 0.138 0.0915 0.003 0.1175 0.0905 0.003 0.138 0.0905 0.004 0.1175 0.0885 -0.0035 0.1175 0.086 -0.002 0.138 0.0845 -0.0035 0.138 0.086 -0.004 0.1175 0.088 -0.004 0.138 0.088 0.004 0.138 0.0885 0.0035 0.138 0.0865 0.0025 0.1175 0.085 0.0035 0.1175 0.0865 0.0025 0.138 0.085 0.0005 0.1175 0.084 0.0005 0.138 0.084 -0.002 0.1175 0.0845 0.0005 0.138 0.084 -0.002 0.123 0.0845 0.0005 0.123 0.084 -0.002 0.138 0.0845 -0.002 0.138 0.0845 -0.0005 0.138 0.086 -0.0015 0.138 0.0865 -0.002 0.138 0.0885 -0.0035 0.138 0.09 -0.004 0.138 0.088 -0.0005 0.138 0.092 -0.0005 0.138 0.09 0.0005 0.138 0.09 0.0035 0.138 0.0865 0.0015 0.138 0.0865 0.0025 0.138 0.085 0.003 0.138 0.0905 0.002 0.138 0.0885 0.004 0.138 0.0885 -0.002 0.138 0.0875 0.0015 0.138 0.0915 0.002 0.138 0.0875 -0.002 0.138 0.0915 -0.0015 0.138 0.0895 0.0015 0.138 0.0895 0.0005 0.138 0.086 0.0005 0.138 0.084 -0.0035 0.138 0.086 0.0005 0.154 0.0865 -0.0005 0.138 0.0865 0.0005 0.138 0.0865 0.0015 0.154 0.087 0.0015 0.138 0.087 0.0015 0.154 0.0875 0.0015 0.138 0.0875 0.0015 0.154 0.0885 0.0015 0.138 0.0885 0.001 0.154 0.0895 0.001 0.138 0.0895 0.0005 0.154 0.0895 0.0005 0.138 0.0895 -0.0005 0.154 0.0895 -0.0005 0.138 0.0895 -0.0015 0.154 0.089 -0.0015 0.138 0.089 -0.0015 0.154 0.0885 -0.0015 0.138 0.0885 -0.0015 0.154 0.0875 -0.0015 0.138 0.0875 -0.001 0.154 0.0865 -0.001 0.138 0.0865 -0.0005 0.154 0.0865 -0.0005 0.138 0.09 -0.0015 0.138 0.089 -0.0005 0.138 0.0895 -0.0015 0.138 0.0895 -0.0015 0.138 0.0885 -0.002 0.138 0.0885 -0.0015 0.138 0.0875 -0.002 0.138 0.0875 -0.001 0.138 0.0865 -0.0015 0.138 0.0865 -0.0005 0.138 0.0865 0.0005 0.138 0.09 -0.0005 0.138 0.086 0.0005 0.138 0.0865 0.0005 0.138 0.086 0.0015 0.138 0.087 0.0015 0.138 0.0865 0.0015 0.138 0.0875 0.002 0.138 0.0875 0.0015 0.138 0.0885 0.002 0.138 0.0885 0.001 0.138 0.0895 0.0015 0.138 0.0895 0.0005 0.138 0.0895 -0.0035 0.117 0.0835 -0.001 0.117 0.082 -0.001 0.117 0.0825 -0.004 0.117 0.0835 -0.0055 0.117 0.086 -0.0055 0.117 0.089 -0.006 0.117 0.089 -0.0045 0.117 0.0915 -0.0045 0.117 0.092 -0.002 0.117 0.0935 0.001 0.117 0.0935 0.001 0.117 0.094 0.0035 0.117 0.0925 0.004 0.117 0.0925 0.0055 0.117 0.09 0.0055 0.117 0.087 0.006 0.117 0.087 0.0045 0.117 0.0845 0.0045 0.117 0.084 0.002 0.117 0.0825 -0.003 0.154 0.096 -0.0065 0.154 0.0935 -0.008 0.154 0.0895 -0.0085 0.154 0.0895 -0.008 0.154 0.085 -0.0055 0.154 0.0815 -0.0015 0.154 0.08 -0.0015 0.154 0.0795 0.003 0.154 0.08 0.0065 0.154 0.0825 0.008 0.154 0.0865 0.0085 0.154 0.0865 0.008 0.154 0.091 0.0055 0.154 0.0945 0.0015 0.154 0.096 0.0015 0.154 0.0965 -0.0015 0.154 0.0895 -0.0005 0.154 0.0895 -0.0015 0.154 0.089 -0.002 0.154 0.0885 -0.0015 0.154 0.0885 -0.002 0.154 0.0875 -0.0015 0.154 0.0875 -0.0005 0.154 0.086 -0.001 0.154 0.0865 -0.0005 0.154 0.0865 -0.0005 0.154 0.09 0.0005 0.154 0.0895 0.0005 0.154 0.09 0.001 0.154 0.0895 0.0015 0.154 0.0895 0.0015 0.154 0.0885 0.002 0.154 0.0885 0.0015 0.154 0.0875 0.002 0.154 0.0875 0.0015 0.154 0.087 0.0015 0.154 0.0865 0.0005 0.154 0.0865 0.0005 0.154 0.086 -0.0015 0.154 0.0865 0.002 0.117 0.092 -0.0005 0.1175 0.092 0.0015 0.1175 0.0915 -0.0005 0.117 0.0925 -0.002 0.1175 0.0915 -0.0025 0.117 0.092 -0.0035 0.1175 0.09 -0.004 0.117 0.09 -0.004 0.1175 0.088 -0.0045 0.117 0.088 -0.0035 0.1175 0.086 -0.004 0.117 0.086 -0.002 0.1175 0.0845 0.0005 0.1175 0.084 0.0005 0.117 0.0835 0.001 0.117 0.0835 -0.0025 0.117 0.084 0.0035 0.117 0.0905 0.003 0.1175 0.0905 0.0045 0.117 0.0885 0.004 0.1175 0.0885 0.004 0.117 0.0865 0.0035 0.1175 0.0865 0.003 0.117 0.0845 0.0025 0.1175 0.085 -0.002 0.1175 0.0845 -0.0025 0.117 0.084 -0.0005 0.117 0.084 0.0005 0.117 0.0835 0.0005 0.1175 0.084 0.0005 0.123 0.084 -0.002 0.123 0.0845 -0.0005 0.123 0.084 -0.0005 0.123 0.084 0.0005 0.1175 0.084 0.0005 0.123 0.084 -0.0005 0.117 0.084 -0.002 0.1175 0.0845 -0.002 0.123 0.0845 -0.027 0.109 0.117 -0.0235 0.109 0.114 -0.0225 0.109 0.1205 0.0225 0.109 0.114 0.0225 0.109 0.1205 0.017 0.109 0.1235 0.023 0.109 0.0785 0.0225 0.109 0.0665 0.0235 0.109 0.067 -0.0395 0.109 0.088 -0.023 0.109 0.0785 -0.025 0.109 0.088 -0.027 0.109 0.059 -0.026 0.109 0.063 -0.031 0.109 0.0635 -0.0215 0.109 0.063 -0.0095 0.109 0.065 -0.021 0.109 0.0645 -0.025 0.109 0.0665 -0.037 0.109 0.0735 -0.026 0.109 0.0655 -0.0215 0.109 0.0655 -0.0225 0.109 0.062 -0.0225 0.109 0.0555 -0.017 0.109 0.0525 -0.034 0.109 0.068 -0.026 0.109 0.0645 -0.0225 0.109 0.0665 -0.0175 0.109 0.0705 0 0.109 0.0485 0 0.109 0.063 -0.006 0.109 0.049 -0.0235 0.109 0.062 -0.025 0.109 0.062 -0.0395 0.109 0.085 -0.0235 0.109 0.067 -0.0115 0.109 0.0505 -0.0385 0.109 0.079 0.0215 0.109 0.063 0.017 0.109 0.0525 0.0225 0.109 0.062 0.031 0.109 0.0635 0.026 0.109 0.0645 0.026 0.109 0.063 0.0175 0.109 0.0705 0.0215 0.109 0.0655 0.026 0.109 0.0655 0.034 0.109 0.068 0.037 0.109 0.0735 0.027 0.109 0.059 0.0235 0.109 0.062 0.0225 0.109 0.0555 0.0095 0.109 0.065 0.025 0.109 0.0665 0.025 0.109 0.062 0.0395 0.109 0.088 0.025 0.109 0.088 0.0395 0.109 0.085 0.006 0.109 0.049 0.021 0.109 0.0645 0.0385 0.109 0.079 0.0115 0.109 0.0505 0.025 0.109 0.1095 0.037 0.109 0.1025 0.026 0.109 0.1105 0.031 0.109 0.1125 0.026 0.109 0.113 0.026 0.109 0.1115 0.0175 0.109 0.1055 0.0225 0.109 0.1095 0.0215 0.109 0.1105 0.027 0.109 0.117 0.034 0.109 0.108 0.023 0.109 0.0975 0.0215 0.109 0.113 0.0095 0.109 0.111 0.021 0.109 0.1115 0.0235 0.109 0.114 0.025 0.109 0.114 0.0395 0.109 0.091 0.006 0.109 0.127 0 0.109 0.1275 0.0385 0.109 0.097 0.0235 0.109 0.109 0 0.109 0.113 0.0115 0.109 0.1255 -0.023 0.109 0.0975 -0.0225 0.109 0.1095 -0.0235 0.109 0.109 -0.0095 0.109 0.111 -0.0215 0.109 0.1105 -0.0175 0.109 0.1055 -0.025 0.109 0.1095 -0.0395 0.109 0.091 -0.0215 0.109 0.113 -0.017 0.109 0.1235 -0.0225 0.109 0.114 -0.031 0.109 0.1125 -0.026 0.109 0.1115 -0.026 0.109 0.113 -0.0385 0.109 0.097 -0.026 0.109 0.1105 -0.034 0.109 0.108 -0.037 0.109 0.1025 -0.025 0.109 0.114 -0.006 0.109 0.127 -0.0115 0.109 0.1255 -0.021 0.109 0.1115 -0.018 0.1155 0.1035 -0.0365 0.1155 0.1075 -0.018 0.1155 0.107 -0.0235 0.1155 0.108 -0.011 0.1155 0.107 -0.018 0.1155 0.1255 -0.006 0.1155 0.129 -0.0045 0.1155 0.107 -0.002 0.1155 0.1075 -0.001 0.1155 0.107 0.0045 0.1155 0.107 0.018 0.1155 0.1255 0.018 0.1155 0.107 0.0365 0.1155 0.1075 0.0235 0.1155 0.1035 0.0235 0.1155 0.107 0.0405 0.1155 0.097 0.0235 0.1155 0.0955 0.0415 0.1155 0.085 0.0235 0.1155 0.0805 0.0385 0.1155 0.073 0.0235 0.1155 0.0725 0.0365 0.1155 0.0685 0.0235 0.1155 0.069 0.018 0.1155 0.069 0.012 0.1155 0.0485 0.0045 0.1155 0.069 0.002 0.1155 0.0685 0.001 0.1155 0.069 0.0255 0.1155 0.0675 0.0235 0.1155 0.068 0.0215 0.1155 0.061 0.0235 0.1155 0.0535 0.028 0.1155 0.1185 0.0255 0.1155 0.115 0.0235 0.1155 0.1155 0.0215 0.1155 0.1085 0.0235 0.1155 0.108 0.0045 0.1155 0.0805 0 0.1155 0.0815 0.0035 0.1155 0.0825 0.0055 0.1155 0.0915 0.0045 0.1155 0.0955 0.018 0.1155 0.0955 -0.0045 0.1155 0.0955 0 0.1155 0.0945 -0.0035 0.1155 0.0935 -0.0055 0.1155 0.0845 -0.0045 0.1155 0.0805 -0.011 0.1155 0.0805 -0.011 0.1155 0.0955 -0.0065 0.1155 0.088 -0.0055 0.1155 0.0915 -0.0035 0.1155 0.0825 0.0035 0.1155 0.0935 0.0055 0.1155 0.0845 0.018 0.1155 0.0805 0.0065 0.1155 0.088 0.0215 0.1155 0.115 0.0205 0.1155 0.1135 0.02 0.1155 0.1115 0.0205 0.1155 0.1095 0.027 0.1155 0.1095 0.036 0.1155 0.109 0.0255 0.1155 0.1085 0.027 0.1155 0.1135 0.0275 0.1155 0.1115 0.0215 0.1155 0.0675 0.0205 0.1155 0.0665 0.02 0.1155 0.0645 0.0205 0.1155 0.0625 0.0235 0.1155 0.054 0.0235 0.1155 0.0605 -0.018 0.1155 0.0955 -0.019 0.1155 0.0965 -0.018 0.1155 0.0965 0.0255 0.1155 0.061 0.027 0.1155 0.0665 0.0325 0.1155 0.062 0.027 0.1155 0.0625 0.0275 0.1155 0.0645 0 0.1155 0.0465 0.001 0.1155 0.0655 -0.0045 0.1155 0.069 -0.002 0.1155 0.0665 -0.0045 0.1155 0.0465 0.002 0.1155 0.0675 -0.002 0.1155 0.0685 -0.002 0.1155 0.0675 -0.001 0.1155 0.0655 0.002 0.1155 0.0665 -0.001 0.1155 0.069 0 0.1155 0.0655 0.006 0.1155 0.129 0 0.1155 0.1105 -0.001 0.1155 0.1105 0.002 0.1155 0.1075 0.002 0.1155 0.1085 -0.002 0.1155 0.1095 -0.002 0.1155 0.1085 0.001 0.1155 0.107 0.002 0.1155 0.1095 0.001 0.1155 0.1105 0 0.1155 0.1295 -0.036 0.1155 0.109 -0.027 0.1155 0.1135 -0.0275 0.1155 0.1115 -0.0205 0.1155 0.1095 -0.02 0.1155 0.1115 -0.027 0.1155 0.1095 -0.0255 0.1155 0.1085 -0.0215 0.1155 0.1085 -0.0205 0.1155 0.1135 -0.0215 0.1155 0.115 -0.028 0.1155 0.1185 -0.0235 0.1155 0.1155 -0.0255 0.1155 0.115 -0.0385 0.1155 0.1035 -0.0405 0.1155 0.097 -0.0195 0.1155 0.0975 -0.0415 0.1155 0.085 -0.019 0.1155 0.1 -0.0195 0.1155 0.0995 -0.018 0.1155 0.1005 -0.02 0.1155 0.0985 -0.018 0.1155 0.0805 -0.018 0.1155 0.0725 -0.019 0.1155 0.076 -0.018 0.1155 0.0755 -0.0365 0.1155 0.0685 -0.0385 0.1155 0.073 -0.0235 0.1155 0.0535 -0.0255 0.1155 0.061 -0.0235 0.1155 0.0605 -0.011 0.1155 0.069 -0.012 0.1155 0.0485 -0.018 0.1155 0.069 0.019 0.1155 0.0795 0.018 0.1155 0.0795 0.018 0.1155 0.0725 0.017 0.1155 0.076 0.018 0.1155 0.0755 0.018 0.1155 0.1035 0.019 0.1155 0.1 0.018 0.1155 0.1005 0.017 0.1155 0.0965 0.018 0.1155 0.0965 0.0045 0.1155 0.1035 -0.017 0.1155 0.1 -0.017 0.1155 0.0795 -0.018 0.1155 0.0795 -0.0045 0.1155 0.0725 -0.011 0.1155 0.1035 -0.011 0.1155 0.0725 -0.0045 0.1155 0.1035 0.0045 0.1155 0.0725 -0.016 0.1155 0.0785 -0.017 0.1155 0.076 -0.016 0.1155 0.0765 -0.016 0.1155 0.0775 0 0.1155 0.0695 -0.02 0.1155 0.0775 -0.0195 0.1155 0.0765 -0.019 0.1155 0.0795 -0.0195 0.1155 0.0785 -0.027 0.1155 0.0665 -0.0275 0.1155 0.0645 -0.0205 0.1155 0.0625 -0.02 0.1155 0.0645 -0.0325 0.1155 0.062 -0.0215 0.1155 0.061 -0.0205 0.1155 0.0665 -0.0215 0.1155 0.0675 -0.027 0.1155 0.0625 -0.0235 0.1155 0.068 -0.0255 0.1155 0.0675 0.02 0.1155 0.0775 0.0195 0.1155 0.0785 0.019 0.1155 0.076 0.0195 0.1155 0.0765 0.016 0.1155 0.0775 0.016 0.1155 0.0765 0.017 0.1155 0.0795 0.016 0.1155 0.0785 0.02 0.1155 0.0985 0.0195 0.1155 0.0995 0.019 0.1155 0.0965 0.0195 0.1155 0.0975 0.017 0.1155 0.1 0.016 0.1155 0.0985 0.016 0.1155 0.0975 0.016 0.1155 0.0995 0 0.1155 0.1065 -0.016 0.1155 0.0985 -0.016 0.1155 0.0995 -0.017 0.1155 0.0965 -0.016 0.1155 0.0975 -0.0055 0.111 0.0915 -0.0065 0.1155 0.088 -0.0055 0.1155 0.0915 -0.0035 0.111 0.0935 -0.0035 0.1155 0.0935 0 0.111 0.0945 0 0.1155 0.0945 0.0035 0.111 0.0935 0.0035 0.1155 0.0935 0.0055 0.111 0.0915 0.0055 0.1155 0.0915 0.0065 0.111 0.088 0.0065 0.1155 0.088 0.0055 0.111 0.0845 0.0055 0.1155 0.0845 0.0035 0.111 0.0825 0.0035 0.1155 0.0825 0 0.111 0.0815 0 0.1155 0.0815 -0.0035 0.111 0.0825 -0.0035 0.1155 0.0825 -0.0055 0.111 0.0845 -0.0055 0.1155 0.0845 -0.0065 0.111 0.088 -0.011 0.111 0.0725 -0.0095 0.111 0.065 -0.0045 0.111 0.0725 0.02 0.111 0.0985 0.023 0.111 0.0975 0.0195 0.111 0.0995 0.0175 0.111 0.1055 0.019 0.111 0.1 0.017 0.111 0.1 0.011 0.111 0.1035 0.016 0.111 0.0995 0.016 0.111 0.0985 0.011 0.111 0.0955 0.0195 0.111 0.0975 0.025 0.111 0.088 0.018 0.111 0.1005 0.017 0.111 0.0965 0.016 0.111 0.0975 0.0095 0.111 0.111 0.0045 0.111 0.1035 -0.0095 0.111 0.111 -0.0045 0.111 0.1035 -0.0045 0.111 0.112 -0.0195 0.111 0.0975 -0.023 0.111 0.0975 -0.0225 0.111 0.0955 -0.016 0.111 0.0975 -0.011 0.111 0.0955 -0.016 0.111 0.0985 -0.011 0.111 0.1035 -0.016 0.111 0.0995 -0.019 0.111 0.0965 -0.018 0.111 0.0965 -0.017 0.111 0.0965 -0.017 0.111 0.1 -0.0175 0.111 0.1055 -0.018 0.111 0.1005 -0.019 0.111 0.1 -0.0195 0.111 0.0995 -0.02 0.111 0.0985 -0.0225 0.111 0.0805 -0.025 0.111 0.088 -0.023 0.111 0.0785 -0.0045 0.111 0.0805 0.0045 0.111 0.0805 0.0045 0.111 0.0725 0.011 0.111 0.0805 0.011 0.111 0.0725 -0.011 0.111 0.0805 -0.0045 0.111 0.0955 0.0045 0.111 0.0955 0.002 0.111 0.1085 0.0045 0.111 0.112 0 0.111 0.1065 0.001 0.111 0.107 0.002 0.111 0.1075 -0.002 0.111 0.1085 -0.002 0.111 0.1075 -0.001 0.111 0.107 0.002 0.111 0.1095 0.001 0.111 0.1105 0 0.111 0.1105 -0.001 0.111 0.1105 -0.002 0.111 0.1095 0 0.111 0.0945 -0.0035 0.111 0.0935 0.0065 0.111 0.088 0.0055 0.111 0.0845 0.0035 0.111 0.0825 0.0055 0.111 0.0915 0.0035 0.111 0.0935 0 0.111 0.0815 -0.0055 0.111 0.0915 -0.0065 0.111 0.088 -0.0055 0.111 0.0845 -0.0035 0.111 0.0825 -0.016 0.111 0.0775 -0.018 0.111 0.0795 -0.016 0.111 0.0765 -0.019 0.111 0.0795 -0.0195 0.111 0.0765 -0.0175 0.111 0.0705 -0.019 0.111 0.076 -0.017 0.111 0.076 -0.016 0.111 0.0785 -0.0195 0.111 0.0785 -0.018 0.111 0.0755 -0.017 0.111 0.0795 -0.02 0.111 0.0775 -0.0225 0.111 0.0775 0 0.111 0.0695 -0.001 0.111 0.069 0.001 0.111 0.0655 0.0095 0.111 0.065 0.002 0.111 0.0665 0.002 0.111 0.0675 0.002 0.111 0.0685 0.001 0.111 0.069 -0.001 0.111 0.0655 0 0.111 0.063 -0.002 0.111 0.0685 -0.002 0.111 0.0675 0 0.111 0.0655 -0.002 0.111 0.0665 0.0195 0.111 0.0765 0.0175 0.111 0.0705 0.023 0.111 0.0785 0.017 0.111 0.0795 0.02 0.111 0.0775 0.0195 0.111 0.0785 0.018 0.111 0.0795 0.017 0.111 0.076 0.018 0.111 0.0755 0.016 0.111 0.0785 0.019 0.111 0.076 0.019 0.111 0.0795 0.016 0.111 0.0775 0.016 0.111 0.0765 0.018 0.111 0.0965 0.019 0.111 0.0965 0 0.111 0.113 -0.025 0.111 0.088 -0.023 0.109 0.0975 -0.025 0.109 0.088 -0.023 0.111 0.0975 -0.0175 0.109 0.1055 -0.0175 0.111 0.1055 -0.0095 0.109 0.111 -0.0095 0.111 0.111 0 0.109 0.113 0 0.111 0.113 0.0095 0.109 0.111 0.0095 0.111 0.111 0.0175 0.109 0.1055 0.0175 0.111 0.1055 0.023 0.109 0.0975 0.023 0.111 0.0975 0.025 0.109 0.088 0.025 0.111 0.088 0.023 0.109 0.0785 0.023 0.111 0.0785 0.0175 0.109 0.0705 0.0175 0.111 0.0705 0.0095 0.109 0.065 0.0095 0.111 0.065 0 0.109 0.063 0 0.111 0.063 -0.0095 0.109 0.065 -0.0095 0.111 0.065 -0.0175 0.109 0.0705 -0.0175 0.111 0.0705 -0.023 0.109 0.0785 -0.0225 0.111 0.0775 -0.023 0.111 0.0785 0.0235 0.109 0.109 0.025 0.114 0.1095 0.0235 0.114 0.109 0.025 0.109 0.1095 0.026 0.114 0.1105 0.026 0.109 0.1105 0.026 0.114 0.1115 0.026 0.109 0.1115 0.026 0.114 0.113 0.026 0.109 0.113 0.025 0.114 0.114 0.025 0.109 0.114 0.0235 0.114 0.114 0.0235 0.109 0.114 0.0225 0.114 0.114 0.0225 0.109 0.114 0.0215 0.114 0.113 0.0215 0.109 0.113 0.021 0.114 0.1115 0.021 0.109 0.1115 0.0215 0.114 0.1105 0.0215 0.109 0.1105 0.0225 0.114 0.1095 0.0225 0.109 0.1095 0.0215 0.114 0.1105 0.0215 0.1155 0.1085 0.0205 0.1155 0.1095 0.021 0.114 0.1115 0.02 0.1155 0.1115 0.0215 0.114 0.113 0.0205 0.1155 0.1135 0.0225 0.114 0.114 0.0215 0.1155 0.115 0.0235 0.114 0.114 0.0235 0.1155 0.1155 0.025 0.114 0.114 0.0255 0.1155 0.115 0.026 0.114 0.113 0.027 0.1155 0.1135 0.026 0.114 0.1115 0.0275 0.1155 0.1115 0.026 0.114 0.1105 0.027 0.1155 0.1095 0.025 0.114 0.1095 0.0255 0.1155 0.1085 0.0235 0.114 0.109 0.0235 0.1155 0.108 0.0225 0.114 0.1095 0.0235 0.109 0.062 0.025 0.114 0.062 0.0235 0.114 0.062 0.025 0.109 0.062 0.026 0.114 0.063 0.026 0.109 0.063 0.026 0.114 0.0645 0.026 0.109 0.0645 0.026 0.114 0.0655 0.026 0.109 0.0655 0.025 0.114 0.0665 0.025 0.109 0.0665 0.0235 0.114 0.067 0.0235 0.109 0.067 0.0225 0.114 0.0665 0.0225 0.109 0.0665 0.0215 0.114 0.0655 0.0215 0.109 0.0655 0.021 0.114 0.0645 0.021 0.109 0.0645 0.0215 0.114 0.063 0.0215 0.109 0.063 0.0225 0.114 0.062 0.0225 0.109 0.062 0.0225 0.114 0.062 0.0235 0.1155 0.0605 0.0215 0.1155 0.061 0.0215 0.114 0.063 0.0205 0.1155 0.0625 0.021 0.114 0.0645 0.02 0.1155 0.0645 0.0215 0.114 0.0655 0.0205 0.1155 0.0665 0.0225 0.114 0.0665 0.0215 0.1155 0.0675 0.0235 0.114 0.067 0.0235 0.1155 0.068 0.025 0.114 0.0665 0.0255 0.1155 0.0675 0.026 0.114 0.0655 0.027 0.1155 0.0665 0.026 0.114 0.0645 0.0275 0.1155 0.0645 0.026 0.114 0.063 0.027 0.1155 0.0625 0.025 0.114 0.062 0.0255 0.1155 0.061 0.0235 0.114 0.062 -0.0235 0.109 0.062 -0.0225 0.114 0.062 -0.0235 0.114 0.062 -0.0225 0.109 0.062 -0.0215 0.114 0.063 -0.0215 0.109 0.063 -0.021 0.114 0.0645 -0.021 0.109 0.0645 -0.0215 0.114 0.0655 -0.0215 0.109 0.0655 -0.0225 0.114 0.0665 -0.0225 0.109 0.0665 -0.0235 0.114 0.067 -0.0235 0.109 0.067 -0.025 0.114 0.0665 -0.025 0.109 0.0665 -0.026 0.114 0.0655 -0.026 0.109 0.0655 -0.026 0.114 0.0645 -0.026 0.109 0.0645 -0.026 0.114 0.063 -0.026 0.109 0.063 -0.025 0.114 0.062 -0.025 0.109 0.062 -0.0235 0.1155 0.0605 -0.025 0.114 0.062 -0.0235 0.114 0.062 -0.0255 0.1155 0.061 -0.026 0.114 0.063 -0.027 0.1155 0.0625 -0.026 0.114 0.0645 -0.0275 0.1155 0.0645 -0.026 0.114 0.0655 -0.027 0.1155 0.0665 -0.025 0.114 0.0665 -0.0255 0.1155 0.0675 -0.0235 0.114 0.067 -0.0235 0.1155 0.068 -0.0225 0.114 0.0665 -0.0215 0.1155 0.0675 -0.0215 0.114 0.0655 -0.0205 0.1155 0.0665 -0.021 0.114 0.0645 -0.02 0.1155 0.0645 -0.0215 0.114 0.063 -0.0205 0.1155 0.0625 -0.0225 0.114 0.062 -0.0215 0.1155 0.061 -0.0235 0.109 0.109 -0.0225 0.114 0.1095 -0.0235 0.114 0.109 -0.0225 0.109 0.1095 -0.0215 0.114 0.1105 -0.0215 0.109 0.1105 -0.021 0.114 0.1115 -0.021 0.109 0.1115 -0.0215 0.114 0.113 -0.0215 0.109 0.113 -0.0225 0.114 0.114 -0.0225 0.109 0.114 -0.0235 0.114 0.114 -0.0235 0.109 0.114 -0.025 0.114 0.114 -0.025 0.109 0.114 -0.026 0.114 0.113 -0.026 0.109 0.113 -0.026 0.114 0.1115 -0.026 0.109 0.1115 -0.026 0.114 0.1105 -0.026 0.109 0.1105 -0.025 0.114 0.1095 -0.025 0.109 0.1095 -0.0235 0.1155 0.108 -0.025 0.114 0.1095 -0.0235 0.114 0.109 -0.0255 0.1155 0.1085 -0.026 0.114 0.1105 -0.027 0.1155 0.1095 -0.026 0.114 0.1115 -0.0275 0.1155 0.1115 -0.026 0.114 0.113 -0.027 0.1155 0.1135 -0.025 0.114 0.114 -0.0255 0.1155 0.115 -0.0235 0.114 0.114 -0.0235 0.1155 0.1155 -0.0225 0.114 0.114 -0.0215 0.1155 0.115 -0.0215 0.114 0.113 -0.0205 0.1155 0.1135 -0.021 0.114 0.1115 -0.02 0.1155 0.1115 -0.0215 0.114 0.1105 -0.0205 0.1155 0.1095 -0.0225 0.114 0.1095 -0.0215 0.1155 0.1085 -0.006 0.1155 0.129 0 0.115 0.13 0 0.1155 0.1295 -0.0065 0.115 0.1295 -0.018 0.1155 0.1255 -0.018 0.115 0.126 -0.028 0.1155 0.1185 -0.036 0.1155 0.109 -0.0285 0.115 0.119 -0.0385 0.1155 0.1035 -0.041 0.115 0.0975 -0.0365 0.115 0.109 -0.0365 0.1155 0.1075 -0.0415 0.1155 0.085 -0.0405 0.1155 0.097 -0.0385 0.1155 0.073 -0.042 0.115 0.085 -0.0365 0.1155 0.0685 -0.033 0.115 0.062 -0.039 0.115 0.0725 -0.0235 0.1155 0.0535 -0.0325 0.1155 0.062 -0.012 0.1155 0.0485 -0.0235 0.115 0.0535 -0.0045 0.1155 0.0465 -0.0125 0.115 0.048 0 0.115 0.046 0.012 0.1155 0.0485 0 0.1155 0.0465 0.0235 0.1155 0.0535 0.0125 0.115 0.048 0.0235 0.1155 0.054 0.033 0.115 0.062 0.0235 0.115 0.0535 0.0365 0.1155 0.0685 0.0325 0.1155 0.062 0.039 0.115 0.0725 0.0415 0.1155 0.085 0.0385 0.1155 0.073 0.0405 0.1155 0.097 0.042 0.115 0.085 0.0365 0.1155 0.1075 0.041 0.115 0.0975 0.0365 0.115 0.109 0.028 0.1155 0.1185 0.036 0.1155 0.109 0.018 0.1155 0.1255 0.0285 0.115 0.119 0.006 0.1155 0.129 0.018 0.115 0.126 0.0065 0.115 0.1295 0.0175 0.1095 0.0515 0.0115 0.109 0.0505 0.012 0.1095 0.049 0.006 0.109 0.049 0.006 0.1095 0.0475 0 0.109 0.0485 0 0.1095 0.047 -0.006 0.109 0.049 -0.006 0.1095 0.0475 -0.0115 0.109 0.0505 -0.012 0.1095 0.049 -0.017 0.109 0.0525 -0.0175 0.1095 0.0515 -0.0225 0.109 0.0555 -0.023 0.1095 0.0545 -0.027 0.109 0.059 -0.0275 0.1095 0.058 -0.031 0.109 0.0635 -0.032 0.1095 0.0625 -0.034 0.109 0.068 -0.0355 0.1095 0.0675 -0.037 0.109 0.0735 -0.038 0.1095 0.073 -0.0385 0.109 0.079 -0.0395 0.1095 0.079 -0.0395 0.109 0.085 -0.0405 0.1095 0.085 -0.0395 0.109 0.088 -0.0405 0.1095 0.091 -0.0385 0.109 0.097 -0.0395 0.1095 0.097 -0.037 0.109 0.1025 -0.038 0.1095 0.103 -0.034 0.109 0.108 -0.0355 0.1095 0.1085 -0.031 0.109 0.1125 -0.032 0.1095 0.1135 -0.027 0.109 0.117 -0.0275 0.1095 0.118 -0.0225 0.109 0.1205 -0.023 0.1095 0.1215 -0.017 0.109 0.1235 -0.0175 0.1095 0.1245 -0.0115 0.109 0.1255 -0.012 0.1095 0.127 -0.006 0.109 0.127 -0.006 0.1095 0.1285 0 0.109 0.1275 0 0.1095 0.129 0 0.1105 0.1295 0.006 0.1095 0.1285 0.006 0.1105 0.129 0.012 0.1095 0.127 0.0125 0.1105 0.128 0.0175 0.1095 0.1245 0.018 0.1105 0.1255 0.023 0.1095 0.1215 0.0235 0.1105 0.1225 0.0275 0.1095 0.118 0.0285 0.1105 0.1185 0.032 0.1095 0.1135 0.0325 0.1105 0.114 0.023 0.1095 0.0545 0.017 0.109 0.0525 0.036 0.1105 0.109 0.038 0.1095 0.103 0.039 0.1105 0.103 0.0395 0.1095 0.097 0.0405 0.1105 0.0975 0.0405 0.1095 0.091 0.0415 0.1105 0.091 0.0405 0.1095 0.085 0.0415 0.1105 0.085 0.0395 0.1095 0.079 0.0405 0.1105 0.0785 0.038 0.1095 0.073 0.039 0.1105 0.073 0.0355 0.1095 0.0675 0.036 0.1105 0.067 0.032 0.1095 0.0625 0.0325 0.1105 0.062 0.0275 0.1095 0.058 0.0285 0.1105 0.0575 0.0235 0.1105 0.0535 0.018 0.1105 0.0505 0.0125 0.1105 0.048 0.006 0.1105 0.047 0 0.1105 0.0465 -0.006 0.1105 0.047 -0.0125 0.1105 0.048 -0.018 0.1105 0.0505 -0.0235 0.1105 0.0535 -0.0285 0.1105 0.0575 -0.0325 0.1105 0.062 -0.036 0.1105 0.067 -0.039 0.1105 0.073 -0.0405 0.1105 0.0785 -0.0415 0.1105 0.085 -0.0415 0.1105 0.091 -0.0405 0.1105 0.0975 -0.039 0.1105 0.103 -0.036 0.1105 0.109 -0.0325 0.1105 0.114 -0.0285 0.1105 0.1185 -0.0235 0.1105 0.1225 -0.018 0.1105 0.1255 -0.0125 0.1105 0.128 -0.006 0.1105 0.129 0 0.1115 0.13 0.0065 0.1115 0.1295 0.0125 0.1115 0.128 0.018 0.1115 0.126 0.0235 0.1115 0.1225 0.0285 0.1115 0.119 0.033 0.1115 0.114 0.0365 0.1115 0.109 0.039 0.1115 0.1035 0.041 0.1115 0.0975 0.042 0.1115 0.091 0.042 0.1115 0.085 0.041 0.1115 0.0785 0.039 0.1115 0.0725 0.0365 0.1115 0.067 0.033 0.1115 0.062 0.0285 0.1115 0.057 0.0235 0.1115 0.0535 0.018 0.1115 0.05 0.0125 0.1115 0.048 0.0065 0.1115 0.0465 0 0.1115 0.046 -0.0065 0.1115 0.0465 -0.0125 0.1115 0.048 -0.018 0.1115 0.05 -0.0235 0.1115 0.0535 -0.0285 0.1115 0.057 -0.033 0.1115 0.062 -0.0365 0.1115 0.067 -0.039 0.1115 0.0725 -0.041 0.1115 0.0785 -0.042 0.1115 0.085 -0.042 0.1115 0.091 -0.041 0.1115 0.0975 -0.039 0.1115 0.1035 -0.0365 0.1115 0.109 -0.033 0.1115 0.114 -0.0285 0.1115 0.119 -0.0235 0.1115 0.1225 -0.018 0.1115 0.126 -0.0125 0.1115 0.128 -0.0065 0.1115 0.1295 0.0225 0.109 0.0555 0.027 0.109 0.059 0.031 0.109 0.0635 0.034 0.109 0.068 0.037 0.109 0.0735 0.0385 0.109 0.079 0.0395 0.109 0.088 0.0395 0.109 0.091 0.0385 0.109 0.097 0.0355 0.1095 0.1085 0.037 0.109 0.1025 0.034 0.109 0.108 0.031 0.109 0.1125 0.027 0.109 0.117 0.0225 0.109 0.1205 0.017 0.109 0.1235 0.0115 0.109 0.1255 0.006 0.109 0.127 0.0395 0.109 0.085 -0.0395 0.109 0.091 0.022 0.1155 0.052 0.0125 0.115 0.048 0.0235 0.115 0.0535 0.0235 0.1155 0.0535 0.033 0.1155 0.062 0.033 0.115 0.062 0.039 0.1155 0.0725 0.039 0.115 0.0725 0.042 0.1155 0.085 0.042 0.115 0.085 0.041 0.1155 0.0975 0.041 0.115 0.0975 0.0365 0.1155 0.109 0.036 0.1155 0.11 0.0285 0.115 0.119 0.0285 0.1155 0.119 0.0365 0.115 0.109 0.018 0.1155 0.126 0.018 0.115 0.126 0.0065 0.1155 0.1295 0 0.115 0.13 -0.0065 0.1155 0.1295 0.0065 0.115 0.1295 -0.0065 0.115 0.1295 -0.018 0.1155 0.126 -0.018 0.115 0.126 -0.0285 0.1155 0.119 -0.036 0.1155 0.11 -0.0285 0.115 0.119 -0.0365 0.115 0.109 -0.0365 0.1155 0.109 -0.041 0.1155 0.0975 -0.041 0.115 0.0975 -0.042 0.1155 0.085 -0.042 0.115 0.085 -0.039 0.1155 0.0725 -0.039 0.115 0.0725 -0.033 0.1155 0.062 -0.033 0.115 0.062 -0.0235 0.1155 0.0535 -0.0235 0.115 0.0535 -0.0125 0.1155 0.048 0.0125 0.1155 0.048 0 0.115 0.046 -0.0125 0.115 0.048 0 0.1155 0.046 -0.014 0.1055 0.0375 0 0.1155 0.0355 0 0.1055 0.0355 -0.0275 0.1055 0.043 -0.014 0.1155 0.0375 -0.0385 0.1055 0.052 -0.0275 0.1155 0.043 -0.0465 0.1055 0.064 -0.0385 0.1155 0.052 -0.0515 0.1055 0.0775 -0.0465 0.1155 0.064 -0.0525 0.1055 0.0915 -0.0515 0.1155 0.0775 -0.0495 0.1055 0.1055 -0.0525 0.1155 0.0915 -0.0475 0.1055 0.11 -0.043 0.1155 0.1185 -0.0475 0.1155 0.11 -0.0495 0.1155 0.1055 -0.033 0.1055 0.1285 -0.043 0.1055 0.1185 -0.021 0.1055 0.136 -0.033 0.1155 0.1285 -0.007 0.1055 0.14 -0.021 0.1155 0.136 0.007 0.1055 0.14 -0.007 0.1155 0.14 0.021 0.1055 0.136 0.007 0.1155 0.14 0.033 0.1055 0.1285 0.021 0.1155 0.136 0.043 0.1055 0.1185 0.033 0.1155 0.1285 0.0495 0.1055 0.1055 0.043 0.1155 0.1185 0.0525 0.1055 0.0915 0.0495 0.1155 0.1055 0.0515 0.1055 0.0775 0.0525 0.1155 0.0915 0.0465 0.1055 0.064 0.0515 0.1155 0.0775 0.0385 0.1055 0.052 0.0465 0.1155 0.064 0.0275 0.1055 0.043 0.0385 0.1155 0.052 0.022 0.1055 0.0405 0.014 0.1155 0.0375 0.022 0.1155 0.0405 0.0275 0.1155 0.043 0.014 0.1055 0.0375 -0.0015 0.1055 0.1355 -0.018 0.1055 0.126 -0.0015 0.1055 0.1345 0.0285 0.1055 0.119 0.043 0.1055 0.1185 0.033 0.1055 0.1285 0.042 0.1055 0.085 0.046 0.1055 0.087 0.046 0.1055 0.088 0.0525 0.1055 0.0915 0.049 0.1055 0.089 0.049 0.1055 0.088 0.041 0.1055 0.0975 0.046 0.1055 0.089 0.0485 0.1055 0.0895 0.0495 0.1055 0.1055 0.0475 0.1055 0.0895 0.0475 0.1055 0.0865 0.0515 0.1055 0.0775 0.0485 0.1055 0.0865 0.0465 0.1055 0.0895 0.049 0.1055 0.087 0.0465 0.1055 0.0865 0.0465 0.1055 0.064 0.0365 0.1055 0.109 0.036 0.1055 0.11 0.0275 0.1055 0.043 0.022 0.1055 0.0405 0.0235 0.1055 0.0535 0.022 0.1055 0.052 0.0385 0.1055 0.052 0.039 0.1055 0.0725 0.033 0.1055 0.062 -0.0285 0.1055 0.119 -0.043 0.1055 0.1185 -0.036 0.1055 0.11 -0.007 0.1055 0.14 -0.0015 0.1055 0.1365 -0.033 0.1055 0.1285 -0.021 0.1055 0.136 0.0065 0.1055 0.1295 0.0015 0.1055 0.1345 0.001 0.1055 0.134 -0.0475 0.1055 0.11 -0.0065 0.1055 0.1295 0 0.1055 0.134 0.018 0.1055 0.126 0.021 0.1055 0.136 -0.001 0.1055 0.134 0.0015 0.1055 0.1355 0.007 0.1055 0.14 0 0.1055 0.137 0.0015 0.1055 0.1365 0.001 0.1055 0.137 -0.001 0.1055 0.137 -0.039 0.1055 0.0725 -0.0475 0.1055 0.0865 -0.0465 0.1055 0.064 -0.033 0.1055 0.062 -0.0385 0.1055 0.052 -0.0235 0.1055 0.0535 -0.0275 0.1055 0.043 -0.0125 0.1055 0.048 -0.0015 0.1055 0.0405 -0.0015 0.1055 0.0415 -0.049 0.1055 0.088 -0.0515 0.1055 0.0775 -0.049 0.1055 0.087 -0.014 0.1055 0.0375 -0.001 0.1055 0.039 0 0.1055 0.0355 -0.0525 0.1055 0.0915 -0.0465 0.1055 0.0865 -0.0015 0.1055 0.0395 -0.0495 0.1055 0.1055 -0.0475 0.1055 0.0895 -0.0485 0.1055 0.0895 -0.049 0.1055 0.089 -0.0485 0.1055 0.0865 -0.042 0.1055 0.085 -0.046 0.1055 0.088 -0.041 0.1055 0.0975 -0.046 0.1055 0.089 -0.046 0.1055 0.087 -0.0465 0.1055 0.0895 -0.001 0.1055 0.042 0 0.1055 0.039 0.001 0.1055 0.039 -0.0365 0.1055 0.109 0.014 0.1055 0.0375 0.0015 0.1055 0.0395 0.0015 0.1055 0.0405 0.0125 0.1055 0.048 0.001 0.1055 0.042 0 0.1055 0.046 0 0.1055 0.042 0.0015 0.1055 0.0415 -0.007 0.1155 0.14 -0.0015 0.1155 0.1355 -0.021 0.1155 0.136 -0.0285 0.1155 0.119 -0.043 0.1155 0.1185 -0.033 0.1155 0.1285 -0.018 0.1155 0.126 0.0015 0.1155 0.1355 0.018 0.1155 0.126 0.0015 0.1155 0.1345 0.033 0.1155 0.1285 0.0285 0.1155 0.119 -0.0065 0.1155 0.1295 -0.0015 0.1155 0.1345 -0.001 0.1155 0.134 -0.036 0.1155 0.11 -0.0475 0.1155 0.11 0 0.1155 0.137 0.007 0.1155 0.14 0.001 0.1155 0.137 0.021 0.1155 0.136 0.0065 0.1155 0.1295 0.0015 0.1155 0.1365 0.001 0.1155 0.134 -0.0015 0.1155 0.1365 -0.001 0.1155 0.137 0 0.1155 0.134 0.043 0.1155 0.1185 0.036 0.1155 0.11 0.041 0.1155 0.0975 0.0465 0.1155 0.0895 0.046 0.1155 0.089 0.0365 0.1155 0.109 0.0495 0.1155 0.1055 0.039 0.1155 0.0725 0.0475 0.1155 0.0865 0.0465 0.1155 0.064 0.033 0.1155 0.062 0.0385 0.1155 0.052 0.0235 0.1155 0.0535 0.0275 0.1155 0.043 0.022 0.1155 0.052 0.022 0.1155 0.0405 0.0475 0.1155 0.0895 0.0485 0.1155 0.0895 0.0525 0.1155 0.0915 0.049 0.1155 0.089 0.042 0.1155 0.085 0.0465 0.1155 0.0865 0.049 0.1155 0.088 0.046 0.1155 0.087 0.046 0.1155 0.088 0.0515 0.1155 0.0775 0.0485 0.1155 0.0865 0.049 0.1155 0.087 -0.0015 0.1155 0.0415 -0.0275 0.1155 0.043 -0.0235 0.1155 0.0535 -0.0385 0.1155 0.052 -0.033 0.1155 0.062 -0.0465 0.1155 0.064 -0.039 0.1155 0.0725 -0.0475 0.1155 0.0865 -0.0465 0.1155 0.0865 -0.0475 0.1155 0.0895 -0.0365 0.1155 0.109 -0.0465 0.1155 0.0895 -0.001 0.1155 0.039 -0.014 0.1155 0.0375 -0.0015 0.1155 0.0395 -0.0015 0.1155 0.0405 -0.041 0.1155 0.0975 -0.001 0.1155 0.042 -0.0515 0.1155 0.0775 -0.049 0.1155 0.088 -0.0525 0.1155 0.0915 -0.0495 0.1155 0.1055 -0.0485 0.1155 0.0895 -0.046 0.1155 0.089 -0.046 0.1155 0.088 -0.042 0.1155 0.085 -0.046 0.1155 0.087 0 0.1155 0.046 0 0.1155 0.042 -0.0485 0.1155 0.0865 -0.049 0.1155 0.087 -0.049 0.1155 0.089 0 0.1155 0.0355 -0.0125 0.1155 0.048 0.001 0.1155 0.042 0.0125 0.1155 0.048 0.0015 0.1155 0.0405 0.0015 0.1155 0.0415 0.014 0.1155 0.0375 0.001 0.1155 0.039 0.0015 0.1155 0.0395 0 0.1155 0.039 0.0125 0.1055 0.048 0.0065 0.1115 0.0465 0 0.1055 0.046 0.018 0.1115 0.05 0.022 0.1055 0.052 0.0235 0.1115 0.0535 0.0235 0.1055 0.0535 0.0285 0.1115 0.057 0.033 0.1055 0.062 0.033 0.1115 0.062 0.0365 0.1115 0.067 0.039 0.1055 0.0725 0.039 0.1115 0.0725 0.041 0.1115 0.0785 0.042 0.1055 0.085 0.042 0.1115 0.085 0.042 0.1115 0.091 0.041 0.1055 0.0975 0.041 0.1115 0.0975 0.039 0.1115 0.1035 0.0365 0.1055 0.109 0.0125 0.1115 0.048 0.0365 0.1115 0.109 0.036 0.1055 0.11 0.033 0.1115 0.114 0.0285 0.1055 0.119 0.0285 0.1115 0.119 0.0235 0.1115 0.1225 0.018 0.1055 0.126 0.018 0.1115 0.126 0.0125 0.1115 0.128 0.0065 0.1055 0.1295 0.0065 0.1115 0.1295 0 0.1115 0.13 -0.0065 0.1055 0.1295 -0.0065 0.1115 0.1295 -0.0125 0.1115 0.128 -0.018 0.1055 0.126 -0.018 0.1115 0.126 -0.0235 0.1115 0.1225 -0.0285 0.1055 0.119 -0.0285 0.1115 0.119 -0.033 0.1115 0.114 -0.036 0.1055 0.11 -0.0365 0.1115 0.109 -0.0365 0.1055 0.109 -0.039 0.1115 0.1035 -0.041 0.1055 0.0975 -0.041 0.1115 0.0975 -0.042 0.1115 0.091 -0.042 0.1055 0.085 -0.042 0.1115 0.085 -0.041 0.1115 0.0785 -0.039 0.1055 0.0725 -0.039 0.1115 0.0725 -0.0365 0.1115 0.067 -0.033 0.1055 0.062 -0.033 0.1115 0.062 -0.0285 0.1115 0.057 -0.0235 0.1055 0.0535 -0.0235 0.1115 0.0535 -0.018 0.1115 0.05 -0.0125 0.1055 0.048 -0.0125 0.1115 0.048 -0.0065 0.1115 0.0465 0 0.1115 0.046 -0.046 0.1155 0.087 -0.0465 0.1055 0.0865 -0.046 0.1055 0.087 -0.0465 0.1155 0.0865 -0.046 0.1155 0.088 -0.046 0.1055 0.088 -0.046 0.1155 0.089 -0.046 0.1055 0.089 -0.0465 0.1155 0.0895 -0.0465 0.1055 0.0895 -0.0475 0.1155 0.0895 -0.0475 0.1055 0.0895 -0.0485 0.1155 0.0895 -0.0485 0.1055 0.0895 -0.049 0.1155 0.089 -0.049 0.1055 0.089 -0.049 0.1155 0.088 -0.049 0.1055 0.088 -0.049 0.1155 0.087 -0.049 0.1055 0.087 -0.0485 0.1155 0.0865 -0.0485 0.1055 0.0865 -0.0475 0.1155 0.0865 -0.0475 0.1055 0.0865 0 0.1055 0.134 0.001 0.1155 0.134 0 0.1155 0.134 0.001 0.1055 0.134 0.0015 0.1155 0.1345 0.0015 0.1055 0.1345 0.0015 0.1155 0.1355 0.0015 0.1055 0.1355 0.0015 0.1155 0.1365 0.0015 0.1055 0.1365 0.001 0.1155 0.137 0.001 0.1055 0.137 0 0.1155 0.137 0 0.1055 0.137 -0.001 0.1155 0.137 -0.001 0.1055 0.137 -0.0015 0.1155 0.1365 -0.0015 0.1055 0.1365 -0.0015 0.1155 0.1355 -0.0015 0.1055 0.1355 -0.0015 0.1155 0.1345 -0.0015 0.1055 0.1345 -0.001 0.1155 0.134 -0.001 0.1055 0.134 0.0475 0.1055 0.0865 0.0485 0.1155 0.0865 0.0475 0.1155 0.0865 0.0485 0.1055 0.0865 0.049 0.1155 0.087 0.049 0.1055 0.087 0.049 0.1155 0.088 0.049 0.1055 0.088 0.049 0.1155 0.089 0.049 0.1055 0.089 0.0485 0.1155 0.0895 0.0485 0.1055 0.0895 0.0475 0.1155 0.0895 0.0475 0.1055 0.0895 0.0465 0.1155 0.0895 0.0465 0.1055 0.0895 0.046 0.1155 0.089 0.046 0.1055 0.089 0.046 0.1155 0.088 0.046 0.1055 0.088 0.046 0.1155 0.087 0.046 0.1055 0.087 0.0465 0.1155 0.0865 0.0465 0.1055 0.0865 0 0.1055 0.039 0.001 0.1155 0.039 0 0.1155 0.039 0.001 0.1055 0.039 0.0015 0.1155 0.0395 0.0015 0.1055 0.0395 0.0015 0.1155 0.0405 0.0015 0.1055 0.0405 0.0015 0.1155 0.0415 0.0015 0.1055 0.0415 0.001 0.1155 0.042 0.001 0.1055 0.042 0 0.1155 0.042 0 0.1055 0.042 -0.001 0.1155 0.042 -0.001 0.1055 0.042 -0.0015 0.1155 0.0415 -0.0015 0.1055 0.0415 -0.0015 0.1155 0.0405 -0.0015 0.1055 0.0405 -0.0015 0.1155 0.0395 -0.0015 0.1055 0.0395 -0.001 0.1155 0.039 -0.001 0.1055 0.039 0.0195 0.1155 0.0765 0.019 0.111 0.076 0.0195 0.111 0.0765 0.02 0.1155 0.0775 0.02 0.111 0.0775 0.0195 0.1155 0.0785 0.0195 0.111 0.0785 0.019 0.1155 0.0795 0.019 0.111 0.0795 0.018 0.1155 0.0795 0.018 0.111 0.0795 0.017 0.1155 0.0795 0.017 0.111 0.0795 0.016 0.1155 0.0785 0.016 0.111 0.0785 0.016 0.1155 0.0775 0.016 0.111 0.0775 0.016 0.1155 0.0765 0.016 0.111 0.0765 0.017 0.1155 0.076 0.017 0.111 0.076 0.018 0.1155 0.0755 0.018 0.111 0.0755 0.019 0.1155 0.076 0.018 0.111 0.0965 0.019 0.1155 0.0965 0.018 0.1155 0.0965 0.019 0.111 0.0965 0.0195 0.1155 0.0975 0.0195 0.111 0.0975 0.02 0.1155 0.0985 0.02 0.111 0.0985 0.0195 0.1155 0.0995 0.0195 0.111 0.0995 0.019 0.1155 0.1 0.019 0.111 0.1 0.018 0.1155 0.1005 0.018 0.111 0.1005 0.017 0.1155 0.1 0.017 0.111 0.1 0.016 0.1155 0.0995 0.016 0.111 0.0995 0.016 0.1155 0.0985 0.016 0.111 0.0985 0.016 0.1155 0.0975 0.016 0.111 0.0975 0.017 0.1155 0.0965 0.017 0.111 0.0965 0 0.1155 0.1065 -0.001 0.111 0.107 0 0.111 0.1065 0.001 0.1155 0.107 0.001 0.111 0.107 0.002 0.1155 0.1075 0.002 0.111 0.1075 0.002 0.1155 0.1085 0.002 0.111 0.1085 0.002 0.1155 0.1095 0.002 0.111 0.1095 0.001 0.1155 0.1105 0.001 0.111 0.1105 0 0.1155 0.1105 0 0.111 0.1105 -0.001 0.1155 0.1105 -0.001 0.111 0.1105 -0.002 0.1155 0.1095 -0.002 0.111 0.1095 -0.002 0.1155 0.1085 -0.002 0.111 0.1085 -0.002 0.1155 0.1075 -0.002 0.111 0.1075 -0.001 0.1155 0.107 -0.016 0.1155 0.0975 -0.017 0.111 0.0965 -0.016 0.111 0.0975 -0.017 0.1155 0.0965 -0.018 0.111 0.0965 -0.016 0.1155 0.0995 -0.016 0.111 0.0985 -0.016 0.111 0.0995 -0.017 0.1155 0.1 -0.017 0.111 0.1 -0.018 0.1155 0.1005 -0.018 0.111 0.1005 -0.019 0.1155 0.1 -0.019 0.111 0.1 -0.0195 0.1155 0.0995 -0.0195 0.111 0.0995 -0.02 0.1155 0.0985 -0.02 0.111 0.0985 -0.0195 0.1155 0.0975 -0.0195 0.111 0.0975 -0.019 0.1155 0.0965 -0.019 0.111 0.0965 -0.018 0.1155 0.0965 -0.016 0.1155 0.0985 -0.018 0.111 0.0755 -0.017 0.1155 0.076 -0.018 0.1155 0.0755 -0.017 0.111 0.076 -0.016 0.1155 0.0765 -0.016 0.111 0.0765 -0.016 0.1155 0.0775 -0.016 0.111 0.0775 -0.016 0.1155 0.0785 -0.016 0.111 0.0785 -0.017 0.1155 0.0795 -0.017 0.111 0.0795 -0.018 0.1155 0.0795 -0.018 0.111 0.0795 -0.019 0.1155 0.0795 -0.019 0.111 0.0795 -0.0195 0.1155 0.0785 -0.0195 0.111 0.0785 -0.02 0.1155 0.0775 -0.02 0.111 0.0775 -0.0195 0.1155 0.0765 -0.0195 0.111 0.0765 -0.019 0.1155 0.076 -0.019 0.111 0.076 0 0.111 0.0655 0.001 0.1155 0.0655 0 0.1155 0.0655 0.001 0.111 0.0655 0.002 0.1155 0.0665 0.002 0.111 0.0665 0.002 0.1155 0.0675 0.002 0.111 0.0675 0.002 0.1155 0.0685 0.002 0.111 0.0685 0.001 0.1155 0.069 0.001 0.111 0.069 0 0.1155 0.0695 0 0.111 0.0695 -0.001 0.1155 0.069 -0.001 0.111 0.069 -0.002 0.1155 0.0685 -0.002 0.111 0.0685 -0.002 0.1155 0.0675 -0.002 0.111 0.0675 -0.002 0.1155 0.0665 -0.002 0.111 0.0665 -0.001 0.1155 0.0655 -0.001 0.111 0.0655 0.025 0.116 0.0755 0.028 0.127 0.0855 0.028 0.116 0.0855 0.019 0.116 0.0675 0.025 0.127 0.0755 0.01 0.116 0.062 0.019 0.127 0.0675 0 0.116 0.06 0.01 0.127 0.062 0 0.127 0.06 0.027 0.127 0.0955 0.0225 0.127 0.105 0.027 0.116 0.0955 0.0145 0.127 0.1115 0.0225 0.116 0.105 0.005 0.116 0.1155 0 0.127 0.116 0 0.116 0.116 -0.0145 0.127 0.1115 -0.005 0.116 0.1155 -0.005 0.127 0.1155 -0.0225 0.127 0.105 -0.0145 0.116 0.1115 -0.027 0.127 0.0955 -0.0225 0.116 0.105 -0.028 0.127 0.0855 -0.027 0.116 0.0955 -0.025 0.127 0.0755 -0.028 0.116 0.0855 -0.019 0.127 0.0675 -0.025 0.116 0.0755 -0.01 0.127 0.062 -0.019 0.116 0.0675 -0.01 0.116 0.062 0.0145 0.116 0.1115 0.005 0.127 0.1155 0.0125 0.1155 0.1035 0.0055 0.1155 0.1145 0.0055 0.1155 0.1035 0.0125 0.1155 0.0775 0.0055 0.1155 0.0725 0.0125 0.1155 0.0725 0.0055 0.1155 0.0985 0.0125 0.1155 0.0985 0.0055 0.1155 0.0775 -0.0055 0.1155 0.0725 -0.0055 0.1155 0.0985 -0.0055 0.1155 0.0775 -0.0125 0.1155 0.0725 -0.0055 0.1155 0.1035 -0.0125 0.1155 0.0985 0.0195 0.1155 0.0975 0.0235 0.1155 0.0985 0.02 0.1155 0.0985 0.016 0.1155 0.0975 0.0125 0.1155 0.088 0.017 0.1155 0.0965 0.018 0.1155 0.0965 0.0235 0.1155 0.088 0.019 0.1155 0.0965 0.018 0.1155 0.0795 0.017 0.1155 0.0795 0.016 0.1155 0.0785 0.016 0.1155 0.0775 0.019 0.1155 0.0795 0.0195 0.1155 0.0785 0.0235 0.1155 0.0775 -0.0125 0.1155 0.1035 -0.0055 0.1155 0.1145 -0.0145 0.1155 0.111 -0.016 0.1155 0.0995 -0.018 0.1155 0.1005 -0.0215 0.1155 0.1045 -0.0125 0.1155 0.0775 0.016 0.1155 0.0985 0.02 0.1155 0.0775 -0.016 0.1155 0.0985 -0.026 0.1155 0.0955 -0.0195 0.1155 0.0975 -0.02 0.1155 0.0985 -0.016 0.1155 0.0785 -0.016 0.1155 0.0775 -0.0245 0.1155 0.076 -0.0195 0.1155 0.0765 -0.02 0.1155 0.0775 -0.0185 0.1155 0.068 -0.01 0.1155 0.0625 -0.001 0.1155 0.069 0 0.1155 0.0695 0.01 0.1155 0.0625 0.0185 0.1155 0.068 0.016 0.1155 0.0765 0.0245 0.1155 0.076 0.027 0.1155 0.0855 0.026 0.1155 0.0955 0.025 0.1155 0.099 0.024 0.1155 0.101 0.0215 0.1155 0.1045 0.0145 0.1155 0.111 0 0.1155 0.115 -0.001 0.1155 0.1105 0 0.1155 0.1105 -0.0125 0.1155 0.088 -0.0075 0.1155 0.0835 -0.009 0.1155 0.088 -0.0045 0.1155 0.0955 0 0.1155 0.097 0.0045 0.1155 0.0955 0.0075 0.1155 0.0925 0.009 0.1155 0.088 0.0045 0.1155 0.0805 0 0.1155 0.079 -0.0045 0.1155 0.0805 0.0075 0.1155 0.0835 -0.0075 0.1155 0.0925 0 0.1155 0.1065 0.002 0.1155 0.1095 0.005 0.1155 0.115 0.001 0.1155 0.1105 -0.001 0.1155 0.107 -0.002 0.1155 0.1075 0.002 0.1155 0.1085 -0.002 0.1155 0.1085 -0.002 0.1155 0.1095 0.002 0.1155 0.1075 -0.005 0.1155 0.115 0.001 0.1155 0.107 0.0195 0.1155 0.0995 0.0225 0.1155 0.1035 0.018 0.1155 0.1005 0.019 0.1155 0.1 0.016 0.1155 0.0995 0.017 0.1155 0.1 0.019 0.1155 0.076 0.0195 0.1155 0.0765 0.017 0.1155 0.076 0.018 0.1155 0.0755 0.002 0.1155 0.0665 0.001 0.1155 0.0655 0.002 0.1155 0.0675 -0.002 0.1155 0.0685 0.001 0.1155 0.069 0.002 0.1155 0.0685 -0.001 0.1155 0.0655 -0.002 0.1155 0.0665 0 0.1155 0.061 -0.002 0.1155 0.0675 0 0.1155 0.0655 -0.016 0.1155 0.0765 -0.017 0.1155 0.076 -0.018 0.1155 0.0755 -0.019 0.1155 0.076 -0.027 0.1155 0.0855 -0.0195 0.1155 0.0785 -0.019 0.1155 0.0795 -0.017 0.1155 0.0795 -0.018 0.1155 0.0795 -0.016 0.1155 0.0975 -0.018 0.1155 0.0965 -0.019 0.1155 0.0965 -0.017 0.1155 0.0965 -0.0195 0.1155 0.0995 -0.017 0.1155 0.1 -0.019 0.1155 0.1 0.0145 0.1275 0.111 0.0215 0.1275 0.1045 0.0185 0.1275 0.1055 0.0185 0.1275 0.1025 0.019 0.1275 0.1 0.0185 0.1275 0.088 0.019 0.1275 0.0795 0.018 0.1275 0.0795 0.0245 0.1275 0.076 0.0185 0.1275 0.0705 0.0185 0.1275 0.0735 0.0185 0.1275 0.068 0.01 0.1275 0.0625 0.009 0.1275 0.0705 0 0.1275 0.061 -0.001 0.1275 0.0655 0 0.1275 0.0655 0.001 0.1275 0.0655 -0.009 0.1275 0.0705 0 0.1275 0.0695 -0.001 0.1275 0.069 0.002 0.1275 0.0675 -0.01 0.1275 0.0625 -0.002 0.1275 0.0675 -0.002 0.1275 0.0665 0.002 0.1275 0.0665 0.002 0.1275 0.0685 -0.002 0.1275 0.0685 0.001 0.1275 0.069 0.009 0.1275 0.1055 0.027 0.1275 0.0855 0.02 0.1275 0.0775 0.0195 0.1275 0.0785 0.019 0.1275 0.076 0.018 0.1275 0.0755 0.0195 0.1275 0.0765 0.026 0.1275 0.0955 0.0195 0.1275 0.0975 0.02 0.1275 0.0985 0.0195 0.1275 0.0995 0.019 0.1275 0.0965 0.018 0.1275 0.1005 0.018 0.1275 0.0965 0 0.1275 0.1065 0.001 0.1275 0.107 -0.009 0.1275 0.1055 0 0.1275 0.115 -0.001 0.1275 0.1105 -0.005 0.1275 0.115 0.002 0.1275 0.1085 0.002 0.1275 0.1075 -0.001 0.1275 0.107 -0.0185 0.1275 0.1055 -0.0145 0.1275 0.111 -0.0215 0.1275 0.1045 -0.0185 0.1275 0.1025 -0.0185 0.1275 0.088 -0.019 0.1275 0.0965 -0.018 0.1275 0.0965 -0.0185 0.1275 0.0735 -0.019 0.1275 0.076 -0.018 0.1275 0.0755 -0.0205 0.1275 0.07 -0.0245 0.1275 0.076 -0.0185 0.1275 0.068 -0.0185 0.1275 0.0705 0.008 0.1275 0.073 0.009 0.1275 0.0735 -0.0135 0.1275 0.0785 -0.008 0.1275 0.073 -0.009 0.1275 0.0735 -0.018 0.1275 0.0795 -0.0165 0.1275 0.086 -0.017 0.1275 0.0795 -0.017 0.1275 0.1 -0.018 0.1275 0.1005 -0.004 0.1275 0.104 -0.011 0.1275 0.1005 -0.009 0.1275 0.1025 0.011 0.1275 0.1005 0.004 0.1275 0.104 0.009 0.1275 0.1025 0.0155 0.1275 0.094 0.017 0.1275 0.0965 0.017 0.1275 0.076 0.0135 0.1275 0.0785 -0.002 0.1275 0.1085 0.016 0.1275 0.0775 0.016 0.1275 0.0765 0.016 0.1275 0.0785 0.0165 0.1275 0.086 0.017 0.1275 0.0795 0.016 0.1275 0.0995 0.016 0.1275 0.0985 0.016 0.1275 0.0975 0.017 0.1275 0.1 0.002 0.1275 0.1095 -0.002 0.1275 0.1095 -0.002 0.1275 0.1075 0.005 0.1275 0.115 0.001 0.1275 0.1105 0 0.1275 0.1105 -0.026 0.1275 0.0955 -0.02 0.1275 0.0985 -0.0195 0.1275 0.0975 -0.019 0.1275 0.1 -0.0195 0.1275 0.0995 -0.027 0.1275 0.0855 -0.02 0.1275 0.0775 -0.0195 0.1275 0.0765 -0.019 0.1275 0.0795 -0.0195 0.1275 0.0785 0 0.1275 0.0715 -0.016 0.1275 0.0775 -0.017 0.1275 0.076 -0.016 0.1275 0.0765 -0.016 0.1275 0.0785 -0.016 0.1275 0.0995 -0.016 0.1275 0.0985 -0.0155 0.1275 0.094 -0.017 0.1275 0.0965 -0.016 0.1275 0.0975 0.0045 0.117 0.0805 0 0.1155 0.079 0.0045 0.1155 0.0805 0.0075 0.117 0.0835 0.0075 0.1155 0.0835 0.009 0.117 0.088 0.009 0.1155 0.088 0.0075 0.117 0.0925 0.0075 0.1155 0.0925 0.0045 0.117 0.0955 0.0045 0.1155 0.0955 0 0.117 0.097 0 0.1155 0.097 -0.0045 0.117 0.0955 -0.0045 0.1155 0.0955 -0.0075 0.117 0.0925 -0.0075 0.1155 0.0925 -0.0075 0.117 0.0835 -0.009 0.1155 0.088 -0.0075 0.1155 0.0835 -0.0045 0.117 0.0805 -0.0045 0.1155 0.0805 -0.009 0.117 0.088 0 0.117 0.079 -0.0075 0.117 0.074 0 0.117 0.079 0 0.117 0.072 0.0075 0.117 0.074 0.0045 0.117 0.0805 0.016 0.117 0.086 0.0075 0.117 0.0835 0.009 0.117 0.088 0.013 0.117 0.079 0.004 0.117 0.1035 0.0045 0.117 0.0955 0 0.117 0.097 0.015 0.117 0.0935 0.0075 0.117 0.0925 -0.004 0.117 0.1035 -0.0045 0.117 0.0955 -0.0105 0.117 0.1 0.0105 0.117 0.1 -0.015 0.117 0.0935 -0.009 0.117 0.088 -0.016 0.117 0.086 -0.0075 0.117 0.0925 -0.0075 0.117 0.0835 -0.013 0.117 0.079 -0.0045 0.117 0.0805 0.016 0.117 0.086 0.015 0.127 0.0935 0.016 0.127 0.086 0.013 0.117 0.079 0.013 0.127 0.079 0.0075 0.127 0.074 0 0.117 0.072 0.0075 0.117 0.074 0.015 0.117 0.0935 0.0105 0.127 0.1 0.0105 0.117 0.1 0.004 0.127 0.1035 0.004 0.117 0.1035 -0.004 0.127 0.1035 -0.004 0.117 0.1035 -0.0105 0.127 0.1 -0.0105 0.117 0.1 -0.015 0.127 0.0935 -0.015 0.117 0.0935 -0.016 0.127 0.086 -0.016 0.117 0.086 -0.013 0.127 0.079 -0.013 0.117 0.079 -0.0075 0.127 0.074 -0.0075 0.117 0.074 0 0.127 0.072 -0.008 0.1275 0.073 -0.013 0.127 0.079 -0.0075 0.127 0.074 -0.0135 0.1275 0.0785 -0.016 0.127 0.086 -0.0165 0.1275 0.086 -0.015 0.127 0.0935 0 0.1275 0.0715 0 0.127 0.072 -0.0155 0.1275 0.094 -0.0105 0.127 0.1 -0.011 0.1275 0.1005 -0.004 0.127 0.1035 -0.004 0.1275 0.104 0.004 0.127 0.1035 0.004 0.1275 0.104 0.0105 0.127 0.1 0.011 0.1275 0.1005 0.015 0.127 0.0935 0.0155 0.1275 0.094 0.016 0.127 0.086 0.0165 0.1275 0.086 0.013 0.127 0.079 0.0135 0.1275 0.0785 0.0075 0.127 0.074 0.008 0.1275 0.073 0.024 0.1155 0.101 0.027 0.116 0.0955 0.0225 0.116 0.105 0.0215 0.1155 0.1045 0.0145 0.116 0.1115 0.0145 0.1155 0.111 0.0055 0.1155 0.1145 0.005 0.116 0.1155 0.005 0.1155 0.115 -0.005 0.116 0.1155 0 0.1155 0.115 0 0.116 0.116 -0.005 0.1155 0.115 0 0.116 0.06 -0.01 0.1155 0.0625 -0.01 0.116 0.062 0.0225 0.1155 0.1035 -0.0145 0.1155 0.111 -0.0225 0.116 0.105 -0.0215 0.1155 0.1045 -0.027 0.116 0.0955 -0.026 0.1155 0.0955 -0.028 0.116 0.0855 -0.027 0.1155 0.0855 -0.025 0.116 0.0755 -0.0245 0.1155 0.076 -0.019 0.116 0.0675 -0.0185 0.1155 0.068 0 0.1155 0.061 0.025 0.1155 0.099 0.027 0.1155 0.0855 0.026 0.1155 0.0955 0.0245 0.1155 0.076 0.028 0.116 0.0855 0.0185 0.1155 0.068 0.025 0.116 0.0755 0.01 0.1155 0.0625 0.019 0.116 0.0675 0.01 0.116 0.062 -0.0145 0.116 0.1115 -0.0055 0.1155 0.1145 -0.005 0.127 0.1155 -0.0145 0.1275 0.111 -0.0145 0.127 0.1115 -0.0215 0.1275 0.1045 -0.0225 0.127 0.105 -0.026 0.1275 0.0955 -0.027 0.127 0.0955 -0.027 0.1275 0.0855 -0.028 0.127 0.0855 -0.0245 0.1275 0.076 -0.025 0.127 0.0755 -0.019 0.127 0.0675 -0.0205 0.1275 0.07 -0.0185 0.1275 0.068 -0.01 0.1275 0.0625 -0.01 0.127 0.062 0 0.1275 0.061 0 0.127 0.06 0.01 0.1275 0.0625 0.01 0.127 0.062 0.0185 0.1275 0.068 0.019 0.127 0.0675 0.0245 0.1275 0.076 0.025 0.127 0.0755 0.027 0.1275 0.0855 0.028 0.127 0.0855 0.026 0.1275 0.0955 0.027 0.127 0.0955 0.0215 0.1275 0.1045 0.0225 0.127 0.105 0.0145 0.1275 0.111 0.0145 0.127 0.1115 0.005 0.1275 0.115 0.005 0.127 0.1155 0 0.1275 0.115 0 0.127 0.116 -0.005 0.1275 0.115 0.0195 0.1155 0.0765 0.02 0.1275 0.0775 0.0195 0.1275 0.0765 0.018 0.1155 0.0755 0.019 0.1275 0.076 0.018 0.1275 0.0755 0.02 0.1155 0.0775 0.0195 0.1275 0.0785 0.0195 0.1155 0.0785 0.019 0.1275 0.0795 0.019 0.1155 0.0795 0.018 0.1275 0.0795 0.018 0.1155 0.0795 0.017 0.1275 0.0795 0.017 0.1155 0.0795 0.016 0.1275 0.0785 0.016 0.1155 0.0785 0.016 0.1275 0.0775 0.016 0.1155 0.0775 0.016 0.1275 0.0765 0.016 0.1155 0.0765 0.017 0.1275 0.076 0.017 0.1155 0.076 0.019 0.1155 0.076 0.0195 0.1275 0.0975 0.019 0.1155 0.0965 0.0195 0.1155 0.0975 0.019 0.1275 0.0965 0.02 0.1275 0.0985 0.02 0.1155 0.0985 0.0195 0.1275 0.0995 0.0195 0.1155 0.0995 0.019 0.1275 0.1 0.019 0.1155 0.1 0.018 0.1275 0.1005 0.018 0.1155 0.1005 0.017 0.1275 0.1 0.017 0.1155 0.1 0.016 0.1275 0.0995 0.016 0.1155 0.0995 0.016 0.1275 0.0985 0.016 0.1155 0.0985 0.016 0.1275 0.0975 0.016 0.1155 0.0975 0.017 0.1275 0.0965 0.017 0.1155 0.0965 0.018 0.1275 0.0965 0.018 0.1155 0.0965 0.001 0.1155 0.107 0.002 0.1275 0.1075 0.001 0.1275 0.107 0.002 0.1155 0.1075 0.002 0.1275 0.1085 0.002 0.1155 0.1085 0.002 0.1275 0.1095 0.002 0.1155 0.1095 0.001 0.1275 0.1105 0.001 0.1155 0.1105 0 0.1275 0.1105 0 0.1155 0.1105 -0.001 0.1275 0.1105 -0.001 0.1155 0.1105 -0.002 0.1275 0.1095 -0.002 0.1155 0.1095 -0.002 0.1275 0.1085 -0.002 0.1155 0.1085 -0.002 0.1275 0.1075 -0.002 0.1155 0.1075 0 0.1275 0.1065 -0.001 0.1155 0.107 0 0.1155 0.1065 -0.001 0.1275 0.107 -0.016 0.1155 0.0975 -0.016 0.1275 0.0985 -0.016 0.1275 0.0975 -0.017 0.1155 0.0965 -0.016 0.1155 0.0985 -0.016 0.1275 0.0995 -0.016 0.1155 0.0995 -0.017 0.1275 0.1 -0.017 0.1155 0.1 -0.018 0.1275 0.1005 -0.018 0.1155 0.1005 -0.019 0.1275 0.1 -0.019 0.1155 0.1 -0.0195 0.1275 0.0995 -0.0195 0.1155 0.0995 -0.02 0.1275 0.0985 -0.02 0.1155 0.0985 -0.0195 0.1275 0.0975 -0.0195 0.1155 0.0975 -0.019 0.1275 0.0965 -0.019 0.1155 0.0965 -0.018 0.1275 0.0965 -0.018 0.1155 0.0965 -0.017 0.1275 0.0965 -0.018 0.1155 0.0755 -0.017 0.1275 0.076 -0.018 0.1275 0.0755 -0.016 0.1275 0.0775 -0.016 0.1155 0.0765 -0.016 0.1155 0.0775 -0.016 0.1275 0.0785 -0.016 0.1155 0.0785 -0.017 0.1275 0.0795 -0.017 0.1155 0.0795 -0.018 0.1275 0.0795 -0.018 0.1155 0.0795 -0.019 0.1275 0.0795 -0.019 0.1155 0.0795 -0.0195 0.1275 0.0785 -0.0195 0.1155 0.0785 -0.02 0.1275 0.0775 -0.02 0.1155 0.0775 -0.0195 0.1275 0.0765 -0.0195 0.1155 0.0765 -0.019 0.1275 0.076 -0.019 0.1155 0.076 -0.016 0.1275 0.0765 -0.017 0.1155 0.076 0.001 0.1275 0.0655 0 0.1155 0.0655 0.001 0.1155 0.0655 0.002 0.1275 0.0675 0.002 0.1155 0.0665 0.002 0.1155 0.0675 0.002 0.1275 0.0685 0.002 0.1155 0.0685 0.001 0.1275 0.069 0.001 0.1155 0.069 0 0.1275 0.0695 0 0.1155 0.0695 -0.001 0.1275 0.069 -0.001 0.1155 0.069 -0.002 0.1275 0.0685 -0.002 0.1155 0.0685 -0.002 0.1275 0.0675 -0.002 0.1155 0.0675 -0.002 0.1275 0.0665 -0.002 0.1155 0.0665 -0.001 0.1275 0.0655 -0.001 0.1155 0.0655 0 0.1275 0.0655 0.002 0.1275 0.0665 -0.027 0.099 0.117 -0.0235 0.099 0.114 -0.0225 0.099 0.1205 0.0225 0.099 0.114 0.0225 0.099 0.1205 0.017 0.099 0.1235 0.023 0.099 0.0785 0.0225 0.099 0.0665 0.0235 0.099 0.067 -0.0395 0.099 0.088 -0.023 0.099 0.0785 -0.025 0.099 0.088 -0.027 0.099 0.059 -0.026 0.099 0.063 -0.031 0.099 0.0635 -0.0215 0.099 0.063 -0.0095 0.099 0.065 -0.021 0.099 0.0645 -0.025 0.099 0.0665 -0.037 0.099 0.0735 -0.026 0.099 0.0655 -0.0215 0.099 0.0655 -0.0225 0.099 0.062 -0.0225 0.099 0.0555 -0.017 0.099 0.0525 -0.034 0.099 0.068 -0.026 0.099 0.0645 -0.0225 0.099 0.0665 -0.0175 0.099 0.0705 0 0.099 0.0485 0 0.099 0.063 -0.006 0.099 0.049 -0.0235 0.099 0.062 -0.025 0.099 0.062 -0.0395 0.099 0.085 -0.0235 0.099 0.067 -0.0115 0.099 0.0505 -0.0385 0.099 0.079 0.0215 0.099 0.063 0.017 0.099 0.0525 0.0225 0.099 0.062 0.031 0.099 0.0635 0.026 0.099 0.0645 0.026 0.099 0.063 0.0175 0.099 0.0705 0.0215 0.099 0.0655 0.026 0.099 0.0655 0.034 0.099 0.068 0.037 0.099 0.0735 0.027 0.099 0.059 0.0235 0.099 0.062 0.0225 0.099 0.0555 0.0095 0.099 0.065 0.025 0.099 0.0665 0.025 0.099 0.062 0.0395 0.099 0.088 0.025 0.099 0.088 0.0395 0.099 0.085 0.006 0.099 0.049 0.021 0.099 0.0645 0.0385 0.099 0.079 0.0115 0.099 0.0505 0.025 0.099 0.1095 0.037 0.099 0.1025 0.026 0.099 0.1105 0.031 0.099 0.1125 0.026 0.099 0.113 0.026 0.099 0.1115 0.0175 0.099 0.1055 0.0225 0.099 0.1095 0.0215 0.099 0.1105 0.027 0.099 0.117 0.034 0.099 0.108 0.023 0.099 0.0975 0.0215 0.099 0.113 0.0095 0.099 0.111 0.021 0.099 0.1115 0.0235 0.099 0.114 0.025 0.099 0.114 0.0395 0.099 0.091 0.006 0.099 0.127 0 0.099 0.1275 0.0385 0.099 0.097 0.0235 0.099 0.109 0 0.099 0.113 0.0115 0.099 0.1255 -0.023 0.099 0.0975 -0.0225 0.099 0.1095 -0.0235 0.099 0.109 -0.0095 0.099 0.111 -0.0215 0.099 0.1105 -0.0175 0.099 0.1055 -0.025 0.099 0.1095 -0.0395 0.099 0.091 -0.0215 0.099 0.113 -0.017 0.099 0.1235 -0.0225 0.099 0.114 -0.031 0.099 0.1125 -0.026 0.099 0.1115 -0.026 0.099 0.113 -0.0385 0.099 0.097 -0.026 0.099 0.1105 -0.034 0.099 0.108 -0.037 0.099 0.1025 -0.025 0.099 0.114 -0.006 0.099 0.127 -0.0115 0.099 0.1255 -0.021 0.099 0.1115 -0.018 0.1055 0.1035 -0.0365 0.1055 0.1075 -0.018 0.1055 0.107 -0.0235 0.1055 0.108 -0.011 0.1055 0.107 -0.018 0.1055 0.1255 -0.006 0.1055 0.129 -0.0045 0.1055 0.107 -0.002 0.1055 0.1075 -0.001 0.1055 0.107 0.0045 0.1055 0.107 0.018 0.1055 0.1255 0.018 0.1055 0.107 0.0365 0.1055 0.1075 0.0235 0.1055 0.1035 0.0235 0.1055 0.107 0.0405 0.1055 0.097 0.0235 0.1055 0.0955 0.0415 0.1055 0.085 0.0235 0.1055 0.0805 0.0385 0.1055 0.073 0.0235 0.1055 0.0725 0.0365 0.1055 0.0685 0.0235 0.1055 0.069 0.018 0.1055 0.069 0.012 0.1055 0.0485 0.0045 0.1055 0.069 0.002 0.1055 0.0685 0.001 0.1055 0.069 0.0255 0.1055 0.0675 0.0235 0.1055 0.068 0.0215 0.1055 0.061 0.0235 0.1055 0.0535 0.028 0.1055 0.1185 0.0255 0.1055 0.115 0.0235 0.1055 0.1155 0.0215 0.1055 0.1085 0.0235 0.1055 0.108 0.0045 0.1055 0.0805 0 0.1055 0.0815 0.0035 0.1055 0.0825 0.0055 0.1055 0.0915 0.0045 0.1055 0.0955 0.018 0.1055 0.0955 -0.0045 0.1055 0.0955 0 0.1055 0.0945 -0.0035 0.1055 0.0935 -0.0055 0.1055 0.0845 -0.0045 0.1055 0.0805 -0.011 0.1055 0.0805 -0.011 0.1055 0.0955 -0.0065 0.1055 0.088 -0.0055 0.1055 0.0915 -0.0035 0.1055 0.0825 0.0035 0.1055 0.0935 0.0055 0.1055 0.0845 0.018 0.1055 0.0805 0.0065 0.1055 0.088 0.0215 0.1055 0.115 0.0205 0.1055 0.1135 0.02 0.1055 0.1115 0.0205 0.1055 0.1095 0.027 0.1055 0.1095 0.036 0.1055 0.109 0.0255 0.1055 0.1085 0.027 0.1055 0.1135 0.0275 0.1055 0.1115 0.0215 0.1055 0.0675 0.0205 0.1055 0.0665 0.02 0.1055 0.0645 0.0205 0.1055 0.0625 0.0235 0.1055 0.054 0.0235 0.1055 0.0605 -0.018 0.1055 0.0955 -0.019 0.1055 0.0965 -0.018 0.1055 0.0965 0.0255 0.1055 0.061 0.027 0.1055 0.0665 0.0325 0.1055 0.062 0.027 0.1055 0.0625 0.0275 0.1055 0.0645 0 0.1055 0.0465 0.001 0.1055 0.0655 -0.0045 0.1055 0.069 -0.002 0.1055 0.0665 -0.0045 0.1055 0.0465 0.002 0.1055 0.0675 -0.002 0.1055 0.0685 -0.002 0.1055 0.0675 -0.001 0.1055 0.0655 0.002 0.1055 0.0665 -0.001 0.1055 0.069 0 0.1055 0.0655 0.006 0.1055 0.129 0 0.1055 0.1105 -0.001 0.1055 0.1105 0.002 0.1055 0.1075 0.002 0.1055 0.1085 -0.002 0.1055 0.1095 -0.002 0.1055 0.1085 0.001 0.1055 0.107 0.002 0.1055 0.1095 0.001 0.1055 0.1105 0 0.1055 0.1295 -0.036 0.1055 0.109 -0.027 0.1055 0.1135 -0.0275 0.1055 0.1115 -0.0205 0.1055 0.1095 -0.02 0.1055 0.1115 -0.027 0.1055 0.1095 -0.0255 0.1055 0.1085 -0.0215 0.1055 0.1085 -0.0205 0.1055 0.1135 -0.0215 0.1055 0.115 -0.028 0.1055 0.1185 -0.0235 0.1055 0.1155 -0.0255 0.1055 0.115 -0.0385 0.1055 0.1035 -0.0405 0.1055 0.097 -0.0195 0.1055 0.0975 -0.0415 0.1055 0.085 -0.019 0.1055 0.1 -0.0195 0.1055 0.0995 -0.018 0.1055 0.1005 -0.02 0.1055 0.0985 -0.018 0.1055 0.0805 -0.018 0.1055 0.0725 -0.019 0.1055 0.076 -0.018 0.1055 0.0755 -0.0365 0.1055 0.0685 -0.0385 0.1055 0.073 -0.0235 0.1055 0.0535 -0.0255 0.1055 0.061 -0.0235 0.1055 0.0605 -0.011 0.1055 0.069 -0.012 0.1055 0.0485 -0.018 0.1055 0.069 0.019 0.1055 0.0795 0.018 0.1055 0.0795 0.018 0.1055 0.0725 0.017 0.1055 0.076 0.018 0.1055 0.0755 0.018 0.1055 0.1035 0.019 0.1055 0.1 0.018 0.1055 0.1005 0.017 0.1055 0.0965 0.018 0.1055 0.0965 0.0045 0.1055 0.1035 -0.017 0.1055 0.1 -0.017 0.1055 0.0795 -0.018 0.1055 0.0795 -0.0045 0.1055 0.0725 -0.011 0.1055 0.1035 -0.011 0.1055 0.0725 -0.0045 0.1055 0.1035 0.0045 0.1055 0.0725 -0.016 0.1055 0.0785 -0.017 0.1055 0.076 -0.016 0.1055 0.0765 -0.016 0.1055 0.0775 0 0.1055 0.0695 -0.02 0.1055 0.0775 -0.0195 0.1055 0.0765 -0.019 0.1055 0.0795 -0.0195 0.1055 0.0785 -0.027 0.1055 0.0665 -0.0275 0.1055 0.0645 -0.0205 0.1055 0.0625 -0.02 0.1055 0.0645 -0.0325 0.1055 0.062 -0.0215 0.1055 0.061 -0.0205 0.1055 0.0665 -0.0215 0.1055 0.0675 -0.027 0.1055 0.0625 -0.0235 0.1055 0.068 -0.0255 0.1055 0.0675 0.02 0.1055 0.0775 0.0195 0.1055 0.0785 0.019 0.1055 0.076 0.0195 0.1055 0.0765 0.016 0.1055 0.0775 0.016 0.1055 0.0765 0.017 0.1055 0.0795 0.016 0.1055 0.0785 0.02 0.1055 0.0985 0.0195 0.1055 0.0995 0.019 0.1055 0.0965 0.0195 0.1055 0.0975 0.017 0.1055 0.1 0.016 0.1055 0.0985 0.016 0.1055 0.0975 0.016 0.1055 0.0995 0 0.1055 0.1065 -0.016 0.1055 0.0985 -0.016 0.1055 0.0995 -0.017 0.1055 0.0965 -0.016 0.1055 0.0975 -0.0055 0.101 0.0915 -0.0065 0.1055 0.088 -0.0055 0.1055 0.0915 -0.0035 0.101 0.0935 -0.0035 0.1055 0.0935 0 0.101 0.0945 0 0.1055 0.0945 0.0035 0.101 0.0935 0.0035 0.1055 0.0935 0.0055 0.101 0.0915 0.0055 0.1055 0.0915 0.0065 0.101 0.088 0.0065 0.1055 0.088 0.0055 0.101 0.0845 0.0055 0.1055 0.0845 0.0035 0.101 0.0825 0.0035 0.1055 0.0825 0 0.101 0.0815 0 0.1055 0.0815 -0.0035 0.101 0.0825 -0.0035 0.1055 0.0825 -0.0055 0.101 0.0845 -0.0055 0.1055 0.0845 -0.0065 0.101 0.088 -0.011 0.101 0.0725 -0.0095 0.101 0.065 -0.0045 0.101 0.0725 0.02 0.101 0.0985 0.023 0.101 0.0975 0.0195 0.101 0.0995 0.0175 0.101 0.1055 0.019 0.101 0.1 0.017 0.101 0.1 0.011 0.101 0.1035 0.016 0.101 0.0995 0.016 0.101 0.0985 0.011 0.101 0.0955 0.0195 0.101 0.0975 0.025 0.101 0.088 0.018 0.101 0.1005 0.017 0.101 0.0965 0.016 0.101 0.0975 0.0095 0.101 0.111 0.0045 0.101 0.1035 -0.0095 0.101 0.111 -0.0045 0.101 0.1035 -0.0045 0.101 0.112 -0.0195 0.101 0.0975 -0.023 0.101 0.0975 -0.0225 0.101 0.0955 -0.016 0.101 0.0975 -0.011 0.101 0.0955 -0.016 0.101 0.0985 -0.011 0.101 0.1035 -0.016 0.101 0.0995 -0.019 0.101 0.0965 -0.018 0.101 0.0965 -0.017 0.101 0.0965 -0.017 0.101 0.1 -0.0175 0.101 0.1055 -0.018 0.101 0.1005 -0.019 0.101 0.1 -0.0195 0.101 0.0995 -0.02 0.101 0.0985 -0.0225 0.101 0.0805 -0.025 0.101 0.088 -0.023 0.101 0.0785 -0.0045 0.101 0.0805 0.0045 0.101 0.0805 0.0045 0.101 0.0725 0.011 0.101 0.0805 0.011 0.101 0.0725 -0.011 0.101 0.0805 -0.0045 0.101 0.0955 0.0045 0.101 0.0955 0.002 0.101 0.1085 0.0045 0.101 0.112 0 0.101 0.1065 0.001 0.101 0.107 0.002 0.101 0.1075 -0.002 0.101 0.1085 -0.002 0.101 0.1075 -0.001 0.101 0.107 0.002 0.101 0.1095 0.001 0.101 0.1105 0 0.101 0.1105 -0.001 0.101 0.1105 -0.002 0.101 0.1095 0 0.101 0.0945 -0.0035 0.101 0.0935 0.0065 0.101 0.088 0.0055 0.101 0.0845 0.0035 0.101 0.0825 0.0055 0.101 0.0915 0.0035 0.101 0.0935 0 0.101 0.0815 -0.0055 0.101 0.0915 -0.0065 0.101 0.088 -0.0055 0.101 0.0845 -0.0035 0.101 0.0825 -0.016 0.101 0.0775 -0.018 0.101 0.0795 -0.016 0.101 0.0765 -0.019 0.101 0.0795 -0.0195 0.101 0.0765 -0.0175 0.101 0.0705 -0.019 0.101 0.076 -0.017 0.101 0.076 -0.016 0.101 0.0785 -0.0195 0.101 0.0785 -0.018 0.101 0.0755 -0.017 0.101 0.0795 -0.02 0.101 0.0775 -0.0225 0.101 0.0775 0 0.101 0.0695 -0.001 0.101 0.069 0.001 0.101 0.0655 0.0095 0.101 0.065 0.002 0.101 0.0665 0.002 0.101 0.0675 0.002 0.101 0.0685 0.001 0.101 0.069 -0.001 0.101 0.0655 0 0.101 0.063 -0.002 0.101 0.0685 -0.002 0.101 0.0675 0 0.101 0.0655 -0.002 0.101 0.0665 0.0195 0.101 0.0765 0.0175 0.101 0.0705 0.023 0.101 0.0785 0.017 0.101 0.0795 0.02 0.101 0.0775 0.0195 0.101 0.0785 0.018 0.101 0.0795 0.017 0.101 0.076 0.018 0.101 0.0755 0.016 0.101 0.0785 0.019 0.101 0.076 0.019 0.101 0.0795 0.016 0.101 0.0775 0.016 0.101 0.0765 0.018 0.101 0.0965 0.019 0.101 0.0965 0 0.101 0.113 -0.025 0.101 0.088 -0.023 0.099 0.0975 -0.025 0.099 0.088 -0.023 0.101 0.0975 -0.0175 0.099 0.1055 -0.0175 0.101 0.1055 -0.0095 0.099 0.111 -0.0095 0.101 0.111 0 0.099 0.113 0 0.101 0.113 0.0095 0.099 0.111 0.0095 0.101 0.111 0.0175 0.099 0.1055 0.0175 0.101 0.1055 0.023 0.099 0.0975 0.023 0.101 0.0975 0.025 0.099 0.088 0.025 0.101 0.088 0.023 0.099 0.0785 0.023 0.101 0.0785 0.0175 0.099 0.0705 0.0175 0.101 0.0705 0.0095 0.099 0.065 0.0095 0.101 0.065 0 0.099 0.063 0 0.101 0.063 -0.0095 0.099 0.065 -0.0095 0.101 0.065 -0.0175 0.099 0.0705 -0.0175 0.101 0.0705 -0.023 0.099 0.0785 -0.0225 0.101 0.0775 -0.023 0.101 0.0785 0.0235 0.099 0.109 0.025 0.104 0.1095 0.0235 0.104 0.109 0.025 0.099 0.1095 0.026 0.104 0.1105 0.026 0.099 0.1105 0.026 0.104 0.1115 0.026 0.099 0.1115 0.026 0.104 0.113 0.026 0.099 0.113 0.025 0.104 0.114 0.025 0.099 0.114 0.0235 0.104 0.114 0.0235 0.099 0.114 0.0225 0.104 0.114 0.0225 0.099 0.114 0.0215 0.104 0.113 0.0215 0.099 0.113 0.021 0.104 0.1115 0.021 0.099 0.1115 0.0215 0.104 0.1105 0.0215 0.099 0.1105 0.0225 0.104 0.1095 0.0225 0.099 0.1095 0.0215 0.104 0.1105 0.0215 0.1055 0.1085 0.0205 0.1055 0.1095 0.021 0.104 0.1115 0.02 0.1055 0.1115 0.0215 0.104 0.113 0.0205 0.1055 0.1135 0.0225 0.104 0.114 0.0215 0.1055 0.115 0.0235 0.104 0.114 0.0235 0.1055 0.1155 0.025 0.104 0.114 0.0255 0.1055 0.115 0.026 0.104 0.113 0.027 0.1055 0.1135 0.026 0.104 0.1115 0.0275 0.1055 0.1115 0.026 0.104 0.1105 0.027 0.1055 0.1095 0.025 0.104 0.1095 0.0255 0.1055 0.1085 0.0235 0.104 0.109 0.0235 0.1055 0.108 0.0225 0.104 0.1095 0.0235 0.099 0.062 0.025 0.104 0.062 0.0235 0.104 0.062 0.025 0.099 0.062 0.026 0.104 0.063 0.026 0.099 0.063 0.026 0.104 0.0645 0.026 0.099 0.0645 0.026 0.104 0.0655 0.026 0.099 0.0655 0.025 0.104 0.0665 0.025 0.099 0.0665 0.0235 0.104 0.067 0.0235 0.099 0.067 0.0225 0.104 0.0665 0.0225 0.099 0.0665 0.0215 0.104 0.0655 0.0215 0.099 0.0655 0.021 0.104 0.0645 0.021 0.099 0.0645 0.0215 0.104 0.063 0.0215 0.099 0.063 0.0225 0.104 0.062 0.0225 0.099 0.062 0.0225 0.104 0.062 0.0235 0.1055 0.0605 0.0215 0.1055 0.061 0.0215 0.104 0.063 0.0205 0.1055 0.0625 0.021 0.104 0.0645 0.02 0.1055 0.0645 0.0215 0.104 0.0655 0.0205 0.1055 0.0665 0.0225 0.104 0.0665 0.0215 0.1055 0.0675 0.0235 0.104 0.067 0.0235 0.1055 0.068 0.025 0.104 0.0665 0.0255 0.1055 0.0675 0.026 0.104 0.0655 0.027 0.1055 0.0665 0.026 0.104 0.0645 0.0275 0.1055 0.0645 0.026 0.104 0.063 0.027 0.1055 0.0625 0.025 0.104 0.062 0.0255 0.1055 0.061 0.0235 0.104 0.062 -0.0235 0.099 0.062 -0.0225 0.104 0.062 -0.0235 0.104 0.062 -0.0225 0.099 0.062 -0.0215 0.104 0.063 -0.0215 0.099 0.063 -0.021 0.104 0.0645 -0.021 0.099 0.0645 -0.0215 0.104 0.0655 -0.0215 0.099 0.0655 -0.0225 0.104 0.0665 -0.0225 0.099 0.0665 -0.0235 0.104 0.067 -0.0235 0.099 0.067 -0.025 0.104 0.0665 -0.025 0.099 0.0665 -0.026 0.104 0.0655 -0.026 0.099 0.0655 -0.026 0.104 0.0645 -0.026 0.099 0.0645 -0.026 0.104 0.063 -0.026 0.099 0.063 -0.025 0.104 0.062 -0.025 0.099 0.062 -0.0235 0.1055 0.0605 -0.025 0.104 0.062 -0.0235 0.104 0.062 -0.0255 0.1055 0.061 -0.026 0.104 0.063 -0.027 0.1055 0.0625 -0.026 0.104 0.0645 -0.0275 0.1055 0.0645 -0.026 0.104 0.0655 -0.027 0.1055 0.0665 -0.025 0.104 0.0665 -0.0255 0.1055 0.0675 -0.0235 0.104 0.067 -0.0235 0.1055 0.068 -0.0225 0.104 0.0665 -0.0215 0.1055 0.0675 -0.0215 0.104 0.0655 -0.0205 0.1055 0.0665 -0.021 0.104 0.0645 -0.02 0.1055 0.0645 -0.0215 0.104 0.063 -0.0205 0.1055 0.0625 -0.0225 0.104 0.062 -0.0215 0.1055 0.061 -0.0235 0.099 0.109 -0.0225 0.104 0.1095 -0.0235 0.104 0.109 -0.0225 0.099 0.1095 -0.0215 0.104 0.1105 -0.0215 0.099 0.1105 -0.021 0.104 0.1115 -0.021 0.099 0.1115 -0.0215 0.104 0.113 -0.0215 0.099 0.113 -0.0225 0.104 0.114 -0.0225 0.099 0.114 -0.0235 0.104 0.114 -0.0235 0.099 0.114 -0.025 0.104 0.114 -0.025 0.099 0.114 -0.026 0.104 0.113 -0.026 0.099 0.113 -0.026 0.104 0.1115 -0.026 0.099 0.1115 -0.026 0.104 0.1105 -0.026 0.099 0.1105 -0.025 0.104 0.1095 -0.025 0.099 0.1095 -0.0235 0.1055 0.108 -0.025 0.104 0.1095 -0.0235 0.104 0.109 -0.0255 0.1055 0.1085 -0.026 0.104 0.1105 -0.027 0.1055 0.1095 -0.026 0.104 0.1115 -0.0275 0.1055 0.1115 -0.026 0.104 0.113 -0.027 0.1055 0.1135 -0.025 0.104 0.114 -0.0255 0.1055 0.115 -0.0235 0.104 0.114 -0.0235 0.1055 0.1155 -0.0225 0.104 0.114 -0.0215 0.1055 0.115 -0.0215 0.104 0.113 -0.0205 0.1055 0.1135 -0.021 0.104 0.1115 -0.02 0.1055 0.1115 -0.0215 0.104 0.1105 -0.0205 0.1055 0.1095 -0.0225 0.104 0.1095 -0.0215 0.1055 0.1085 -0.006 0.1055 0.129 0 0.105 0.13 0 0.1055 0.1295 -0.0065 0.105 0.1295 -0.018 0.1055 0.1255 -0.018 0.105 0.126 -0.028 0.1055 0.1185 -0.036 0.1055 0.109 -0.0285 0.105 0.119 -0.0385 0.1055 0.1035 -0.041 0.105 0.0975 -0.0365 0.105 0.109 -0.0365 0.1055 0.1075 -0.0415 0.1055 0.085 -0.0405 0.1055 0.097 -0.0385 0.1055 0.073 -0.042 0.105 0.085 -0.0365 0.1055 0.0685 -0.033 0.105 0.062 -0.039 0.105 0.0725 -0.0235 0.1055 0.0535 -0.0325 0.1055 0.062 -0.012 0.1055 0.0485 -0.0235 0.105 0.0535 -0.0045 0.1055 0.0465 -0.0125 0.105 0.048 0 0.105 0.046 0.012 0.1055 0.0485 0 0.1055 0.0465 0.0235 0.1055 0.0535 0.0125 0.105 0.048 0.0235 0.1055 0.054 0.033 0.105 0.062 0.0235 0.105 0.0535 0.0365 0.1055 0.0685 0.0325 0.1055 0.062 0.039 0.105 0.0725 0.0415 0.1055 0.085 0.0385 0.1055 0.073 0.0405 0.1055 0.097 0.042 0.105 0.085 0.0365 0.1055 0.1075 0.041 0.105 0.0975 0.0365 0.105 0.109 0.028 0.1055 0.1185 0.036 0.1055 0.109 0.018 0.1055 0.1255 0.0285 0.105 0.119 0.006 0.1055 0.129 0.018 0.105 0.126 0.0065 0.105 0.1295 0.0175 0.0995 0.0515 0.0115 0.099 0.0505 0.012 0.0995 0.049 0.006 0.099 0.049 0.006 0.0995 0.0475 0 0.099 0.0485 0 0.0995 0.047 -0.006 0.099 0.049 -0.006 0.0995 0.0475 -0.0115 0.099 0.0505 -0.012 0.0995 0.049 -0.017 0.099 0.0525 -0.0175 0.0995 0.0515 -0.0225 0.099 0.0555 -0.023 0.0995 0.0545 -0.027 0.099 0.059 -0.0275 0.0995 0.058 -0.031 0.099 0.0635 -0.032 0.0995 0.0625 -0.034 0.099 0.068 -0.0355 0.0995 0.0675 -0.037 0.099 0.0735 -0.038 0.0995 0.073 -0.0385 0.099 0.079 -0.0395 0.0995 0.079 -0.0395 0.099 0.085 -0.0405 0.0995 0.085 -0.0395 0.099 0.088 -0.0405 0.0995 0.091 -0.0385 0.099 0.097 -0.0395 0.0995 0.097 -0.037 0.099 0.1025 -0.038 0.0995 0.103 -0.034 0.099 0.108 -0.0355 0.0995 0.1085 -0.031 0.099 0.1125 -0.032 0.0995 0.1135 -0.027 0.099 0.117 -0.0275 0.0995 0.118 -0.0225 0.099 0.1205 -0.023 0.0995 0.1215 -0.017 0.099 0.1235 -0.0175 0.0995 0.1245 -0.0115 0.099 0.1255 -0.012 0.0995 0.127 -0.006 0.099 0.127 -0.006 0.0995 0.1285 0 0.099 0.1275 0 0.0995 0.129 0 0.1005 0.1295 0.006 0.0995 0.1285 0.006 0.1005 0.129 0.012 0.0995 0.127 0.0125 0.1005 0.128 0.0175 0.0995 0.1245 0.018 0.1005 0.1255 0.023 0.0995 0.1215 0.0235 0.1005 0.1225 0.0275 0.0995 0.118 0.0285 0.1005 0.1185 0.032 0.0995 0.1135 0.0325 0.1005 0.114 0.023 0.0995 0.0545 0.017 0.099 0.0525 0.036 0.1005 0.109 0.038 0.0995 0.103 0.039 0.1005 0.103 0.0395 0.0995 0.097 0.0405 0.1005 0.0975 0.0405 0.0995 0.091 0.0415 0.1005 0.091 0.0405 0.0995 0.085 0.0415 0.1005 0.085 0.0395 0.0995 0.079 0.0405 0.1005 0.0785 0.038 0.0995 0.073 0.039 0.1005 0.073 0.0355 0.0995 0.0675 0.036 0.1005 0.067 0.032 0.0995 0.0625 0.0325 0.1005 0.062 0.0275 0.0995 0.058 0.0285 0.1005 0.0575 0.0235 0.1005 0.0535 0.018 0.1005 0.0505 0.0125 0.1005 0.048 0.006 0.1005 0.047 0 0.1005 0.0465 -0.006 0.1005 0.047 -0.0125 0.1005 0.048 -0.018 0.1005 0.0505 -0.0235 0.1005 0.0535 -0.0285 0.1005 0.0575 -0.0325 0.1005 0.062 -0.036 0.1005 0.067 -0.039 0.1005 0.073 -0.0405 0.1005 0.0785 -0.0415 0.1005 0.085 -0.0415 0.1005 0.091 -0.0405 0.1005 0.0975 -0.039 0.1005 0.103 -0.036 0.1005 0.109 -0.0325 0.1005 0.114 -0.0285 0.1005 0.1185 -0.0235 0.1005 0.1225 -0.018 0.1005 0.1255 -0.0125 0.1005 0.128 -0.006 0.1005 0.129 0 0.1015 0.13 0.0065 0.1015 0.1295 0.0125 0.1015 0.128 0.018 0.1015 0.126 0.0235 0.1015 0.1225 0.0285 0.1015 0.119 0.033 0.1015 0.114 0.0365 0.1015 0.109 0.039 0.1015 0.1035 0.041 0.1015 0.0975 0.042 0.1015 0.091 0.042 0.1015 0.085 0.041 0.1015 0.0785 0.039 0.1015 0.0725 0.0365 0.1015 0.067 0.033 0.1015 0.062 0.0285 0.1015 0.057 0.0235 0.1015 0.0535 0.018 0.1015 0.05 0.0125 0.1015 0.048 0.0065 0.1015 0.0465 0 0.1015 0.046 -0.0065 0.1015 0.0465 -0.0125 0.1015 0.048 -0.018 0.1015 0.05 -0.0235 0.1015 0.0535 -0.0285 0.1015 0.057 -0.033 0.1015 0.062 -0.0365 0.1015 0.067 -0.039 0.1015 0.0725 -0.041 0.1015 0.0785 -0.042 0.1015 0.085 -0.042 0.1015 0.091 -0.041 0.1015 0.0975 -0.039 0.1015 0.1035 -0.0365 0.1015 0.109 -0.033 0.1015 0.114 -0.0285 0.1015 0.119 -0.0235 0.1015 0.1225 -0.018 0.1015 0.126 -0.0125 0.1015 0.128 -0.0065 0.1015 0.1295 0.0225 0.099 0.0555 0.027 0.099 0.059 0.031 0.099 0.0635 0.034 0.099 0.068 0.037 0.099 0.0735 0.0385 0.099 0.079 0.0395 0.099 0.088 0.0395 0.099 0.091 0.0385 0.099 0.097 0.0355 0.0995 0.1085 0.037 0.099 0.1025 0.034 0.099 0.108 0.031 0.099 0.1125 0.027 0.099 0.117 0.0225 0.099 0.1205 0.017 0.099 0.1235 0.0115 0.099 0.1255 0.006 0.099 0.127 0.0395 0.099 0.085 -0.0395 0.099 0.091 0.022 0.1055 0.052 0.0125 0.105 0.048 0.0235 0.105 0.0535 0.0235 0.1055 0.0535 0.033 0.1055 0.062 0.033 0.105 0.062 0.039 0.1055 0.0725 0.039 0.105 0.0725 0.042 0.1055 0.085 0.042 0.105 0.085 0.041 0.1055 0.0975 0.041 0.105 0.0975 0.0365 0.1055 0.109 0.036 0.1055 0.11 0.0285 0.105 0.119 0.0285 0.1055 0.119 0.0365 0.105 0.109 0.018 0.1055 0.126 0.018 0.105 0.126 0.0065 0.1055 0.1295 0 0.105 0.13 -0.0065 0.1055 0.1295 0.0065 0.105 0.1295 -0.0065 0.105 0.1295 -0.018 0.1055 0.126 -0.018 0.105 0.126 -0.0285 0.1055 0.119 -0.036 0.1055 0.11 -0.0285 0.105 0.119 -0.0365 0.105 0.109 -0.0365 0.1055 0.109 -0.041 0.1055 0.0975 -0.041 0.105 0.0975 -0.042 0.1055 0.085 -0.042 0.105 0.085 -0.039 0.1055 0.0725 -0.039 0.105 0.0725 -0.033 0.1055 0.062 -0.033 0.105 0.062 -0.0235 0.1055 0.0535 -0.0235 0.105 0.0535 -0.0125 0.1055 0.048 0.0125 0.1055 0.048 0 0.105 0.046 -0.0125 0.105 0.048 0 0.1055 0.046 -0.014 0.0955 0.0375 0 0.1055 0.0355 0 0.0955 0.0355 -0.0275 0.0955 0.043 -0.014 0.1055 0.0375 -0.0385 0.0955 0.052 -0.0275 0.1055 0.043 -0.0465 0.0955 0.064 -0.0385 0.1055 0.052 -0.0515 0.0955 0.0775 -0.0465 0.1055 0.064 -0.0525 0.0955 0.0915 -0.0515 0.1055 0.0775 -0.0495 0.0955 0.1055 -0.0525 0.1055 0.0915 -0.0475 0.0955 0.11 -0.043 0.1055 0.1185 -0.0475 0.1055 0.11 -0.0495 0.1055 0.1055 -0.033 0.0955 0.1285 -0.043 0.0955 0.1185 -0.021 0.0955 0.136 -0.033 0.1055 0.1285 -0.007 0.0955 0.14 -0.021 0.1055 0.136 0.007 0.0955 0.14 -0.007 0.1055 0.14 0.021 0.0955 0.136 0.007 0.1055 0.14 0.033 0.0955 0.1285 0.021 0.1055 0.136 0.043 0.0955 0.1185 0.033 0.1055 0.1285 0.0495 0.0955 0.1055 0.043 0.1055 0.1185 0.0525 0.0955 0.0915 0.0495 0.1055 0.1055 0.0515 0.0955 0.0775 0.0525 0.1055 0.0915 0.0465 0.0955 0.064 0.0515 0.1055 0.0775 0.0385 0.0955 0.052 0.0465 0.1055 0.064 0.0275 0.0955 0.043 0.0385 0.1055 0.052 0.022 0.0955 0.0405 0.014 0.1055 0.0375 0.022 0.1055 0.0405 0.0275 0.1055 0.043 0.014 0.0955 0.0375 -0.0015 0.0955 0.1355 -0.018 0.0955 0.126 -0.0015 0.0955 0.1345 0.0285 0.0955 0.119 0.043 0.0955 0.1185 0.033 0.0955 0.1285 0.042 0.0955 0.085 0.046 0.0955 0.087 0.046 0.0955 0.088 0.0525 0.0955 0.0915 0.049 0.0955 0.089 0.049 0.0955 0.088 0.041 0.0955 0.0975 0.046 0.0955 0.089 0.0485 0.0955 0.0895 0.0495 0.0955 0.1055 0.0475 0.0955 0.0895 0.0475 0.0955 0.0865 0.0515 0.0955 0.0775 0.0485 0.0955 0.0865 0.0465 0.0955 0.0895 0.049 0.0955 0.087 0.0465 0.0955 0.0865 0.0465 0.0955 0.064 0.0365 0.0955 0.109 0.036 0.0955 0.11 0.0275 0.0955 0.043 0.022 0.0955 0.0405 0.0235 0.0955 0.0535 0.022 0.0955 0.052 0.0385 0.0955 0.052 0.039 0.0955 0.0725 0.033 0.0955 0.062 -0.0285 0.0955 0.119 -0.043 0.0955 0.1185 -0.036 0.0955 0.11 -0.007 0.0955 0.14 -0.0015 0.0955 0.1365 -0.033 0.0955 0.1285 -0.021 0.0955 0.136 0.0065 0.0955 0.1295 0.0015 0.0955 0.1345 0.001 0.0955 0.134 -0.0475 0.0955 0.11 -0.0065 0.0955 0.1295 0 0.0955 0.134 0.018 0.0955 0.126 0.021 0.0955 0.136 -0.001 0.0955 0.134 0.0015 0.0955 0.1355 0.007 0.0955 0.14 0 0.0955 0.137 0.0015 0.0955 0.1365 0.001 0.0955 0.137 -0.001 0.0955 0.137 -0.039 0.0955 0.0725 -0.0475 0.0955 0.0865 -0.0465 0.0955 0.064 -0.033 0.0955 0.062 -0.0385 0.0955 0.052 -0.0235 0.0955 0.0535 -0.0275 0.0955 0.043 -0.0125 0.0955 0.048 -0.0015 0.0955 0.0405 -0.0015 0.0955 0.0415 -0.049 0.0955 0.088 -0.0515 0.0955 0.0775 -0.049 0.0955 0.087 -0.014 0.0955 0.0375 -0.001 0.0955 0.039 0 0.0955 0.0355 -0.0525 0.0955 0.0915 -0.0465 0.0955 0.0865 -0.0015 0.0955 0.0395 -0.0495 0.0955 0.1055 -0.0475 0.0955 0.0895 -0.0485 0.0955 0.0895 -0.049 0.0955 0.089 -0.0485 0.0955 0.0865 -0.042 0.0955 0.085 -0.046 0.0955 0.088 -0.041 0.0955 0.0975 -0.046 0.0955 0.089 -0.046 0.0955 0.087 -0.0465 0.0955 0.0895 -0.001 0.0955 0.042 0 0.0955 0.039 0.001 0.0955 0.039 -0.0365 0.0955 0.109 0.014 0.0955 0.0375 0.0015 0.0955 0.0395 0.0015 0.0955 0.0405 0.0125 0.0955 0.048 0.001 0.0955 0.042 0 0.0955 0.046 0 0.0955 0.042 0.0015 0.0955 0.0415 -0.007 0.1055 0.14 -0.0015 0.1055 0.1355 -0.021 0.1055 0.136 -0.0285 0.1055 0.119 -0.043 0.1055 0.1185 -0.033 0.1055 0.1285 -0.018 0.1055 0.126 0.0015 0.1055 0.1355 0.018 0.1055 0.126 0.0015 0.1055 0.1345 0.033 0.1055 0.1285 0.0285 0.1055 0.119 -0.0065 0.1055 0.1295 -0.0015 0.1055 0.1345 -0.001 0.1055 0.134 -0.036 0.1055 0.11 -0.0475 0.1055 0.11 0 0.1055 0.137 0.007 0.1055 0.14 0.001 0.1055 0.137 0.021 0.1055 0.136 0.0065 0.1055 0.1295 0.0015 0.1055 0.1365 0.001 0.1055 0.134 -0.0015 0.1055 0.1365 -0.001 0.1055 0.137 0 0.1055 0.134 0.043 0.1055 0.1185 0.036 0.1055 0.11 0.041 0.1055 0.0975 0.0465 0.1055 0.0895 0.046 0.1055 0.089 0.0365 0.1055 0.109 0.0495 0.1055 0.1055 0.039 0.1055 0.0725 0.0475 0.1055 0.0865 0.0465 0.1055 0.064 0.033 0.1055 0.062 0.0385 0.1055 0.052 0.0235 0.1055 0.0535 0.0275 0.1055 0.043 0.022 0.1055 0.052 0.022 0.1055 0.0405 0.0475 0.1055 0.0895 0.0485 0.1055 0.0895 0.0525 0.1055 0.0915 0.049 0.1055 0.089 0.042 0.1055 0.085 0.0465 0.1055 0.0865 0.049 0.1055 0.088 0.046 0.1055 0.087 0.046 0.1055 0.088 0.0515 0.1055 0.0775 0.0485 0.1055 0.0865 0.049 0.1055 0.087 -0.0015 0.1055 0.0415 -0.0275 0.1055 0.043 -0.0235 0.1055 0.0535 -0.0385 0.1055 0.052 -0.033 0.1055 0.062 -0.0465 0.1055 0.064 -0.039 0.1055 0.0725 -0.0475 0.1055 0.0865 -0.0465 0.1055 0.0865 -0.0475 0.1055 0.0895 -0.0365 0.1055 0.109 -0.0465 0.1055 0.0895 -0.001 0.1055 0.039 -0.014 0.1055 0.0375 -0.0015 0.1055 0.0395 -0.0015 0.1055 0.0405 -0.041 0.1055 0.0975 -0.001 0.1055 0.042 -0.0515 0.1055 0.0775 -0.049 0.1055 0.088 -0.0525 0.1055 0.0915 -0.0495 0.1055 0.1055 -0.0485 0.1055 0.0895 -0.046 0.1055 0.089 -0.046 0.1055 0.088 -0.042 0.1055 0.085 -0.046 0.1055 0.087 0 0.1055 0.046 0 0.1055 0.042 -0.0485 0.1055 0.0865 -0.049 0.1055 0.087 -0.049 0.1055 0.089 0 0.1055 0.0355 -0.0125 0.1055 0.048 0.001 0.1055 0.042 0.0125 0.1055 0.048 0.0015 0.1055 0.0405 0.0015 0.1055 0.0415 0.014 0.1055 0.0375 0.001 0.1055 0.039 0.0015 0.1055 0.0395 0 0.1055 0.039 0.0125 0.0955 0.048 0.0065 0.1015 0.0465 0 0.0955 0.046 0.018 0.1015 0.05 0.022 0.0955 0.052 0.0235 0.1015 0.0535 0.0235 0.0955 0.0535 0.0285 0.1015 0.057 0.033 0.0955 0.062 0.033 0.1015 0.062 0.0365 0.1015 0.067 0.039 0.0955 0.0725 0.039 0.1015 0.0725 0.041 0.1015 0.0785 0.042 0.0955 0.085 0.042 0.1015 0.085 0.042 0.1015 0.091 0.041 0.0955 0.0975 0.041 0.1015 0.0975 0.039 0.1015 0.1035 0.0365 0.0955 0.109 0.0125 0.1015 0.048 0.0365 0.1015 0.109 0.036 0.0955 0.11 0.033 0.1015 0.114 0.0285 0.0955 0.119 0.0285 0.1015 0.119 0.0235 0.1015 0.1225 0.018 0.0955 0.126 0.018 0.1015 0.126 0.0125 0.1015 0.128 0.0065 0.0955 0.1295 0.0065 0.1015 0.1295 0 0.1015 0.13 -0.0065 0.0955 0.1295 -0.0065 0.1015 0.1295 -0.0125 0.1015 0.128 -0.018 0.0955 0.126 -0.018 0.1015 0.126 -0.0235 0.1015 0.1225 -0.0285 0.0955 0.119 -0.0285 0.1015 0.119 -0.033 0.1015 0.114 -0.036 0.0955 0.11 -0.0365 0.1015 0.109 -0.0365 0.0955 0.109 -0.039 0.1015 0.1035 -0.041 0.0955 0.0975 -0.041 0.1015 0.0975 -0.042 0.1015 0.091 -0.042 0.0955 0.085 -0.042 0.1015 0.085 -0.041 0.1015 0.0785 -0.039 0.0955 0.0725 -0.039 0.1015 0.0725 -0.0365 0.1015 0.067 -0.033 0.0955 0.062 -0.033 0.1015 0.062 -0.0285 0.1015 0.057 -0.0235 0.0955 0.0535 -0.0235 0.1015 0.0535 -0.018 0.1015 0.05 -0.0125 0.0955 0.048 -0.0125 0.1015 0.048 -0.0065 0.1015 0.0465 0 0.1015 0.046 -0.046 0.1055 0.087 -0.0465 0.0955 0.0865 -0.046 0.0955 0.087 -0.0465 0.1055 0.0865 -0.046 0.1055 0.088 -0.046 0.0955 0.088 -0.046 0.1055 0.089 -0.046 0.0955 0.089 -0.0465 0.1055 0.0895 -0.0465 0.0955 0.0895 -0.0475 0.1055 0.0895 -0.0475 0.0955 0.0895 -0.0485 0.1055 0.0895 -0.0485 0.0955 0.0895 -0.049 0.1055 0.089 -0.049 0.0955 0.089 -0.049 0.1055 0.088 -0.049 0.0955 0.088 -0.049 0.1055 0.087 -0.049 0.0955 0.087 -0.0485 0.1055 0.0865 -0.0485 0.0955 0.0865 -0.0475 0.1055 0.0865 -0.0475 0.0955 0.0865 0 0.0955 0.134 0.001 0.1055 0.134 0 0.1055 0.134 0.001 0.0955 0.134 0.0015 0.1055 0.1345 0.0015 0.0955 0.1345 0.0015 0.1055 0.1355 0.0015 0.0955 0.1355 0.0015 0.1055 0.1365 0.0015 0.0955 0.1365 0.001 0.1055 0.137 0.001 0.0955 0.137 0 0.1055 0.137 0 0.0955 0.137 -0.001 0.1055 0.137 -0.001 0.0955 0.137 -0.0015 0.1055 0.1365 -0.0015 0.0955 0.1365 -0.0015 0.1055 0.1355 -0.0015 0.0955 0.1355 -0.0015 0.1055 0.1345 -0.0015 0.0955 0.1345 -0.001 0.1055 0.134 -0.001 0.0955 0.134 0.0475 0.0955 0.0865 0.0485 0.1055 0.0865 0.0475 0.1055 0.0865 0.0485 0.0955 0.0865 0.049 0.1055 0.087 0.049 0.0955 0.087 0.049 0.1055 0.088 0.049 0.0955 0.088 0.049 0.1055 0.089 0.049 0.0955 0.089 0.0485 0.1055 0.0895 0.0485 0.0955 0.0895 0.0475 0.1055 0.0895 0.0475 0.0955 0.0895 0.0465 0.1055 0.0895 0.0465 0.0955 0.0895 0.046 0.1055 0.089 0.046 0.0955 0.089 0.046 0.1055 0.088 0.046 0.0955 0.088 0.046 0.1055 0.087 0.046 0.0955 0.087 0.0465 0.1055 0.0865 0.0465 0.0955 0.0865 0 0.0955 0.039 0.001 0.1055 0.039 0 0.1055 0.039 0.001 0.0955 0.039 0.0015 0.1055 0.0395 0.0015 0.0955 0.0395 0.0015 0.1055 0.0405 0.0015 0.0955 0.0405 0.0015 0.1055 0.0415 0.0015 0.0955 0.0415 0.001 0.1055 0.042 0.001 0.0955 0.042 0 0.1055 0.042 0 0.0955 0.042 -0.001 0.1055 0.042 -0.001 0.0955 0.042 -0.0015 0.1055 0.0415 -0.0015 0.0955 0.0415 -0.0015 0.1055 0.0405 -0.0015 0.0955 0.0405 -0.0015 0.1055 0.0395 -0.0015 0.0955 0.0395 -0.001 0.1055 0.039 -0.001 0.0955 0.039 0.0195 0.1055 0.0765 0.019 0.101 0.076 0.0195 0.101 0.0765 0.02 0.1055 0.0775 0.02 0.101 0.0775 0.0195 0.1055 0.0785 0.0195 0.101 0.0785 0.019 0.1055 0.0795 0.019 0.101 0.0795 0.018 0.1055 0.0795 0.018 0.101 0.0795 0.017 0.1055 0.0795 0.017 0.101 0.0795 0.016 0.1055 0.0785 0.016 0.101 0.0785 0.016 0.1055 0.0775 0.016 0.101 0.0775 0.016 0.1055 0.0765 0.016 0.101 0.0765 0.017 0.1055 0.076 0.017 0.101 0.076 0.018 0.1055 0.0755 0.018 0.101 0.0755 0.019 0.1055 0.076 0.018 0.101 0.0965 0.019 0.1055 0.0965 0.018 0.1055 0.0965 0.019 0.101 0.0965 0.0195 0.1055 0.0975 0.0195 0.101 0.0975 0.02 0.1055 0.0985 0.02 0.101 0.0985 0.0195 0.1055 0.0995 0.0195 0.101 0.0995 0.019 0.1055 0.1 0.019 0.101 0.1 0.018 0.1055 0.1005 0.018 0.101 0.1005 0.017 0.1055 0.1 0.017 0.101 0.1 0.016 0.1055 0.0995 0.016 0.101 0.0995 0.016 0.1055 0.0985 0.016 0.101 0.0985 0.016 0.1055 0.0975 0.016 0.101 0.0975 0.017 0.1055 0.0965 0.017 0.101 0.0965 0 0.1055 0.1065 -0.001 0.101 0.107 0 0.101 0.1065 0.001 0.1055 0.107 0.001 0.101 0.107 0.002 0.1055 0.1075 0.002 0.101 0.1075 0.002 0.1055 0.1085 0.002 0.101 0.1085 0.002 0.1055 0.1095 0.002 0.101 0.1095 0.001 0.1055 0.1105 0.001 0.101 0.1105 0 0.1055 0.1105 0 0.101 0.1105 -0.001 0.1055 0.1105 -0.001 0.101 0.1105 -0.002 0.1055 0.1095 -0.002 0.101 0.1095 -0.002 0.1055 0.1085 -0.002 0.101 0.1085 -0.002 0.1055 0.1075 -0.002 0.101 0.1075 -0.001 0.1055 0.107 -0.016 0.1055 0.0975 -0.017 0.101 0.0965 -0.016 0.101 0.0975 -0.017 0.1055 0.0965 -0.018 0.101 0.0965 -0.016 0.1055 0.0995 -0.016 0.101 0.0985 -0.016 0.101 0.0995 -0.017 0.1055 0.1 -0.017 0.101 0.1 -0.018 0.1055 0.1005 -0.018 0.101 0.1005 -0.019 0.1055 0.1 -0.019 0.101 0.1 -0.0195 0.1055 0.0995 -0.0195 0.101 0.0995 -0.02 0.1055 0.0985 -0.02 0.101 0.0985 -0.0195 0.1055 0.0975 -0.0195 0.101 0.0975 -0.019 0.1055 0.0965 -0.019 0.101 0.0965 -0.018 0.1055 0.0965 -0.016 0.1055 0.0985 -0.018 0.101 0.0755 -0.017 0.1055 0.076 -0.018 0.1055 0.0755 -0.017 0.101 0.076 -0.016 0.1055 0.0765 -0.016 0.101 0.0765 -0.016 0.1055 0.0775 -0.016 0.101 0.0775 -0.016 0.1055 0.0785 -0.016 0.101 0.0785 -0.017 0.1055 0.0795 -0.017 0.101 0.0795 -0.018 0.1055 0.0795 -0.018 0.101 0.0795 -0.019 0.1055 0.0795 -0.019 0.101 0.0795 -0.0195 0.1055 0.0785 -0.0195 0.101 0.0785 -0.02 0.1055 0.0775 -0.02 0.101 0.0775 -0.0195 0.1055 0.0765 -0.0195 0.101 0.0765 -0.019 0.1055 0.076 -0.019 0.101 0.076 0 0.101 0.0655 0.001 0.1055 0.0655 0 0.1055 0.0655 0.001 0.101 0.0655 0.002 0.1055 0.0665 0.002 0.101 0.0665 0.002 0.1055 0.0675 0.002 0.101 0.0675 0.002 0.1055 0.0685 0.002 0.101 0.0685 0.001 0.1055 0.069 0.001 0.101 0.069 0 0.1055 0.0695 0 0.101 0.0695 -0.001 0.1055 0.069 -0.001 0.101 0.069 -0.002 0.1055 0.0685 -0.002 0.101 0.0685 -0.002 0.1055 0.0675 -0.002 0.101 0.0675 -0.002 0.1055 0.0665 -0.002 0.101 0.0665 -0.001 0.1055 0.0655 -0.001 0.101 0.0655 0 0.0405 0.039 -0.0085 0.0405 0.041 -0.0085 0.0395 0.0395 0 0.041 0.0405 -0.0085 0.0415 0.0425 0 0.042 0.042 -0.0085 0.0425 0.044 0 0.0445 0.045 -0.0085 0.0455 0.0465 -0.0085 0.044 0.0455 0 0.046 0.046 -0.0085 0.047 0.0475 -0.0085 0.0395 0.0375 -0.0125 0.038 0.0355 -0.0085 0.039 0.0355 -0.017 0.037 0.04 -0.017 0.0365 0.038 -0.017 0.038 0.042 -0.017 0.039 0.044 -0.017 0.0405 0.046 -0.017 0.042 0.0475 -0.0235 0.0325 0.0355 -0.017 0.0365 0.0355 -0.0245 0.033 0.0415 -0.0245 0.032 0.0385 -0.0245 0.034 0.044 -0.0245 0.035 0.0465 -0.0245 0.032 0.0355 -0.0305 0.026 0.0395 -0.0305 0.026 0.0355 -0.0305 0.027 0.043 -0.0305 0.0285 0.0465 -0.0325 0.0235 0.0355 -0.0355 0.02 0.045 -0.0355 0.019 0.0405 -0.0355 0.022 0.0495 -0.0355 0.024 0.0535 -0.0305 0.03 0.05 -0.0355 0.027 0.0575 -0.04 0.004 0.0495 -0.0395 -0.001 0.06 -0.0395 -0.004 0.052 -0.04 0.0065 0.0565 -0.0395 0.003 0.0675 -0.04 0.01 0.0625 -0.0395 0.008 0.074 -0.04 0.0145 0.0685 -0.0395 0.014 0.08 -0.04 0.0195 0.0735 -0.0395 0.0205 0.085 -0.04 0.0255 0.078 -0.0395 0.028 0.089 -0.04 0.0315 0.0815 -0.0395 0.036 0.092 -0.0305 0.0325 0.053 -0.0355 0.0305 0.061 -0.0305 0.035 0.0555 -0.0355 0.0345 0.064 -0.04 0.0385 0.084 -0.0395 0.044 0.094 -0.04 0.0525 0.0915 -0.0395 0.0525 0.0945 -0.0395 -0.006 0.044 -0.038 -0.0125 0.0355 -0.0395 -0.0065 0.0355 -0.0375 -0.012 0.0545 -0.0375 -0.014 0.045 -0.0375 -0.009 0.0635 -0.0375 -0.004 0.072 -0.0375 0.0015 0.0795 -0.0305 0.038 0.058 -0.0355 0.0385 0.066 -0.0305 0.0415 0.0595 -0.0355 0.043 0.068 -0.0305 0.045 0.061 -0.0355 0.0475 0.069 -0.035 0.0525 0.0685 -0.0355 0.0525 0.069 -0.038 0.0125 0.0355 -0.0355 0.019 0.0355 -0.0385 0.0125 0.0475 -0.0385 0.011 0.0415 -0.0385 0.0145 0.053 -0.0375 0.0085 0.0865 0 0.04 0.0355 -0.0385 0.0175 0.058 -0.0385 0.021 0.063 -0.0385 0.025 0.067 -0.0385 0.03 0.0705 -0.04 0.0025 0.0425 -0.04 0 0.0355 -0.04 0.002 0.0355 -0.04 0.0455 0.0855 -0.039 0.0525 0.0795 -0.04 0.0525 0.086 -0.0385 0.0405 0.0755 -0.0385 0.035 0.0735 -0.0385 0.0105 0.0355 -0.0385 0.0525 0.0775 -0.0385 0.0465 0.077 0 0.043 0.0435 0 0.04 0.0375 0 0.0475 0.047 -0.0305 0.0485 0.062 -0.0305 0.0525 0.062 -0.0375 -0.015 0.0355 -0.0375 0.016 0.092 -0.0375 0.0245 0.097 -0.0375 0.0335 0.1 -0.0375 0.043 0.102 -0.0375 0.0525 0.103 -0.033 -0.0215 0.046 -0.033 -0.0195 0.0565 -0.033 -0.0155 0.0665 -0.033 -0.0105 0.076 -0.033 -0.004 0.0845 -0.033 0.0035 0.092 -0.033 0.012 0.0985 -0.033 0.0215 0.1035 -0.033 0.0315 0.1075 -0.033 0.042 0.1095 -0.033 0.0525 0.1105 -0.0325 -0.0235 0.0355 -0.0275 -0.0285 0.047 -0.0275 -0.029 0.0355 -0.0275 -0.026 0.0585 -0.0275 -0.0215 0.0695 -0.0275 -0.016 0.0795 -0.0275 -0.009 0.089 -0.0275 -0.001 0.097 -0.0275 0.0085 0.104 -0.0275 0.0185 0.1095 -0.0275 0.0295 0.114 -0.0275 0.041 0.1165 -0.031 0.0525 0.113 -0.0235 -0.0325 0.0355 -0.0205 -0.0335 0.048 -0.0205 -0.0345 0.0355 -0.0205 -0.031 0.06 -0.0205 0.0055 0.1085 -0.0205 0.0165 0.1145 -0.0205 0.028 0.119 -0.0205 0.04 0.1215 -0.0225 0.0525 0.121 -0.0275 0.0525 0.117 -0.013 -0.037 0.0485 -0.013 -0.0345 0.061 -0.013 0.027 0.1225 -0.013 0.0395 0.125 -0.013 0.0525 0.126 -0.0205 0.0525 0.1225 -0.0125 -0.038 0.0355 -0.0045 -0.039 0.0485 -0.0045 -0.04 0.0355 -0.0045 -0.036 0.0615 -0.0045 0.0265 0.124 -0.013 0.015 0.118 -0.0045 0.0395 0.127 -0.012 0.0525 0.1265 0 -0.04 0.0355 0.0045 -0.039 0.0485 0.0045 -0.04 0.0355 0.0045 -0.036 0.0615 0.0045 0.0265 0.124 -0.0045 0.014 0.1195 0.0045 0.0395 0.127 0 0.0525 0.128 -0.0045 0.0525 0.128 0.0125 -0.038 0.0355 0.013 -0.037 0.0485 0.013 -0.038 0.0355 0.013 -0.0345 0.061 0.013 0.027 0.1225 0.0045 0.014 0.1195 0.013 0.0395 0.125 0.012 0.0525 0.1265 0.0045 0.0525 0.128 0.0205 -0.0335 0.048 0.0205 -0.031 0.06 0.0205 0.028 0.119 0.013 0.015 0.118 0.0205 0.04 0.1215 0.0205 0.0525 0.1225 0.013 0.0525 0.126 0.0235 -0.0325 0.0355 0.0275 -0.0285 0.047 0.0275 -0.029 0.0355 0.0275 -0.026 0.0585 0.0275 0.0085 0.104 0.022 -0.003 0.1015 0.0205 0.0055 0.1085 0.0275 0.0185 0.1095 0.0205 0.0165 0.1145 0.0275 0.0295 0.114 0.0275 0.041 0.1165 0.0225 0.0525 0.121 0.0325 -0.0235 0.0355 0.033 -0.0215 0.046 0.033 -0.0225 0.0355 0.033 -0.0195 0.0565 0.033 -0.0155 0.0665 0.0275 -0.0215 0.0695 0.033 -0.0105 0.076 0.0275 -0.016 0.0795 0.033 -0.004 0.0845 0.0275 -0.009 0.089 0.033 0.0035 0.092 0.0275 -0.001 0.097 0.033 0.012 0.0985 0.033 0.0215 0.1035 0.033 0.0315 0.1075 0.033 0.042 0.1095 0.031 0.0525 0.113 0.0275 0.0525 0.117 0.0375 -0.014 0.045 0.0375 -0.012 0.0545 0.0375 -0.009 0.0635 0.0375 -0.004 0.072 0.0375 0.0015 0.0795 0.0375 0.0085 0.0865 0.0375 0.016 0.092 0.0375 0.0245 0.097 0.0375 0.0335 0.1 0.0375 0.043 0.102 0.0375 0.0525 0.103 0.033 0.0525 0.1105 0.038 -0.0125 0.0355 0.0395 -0.006 0.044 0.0395 -0.0065 0.0355 0.0395 -0.004 0.052 0.0395 -0.001 0.06 0.0395 0.003 0.0675 0.0395 0.008 0.074 0.0395 0.014 0.08 0.0395 0.0205 0.085 0.0395 0.028 0.089 0.0395 0.036 0.092 0.0395 0.044 0.094 0.0395 0.0525 0.0945 0.04 0 0.0355 0.04 0.0025 0.0425 0.04 0.002 0.0355 0.04 0.004 0.0495 0.04 0.0065 0.0565 0.04 0.01 0.0625 0.04 0.0145 0.0685 0.04 0.0195 0.0735 0.04 0.0255 0.078 0.04 0.0315 0.0815 0.04 0.0385 0.084 0.04 0.0455 0.0855 0.04 0.0525 0.0915 0.0385 0.011 0.0415 0.0385 0.0125 0.0475 0.0385 0.0145 0.053 0.0385 0.0175 0.058 0.0385 0.021 0.063 0.0385 0.025 0.067 0.0385 0.03 0.0705 0.0385 0.035 0.0735 0.0385 0.0405 0.0755 0.0385 0.0465 0.077 0.039 0.0525 0.0795 0.04 0.0525 0.086 0.038 0.0125 0.0355 0.0355 0.019 0.0405 0.0355 0.019 0.0355 0.0355 0.02 0.045 0.0355 0.022 0.0495 0.0355 0.024 0.0535 0.0355 0.027 0.0575 0.0355 0.0305 0.061 0.0355 0.0345 0.064 0.0355 0.0385 0.066 0.0355 0.043 0.068 0.0355 0.0475 0.069 0.0355 0.0525 0.069 0.0385 0.0525 0.0775 0.0325 0.0235 0.0355 0.0305 0.026 0.0395 0.0305 0.026 0.0355 0.0305 0.027 0.043 0.0305 0.0285 0.0465 0.0305 0.03 0.05 0.0305 0.0325 0.053 0.0305 0.035 0.0555 0.0305 0.038 0.058 0.0305 0.0415 0.0595 0.0305 0.045 0.061 0.0305 0.0485 0.062 0.035 0.0525 0.0685 0.0245 0.032 0.0385 0.0245 0.033 0.0415 0.0245 0.034 0.044 0.0235 0.0325 0.0355 0.017 0.0365 0.038 0.017 0.0365 0.0355 0.017 0.037 0.04 0.017 0.038 0.042 0.017 0.039 0.044 0.0245 0.035 0.0465 0.0125 0.038 0.0355 0.0085 0.0395 0.0375 0.0085 0.039 0.0355 0.0085 0.0395 0.0395 0.0085 0.0405 0.041 0.0085 0.0415 0.0425 0.0085 0.0425 0.044 0.017 0.0405 0.046 0.0085 0.044 0.0455 0.017 0.042 0.0475 0.0085 0.0455 0.0465 0.0085 0.047 0.0475 0.0275 0.0525 0.059 0.0305 0.0525 0.062 0.0275 0.049 0.0585 0.0275 0.046 0.058 0.0275 0.043 0.057 0.0275 0.04 0.055 0.0275 0.037 0.053 0.0275 0.035 0.051 0.027 0.033 0.048 0.0275 0.0325 0.048 0.0275 0.033 0.048 0.021 0.039 0.048 0.0135 0.0445 0.048 0.015 0.0435 0.048 0.01 0.047 0.048 0.008 0.048 0.048 0.0085 0.0475 0.048 0 0.0505 0.048 0 0.0525 0.048 -0.0055 0.0495 0.048 0 0.049 0.0475 -0.0065 0.049 0.048 -0.01 0.0465 0.048 -0.0135 0.0445 0.048 -0.0145 0.044 0.048 -0.021 0.039 0.048 -0.0225 0.0375 0.048 -0.0275 0.0325 0.048 -0.027 0.033 0.048 -0.0275 0.033 0.048 -0.0275 0.035 0.051 -0.0275 0.037 0.053 -0.0275 0.04 0.055 -0.0275 0.043 0.057 -0.0275 0.046 0.058 -0.0275 0.049 0.0585 -0.0275 0.0525 0.059 -0.0205 -0.0015 0.104 -0.02 0.005 0.1085 -0.021 -0.0075 0.098 -0.022 -0.003 0.1015 -0.0215 -0.018 0.0855 -0.021 -0.013 0.092 -0.0215 -0.022 0.0785 -0.022 -0.029 0.064 -0.0215 -0.026 0.0715 -0.017 -0.0315 0.064 -0.009 -0.0345 0.064 -0.014 -0.033 0.064 -0.001 -0.0355 0.064 -0.0035 -0.0355 0.064 0.01 -0.0345 0.064 0.0045 -0.0355 0.064 0.0165 -0.032 0.064 0.0115 -0.034 0.064 0.022 -0.029 0.064 0.0215 -0.022 0.0785 0.0215 -0.026 0.0715 0.0215 -0.018 0.0855 0.021 -0.0075 0.098 0.021 -0.013 0.092 0.0205 -0.0015 0.104 0.0195 0.012 0.113 0.02 0.005 0.1085 0.009 0.009 0.116 0.014 0.01 0.115 0.0015 0.0085 0.117 0.007 0.009 0.1165 -0.0065 0.009 0.1165 -0.0045 0.0085 0.117 -0.012 0.0095 0.1155 -0.0195 0.012 0.113 -0.017 0.011 0.114 -0.013 0.01 0.1155 -0.0085 0.0475 0.048 0.026 0.0345 0.048 0.0245 0.032 0.0355 0.0385 0.0105 0.0355 0.0375 -0.015 0.0355 0.0205 -0.0345 0.0355 -0.013 -0.038 0.0355 -0.033 -0.0225 0.0355 0.0305 0.0525 0.062 0.035 0.0955 0.0685 0.0275 0.0955 0.059 0.0275 0.0525 0.059 0.0385 0.0525 0.0775 0.0355 0.0525 0.069 0.035 0.0525 0.0685 0.039 0.0955 0.0795 0.04 0.0525 0.086 0.039 0.0525 0.0795 0.04 0.0955 0.0915 0.0395 0.0525 0.0945 0.037 0.0955 0.103 0.04 0.0525 0.0915 0.033 0.0525 0.1105 0.0375 0.0525 0.103 0.031 0.0955 0.113 0.0275 0.0525 0.117 0.0225 0.0955 0.121 0.031 0.0525 0.113 0.021 0.0955 0.122 0.0225 0.0525 0.121 0.0205 0.0525 0.1225 0.012 0.0955 0.1265 0.013 0.0525 0.126 0.012 0.0525 0.1265 0 0.0955 0.128 0.0045 0.0525 0.128 0 0.0525 0.128 -0.012 0.0955 0.1265 -0.0045 0.0525 0.128 -0.012 0.0525 0.1265 -0.0225 0.0955 0.121 -0.0205 0.0525 0.1225 -0.0225 0.0525 0.121 -0.031 0.0955 0.113 -0.0275 0.0525 0.117 -0.031 0.0525 0.113 -0.037 0.0955 0.103 -0.033 0.0525 0.1105 -0.0375 0.0525 0.103 -0.04 0.0955 0.0915 -0.0395 0.0525 0.0945 -0.04 0.0525 0.0915 -0.039 0.0955 0.0795 -0.04 0.0525 0.086 -0.039 0.0525 0.0795 -0.0385 0.0525 0.0775 -0.037 0.0955 0.0725 -0.0275 0.0955 0.059 -0.0305 0.0525 0.062 -0.0275 0.0525 0.059 -0.035 0.0955 0.0685 -0.035 0.0525 0.0685 -0.0355 0.0525 0.069 -0.013 0.0525 0.126 0.043 -0.0135 0.045 0.045 -0.0045 0.0355 0.045 -0.004 0.0435 0.045 -0.0025 0.0515 0.043 -0.011 0.054 0.045 0.0005 0.0595 0.043 -0.008 0.063 0.045 0.0045 0.0665 0.043 -0.0035 0.0715 0.045 0.0095 0.073 0.043 0.0025 0.079 0.045 0.015 0.0785 0.043 0.009 0.0855 0.045 0.0215 0.0835 0.043 0.0165 0.0915 0.045 0.0285 0.0875 0.043 0.025 0.096 0.045 0.0365 0.0905 0.043 0.034 0.099 0.045 0.0445 0.092 0.043 0.043 0.1015 0.0435 0.0525 0.1 0.043 0.0525 0.102 0.039 -0.0225 0.0355 0.039 -0.022 0.046 0.039 -0.0195 0.0565 0.039 -0.016 0.0665 0.039 -0.0105 0.076 0.039 -0.004 0.0845 0.039 0.0035 0.092 0.039 0.012 0.0985 0.039 0.0215 0.104 0.039 0.0315 0.1075 0.039 0.042 0.11 0.039 0.0525 0.1105 0.038 -0.0245 0.0355 0.0335 -0.0295 0.0475 0.0335 -0.027 0.059 0.0335 -0.0225 0.07 0.0335 -0.017 0.08 0.0335 -0.01 0.0895 0.0335 -0.0015 0.098 0.0335 0.008 0.105 0.0335 0.018 0.1105 0.0335 0.029 0.115 0.0335 0.0405 0.1175 0.0385 0.0525 0.112 0.0335 0.0525 0.118 0.0295 -0.034 0.0355 0.0335 -0.03 0.0355 0.0265 -0.0355 0.048 0.0265 -0.033 0.0605 0.0265 -0.0285 0.0725 0.0265 -0.0225 0.0835 0.0265 -0.015 0.094 0.0265 -0.006 0.103 0.0265 0.0045 0.1105 0.0265 0.0155 0.1165 0.0265 0.0275 0.121 0.0265 0.04 0.1235 0.03 0.0525 0.122 0.0265 0.0525 0.1245 0.0185 -0.041 0.0355 0.0185 -0.04 0.049 0.0185 -0.0375 0.062 0.0185 0.0135 0.1205 0.0185 0.026 0.1255 0.0185 0.039 0.128 0.019 0.0525 0.129 0.0185 0.0525 0.129 0.0095 -0.044 0.0355 0.0095 -0.043 0.049 0.0095 -0.04 0.0625 0.0095 0.0125 0.1235 0.0095 0.0255 0.128 0.0095 0.039 0.131 0.0095 0.0525 0.132 0.0065 -0.0445 0.0355 0.045 0.0165 0.067 0 0.012 0.1245 0 0.025 0.129 0 0.0385 0.132 0.0065 0.0525 0.1325 0 0.0525 0.133 0 -0.044 0.0495 -0.0065 -0.0445 0.0355 0 -0.045 0.0355 -0.0095 -0.043 0.049 0 -0.041 0.063 -0.0095 -0.04 0.0625 -0.0095 0.0125 0.1235 -0.0095 0.0255 0.128 -0.0095 0.039 0.131 -0.0065 0.0525 0.1325 -0.0095 0.0525 0.132 -0.0185 -0.041 0.0355 -0.0185 -0.04 0.049 -0.0185 -0.0375 0.062 -0.0185 0.0135 0.1205 -0.0185 0.026 0.1255 -0.0185 0.039 0.128 -0.0185 0.0525 0.129 -0.0265 -0.0365 0.0355 -0.0265 -0.0355 0.048 -0.0265 -0.033 0.0605 -0.0265 0.0155 0.1165 -0.0265 0.0275 0.121 -0.0265 0.04 0.1235 -0.0265 0.0525 0.1245 -0.0295 -0.034 0.0355 -0.0335 -0.0295 0.0475 -0.0335 -0.027 0.059 -0.0265 -0.0285 0.0725 -0.0335 -0.0225 0.07 -0.0265 -0.0225 0.0835 -0.0335 -0.017 0.08 -0.0265 -0.015 0.094 -0.0335 -0.01 0.0895 -0.0265 -0.006 0.103 -0.0335 -0.0015 0.098 -0.0265 0.0045 0.1105 -0.0335 0.008 0.105 -0.0335 0.018 0.1105 -0.0335 0.029 0.115 -0.0335 0.0405 0.1175 -0.03 0.0525 0.122 -0.0335 0.0525 0.118 -0.038 -0.0245 0.0355 -0.0335 -0.03 0.0355 -0.039 -0.022 0.046 -0.039 -0.0195 0.0565 -0.039 -0.016 0.0665 -0.039 -0.0105 0.076 -0.039 -0.004 0.0845 -0.039 0.0035 0.092 -0.039 0.012 0.0985 -0.039 0.0215 0.104 0.045 0.0125 0.0615 -0.039 0.0315 0.1075 -0.039 0.042 0.11 -0.0385 0.0525 0.112 -0.039 0.0525 0.1105 -0.043 -0.014 0.0355 -0.043 -0.0135 0.045 -0.043 -0.011 0.054 -0.043 -0.008 0.063 -0.043 -0.0035 0.0715 -0.043 0.0025 0.079 -0.043 0.009 0.0855 -0.043 0.0165 0.0915 -0.043 0.025 0.096 -0.043 0.034 0.099 -0.043 0.043 0.1015 -0.043 0.0525 0.102 -0.0435 -0.0125 0.0355 -0.045 -0.004 0.0435 -0.045 -0.0025 0.0515 -0.045 0.0005 0.0595 -0.045 0.0045 0.0665 -0.045 0.0095 0.073 -0.045 0.015 0.0785 -0.045 0.0215 0.0835 -0.045 0.0285 0.0875 -0.045 0.0365 0.0905 -0.045 0.0445 0.092 -0.0435 0.0525 0.1 -0.045 0.0525 0.0925 -0.045 0 0.0355 -0.045 -0.0045 0.0355 -0.045 0.005 0.0425 -0.045 0.0065 0.049 -0.045 0.009 0.0555 -0.045 0.0125 0.0615 -0.045 0.0165 0.067 -0.045 0.021 0.0715 -0.045 0.0265 0.0755 -0.045 0.0325 0.079 -0.045 0.039 0.0815 -0.045 0.0455 0.083 -0.0435 0.0125 0.0355 -0.045 0.0045 0.0355 -0.043 0.0145 0.041 -0.043 0.0155 0.0465 -0.043 0.0175 0.0515 -0.043 0.02 0.0565 -0.043 0.0235 0.061 -0.043 0.027 0.0645 -0.043 0.0315 0.068 -0.043 0.0365 0.0705 -0.043 0.0415 0.0725 0.045 0.0455 0.083 -0.039 0.0225 0.0355 -0.039 0.023 0.04 -0.039 0.024 0.044 -0.039 0.0255 0.048 -0.039 0.0275 0.0515 -0.039 0.03 0.055 -0.039 0.033 0.058 -0.039 0.0365 0.0605 -0.039 0.04 0.0625 -0.039 0.044 0.064 0.045 0.009 0.0555 -0.043 0.047 0.0735 -0.039 0.048 0.065 -0.038 0.0245 0.0355 -0.0335 0.0305 0.0385 -0.0335 0.031 0.042 -0.0335 0.032 0.045 -0.0335 0.0335 0.0475 -0.0335 0.0355 0.05 -0.0335 0.038 0.0525 -0.0335 0.0405 0.0545 -0.0335 0.043 0.056 -0.0335 0.046 0.057 -0.0295 0.034 0.0355 -0.0335 0.03 0.0355 -0.0265 0.0365 0.038 -0.0265 0.037 0.04 -0.0265 0.038 0.042 -0.0265 0.039 0.044 -0.0265 0.0405 0.046 -0.0265 0.044 0.049 -0.0265 0.046 0.05 -0.0265 0.048 0.051 -0.0185 0.041 0.0355 -0.0185 0.0415 0.037 -0.0185 0.0415 0.0385 -0.0185 0.042 0.04 -0.0185 0.043 0.0415 -0.0185 0.044 0.043 -0.0265 0.042 0.0475 -0.0185 0.045 0.044 -0.0185 0.0465 0.045 -0.0185 0.048 0.046 -0.0185 0.0495 0.0465 -0.0095 0.044 0.0355 -0.0095 0.044 0.0365 -0.0095 0.0445 0.038 -0.0095 0.045 0.039 -0.0095 0.0455 0.04 -0.0095 0.046 0.041 -0.0095 0.047 0.042 -0.0095 0.048 0.0425 -0.0095 0.049 0.043 -0.0065 0.0445 0.0355 0 0.045 0.0365 0 0.0455 0.0375 0 0.046 0.0385 0 0.0465 0.0395 0 0.047 0.0405 0 0.0475 0.041 0 0.0485 0.0415 0 0.0495 0.042 0.0265 0.044 0.049 0.027 0.042 0.048 0.0265 0.042 0.0475 0.0335 0.038 0.0525 0.0275 0.041 0.048 0.0275 0.0415 0.048 -0.0275 0.042 0.0485 -0.0275 0.0415 0.048 -0.027 0.042 0.048 -0.0215 0.0495 0.048 -0.016 0.0495 0.0455 -0.01 0.05 0.0435 -0.007 0.05 0.043 -0.001 0.05 0.0425 0.0095 0.049 0.043 0.005 0.05 0.0425 0.008 0.05 0.043 0.0185 0.048 0.046 0.0135 0.0495 0.0445 0.0185 0.0495 0.0465 0.019 0.0495 0.047 0.0265 0.048 0.051 0.0225 0.0495 0.0485 0.0275 0.049 0.052 0.0335 0.046 0.057 0.0315 0.049 0.0555 0.0335 0.0485 0.0575 0.039 0.044 0.064 0.0375 0.0485 0.0625 0.039 0.048 0.065 0.0405 0.048 0.0675 0.043 0.047 0.0735 0.0415 0.048 0.0705 0.0435 0.048 0.0765 0.045 0.0475 0.0825 0.045 0.0525 0.0925 0.045 0.052 0.088 0.045 0.0525 0.088 -0.045 0.0475 0.088 -0.045 0.0475 0.083 -0.0445 0.048 0.08 -0.043 0.048 0.074 -0.0405 0.048 0.0685 -0.038 0.0485 0.063 -0.034 0.0485 0.0585 0.045 0.0065 0.049 0.045 0.005 0.0425 0.045 0 0.0355 0.045 0.0045 0.0355 0.045 0.039 0.0815 0.045 0.0325 0.079 0.043 0.0415 0.0725 0.045 0.0265 0.0755 0.043 0.0365 0.0705 0.045 0.021 0.0715 0.043 0.0315 0.068 0.043 0.027 0.0645 0.043 0.0235 0.061 0.043 0.02 0.0565 0.043 0.0175 0.0515 0.043 0.0155 0.0465 0.043 0.0145 0.041 0.0435 0.0125 0.0355 0.043 0.014 0.0355 0.039 0.04 0.0625 0.039 0.0365 0.0605 0.039 0.033 0.058 0.039 0.03 0.055 0.039 0.0275 0.0515 0.039 0.0255 0.048 0.039 0.024 0.044 0.039 0.023 0.04 0.0335 0.043 0.056 0.0335 0.0405 0.0545 0.0335 0.0355 0.05 0.0335 0.0335 0.0475 0.0335 0.032 0.045 0.0335 0.031 0.042 0.0335 0.0305 0.0385 0.038 0.0245 0.0355 0.0335 0.03 0.0355 0.0265 0.046 0.05 0.0265 0.0405 0.046 0.0265 0.039 0.044 0.0265 0.038 0.042 0.0265 0.037 0.04 0.0265 0.0365 0.038 0.0295 0.034 0.0355 0.0265 0.0365 0.0355 0.0185 0.0465 0.045 0.0185 0.045 0.044 0.0185 0.044 0.043 0.0185 0.043 0.0415 0.0185 0.042 0.04 0.0185 0.0415 0.0385 0.0185 0.0415 0.037 0.0095 0.048 0.0425 0.0095 0.047 0.042 0.0095 0.046 0.041 0.0095 0.0455 0.04 0.0095 0.045 0.039 0.0095 0.0445 0.038 0.0185 0.041 0.0355 0.0095 0.044 0.0365 0.0065 0.0445 0.0355 0 0.045 0.0355 -0.043 0.014 0.0355 -0.039 -0.0225 0.0355 -0.019 0.0525 0.129 -0.0095 -0.044 0.0355 0.0265 -0.0365 0.0355 0.043 -0.014 0.0355 -0.0275 0.0485 0.052 -0.0275 0.049 0.052 -0.0145 0.0065 0.119 -0.0115 0.006 0.1195 -0.0055 0.0055 0.1205 0.0005 0.005 0.121 0.0035 0.005 0.1205 0.0095 0.006 0.12 0.015 0.007 0.119 0.0175 0.0075 0.118 0.025 0.01 0.115 0.025 0.004 0.111 0.025 -0.0065 0.1035 0.025 -0.0155 0.0945 0.025 -0.023 0.084 0.025 -0.0295 0.073 0.02 -0.036 0.064 0.0115 -0.0395 0.064 0.0055 -0.0405 0.064 0.0025 -0.041 0.064 -0.0035 -0.0405 0.064 -0.0095 -0.04 0.064 -0.012 -0.039 0.064 -0.0175 -0.037 0.064 -0.025 -0.033 0.064 -0.025 -0.0295 0.073 -0.025 -0.023 0.084 -0.025 -0.0155 0.0945 -0.025 -0.0065 0.1035 -0.025 0.004 0.111 -0.025 0.01 0.115 -0.02 0.008 0.1175 -0.023 -0.0345 0.064 0.017 -0.0375 0.064 0.025 -0.033 0.064 0.0435 -0.0125 0.0355 0.039 0.0225 0.0355 0.0095 0.044 0.0355 -0.0265 0.0365 0.0355 0.0275 0.042 0.0485 -0.0275 0.041 0.048 -0.024 0.049 0.0495 0.0275 0.0485 0.052 0.045 0.05 0.088 0.045 0.0475 0.088 -0.045 0.0485 0.088 -0.045 0.051 0.088 -0.045 0.0515 0.088 -0.045 0.052 0.088 -0.045 0.0525 0.088 -0.045 0.0505 0.088 -0.032 0.049 0.056 0.023 0.0095 0.116 0.0015 0.045 0.0275 0.0065 0.0445 0.0205 0.0015 0.045 0.027 0.039 0.0225 0.0355 0.038 0.0245 0.0205 0.038 0.0245 0.0355 0.0435 0.0125 0.0205 0.043 0.014 0.0355 0.0335 0.03 0.0355 0.0295 0.034 0.0205 0.0295 0.034 0.0355 0.0265 0.0365 0.0355 0.0185 0.041 0.0205 0.0185 0.041 0.0355 0.0095 0.044 0.0355 0.0065 0.0445 0.0355 -0.0015 0.045 0.0275 -0.0065 0.0445 0.0355 -0.0015 0.045 0.028 -0.0015 0.045 0.0285 -0.0005 0.045 0.029 0 0.045 0.0355 0 0.045 0.029 0.0005 0.045 0.029 0.001 0.045 0.029 -0.001 0.045 0.029 0.0015 0.045 0.0285 0.0015 0.045 0.0265 0.0015 0.045 0.028 0.0005 0.045 0.026 0 0.045 0.026 -0.0065 0.0445 0.0205 -0.0005 0.045 0.026 -0.001 0.045 0.026 0.001 0.045 0.026 -0.0015 0.045 0.027 -0.0015 0.045 0.0265 -0.0095 0.044 0.0355 -0.0185 0.041 0.0205 -0.0185 0.041 0.0355 -0.0265 0.0365 0.0355 -0.0295 0.034 0.0205 -0.0295 0.034 0.0355 -0.0335 0.03 0.0355 -0.038 0.0245 0.0205 -0.038 0.0245 0.0355 -0.039 0.0225 0.0355 -0.0435 0.0125 0.0205 -0.043 0.014 0.0355 0.0435 0.0125 0.0355 -0.0435 -0.0125 0.0205 -0.043 -0.014 0.0355 -0.0435 -0.0125 0.0355 -0.038 -0.0245 0.0205 -0.0335 -0.03 0.0355 -0.038 -0.0245 0.0355 -0.0295 -0.034 0.0205 -0.0265 -0.0365 0.0355 -0.0295 -0.034 0.0355 -0.0185 -0.041 0.0205 -0.0095 -0.044 0.0355 -0.0185 -0.041 0.0355 0.0065 -0.0445 0.0355 0.0015 -0.045 0.0275 0.0065 -0.0445 0.0205 0.0095 -0.044 0.0355 0.0185 -0.041 0.0205 0.0265 -0.0365 0.0355 0.0185 -0.041 0.0355 0.0295 -0.034 0.0205 0.0335 -0.03 0.0355 0.0295 -0.034 0.0355 0.038 -0.0245 0.0205 0.039 -0.0225 0.0355 0.038 -0.0245 0.0355 -0.045 0 0.0205 -0.045 -0.0005 0.026 -0.045 0 0.026 -0.045 0 0.0355 -0.045 0.0005 0.029 -0.045 0 0.029 0.045 0 0.0355 0.045 -0.0005 0.029 0.045 0 0.029 0.045 0 0.0205 0.045 0.0005 0.026 0.045 0 0.026 0.045 0.0015 0.0265 0.045 0.001 0.026 0.045 0.0045 0.0355 0.045 0.0005 0.029 0.045 0.001 0.029 0.045 0.0015 0.0285 0.045 0.0015 0.027 0.045 0.0015 0.0275 0.045 0.0015 0.028 0.0435 -0.0125 0.0355 0.045 -0.0015 0.028 0.045 -0.0015 0.0285 0.0435 -0.0125 0.0205 0.045 -0.001 0.026 0.045 -0.0015 0.0265 0.045 -0.0005 0.026 0.045 -0.0015 0.027 0.045 -0.0015 0.0275 0.045 -0.0045 0.0355 0.045 -0.001 0.029 -0.045 0.0015 0.0285 -0.045 0.0045 0.0355 -0.0435 0.0125 0.0355 -0.045 0.001 0.026 -0.045 0.0005 0.026 -0.045 0.0015 0.0265 -0.045 0.0015 0.028 -0.045 0.0015 0.027 -0.045 0.0015 0.0275 -0.045 0.001 0.029 -0.045 -0.0015 0.027 -0.045 -0.0015 0.0265 -0.045 -0.0015 0.0285 -0.045 -0.0045 0.0355 -0.045 -0.001 0.029 -0.045 -0.0005 0.029 -0.045 -0.0015 0.028 -0.045 -0.0015 0.0275 -0.045 -0.001 0.026 0.043 -0.014 0.0355 -0.0065 -0.0445 0.0355 -0.0015 -0.045 0.028 -0.0015 -0.045 0.0285 0.0015 -0.045 0.0265 0.001 -0.045 0.026 0.0015 -0.045 0.027 -0.0065 -0.0445 0.0205 -0.001 -0.045 0.026 -0.0015 -0.045 0.0265 -0.0005 -0.045 0.026 0 -0.045 0.026 0.0005 -0.045 0.026 -0.0015 -0.045 0.0275 -0.0015 -0.045 0.027 -0.001 -0.045 0.029 0.001 -0.045 0.029 0.0015 -0.045 0.0285 0.0005 -0.045 0.029 0 -0.045 0.0355 -0.0005 -0.045 0.029 0 -0.045 0.029 0.0015 -0.045 0.028 -0.039 -0.0225 0.0355 -0.0185 -0.041 0.0205 -0.0235 -0.0325 0.0205 -0.0125 -0.038 0.0205 -0.0325 -0.0235 0.0205 -0.0295 -0.034 0.0205 -0.038 -0.0245 0.0205 0 0.04 0.0205 -0.0065 0.0445 0.0205 0.0065 0.0445 0.0205 0.0185 0.041 0.0205 0.0235 0.0325 0.0205 0.0125 0.038 0.0205 0.04 0 0.0205 0.0435 -0.0125 0.0205 0.038 -0.0125 0.0205 0.038 -0.0245 0.0205 0.0325 -0.0235 0.0205 0 -0.04 0.0205 0.0065 -0.0445 0.0205 -0.0065 -0.0445 0.0205 -0.038 -0.0125 0.0205 -0.0435 -0.0125 0.0205 -0.04 0 0.0205 -0.045 0 0.0205 0.0325 0.0235 0.0205 0.0295 0.034 0.0205 0.038 0.0245 0.0205 0.038 0.0125 0.0205 0.0435 0.0125 0.0205 0.045 0 0.0205 0.0295 -0.034 0.0205 0.0235 -0.0325 0.0205 0.0185 -0.041 0.0205 -0.0435 0.0125 0.0205 0.0125 -0.038 0.0205 -0.0125 0.038 0.0205 -0.0185 0.041 0.0205 -0.038 0.0245 0.0205 -0.038 0.0125 0.0205 -0.0235 0.0325 0.0205 -0.0295 0.034 0.0205 -0.0325 0.0235 0.0205 -0.0125 0.038 0.0355 -0.0015 0.04 0.0275 -0.0015 0.04 0.028 -0.0015 0.04 0.027 -0.0125 0.038 0.0205 -0.0015 0.04 0.0265 -0.0015 0.04 0.0285 -0.0085 0.039 0.0355 -0.001 0.04 0.029 0 0.04 0.0355 -0.0005 0.04 0.029 0.038 0.0125 0.0205 0.0355 0.019 0.0355 0.0325 0.0235 0.0205 0.038 0.0125 0.0355 0.0305 0.026 0.0355 0.0325 0.0235 0.0355 0.0235 0.0325 0.0205 0.0245 0.032 0.0355 0.017 0.0365 0.0355 0.0125 0.038 0.0205 0.0235 0.0325 0.0355 -0.017 0.0365 0.0355 -0.0235 0.0325 0.0205 -0.0305 0.026 0.0355 -0.0325 0.0235 0.0205 -0.0245 0.032 0.0355 -0.0235 0.0325 0.0355 -0.0125 -0.038 0.0205 -0.013 -0.038 0.0355 -0.0125 -0.038 0.0355 -0.0355 0.019 0.0355 -0.0325 0.0235 0.0355 -0.038 0.0125 0.0205 -0.0325 -0.0235 0.0205 -0.0375 -0.015 0.0355 -0.033 -0.0225 0.0355 -0.038 -0.0125 0.0205 -0.038 -0.0125 0.0355 -0.0275 -0.029 0.0355 -0.0235 -0.0325 0.0205 -0.0325 -0.0235 0.0355 -0.0205 -0.0345 0.0355 -0.0235 -0.0325 0.0355 0.013 -0.038 0.0355 0.0125 -0.038 0.0205 0.0125 -0.038 0.0355 0.0205 -0.0345 0.0355 0.0235 -0.0325 0.0205 0.0275 -0.029 0.0355 0.0235 -0.0325 0.0355 0.0325 -0.0235 0.0205 0.033 -0.0225 0.0355 0.0325 -0.0235 0.0355 0.0375 -0.015 0.0355 0.038 -0.0125 0.0205 -0.001 0.04 0.026 0 0.04 0.0205 -0.0005 0.04 0.026 0.038 -0.0125 0.0355 -0.038 0.0125 0.0355 0.0125 0.038 0.0355 0 0.04 0.029 0.0005 0.04 0.026 0 0.04 0.026 0 -0.04 0.0355 0.0005 -0.04 0.029 0 -0.04 0.029 0 -0.04 0.0205 -0.0005 -0.04 0.026 0 -0.04 0.026 0.04 0 0.0355 0.04 0.0005 0.029 0.04 0 0.029 0.04 0 0.0205 0.04 -0.0005 0.026 0.04 0 0.026 -0.04 0 0.0355 -0.04 -0.0005 0.029 -0.04 0 0.029 -0.04 0 0.0205 -0.04 0.0005 0.026 -0.04 0 0.026 -0.04 0.0015 0.0265 -0.04 0.001 0.026 -0.0385 0.0105 0.0355 -0.04 0.001 0.029 -0.04 0.0015 0.0285 -0.04 0.002 0.0355 -0.04 0.0005 0.029 -0.04 0.0015 0.027 -0.04 0.0015 0.0275 -0.04 0.0015 0.028 -0.04 -0.001 0.026 -0.04 -0.0005 0.026 -0.04 -0.0015 0.0285 -0.0395 -0.0065 0.0355 -0.04 -0.0015 0.028 -0.04 -0.0015 0.0265 -0.04 -0.0015 0.027 -0.04 -0.0015 0.0275 -0.04 -0.001 0.029 0.04 -0.0015 0.0265 0.04 -0.001 0.026 0.0395 -0.0065 0.0355 0.04 -0.0005 0.029 0.04 -0.001 0.029 0.04 -0.0015 0.0285 0.04 -0.0015 0.027 0.04 -0.0015 0.0275 0.04 -0.0015 0.028 0.04 0.0015 0.028 0.04 0.0015 0.0285 0.04 0.001 0.026 0.04 0.0015 0.0265 0.04 0.0005 0.026 0.04 0.0015 0.0275 0.04 0.0015 0.027 0.0385 0.0105 0.0355 0.04 0.001 0.029 0.04 0.002 0.0355 -0.0015 -0.04 0.0265 -0.001 -0.04 0.026 -0.0045 -0.04 0.0355 -0.0005 -0.04 0.029 -0.001 -0.04 0.029 -0.0015 -0.04 0.0285 -0.0015 -0.04 0.027 -0.0015 -0.04 0.0275 -0.0015 -0.04 0.028 0.0015 -0.04 0.028 0.0015 -0.04 0.0285 0.001 -0.04 0.026 0.0015 -0.04 0.0265 0.0005 -0.04 0.026 0.0015 -0.04 0.0275 0.0015 -0.04 0.027 0.0045 -0.04 0.0355 0.001 -0.04 0.029 0.0015 0.04 0.0265 0.001 0.04 0.026 0.001 0.04 0.029 0.0085 0.039 0.0355 0.0005 0.04 0.029 0.0015 0.04 0.0285 0.0015 0.04 0.027 0.0015 0.04 0.0275 0.0015 0.04 0.028 -0.04 0.0015 0.028 -0.045 0.0015 0.0275 -0.04 0.0015 0.0275 -0.04 0.0015 0.0285 -0.045 0.0015 0.028 -0.045 0.0015 0.0285 -0.04 0.001 0.029 -0.04 0 0.029 -0.045 0.0005 0.029 -0.04 0.0005 0.029 -0.045 0.001 0.029 -0.04 -0.0005 0.029 -0.045 -0.001 0.029 -0.045 -0.0005 0.029 -0.045 0 0.029 -0.04 -0.001 0.029 -0.045 -0.0015 0.0285 -0.04 -0.0015 0.0285 -0.045 -0.0015 0.028 -0.04 -0.0015 0.028 -0.045 -0.0015 0.0275 -0.04 -0.0015 0.0275 -0.04 -0.0015 0.027 -0.04 -0.0015 0.0265 -0.045 -0.0015 0.027 -0.045 -0.0015 0.0265 -0.04 -0.001 0.026 -0.04 0 0.026 -0.045 -0.0005 0.026 -0.04 -0.0005 0.026 -0.045 -0.001 0.026 -0.04 0.0005 0.026 -0.045 0.001 0.026 -0.045 0.0005 0.026 -0.045 0 0.026 -0.04 0.001 0.026 -0.045 0.0015 0.0265 -0.04 0.0015 0.0265 -0.045 0.0015 0.027 -0.04 0.0015 0.027 0.04 -0.0005 0.026 0.045 -0.001 0.026 0.045 -0.0005 0.026 0.04 0 0.026 0.045 0 0.026 0.04 -0.001 0.026 0.045 -0.0015 0.0265 0.04 -0.0015 0.0265 0.045 -0.0015 0.027 0.04 -0.0015 0.027 0.045 -0.0015 0.0275 0.04 -0.0015 0.0275 0.04 -0.0015 0.028 0.04 -0.0015 0.0285 0.045 -0.0015 0.028 0.045 -0.0015 0.0285 0.04 -0.001 0.029 0.04 0 0.029 0.045 -0.0005 0.029 0.04 -0.0005 0.029 0.045 -0.001 0.029 0.04 0.0005 0.029 0.045 0.001 0.029 0.045 0.0005 0.029 0.045 0 0.029 0.04 0.001 0.029 0.045 0.0015 0.0285 0.04 0.0015 0.0285 0.045 0.0015 0.028 0.04 0.0015 0.028 0.045 0.0015 0.0275 0.04 0.0015 0.027 0.045 0.0015 0.027 0.045 0.0015 0.0265 0.04 0.001 0.026 0.045 0.001 0.026 0.045 0.0005 0.026 0.04 0.0005 0.026 0.04 0.0015 0.0265 0.04 0.0015 0.0275 -0.0015 -0.045 0.027 -0.0015 -0.04 0.0265 -0.0015 -0.04 0.027 -0.0015 -0.045 0.0275 -0.0015 -0.04 0.028 -0.0015 -0.045 0.028 -0.0015 -0.045 0.0285 -0.001 -0.04 0.029 -0.001 -0.045 0.029 -0.0005 -0.045 0.029 0 -0.04 0.029 0 -0.045 0.029 0.001 -0.045 0.029 0.0005 -0.04 0.029 0.001 -0.04 0.029 0.0015 -0.045 0.0285 0.0015 -0.04 0.0285 0.0015 -0.045 0.028 0.0015 -0.04 0.028 0.0015 -0.045 0.0275 0.0015 -0.04 0.027 0.0015 -0.045 0.027 0.0015 -0.045 0.0265 0.001 -0.04 0.026 0.001 -0.045 0.026 0.0005 -0.045 0.026 0 -0.04 0.026 0 -0.045 0.026 0.0005 -0.04 0.026 0.0015 -0.04 0.0265 0.0015 -0.04 0.0275 0.0005 -0.045 0.029 -0.0005 -0.04 0.029 -0.0015 -0.04 0.0285 -0.0015 -0.04 0.0275 -0.0015 -0.045 0.0265 -0.001 -0.04 0.026 -0.001 -0.045 0.026 -0.0005 -0.045 0.026 -0.0005 -0.04 0.026 0.0005 0.04 0.026 0.001 0.045 0.026 0.0005 0.045 0.026 0 0.04 0.026 0 0.045 0.026 0.001 0.04 0.026 0.0015 0.045 0.0265 0.0015 0.04 0.0265 0.0015 0.045 0.027 0.0015 0.04 0.027 0.0015 0.045 0.0275 0.0015 0.04 0.0275 0.0015 0.04 0.028 0.0015 0.045 0.028 0.0015 0.04 0.0285 0.0015 0.045 0.0285 0.001 0.04 0.029 0 0.04 0.029 0.0005 0.045 0.029 0.0005 0.04 0.029 0.001 0.045 0.029 -0.0005 0.04 0.029 -0.001 0.045 0.029 -0.0005 0.045 0.029 0 0.045 0.029 -0.001 0.04 0.029 -0.0015 0.045 0.0285 -0.0015 0.04 0.0285 -0.0015 0.045 0.028 -0.0015 0.04 0.028 -0.0015 0.045 0.0275 -0.0015 0.04 0.0275 -0.0015 0.04 0.027 -0.0015 0.04 0.0265 -0.0015 0.045 0.027 -0.0015 0.045 0.0265 -0.001 0.04 0.026 -0.0005 0.045 0.026 -0.0005 0.04 0.026 -0.001 0.045 0.026 0.025 -0.0015 0.104 0.02 0.005 0.1085 0.0205 -0.0015 0.104 0.025 -0.013 0.092 0.021 -0.0075 0.098 0.021 -0.013 0.092 0.025 -0.022 0.0785 0.0215 -0.018 0.0855 0.0215 -0.022 0.0785 0.025 -0.029 0.064 0.0215 -0.026 0.0715 0.022 -0.029 0.064 0.025 0.012 0.113 0.0195 0.012 0.113 -0.0035 -0.0355 0.064 -0.0035 -0.0405 0.064 -0.001 -0.0355 0.064 0.0025 -0.041 0.064 -0.017 -0.0315 0.064 -0.0175 -0.037 0.064 -0.014 -0.033 0.064 0.0115 -0.034 0.064 0.017 -0.0375 0.064 0.0165 -0.032 0.064 -0.009 -0.0345 0.064 -0.012 -0.039 0.064 -0.0095 -0.04 0.064 0.0045 -0.0355 0.064 0.0055 -0.0405 0.064 0.01 -0.0345 0.064 0.0115 -0.0395 0.064 0.02 -0.036 0.064 0.022 -0.029 0.064 0.025 -0.033 0.064 -0.023 -0.0345 0.064 -0.022 -0.029 0.064 -0.025 -0.033 0.064 -0.025 -0.029 0.064 0.025 -0.029 0.064 -0.025 -0.029 0.064 -0.0215 -0.026 0.0715 -0.025 -0.022 0.0785 -0.025 -0.013 0.092 -0.0215 -0.018 0.0855 -0.021 -0.013 0.092 -0.025 -0.0015 0.104 -0.021 -0.0075 0.098 -0.0205 -0.0015 0.104 -0.025 0.012 0.113 -0.02 0.005 0.1085 -0.0195 0.012 0.113 -0.022 -0.029 0.064 -0.0215 -0.022 0.0785 -0.025 0.01 0.115 -0.0195 0.012 0.113 -0.02 0.008 0.1175 0.014 0.01 0.115 0.0175 0.0075 0.118 0.015 0.007 0.119 0.0005 0.005 0.121 -0.0045 0.0085 0.117 0.0015 0.0085 0.117 -0.012 0.0095 0.1155 -0.0115 0.006 0.1195 -0.0145 0.0065 0.119 0.009 0.009 0.116 -0.017 0.011 0.114 -0.0055 0.0055 0.1205 -0.0065 0.009 0.1165 0.0035 0.005 0.1205 0.0195 0.012 0.113 0.025 0.01 0.115 0.023 0.0095 0.116 -0.025 0.012 0.113 -0.013 0.01 0.1155 0.007 0.009 0.1165 0.0095 0.006 0.12 0.025 0.012 0.113 0.025 -0.013 0.092 0.025 -0.0065 0.1035 0.025 -0.0015 0.104 0.025 0.012 0.113 0.025 0.004 0.111 0.025 0.01 0.115 0.025 -0.023 0.084 0.025 -0.0155 0.0945 0.025 -0.022 0.0785 0.025 -0.0295 0.073 0.025 -0.029 0.064 0.025 -0.033 0.064 -0.025 -0.013 0.092 -0.025 -0.0065 0.1035 -0.025 -0.0155 0.0945 -0.025 -0.029 0.064 -0.025 -0.0295 0.073 -0.025 -0.033 0.064 -0.025 -0.022 0.0785 -0.025 -0.023 0.084 -0.025 0.004 0.111 -0.025 0.012 0.113 -0.025 0.01 0.115 -0.025 -0.0015 0.104 0.019 0.0475 0.129 0.0185 0.0525 0.129 0.019 0.0525 0.129 0 0.0525 0.133 0.003 0.0475 0.133 -0.003 0.0475 0.133 -0.0065 0.0525 0.1325 -0.009 0.0475 0.132 -0.0095 0.0525 0.132 -0.0265 0.0525 0.1245 -0.0205 0.0475 0.128 -0.026 0.0475 0.125 -0.031 0.0475 0.121 -0.0335 0.0525 0.118 -0.03 0.0525 0.122 -0.0385 0.0525 0.112 -0.0385 0.0475 0.1115 -0.039 0.0525 0.1105 0.045 0.05 0.088 0.0445 0.0475 0.094 0.0435 0.0475 0.1 -0.045 0.0485 0.088 -0.045 0.0475 0.088 -0.0445 0.0475 0.094 -0.0435 0.0475 0.1 -0.045 0.0505 0.088 -0.0435 0.0525 0.1 -0.045 0.051 0.088 -0.045 0.0515 0.088 -0.045 0.052 0.088 -0.045 0.0525 0.0925 -0.045 0.0525 0.088 0.0435 0.0525 0.1 0.045 0.052 0.088 0.045 0.0525 0.0925 0.045 0.0525 0.088 0.045 0.0475 0.088 -0.043 0.0525 0.102 -0.0415 0.0475 0.106 0.03 0.0475 0.122 0.0265 0.0525 0.1245 0.03 0.0525 0.122 -0.035 0.0475 0.1165 -0.0385 0.0475 0.112 -0.03 0.0475 0.122 -0.019 0.0525 0.129 -0.019 0.0475 0.129 -0.0185 0.0525 0.129 -0.015 0.0475 0.1305 -0.0065 0.0475 0.1325 0.0065 0.0525 0.1325 0.0065 0.0475 0.1325 0.0095 0.0525 0.132 0.015 0.0475 0.1305 0.009 0.0475 0.132 0.0205 0.0475 0.128 0.026 0.0475 0.125 0.031 0.0475 0.121 0.0335 0.0525 0.118 0.035 0.0475 0.1165 0.0385 0.0525 0.112 0.0385 0.0475 0.112 0.0385 0.0475 0.1115 0.039 0.0525 0.1105 0.0415 0.0475 0.106 0.043 0.0525 0.102 -0.0465 0.0545 0.0945 -0.0475 0.061 0.1015 -0.049 0.061 0.0945 -0.045 0.0545 0.1005 -0.045 0.061 0.1075 -0.043 0.0545 0.1065 -0.042 0.061 0.1135 -0.04 0.0545 0.1125 -0.038 0.061 0.119 -0.0365 0.0545 0.1175 -0.0335 0.061 0.124 -0.032 0.0545 0.122 -0.0285 0.061 0.128 -0.027 0.0545 0.126 -0.0225 0.061 0.1315 -0.0215 0.0545 0.1295 -0.0165 0.061 0.1345 -0.0155 0.0545 0.132 -0.01 0.061 0.136 -0.0095 0.0545 0.134 -0.0035 0.061 0.137 -0.003 0.0545 0.1345 0.0035 0.061 0.137 0.003 0.0545 0.1345 0.01 0.061 0.136 0.0095 0.0545 0.134 0.0165 0.061 0.1345 0.0155 0.0545 0.132 0.0225 0.061 0.1315 0.0215 0.0545 0.1295 0.0285 0.061 0.128 0.027 0.0545 0.126 0.0335 0.061 0.124 0.032 0.0545 0.122 0.038 0.061 0.119 0.0365 0.0545 0.1175 0.042 0.061 0.1135 0.04 0.0545 0.1125 0.045 0.061 0.1075 0.043 0.0545 0.1065 0.0475 0.061 0.1015 0.045 0.0545 0.1005 0.049 0.061 0.0945 0.0465 0.0545 0.0945 0.0495 0.061 0.088 0.047 0.0545 0.088 0.049 0.061 0.0815 0.0465 0.0545 0.0815 0.0475 0.061 0.0745 0.045 0.0545 0.0755 0.045 0.061 0.0685 0.043 0.0545 0.0695 0.042 0.061 0.0625 0.04 0.0545 0.0635 0.038 0.061 0.057 0.0365 0.0545 0.0585 0.0335 0.061 0.052 0.032 0.0545 0.054 0.0285 0.061 0.048 0.027 0.0545 0.05 0.0225 0.061 0.0445 0.0215 0.0545 0.0465 0.0165 0.061 0.0415 0.0155 0.0545 0.044 0.01 0.061 0.04 0.0095 0.0545 0.042 0.0035 0.061 0.039 0.003 0.0545 0.0415 -0.0035 0.061 0.039 -0.003 0.0545 0.0415 -0.01 0.061 0.04 -0.0095 0.0545 0.042 -0.0165 0.061 0.0415 -0.0155 0.0545 0.044 -0.0225 0.061 0.0445 -0.0215 0.0545 0.0465 -0.0285 0.061 0.048 -0.027 0.0545 0.05 -0.0335 0.061 0.052 -0.032 0.0545 0.054 -0.038 0.061 0.057 -0.0365 0.0545 0.0585 -0.042 0.061 0.0625 -0.043 0.0545 0.0695 -0.0475 0.061 0.0745 -0.045 0.061 0.0685 -0.045 0.0545 0.0755 -0.049 0.061 0.0815 -0.0465 0.0545 0.0815 -0.0495 0.061 0.088 -0.052 0.0675 0.095 -0.0525 0.0675 0.088 -0.0505 0.0675 0.102 -0.048 0.0675 0.109 -0.045 0.0675 0.1155 -0.041 0.0675 0.121 -0.036 0.0675 0.1265 -0.0305 0.0675 0.131 -0.024 0.0675 0.1345 -0.0175 0.0675 0.1375 -0.0105 0.0675 0.1395 -0.047 0.0545 0.088 0.0035 0.0675 0.1405 -0.0035 0.0675 0.1405 0.0105 0.0675 0.1395 0.0175 0.0675 0.1375 0.024 0.0675 0.1345 0.0305 0.0675 0.131 0.036 0.0675 0.1265 0.041 0.0675 0.121 0.045 0.0675 0.1155 0.048 0.0675 0.109 0.0505 0.0675 0.102 0.052 0.0675 0.095 0.0525 0.0675 0.088 0.052 0.0675 0.081 0.0505 0.0675 0.074 0.048 0.0675 0.067 0.045 0.0675 0.0605 0.041 0.0675 0.055 0.036 0.0675 0.0495 0.0305 0.0675 0.045 0.024 0.0675 0.0415 0.0175 0.0675 0.0385 0.0105 0.0675 0.0365 0.0035 0.0675 0.0355 -0.0035 0.0675 0.0355 -0.0105 0.0675 0.0365 -0.0175 0.0675 0.0385 -0.024 0.0675 0.0415 -0.0305 0.0675 0.045 -0.036 0.0675 0.0495 -0.041 0.0675 0.055 -0.045 0.0675 0.0605 -0.048 0.0675 0.067 -0.0505 0.0675 0.074 -0.052 0.0675 0.081 -0.032 0.049 0.056 -0.034 0.0485 0.0585 -0.038 0.0485 0.063 -0.04 0.0545 0.0635 -0.0405 0.048 0.0685 -0.043 0.048 0.074 -0.0445 0.048 0.08 -0.045 0.0475 0.083 -0.045 0.0475 0.088 0.045 0.0475 0.0825 0.0435 0.048 0.0765 0.0415 0.048 0.0705 0.0405 0.048 0.0675 0.0375 0.0485 0.0625 0.0335 0.0485 0.0575 0.0315 0.049 0.0555 0.0275 0.0495 0.052 0.0275 0.049 0.052 0.0225 0.0495 0.0485 0.019 0.0495 0.047 0.0135 0.0495 0.0445 0.008 0.05 0.043 0.005 0.05 0.0425 -0.001 0.05 0.0425 -0.007 0.05 0.043 -0.01 0.05 0.0435 -0.016 0.0495 0.0455 -0.0215 0.0495 0.048 -0.024 0.049 0.0495 -0.0275 0.049 0.052 -0.0275 0.0495 0.052 0.0445 0.0475 0.094 0.045 0.0475 0.088 0.0435 0.0475 0.1 0.0415 0.0475 0.106 0.0385 0.0475 0.1115 0.0385 0.0475 0.112 0.035 0.0475 0.1165 0.031 0.0475 0.121 0.03 0.0475 0.122 0.026 0.0475 0.125 0.0205 0.0475 0.128 0.019 0.0475 0.129 0.015 0.0475 0.1305 0.009 0.0475 0.132 0.0065 0.0475 0.1325 0.003 0.0475 0.133 -0.003 0.0475 0.133 -0.0065 0.0475 0.1325 -0.009 0.0475 0.132 -0.015 0.0475 0.1305 -0.019 0.0475 0.129 -0.0205 0.0475 0.128 -0.026 0.0475 0.125 -0.03 0.0475 0.122 -0.031 0.0475 0.121 -0.035 0.0475 0.1165 -0.0385 0.0475 0.112 -0.0385 0.0475 0.1115 -0.0415 0.0475 0.106 -0.0435 0.0475 0.1 -0.0445 0.0475 0.094 0.037 0.0955 0.103 0.021 0.0955 0.136 0.0465 0.0955 0.0895 0.04 0.0955 0.0915 0.046 0.0955 0.089 0.045 0.0955 0.1155 0.036 0.0955 0.1265 0.0225 0.0955 0.121 0.031 0.0955 0.113 0.024 0.0955 0.1345 0.0505 0.0955 0.102 0.0475 0.0955 0.09 0.049 0.0955 0.089 0.0525 0.0955 0.088 0.049 0.0955 0.087 0.0505 0.0955 0.074 0.0485 0.0955 0.0865 0.021 0.0955 0.122 0.0485 0.0955 0.0895 0.0495 0.0955 0.088 -0.0225 0.0955 0.121 -0.002 0.0955 0.1355 -0.0015 0.0955 0.1345 -0.04 0.0955 0.0915 -0.0465 0.0955 0.0895 -0.037 0.0955 0.103 -0.0175 0.0955 0.1375 -0.031 0.0955 0.113 0.0105 0.0955 0.1395 0.002 0.0955 0.1355 0.0015 0.0955 0.1365 0.0015 0.0955 0.1345 0.012 0.0955 0.1265 0 0.0955 0.1375 0.001 0.0955 0.137 0.001 0.0955 0.134 -0.012 0.0955 0.1265 -0.001 0.0955 0.134 -0.046 0.0955 0.089 -0.0455 0.0955 0.088 -0.039 0.0955 0.0795 -0.046 0.0955 0.087 -0.0465 0.0955 0.0865 -0.0305 0.0955 0.131 -0.041 0.0955 0.121 -0.048 0.0955 0.109 -0.0475 0.0955 0.09 -0.0015 0.0955 0.1365 -0.0035 0.0955 0.1405 -0.001 0.0955 0.137 0.0475 0.0955 0.086 0 0.0955 0.128 0 0.0955 0.1335 -0.037 0.0955 0.0725 -0.049 0.0955 0.089 -0.0525 0.0955 0.088 -0.052 0.0955 0.095 -0.0485 0.0955 0.0895 -0.0475 0.0955 0.086 -0.05 0.0955 0.0725 -0.052 0.0955 0.081 -0.0485 0.0955 0.0865 -0.049 0.0955 0.087 -0.0495 0.0955 0.088 -0.0275 0.0955 0.059 -0.0175 0.0955 0.0385 -0.0305 0.0955 0.045 0.045 0.0955 0.0605 0.0275 0.0955 0.059 0.035 0.0955 0.0685 0.0455 0.0955 0.088 -0.041 0.0955 0.055 -0.035 0.0955 0.0685 -0.048 0.0955 0.067 -0.0015 0.0955 0.0395 -0.002 0.0955 0.0405 0.024 0.0955 0.0415 0.0015 0.0955 0.0415 0.021 0.0955 0.059 0.0105 0.0955 0.0365 0 0.0955 0.0385 0.001 0.0955 0.039 -0.001 0.0955 0.042 -0.0015 0.0955 0.0415 -0.0035 0.0955 0.0355 -0.001 0.0955 0.039 0.0015 0.0955 0.0395 0.001 0.0955 0.042 0 0.0955 0.0425 0.002 0.0955 0.0405 0.0465 0.0955 0.0865 0.039 0.0955 0.0795 0.046 0.0955 0.087 0.036 0.0955 0.0495 0.0525 0.0955 0.088 0.052 0.0675 0.095 0.0525 0.0675 0.088 0.045 0.0955 0.1155 0.041 0.0675 0.121 0.045 0.0675 0.1155 0.036 0.0955 0.1265 0.0305 0.0675 0.131 0.036 0.0675 0.1265 0.024 0.0675 0.1345 0.021 0.0955 0.136 0.0175 0.0675 0.1375 0.0105 0.0955 0.1395 0.0035 0.0675 0.1405 0.0105 0.0675 0.1395 -0.0035 0.0955 0.1405 -0.0105 0.0675 0.1395 -0.0035 0.0675 0.1405 -0.0175 0.0955 0.1375 -0.024 0.0675 0.1345 -0.0175 0.0675 0.1375 -0.0305 0.0955 0.131 -0.036 0.0675 0.1265 -0.0305 0.0675 0.131 -0.041 0.0955 0.121 -0.045 0.0675 0.1155 -0.041 0.0675 0.121 -0.048 0.0955 0.109 -0.0505 0.0675 0.102 -0.048 0.0675 0.109 -0.052 0.0955 0.095 -0.0525 0.0675 0.088 -0.052 0.0675 0.095 -0.052 0.0955 0.081 -0.0505 0.0675 0.074 -0.052 0.0675 0.081 -0.048 0.0955 0.067 -0.045 0.0675 0.0605 -0.048 0.0675 0.067 -0.041 0.0955 0.055 -0.036 0.0675 0.0495 -0.041 0.0675 0.055 -0.0305 0.0955 0.045 -0.024 0.0675 0.0415 -0.0305 0.0675 0.045 -0.0175 0.0955 0.0385 -0.0105 0.0675 0.0365 -0.0175 0.0675 0.0385 -0.0035 0.0955 0.0355 0.0035 0.0675 0.0355 -0.0035 0.0675 0.0355 0.0105 0.0955 0.0365 0.0175 0.0675 0.0385 0.0105 0.0675 0.0365 0.024 0.0955 0.0415 0.0305 0.0675 0.045 0.024 0.0675 0.0415 0.036 0.0955 0.0495 0.041 0.0675 0.055 0.036 0.0675 0.0495 0.045 0.0955 0.0605 0.048 0.0675 0.067 0.045 0.0675 0.0605 0.0505 0.0955 0.074 0.052 0.0675 0.081 0.0505 0.0675 0.074 -0.05 0.0955 0.0725 -0.0525 0.0955 0.088 0.024 0.0955 0.1345 0.048 0.0675 0.109 0.0505 0.0955 0.102 0.0505 0.0675 0.102 -0.0015 0.0955 0.1365 -0.001 0.0855 0.137 -0.0015 0.0855 0.1365 -0.001 0.0955 0.137 0 0.0855 0.1375 0 0.0955 0.1375 0.001 0.0855 0.137 0.001 0.0955 0.137 0.0015 0.0855 0.1365 0.0015 0.0955 0.1365 0.002 0.0855 0.1355 0.002 0.0955 0.1355 0.0015 0.0855 0.1345 0.0015 0.0955 0.1345 0.001 0.0855 0.134 0.001 0.0955 0.134 0 0.0855 0.1335 0 0.0955 0.1335 -0.001 0.0855 0.134 -0.001 0.0955 0.134 -0.0015 0.0855 0.1345 -0.002 0.0855 0.1355 -0.0015 0.0955 0.1345 -0.002 0.0955 0.1355 0 0.0855 0.1355 -0.002 0.0855 0.1355 -0.0015 0.0855 0.1365 -0.0015 0.0855 0.1345 -0.001 0.0855 0.134 0 0.0855 0.1335 0.001 0.0855 0.134 0.0015 0.0855 0.1345 0.002 0.0855 0.1355 0.0015 0.0855 0.1365 0.001 0.0855 0.137 0 0.0855 0.1375 -0.001 0.0855 0.137 0.0455 0.0955 0.088 0.046 0.0855 0.089 0.0455 0.0855 0.088 0.046 0.0955 0.089 0.0465 0.0855 0.0895 0.0465 0.0955 0.0895 0.0475 0.0855 0.09 0.0475 0.0955 0.09 0.0485 0.0855 0.0895 0.0485 0.0955 0.0895 0.049 0.0855 0.089 0.049 0.0955 0.089 0.0495 0.0855 0.088 0.0495 0.0955 0.088 0.049 0.0855 0.087 0.049 0.0955 0.087 0.0485 0.0855 0.0865 0.0485 0.0955 0.0865 0.0475 0.0855 0.086 0.0475 0.0955 0.086 0.0465 0.0855 0.0865 0.0465 0.0955 0.0865 0.046 0.0855 0.087 0.046 0.0955 0.087 0.0475 0.0855 0.088 0.0455 0.0855 0.088 0.046 0.0855 0.089 0.0465 0.0855 0.0895 0.0475 0.0855 0.09 0.0485 0.0855 0.0895 0.049 0.0855 0.089 0.0495 0.0855 0.088 0.049 0.0855 0.087 0.0485 0.0855 0.0865 0.0475 0.0855 0.086 0.0465 0.0855 0.0865 0.046 0.0855 0.087 0.0015 0.0955 0.0415 0.002 0.0855 0.0405 0.0015 0.0855 0.0415 -0.002 0.0955 0.0405 -0.0015 0.0855 0.0415 -0.002 0.0855 0.0405 -0.0015 0.0955 0.0415 -0.001 0.0855 0.042 -0.001 0.0955 0.042 0 0.0855 0.0425 0 0.0955 0.0425 0.001 0.0855 0.042 0.001 0.0955 0.042 0.002 0.0955 0.0405 0.0015 0.0855 0.0395 0.0015 0.0955 0.0395 0.001 0.0855 0.039 0.001 0.0955 0.039 0 0.0855 0.0385 0 0.0955 0.0385 -0.001 0.0855 0.039 -0.001 0.0955 0.039 -0.0015 0.0855 0.0395 -0.0015 0.0955 0.0395 -0.001 0.0855 0.042 0 0.0855 0.0405 -0.0015 0.0855 0.0415 0 0.0855 0.0425 0.001 0.0855 0.042 0.0015 0.0855 0.0415 0.002 0.0855 0.0405 0.0015 0.0855 0.0395 0.001 0.0855 0.039 0 0.0855 0.0385 -0.001 0.0855 0.039 -0.0015 0.0855 0.0395 -0.002 0.0855 0.0405 -0.0485 0.0955 0.0865 -0.049 0.0855 0.087 -0.0485 0.0855 0.0865 -0.0475 0.0955 0.086 -0.0475 0.0855 0.086 -0.0465 0.0955 0.0865 -0.0465 0.0855 0.0865 -0.046 0.0955 0.087 -0.046 0.0855 0.087 -0.0455 0.0955 0.088 -0.0455 0.0855 0.088 -0.046 0.0955 0.089 -0.046 0.0855 0.089 -0.0465 0.0955 0.0895 -0.0465 0.0855 0.0895 -0.0475 0.0955 0.09 -0.0475 0.0855 0.09 -0.0485 0.0955 0.0895 -0.0485 0.0855 0.0895 -0.049 0.0955 0.089 -0.049 0.0855 0.089 -0.0495 0.0955 0.088 -0.0495 0.0855 0.088 -0.049 0.0955 0.087 -0.0475 0.0855 0.088 -0.046 0.0855 0.087 -0.0465 0.0855 0.0865 -0.0475 0.0855 0.086 -0.0485 0.0855 0.0865 -0.049 0.0855 0.087 -0.0455 0.0855 0.088 -0.0465 0.0855 0.0895 -0.046 0.0855 0.089 -0.0475 0.0855 0.09 -0.0485 0.0855 0.0895 -0.049 0.0855 0.089 -0.0495 0.0855 0.088 -0.0275 0.033 0.048 -0.0275 0.0235 0.059 -0.0275 0.035 0.051 -0.0275 0.037 0.053 -0.0275 0.04 0.055 -0.0275 0.043 0.057 -0.0275 0.046 0.058 -0.0275 0.049 0.0585 -0.0275 0.0325 0.048 -0.0275 0.0235 0.048 -0.0275 0.0525 0.059 0.0275 0.043 0.057 0.0275 0.0235 0.059 0.0275 0.04 0.055 0.0275 0.049 0.0585 0.0275 0.0525 0.059 0.0275 0.046 0.058 0.0275 0.0325 0.048 0.0275 0.0235 0.048 0.0275 0.033 0.048 0.0275 0.035 0.051 0.0275 0.037 0.053 0.0275 0.0235 0.059 -0.0275 0.0525 0.059 -0.0275 0.0235 0.059 0.021 0.0955 0.059 -0.0275 0.0955 0.059 0.0275 0.0525 0.059 0.0275 0.0955 0.059 0.0275 0.0235 0.059 -0.0275 0.0235 0.048 0.0275 0.0235 0.048 -0.0275 0.0235 0.059 0.0275 0.0235 0.048 0.027 0.033 0.048 0.0275 0.0325 0.048 -0.0055 0.0495 0.048 -0.0065 0.049 0.048 -0.021 0.039 0.048 -0.0225 0.0375 0.048 0.021 0.039 0.048 0.015 0.0435 0.048 -0.027 0.033 0.048 -0.0275 0.0325 0.048 -0.0275 0.0235 0.048 0.026 0.0345 0.048 0.0135 0.0445 0.048 -0.0145 0.044 0.048 0.01 0.047 0.048 0.008 0.048 0.048 0 0.0525 0.048 -0.0135 0.0445 0.048 0.0085 0.0475 0.048 -0.01 0.0465 0.048 -0.0085 0.0475 0.048 -0.0275 0.042 0.048 -0.0275 0.0415 0.048 -0.0275 0.042 0.0485 -0.0275 0.042 0.048 -0.027 0.042 0.048 -0.0275 0.041 0.048 -0.0275 0.042 0.0485 -0.027 0.042 0.048 -0.0275 0.042 0.048 0.0275 0.042 0.048 0.0275 0.0415 0.048 0.0275 0.042 0.0485 0.0275 0.042 0.048 0.0275 0.041 0.048 0.027 0.042 0.048 0.0275 0.042 0.048 0.027 0.042 0.048 0.0275 0.042 0.0485 -0.0175 0.045 0.05 -0.0175 0.042 0.052 -0.0175 0.0485 0.0515 -0.0175 0.0525 0.052 -0.0175 0.042 0.048 -0.0175 0.042 0.052 -0.0215 0.044 0.052 -0.019 0.0475 0.052 -0.0185 0.0485 0.052 -0.0175 0.051 0.052 -0.023 0.042 0.052 -0.0175 0.0485 0.0515 -0.0175 0.051 0.052 -0.0185 0.0485 0.052 -0.0175 0.045 0.05 -0.019 0.0475 0.052 -0.0215 0.044 0.052 -0.0175 0.042 0.048 -0.023 0.042 0.052 -0.0175 0.0525 0.052 -0.0175 0.042 0.048 -0.023 0.042 0.052 -0.0175 0.042 0.052 0.0175 0.042 0.052 0.023 0.042 0.052 0.0175 0.042 0.048 0.0175 0.045 0.05 0.0175 0.042 0.052 0.0175 0.042 0.048 0.0175 0.0485 0.0515 0.0175 0.0525 0.052 0.0195 0.0465 0.052 0.0175 0.045 0.05 0.023 0.042 0.052 0.018 0.05 0.052 0.0175 0.0525 0.052 0.0175 0.0485 0.0515 0.0175 0.042 0.048 0.018 0.05 0.052 0.0175 0.042 0.052 0.0175 0.0525 0.052 0.0195 0.0465 0.052 0.023 0.042 0.052 0.034 0.0085 0.0225 0.027 0.0155 0.0225 0.0305 0.0055 0.0225 0.0115 0.033 0.0225 0 0.031 0.0225 0.0105 0.029 0.0225 -0.0115 0.033 0.0225 -0.0105 0.029 0.0225 -0.0305 -0.0055 0.0225 -0.032 -0.014 0.0225 -0.027 -0.0155 0.0225 -0.0305 0.0055 0.0225 -0.035 -0.003 0.0225 -0.026 -0.0235 0.0225 0.0215 0.0275 0.0225 0.02 0.0235 0.0225 0 0.035 0.0225 0.0295 0.019 0.0225 0.0305 -0.0055 0.0225 0.032 -0.014 0.0225 0.035 -0.003 0.0225 0.026 -0.0235 0.0225 0.027 -0.0155 0.0225 0.02 -0.0235 0.0225 0.006 -0.0345 0.0225 0 -0.031 0.0225 0 -0.035 0.0225 0.0165 -0.031 0.0225 -0.02 -0.0235 0.0225 -0.0215 0.0275 0.0225 -0.02 0.0235 0.0225 -0.0295 0.019 0.0225 -0.027 0.0155 0.0225 -0.034 0.0085 0.0225 -0.0165 -0.031 0.0225 -0.0105 -0.029 0.0225 -0.006 -0.0345 0.0225 0.0105 -0.029 0.0225 0 -0.031 0.0245 0.0105 -0.029 0.0225 0.0105 -0.029 0.0245 0.02 -0.0235 0.0225 0.02 -0.0235 0.0245 0.027 -0.0155 0.0225 0.027 -0.0155 0.0245 -0.02 -0.0235 0.0245 -0.0105 -0.029 0.0225 -0.0105 -0.029 0.0245 0.0305 -0.0055 0.0225 0.0305 -0.0055 0.0245 0.0105 0.029 0.0225 0.02 0.0235 0.0245 0.02 0.0235 0.0225 0.027 0.0155 0.0245 0.027 0.0155 0.0225 0 -0.031 0.0225 0.0305 0.0055 0.0245 0.0105 0.029 0.0245 0 0.031 0.0225 0 0.031 0.0245 0.0305 0.0055 0.0225 -0.0105 0.029 0.0225 -0.0105 0.029 0.0245 -0.02 0.0235 0.0225 -0.02 0.0235 0.0245 -0.027 0.0155 0.0225 -0.027 0.0155 0.0245 -0.0305 0.0055 0.0225 -0.0305 0.0055 0.0245 -0.0305 -0.0055 0.0225 -0.0305 -0.0055 0.0245 -0.02 -0.0235 0.0225 -0.027 -0.0155 0.0245 -0.027 -0.0155 0.0225 0 -0.0265 0 0.0105 -0.0285 0 0 -0.0305 0 0.0195 0.0235 0 0.021 0.016 0 0.014 0.0225 0 -0.0105 0.0285 0 -0.014 0.0225 0 -0.0195 0.0235 0 0.0105 0.0285 0 0.005 0.026 0 0 0.0305 0 -0.005 0.026 0 -0.03 0.0055 0 -0.0265 -0.0025 0 -0.03 -0.0055 0 0 0.0265 0 0.0265 0.0155 0 0.0255 0.0075 0 0.03 0.0055 0 0.0265 -0.0025 0 0.03 -0.0055 0 -0.021 0.016 0 -0.0265 0.0155 0 -0.0105 -0.0285 0 -0.0255 0.0075 0 -0.024 -0.012 0 -0.0265 -0.0155 0 0.0195 -0.0235 0 0.0095 -0.025 0 0.018 -0.0195 0 0.024 -0.012 0 0.0265 -0.0155 0 -0.0095 -0.025 0 -0.0195 -0.0235 0 -0.018 -0.0195 0 -0.0105 0.0285 0.025 -0.014 0.0225 0.025 -0.005 0.026 0.025 0.03 0.0055 0.025 0.0265 -0.0025 0.025 0.03 -0.0055 0.025 0.018 -0.0195 0.025 0.0265 -0.0155 0.025 0.024 -0.012 0.025 0.014 0.0225 0.025 0.0105 0.0285 0.025 0.005 0.026 0.025 0 0.0305 0.025 -0.0195 0.0235 0.025 -0.021 0.016 0.025 -0.0265 0.0155 0.025 0.0255 0.0075 0.025 0 -0.0265 0.025 0.0105 -0.0285 0.025 0.0095 -0.025 0.025 -0.03 0.0055 0.025 -0.0265 -0.0025 0.025 -0.0255 0.0075 0.025 -0.018 -0.0195 0.025 -0.0265 -0.0155 0.025 -0.0195 -0.0235 0.025 -0.0095 -0.025 0.025 -0.0105 -0.0285 0.025 0.0195 0.0235 0.025 0.021 0.016 0.025 0.0265 0.0155 0.025 -0.024 -0.012 0.025 -0.03 -0.0055 0.025 0.0195 -0.0235 0.025 0 -0.0305 0.025 -0.0025 0.0245 0.0175 -0.0035 0.024 0.007 -0.0025 0.0245 0.007 -0.0035 0.024 0.0175 -0.0045 0.0235 0.007 -0.0045 0.023 0.0175 -0.0045 0.023 0.007 -0.005 0.0225 0.0175 -0.005 0.0225 0.007 -0.006 0.0225 0.0175 -0.006 0.0225 0.007 -0.0065 0.0225 0.0175 -0.0065 0.0225 0.007 -0.007 0.023 0.0175 -0.007 0.023 0.007 -0.0045 0.0235 0.0175 -0.0095 0.0225 0.007 -0.008 0.023 0.0175 -0.0095 0.0225 0.0175 -0.008 0.023 0.007 -0.01 0.021 0.0175 -0.01 0.0215 0.007 -0.01 0.0215 0.0175 -0.0105 0.0205 0.007 -0.011 0.02 0.0175 -0.011 0.02 0.007 -0.01 0.021 0.007 -0.0105 0.0205 0.0175 -0.0115 0.02 0.0175 -0.0115 0.02 0.007 -0.0125 0.0205 0.0175 -0.0125 0.0205 0.007 -0.0145 0.02 0.007 -0.0135 0.0205 0.0175 -0.0145 0.02 0.0175 -0.0135 0.0205 0.007 -0.015 0.0185 0.007 -0.015 0.018 0.0175 -0.015 0.018 0.007 -0.015 0.0175 0.0175 -0.015 0.0175 0.007 -0.0155 0.017 0.0175 -0.0155 0.017 0.007 -0.016 0.017 0.0175 -0.016 0.017 0.007 -0.017 0.017 0.0175 -0.017 0.017 0.007 -0.015 0.0185 0.0175 -0.0185 0.016 0.007 -0.018 0.0165 0.0175 -0.0185 0.016 0.0175 -0.018 0.0165 0.007 -0.019 0.013 0.007 -0.0195 0.0125 0.0175 -0.0195 0.0125 0.007 -0.019 0.0135 0.0175 -0.0185 0.014 0.007 -0.0185 0.014 0.0175 -0.019 0.0145 0.007 -0.019 0.0135 0.007 -0.019 0.0145 0.0175 -0.019 0.013 0.0175 -0.0205 0.0125 0.0175 -0.0205 0.0125 0.007 -0.0215 0.012 0.0175 -0.022 0.011 0.007 -0.0215 0.012 0.007 -0.022 0.011 0.0175 -0.0215 0.008 0.007 -0.022 0.0075 0.0175 -0.022 0.0075 0.007 -0.0215 0.0085 0.007 -0.0215 0.008 0.0175 -0.023 0.007 0.0175 -0.023 0.007 0.007 -0.0215 0.0085 0.0175 -0.0215 0.009 0.007 -0.0215 0.009 0.0175 -0.022 0.0095 0.007 -0.022 0.0095 0.0175 -0.0235 0.0065 0.0175 -0.024 0.0055 0.007 -0.0235 0.0065 0.007 -0.024 0.0055 0.0175 -0.023 0.0025 0.007 -0.0235 0.002 0.0175 -0.0235 0.002 0.007 -0.024 0.0015 0.0175 -0.024 0.0015 0.007 -0.023 0.0035 0.007 -0.023 0.003 0.0175 -0.023 0.003 0.007 -0.023 0.0025 0.0175 -0.023 0.0035 0.0175 -0.0235 0.004 0.007 -0.0235 0.004 0.0175 -0.0245 0.0005 0.0175 -0.0245 -0.0005 0.007 -0.0245 0.0005 0.007 -0.0245 -0.0005 0.0175 -0.023 -0.0025 0.007 -0.023 -0.003 0.0175 -0.023 -0.003 0.007 -0.023 -0.0035 0.0175 -0.023 -0.0035 0.007 -0.0235 -0.004 0.0175 -0.0235 -0.004 0.007 -0.0235 -0.002 0.007 -0.023 -0.0025 0.0175 -0.0235 -0.002 0.0175 -0.024 -0.0015 0.007 -0.024 -0.0015 0.0175 -0.024 -0.0055 0.0175 -0.0235 -0.0065 0.007 -0.024 -0.0055 0.007 -0.0235 -0.0065 0.0175 -0.0215 -0.008 0.0175 -0.022 -0.0075 0.007 -0.022 -0.0075 0.0175 -0.0215 -0.0085 0.0175 -0.0215 -0.008 0.007 -0.0215 -0.009 0.0175 -0.0215 -0.0085 0.007 -0.022 -0.0095 0.0175 -0.0215 -0.009 0.007 -0.023 -0.007 0.007 -0.023 -0.007 0.0175 -0.022 -0.0095 0.007 -0.022 -0.011 0.0175 -0.0215 -0.012 0.007 -0.022 -0.011 0.007 -0.0215 -0.012 0.0175 -0.0195 -0.0125 0.0175 -0.0205 -0.0125 0.007 -0.0205 -0.0125 0.0175 -0.019 -0.013 0.0175 -0.0195 -0.0125 0.007 -0.019 -0.0135 0.0175 -0.019 -0.013 0.007 -0.0185 -0.014 0.0175 -0.019 -0.0135 0.007 -0.019 -0.0145 0.0175 -0.0185 -0.014 0.007 -0.019 -0.0145 0.007 -0.018 -0.0165 0.007 -0.0185 -0.016 0.0175 -0.018 -0.0165 0.0175 -0.0185 -0.016 0.007 -0.017 -0.017 0.007 -0.016 -0.017 0.0175 -0.016 -0.017 0.007 -0.0155 -0.017 0.0175 -0.0155 -0.017 0.007 -0.015 -0.0175 0.0175 -0.015 -0.0175 0.007 -0.015 -0.018 0.0175 -0.015 -0.018 0.007 -0.015 -0.0185 0.0175 -0.015 -0.0185 0.007 -0.017 -0.017 0.0175 -0.0135 -0.0205 0.007 -0.0145 -0.02 0.0175 -0.0135 -0.0205 0.0175 -0.0145 -0.02 0.007 -0.011 -0.02 0.007 -0.0105 -0.0205 0.0175 -0.0105 -0.0205 0.007 -0.01 -0.021 0.0175 -0.01 -0.021 0.007 -0.01 -0.0215 0.0175 -0.01 -0.0215 0.007 -0.0115 -0.02 0.007 -0.011 -0.02 0.0175 -0.0115 -0.02 0.0175 -0.0125 -0.0205 0.007 -0.0125 -0.0205 0.0175 -0.008 -0.023 0.007 -0.0095 -0.0225 0.0175 -0.008 -0.023 0.0175 -0.0095 -0.0225 0.007 -0.007 -0.023 0.007 -0.0065 -0.0225 0.0175 -0.0065 -0.0225 0.007 -0.006 -0.0225 0.0175 -0.006 -0.0225 0.007 -0.005 -0.0225 0.0175 -0.005 -0.0225 0.007 -0.0045 -0.023 0.0175 -0.0045 -0.023 0.007 -0.0045 -0.0235 0.0175 -0.0045 -0.0235 0.007 -0.007 -0.023 0.0175 -0.0025 -0.0245 0.007 -0.0035 -0.024 0.0175 -0.0025 -0.0245 0.0175 -0.0035 -0.024 0.007 -0.001 -0.0235 0.007 -0.0005 -0.023 0.0175 -0.0005 -0.023 0.007 0.0005 -0.023 0.0175 0.0005 -0.023 0.007 -0.001 -0.0235 0.0175 -0.0015 -0.024 0.007 -0.0015 -0.024 0.0175 0.001 -0.0235 0.0175 0.0015 -0.024 0.0175 0.001 -0.0235 0.007 0.0015 -0.024 0.007 0.0025 -0.0245 0.0175 0.0035 -0.024 0.007 0.0025 -0.0245 0.007 0.0035 -0.024 0.0175 0.006 -0.0225 0.0175 0.005 -0.0225 0.007 0.005 -0.0225 0.0175 0.0045 -0.023 0.0175 0.0045 -0.0235 0.007 0.0045 -0.0235 0.0175 0.0065 -0.0225 0.0175 0.006 -0.0225 0.007 0.0045 -0.023 0.007 0.0065 -0.0225 0.007 0.007 -0.023 0.0175 0.007 -0.023 0.007 0.0095 -0.0225 0.007 0.008 -0.023 0.0175 0.0095 -0.0225 0.0175 0.008 -0.023 0.007 0.0115 -0.02 0.0175 0.011 -0.02 0.007 0.011 -0.02 0.0175 0.0125 -0.0205 0.0175 0.0115 -0.02 0.007 0.01 -0.021 0.0175 0.01 -0.0215 0.007 0.01 -0.0215 0.0175 0.0125 -0.0205 0.007 0.0105 -0.0205 0.007 0.01 -0.021 0.007 0.0105 -0.0205 0.0175 0.0145 -0.02 0.007 0.0135 -0.0205 0.0175 0.0145 -0.02 0.0175 0.0135 -0.0205 0.007 0.0155 -0.017 0.0175 0.015 -0.0175 0.007 0.015 -0.0175 0.0175 0.016 -0.017 0.007 0.017 -0.017 0.0175 0.017 -0.017 0.007 0.015 -0.018 0.007 0.015 -0.018 0.0175 0.015 -0.0185 0.007 0.015 -0.0185 0.0175 0.0155 -0.017 0.007 0.016 -0.017 0.0175 0.0185 -0.016 0.007 0.018 -0.0165 0.0175 0.0185 -0.016 0.0175 0.018 -0.0165 0.007 0.019 -0.0135 0.007 0.019 -0.013 0.0175 0.019 -0.013 0.007 0.0195 -0.0125 0.0175 0.0195 -0.0125 0.007 0.019 -0.0145 0.007 0.0185 -0.014 0.0175 0.0185 -0.014 0.007 0.0205 -0.0125 0.0175 0.0205 -0.0125 0.007 0.019 -0.0145 0.0175 0.019 -0.0135 0.0175 0.0215 -0.012 0.0175 0.022 -0.011 0.007 0.0215 -0.012 0.007 0.022 -0.011 0.0175 0.0215 -0.009 0.007 0.0215 -0.0085 0.0175 0.0215 -0.0085 0.007 0.022 -0.0095 0.007 0.0215 -0.009 0.0175 0.0215 -0.008 0.0175 0.0215 -0.008 0.007 0.022 -0.0095 0.0175 0.022 -0.0075 0.0175 0.023 -0.007 0.0175 0.022 -0.0075 0.007 0.023 -0.007 0.007 0.0235 -0.0065 0.0175 0.024 -0.0055 0.007 0.0235 -0.0065 0.007 0.024 -0.0055 0.0175 0.024 -0.0015 0.0175 0.0235 -0.002 0.007 0.0235 -0.002 0.0175 0.024 -0.0015 0.007 0.023 -0.003 0.0175 0.023 -0.0035 0.007 0.023 -0.0035 0.0175 0.0235 -0.004 0.007 0.023 -0.0025 0.0175 0.023 -0.003 0.007 0.0235 -0.004 0.0175 0.023 -0.0025 0.007 0.0245 -0.0005 0.0175 0.0245 0.0005 0.007 0.0245 -0.0005 0.007 0.0245 0.0005 0.0175 0.023 0.0025 0.007 0.023 0.003 0.0175 0.023 0.003 0.007 0.023 0.0025 0.0175 0.0235 0.002 0.007 0.0235 0.002 0.0175 0.023 0.0035 0.0175 0.023 0.0035 0.007 0.0235 0.004 0.0175 0.0235 0.004 0.007 0.024 0.0015 0.007 0.024 0.0015 0.0175 0.024 0.0055 0.0175 0.0235 0.0065 0.007 0.024 0.0055 0.007 0.0235 0.0065 0.0175 0.0215 0.008 0.007 0.0215 0.0085 0.0175 0.0215 0.0085 0.007 0.0215 0.009 0.0175 0.0215 0.009 0.007 0.022 0.0075 0.007 0.0215 0.008 0.0175 0.023 0.007 0.007 0.022 0.0075 0.0175 0.023 0.007 0.0175 0.022 0.0095 0.0175 0.022 0.0095 0.007 0.0215 0.012 0.007 0.022 0.011 0.0175 0.0215 0.012 0.0175 0.022 0.011 0.007 0.019 0.0135 0.007 0.0185 0.014 0.0175 0.0185 0.014 0.007 0.019 0.0145 0.0175 0.019 0.0145 0.007 0.0195 0.0125 0.007 0.019 0.013 0.0175 0.019 0.013 0.007 0.019 0.0135 0.0175 0.0205 0.0125 0.007 0.0195 0.0125 0.0175 0.0205 0.0125 0.0175 0.0185 0.016 0.0175 0.018 0.0165 0.007 0.0185 0.016 0.007 0.018 0.0165 0.0175 0.015 0.0175 0.007 0.015 0.018 0.0175 0.015 0.018 0.007 0.015 0.0175 0.0175 0.015 0.0185 0.0175 0.015 0.0185 0.007 0.0155 0.017 0.007 0.0155 0.017 0.0175 0.016 0.017 0.007 0.017 0.017 0.007 0.016 0.017 0.0175 0.017 0.017 0.0175 0.0135 0.0205 0.007 0.0145 0.02 0.0175 0.0135 0.0205 0.0175 0.0145 0.02 0.007 0.011 0.02 0.0175 0.0115 0.02 0.007 0.0115 0.02 0.0175 0.0125 0.0205 0.007 0.0125 0.0205 0.0175 0.01 0.021 0.0175 0.0105 0.0205 0.007 0.0105 0.0205 0.0175 0.011 0.02 0.007 0.01 0.0215 0.0175 0.01 0.021 0.007 0.01 0.0215 0.007 0.008 0.023 0.007 0.0095 0.0225 0.0175 0.008 0.023 0.0175 0.0095 0.0225 0.007 0.005 0.0225 0.007 0.0045 0.023 0.0175 0.0045 0.023 0.007 0.0045 0.0235 0.0175 0.0045 0.0235 0.007 0.006 0.0225 0.007 0.005 0.0225 0.0175 0.007 0.023 0.007 0.0065 0.0225 0.0175 0.0065 0.0225 0.007 0.006 0.0225 0.0175 0.007 0.023 0.0175 0.0025 0.0245 0.007 0.0035 0.024 0.0175 0.0025 0.0245 0.0175 0.0035 0.024 0.007 0.001 0.0235 0.0175 0.0015 0.024 0.007 0.0015 0.024 0.0175 -0.0005 0.023 0.0175 0.0005 0.023 0.007 0.0005 0.023 0.0175 0.001 0.0235 0.007 -0.001 0.0235 0.0175 -0.0005 0.023 0.007 -0.0015 0.024 0.0175 -0.001 0.0235 0.007 -0.0015 0.024 0.007 0.022 -0.008 0.018 0.022 -0.0095 0.018 0.0225 -0.0075 0.018 0.019 -0.0135 0.018 0.019 -0.0145 0.018 0.0195 -0.013 0.018 0.0215 -0.0085 0.018 0.0195 0.013 0.018 0.0205 0.0125 0.018 0.019 0.0135 0.018 0.019 0.014 0.018 0.019 0.0145 0.018 -0.0235 0.0035 0.018 -0.024 0.002 0.018 -0.023 0.003 0.018 -0.0235 0.002 0.018 -0.023 -0.0025 0.018 -0.024 -0.002 0.018 -0.023 -0.003 0.018 -0.0235 -0.0035 0.018 -0.0235 -0.004 0.018 -0.017 0.0175 0.018 -0.015 0.019 0.018 -0.0175 0.017 0.018 0 -0.026 0.018 -0.0075 -0.0235 0.018 -0.0095 -0.0245 0.018 -0.001 -0.024 0.018 -0.0015 -0.0245 0.018 0.0075 -0.0235 0.018 0.007 -0.0235 0.018 -0.007 0.0235 0.018 -0.005 0.0255 0.018 -0.0075 0.0235 0.018 -0.008 0.0235 0.018 -0.015 0.0185 0.018 -0.002 -0.0245 0.018 -0.007 0.023 0.018 -0.0045 0.024 0.018 -0.015 0.0195 0.018 0.0015 -0.0245 0.018 0.002 -0.0245 0.018 -0.0125 0.021 0.018 -0.01 0.0225 0.018 -0.0095 0.023 0.018 0.0025 -0.0245 0.018 -0.0135 0.022 0.018 -0.018 0.017 0.018 0.0035 -0.0245 0.018 -0.0195 -0.013 0.018 -0.0205 -0.0125 0.018 -0.019 -0.0135 0.018 -0.019 -0.014 0.018 -0.019 -0.0145 0.018 0.011 -0.0205 0.018 0.01 -0.0215 0.018 0.0115 -0.0205 0.018 0.015 -0.018 0.018 0.0175 -0.0195 0.018 0.015 -0.0175 0.018 0.02 -0.0125 0.018 0.023 -0.0075 0.018 0.0225 0.0075 0.018 0.022 0.0095 0.018 0.022 0.008 0.018 0.0215 0.009 0.018 0.019 0.015 0.018 0.021 0.0155 0.018 -0.024 0.005 0.018 -0.025 0.007 0.018 -0.026 -0.0025 0.018 -0.023 0.0025 0.018 -0.0245 0.001 0.018 -0.0245 0.0005 0.018 -0.024 -0.0065 0.018 -0.0235 -0.0115 0.018 -0.022 -0.008 0.018 -0.023 -0.0075 0.018 -0.0215 -0.0085 0.018 -0.0215 -0.009 0.018 -0.022 -0.0095 0.018 0.0105 -0.0205 0.018 0.0155 -0.017 0.018 0.016 -0.017 0.018 0.0165 -0.017 0.018 0.0205 -0.0125 0.018 0.0235 -0.0075 0.018 0.0215 0.0085 0.018 0.022 0.011 0.018 0.0215 0.012 0.018 0.019 0.016 0.018 0.018 0.017 0.018 0.0175 0.017 0.018 0.015 0.0195 0.018 0.0125 0.021 0.018 0.0135 0.022 0.018 0.0095 0.023 0.018 0.005 0.0255 0.018 0.008 0.0235 0.018 0.0065 0.0225 0.018 0.0045 0.0235 0.018 0.006 0.0225 0.018 0.0055 0.0225 0.018 0.0005 0.0235 0.018 0.001 0.024 0.018 -0.0005 0.0235 0.018 -0.0215 0.0085 0.018 -0.0225 0.0075 0.018 -0.024 0.0055 0.018 -0.0235 0.004 0.018 -0.0245 0.0015 0.018 -0.0245 -0.0005 0.018 -0.0235 -0.002 0.018 -0.024 -0.0055 0.018 -0.022 -0.011 0.018 -0.0215 -0.012 0.018 -0.0215 -0.0125 0.018 -0.019 -0.0155 0.018 -0.019 -0.015 0.018 0.008 -0.0235 0.018 0.0095 -0.0245 0.018 0.0095 -0.023 0.018 0.012 -0.0205 0.018 0.021 -0.0125 0.018 0.0215 -0.0125 0.018 0.0235 -0.0115 0.018 0.0215 -0.012 0.018 0.0225 -0.01 0.018 0.0215 -0.009 0.018 0.023 0.0075 0.018 0.0225 0.01 0.018 0.025 0.007 0.018 0.02 0.0125 0.018 0.0155 0.017 0.018 0.0165 0.017 0.018 0.015 0.0175 0.018 0.015 0.018 0.018 0.015 0.0185 0.018 0.0045 0.024 0.018 0.007 0.023 0.018 -0.001 0.0235 0.018 -0.0195 0.013 0.018 -0.019 0.0145 0.018 -0.02 0.0125 0.018 -0.0215 0.009 0.018 -0.024 0.0065 0.018 -0.0245 -0.001 0.018 -0.024 -0.0045 0.018 -0.0235 -0.007 0.018 -0.0225 -0.01 0.018 -0.02 -0.0125 0.018 -0.019 -0.016 0.018 -0.0175 -0.0195 0.018 -0.015 -0.0175 0.018 -0.015 -0.018 0.018 0.01 -0.0225 0.018 0.0125 -0.021 0.018 0.01 -0.022 0.018 0.0135 -0.0205 0.018 0.0145 -0.02 0.018 0.017 -0.0175 0.018 0.022 -0.011 0.018 0.0235 0.0075 0.018 0.0215 0.0125 0.018 0.021 0.0125 0.018 0.017 0.0175 0.018 0.0145 0.02 0.018 0.0075 0.0235 0.018 0.002 0.0245 0.018 -0.001 0.024 0.018 -0.002 0.0245 0.018 -0.0025 0.0245 0.018 -0.021 0.0155 0.018 -0.019 0.0135 0.018 -0.022 0.0095 0.018 -0.023 0.0075 0.018 -0.0235 0.0075 0.018 -0.0235 0.007 0.018 -0.024 0.0045 0.018 -0.0245 -0.0015 0.018 -0.024 -0.005 0.018 -0.0235 -0.0075 0.018 -0.0225 -0.0075 0.018 -0.0225 -0.0105 0.018 -0.021 -0.0125 0.018 -0.018 -0.017 0.018 -0.015 -0.0185 0.018 0.01 -0.021 0.018 0.015 -0.0195 0.018 0.015 -0.0185 0.018 0.019 -0.016 0.018 0.019 -0.0155 0.018 0.019 -0.015 0.018 0.0225 -0.0105 0.018 0.0235 -0.007 0.018 0.024 -0.0065 0.018 0.026 -0.0025 0.018 0.024 -0.0055 0.018 0.023 0.0025 0.018 0.0235 0.004 0.018 0.023 0.003 0.018 0.019 0.0155 0.018 0.015 0.019 0.018 0.0135 0.0205 0.018 0.007 0.0235 0.018 0.0025 0.0245 0.018 -0.0015 0.0245 0.018 -0.0035 0.0245 0.018 0.0105 0.0205 0.018 -0.019 0.016 0.018 -0.0205 0.0125 0.018 -0.022 0.011 0.018 -0.0135 0.0205 0.018 -0.013 0.021 0.018 -0.01 0.0215 0.018 -0.01 0.022 0.018 0.024 0.0045 0.018 0.0245 0.0015 0.018 0.0245 0.001 0.018 0.007 -0.023 0.018 0.0045 -0.0235 0.018 0.0045 -0.024 0.018 0.001 -0.024 0.018 -0.0045 -0.0235 0.018 -0.007 -0.023 0.018 -0.007 -0.0235 0.018 -0.0145 -0.02 0.018 -0.015 -0.0195 0.018 -0.015 0.0175 0.018 -0.0145 0.02 0.018 -0.011 0.0205 0.018 -0.01 0.021 0.018 -0.005 0.023 0.018 -0.0045 0.0235 0.018 0.0235 0.007 0.018 0.024 -0.002 0.018 0.0235 -0.004 0.018 0.024 -0.0045 0.018 0.004 -0.0245 0.018 -0.001 -0.0235 0.018 -0.004 -0.0245 0.018 -0.0095 -0.023 0.018 -0.01 -0.0225 0.018 -0.017 -0.0175 0.018 -0.0175 -0.017 0.018 -0.0165 0.017 0.018 -0.012 0.0205 0.018 -0.0055 0.0225 0.018 0.01 0.022 0.018 0.012 0.0205 0.018 0.024 0.005 0.018 0.0245 -0.001 0.018 0.0245 -0.0015 0.018 0.005 -0.023 0.018 -0.0005 -0.0235 0.018 -0.0025 -0.0245 0.018 -0.0045 -0.024 0.018 -0.008 -0.0235 0.018 -0.01 -0.022 0.018 -0.0165 -0.017 0.018 -0.0215 0.012 0.018 -0.0215 0.0125 0.018 -0.016 0.017 0.018 -0.0115 0.0205 0.018 -0.006 0.0225 0.018 0.01 0.0225 0.018 0.0015 0.0245 0.018 0.024 0.002 0.018 0.0245 -0.0005 0.018 0.0065 -0.0225 0.018 0.0055 -0.0225 0.018 0.001 -0.0235 0.018 0.0005 -0.0235 0.018 -0.0035 -0.0245 0.018 -0.01 -0.0215 0.018 -0.012 -0.0205 0.018 -0.0125 -0.021 0.018 -0.015 -0.019 0.018 -0.0225 0.01 0.018 -0.021 0.0125 0.018 -0.0155 0.017 0.018 -0.0105 0.0205 0.018 -0.0065 0.0225 0.018 0.024 0.0065 0.018 0.024 0.0055 0.018 0.0245 0.0005 0.018 0.0235 -0.0035 0.018 0.024 -0.005 0.018 0.0175 -0.017 0.018 -0.0065 -0.0225 0.018 -0.013 -0.021 0.018 -0.0225 0.0105 0.018 -0.019 0.015 0.018 0.01 0.0215 0.018 0.004 0.0245 0.018 0.0235 0.002 0.018 0.023 -0.003 0.018 0.018 -0.017 0.018 0.013 -0.021 0.018 -0.006 -0.0225 0.018 -0.0105 -0.0205 0.018 -0.0135 -0.0205 0.018 -0.016 -0.017 0.018 -0.019 0.0155 0.018 0.01 0.021 0.018 -0.004 0.0245 0.018 0.0035 0.0245 0.018 0.013 0.021 0.018 0.0225 0.0105 0.018 0.023 -0.0025 0.018 0.0235 -0.002 0.018 0.015 -0.019 0.018 -0.005 -0.023 0.018 -0.0055 -0.0225 0.018 -0.01 -0.021 0.018 -0.0155 -0.017 0.018 0.001 0.0235 0.018 0.0235 0.0035 0.018 -0.0095 -0.0245 0.0245 0 -0.026 0.018 -0.0095 -0.0245 0.018 -0.0175 -0.0195 0.0245 -0.0175 -0.0195 0.018 -0.0235 -0.0115 0.0245 -0.0235 -0.0115 0.018 -0.026 -0.0025 0.0245 -0.026 -0.0025 0.018 -0.025 0.007 0.0245 -0.025 0.007 0.018 -0.021 0.0155 0.0245 -0.021 0.0155 0.018 -0.0135 0.022 0.0245 -0.0135 0.022 0.018 -0.005 0.0255 0.0245 -0.005 0.0255 0.018 0.005 0.0255 0.0245 0.005 0.0255 0.018 0.0135 0.022 0.0245 0.0135 0.022 0.018 0.021 0.0155 0.0245 0.021 0.0155 0.018 0.025 0.007 0.0245 0.025 0.007 0.018 0.026 -0.0025 0.0245 0.026 -0.0025 0.018 0.0235 -0.0115 0.0245 0.0235 -0.0115 0.018 0.0175 -0.0195 0.0245 0.0175 -0.0195 0.018 0.0095 -0.0245 0.0245 0.0095 -0.0245 0.018 0 -0.026 0.0245 0.01 -0.0215 0.007 0.011 -0.0205 0.007 0.0115 -0.0205 0.007 0.0175 -0.0195 0.007 0.0135 -0.0205 0.007 0.0145 -0.02 0.007 0.015 -0.0185 0.007 0.015 -0.019 0.007 0.019 -0.0135 0.007 0.02 -0.0125 0.007 0.019 -0.014 0.007 -0.024 0.005 0.007 -0.025 0.007 0.007 -0.024 0.0055 0.007 -0.0235 0.004 0.007 -0.0235 0.002 0.007 -0.024 0.002 0.007 -0.0235 -0.002 0.007 -0.0235 -0.0035 0.007 -0.024 -0.002 0.007 -0.0205 -0.0125 0.007 -0.019 -0.0135 0.007 -0.019 -0.014 0.007 -0.0115 -0.0205 0.007 -0.01 -0.0215 0.007 -0.012 -0.0205 0.007 -0.0105 -0.0205 0.007 -0.011 -0.0205 0.007 0.007 0.023 0.007 0.0045 0.0235 0.007 0.007 0.0235 0.007 0.0045 0.024 0.007 0.0035 0.0245 0.007 0.005 0.0255 0.007 0.004 0.0245 0.007 0.001 0.024 0.007 -0.001 0.0235 0.007 -0.001 0.024 0.007 -0.002 0.0245 0.007 0.0015 0.0245 0.007 -0.0015 0.0245 0.007 -0.0045 0.024 0.007 -0.005 0.0255 0.007 -0.004 0.0245 0.007 -0.0095 0.023 0.007 -0.0135 0.022 0.007 -0.01 0.0215 0.007 -0.012 0.0205 0.007 -0.0125 0.021 0.007 -0.021 0.0155 0.007 -0.019 0.0155 0.007 -0.019 0.015 0.007 -0.007 -0.0235 0.007 -0.0045 -0.0235 0.007 -0.0045 -0.024 0.007 0.026 -0.0025 0.007 0.024 -0.002 0.007 0.0245 -0.0015 0.007 0.0245 0.001 0.007 0.024 0.0045 0.007 0.024 0.005 0.007 0.0135 0.022 0.007 0.0175 0.017 0.007 0.017 0.0175 0.007 0.0125 0.021 0.007 0.01 0.0215 0.007 0.01 0.022 0.007 0.0065 0.0225 0.007 -0.0025 0.0245 0.007 -0.007 0.0235 0.007 -0.0045 0.0235 0.007 -0.008 0.0235 0.007 -0.0075 0.0235 0.007 -0.01 0.022 0.007 -0.01 0.0225 0.007 -0.013 0.021 0.007 -0.015 0.019 0.007 -0.017 0.0175 0.007 -0.0175 0.017 0.007 -0.022 0.0095 0.007 -0.023 0.0075 0.007 -0.0235 0.0075 0.007 -0.0175 -0.0195 0.007 -0.015 -0.019 0.007 -0.015 -0.0195 0.007 0 -0.026 0.007 0.001 -0.024 0.007 0.0015 -0.0245 0.007 0.024 -0.0055 0.007 0.024 -0.005 0.007 0.0245 -0.001 0.007 0.024 0.002 0.007 0.0235 0.004 0.007 0.025 0.007 0.007 0.024 0.0065 0.007 0.0235 0.007 0.007 0.0235 0.0075 0.007 0.022 0.0095 0.007 0.0225 0.01 0.007 0.018 0.017 0.007 0.015 0.019 0.007 0.015 0.0195 0.007 0.012 0.0205 0.007 0.01 0.021 0.007 0.0055 0.0225 0.007 -0.0035 0.0245 0.007 -0.007 0.023 0.007 -0.006 0.0225 0.007 -0.0065 0.0225 0.007 -0.0135 0.0205 0.007 -0.0145 0.02 0.007 -0.0165 0.017 0.007 -0.019 0.016 0.007 -0.0205 0.0125 0.007 -0.021 0.0125 0.007 -0.023 -0.0075 0.007 -0.022 -0.0095 0.007 -0.0225 -0.01 0.007 -0.0175 -0.017 0.007 -0.017 -0.0175 0.007 -0.0095 -0.0245 0.007 -0.008 -0.0235 0.007 -0.0075 -0.0235 0.007 -0.0025 -0.0245 0.007 -0.002 -0.0245 0.007 0.017 -0.0175 0.007 0.0175 -0.017 0.007 0.0225 -0.01 0.007 0.023 -0.0075 0.007 0.0235 -0.0075 0.007 0.024 -0.0045 0.007 0.0245 -0.0005 0.007 0.0245 0.0015 0.007 0.024 0.0055 0.007 0.022 0.008 0.007 0.0215 0.009 0.007 0.0225 0.0105 0.007 0.021 0.0125 0.007 0.019 0.015 0.007 0.021 0.0155 0.007 0.015 0.0185 0.007 0.008 0.0235 0.007 0.0075 0.0235 0.007 0.005 0.023 0.007 0.001 0.0235 0.007 -0.005 0.023 0.007 -0.0055 0.0225 0.007 -0.0115 0.0205 0.007 -0.015 0.0195 0.007 -0.015 0.0185 0.007 -0.016 0.017 0.007 -0.018 0.017 0.007 -0.019 0.014 0.007 -0.02 0.0125 0.007 -0.0225 0.0105 0.007 -0.0225 0.01 0.007 -0.0235 -0.004 0.007 -0.024 -0.0045 0.007 -0.0225 -0.0105 0.007 -0.026 -0.0025 0.007 -0.018 -0.017 0.007 -0.015 -0.0185 0.007 -0.013 -0.021 0.007 -0.01 -0.0225 0.007 -0.004 -0.0245 0.007 -0.0015 -0.0245 0.007 0.0075 -0.0235 0.007 0.0095 -0.0245 0.007 0.0235 -0.0115 0.007 0.019 -0.0155 0.007 0.019 -0.015 0.007 0.022 -0.008 0.007 0.0225 -0.0075 0.007 0.0235 -0.007 0.007 0.0235 -0.004 0.007 0.0245 0.0005 0.007 0.023 0.0075 0.007 0.0215 0.012 0.007 0.0215 0.0125 0.007 0.0205 0.0125 0.007 0.019 0.014 0.007 0.019 0.0145 0.007 0.019 0.0155 0.007 0.0165 0.017 0.007 0.015 0.018 0.007 0.0135 0.0205 0.007 0.013 0.021 0.007 0.0105 0.0205 0.007 -0.011 0.0205 0.007 -0.01 0.021 0.007 -0.0105 0.0205 0.007 -0.019 0.0145 0.007 -0.0215 0.0125 0.007 -0.0245 0.0015 0.007 -0.0245 0.001 0.007 -0.0235 -0.007 0.007 -0.0235 -0.0075 0.007 -0.0235 -0.0115 0.007 -0.0215 -0.0125 0.007 -0.015 -0.018 0.007 -0.0135 -0.0205 0.007 -0.0095 -0.023 0.007 -0.0055 -0.0225 0.007 -0.0035 -0.0245 0.007 0.001 -0.0235 0.007 0.002 -0.0245 0.007 0.0095 -0.023 0.007 0.01 -0.0225 0.007 0.019 -0.016 0.007 0.019 -0.0145 0.007 0.0205 -0.0125 0.007 0.021 -0.0125 0.007 0.022 -0.0095 0.007 0.024 -0.0065 0.007 0.0235 -0.0035 0.007 0.0235 -0.002 0.007 0.0235 0.0035 0.007 0.0225 0.0075 0.007 0.022 0.011 0.007 0.019 0.016 0.007 0.0145 0.02 0.007 0.0095 0.023 0.007 -0.015 0.0175 0.007 -0.0155 0.017 0.007 -0.022 0.011 0.007 -0.0225 0.0075 0.007 -0.0235 0.007 0.007 -0.0245 -0.0005 0.007 -0.0245 -0.001 0.007 -0.024 -0.0065 0.007 -0.022 -0.011 0.007 -0.0215 -0.012 0.007 -0.021 -0.0125 0.007 -0.019 -0.015 0.007 -0.019 -0.0155 0.007 -0.0165 -0.017 0.007 -0.0145 -0.02 0.007 -0.01 -0.022 0.007 -0.007 -0.023 0.007 -0.001 -0.024 0.007 0.0045 -0.024 0.007 0.007 -0.023 0.007 0.007 -0.0235 0.007 0.008 -0.0235 0.007 0.012 -0.0205 0.007 0.0125 -0.021 0.007 0.018 -0.017 0.007 0.0215 -0.0125 0.007 0.0215 -0.009 0.007 0.023 0.0025 0.007 0.023 0.003 0.007 0.004 -0.0245 0.007 0.0035 -0.0245 0.007 0.0055 -0.0225 0.007 0.005 -0.023 0.007 0.01 -0.021 0.007 0.0105 -0.0205 0.007 0.016 -0.017 0.007 0.0165 -0.017 0.007 -0.023 0.003 0.007 -0.023 0.0025 0.007 -0.023 -0.003 0.007 -0.023 -0.0025 0.007 -0.0195 -0.013 0.007 -0.02 -0.0125 0.007 0.006 -0.0225 0.007 0.0155 -0.017 0.007 0.01 0.0225 0.007 0.0225 -0.0105 0.007 0.002 0.0245 0.007 0.0025 0.0245 0.007 -0.0235 0.0035 0.007 0.015 -0.018 0.007 0.015 -0.0175 0.007 0.0045 -0.0235 0.007 0.0215 0.0085 0.007 0.019 0.0135 0.007 0.02 0.0125 0.007 0.0155 0.017 0.007 0.015 0.0175 0.007 -0.0195 0.013 0.007 -0.0215 0.012 0.007 -0.022 0.008 0.007 -0.0245 0.0005 0.007 -0.0245 -0.0015 0.007 -0.024 -0.005 0.007 -0.0215 -0.009 0.007 -0.019 -0.016 0.007 -0.0155 -0.017 0.007 -0.015 -0.0175 0.007 -0.0125 -0.021 0.007 -0.0065 -0.0225 0.007 -0.006 -0.0225 0.007 -0.001 -0.0235 0.007 -0.0005 -0.0235 0.007 0.01 -0.022 0.007 0.015 -0.0195 0.007 0.022 -0.011 0.007 0.0215 -0.0085 0.007 0.023 -0.0025 0.007 0.023 -0.003 0.007 0.0235 0.002 0.007 -0.019 0.0135 0.007 -0.0215 0.0085 0.007 -0.0215 0.009 0.007 -0.024 -0.0055 0.007 -0.0215 -0.0085 0.007 -0.0225 -0.0075 0.007 -0.019 -0.0145 0.007 -0.016 -0.017 0.007 0.0005 -0.0235 0.007 0.0065 -0.0225 0.007 0.013 -0.021 0.007 0.0215 -0.012 0.007 -0.024 0.0065 0.007 -0.024 0.0045 0.007 -0.01 -0.021 0.007 0.0025 -0.0245 0.007 0.005 0.0255 0.0005 0.0135 0.022 0.007 0.005 0.0255 0.007 0 0.026 0.0005 -0.005 0.0255 0.007 -0.005 0.0255 0.0005 0 -0.026 0.0005 -0.0095 -0.0245 0.007 0 -0.026 0.007 -0.0095 -0.0245 0.0005 -0.0175 -0.0195 0.007 -0.0175 -0.0195 0.0005 -0.0235 -0.0115 0.007 -0.0235 -0.0115 0.0005 -0.026 -0.0025 0.007 -0.026 -0.0025 0.0005 -0.025 0.007 0.007 -0.025 0.007 0.0005 -0.021 0.0155 0.007 -0.021 0.0155 0.0005 -0.0135 0.022 0.007 -0.0135 0.022 0.0005 0.0135 0.022 0.0005 0.021 0.0155 0.007 0.021 0.0155 0.0005 0.025 0.007 0.007 0.025 0.007 0.0005 0.026 -0.0025 0.007 0.026 -0.0025 0.0005 0.0235 -0.0115 0.007 0.0235 -0.0115 0.0005 0.0175 -0.0195 0.007 0.0175 -0.0195 0.0005 0.0095 -0.0245 0.007 0.0095 -0.0245 0.0005 -0.017 -0.017 0.007 -0.017 -0.017 0.0175 -0.0175 -0.017 0.0175 -0.0175 -0.017 0.007 -0.018 -0.0165 0.0175 -0.018 -0.0165 0.007 0.022 -0.0105 0.0175 0.022 -0.01 0.007 0.022 -0.0105 0.007 0.022 -0.01 0.0175 0.022 -0.0095 0.007 0.022 -0.0095 0.0175 0.022 -0.011 0.0175 0.022 -0.011 0.007 0.004 -0.024 0.007 0.0035 -0.024 0.0175 0.004 -0.024 0.0175 0.0045 -0.0235 0.007 0.0045 -0.0235 0.0175 0.0035 -0.024 0.007 0.024 0.0055 0.007 0.024 0.005 0.0175 0.024 0.0055 0.0175 0.0235 0.004 0.0175 0.024 0.0045 0.007 0.0235 0.004 0.007 0.024 0.005 0.007 0.024 0.0045 0.0175 0.019 0.0155 0.007 0.019 0.015 0.0175 0.019 0.0155 0.0175 0.0185 0.016 0.007 0.0185 0.016 0.0175 0.019 0.0145 0.0175 0.019 0.015 0.007 0.019 0.0145 0.007 0.022 0.0105 0.007 0.022 0.01 0.0175 0.022 0.0105 0.0175 0.022 0.01 0.007 0.022 0.0095 0.0175 0.022 0.0095 0.007 0.022 0.011 0.007 0.022 0.011 0.0175 -0.0075 -0.023 0.0175 -0.007 -0.023 0.007 -0.0075 -0.023 0.007 -0.007 -0.023 0.0175 -0.008 -0.023 0.0175 -0.008 -0.023 0.007 -0.022 -0.0095 0.0175 -0.022 -0.01 0.007 -0.022 -0.0095 0.007 -0.022 -0.0105 0.0175 -0.022 -0.011 0.007 -0.022 -0.0105 0.007 -0.022 -0.01 0.0175 -0.022 -0.011 0.0175 0.0145 -0.0195 0.007 0.0145 -0.02 0.0175 0.0145 -0.0195 0.0175 0.015 -0.019 0.0175 0.015 -0.0185 0.007 0.015 -0.019 0.007 0.0145 -0.02 0.007 0.015 -0.0185 0.0175 -0.0235 -0.007 0.0175 -0.023 -0.007 0.007 -0.0235 -0.007 0.007 -0.023 -0.007 0.0175 -0.0235 -0.0065 0.0175 -0.0235 -0.0065 0.007 0.0245 0.001 0.0175 0.024 0.0015 0.007 0.0245 0.001 0.007 0.0245 0.0005 0.0175 0.0245 0.0005 0.007 0.024 0.0015 0.0175 -0.024 -0.0055 0.007 -0.024 -0.005 0.0175 -0.024 -0.0055 0.0175 -0.024 -0.005 0.007 -0.024 -0.0045 0.0175 -0.024 -0.0045 0.007 -0.0235 -0.004 0.0175 -0.0235 -0.004 0.007 -0.021 -0.0125 0.0175 -0.0205 -0.0125 0.007 -0.021 -0.0125 0.007 -0.021 -0.012 0.007 -0.0215 -0.012 0.0175 -0.021 -0.012 0.0175 -0.0205 -0.0125 0.0175 -0.0215 -0.012 0.007 -0.0245 -0.001 0.007 -0.0245 -0.0005 0.0175 -0.0245 -0.001 0.0175 -0.024 -0.0015 0.007 -0.024 -0.0015 0.0175 -0.0245 -0.0005 0.007 -0.0125 -0.0205 0.007 -0.013 -0.0205 0.0175 -0.0125 -0.0205 0.0175 -0.013 -0.0205 0.007 -0.0135 -0.0205 0.0175 -0.0135 -0.0205 0.007 -0.0245 0.0005 0.007 -0.0245 0.001 0.0175 -0.0245 0.0005 0.0175 -0.024 0.0015 0.0175 -0.0245 0.001 0.007 -0.024 0.0015 0.007 -0.0015 -0.024 0.007 -0.002 -0.0245 0.0175 -0.0015 -0.024 0.0175 -0.002 -0.0245 0.007 -0.0025 -0.0245 0.0175 -0.0025 -0.0245 0.007 -0.024 0.0045 0.007 -0.024 0.005 0.0175 -0.024 0.0045 0.0175 -0.0235 0.004 0.007 -0.024 0.0055 0.0175 -0.024 0.005 0.007 -0.024 0.0055 0.007 -0.0235 0.004 0.0175 0.0095 -0.0225 0.007 0.0095 -0.0225 0.0175 0.01 -0.022 0.0175 0.01 -0.0215 0.007 0.01 -0.022 0.007 0.01 -0.0215 0.0175 -0.023 0.007 0.007 -0.023 0.007 0.0175 -0.0235 0.007 0.0175 -0.0235 0.0065 0.007 -0.0235 0.007 0.007 -0.0235 0.0065 0.0175 0.019 -0.015 0.007 0.019 -0.0155 0.0175 0.019 -0.015 0.0175 0.019 -0.0145 0.007 0.019 -0.0145 0.0175 0.019 -0.0155 0.007 0.0185 -0.016 0.0175 0.0185 -0.016 0.007 -0.022 0.01 0.0175 -0.022 0.0095 0.007 -0.022 0.01 0.007 -0.022 0.0105 0.0175 -0.022 0.0105 0.007 -0.022 0.011 0.0175 -0.022 0.011 0.007 -0.022 0.0095 0.0175 0.024 -0.0045 0.0175 0.0235 -0.004 0.007 0.024 -0.0045 0.007 0.024 -0.005 0.007 0.024 -0.0055 0.0175 0.024 -0.005 0.0175 0.024 -0.0055 0.007 0.0235 -0.004 0.0175 -0.0215 0.012 0.007 -0.021 0.012 0.0175 -0.0215 0.012 0.0175 -0.021 0.0125 0.007 -0.0205 0.0125 0.0175 -0.021 0.0125 0.0175 -0.0205 0.0125 0.007 -0.021 0.012 0.007 0.017 0.017 0.007 0.0175 0.017 0.0175 0.017 0.017 0.0175 0.018 0.0165 0.0175 0.0175 0.017 0.007 0.018 0.0165 0.007 -0.019 0.015 0.0175 -0.019 0.0145 0.007 -0.019 0.015 0.007 -0.019 0.0155 0.007 -0.0185 0.016 0.0175 -0.019 0.0155 0.0175 -0.019 0.0145 0.0175 -0.0185 0.016 0.007 0.021 0.012 0.0175 0.021 0.0125 0.007 0.021 0.012 0.007 0.021 0.0125 0.0175 0.0205 0.0125 0.007 0.0205 0.0125 0.0175 0.0215 0.012 0.0175 0.0215 0.012 0.007 -0.017 0.017 0.0175 -0.017 0.017 0.007 -0.018 0.0165 0.007 -0.0175 0.017 0.0175 -0.018 0.0165 0.0175 -0.0175 0.017 0.007 -0.019 -0.015 0.0175 -0.019 -0.0155 0.007 -0.019 -0.015 0.007 -0.019 -0.0145 0.0175 -0.019 -0.0145 0.007 -0.019 -0.0155 0.0175 -0.0185 -0.016 0.007 -0.0185 -0.016 0.0175 -0.015 0.019 0.0175 -0.015 0.0185 0.007 -0.015 0.019 0.007 -0.0145 0.0195 0.0175 -0.0145 0.0195 0.007 -0.0145 0.02 0.0175 -0.0145 0.02 0.007 -0.015 0.0185 0.0175 -0.0145 -0.02 0.007 -0.0145 -0.0195 0.0175 -0.0145 -0.02 0.0175 -0.0145 -0.0195 0.007 -0.015 -0.019 0.0175 -0.015 -0.019 0.007 -0.015 -0.0185 0.0175 -0.015 -0.0185 0.007 -0.013 0.0205 0.007 -0.0125 0.0205 0.0175 -0.013 0.0205 0.0175 -0.0125 0.0205 0.007 -0.0135 0.0205 0.007 -0.0135 0.0205 0.0175 -0.0095 -0.0225 0.007 -0.0095 -0.0225 0.0175 -0.01 -0.022 0.0175 -0.01 -0.0215 0.0175 -0.01 -0.022 0.007 -0.01 -0.0215 0.007 -0.01 0.022 0.007 -0.0095 0.0225 0.0175 -0.01 0.022 0.0175 -0.01 0.0215 0.007 -0.01 0.0215 0.0175 -0.0095 0.0225 0.007 -0.004 -0.024 0.007 -0.0045 -0.0235 0.0175 -0.004 -0.024 0.0175 -0.0045 -0.0235 0.007 -0.0035 -0.024 0.007 -0.0035 -0.024 0.0175 -0.0075 0.023 0.0175 -0.0075 0.023 0.007 -0.008 0.023 0.007 -0.008 0.023 0.0175 -0.007 0.023 0.0175 -0.007 0.023 0.007 0.0015 -0.024 0.0175 0.002 -0.0245 0.007 0.0015 -0.024 0.007 0.002 -0.0245 0.0175 0.0025 -0.0245 0.007 0.0025 -0.0245 0.0175 -0.0035 0.024 0.0175 -0.004 0.024 0.007 -0.0035 0.024 0.007 -0.004 0.024 0.0175 -0.0045 0.0235 0.007 -0.0045 0.0235 0.0175 0.007 -0.023 0.0175 0.0075 -0.023 0.007 0.007 -0.023 0.007 0.0075 -0.023 0.0175 0.008 -0.023 0.007 0.008 -0.023 0.0175 -0.0025 0.0245 0.007 -0.002 0.0245 0.0175 -0.0025 0.0245 0.0175 -0.002 0.0245 0.007 -0.0015 0.024 0.0175 -0.0015 0.024 0.007 0.013 -0.0205 0.0175 0.0135 -0.0205 0.007 0.013 -0.0205 0.007 0.0135 -0.0205 0.0175 0.0125 -0.0205 0.0175 0.0125 -0.0205 0.007 0.002 0.0245 0.0175 0.0015 0.024 0.007 0.002 0.0245 0.007 0.0025 0.0245 0.0175 0.0015 0.024 0.0175 0.0025 0.0245 0.007 0.017 -0.017 0.0175 0.0175 -0.017 0.007 0.017 -0.017 0.007 0.0175 -0.017 0.0175 0.018 -0.0165 0.007 0.018 -0.0165 0.0175 0.004 0.024 0.007 0.004 0.024 0.0175 0.0035 0.024 0.007 0.0035 0.024 0.0175 0.0045 0.0235 0.0175 0.0045 0.0235 0.007 0.021 -0.0125 0.0175 0.021 -0.012 0.007 0.021 -0.0125 0.007 0.021 -0.012 0.0175 0.0215 -0.012 0.007 0.0205 -0.0125 0.0175 0.0205 -0.0125 0.007 0.0215 -0.012 0.0175 0.0075 0.023 0.007 0.0075 0.023 0.0175 0.007 0.023 0.007 0.007 0.023 0.0175 0.008 0.023 0.0175 0.008 0.023 0.007 0.023 -0.007 0.007 0.023 -0.007 0.0175 0.0235 -0.0065 0.007 0.0235 -0.007 0.0175 0.0235 -0.0065 0.0175 0.0235 -0.007 0.007 0.0095 0.0225 0.007 0.01 0.022 0.0175 0.0095 0.0225 0.0175 0.01 0.0215 0.0175 0.01 0.022 0.007 0.01 0.0215 0.007 0.0245 -0.001 0.007 0.024 -0.0015 0.0175 0.0245 -0.001 0.0175 0.0245 -0.0005 0.007 0.024 -0.0015 0.007 0.0245 -0.0005 0.0175 0.0125 0.0205 0.0175 0.0125 0.0205 0.007 0.013 0.0205 0.0175 0.013 0.0205 0.007 0.0135 0.0205 0.0175 0.0135 0.0205 0.007 0.0145 0.02 0.007 0.0145 0.0195 0.0175 0.0145 0.02 0.0175 0.015 0.019 0.007 0.015 0.0185 0.0175 0.015 0.019 0.0175 0.0145 0.0195 0.007 0.015 0.0185 0.007 0.0235 0.007 0.007 0.0235 0.0065 0.0175 0.0235 0.007 0.0175 0.0235 0.0065 0.007 0.023 0.007 0.007 0.023 0.007 0.0175 -0.02 0.0235 0.0005 -0.0265 0.0155 0 -0.027 0.0155 0.0005 -0.03 0.0055 0 -0.0305 0.0055 0.0005 -0.0195 -0.0235 0 -0.027 -0.0155 0.0005 -0.0265 -0.0155 0 0.027 0.0155 0.0005 0.0195 0.0235 0 0.02 0.0235 0.0005 -0.0305 -0.0055 0.0005 0.0105 0.0285 0 0.0105 0.029 0.0005 0 0.0305 0 0 0.031 0.0005 -0.03 -0.0055 0 -0.0195 0.0235 0 0.0105 -0.0285 0 0 -0.031 0.0005 0 -0.0305 0 -0.0105 -0.029 0.0005 -0.0105 -0.0285 0 0.0305 0.0055 0.0005 0.0265 0.0155 0 0.0195 -0.0235 0 0.0105 -0.029 0.0005 0.0265 -0.0155 0 0.02 -0.0235 0.0005 0.03 -0.0055 0 0.027 -0.0155 0.0005 0.03 0.0055 0 0.0305 -0.0055 0.0005 -0.0105 0.029 0.0005 -0.0105 0.0285 0 -0.02 -0.0235 0.0005 -0.0235 -0.0115 0.0245 -0.0265 -0.0025 0.025 -0.024 -0.012 0.025 -0.005 0.0255 0.0245 0.005 0.026 0.025 -0.005 0.026 0.025 0.005 0.0255 0.0245 0.014 0.0225 0.025 0 -0.0265 0.025 0.0095 -0.0245 0.0245 0 -0.026 0.0245 0.0135 0.022 0.0245 0.021 0.016 0.025 0.021 0.0155 0.0245 0.0255 0.0075 0.025 -0.0175 -0.0195 0.0245 -0.018 -0.0195 0.025 0.025 0.007 0.0245 0.0265 -0.0025 0.025 -0.0095 -0.0245 0.0245 -0.0095 -0.025 0.025 0.026 -0.0025 0.0245 0.024 -0.012 0.025 0.0095 -0.025 0.025 0.0175 -0.0195 0.0245 0.018 -0.0195 0.025 0.0235 -0.0115 0.0245 -0.026 -0.0025 0.0245 -0.0255 0.0075 0.025 -0.025 0.007 0.0245 -0.021 0.016 0.025 -0.0135 0.022 0.0245 -0.021 0.0155 0.0245 -0.014 0.0225 0.025 -0.018 -0.0195 0 -0.0235 -0.0115 0.0005 -0.0175 -0.0195 0.0005 0.026 -0.0025 0.0005 0.0255 0.0075 0 0.0265 -0.0025 0 0.025 0.007 0.0005 0.021 0.016 0 0.021 0.0155 0.0005 0.014 0.0225 0 0.0135 0.022 0.0005 0.005 0.026 0 0.005 0.0255 0.0005 0 0.0265 0 0.0235 -0.0115 0.0005 0.024 -0.012 0 -0.024 -0.012 0 -0.026 -0.0025 0.0005 0.0175 -0.0195 0.0005 0.018 -0.0195 0 -0.0265 -0.0025 0 -0.025 0.007 0.0005 -0.0255 0.0075 0 -0.021 0.0155 0.0005 -0.021 0.016 0 -0.0135 0.022 0.0005 -0.0095 -0.025 0 -0.0095 -0.0245 0.0005 0 -0.0265 0 0 -0.026 0.0005 0.0095 -0.025 0 0.0095 -0.0245 0.0005 -0.014 0.0225 0 -0.005 0.0255 0.0005 -0.005 0.026 0 0 0.026 0.0005 0.03 0.0055 0.025 0.027 0.0155 0.0245 0.0265 0.0155 0.025 0 -0.0305 0.025 0.0105 -0.029 0.0245 0.0105 -0.0285 0.025 0.02 -0.0235 0.0245 0.0195 -0.0235 0.025 0.027 -0.0155 0.0245 0.0265 -0.0155 0.025 -0.0105 -0.0285 0.025 0 -0.031 0.0245 -0.02 -0.0235 0.0245 -0.0265 -0.0155 0.025 -0.027 -0.0155 0.0245 -0.0105 -0.029 0.0245 -0.0195 -0.0235 0.025 -0.0305 -0.0055 0.0245 -0.03 0.0055 0.025 -0.0305 0.0055 0.0245 -0.0265 0.0155 0.025 -0.027 0.0155 0.0245 -0.03 -0.0055 0.025 0.0305 -0.0055 0.0245 0.0305 0.0055 0.0245 0.03 -0.0055 0.025 -0.0195 0.0235 0.025 -0.02 0.0235 0.0245 -0.0105 0.0285 0.025 -0.0105 0.029 0.0245 0 0.0305 0.025 0 0.031 0.0245 0.02 0.0235 0.0245 0.0105 0.029 0.0245 0.0195 0.0235 0.025 0.0105 0.0285 0.025 -0.015 0.019 0.018 -0.015 0.0185 0.0175 -0.015 0.019 0.0175 -0.015 0.0195 0.018 -0.0145 0.0195 0.0175 -0.015 0.0185 0.018 -0.0145 0.02 0.018 -0.0145 0.02 0.0175 -0.0145 0.02 0.0175 -0.0135 0.0205 0.018 -0.0145 0.02 0.018 -0.0135 0.0205 0.0175 -0.0155 0.017 0.0175 -0.016 0.017 0.018 -0.016 0.017 0.0175 -0.0165 0.017 0.018 -0.017 0.017 0.0175 -0.015 0.018 0.0175 -0.015 0.0175 0.018 -0.015 0.0175 0.0175 -0.015 0.0185 0.0175 -0.015 0.018 0.018 -0.0155 0.017 0.018 -0.015 0.0185 0.018 -0.013 0.021 0.018 -0.0135 0.0205 0.0175 -0.013 0.0205 0.0175 -0.012 0.0205 0.018 -0.0125 0.0205 0.0175 -0.0135 0.0205 0.018 -0.0125 0.021 0.018 -0.0165 0.017 0.018 -0.017 0.017 0.0175 -0.017 0.0175 0.018 -0.0175 0.017 0.0175 -0.0175 0.017 0.018 -0.018 0.0165 0.0175 -0.018 0.017 0.018 -0.0105 0.0205 0.018 -0.01 0.021 0.0175 -0.01 0.021 0.018 -0.0105 0.0205 0.0175 -0.011 0.0205 0.018 -0.011 0.02 0.0175 -0.0115 0.0205 0.018 -0.0115 0.02 0.0175 -0.01 0.0215 0.0175 -0.012 0.0205 0.018 -0.0125 0.0205 0.0175 -0.01 0.0215 0.018 -0.0185 0.016 0.0175 -0.018 0.017 0.018 -0.019 0.016 0.018 -0.018 0.0165 0.0175 -0.0095 0.023 0.018 -0.0095 0.0225 0.0175 -0.01 0.0215 0.0175 -0.01 0.022 0.018 -0.01 0.0215 0.018 -0.01 0.022 0.0175 -0.01 0.0225 0.018 -0.019 0.0145 0.0175 -0.019 0.015 0.018 -0.019 0.0145 0.018 -0.019 0.0155 0.018 -0.019 0.015 0.0175 -0.019 0.0155 0.0175 -0.019 0.016 0.018 -0.0185 0.016 0.0175 -0.008 0.0235 0.018 -0.0095 0.0225 0.0175 -0.008 0.023 0.0175 -0.0095 0.023 0.018 -0.019 0.013 0.0175 -0.02 0.0125 0.018 -0.0195 0.0125 0.0175 -0.0205 0.0125 0.018 -0.0205 0.0125 0.0175 -0.019 0.0135 0.018 -0.0185 0.014 0.0175 -0.019 0.014 0.018 -0.019 0.0145 0.0175 -0.019 0.0135 0.0175 -0.0195 0.013 0.018 -0.019 0.0145 0.018 -0.0075 0.0235 0.018 -0.008 0.023 0.0175 -0.0075 0.023 0.0175 -0.008 0.0235 0.018 -0.007 0.0235 0.018 -0.007 0.023 0.018 -0.007 0.023 0.0175 -0.0215 0.0125 0.018 -0.0215 0.012 0.0175 -0.021 0.012 0.0175 -0.0215 0.012 0.018 -0.021 0.0125 0.0175 -0.0205 0.0125 0.018 -0.021 0.0125 0.018 -0.0205 0.0125 0.0175 -0.0055 0.0225 0.018 -0.0045 0.023 0.0175 -0.005 0.023 0.018 -0.0065 0.0225 0.018 -0.006 0.0225 0.0175 -0.006 0.0225 0.018 -0.007 0.023 0.018 -0.0065 0.0225 0.0175 -0.007 0.023 0.0175 -0.005 0.0225 0.0175 -0.0045 0.0235 0.0175 -0.0045 0.0235 0.018 -0.022 0.011 0.0175 -0.0215 0.012 0.018 -0.022 0.011 0.018 -0.0215 0.012 0.0175 -0.0035 0.0245 0.018 -0.004 0.024 0.0175 -0.0035 0.024 0.0175 -0.004 0.0245 0.018 -0.0045 0.024 0.018 -0.0045 0.0235 0.0175 -0.0045 0.0235 0.018 -0.022 0.011 0.018 -0.022 0.0105 0.0175 -0.022 0.011 0.0175 -0.022 0.0095 0.0175 -0.0225 0.01 0.018 -0.022 0.0095 0.018 -0.022 0.01 0.0175 -0.0225 0.0105 0.018 -0.0035 0.024 0.0175 -0.0025 0.0245 0.018 -0.0035 0.0245 0.018 -0.0025 0.0245 0.0175 -0.0215 0.009 0.018 -0.022 0.0095 0.0175 -0.022 0.0095 0.018 -0.0215 0.009 0.0175 -0.022 0.008 0.018 -0.0215 0.0085 0.0175 -0.0215 0.0085 0.018 -0.0225 0.0075 0.018 -0.0215 0.008 0.0175 -0.023 0.0075 0.018 -0.022 0.0075 0.0175 -0.023 0.007 0.0175 -0.0015 0.024 0.0175 -0.001 0.024 0.018 -0.0015 0.0245 0.018 -0.002 0.0245 0.018 -0.0025 0.0245 0.0175 -0.002 0.0245 0.0175 -0.0025 0.0245 0.018 -0.023 0.007 0.0175 -0.023 0.0075 0.018 -0.0235 0.0075 0.018 -0.0235 0.007 0.0175 -0.0235 0.0065 0.0175 -0.0235 0.007 0.018 -0.024 0.0065 0.018 -0.001 0.0235 0.018 -0.0005 0.023 0.0175 -0.0005 0.0235 0.018 -0.001 0.024 0.018 -0.001 0.0235 0.0175 -0.0015 0.024 0.0175 0.0005 0.0235 0.018 0.001 0.0235 0.0175 0.001 0.0235 0.018 0.0015 0.024 0.0175 0.001 0.024 0.018 0.0005 0.023 0.0175 -0.024 0.0065 0.018 -0.024 0.0055 0.0175 -0.0235 0.0065 0.0175 -0.024 0.0055 0.018 0.0015 0.024 0.0175 0.0015 0.0245 0.018 0.001 0.024 0.018 0.002 0.0245 0.018 0.002 0.0245 0.0175 0.0025 0.0245 0.018 0.0025 0.0245 0.0175 -0.024 0.0055 0.018 -0.024 0.005 0.0175 -0.024 0.0055 0.0175 -0.024 0.005 0.018 -0.024 0.0045 0.0175 -0.024 0.0045 0.018 -0.0235 0.004 0.0175 -0.0235 0.004 0.018 0.0025 0.0245 0.0175 0.0035 0.0245 0.018 0.0025 0.0245 0.018 0.0035 0.024 0.0175 -0.0235 0.002 0.0175 -0.024 0.002 0.018 -0.024 0.0015 0.0175 -0.0235 0.0035 0.018 -0.0235 0.004 0.0175 -0.0235 0.004 0.018 -0.023 0.0035 0.0175 -0.023 0.003 0.018 -0.023 0.003 0.0175 -0.023 0.0025 0.018 -0.023 0.0025 0.0175 -0.0235 0.002 0.018 0.004 0.024 0.0175 0.0045 0.0235 0.018 0.0045 0.024 0.018 0.0045 0.0235 0.0175 0.004 0.0245 0.018 0.0035 0.024 0.0175 0.0035 0.0245 0.018 -0.024 0.002 0.018 -0.024 0.0015 0.0175 -0.0245 0.0015 0.018 -0.0245 0.001 0.0175 -0.0245 0.001 0.018 -0.0245 0.0005 0.0175 -0.0245 0.0005 0.018 0.005 0.023 0.018 0.005 0.0225 0.0175 0.0055 0.0225 0.018 0.006 0.0225 0.0175 0.006 0.0225 0.018 0.0065 0.0225 0.0175 0.0065 0.0225 0.018 0.0045 0.023 0.0175 0.0045 0.0235 0.018 0.0045 0.0235 0.0175 0.007 0.023 0.0175 0.007 0.023 0.018 -0.0245 -0.0005 0.0175 -0.0245 0.0005 0.018 -0.0245 -0.0005 0.018 -0.0245 0.0005 0.0175 0.0075 0.023 0.0175 0.0075 0.0235 0.018 0.007 0.0235 0.018 0.007 0.023 0.0175 0.007 0.023 0.018 0.008 0.0235 0.018 0.008 0.023 0.0175 -0.0245 -0.0015 0.018 -0.024 -0.0015 0.0175 -0.0245 -0.001 0.0175 -0.0245 -0.0005 0.018 -0.0245 -0.001 0.018 -0.024 -0.002 0.018 -0.0245 -0.0005 0.0175 0.0095 0.023 0.018 0.008 0.023 0.0175 0.0095 0.0225 0.0175 0.008 0.0235 0.018 -0.023 -0.003 0.0175 -0.0235 -0.0035 0.018 -0.023 -0.0035 0.0175 -0.024 -0.0015 0.0175 -0.0235 -0.002 0.018 -0.0235 -0.002 0.0175 -0.024 -0.002 0.018 -0.023 -0.0025 0.018 -0.023 -0.003 0.018 -0.0235 -0.004 0.018 -0.0235 -0.004 0.0175 -0.023 -0.0025 0.0175 0.01 0.022 0.018 0.0095 0.0225 0.0175 0.01 0.022 0.0175 0.01 0.0215 0.018 0.01 0.0215 0.0175 0.01 0.0225 0.018 0.0095 0.023 0.018 -0.024 -0.005 0.0175 -0.024 -0.0045 0.018 -0.024 -0.005 0.018 -0.024 -0.0045 0.0175 -0.0235 -0.004 0.018 -0.024 -0.0055 0.0175 -0.024 -0.0055 0.018 -0.0235 -0.004 0.0175 0.011 0.0205 0.018 0.0115 0.02 0.0175 0.0115 0.0205 0.018 0.01 0.0215 0.018 0.01 0.021 0.0175 0.01 0.021 0.018 0.0105 0.0205 0.018 0.011 0.02 0.0175 0.0105 0.0205 0.0175 0.0125 0.0205 0.0175 0.01 0.0215 0.0175 0.012 0.0205 0.018 -0.024 -0.0055 0.018 -0.0235 -0.0065 0.0175 -0.024 -0.0055 0.0175 -0.024 -0.0065 0.018 0.0125 0.0205 0.0175 0.013 0.021 0.018 0.0125 0.021 0.018 0.013 0.0205 0.0175 0.0135 0.0205 0.018 0.0135 0.0205 0.0175 0.012 0.0205 0.018 -0.0235 -0.007 0.0175 -0.024 -0.0065 0.018 -0.0235 -0.007 0.018 -0.023 -0.007 0.0175 -0.0235 -0.0075 0.018 -0.0235 -0.0065 0.0175 -0.023 -0.0075 0.018 0.0135 0.0205 0.0175 0.0145 0.02 0.018 0.0135 0.0205 0.018 0.0145 0.02 0.0175 -0.0215 -0.009 0.018 -0.0215 -0.0085 0.0175 -0.0215 -0.0085 0.018 -0.0225 -0.0075 0.018 -0.023 -0.007 0.0175 -0.023 -0.0075 0.018 -0.0215 -0.008 0.0175 -0.022 -0.008 0.018 -0.0215 -0.009 0.0175 -0.022 -0.0095 0.018 -0.022 -0.0095 0.0175 -0.022 -0.0075 0.0175 0.015 0.019 0.0175 0.015 0.0185 0.018 0.015 0.019 0.018 0.015 0.0195 0.018 0.0145 0.02 0.0175 0.0145 0.0195 0.0175 0.015 0.0185 0.0175 0.0145 0.02 0.018 -0.022 -0.0095 0.018 -0.022 -0.01 0.0175 -0.022 -0.0095 0.0175 -0.0225 -0.0105 0.018 -0.022 -0.011 0.0175 -0.022 -0.0105 0.0175 -0.022 -0.011 0.018 -0.0225 -0.01 0.018 0.016 0.017 0.018 0.017 0.017 0.0175 0.0165 0.017 0.018 0.015 0.0175 0.0175 0.015 0.018 0.018 0.015 0.018 0.0175 0.015 0.0175 0.018 0.0155 0.017 0.0175 0.0155 0.017 0.018 0.016 0.017 0.0175 0.015 0.0185 0.018 0.015 0.0185 0.0175 -0.0215 -0.012 0.0175 -0.022 -0.011 0.018 -0.0215 -0.012 0.018 -0.022 -0.011 0.0175 0.0175 0.017 0.018 0.017 0.017 0.0175 0.0175 0.017 0.0175 0.017 0.0175 0.018 0.018 0.017 0.018 0.0165 0.017 0.018 0.018 0.0165 0.0175 -0.021 -0.0125 0.0175 -0.0215 -0.0125 0.018 -0.021 -0.0125 0.018 -0.0205 -0.0125 0.0175 -0.0205 -0.0125 0.018 -0.021 -0.012 0.0175 -0.0215 -0.012 0.018 -0.0215 -0.012 0.0175 0.018 0.0165 0.0175 0.019 0.016 0.018 0.018 0.017 0.018 0.0185 0.016 0.0175 -0.019 -0.013 0.0175 -0.019 -0.0135 0.018 -0.019 -0.0135 0.0175 -0.0195 -0.0125 0.0175 -0.0195 -0.013 0.018 -0.019 -0.014 0.018 -0.0185 -0.014 0.0175 -0.019 -0.0145 0.018 -0.019 -0.0145 0.0175 -0.02 -0.0125 0.018 -0.0205 -0.0125 0.0175 -0.0205 -0.0125 0.018 0.019 0.0145 0.018 0.019 0.015 0.0175 0.019 0.0145 0.0175 0.019 0.0155 0.0175 0.019 0.015 0.018 0.019 0.0155 0.018 0.0185 0.016 0.0175 0.019 0.016 0.018 -0.0185 -0.016 0.0175 -0.019 -0.0155 0.018 -0.019 -0.016 0.018 -0.019 -0.0155 0.0175 -0.019 -0.015 0.018 -0.019 -0.015 0.0175 -0.019 -0.0145 0.018 -0.019 -0.0145 0.0175 0.02 0.0125 0.018 0.0205 0.0125 0.0175 0.0205 0.0125 0.018 0.0195 0.013 0.018 0.0195 0.0125 0.0175 0.019 0.013 0.0175 0.019 0.0135 0.018 0.019 0.0135 0.0175 0.019 0.014 0.018 0.0185 0.014 0.0175 0.019 0.0145 0.018 0.019 0.0145 0.0175 -0.019 -0.016 0.018 -0.018 -0.0165 0.0175 -0.0185 -0.016 0.0175 -0.018 -0.017 0.018 0.021 0.012 0.0175 0.0215 0.012 0.018 0.0215 0.0125 0.018 0.021 0.0125 0.0175 0.021 0.0125 0.018 0.0205 0.0125 0.0175 0.0205 0.0125 0.018 0.0215 0.012 0.0175 -0.017 -0.017 0.0175 -0.0175 -0.017 0.018 -0.017 -0.0175 0.018 -0.018 -0.017 0.018 -0.0175 -0.017 0.0175 -0.018 -0.0165 0.0175 -0.0165 -0.017 0.018 0.022 0.011 0.018 0.0215 0.012 0.0175 0.022 0.011 0.0175 0.0215 0.012 0.018 -0.017 -0.017 0.0175 -0.016 -0.017 0.018 -0.016 -0.017 0.0175 -0.015 -0.0185 0.018 -0.015 -0.018 0.0175 -0.015 -0.018 0.018 -0.0155 -0.017 0.018 -0.015 -0.0175 0.0175 -0.0165 -0.017 0.018 -0.0155 -0.017 0.0175 -0.015 -0.0175 0.018 -0.015 -0.0185 0.0175 0.0225 0.01 0.018 0.022 0.0105 0.0175 0.022 0.01 0.0175 0.022 0.0095 0.018 0.0225 0.0105 0.018 0.022 0.011 0.0175 0.022 0.0095 0.0175 0.022 0.011 0.018 -0.015 -0.019 0.0175 -0.015 -0.0185 0.018 -0.015 -0.019 0.018 -0.015 -0.0185 0.0175 -0.0145 -0.0195 0.0175 -0.015 -0.0195 0.018 -0.0145 -0.02 0.0175 -0.0145 -0.02 0.018 0.0215 0.0085 0.0175 0.0215 0.009 0.018 0.0215 0.009 0.0175 0.022 0.0095 0.018 0.022 0.0095 0.0175 0.0215 0.008 0.0175 0.0215 0.0085 0.018 0.023 0.007 0.0175 0.0225 0.0075 0.018 0.022 0.0075 0.0175 0.022 0.008 0.018 0.023 0.0075 0.018 -0.0135 -0.0205 0.0175 -0.0145 -0.02 0.018 -0.0135 -0.0205 0.018 -0.0145 -0.02 0.0175 0.0235 0.007 0.018 0.023 0.007 0.0175 0.0235 0.007 0.0175 0.024 0.0065 0.018 0.0235 0.0065 0.0175 0.0235 0.0075 0.018 0.023 0.0075 0.018 -0.013 -0.021 0.018 -0.0125 -0.0205 0.0175 -0.013 -0.0205 0.0175 -0.0135 -0.0205 0.018 -0.0135 -0.0205 0.0175 -0.0125 -0.021 0.018 -0.012 -0.0205 0.018 0.024 0.0055 0.018 0.0235 0.0065 0.0175 0.024 0.0055 0.0175 0.024 0.0065 0.018 -0.011 -0.0205 0.018 -0.0115 -0.02 0.0175 -0.0115 -0.0205 0.018 -0.0125 -0.0205 0.0175 -0.011 -0.02 0.0175 -0.0105 -0.0205 0.018 -0.0105 -0.0205 0.0175 -0.01 -0.021 0.018 -0.01 -0.021 0.0175 -0.01 -0.0215 0.018 -0.01 -0.0215 0.0175 -0.012 -0.0205 0.018 0.024 0.0055 0.0175 0.024 0.005 0.018 0.024 0.0055 0.018 0.0235 0.004 0.018 0.024 0.0045 0.0175 0.0235 0.004 0.0175 0.024 0.0045 0.018 0.024 0.005 0.0175 -0.01 -0.0215 0.018 -0.01 -0.022 0.0175 -0.01 -0.0215 0.0175 -0.0095 -0.0225 0.0175 -0.01 -0.022 0.018 -0.01 -0.0225 0.018 -0.0095 -0.023 0.018 0.023 0.0025 0.0175 0.023 0.003 0.018 0.023 0.003 0.0175 0.023 0.0025 0.018 0.0235 0.002 0.0175 0.0235 0.002 0.018 0.024 0.0015 0.0175 0.0235 0.0035 0.018 0.0235 0.004 0.018 0.023 0.0035 0.0175 0.0235 0.004 0.0175 0.024 0.002 0.018 -0.008 -0.023 0.0175 -0.0095 -0.023 0.018 -0.008 -0.0235 0.018 -0.0095 -0.0225 0.0175 0.0245 0.0005 0.018 0.0245 0.001 0.0175 0.0245 0.0005 0.0175 0.0245 0.001 0.018 0.024 0.0015 0.0175 0.0245 0.0015 0.018 0.024 0.002 0.018 -0.007 -0.023 0.0175 -0.007 -0.0235 0.018 -0.007 -0.023 0.018 -0.0075 -0.023 0.0175 -0.008 -0.0235 0.018 -0.0075 -0.0235 0.018 -0.008 -0.023 0.0175 0.0245 0.0005 0.0175 0.0245 -0.0005 0.018 0.0245 0.0005 0.018 0.0245 -0.0005 0.0175 -0.005 -0.023 0.018 -0.005 -0.0225 0.0175 -0.0055 -0.0225 0.018 -0.006 -0.0225 0.0175 -0.007 -0.023 0.0175 -0.0065 -0.0225 0.018 -0.0065 -0.0225 0.0175 -0.0045 -0.023 0.0175 -0.0045 -0.0235 0.018 -0.0045 -0.0235 0.0175 -0.006 -0.0225 0.018 -0.007 -0.023 0.018 0.0245 -0.001 0.0175 0.0245 -0.0015 0.018 0.0245 -0.001 0.018 0.024 -0.0015 0.0175 0.024 -0.002 0.018 0.0245 -0.0005 0.0175 0.0245 -0.0005 0.018 -0.004 -0.024 0.0175 -0.0045 -0.0235 0.018 -0.0045 -0.024 0.018 -0.0035 -0.024 0.0175 -0.004 -0.0245 0.018 -0.0035 -0.0245 0.018 -0.0045 -0.0235 0.0175 0.0235 -0.002 0.0175 0.024 -0.002 0.018 0.024 -0.0015 0.0175 0.0235 -0.004 0.0175 0.0235 -0.0035 0.018 0.023 -0.0035 0.0175 0.023 -0.003 0.018 0.023 -0.003 0.0175 0.0235 -0.004 0.018 0.023 -0.0025 0.0175 0.0235 -0.002 0.018 0.023 -0.0025 0.018 -0.0025 -0.0245 0.0175 -0.0035 -0.0245 0.018 -0.0025 -0.0245 0.018 -0.0035 -0.024 0.0175 0.024 -0.0045 0.0175 0.024 -0.005 0.018 0.024 -0.0045 0.018 0.024 -0.005 0.0175 0.024 -0.0055 0.018 0.024 -0.0055 0.0175 0.0235 -0.004 0.0175 0.0235 -0.004 0.018 -0.002 -0.0245 0.0175 -0.0025 -0.0245 0.018 -0.002 -0.0245 0.018 -0.0015 -0.024 0.0175 -0.0015 -0.0245 0.018 -0.0025 -0.0245 0.0175 -0.001 -0.024 0.018 0.024 -0.0065 0.018 0.024 -0.0055 0.0175 0.0235 -0.0065 0.0175 0.024 -0.0055 0.018 -0.0015 -0.024 0.0175 -0.001 -0.0235 0.018 -0.001 -0.0235 0.0175 -0.0005 -0.023 0.0175 0.0005 -0.0235 0.018 0.0005 -0.023 0.0175 0.001 -0.0235 0.0175 0.001 -0.024 0.018 0.0015 -0.024 0.0175 0.001 -0.0235 0.018 -0.001 -0.024 0.018 -0.0005 -0.0235 0.018 0.0235 -0.0075 0.018 0.0235 -0.007 0.0175 0.023 -0.007 0.0175 0.0235 -0.0065 0.0175 0.0235 -0.007 0.018 0.024 -0.0065 0.018 0.023 -0.0075 0.018 0.002 -0.0245 0.0175 0.0015 -0.0245 0.018 0.002 -0.0245 0.018 0.0025 -0.0245 0.0175 0.0025 -0.0245 0.018 0.0015 -0.024 0.0175 0.001 -0.024 0.018 0.0225 -0.0075 0.018 0.0215 -0.008 0.0175 0.022 -0.008 0.018 0.022 -0.0075 0.0175 0.023 -0.0075 0.018 0.023 -0.007 0.0175 0.0215 -0.009 0.018 0.022 -0.0095 0.0175 0.022 -0.0095 0.018 0.0215 -0.0085 0.018 0.0215 -0.009 0.0175 0.0215 -0.0085 0.0175 0.0035 -0.024 0.0175 0.0025 -0.0245 0.018 0.0035 -0.0245 0.018 0.0025 -0.0245 0.0175 0.022 -0.0095 0.0175 0.0225 -0.01 0.018 0.022 -0.0095 0.018 0.022 -0.01 0.0175 0.0225 -0.0105 0.018 0.022 -0.0105 0.0175 0.022 -0.011 0.018 0.022 -0.011 0.0175 0.004 -0.024 0.0175 0.004 -0.0245 0.018 0.0045 -0.024 0.018 0.0045 -0.0235 0.0175 0.0045 -0.0235 0.018 0.0035 -0.0245 0.018 0.0035 -0.024 0.0175 0.0215 -0.012 0.018 0.022 -0.011 0.0175 0.0215 -0.012 0.0175 0.022 -0.011 0.018 0.0045 -0.0235 0.0175 0.005 -0.023 0.018 0.0045 -0.023 0.0175 0.006 -0.0225 0.018 0.005 -0.0225 0.0175 0.0055 -0.0225 0.018 0.006 -0.0225 0.0175 0.0065 -0.0225 0.0175 0.007 -0.023 0.018 0.007 -0.023 0.0175 0.0045 -0.0235 0.018 0.0065 -0.0225 0.018 0.0215 -0.0125 0.018 0.0215 -0.012 0.0175 0.021 -0.012 0.0175 0.0205 -0.0125 0.018 0.021 -0.0125 0.0175 0.0205 -0.0125 0.0175 0.0215 -0.012 0.018 0.021 -0.0125 0.018 0.008 -0.023 0.0175 0.0075 -0.0235 0.018 0.008 -0.0235 0.018 0.007 -0.0235 0.018 0.0075 -0.023 0.0175 0.007 -0.023 0.018 0.007 -0.023 0.0175 0.02 -0.0125 0.018 0.019 -0.013 0.0175 0.0195 -0.013 0.018 0.0205 -0.0125 0.018 0.0195 -0.0125 0.0175 0.019 -0.0135 0.0175 0.019 -0.0135 0.018 0.0185 -0.014 0.0175 0.019 -0.014 0.018 0.0205 -0.0125 0.0175 0.019 -0.0145 0.0175 0.019 -0.0145 0.018 0.0095 -0.0225 0.0175 0.008 -0.0235 0.018 0.0095 -0.023 0.018 0.008 -0.023 0.0175 0.019 -0.015 0.018 0.019 -0.0145 0.0175 0.019 -0.015 0.0175 0.019 -0.0155 0.018 0.019 -0.0155 0.0175 0.019 -0.016 0.018 0.0185 -0.016 0.0175 0.019 -0.0145 0.018 0.0095 -0.023 0.018 0.0095 -0.0225 0.0175 0.01 -0.022 0.018 0.01 -0.0215 0.0175 0.01 -0.022 0.0175 0.01 -0.0215 0.018 0.01 -0.0225 0.018 0.0185 -0.016 0.0175 0.018 -0.017 0.018 0.019 -0.016 0.018 0.018 -0.0165 0.0175 0.0115 -0.0205 0.018 0.011 -0.02 0.0175 0.011 -0.0205 0.018 0.01 -0.0215 0.0175 0.01 -0.021 0.018 0.01 -0.021 0.0175 0.0105 -0.0205 0.018 0.0105 -0.0205 0.0175 0.012 -0.0205 0.018 0.0115 -0.02 0.0175 0.01 -0.0215 0.018 0.0125 -0.0205 0.0175 0.0175 -0.017 0.0175 0.017 -0.0175 0.018 0.0175 -0.017 0.018 0.018 -0.0165 0.0175 0.018 -0.017 0.018 0.0165 -0.017 0.018 0.017 -0.017 0.0175 0.013 -0.021 0.018 0.0135 -0.0205 0.0175 0.013 -0.0205 0.0175 0.0135 -0.0205 0.018 0.0125 -0.021 0.018 0.012 -0.0205 0.018 0.0125 -0.0205 0.0175 0.015 -0.018 0.018 0.015 -0.0185 0.0175 0.015 -0.0185 0.018 0.016 -0.017 0.0175 0.0165 -0.017 0.018 0.017 -0.017 0.0175 0.015 -0.018 0.0175 0.015 -0.0175 0.018 0.015 -0.0175 0.0175 0.016 -0.017 0.018 0.0155 -0.017 0.0175 0.0155 -0.017 0.018 0.0135 -0.0205 0.018 0.0145 -0.02 0.0175 0.0135 -0.0205 0.0175 0.0145 -0.02 0.018 0.015 -0.0195 0.018 0.015 -0.019 0.0175 0.0145 -0.0195 0.0175 0.015 -0.019 0.018 0.015 -0.0185 0.0175 0.015 -0.0185 0.018 0.0145 -0.02 0.018 0.0145 -0.02 0.0175 -0.0185 0.014 0.007 -0.019 0.0145 0.007 -0.019 0.0135 0.007 -0.019 0.014 0.007 -0.019 0.013 0.007 -0.0195 0.013 0.007 -0.0195 0.0125 0.007 -0.02 0.0125 0.007 -0.019 0.0155 0.007 -0.0185 0.016 0.007 -0.019 0.016 0.007 -0.021 0.0125 0.007 -0.021 0.012 0.007 -0.0215 0.012 0.007 -0.0215 0.0125 0.007 -0.018 0.0165 0.007 -0.019 0.016 0.007 -0.018 0.017 0.007 -0.0185 0.016 0.007 -0.0175 0.017 0.007 -0.017 0.017 0.007 -0.017 0.0175 0.007 -0.0165 0.017 0.007 -0.018 0.017 0.007 -0.018 0.0165 0.007 -0.022 0.0095 0.007 -0.022 0.01 0.007 -0.0225 0.0105 0.007 -0.022 0.011 0.007 -0.022 0.0105 0.007 -0.0225 0.01 0.007 -0.022 0.0075 0.007 -0.022 0.008 0.007 -0.0215 0.008 0.007 -0.023 0.007 0.007 -0.0225 0.0075 0.007 -0.0215 0.0085 0.007 -0.023 0.0075 0.007 -0.0145 0.0195 0.007 -0.015 0.019 0.007 -0.015 0.0195 0.007 -0.0145 0.02 0.007 -0.0235 0.007 0.007 -0.023 0.007 0.007 -0.024 0.0065 0.007 -0.0235 0.0065 0.007 -0.0235 0.0075 0.007 -0.023 0.0075 0.007 -0.024 0.0055 0.007 -0.0235 0.0065 0.007 -0.024 0.0065 0.007 -0.013 0.0205 0.007 -0.0135 0.0205 0.007 -0.013 0.021 0.007 -0.0125 0.0205 0.007 -0.0125 0.021 0.007 -0.012 0.0205 0.007 -0.0105 0.0205 0.007 -0.0125 0.0205 0.007 -0.0115 0.0205 0.007 -0.0115 0.02 0.007 -0.011 0.0205 0.007 -0.011 0.02 0.007 -0.0235 0.002 0.007 -0.023 0.003 0.007 -0.0235 0.0035 0.007 -0.0235 0.004 0.007 -0.023 0.0035 0.007 -0.024 0.0015 0.007 -0.024 0.002 0.007 -0.01 0.022 0.007 -0.0095 0.0225 0.007 -0.01 0.0225 0.007 -0.0095 0.023 0.007 -0.024 0.0015 0.007 -0.0245 0.001 0.007 -0.0245 0.0015 0.007 -0.024 0.002 0.007 -0.008 0.023 0.007 -0.0095 0.023 0.007 -0.008 0.0235 0.007 -0.0095 0.0225 0.007 -0.007 0.023 0.007 -0.007 0.0235 0.007 -0.0075 0.023 0.007 -0.0075 0.0235 0.007 -0.008 0.0235 0.007 -0.008 0.023 0.007 -0.0245 -0.0015 0.007 -0.0245 -0.001 0.007 -0.024 -0.0015 0.007 -0.024 -0.002 0.007 -0.005 0.0225 0.007 -0.005 0.023 0.007 -0.0045 0.023 0.007 -0.0045 0.0235 0.007 -0.0055 0.0225 0.007 -0.023 -0.003 0.007 -0.0235 -0.0035 0.007 -0.0235 -0.004 0.007 -0.024 -0.002 0.007 -0.0235 -0.002 0.007 -0.024 -0.0015 0.007 -0.023 -0.0035 0.007 -0.004 0.0245 0.007 -0.0035 0.024 0.007 -0.004 0.024 0.007 -0.0045 0.024 0.007 -0.0045 0.0235 0.007 -0.0035 0.0245 0.007 -0.0035 0.0245 0.007 -0.0025 0.0245 0.007 -0.0035 0.024 0.007 -0.024 -0.0065 0.007 -0.024 -0.0055 0.007 -0.0235 -0.0065 0.007 -0.002 0.0245 0.007 -0.0015 0.024 0.007 -0.0015 0.0245 0.007 -0.001 0.024 0.007 -0.023 -0.0075 0.007 -0.023 -0.007 0.007 -0.0235 -0.0075 0.007 -0.0235 -0.007 0.007 -0.0235 -0.0065 0.007 -0.024 -0.0065 0.007 0.001 0.0235 0.007 0.001 0.024 0.007 0.0015 0.024 0.007 -0.0005 0.0235 0.007 -0.001 0.0235 0.007 -0.0015 0.024 0.007 -0.0005 0.023 0.007 0.0005 0.0235 0.007 0.0005 0.023 0.007 -0.001 0.024 0.007 -0.0225 -0.0075 0.007 -0.0215 -0.008 0.007 -0.022 -0.008 0.007 -0.0215 -0.0085 0.007 -0.023 -0.0075 0.007 -0.022 -0.0075 0.007 -0.023 -0.007 0.007 0.002 0.0245 0.007 0.0015 0.0245 0.007 0.0015 0.024 0.007 0.001 0.024 0.007 -0.022 -0.0105 0.007 -0.022 -0.011 0.007 -0.0225 -0.0105 0.007 -0.022 -0.01 0.007 -0.022 -0.0095 0.007 -0.0225 -0.01 0.007 0.0025 0.0245 0.007 0.0035 0.024 0.007 0.0035 0.0245 0.007 0.0045 0.0235 0.007 0.0045 0.024 0.007 0.0035 0.0245 0.007 0.004 0.024 0.007 0.0035 0.024 0.007 0.004 0.0245 0.007 -0.0215 -0.012 0.007 -0.0215 -0.0125 0.007 -0.021 -0.0125 0.007 -0.021 -0.012 0.007 0.005 0.023 0.007 0.0045 0.0235 0.007 0.0055 0.0225 0.007 0.0045 0.023 0.007 0.005 0.0225 0.007 -0.02 -0.0125 0.007 -0.019 -0.013 0.007 -0.0195 -0.013 0.007 -0.0195 -0.0125 0.007 -0.019 -0.014 0.007 -0.019 -0.0145 0.007 -0.019 -0.0135 0.007 -0.0185 -0.014 0.007 0.007 0.0235 0.007 0.0075 0.023 0.007 0.007 0.023 0.007 0.0075 0.0235 0.007 0.008 0.023 0.007 0.008 0.0235 0.007 -0.019 -0.0155 0.007 -0.019 -0.016 0.007 -0.0185 -0.016 0.007 0.008 0.0235 0.007 0.0095 0.0225 0.007 0.008 0.023 0.007 0.0095 0.023 0.007 -0.0185 -0.016 0.007 -0.018 -0.017 0.007 -0.019 -0.016 0.007 -0.018 -0.0165 0.007 0.01 0.022 0.007 0.01 0.0225 0.007 0.0095 0.0225 0.007 0.0095 0.023 0.007 -0.0175 -0.017 0.007 -0.018 -0.0165 0.007 -0.017 -0.017 0.007 -0.0165 -0.017 0.007 -0.017 -0.0175 0.007 -0.018 -0.017 0.007 0.0105 0.0205 0.007 0.011 0.0205 0.007 0.011 0.02 0.007 0.0115 0.0205 0.007 0.012 0.0205 0.007 0.0115 0.02 0.007 0.0125 0.0205 0.007 0.012 0.0205 0.007 0.0125 0.0205 0.007 0.0125 0.021 0.007 0.013 0.0205 0.007 0.013 0.021 0.007 0.0135 0.0205 0.007 -0.015 -0.019 0.007 -0.015 -0.0195 0.007 -0.0145 -0.0195 0.007 -0.0145 -0.02 0.007 0.015 0.019 0.007 0.015 0.0195 0.007 0.0145 0.0195 0.007 0.0145 0.02 0.007 -0.0125 -0.021 0.007 -0.013 -0.0205 0.007 -0.0125 -0.0205 0.007 -0.013 -0.021 0.007 -0.0135 -0.0205 0.007 -0.012 -0.0205 0.007 -0.011 -0.02 0.007 -0.0115 -0.0205 0.007 -0.0115 -0.02 0.007 -0.012 -0.0205 0.007 -0.0125 -0.0205 0.007 -0.0105 -0.0205 0.007 -0.011 -0.0205 0.007 0.017 0.0175 0.007 0.0175 0.017 0.007 0.017 0.017 0.007 0.0165 0.017 0.007 0.018 0.0165 0.007 0.018 0.017 0.007 -0.01 -0.022 0.007 -0.0095 -0.023 0.007 -0.0095 -0.0225 0.007 -0.01 -0.0225 0.007 0.018 0.017 0.007 0.0185 0.016 0.007 0.018 0.0165 0.007 0.019 0.016 0.007 -0.0095 -0.0225 0.007 -0.008 -0.0235 0.007 -0.0095 -0.023 0.007 -0.008 -0.023 0.007 0.019 0.016 0.007 0.019 0.0155 0.007 0.0185 0.016 0.007 -0.0075 -0.0235 0.007 -0.008 -0.023 0.007 -0.0075 -0.023 0.007 -0.007 -0.0235 0.007 -0.008 -0.0235 0.007 -0.007 -0.023 0.007 0.0185 0.014 0.007 0.019 0.0135 0.007 0.0195 0.0125 0.007 0.02 0.0125 0.007 0.019 0.014 0.007 0.0195 0.013 0.007 0.019 0.0145 0.007 0.019 0.013 0.007 -0.0055 -0.0225 0.007 -0.0045 -0.023 0.007 -0.005 -0.023 0.007 -0.005 -0.0225 0.007 -0.0045 -0.0235 0.007 0.021 0.012 0.007 0.021 0.0125 0.007 0.0215 0.0125 0.007 0.0215 0.012 0.007 -0.0045 -0.024 0.007 -0.0045 -0.0235 0.007 -0.004 -0.024 0.007 -0.0035 -0.0245 0.007 -0.0035 -0.024 0.007 -0.004 -0.0245 0.007 -0.0025 -0.0245 0.007 -0.0035 -0.024 0.007 -0.0035 -0.0245 0.007 0.0225 0.0105 0.007 0.022 0.01 0.007 0.022 0.0105 0.007 0.022 0.011 0.007 0.0225 0.01 0.007 0.022 0.0095 0.007 -0.002 -0.0245 0.007 -0.0015 -0.0245 0.007 -0.001 -0.024 0.007 -0.0015 -0.024 0.007 0.0215 0.0085 0.007 0.022 0.008 0.007 0.0215 0.008 0.007 0.0225 0.0075 0.007 0.022 0.0075 0.007 0.023 0.0075 0.007 0.023 0.007 0.007 0.001 -0.0235 0.007 0.0015 -0.024 0.007 0.001 -0.024 0.007 0.0005 -0.0235 0.007 -0.0005 -0.0235 0.007 0.0005 -0.023 0.007 -0.001 -0.0235 0.007 -0.0005 -0.023 0.007 -0.001 -0.024 0.007 -0.0015 -0.024 0.007 0.0235 0.007 0.007 0.0235 0.0065 0.007 0.023 0.007 0.007 0.023 0.0075 0.007 0.0235 0.0075 0.007 0.024 0.0065 0.007 0.0015 -0.024 0.007 0.002 -0.0245 0.007 0.0015 -0.0245 0.007 0.001 -0.024 0.007 0.024 0.0065 0.007 0.024 0.0055 0.007 0.0235 0.0065 0.007 0.0035 -0.0245 0.007 0.0025 -0.0245 0.007 0.0035 -0.024 0.007 0.0045 -0.024 0.007 0.004 -0.024 0.007 0.004 -0.0245 0.007 0.0035 -0.024 0.007 0.0035 -0.0245 0.007 0.0045 -0.0235 0.007 0.0235 0.002 0.007 0.024 0.002 0.007 0.024 0.0015 0.007 0.0235 0.004 0.007 0.0235 0.0035 0.007 0.023 0.0035 0.007 0.023 0.003 0.007 0.0045 -0.023 0.007 0.0045 -0.0235 0.007 0.005 -0.0225 0.007 0.005 -0.023 0.007 0.0055 -0.0225 0.007 0.0245 0.001 0.007 0.0245 0.0015 0.007 0.024 0.0015 0.007 0.024 0.002 0.007 0.008 -0.0235 0.007 0.0075 -0.023 0.007 0.008 -0.023 0.007 0.0075 -0.0235 0.007 0.007 -0.0235 0.007 0.007 -0.023 0.007 0.0095 -0.023 0.007 0.008 -0.023 0.007 0.0095 -0.0225 0.007 0.008 -0.0235 0.007 0.024 -0.0015 0.007 0.0245 -0.0015 0.007 0.024 -0.002 0.007 0.0245 -0.001 0.007 0.01 -0.022 0.007 0.0095 -0.0225 0.007 0.01 -0.0225 0.007 0.0095 -0.023 0.007 0.023 -0.003 0.007 0.0235 -0.002 0.007 0.024 -0.0015 0.007 0.024 -0.002 0.007 0.0235 -0.0035 0.007 0.023 -0.0035 0.007 0.0235 -0.004 0.007 0.0115 -0.02 0.007 0.011 -0.0205 0.007 0.011 -0.02 0.007 0.0105 -0.0205 0.007 0.0125 -0.0205 0.007 0.0115 -0.0205 0.007 0.0125 -0.0205 0.007 0.013 -0.021 0.007 0.0125 -0.021 0.007 0.013 -0.0205 0.007 0.0135 -0.0205 0.007 0.012 -0.0205 0.007 0.024 -0.0055 0.007 0.0235 -0.0065 0.007 0.024 -0.0065 0.007 0.0235 -0.0075 0.007 0.023 -0.007 0.007 0.023 -0.0075 0.007 0.0235 -0.007 0.007 0.024 -0.0065 0.007 0.0235 -0.0065 0.007 0.0145 -0.0195 0.007 0.015 -0.019 0.007 0.015 -0.0195 0.007 0.0145 -0.02 0.007 0.0215 -0.008 0.007 0.0215 -0.0085 0.007 0.022 -0.0075 0.007 0.022 -0.008 0.007 0.0225 -0.0075 0.007 0.023 -0.007 0.007 0.023 -0.0075 0.007 0.022 -0.0105 0.007 0.0225 -0.01 0.007 0.0225 -0.0105 0.007 0.022 -0.011 0.007 0.022 -0.01 0.007 0.022 -0.0095 0.007 0.0175 -0.017 0.007 0.017 -0.017 0.007 0.017 -0.0175 0.007 0.018 -0.017 0.007 0.018 -0.0165 0.007 0.0165 -0.017 0.007 0.018 -0.0165 0.007 0.019 -0.016 0.007 0.018 -0.017 0.007 0.0185 -0.016 0.007 0.0215 -0.012 0.007 0.021 -0.012 0.007 0.0215 -0.0125 0.007 0.021 -0.0125 0.007 0.019 -0.0155 0.007 0.0185 -0.016 0.007 0.019 -0.016 0.007 0.019 -0.0135 0.007 0.019 -0.013 0.007 0.0195 -0.013 0.007 0.02 -0.0125 0.007 0.019 -0.014 0.007 0.019 -0.0145 0.007 0.0185 -0.014 0.007 0.0195 -0.0125 0.007 -0.038 -0.0125 0.0325 -0.0325 -0.0235 0 -0.0325 -0.0235 0.0325 -0.0235 -0.0325 0 -0.0235 -0.0325 0.0325 -0.0125 -0.038 0 -0.0125 -0.038 0.0325 0.0125 -0.038 0.0325 0.0235 -0.0325 0 0.0235 -0.0325 0.0325 0.0325 -0.0235 0 0.0325 -0.0235 0.0325 0.038 -0.0125 0 0.038 -0.0125 0.0325 0.038 0.0125 0.0325 0.0325 0.0235 0 0.0325 0.0235 0.0325 0.0235 0.0325 0 0.0235 0.0325 0.0325 -0.0325 0.0235 0.0325 -0.038 0.0125 0 -0.038 0.0125 0.0325 -0.0235 0.0325 0.0325 -0.0325 0.0235 0 -0.0125 0.038 0.0325 -0.0235 0.0325 0 0.0125 0.038 0 0.038 0.0125 0 0.0125 -0.038 0 -0.038 -0.0125 0 -0.0125 0.038 0 -0.04 0 0.0325 -0.04 0.0005 0.029 -0.04 0 0.0295 -0.04 0 0 -0.04 -0.0005 0.026 -0.04 0 0.0255 0.04 0 0.0325 0.04 -0.0005 0.029 0.04 0 0.0295 0.04 0 0 0.04 0.0005 0.026 0.04 0 0.0255 0 0.04 0.0325 0.0005 0.04 0.029 0 0.04 0.0295 0 0.04 0 -0.0005 0.04 0.026 0 0.04 0.0255 0 -0.04 0.0325 -0.0005 -0.04 0.029 0 -0.04 0.0295 0 -0.04 0 0.0005 -0.04 0.026 0 -0.04 0.0255 0.0015 -0.04 0.0265 0.001 -0.04 0.026 0.001 -0.04 0.029 0.0005 -0.04 0.029 0.0015 -0.04 0.0285 0.0015 -0.04 0.027 0.0015 -0.04 0.028 0.002 -0.04 0.0275 -0.0015 -0.04 0.028 -0.0015 -0.04 0.0285 -0.001 -0.04 0.026 -0.0015 -0.04 0.0265 -0.0005 -0.04 0.026 -0.002 -0.04 0.0275 -0.0015 -0.04 0.027 -0.001 -0.04 0.029 -0.0015 0.04 0.0265 -0.001 0.04 0.026 -0.001 0.04 0.029 -0.0005 0.04 0.029 -0.0015 0.04 0.0285 -0.0015 0.04 0.027 -0.0015 0.04 0.028 -0.002 0.04 0.0275 0.0125 0.038 0.0325 0.0015 0.04 0.028 0.0015 0.04 0.0285 0.001 0.04 0.026 0.0015 0.04 0.0265 0.0005 0.04 0.026 0.002 0.04 0.0275 0.0015 0.04 0.027 0.001 0.04 0.029 0.04 0.0015 0.0265 0.04 0.001 0.026 0.04 0.001 0.029 0.04 0.0005 0.029 0.04 0.0015 0.0285 0.04 0.0015 0.027 0.04 0.0015 0.028 0.04 0.002 0.0275 0.04 -0.0015 0.028 0.04 -0.0015 0.0285 0.04 -0.001 0.026 0.04 -0.0015 0.0265 0.04 -0.0005 0.026 0.04 -0.002 0.0275 0.04 -0.0015 0.027 0.04 -0.001 0.029 -0.04 -0.0015 0.0265 -0.04 -0.001 0.026 -0.04 -0.001 0.029 -0.04 -0.0005 0.029 -0.04 -0.0015 0.0285 -0.04 -0.0015 0.027 -0.04 -0.0015 0.028 -0.04 -0.002 0.0275 -0.04 0.0015 0.028 -0.04 0.0015 0.0285 -0.04 0.001 0.026 -0.04 0.0015 0.0265 -0.04 0.0005 0.026 -0.04 0.002 0.0275 -0.04 0.0015 0.027 -0.04 0.001 0.029 -0.038 0.0125 0 -0.027 0.0155 0 -0.0305 0.0055 0 -0.0105 0.029 0 -0.0235 0.0325 0 -0.0125 0.038 0 0.0235 -0.0325 0 0.0105 -0.029 0 0.02 -0.0235 0 -0.038 -0.0125 0 -0.027 -0.0155 0 -0.0325 -0.0235 0 -0.02 0.0235 0 0 0.031 0 0 0.04 0 -0.02 -0.0235 0 -0.0235 -0.0325 0 -0.04 0 0 -0.0305 -0.0055 0 0.0125 0.038 0 0.0105 0.029 0 0.0235 0.0325 0 0.02 0.0235 0 0.0305 0.0055 0 0.04 0 0 0.0305 -0.0055 0 0.0325 0.0235 0 0.027 0.0155 0 0.038 0.0125 0 0.027 -0.0155 0 0.038 -0.0125 0 0.0325 -0.0235 0 0.0125 -0.038 0 0 -0.031 0 0 -0.04 0 -0.0125 -0.038 0 -0.0105 -0.029 0 -0.0325 0.0235 0 -0.0305 -0.0055 0 -0.0305 0.0055 0.0005 -0.0305 -0.0055 0.0005 -0.0105 0.029 0.0005 -0.02 0.0235 0 -0.0105 0.029 0 -0.02 0.0235 0.0005 -0.027 0.0155 0 -0.027 0.0155 0.0005 -0.0305 0.0055 0 -0.027 -0.0155 0 -0.027 -0.0155 0.0005 -0.02 -0.0235 0 -0.02 -0.0235 0.0005 -0.0105 -0.029 0 -0.0105 -0.029 0.0005 0 -0.031 0 0 -0.031 0.0005 0.0105 -0.029 0 0.0105 -0.029 0.0005 0.02 -0.0235 0 0.02 -0.0235 0.0005 0.027 -0.0155 0 0.027 -0.0155 0.0005 0.0305 -0.0055 0 0.0305 -0.0055 0.0005 0.0305 0.0055 0 0.0305 0.0055 0.0005 0.027 0.0155 0 0.027 0.0155 0.0005 0.02 0.0235 0 0.02 0.0235 0.0005 0.0105 0.029 0 0.0105 0.029 0.0005 0 0.031 0 0 0.031 0.0005 -0.032 -0.014 0.0325 -0.0325 -0.0235 0.0325 -0.026 -0.0235 0.0325 -0.035 -0.003 0.0325 -0.038 -0.0125 0.0325 -0.04 0 0.0325 -0.034 0.0085 0.0325 -0.038 0.0125 0.0325 -0.0325 0.0235 0.0325 -0.0215 0.0275 0.0325 -0.0235 0.0325 0.0325 0.038 -0.0125 0.0325 0.035 -0.003 0.0325 0.032 -0.014 0.0325 -0.0295 0.019 0.0325 -0.0115 0.033 0.0325 -0.0125 0.038 0.0325 0 0.035 0.0325 0 0.04 0.0325 0.0235 -0.0325 0.0325 0.026 -0.0235 0.0325 0.0165 -0.031 0.0325 0.0235 0.0325 0.0325 0.0115 0.033 0.0325 0.0215 0.0275 0.0325 0.0325 -0.0235 0.0325 0.0125 -0.038 0.0325 0.006 -0.0345 0.0325 0.0125 0.038 0.0325 0.038 0.0125 0.0325 0.0295 0.019 0.0325 0.034 0.0085 0.0325 0 -0.04 0.0325 0.0325 0.0235 0.0325 0.04 0 0.0325 -0.0235 -0.0325 0.0325 -0.0165 -0.031 0.0325 -0.0125 -0.038 0.0325 -0.006 -0.0345 0.0325 0 -0.035 0.0325 -0.035 0.0015 0.028 -0.034 0.0085 0.0325 -0.035 0.0015 0.0285 -0.035 0.0005 0.029 -0.035 -0.003 0.0325 -0.035 0 0.0295 -0.035 -0.0005 0.029 -0.035 -0.001 0.029 -0.035 0.001 0.029 -0.035 -0.0015 0.028 -0.035 -0.002 0.0275 -0.035 -0.003 0.0225 -0.035 -0.0015 0.027 -0.035 -0.0015 0.0265 -0.035 -0.0015 0.0285 -0.035 -0.0005 0.026 -0.035 0 0.0255 -0.035 0.0005 0.026 -0.034 0.0085 0.0225 -0.035 0.001 0.026 -0.035 -0.001 0.026 -0.0295 0.019 0.0325 -0.0295 0.019 0.0225 -0.035 0.002 0.0275 -0.035 0.0015 0.027 -0.035 0.0015 0.0265 -0.032 -0.014 0.0225 -0.032 -0.014 0.0325 -0.026 -0.0235 0.0225 -0.026 -0.0235 0.0325 -0.0165 -0.031 0.0225 -0.0165 -0.031 0.0325 -0.006 -0.0345 0.0225 0.0115 0.033 0.0225 0.0215 0.0275 0.0325 0.0115 0.033 0.0325 -0.002 -0.035 0.0275 -0.006 -0.0345 0.0325 -0.0015 -0.035 0.028 -0.0015 -0.035 0.0285 -0.001 -0.035 0.029 0 -0.035 0.0325 -0.0005 -0.035 0.029 0 -0.035 0.0295 0.001 -0.035 0.029 0.006 -0.0345 0.0325 0.0005 -0.035 0.029 0.0015 -0.035 0.0285 0.002 -0.035 0.0275 0.006 -0.0345 0.0225 0.0015 -0.035 0.027 0.0015 -0.035 0.0265 0.0015 -0.035 0.028 0.001 -0.035 0.026 0 -0.035 0.0225 0.0005 -0.035 0.026 0 -0.035 0.0255 -0.001 -0.035 0.026 -0.0005 -0.035 0.026 -0.0015 -0.035 0.027 -0.0015 -0.035 0.0265 0.0165 -0.031 0.0225 0.0165 -0.031 0.0325 0.026 -0.0235 0.0225 0.026 -0.0235 0.0325 0.032 -0.014 0.0225 0.032 -0.014 0.0325 0.035 -0.003 0.0225 0.035 -0.0015 0.028 0.035 -0.003 0.0325 0.035 -0.0015 0.0285 0.035 -0.0005 0.029 0.035 0 0.0295 0.035 0.0005 0.029 0.034 0.0085 0.0325 0.035 0.001 0.029 0.035 0.0015 0.028 0.035 0.002 0.0275 0.034 0.0085 0.0225 0.035 0.0015 0.027 0.035 0.0015 0.0265 0.035 0.0015 0.0285 0.035 -0.001 0.029 0.035 0.0005 0.026 0.035 0 0.0255 0.035 -0.0005 0.026 0.035 -0.001 0.026 -0.0215 0.0275 0.0325 -0.0215 0.0275 0.0225 -0.0115 0.033 0.0325 -0.0115 0.033 0.0225 0 0.035 0.0225 0.0005 0.035 0.026 0 0.035 0.0255 0 0.035 0.0325 -0.0005 0.035 0.029 0 0.035 0.0295 -0.0015 0.035 0.0285 -0.001 0.035 0.029 -0.001 0.035 0.026 -0.0005 0.035 0.026 -0.0015 0.035 0.0265 -0.0015 0.035 0.028 -0.002 0.035 0.0275 -0.0015 0.035 0.027 0.0015 0.035 0.027 0.0015 0.035 0.0265 0.001 0.035 0.029 0.0015 0.035 0.0285 0.0005 0.035 0.029 0.002 0.035 0.0275 0.0015 0.035 0.028 0.001 0.035 0.026 0.0215 0.0275 0.0225 0.0295 0.019 0.0325 0.0295 0.019 0.0225 0.035 -0.0015 0.027 0.035 -0.0015 0.0265 0.035 -0.002 0.0275 0.035 0.001 0.026 -0.001 -0.04 0.026 -0.0005 -0.035 0.026 -0.001 -0.035 0.026 0 -0.035 0.0255 -0.0005 -0.04 0.026 0 -0.04 0.0255 -0.0015 -0.04 0.0265 -0.0015 -0.035 0.0265 -0.0015 -0.04 0.027 -0.0015 -0.035 0.027 -0.002 -0.04 0.0275 -0.002 -0.035 0.0275 -0.0015 -0.035 0.028 -0.0015 -0.035 0.0285 -0.0015 -0.04 0.028 -0.0015 -0.04 0.0285 -0.001 -0.035 0.029 -0.001 -0.04 0.029 -0.0005 -0.04 0.029 0 -0.035 0.0295 0 -0.04 0.0295 0.001 -0.04 0.029 0.0005 -0.035 0.029 0.001 -0.035 0.029 0.0015 -0.04 0.0285 0.0015 -0.035 0.0285 0.0015 -0.04 0.028 0.0015 -0.035 0.028 0.002 -0.04 0.0275 0.0015 -0.035 0.027 0.0015 -0.04 0.027 0.0015 -0.04 0.0265 0.001 -0.035 0.026 0.001 -0.04 0.026 0.0005 -0.04 0.026 0.0005 -0.035 0.026 0.0015 -0.035 0.0265 0.002 -0.035 0.0275 0.0005 -0.04 0.029 -0.0005 -0.035 0.029 -0.0005 0.035 0.029 -0.001 0.04 0.029 -0.0005 0.04 0.029 0 0.035 0.0295 0 0.04 0.0295 -0.001 0.035 0.029 -0.0015 0.04 0.0285 -0.0015 0.035 0.0285 -0.0015 0.04 0.028 -0.0015 0.035 0.028 -0.002 0.04 0.0275 -0.002 0.035 0.0275 -0.0015 0.035 0.027 -0.0015 0.035 0.0265 -0.0015 0.04 0.027 -0.0015 0.04 0.0265 -0.001 0.035 0.026 0 0.035 0.0255 -0.0005 0.04 0.026 -0.0005 0.035 0.026 -0.001 0.04 0.026 0.0005 0.035 0.026 0.001 0.04 0.026 0.0005 0.04 0.026 0 0.04 0.0255 0.001 0.035 0.026 0.0015 0.04 0.0265 0.0015 0.035 0.0265 0.0015 0.04 0.027 0.0015 0.035 0.027 0.002 0.04 0.0275 0.002 0.035 0.0275 0.0015 0.035 0.028 0.0015 0.035 0.0285 0.0015 0.04 0.028 0.0015 0.04 0.0285 0.001 0.035 0.029 0.0005 0.04 0.029 0.0005 0.035 0.029 0.001 0.04 0.029 0.035 0.0005 0.029 0.04 0.001 0.029 0.04 0.0005 0.029 0.035 0 0.0295 0.04 0 0.0295 0.035 0.001 0.029 0.04 0.0015 0.0285 0.035 0.0015 0.028 0.04 0.002 0.0275 0.04 0.0015 0.028 0.035 0.002 0.0275 0.035 0.0015 0.027 0.035 0.0015 0.0265 0.04 0.0015 0.027 0.04 0.0015 0.0265 0.035 0.001 0.026 0.035 0 0.0255 0.04 0.0005 0.026 0.035 0.0005 0.026 0.04 0.001 0.026 0.035 -0.0005 0.026 0.04 -0.001 0.026 0.04 -0.0005 0.026 0.04 0 0.0255 0.035 -0.001 0.026 0.04 -0.0015 0.0265 0.035 -0.0015 0.0265 0.04 -0.0015 0.027 0.035 -0.0015 0.027 0.04 -0.002 0.0275 0.035 -0.002 0.0275 0.035 -0.0015 0.028 0.035 -0.0015 0.0285 0.04 -0.0015 0.028 0.04 -0.0015 0.0285 0.035 -0.001 0.029 0.04 -0.0005 0.029 0.035 -0.0005 0.029 0.04 -0.001 0.029 0.035 0.0015 0.0285 -0.035 0 0.0295 -0.04 -0.0005 0.029 -0.04 0 0.0295 -0.035 -0.0005 0.029 -0.035 -0.001 0.029 -0.04 -0.0015 0.0285 -0.04 -0.001 0.029 -0.035 -0.0015 0.0285 -0.04 -0.0015 0.028 -0.035 -0.0015 0.028 -0.04 -0.002 0.0275 -0.035 -0.002 0.0275 -0.035 -0.0015 0.027 -0.035 -0.0015 0.0265 -0.04 -0.0015 0.027 -0.04 -0.0015 0.0265 -0.035 -0.001 0.026 -0.035 0 0.0255 -0.04 -0.0005 0.026 -0.035 -0.0005 0.026 -0.04 -0.001 0.026 -0.035 0.0005 0.026 -0.04 0.001 0.026 -0.04 0.0005 0.026 -0.04 0 0.0255 -0.035 0.001 0.026 -0.04 0.0015 0.0265 -0.035 0.0015 0.0265 -0.04 0.0015 0.027 -0.035 0.0015 0.027 -0.04 0.002 0.0275 -0.035 0.002 0.0275 -0.035 0.0015 0.028 -0.035 0.0015 0.0285 -0.04 0.0015 0.028 -0.04 0.0015 0.0285 -0.035 0.001 0.029 -0.04 0.0005 0.029 -0.035 0.0005 0.029 -0.04 0.001 0.029 0.0235 0.099 0.109 0.0225 0.094 0.1095 0.0235 0.094 0.109 0.025 0.099 0.1095 0.025 0.094 0.1095 0.026 0.099 0.1105 0.026 0.094 0.1105 0.026 0.099 0.1115 0.026 0.094 0.1115 0.0225 0.099 0.1095 0.0215 0.094 0.1105 0.0215 0.099 0.1105 0.021 0.094 0.1115 0.021 0.099 0.1115 0.0215 0.094 0.113 0.0215 0.099 0.113 0.0225 0.094 0.114 0.0225 0.099 0.114 0.0235 0.094 0.114 0.0235 0.099 0.114 0.025 0.094 0.114 0.025 0.099 0.114 0.026 0.094 0.113 0.026 0.099 0.113 -0.02 0.099 0.06 0.0215 0.099 0.063 0.0225 0.099 0.062 0.026 0.099 0.0655 0.028 0.099 0.063 0.026 0.099 0.0645 0.025 0.099 0.0665 0.028 0.099 0.108 0.021 0.099 0.0645 0.025 0.099 0.06 0.025 0.099 0.062 0.0265 0.099 0.06 0.0235 0.099 0.067 0.019 0.099 0.088 -0.004 0.099 0.0695 0.0215 0.099 0.0655 0.0235 0.099 0.062 0.026 0.099 0.063 0.004 0.099 0.0695 0.012 0.099 0.073 -0.02 0.099 0.108 -0.004 0.099 0.1065 -0.012 0.099 0.103 0.017 0.099 0.0795 0.0225 0.099 0.0665 0.017 0.099 0.0965 -0.017 0.099 0.0965 -0.019 0.099 0.088 0.028 0.099 0.0615 0.026 0.099 0.1115 0.028 0.099 0.113 -0.0215 0.099 0.1105 -0.021 0.099 0.1115 -0.0215 0.099 0.063 -0.021 0.099 0.0645 -0.0235 0.099 0.067 -0.028 0.099 0.108 -0.0235 0.099 0.062 -0.025 0.099 0.06 -0.025 0.099 0.062 -0.0265 0.099 0.06 -0.026 0.099 0.063 -0.028 0.099 0.063 -0.026 0.099 0.0645 0.012 0.099 0.103 -0.017 0.099 0.0795 -0.012 0.099 0.073 0.004 0.099 0.1065 0.025 0.099 0.1095 0.026 0.099 0.1105 -0.02 0.099 0.116 0.0225 0.099 0.114 0.0215 0.099 0.113 0.026 0.099 0.113 0.028 0.099 0.1145 0.0215 0.099 0.1105 0.0225 0.099 0.1095 -0.026 0.099 0.0655 -0.0225 0.099 0.0665 -0.028 0.099 0.0615 -0.025 0.099 0.0665 0.0265 0.099 0.116 0.025 0.099 0.114 -0.0225 0.099 0.062 -0.0215 0.099 0.0655 0.021 0.099 0.1115 0.0235 0.099 0.109 0.025 0.099 0.116 0.0235 0.099 0.114 -0.0225 0.099 0.1095 -0.0265 0.099 0.116 -0.026 0.099 0.113 -0.028 0.099 0.1145 -0.0215 0.099 0.113 -0.026 0.099 0.1105 -0.025 0.099 0.1095 -0.0225 0.099 0.114 -0.026 0.099 0.1115 -0.0235 0.099 0.109 -0.025 0.099 0.116 -0.025 0.099 0.114 -0.028 0.099 0.113 -0.0235 0.099 0.114 0.019 0.099 0.088 0.017 0.101 0.0965 0.017 0.099 0.0965 0.012 0.101 0.103 0.012 0.099 0.103 0.004 0.101 0.1065 0.004 0.099 0.1065 -0.004 0.101 0.1065 -0.004 0.099 0.1065 -0.012 0.101 0.103 -0.012 0.099 0.103 -0.017 0.101 0.0965 -0.017 0.099 0.0965 -0.019 0.101 0.088 -0.019 0.099 0.088 -0.017 0.101 0.0795 -0.017 0.099 0.0795 -0.012 0.101 0.073 -0.012 0.099 0.073 -0.004 0.101 0.0695 -0.004 0.099 0.0695 0.004 0.101 0.0695 0.004 0.099 0.0695 0.012 0.101 0.073 0.012 0.099 0.073 0.017 0.099 0.0795 0.019 0.101 0.088 0.017 0.101 0.0795 0 0.1205 0.088 0.0015 0.1205 0.0855 0 0.1205 0.085 -0.0015 0.1205 0.0855 -0.0025 0.1205 0.0865 -0.003 0.1205 0.088 -0.0025 0.1205 0.0895 -0.0015 0.1205 0.0905 0 0.1205 0.091 0.0015 0.1205 0.0905 0.0025 0.1205 0.0895 0.003 0.1205 0.088 0.0025 0.1205 0.0865 -0.002 0.1055 0.0915 0.002 0.1055 0.0915 0 0.1055 0.092 0 0.12 0.0915 0.002 0.1055 0.0915 0.002 0.1195 0.0915 -0.002 0.1195 0.0915 -0.002 0.1055 0.0915 -0.0035 0.1195 0.086 -0.0015 0.1205 0.0855 -0.002 0.1195 0.0845 -0.004 0.1195 0.088 -0.0025 0.1205 0.0865 0.004 0.1195 0.088 0.0025 0.1205 0.0895 0.0035 0.1195 0.09 0 0.1205 0.085 0 0.1195 0.084 0.0015 0.1205 0.0855 0.002 0.1195 0.0845 0.0025 0.1205 0.0865 0.0035 0.1195 0.086 0.003 0.1205 0.088 -0.002 0.1195 0.0915 -0.0025 0.1205 0.0895 -0.0035 0.1195 0.09 0 0.12 0.0915 -0.0015 0.1205 0.0905 0.0015 0.1205 0.0905 0 0.1205 0.091 0.002 0.1195 0.0915 -0.003 0.1205 0.088 -0.002 0.1195 0.0845 -0.0035 0.101 0.086 -0.0035 0.1195 0.086 0.004 0.101 0.088 0.0035 0.1195 0.09 0.0035 0.101 0.09 -0.0035 0.101 0.09 -0.004 0.1195 0.088 -0.004 0.101 0.088 -0.0035 0.1195 0.09 0.004 0.1195 0.088 0 0.1195 0.084 -0.002 0.101 0.0845 0.0035 0.1195 0.086 0.002 0.101 0.0845 0.002 0.1195 0.0845 0.0035 0.101 0.086 0.002 0.1055 0.0915 0.002 0.101 0.0915 0 0.101 0.084 0 0.1055 0.092 0 0.101 0.092 -0.002 0.1055 0.0915 -0.002 0.101 0.0915 -0.002 0.1195 0.0915 0.002 0.1195 0.0915 0.001 0.024 0.128 0.002 0.024 0.128 0.002 0.0245 0.128 0.002 0.0235 0.128 0.0015 0.023 0.128 0.001 0.023 0.128 0.0005 0.023 0.128 0 0.0235 0.128 0 0.024 0.128 0 0.0245 0.128 0.0005 0.0245 0.128 0.001 0.025 0.128 0.0015 0.0245 0.128 0.002 0.0235 0.128 0.002 0.024 0.118 0.002 0.024 0.128 0.0015 0.023 0.128 0.002 0.0235 0.118 0.001 0.023 0.128 0.0015 0.023 0.118 0.0005 0.023 0.128 0.001 0.023 0.118 0 0.0235 0.128 0.0005 0.023 0.118 0 0.024 0.128 0 0.0235 0.118 0.002 0.0245 0.118 0.0005 0.0245 0.128 0 0.0245 0.118 0 0.0245 0.128 0.001 0.025 0.128 0.0005 0.0245 0.118 0.0015 0.0245 0.128 0.001 0.025 0.118 0.002 0.0245 0.128 0.0015 0.0245 0.118 0 0.024 0.118 0.0216 0.1356 0.1092 0.0216 0.1344 0.1092 0.0216 0.1344 0.1104 0.0216 0.1356 0.1104 0.0228 0.1356 0.108 0.0228 0.1344 0.108 0.024 0.1344 0.108 0.024 0.1356 0.1068 0.0252 0.1356 0.1068 0.0252 0.1344 0.108 0.0264 0.1344 0.1068 0.0264 0.1356 0.1056 0.0264 0.1344 0.1056 0.0264 0.1356 0.1044 0.0264 0.1344 0.1032 0.0264 0.1356 0.1032 0.0264 0.1344 0.102 0.0264 0.1356 0.102 0.0276 0.1356 0.1008 0.0276 0.1344 0.102 0.0216 0.1344 0.1116 0.0216 0.1356 0.1116 0.0288 0.1356 0.0996 0.0288 0.1344 0.1008 0.03 0.1344 0.0996 0.03 0.1356 0.0996 0.0312 0.1356 0.084 0.0312 0.1344 0.084 0.0216 0.1344 0.1128 0.0204 0.1356 0.1116 0.0204 0.1344 0.1128 0.0192 0.1356 0.1128 0.0204 0.1356 0.1128 0.018 0.1344 0.1128 0.018 0.1356 0.1128 0.0132 0.1356 0.1164 0.012 0.1344 0.1176 0.0132 0.1344 0.1176 0.0144 0.1344 0.1176 0.0144 0.1356 0.1164 0.03 0.1356 0.0984 0.03 0.1344 0.0972 0.0288 0.1356 0.0972 0.03 0.1344 0.096 0.0288 0.1356 0.0948 0.03 0.1344 0.0948 0.03 0.1356 0.0936 0.0312 0.1356 0.0924 0.03 0.1344 0.0936 0.0312 0.1344 0.0936 0.0312 0.1344 0.0924 0.0312 0.1356 0.0912 0.0312 0.1344 0.0912 0.0312 0.1344 0.09 0.03 0.1356 0.09 0.03 0.1344 0.0888 0.03 0.1356 0.0888 0.03 0.1344 0.0876 0.03 0.1356 0.0876 0.03 0.1356 0.0864 0.0312 0.1356 0.0852 0.0312 0.1344 0.0864 0.0312 0.1344 0.0852 0.0312 0.1344 0.0828 0.0312 0.1356 0.0828 0.0288 0.1356 0.0816 0.03 0.1344 0.0816 0.03 0.1344 0.0804 0.0288 0.1356 0.0804 0.0168 0.1356 0.1128 0.0168 0.1344 0.114 0.0156 0.1356 0.1152 0.0156 0.1344 0.1152 0.0288 0.1344 0.0804 0.0288 0.1344 0.0792 0.0288 0.1356 0.0792 0.0288 0.1356 0.0768 0.03 0.1344 0.078 0.03 0.1344 0.0768 0.0288 0.1356 0.1008 0.0156 0.1344 0.1164 0.0228 0.1344 0.1092 0.03 0.1344 0.0984 0.0288 0.1356 0.0756 0.0288 0.1344 0.0756 0.0288 0.1344 0.0744 0.0264 0.1356 0.0744 0.0276 0.1344 0.0744 0.0264 0.1344 0.0744 0.0252 0.1356 0.0744 0.0264 0.1344 0.0732 0.0252 0.1356 0.0732 0.0264 0.1344 0.072 0.0252 0.1356 0.0708 0.0264 0.1344 0.0708 0.0252 0.1356 0.0696 0.0252 0.1344 0.0696 0.0252 0.1344 0.0684 0.024 0.1356 0.0696 0.024 0.1344 0.0684 0.024 0.1356 0.0684 0.0216 0.1356 0.0684 0.0228 0.1344 0.0684 0.0216 0.1344 0.0672 0.0204 0.1356 0.0672 0.0204 0.1356 0.0648 0.0204 0.1344 0.066 0.0204 0.1344 0.0648 0.0192 0.1356 0.0648 0.0204 0.1344 0.0636 0.0192 0.1356 0.0636 0.018 0.1356 0.0636 0.0192 0.1344 0.0636 0.018 0.1344 0.0624 0.0168 0.1344 0.0636 0.0168 0.1356 0.0636 0.0156 0.1356 0.0636 0.0168 0.1344 0.0624 0.0156 0.1344 0.0624 0.0144 0.1356 0.0624 0.0144 0.1344 0.0612 0.0132 0.1356 0.0612 0.0144 0.1344 0.06 0.0132 0.1344 0.06 0.0132 0.1356 0.06 0.012 0.1344 0.0588 0.012 0.1356 0.06 0.0108 0.1356 0.06 0.0096 0.1356 0.06 0.0096 0.1344 0.06 0.0084 0.1344 0.06 0.0084 0.1356 0.06 0.0072 0.1356 0.06 0.0084 0.1344 0.0588 0.006 0.1356 0.0588 0.0072 0.1344 0.0588 0.006 0.1344 0.0576 0.006 0.1356 0.0576 0.0048 0.1356 0.0576 0.0048 0.1344 0.0576 0.0036 0.1356 0.0576 0.0036 0.1344 0.0576 0.0036 0.1356 0.0588 0.0024 0.1344 0.0588 0.0024 0.1356 0.0588 0.0012 0.1344 0.0588 0.0012 0.1356 0.0588 0 0.1356 0.0588 0 0.1344 0.0588 -0.0012 0.1356 0.0576 0 0.1344 0.0576 -0.0012 0.1344 0.0576 -0.0024 0.1356 0.0576 -0.0024 0.1344 0.0564 -0.0036 0.1344 0.0564 -0.0036 0.1344 0.0576 -0.0036 0.1356 0.0576 -0.006 0.1344 0.0588 -0.0036 0.1356 0.0588 -0.006 0.1356 0.06 -0.0072 0.1356 0.06 -0.0072 0.1344 0.0588 -0.0084 0.1356 0.06 -0.0084 0.1344 0.0588 -0.0096 0.1356 0.0588 -0.0096 0.1344 0.0588 -0.0108 0.1356 0.0588 -0.0108 0.1344 0.0588 -0.0108 0.1356 0.06 -0.012 0.1344 0.0588 -0.012 0.1356 0.06 -0.012 0.1356 0.0612 -0.0132 0.1344 0.0612 -0.0132 0.1356 0.0624 -0.0144 0.1356 0.0624 -0.0144 0.1344 0.0624 -0.0168 0.1356 0.0624 -0.0156 0.1344 0.0624 -0.0168 0.1344 0.0612 -0.0168 0.1344 0.0624 -0.018 0.1356 0.0636 -0.018 0.1344 0.0624 -0.018 0.1344 0.0636 -0.0192 0.1344 0.0636 -0.018 0.1356 0.0648 -0.0192 0.1356 0.066 -0.0192 0.1344 0.0648 -0.0192 0.1344 0.066 -0.0204 0.1356 0.0672 -0.0204 0.1344 0.066 -0.0216 0.1356 0.0672 -0.0216 0.1344 0.066 -0.0228 0.1344 0.0672 -0.0228 0.1356 0.0672 -0.0228 0.1356 0.0684 -0.024 0.1344 0.0672 -0.024 0.1356 0.0684 -0.024 0.1344 0.0684 -0.024 0.1356 0.0696 -0.024 0.1356 0.0708 -0.024 0.1344 0.0708 -0.0252 0.1344 0.072 -0.024 0.1356 0.072 -0.024 0.1344 0.0696 -0.012 0.1344 0.06 -0.0048 0.1356 0.0588 0.0324 0.1344 0.0912 0.0288 0.1356 0.096 0.0156 0.1356 0.114 0.0144 0.1344 0.1164 0.0108 0.1356 0.1164 0.0108 0.1344 0.1164 -0.0132 0.1284 0.0612 -0.0132 0.1272 0.0624 -0.012 0.1284 0.0612 -0.012 0.1272 0.0612 -0.012 0.1272 0.06 -0.012 0.1284 0.0588 -0.0108 0.1272 0.06 -0.0108 0.1284 0.0588 -0.0108 0.1272 0.0588 -0.0096 0.1284 0.0588 -0.0096 0.1272 0.0588 -0.0084 0.1284 0.0588 -0.0084 0.1272 0.0588 -0.0072 0.1284 0.0588 -0.0084 0.1272 0.06 -0.006 0.1284 0.0588 -0.0072 0.1272 0.06 -0.0048 0.1272 0.0588 -0.006 0.1272 0.06 -0.0048 0.1284 0.0576 -0.0036 0.1272 0.0576 -0.0036 0.1284 0.0576 -0.0036 0.1272 0.0588 -0.0024 0.1284 0.0564 -0.0024 0.1272 0.0576 -0.0012 0.1272 0.0576 -0.0012 0.1284 0.0576 0 0.1284 0.0576 0 0.1272 0.0588 0.0012 0.1284 0.0588 0.0012 0.1272 0.0588 0 0.1284 0.0588 0.0024 0.1284 0.0588 0.0024 0.1284 0.0576 0.0048 0.1272 0.0576 0.0024 0.1272 0.0588 0.0048 0.1284 0.0576 0.006 0.1284 0.0576 0.006 0.1272 0.0576 0.006 0.1272 0.0588 0.0072 0.1284 0.0588 0.0072 0.1272 0.06 0.0084 0.1284 0.06 0.0084 0.1284 0.0588 0.0084 0.1272 0.06 0.0096 0.1284 0.06 0.0108 0.1284 0.06 0.012 0.1272 0.06 0.0096 0.1272 0.06 0.012 0.1284 0.0588 0.0132 0.1284 0.0588 0.0132 0.1272 0.06 0.0132 0.1284 0.06 0.0144 0.1284 0.06 0.0132 0.1272 0.0612 0.0144 0.1284 0.0612 0.0156 0.1284 0.0624 0.0144 0.1272 0.0624 0.0144 0.1272 0.0636 0.0168 0.1284 0.0636 0.0156 0.1272 0.0636 0.018 0.1284 0.0624 0.0168 0.1272 0.0636 0.018 0.1272 0.0636 0.0192 0.1284 0.0636 0.0192 0.1272 0.0636 0.0192 0.1284 0.0624 0.0204 0.1284 0.0636 0.0192 0.1272 0.0648 0.0204 0.1284 0.0648 0.0204 0.1272 0.0648 0.0204 0.1284 0.066 0.0204 0.1272 0.0672 0.0216 0.1284 0.0672 0.0216 0.1272 0.0684 0.0228 0.1284 0.0684 0.024 0.1272 0.0684 0.0312 0.1272 0.0912 0.0312 0.1284 0.0912 0.0324 0.1284 0.0912 0.0312 0.1284 0.09 0.0312 0.1284 0.0924 0.0312 0.1272 0.0924 0.0312 0.1284 0.0936 0.03 0.1272 0.0936 0.03 0.1284 0.0948 0.0288 0.1272 0.0936 0.0288 0.1272 0.0948 0.03 0.1284 0.096 0.0288 0.1272 0.096 0.0288 0.1272 0.0972 0.03 0.1272 0.0984 0.03 0.1284 0.0972 0.03 0.1284 0.0984 0.0288 0.1272 0.0996 0.03 0.1284 0.0996 0.0288 0.1284 0.1008 0.0276 0.1272 0.1008 0.0276 0.1284 0.102 0.0264 0.1272 0.102 0.0264 0.1284 0.1032 0.0264 0.1272 0.1032 0.0264 0.1284 0.1044 0.0264 0.1272 0.1056 0.0264 0.1284 0.1056 0.0252 0.1272 0.1068 0.0264 0.1284 0.1068 -0.0144 0.1272 0.0624 -0.0144 0.1284 0.0624 -0.0156 0.1272 0.0624 -0.0156 0.1284 0.0612 -0.0168 0.1284 0.0612 -0.0168 0.1272 0.0624 -0.0168 0.1284 0.0624 -0.018 0.1284 0.0624 -0.018 0.1272 0.0636 -0.018 0.1284 0.0636 -0.0192 0.1284 0.0648 -0.0192 0.1284 0.066 -0.018 0.1272 0.0648 -0.0192 0.1272 0.066 0.0312 0.1284 0.0888 0.03 0.1272 0.0888 0.03 0.1284 0.0888 0.0252 0.1284 0.108 0.024 0.1284 0.108 0.0228 0.1272 0.108 0.0228 0.1284 0.108 0.0228 0.1284 0.1092 0.0216 0.1272 0.108 0.0216 0.1284 0.1104 0.0216 0.1272 0.1116 0.0216 0.1272 0.1092 0.0216 0.1284 0.1092 0.0204 0.1272 0.1116 0.0216 0.1284 0.1116 0.0216 0.1284 0.1128 0.0204 0.1272 0.1128 0.0204 0.1284 0.1128 0.0192 0.1284 0.1128 0.0192 0.1272 0.1128 0.018 0.1272 0.1128 0.018 0.1284 0.114 0.0168 0.1272 0.1128 0.018 0.1284 0.1128 0.0168 0.1284 0.114 0.0156 0.1272 0.114 0.0156 0.1284 0.1152 0.0156 0.1272 0.1152 0.0156 0.1284 0.1164 0.0144 0.1272 0.1164 0.0144 0.1284 0.1176 0.0132 0.1272 0.1164 0.0132 0.1284 0.1176 0.012 0.1284 0.1176 0.0108 0.1272 0.1164 0.0108 0.1284 0.1164 0.0144 0.1284 0.1164 0.0312 0.1272 0.09 0.03 0.1272 0.09 0.03 0.1284 0.0876 0.03 0.1272 0.0876 0.03 0.1284 0.0864 0.03 0.1272 0.0864 0.0312 0.1284 0.0864 0.0312 0.1284 0.0852 0.0312 0.1272 0.0852 0.0312 0.1272 0.084 0.0312 0.1284 0.0828 0.0312 0.1272 0.0828 0.03 0.1284 0.0816 0.0288 0.1272 0.0804 0.03 0.1284 0.0804 0.0288 0.1272 0.0816 0.0288 0.1272 0.0792 0.0288 0.1284 0.0804 0.0288 0.1272 0.078 0.0288 0.1284 0.0792 0.03 0.1284 0.078 0.03 0.1284 0.0768 0.0288 0.1272 0.0768 0.0288 0.1272 0.0756 0.0288 0.1284 0.0756 0.0276 0.1272 0.0756 0.0276 0.1284 0.0744 0.0264 0.1272 0.0744 0.0264 0.1284 0.0744 0.0252 0.1272 0.0744 0.0264 0.1284 0.0732 0.0252 0.1272 0.072 0.0252 0.1272 0.0732 0.0264 0.1284 0.072 0.0252 0.1272 0.0708 0.0264 0.1284 0.0708 0.0252 0.1284 0.0696 0.0252 0.1272 0.0696 0.0252 0.1284 0.0684 0.024 0.1272 0.0696 0.024 0.1284 0.0684 0.0036 0.1284 0.0576 -0.0204 0.1284 0.066 -0.0192 0.1272 0.0672 -0.0216 0.1284 0.066 -0.0216 0.1272 0.0672 -0.0228 0.1272 0.0672 -0.0228 0.1284 0.0672 -0.0228 0.1272 0.0684 -0.024 0.1284 0.0672 -0.024 0.1284 0.0684 -0.024 0.1272 0.0696 -0.024 0.1284 0.0696 -0.024 0.1272 0.0708 -0.024 0.1272 0.072 -0.024 0.1284 0.0708 0.0312 0.1284 0.084 -0.024 0.1272 0.0684 -0.0252 0.1284 0.072 -0.0228 0.1284 0.0912 -0.0204 0.1344 0.09 -0.0204 0.1284 0.09 -0.0228 0.1344 0.0912 -0.024 0.1284 0.0924 -0.024 0.1344 0.0924 -0.018 0.1284 0.0852 -0.018 0.1344 0.0864 -0.018 0.1344 0.0852 -0.0192 0.1284 0.084 -0.0192 0.1344 0.084 -0.0204 0.1344 0.09 -0.018 0.1284 0.0888 -0.0204 0.1284 0.09 -0.018 0.1344 0.0888 -0.018 0.1284 0.0876 -0.018 0.1344 0.0876 -0.018 0.1284 0.0864 -0.0216 0.1344 0.0828 -0.0192 0.1284 0.084 -0.0192 0.1344 0.084 -0.0228 0.1344 0.0816 -0.0216 0.1284 0.0828 -0.0228 0.1284 0.0816 -0.0132 0.1284 0.0708 -0.0108 0.1344 0.072 -0.0108 0.1284 0.072 -0.0132 0.1344 0.0708 -0.0156 0.1284 0.0696 -0.0156 0.1344 0.0696 -0.0084 0.1344 0.0732 -0.0072 0.1284 0.072 -0.0084 0.1284 0.0732 -0.006 0.1344 0.0708 -0.006 0.1284 0.0696 -0.006 0.1284 0.0708 -0.006 0.1344 0.0696 -0.0108 0.1344 0.072 -0.0096 0.1284 0.0732 -0.0108 0.1284 0.072 -0.0096 0.1344 0.0732 -0.0072 0.1344 0.072 -0.006 0.1284 0.0672 -0.0048 0.1344 0.0648 -0.0048 0.1284 0.0648 -0.006 0.1344 0.0672 -0.006 0.1284 0.0696 -0.006 0.1344 0.0696 0.0096 0.1344 0.0684 0.0084 0.1284 0.066 0.0084 0.1344 0.066 0.0084 0.1344 0.0708 0.0096 0.1284 0.0684 0.0084 0.1284 0.0708 0.0144 0.1284 0.0744 0.012 0.1344 0.0744 0.0144 0.1344 0.0744 0.012 0.1284 0.0744 0.0108 0.1344 0.0744 0.0108 0.1284 0.0744 0.0096 0.1344 0.0732 0.0084 0.1344 0.072 0.0096 0.1284 0.0732 0.0084 0.1284 0.072 0.0084 0.1344 0.0708 0.0084 0.1284 0.0708 0.018 0.1344 0.072 0.0156 0.1284 0.072 0.0156 0.1344 0.072 0.0144 0.1284 0.0744 0.018 0.1284 0.072 0.0144 0.1344 0.0744 0.0228 0.1284 0.0864 0.0204 0.1344 0.0876 0.0204 0.1284 0.0876 0.0228 0.1344 0.0864 0.024 0.1284 0.0852 0.024 0.1344 0.0852 0.018 0.1344 0.0888 0.018 0.1284 0.0912 0.018 0.1284 0.0888 0.0192 0.1344 0.0876 0.0192 0.1284 0.0876 0.018 0.1344 0.0912 0.018 0.1284 0.0924 0.018 0.1344 0.0924 0.0204 0.1344 0.0876 0.0192 0.1284 0.0936 0.0204 0.1284 0.0876 0.0192 0.1344 0.0936 0.0216 0.1284 0.0948 0.024 0.1344 0.096 0.024 0.1284 0.096 0.0216 0.1344 0.0948 0.0192 0.1284 0.0936 0.0192 0.1344 0.0936 0.0156 0.1284 0.108 0.0132 0.1344 0.1068 0.0132 0.1284 0.1068 0.0108 0.1344 0.1056 0.0108 0.1284 0.1056 0.0156 0.1344 0.108 0.0096 0.1284 0.1044 0.0108 0.1344 0.1056 0.0096 0.1344 0.1044 0.0084 0.1284 0.1044 0.0084 0.1344 0.1044 0.0072 0.1284 0.1044 0.0072 0.1344 0.1044 0.006 0.1284 0.1068 0.006 0.1344 0.1068 0.006 0.1284 0.108 0.006 0.1344 0.108 0.0108 0.1284 0.1056 0.006 0.1344 0.1104 0.006 0.1284 0.108 0.006 0.1344 0.108 0.006 0.1284 0.1104 0.0048 0.1344 0.1128 0.0048 0.1284 0.1128 -0.0084 0.1344 0.1068 -0.0084 0.1284 0.1056 -0.0084 0.1284 0.1068 -0.0084 0.1344 0.1056 -0.0096 0.1284 0.1032 -0.0096 0.1344 0.1032 -0.0108 0.1284 0.1032 -0.0108 0.1344 0.1032 -0.012 0.1284 0.1032 -0.012 0.1344 0.1032 -0.0132 0.1284 0.1032 -0.0132 0.1344 0.1032 -0.0156 0.1344 0.1044 -0.0132 0.1284 0.1032 -0.0132 0.1344 0.1032 -0.0156 0.1284 0.1044 -0.018 0.1344 0.1056 -0.018 0.1284 0.1056 -0.0192 0.1344 0.1068 -0.0192 0.1284 0.1068 -0.0192 0.1344 0.1056 -0.0192 0.1284 0.1056 -0.0192 0.1284 0.108 -0.0192 0.1344 0.108 -0.018 0.1344 0.1056 -0.018 0.1284 0.1056 -0.0204 0.1344 0.0744 -0.0216 0.1284 0.0768 -0.0204 0.1284 0.0744 -0.0216 0.1344 0.0768 -0.0216 0.1284 0.0792 -0.0216 0.1344 0.0792 -0.0192 0.1284 0.0804 -0.0192 0.1344 0.0804 -0.0168 0.1284 0.0816 -0.0168 0.1344 0.0816 -0.0144 0.1284 0.0816 -0.0144 0.1344 0.0816 -0.0132 0.1284 0.0792 -0.0132 0.1344 0.0792 -0.012 0.1284 0.0768 -0.012 0.1344 0.0768 -0.012 0.1284 0.0744 -0.012 0.1344 0.0744 -0.0144 0.1284 0.0732 -0.0144 0.1344 0.0732 -0.0168 0.1284 0.072 -0.0168 0.1344 0.072 -0.0192 0.1284 0.072 -0.0192 0.1344 0.072 0.006 0.1344 0.0684 0.006 0.1284 0.066 0.006 0.1284 0.0684 -0.0036 0.1284 0.0672 -0.0024 0.1344 0.0648 -0.0036 0.1344 0.0672 -0.0024 0.1284 0.0696 -0.0024 0.1344 0.0696 -0.0012 0.1284 0.072 -0.0012 0.1344 0.072 0.0012 0.1284 0.0732 0.0012 0.1344 0.0732 0.0036 0.1284 0.072 0.0036 0.1344 0.072 0.006 0.1284 0.0708 0.006 0.1344 0.0708 0.006 0.1344 0.066 0.0048 0.1284 0.0636 0.0048 0.1344 0.0636 0.0024 0.1284 0.0636 0.0024 0.1344 0.0636 0 0.1284 0.0636 0 0.1344 0.0636 -0.0024 0.1284 0.0648 0.0144 0.1344 0.0768 0.0144 0.1284 0.0792 0.0144 0.1284 0.0768 0.0144 0.1344 0.0792 0.0144 0.1284 0.0816 0.0144 0.1344 0.0816 0.0156 0.1284 0.084 0.0156 0.1344 0.084 0.018 0.1284 0.084 0.018 0.1344 0.084 0.0204 0.1284 0.084 0.0204 0.1344 0.084 0.0228 0.1284 0.0828 0.0228 0.1344 0.0828 0.024 0.1284 0.0804 0.024 0.1344 0.0804 0.0228 0.1284 0.078 0.0228 0.1344 0.078 0.0216 0.1284 0.0756 0.0216 0.1344 0.0756 0.0192 0.1284 0.0744 0.0192 0.1344 0.0744 0.0168 0.1284 0.0756 0.0168 0.1344 0.0756 0.0192 0.1344 0.1044 0.0216 0.1284 0.1032 0.0192 0.1284 0.1044 0.0168 0.1344 0.1056 0.0168 0.1284 0.1056 0.0144 0.1344 0.1044 0.0144 0.1284 0.1044 0.0132 0.1344 0.102 0.0132 0.1284 0.102 0.012 0.1344 0.0996 0.012 0.1284 0.0996 0.0132 0.1344 0.0972 0.0132 0.1284 0.0972 0.0216 0.1344 0.1008 0.0216 0.1284 0.0984 0.0216 0.1284 0.1008 0.0216 0.1344 0.1032 0.0216 0.1344 0.0984 0.0204 0.1284 0.096 0.0204 0.1344 0.096 0.018 0.1284 0.0948 0.018 0.1344 0.0948 0.0156 0.1284 0.096 0.0156 0.1344 0.096 -0.0024 0.1344 0.114 0.0012 0.1284 0.114 -0.0024 0.1284 0.114 -0.0048 0.1344 0.1128 -0.0048 0.1284 0.1128 0.0012 0.1344 0.114 0.0024 0.1284 0.1116 0.0024 0.1344 0.1116 0.0036 0.1284 0.1092 -0.006 0.1344 0.1068 -0.006 0.1284 0.1092 -0.006 0.1284 0.1068 -0.006 0.1344 0.1092 -0.006 0.1284 0.1116 -0.006 0.1344 0.1116 0.0036 0.1344 0.1092 0.0024 0.1284 0.1068 0.0024 0.1344 0.1068 0.0012 0.1284 0.1056 0.0012 0.1344 0.1056 -0.0012 0.1284 0.1044 -0.0012 0.1344 0.1044 -0.0036 0.1284 0.1044 -0.0036 0.1344 0.1044 -0.0168 0.1284 0.102 -0.0192 0.1344 0.102 -0.0168 0.1344 0.102 -0.0144 0.1284 0.1008 -0.0144 0.1344 0.1008 -0.0132 0.1284 0.0984 -0.0132 0.1344 0.0984 -0.0144 0.1284 0.096 -0.0144 0.1344 0.096 -0.0156 0.1284 0.0936 -0.0192 0.1284 0.102 -0.0216 0.1344 0.102 -0.0216 0.1284 0.102 -0.0228 0.1344 0.0996 -0.0228 0.1284 0.0996 -0.024 0.1344 0.0972 -0.024 0.1284 0.0972 -0.0228 0.1344 0.0948 -0.0228 0.1284 0.0948 -0.0156 0.1344 0.0936 -0.018 0.1344 0.0924 -0.0204 0.1284 0.0936 -0.018 0.1284 0.0924 -0.0204 0.1344 0.0936 -0.0264 0.1284 0.0744 -0.0264 0.1272 0.0744 -0.0264 0.1284 0.0768 -0.0264 0.1284 0.0756 -0.0252 0.1284 0.0756 -0.0252 0.1284 0.0768 -0.024 0.1284 0.0768 -0.024 0.1284 0.0756 -0.024 0.1284 0.0744 -0.0252 0.1284 0.0744 -0.0264 0.1272 0.0756 -0.0264 0.1272 0.0768 -0.0252 0.1272 0.0768 -0.024 0.1272 0.0768 -0.024 0.1272 0.0756 -0.024 0.1272 0.0744 -0.0252 0.1272 0.0744 -0.0252 0.1296 0.0756 -0.0216 0.1284 0.0696 -0.0228 0.1284 0.0696 -0.0216 0.1284 0.0684 -0.0216 0.1296 0.0696 -0.0204 0.1284 0.0696 -0.0216 0.1284 0.0708 -0.0204 0.1284 0.0708 -0.0204 0.1284 0.0684 -0.0228 0.1272 0.0696 -0.0216 0.1272 0.0684 -0.0216 0.1272 0.0708 -0.0204 0.1272 0.0708 -0.0204 0.1272 0.0696 -0.0204 0.1272 0.0684 0.0228 0.1284 0.1056 0.0228 0.1272 0.1056 0.0228 0.1284 0.1044 0.0228 0.1272 0.1044 0.0228 0.1284 0.1032 0.0228 0.1272 0.1032 0.024 0.1284 0.1032 0.024 0.1272 0.1032 0.0252 0.1284 0.1044 0.0252 0.1272 0.1044 0.024 0.1284 0.1056 0.0252 0.1272 0.1056 0.024 0.1284 0.1044 0.024 0.1296 0.1044 0.024 0.1272 0.1056 -0.0168 0.1284 0.0816 -0.0144 0.1272 0.0816 -0.0168 0.1272 0.0828 -0.0192 0.1284 0.0804 -0.0204 0.1272 0.0816 -0.0168 0.1272 0.0708 -0.0144 0.1284 0.0732 -0.0168 0.1284 0.072 -0.0216 0.1284 0.0792 -0.0216 0.1272 0.0792 -0.0216 0.1284 0.0768 -0.0228 0.1272 0.0768 -0.0204 0.1284 0.0744 -0.0216 0.1272 0.0732 -0.0192 0.1284 0.072 -0.0192 0.1272 0.072 -0.0144 0.1284 0.0816 -0.012 0.1272 0.0804 -0.0132 0.1284 0.0792 -0.0108 0.1272 0.0768 -0.012 0.1284 0.0768 -0.012 0.1272 0.0744 -0.012 0.1284 0.0744 -0.0132 0.1272 0.072 0.0072 0.1272 0.0684 0.006 0.1284 0.0708 0.006 0.1284 0.0684 0.006 0.1272 0.0708 0.0036 0.1284 0.072 0.0036 0.1272 0.0732 0.0012 0.1284 0.0732 0.0012 0.1272 0.0732 -0.0012 0.1284 0.072 -0.0012 0.1272 0.0732 -0.0024 0.1284 0.0696 -0.0036 0.1272 0.0708 -0.0036 0.1284 0.0672 -0.0036 0.1272 0.0672 -0.0024 0.1284 0.0648 -0.0024 0.1272 0.0648 0 0.1284 0.0636 -0.0012 0.1272 0.0624 0.0024 0.1284 0.0636 0.0024 0.1272 0.0624 0.0048 0.1284 0.0636 0.0048 0.1272 0.0636 0.006 0.1284 0.066 0.0072 0.1272 0.066 0.024 0.1284 0.0804 0.024 0.1272 0.0768 0.024 0.1272 0.0804 0.0228 0.1272 0.0828 0.0204 0.1284 0.084 0.0228 0.1284 0.0828 0.0216 0.1272 0.0852 0.018 0.1284 0.084 0.018 0.1272 0.0852 0.0156 0.1284 0.084 0.0156 0.1272 0.084 0.0144 0.1284 0.0816 0.0132 0.1272 0.0816 0.0144 0.1284 0.0792 0.0132 0.1272 0.0792 0.0144 0.1284 0.0768 0.0144 0.1272 0.0768 0.0168 0.1284 0.0756 0.0168 0.1272 0.0744 0.0192 0.1284 0.0744 0.0192 0.1272 0.0744 0.0216 0.1284 0.0756 0.0216 0.1272 0.0756 0.0228 0.1284 0.078 0.0168 0.1272 0.1056 0.0144 0.1284 0.1044 0.0168 0.1284 0.1056 0.0144 0.1272 0.1044 0.0132 0.1284 0.102 0.012 0.1272 0.1032 0.012 0.1284 0.0996 0.012 0.1272 0.0996 0.0132 0.1284 0.0972 0.012 0.1272 0.0972 0.0156 0.1284 0.096 0.0144 0.1272 0.0948 0.018 0.1284 0.0948 0.018 0.1272 0.0948 0.0204 0.1284 0.096 0.0204 0.1272 0.096 0.0216 0.1284 0.0984 0.0228 0.1272 0.0984 0.0216 0.1284 0.1008 0.0228 0.1272 0.1008 0.0216 0.1284 0.1032 0.0216 0.1272 0.1032 0.0192 0.1284 0.1044 0.0192 0.1272 0.1056 -0.006 0.1272 0.1116 -0.006 0.1284 0.1092 -0.006 0.1284 0.1116 -0.0072 0.1272 0.1092 -0.006 0.1284 0.1068 -0.006 0.1272 0.1056 -0.0036 0.1284 0.1044 -0.0036 0.1272 0.1044 -0.0012 0.1284 0.1044 -0.0012 0.1272 0.1032 0.0012 0.1284 0.1056 0.0012 0.1272 0.1044 0.0024 0.1284 0.1068 0.0036 0.1272 0.1068 0.0036 0.1284 0.1092 0.0036 0.1272 0.1092 0.0024 0.1284 0.1116 0.0036 0.1272 0.1128 0.0012 0.1284 0.114 0.0012 0.1272 0.114 -0.0024 0.1284 0.114 -0.0024 0.1272 0.1152 -0.0048 0.1284 0.1128 -0.0048 0.1272 0.114 -0.0276 0.1272 0.0864 -0.0264 0.1284 0.0816 -0.0264 0.1284 0.0864 -0.0264 0.1272 0.0816 -0.0276 0.1272 0.0924 -0.0264 0.1284 0.0924 -0.0264 0.1272 0.0804 -0.0252 0.1284 0.0804 -0.0252 0.1272 0.0804 -0.024 0.1284 0.0804 -0.0264 0.1272 0.0816 -0.0264 0.1284 0.0816 -0.024 0.1272 0.0804 -0.0228 0.1284 0.0816 -0.0228 0.1272 0.0804 -0.024 0.1272 0.0792 -0.0216 0.1284 0.0828 -0.0192 0.1272 0.084 -0.0192 0.1284 0.084 -0.0228 0.1284 0.0816 -0.0216 0.1272 0.0828 -0.0228 0.1272 0.0804 -0.018 0.1272 0.084 -0.018 0.1284 0.0864 -0.018 0.1284 0.0852 -0.0192 0.1272 0.084 -0.0192 0.1284 0.084 -0.0168 0.1272 0.0888 -0.018 0.1284 0.0888 -0.018 0.1284 0.0876 -0.018 0.1272 0.09 -0.0204 0.1284 0.09 -0.0204 0.1272 0.0912 -0.0168 0.1272 0.0864 -0.0252 0.1284 0.0924 -0.024 0.1272 0.0936 -0.0252 0.1272 0.0936 -0.0264 0.1284 0.0924 -0.0264 0.1272 0.0936 -0.0264 0.1272 0.0924 -0.0276 0.1272 0.0924 -0.024 0.1272 0.0924 -0.024 0.1284 0.0924 -0.0216 0.1272 0.0912 -0.0204 0.1284 0.09 -0.0204 0.1272 0.0912 -0.0228 0.1284 0.0912 -0.024 0.1272 0.0924 -0.024 0.1284 0.0924 -0.006 0.1284 0.0624 -0.012 0.1272 0.0636 -0.0072 0.1272 0.0624 -0.012 0.1284 0.0648 -0.0168 0.1272 0.066 -0.0156 0.1284 0.0672 -0.0048 0.1284 0.0648 -0.0048 0.1272 0.0636 -0.0048 0.1272 0.0648 -0.0048 0.1284 0.0636 -0.0048 0.1272 0.0624 -0.0072 0.1272 0.0624 -0.006 0.1284 0.0624 -0.006 0.1272 0.0624 -0.006 0.1284 0.0672 -0.0048 0.1272 0.0696 -0.006 0.1284 0.0696 -0.0048 0.1272 0.0672 -0.0048 0.1284 0.0648 -0.0048 0.1272 0.0648 -0.0048 0.1272 0.0696 -0.006 0.1284 0.0708 -0.006 0.1284 0.0696 -0.0096 0.1272 0.0732 -0.0108 0.1284 0.072 -0.0096 0.1284 0.0732 -0.0084 0.1272 0.0732 -0.0084 0.1284 0.0732 -0.006 0.1272 0.0732 -0.0072 0.1284 0.072 -0.0048 0.1272 0.0708 -0.012 0.1272 0.072 -0.0168 0.1272 0.0696 -0.0168 0.1284 0.0684 -0.0156 0.1284 0.0696 -0.0156 0.1272 0.0696 -0.0168 0.1272 0.0672 -0.0156 0.1284 0.0672 -0.0168 0.1284 0.0672 -0.0168 0.1272 0.0684 -0.0168 0.1272 0.066 -0.0108 0.1284 0.072 -0.0132 0.1272 0.0708 -0.0132 0.1284 0.0708 -0.0156 0.1272 0.0696 -0.012 0.1272 0.072 -0.0156 0.1284 0.0696 0.0108 0.1272 0.0636 0.0156 0.1284 0.066 0.0108 0.1284 0.0636 0.0192 0.1284 0.0696 0.0156 0.1272 0.066 0.0204 0.1272 0.0696 0.0192 0.1284 0.0708 0.0204 0.1272 0.0696 0.0204 0.1272 0.0708 0.0192 0.1284 0.072 0.0204 0.1272 0.072 0.0192 0.1272 0.072 0.018 0.1284 0.072 0.018 0.1272 0.0732 0.0192 0.1284 0.0696 0.0156 0.1284 0.072 0.0144 0.1272 0.0744 0.0144 0.1284 0.0744 0.0168 0.1272 0.0732 0.018 0.1284 0.072 0.018 0.1272 0.0732 0.0144 0.1272 0.0744 0.012 0.1284 0.0744 0.0144 0.1284 0.0744 0.012 0.1272 0.0756 0.0108 0.1284 0.0744 0.0108 0.1272 0.0756 0.0096 0.1284 0.0732 0.0084 0.1272 0.0744 0.0084 0.1284 0.072 0.0084 0.1272 0.072 0.0084 0.1284 0.0708 0.0084 0.1272 0.0708 0.0108 0.1284 0.0636 0.0096 0.1272 0.0636 0.0108 0.1272 0.0636 0.0096 0.1284 0.0636 0.0084 0.1272 0.0636 0.0096 0.1284 0.0648 0.0084 0.1272 0.0648 0.0084 0.1284 0.0648 0.0084 0.1272 0.066 0.0084 0.1284 0.066 0.0084 0.1284 0.0708 0.0084 0.1272 0.0684 0.0096 0.1284 0.0684 0.0084 0.1272 0.066 0.0084 0.1284 0.066 0.0084 0.1272 0.0708 0.0276 0.1272 0.0912 0.0264 0.1284 0.096 0.0264 0.1284 0.0912 0.0264 0.1272 0.096 0.0276 0.1272 0.0852 0.0264 0.1284 0.0852 0.0264 0.1272 0.096 0.0252 0.1284 0.096 0.0264 0.1284 0.096 0.0264 0.1272 0.0972 0.0252 0.1284 0.0972 0.0252 0.1272 0.0972 0.024 0.1272 0.0972 0.024 0.1284 0.0972 0.024 0.1284 0.096 0.0228 0.1272 0.096 0.0216 0.1284 0.0948 0.0192 0.1272 0.0936 0.0192 0.1284 0.0936 0.0216 0.1272 0.0948 0.024 0.1284 0.096 0.0228 0.1272 0.096 0.018 0.1284 0.0924 0.0192 0.1272 0.0936 0.018 0.1272 0.0924 0.018 0.1284 0.0912 0.0168 0.1272 0.0912 0.018 0.1284 0.0888 0.0168 0.1272 0.0888 0.0192 0.1284 0.0876 0.018 0.1272 0.0876 0.0204 0.1284 0.0876 0.0204 0.1272 0.0864 0.0192 0.1284 0.0936 0.0252 0.1272 0.084 0.0252 0.1284 0.084 0.0264 0.1284 0.084 0.024 0.1272 0.084 0.024 0.1284 0.0852 0.0264 0.1272 0.084 0.0264 0.1284 0.0852 0.0276 0.1272 0.084 0.0276 0.1272 0.0852 0.0216 0.1272 0.0852 0.0204 0.1284 0.0876 0.0204 0.1272 0.0864 0.0228 0.1284 0.0864 0.024 0.1272 0.084 0.024 0.1284 0.0852 0.0168 0.1272 0.1104 0.012 0.1284 0.1128 0.0168 0.1284 0.1104 0.0072 0.1284 0.1152 0.012 0.1272 0.114 0.0072 0.1272 0.1152 0.0072 0.1272 0.1152 0.006 0.1284 0.1152 0.0072 0.1284 0.1152 0.006 0.1272 0.1152 0.006 0.1284 0.114 0.0048 0.1272 0.1152 0.0048 0.1284 0.114 0.0048 0.1272 0.114 0.0048 0.1284 0.1128 0.0048 0.1272 0.1128 0.006 0.1284 0.1104 0.0048 0.1272 0.108 0.006 0.1284 0.108 0.0048 0.1272 0.1104 0.0048 0.1284 0.1128 0.0048 0.1272 0.1128 0.0108 0.1284 0.1056 0.0108 0.1272 0.1032 0.012 0.1272 0.1044 0.0096 0.1284 0.1044 0.0084 0.1272 0.1032 0.0072 0.1272 0.1044 0.0084 0.1284 0.1044 0.0072 0.1284 0.1044 0.006 0.1272 0.1056 0.006 0.1284 0.1068 0.0048 0.1272 0.108 0.006 0.1284 0.108 0.0168 0.1284 0.1092 0.0168 0.1272 0.108 0.018 0.1272 0.1092 0.0168 0.1272 0.1104 0.0168 0.1284 0.1104 0.0168 0.1284 0.108 0.0156 0.1272 0.1068 0.0156 0.1284 0.108 0.0156 0.1272 0.1068 0.0132 0.1284 0.1068 0.0132 0.1272 0.1068 0.0156 0.1284 0.108 0.0108 0.1284 0.1056 0.012 0.1272 0.1044 0.006 0.1284 0.0792 0.0012 0.1272 0.0768 0.0072 0.1272 0.0792 0.0012 0.1284 0.078 -0.0048 0.1272 0.078 -0.0048 0.1284 0.0792 -0.0096 0.1272 0.0816 0.0096 0.1284 0.0948 0.012 0.1272 0.09 0.0096 0.1272 0.0948 -0.0012 0.1284 0.0996 0.0048 0.1272 0.0984 -0.0012 0.1272 0.0996 -0.006 0.1284 0.0972 -0.006 0.1272 0.0984 -0.0096 0.1284 0.0936 -0.0108 0.1272 0.0936 -0.0108 0.1284 0.0876 -0.0108 0.1272 0.0876 -0.0084 0.1284 0.0828 0.0048 0.1284 0.0984 0.0108 0.1284 0.09 0.0108 0.1272 0.084 0.0096 0.1284 0.084 0.0096 0.1296 0.084 0.006 0.1284 0.0792 0.0096 0.1284 0.084 0.0108 0.1296 0.09 0.0108 0.1284 0.09 0.0096 0.1296 0.0948 0.0096 0.1284 0.0948 0.0048 0.1296 0.0984 0.0048 0.1284 0.0984 -0.0012 0.1296 0.0996 -0.0012 0.1284 0.0996 -0.006 0.1296 0.0972 -0.006 0.1284 0.0972 -0.0096 0.1296 0.0936 -0.0096 0.1284 0.0936 -0.0108 0.1296 0.0876 -0.0108 0.1284 0.0876 -0.0084 0.1296 0.0828 -0.0084 0.1284 0.0828 0.006 0.1296 0.0792 0.0012 0.1284 0.078 0.0012 0.1296 0.078 -0.0048 0.1284 0.0792 -0.0048 0.1296 0.0792 -0.0156 0.1272 0.0924 -0.0144 0.1284 0.096 -0.0156 0.1284 0.0936 -0.0132 0.1272 0.0948 -0.0132 0.1284 0.0984 -0.0132 0.1272 0.0984 -0.0144 0.1284 0.1008 -0.0144 0.1272 0.1008 -0.0168 0.1284 0.102 -0.0156 0.1272 0.102 -0.0192 0.1284 0.102 -0.0192 0.1272 0.1032 -0.0216 0.1284 0.102 -0.0216 0.1272 0.102 -0.0228 0.1284 0.0996 -0.024 0.1272 0.0996 -0.024 0.1284 0.0972 -0.024 0.1272 0.0972 -0.0228 0.1284 0.0948 -0.0228 0.1272 0.0948 -0.018 0.1272 0.0924 -0.018 0.1284 0.0924 -0.0204 0.1272 0.0924 -0.0204 0.1284 0.0936 -0.0084 0.1284 0.1128 -0.0084 0.1344 0.1128 -0.0108 0.1344 0.1128 -0.0096 0.1284 0.114 -0.0108 0.1284 0.1128 -0.0096 0.1344 0.1128 -0.0096 0.1284 0.1128 -0.0096 0.1344 0.114 -0.0084 0.1284 0.1116 -0.0084 0.1344 0.1116 -0.0096 0.1344 0.1092 -0.0084 0.1284 0.1116 -0.0084 0.1344 0.1116 -0.0084 0.1344 0.1068 -0.0096 0.1284 0.1092 -0.0084 0.1284 0.1068 -0.0144 0.1272 0.1032 -0.012 0.1284 0.1032 -0.0132 0.1284 0.1032 -0.0108 0.1272 0.102 -0.0096 0.1284 0.1032 -0.0108 0.1284 0.1032 -0.0084 0.1272 0.1032 -0.0084 0.1284 0.1056 -0.0084 0.1272 0.1044 -0.0084 0.1284 0.1068 -0.0084 0.1272 0.1068 -0.012 0.1272 0.102 -0.0144 0.1272 0.1032 -0.0156 0.1284 0.1044 -0.0156 0.1272 0.1044 -0.018 0.1284 0.1056 -0.018 0.1272 0.1044 -0.0132 0.1284 0.1032 -0.018 0.1284 0.1056 -0.0192 0.1272 0.1044 -0.018 0.1272 0.1044 -0.0204 0.1272 0.1056 -0.0192 0.1284 0.1056 -0.0204 0.1272 0.1068 -0.0192 0.1284 0.1068 -0.0192 0.1272 0.108 -0.0192 0.1284 0.108 -0.0156 0.1284 0.1104 -0.0108 0.1272 0.114 -0.0156 0.1272 0.1116 -0.0192 0.1284 0.108 -0.0192 0.1272 0.108 -0.0108 0.1284 0.1128 -0.0084 0.1284 0.1128 -0.0084 0.1272 0.1128 -0.0084 0.1272 0.1116 -0.0096 0.1284 0.114 -0.0084 0.1272 0.114 -0.0096 0.1272 0.114 -0.0108 0.1284 0.1128 -0.0108 0.1272 0.114 -0.0096 0.1284 0.1128 -0.0084 0.1284 0.1116 -0.0096 0.1284 0.1092 -0.0084 0.1272 0.1116 -0.0084 0.1284 0.1116 -0.0084 0.1272 0.1092 -0.0084 0.1284 0.1068 -0.0084 0.1272 0.1068 0.024 0.1284 0.0972 0.024 0.1344 0.096 0.024 0.1344 0.0972 0.0252 0.1344 0.0972 0.0252 0.1284 0.0972 0.0252 0.1284 0.096 0.0252 0.1344 0.096 0.0264 0.1284 0.096 0.0264 0.1344 0.096 0.024 0.1284 0.096 0.0264 0.1284 0.0852 0.0264 0.1344 0.0912 0.0264 0.1344 0.0852 0.0264 0.1284 0.0912 0.0264 0.1344 0.096 0.0264 0.1284 0.096 0.0264 0.1344 0.084 0.0252 0.1284 0.084 0.0264 0.1284 0.084 0.024 0.1284 0.0852 0.0252 0.1344 0.084 0.024 0.1344 0.0852 0.0264 0.1344 0.0852 0.0264 0.1284 0.0852 0.006 0.1344 0.1152 0.0072 0.1284 0.1152 0.006 0.1284 0.1152 0.0048 0.1284 0.114 0.0048 0.1344 0.1128 0.0048 0.1344 0.114 0.006 0.1284 0.114 0.006 0.1344 0.114 0.0048 0.1284 0.1128 0.0072 0.1344 0.1152 0.0168 0.1284 0.1104 0.012 0.1344 0.1128 0.0168 0.1344 0.1104 0.012 0.1284 0.1128 0.0072 0.1344 0.1152 0.0072 0.1284 0.1152 0.0168 0.1284 0.108 0.0168 0.1344 0.1092 0.0168 0.1344 0.108 0.0168 0.1284 0.1092 0.0156 0.1284 0.108 0.0168 0.1344 0.1104 0.0156 0.1344 0.108 0.0168 0.1284 0.1104 -0.0108 0.1284 0.1128 -0.0156 0.1344 0.1104 -0.0108 0.1344 0.1128 -0.0192 0.1344 0.108 -0.0156 0.1284 0.1104 -0.0192 0.1284 0.108 -0.024 0.1344 0.0804 -0.024 0.1284 0.0804 -0.0228 0.1344 0.0816 -0.0228 0.1284 0.0816 -0.0252 0.1344 0.0804 -0.0252 0.1284 0.0804 -0.0264 0.1284 0.0816 -0.0264 0.1344 0.0816 -0.0264 0.1284 0.0864 -0.0264 0.1344 0.0816 -0.0264 0.1344 0.0864 -0.0264 0.1284 0.0924 -0.0264 0.1344 0.0924 -0.0264 0.1284 0.0816 -0.0264 0.1344 0.0924 -0.0264 0.1284 0.0924 -0.0252 0.1284 0.0924 -0.0252 0.1344 0.0924 -0.024 0.1284 0.0924 -0.024 0.1344 0.0924 -0.0048 0.1284 0.0636 -0.0048 0.1344 0.0636 -0.006 0.1284 0.0624 -0.006 0.1344 0.0624 -0.0048 0.1344 0.0648 -0.0048 0.1284 0.0648 -0.0156 0.1284 0.0672 -0.012 0.1344 0.0648 -0.0156 0.1344 0.0672 -0.012 0.1284 0.0648 -0.006 0.1344 0.0624 -0.006 0.1284 0.0624 -0.0168 0.1284 0.0672 -0.0156 0.1344 0.0672 -0.0168 0.1344 0.0672 -0.0168 0.1284 0.0684 -0.0168 0.1344 0.0684 -0.0156 0.1284 0.0696 -0.0156 0.1344 0.0696 -0.0156 0.1284 0.0672 0.0192 0.1284 0.0708 0.0192 0.1344 0.0708 0.0192 0.1284 0.072 0.0192 0.1344 0.072 0.0192 0.1284 0.0696 0.0192 0.1344 0.0696 0.018 0.1344 0.072 0.018 0.1284 0.072 0.0156 0.1284 0.066 0.0192 0.1344 0.0696 0.0156 0.1344 0.066 0.0108 0.1284 0.0636 0.0192 0.1284 0.0696 0.0108 0.1344 0.0636 0.0084 0.1284 0.066 0.0084 0.1344 0.0648 0.0084 0.1344 0.066 0.0084 0.1284 0.0648 0.0096 0.1344 0.0648 0.0096 0.1284 0.0636 0.0108 0.1344 0.0636 0.0096 0.1344 0.0636 0.0096 0.1284 0.0648 0.0108 0.1284 0.0636 -0.0264 0.1356 0.0756 -0.0264 0.1344 0.0768 -0.0264 0.1344 0.0756 -0.0264 0.1356 0.0768 -0.0252 0.1344 0.0768 -0.0252 0.1332 0.0756 -0.0252 0.1344 0.0756 -0.024 0.1344 0.0756 -0.0252 0.1344 0.0744 -0.0252 0.1356 0.0768 -0.024 0.1344 0.0768 -0.024 0.1356 0.0768 -0.0264 0.1356 0.0744 -0.024 0.1356 0.0756 -0.024 0.1344 0.0744 -0.024 0.1356 0.0744 -0.0252 0.1356 0.0744 -0.0264 0.1344 0.0744 -0.0216 0.1332 0.0696 -0.0216 0.1344 0.0696 -0.0216 0.1344 0.0708 -0.0216 0.1344 0.0684 -0.0204 0.1344 0.0684 -0.0204 0.1344 0.0696 -0.0204 0.1356 0.0696 -0.0204 0.1344 0.0708 -0.0204 0.1356 0.0708 -0.0216 0.1356 0.0708 -0.0216 0.1356 0.0684 -0.0228 0.1344 0.0696 -0.0204 0.1356 0.0684 -0.0228 0.1356 0.0696 -0.0156 0.1344 0.1044 -0.018 0.1356 0.1044 -0.018 0.1344 0.1056 -0.0156 0.1356 0.1044 -0.0132 0.1344 0.1032 -0.0144 0.1356 0.1032 -0.0096 0.1344 0.114 -0.0108 0.1356 0.114 -0.0096 0.1356 0.114 -0.0108 0.1344 0.1128 -0.0096 0.1344 0.1128 -0.0084 0.1356 0.114 -0.0084 0.1344 0.1128 -0.0084 0.1356 0.1128 -0.0084 0.1344 0.1116 -0.0084 0.1356 0.1116 -0.0084 0.1344 0.1116 -0.0084 0.1356 0.1092 -0.0096 0.1344 0.1092 -0.0084 0.1356 0.1068 -0.0084 0.1344 0.1068 -0.0084 0.1356 0.1116 -0.0084 0.1356 0.1068 -0.0084 0.1344 0.1056 -0.0084 0.1344 0.1068 -0.0084 0.1356 0.1044 -0.0096 0.1344 0.1032 -0.0084 0.1356 0.1032 -0.0108 0.1344 0.1032 -0.0108 0.1356 0.102 -0.012 0.1344 0.1032 -0.012 0.1356 0.102 -0.0132 0.1344 0.1032 -0.0144 0.1356 0.1032 -0.0204 0.1344 0.0936 -0.018 0.1356 0.0924 -0.0204 0.1356 0.0924 -0.018 0.1344 0.0924 -0.0156 0.1356 0.0924 -0.0156 0.1344 0.0936 -0.0132 0.1356 0.0948 -0.0144 0.1344 0.096 -0.0132 0.1356 0.0984 -0.0132 0.1344 0.0984 -0.0144 0.1356 0.1008 -0.0144 0.1344 0.1008 -0.0156 0.1356 0.102 -0.0168 0.1344 0.102 -0.0192 0.1356 0.1032 -0.0228 0.1344 0.0948 -0.0228 0.1356 0.0948 -0.024 0.1344 0.0972 -0.024 0.1356 0.0972 -0.0228 0.1344 0.0996 -0.0192 0.1344 0.102 -0.0216 0.1356 0.102 -0.0216 0.1344 0.102 -0.024 0.1356 0.0996 0.0096 0.1296 0.096 0.0048 0.1344 0.0996 0.0096 0.1344 0.096 0.012 0.1296 0.09 0.012 0.1344 0.09 0.0048 0.1296 0.0996 -0.0012 0.1344 0.1008 0.0072 0.1296 0.078 0.0108 0.1344 0.0828 0.0072 0.1344 0.078 0.0012 0.1296 0.0768 0.0012 0.1344 0.0768 -0.0048 0.1296 0.078 -0.0048 0.1344 0.078 -0.0108 0.1296 0.0936 -0.012 0.1344 0.0876 -0.0108 0.1344 0.0936 -0.0072 0.1296 0.0984 -0.0072 0.1344 0.0984 0.0108 0.1296 0.0828 -0.0012 0.1296 0.1008 -0.0096 0.1296 0.0816 -0.0096 0.1344 0.0816 -0.012 0.1296 0.0876 0.012 0.1344 0.09 0.0108 0.1356 0.096 0.0132 0.1356 0.09 0.0096 0.1344 0.096 0.006 0.1356 0.1008 0.0048 0.1344 0.0996 -0.0012 0.1356 0.102 0.0072 0.1356 0.078 0.0012 0.1344 0.0768 0.0072 0.1344 0.078 0.012 0.1356 0.0828 0.0108 0.1344 0.0828 -0.0012 0.1344 0.1008 -0.0072 0.1356 0.0996 -0.0072 0.1344 0.0984 -0.012 0.1356 0.0936 -0.0108 0.1344 0.0936 -0.0132 0.1356 0.0876 -0.012 0.1344 0.0876 -0.0108 0.1356 0.0816 -0.0096 0.1344 0.0816 0.0012 0.1356 0.0756 -0.0048 0.1344 0.078 -0.006 0.1356 0.0768 0.0048 0.1356 0.1128 0.006 0.1344 0.1104 0.0048 0.1356 0.1104 0.006 0.1344 0.108 0.0048 0.1344 0.1128 0.0048 0.1356 0.108 0.0072 0.1344 0.1044 0.0084 0.1356 0.1032 0.0072 0.1356 0.1044 0.0096 0.1344 0.1044 0.012 0.1356 0.1044 0.0108 0.1356 0.1032 0.0084 0.1344 0.1044 0.006 0.1356 0.1056 0.006 0.1344 0.108 0.006 0.1344 0.1068 0.0108 0.1344 0.1056 0.0048 0.1356 0.108 0.0132 0.1344 0.1068 0.012 0.1356 0.1044 0.0108 0.1344 0.1056 0.0132 0.1356 0.1068 0.0156 0.1344 0.108 0.0156 0.1356 0.1068 0.0168 0.1344 0.108 0.018 0.1356 0.1092 0.0168 0.1356 0.108 0.0168 0.1344 0.1092 0.0168 0.1356 0.1104 0.0156 0.1344 0.108 0.0156 0.1356 0.1068 0.0168 0.1344 0.1104 0.012 0.1344 0.1128 0.0072 0.1356 0.1152 0.012 0.1356 0.114 0.0168 0.1344 0.1104 0.0168 0.1356 0.1104 0.0072 0.1344 0.1152 0.0216 0.1344 0.0948 0.0228 0.1356 0.096 0.024 0.1344 0.096 0.0216 0.1356 0.0948 0.0192 0.1344 0.0936 0.0192 0.1356 0.0936 0.0264 0.1356 0.0972 0.0264 0.1344 0.096 0.0252 0.1344 0.096 0.0228 0.1356 0.096 0.024 0.1344 0.0972 0.024 0.1344 0.096 0.024 0.1356 0.0972 0.0252 0.1344 0.0972 0.0264 0.1356 0.096 0.0252 0.1356 0.0972 0.0204 0.1356 0.0864 0.0192 0.1344 0.0876 0.0204 0.1344 0.0876 0.018 0.1356 0.0876 0.018 0.1344 0.0888 0.0168 0.1356 0.0888 0.018 0.1344 0.0912 0.0168 0.1356 0.0912 0.018 0.1344 0.0924 0.018 0.1356 0.0924 0.0192 0.1344 0.0936 0.0192 0.1356 0.0936 0.0228 0.1344 0.0864 0.0204 0.1356 0.0864 0.0204 0.1344 0.0876 0.0216 0.1356 0.0852 0.024 0.1344 0.0852 0.024 0.1356 0.084 0.0156 0.1344 0.072 0.018 0.1356 0.0732 0.018 0.1344 0.072 0.0168 0.1356 0.0732 0.0144 0.1344 0.0744 0.0144 0.1356 0.0744 0.0192 0.1356 0.072 0.0192 0.1344 0.072 0.0204 0.1356 0.072 0.0192 0.1344 0.0708 0.0204 0.1356 0.0708 0.0204 0.1356 0.0696 0.0192 0.1344 0.0696 0.018 0.1356 0.0732 0.018 0.1344 0.072 0.0084 0.1344 0.072 0.0084 0.1356 0.0708 0.0084 0.1356 0.072 0.0108 0.1344 0.0744 0.0084 0.1356 0.0744 0.0108 0.1356 0.0756 0.012 0.1344 0.0744 0.012 0.1356 0.0756 0.0144 0.1344 0.0744 0.0144 0.1356 0.0744 0.0096 0.1344 0.0732 0.0084 0.1344 0.0708 0.0096 0.1344 0.0684 0.0084 0.1356 0.0708 0.0084 0.1344 0.0708 0.0084 0.1356 0.0684 0.0084 0.1344 0.066 0.0084 0.1356 0.066 -0.0048 0.1356 0.0648 -0.006 0.1344 0.0672 -0.0048 0.1356 0.0672 -0.006 0.1344 0.0696 -0.0048 0.1356 0.0696 -0.0048 0.1344 0.0648 -0.0048 0.1344 0.0636 -0.0048 0.1356 0.0648 -0.0048 0.1356 0.0636 -0.0048 0.1356 0.0624 -0.006 0.1344 0.0624 -0.006 0.1356 0.0624 -0.0072 0.1356 0.0624 -0.0048 0.1344 0.0648 -0.0096 0.1356 0.0732 -0.0084 0.1344 0.0732 -0.0096 0.1344 0.0732 -0.0084 0.1356 0.0732 -0.0072 0.1344 0.072 -0.006 0.1356 0.0732 -0.006 0.1344 0.0708 -0.0048 0.1356 0.0708 -0.006 0.1344 0.0696 -0.0048 0.1356 0.0696 -0.012 0.1356 0.072 -0.0108 0.1344 0.072 -0.0132 0.1356 0.0708 -0.0156 0.1344 0.0696 -0.0156 0.1356 0.0696 -0.012 0.1356 0.072 -0.0132 0.1344 0.0708 -0.0108 0.1344 0.072 -0.0156 0.1344 0.0696 -0.0168 0.1356 0.0696 -0.0168 0.1356 0.0672 -0.0168 0.1344 0.0684 -0.0168 0.1344 0.0672 -0.0168 0.1356 0.0684 -0.0168 0.1356 0.066 -0.0156 0.1344 0.0672 -0.0156 0.1356 0.0696 -0.0216 0.1344 0.0828 -0.0228 0.1356 0.0804 -0.0228 0.1344 0.0816 -0.0216 0.1356 0.0828 -0.0192 0.1344 0.084 -0.0192 0.1356 0.084 -0.0264 0.1356 0.0804 -0.0264 0.1344 0.0816 -0.0252 0.1344 0.0804 -0.0264 0.1356 0.0816 -0.0252 0.1356 0.0804 -0.024 0.1356 0.0792 -0.024 0.1344 0.0804 -0.0228 0.1356 0.0804 -0.024 0.1356 0.0804 -0.0228 0.1344 0.0816 -0.018 0.1344 0.0888 -0.0204 0.1356 0.0912 -0.018 0.1356 0.09 -0.018 0.1344 0.0876 -0.0168 0.1356 0.0888 -0.018 0.1344 0.0864 -0.0168 0.1356 0.0864 -0.018 0.1344 0.0852 -0.018 0.1356 0.084 -0.0192 0.1344 0.084 -0.0192 0.1356 0.084 -0.0204 0.1344 0.09 -0.024 0.1344 0.0924 -0.0216 0.1356 0.0912 -0.0228 0.1344 0.0912 -0.0204 0.1356 0.0912 -0.0204 0.1344 0.09 -0.024 0.1356 0.0924 -0.0264 0.1356 0.0924 -0.0264 0.1344 0.0924 -0.0252 0.1356 0.0936 -0.0252 0.1344 0.0924 -0.0264 0.1356 0.0936 -0.024 0.1344 0.0924 -0.024 0.1356 0.0936 -0.024 0.1356 0.0924 -0.0276 0.1356 0.0924 0.0012 0.1356 0.114 0.0024 0.1344 0.1116 0.0012 0.1344 0.114 -0.0012 0.1356 0.1152 -0.0048 0.1356 0.114 -0.0024 0.1344 0.114 -0.0048 0.1344 0.1128 -0.006 0.1356 0.1116 -0.006 0.1344 0.1116 -0.0036 0.1344 0.1044 -0.0012 0.1356 0.1032 -0.0036 0.1356 0.1044 0.0036 0.1344 0.1092 0.0036 0.1356 0.1128 0.0036 0.1356 0.1092 0.0024 0.1344 0.1068 0.0036 0.1356 0.1068 -0.0012 0.1344 0.1044 0.0012 0.1356 0.1044 -0.006 0.1356 0.1056 -0.006 0.1344 0.1092 -0.006 0.1344 0.1068 0.0012 0.1344 0.1056 -0.0072 0.1356 0.1092 -0.0024 0.1356 0.1152 0.0168 0.1356 0.1056 0.0192 0.1344 0.1044 0.0168 0.1344 0.1056 0.0204 0.1344 0.096 0.0228 0.1356 0.0984 0.0204 0.1356 0.096 0.0156 0.1344 0.096 0.018 0.1356 0.0948 0.0144 0.1356 0.0948 0.0132 0.1344 0.0972 0.012 0.1356 0.0972 0.012 0.1344 0.0996 0.012 0.1356 0.0996 0.0132 0.1344 0.102 0.012 0.1356 0.1032 0.0144 0.1344 0.1044 0.0144 0.1356 0.1044 0.018 0.1344 0.0948 0.0216 0.1344 0.0984 0.0228 0.1356 0.1008 0.0216 0.1344 0.1008 0.0216 0.1356 0.1032 0.0216 0.1344 0.1032 0.0192 0.1356 0.1056 0.024 0.1344 0.0804 0.0228 0.1356 0.0828 0.024 0.1356 0.0804 0.0228 0.1344 0.078 0.024 0.1356 0.0768 0.0192 0.1344 0.0744 0.0216 0.1356 0.0756 0.0192 0.1356 0.0744 0.0168 0.1344 0.0756 0.0168 0.1356 0.0744 0.0132 0.1356 0.0792 0.0144 0.1344 0.0816 0.0144 0.1344 0.0792 0.0144 0.1344 0.0768 0.0144 0.1356 0.0768 0.0132 0.1356 0.0816 0.0156 0.1344 0.084 0.0156 0.1356 0.084 0.018 0.1344 0.084 0.018 0.1356 0.0852 0.0204 0.1344 0.084 0.0216 0.1356 0.0852 0.0228 0.1344 0.0828 0.0216 0.1344 0.0756 0.0036 0.1344 0.072 0.0012 0.1356 0.0732 0.0036 0.1356 0.0732 0.006 0.1344 0.0708 0.006 0.1356 0.0708 0.006 0.1344 0.0684 0.0072 0.1356 0.0684 0.006 0.1344 0.066 0.0072 0.1356 0.066 0.0012 0.1344 0.0732 -0.0012 0.1356 0.0732 -0.0012 0.1344 0.072 -0.0036 0.1356 0.0708 -0.0024 0.1344 0.0696 -0.0036 0.1356 0.0672 -0.0036 0.1344 0.0672 -0.0024 0.1344 0.0648 -0.0012 0.1356 0.0624 -0.0024 0.1356 0.0648 0 0.1344 0.0636 0.0024 0.1356 0.0624 0.0024 0.1344 0.0636 0.0048 0.1356 0.0636 0.0048 0.1344 0.0636 -0.0168 0.1356 0.0708 -0.0192 0.1344 0.072 -0.0168 0.1344 0.072 -0.0192 0.1356 0.072 -0.0204 0.1344 0.0744 -0.0216 0.1356 0.0732 -0.0216 0.1344 0.0768 -0.0228 0.1356 0.0768 -0.0216 0.1344 0.0792 -0.0216 0.1356 0.0792 -0.0192 0.1344 0.0804 -0.0204 0.1356 0.0816 -0.0168 0.1344 0.0816 -0.0168 0.1356 0.0828 -0.0144 0.1344 0.0816 -0.0144 0.1356 0.0816 -0.0132 0.1344 0.0792 -0.012 0.1356 0.0804 -0.012 0.1344 0.0768 -0.0108 0.1356 0.0768 -0.012 0.1344 0.0744 -0.012 0.1356 0.0744 -0.0144 0.1344 0.0732 -0.0132 0.1356 0.072 0.024 0.1332 0.1044 0.0228 0.1344 0.1044 0.024 0.1344 0.1044 0.024 0.1344 0.1056 0.0228 0.1344 0.1056 0.0228 0.1344 0.1032 0.024 0.1344 0.1032 0.0252 0.1344 0.1044 0.024 0.1356 0.1056 0.0228 0.1356 0.1056 0.0228 0.1356 0.1044 0.0228 0.1356 0.1032 0.024 0.1356 0.1032 0.0252 0.1356 0.1044 0.0252 0.1356 0.1056 0.0048 0.1356 0.1128 0.0048 0.1344 0.1128 0.0048 0.1344 0.114 0.0048 0.1356 0.114 0.006 0.1344 0.114 0.0048 0.1356 0.1152 0.006 0.1344 0.1152 0.006 0.1356 0.1152 0.0072 0.1344 0.1152 0.0072 0.1356 0.1152 -0.0156 0.1356 0.1116 -0.0108 0.1344 0.1128 -0.0156 0.1344 0.1104 -0.0192 0.1356 0.108 -0.0108 0.1356 0.114 -0.0192 0.1344 0.108 -0.0192 0.1356 0.1044 -0.0192 0.1344 0.1056 -0.0204 0.1356 0.1056 -0.0192 0.1344 0.1068 -0.0204 0.1356 0.1068 -0.0192 0.1344 0.108 -0.0192 0.1356 0.108 -0.018 0.1356 0.1044 -0.018 0.1344 0.1056 -0.0264 0.1356 0.0816 -0.0264 0.1344 0.0864 -0.0264 0.1344 0.0816 -0.0276 0.1356 0.0864 -0.0264 0.1344 0.0924 -0.0276 0.1356 0.0924 -0.0156 0.1344 0.0672 -0.012 0.1356 0.0636 -0.0168 0.1356 0.066 -0.012 0.1344 0.0648 -0.0072 0.1356 0.0624 -0.006 0.1344 0.0624 0.0096 0.1344 0.0636 0.0108 0.1356 0.0636 0.0096 0.1356 0.0636 0.0096 0.1344 0.0648 0.0084 0.1356 0.0636 0.0084 0.1344 0.0648 0.0084 0.1356 0.0648 0.0084 0.1344 0.066 0.0084 0.1356 0.066 0.0108 0.1344 0.0636 0.0204 0.1356 0.0696 0.0156 0.1344 0.066 0.0192 0.1344 0.0696 0.0156 0.1356 0.066 0.0108 0.1344 0.0636 0.0108 0.1356 0.0636 0.0276 0.1356 0.0852 0.0264 0.1344 0.0852 0.0276 0.1356 0.084 0.0264 0.1344 0.084 0.0264 0.1356 0.084 0.0252 0.1344 0.084 0.0252 0.1356 0.084 0.024 0.1344 0.0852 0.024 0.1356 0.084 0.0264 0.1356 0.096 0.0264 0.1344 0.0912 0.0264 0.1344 0.096 0.0264 0.1344 0.0852 0.0276 0.1356 0.0912 0.0276 0.1356 0.0852 -0.012 0.1296 0.0876 -0.0084 0.1296 0.0828 -0.0096 0.1296 0.0816 -0.0072 0.1296 0.0984 -0.0012 0.1296 0.0996 -0.006 0.1296 0.0972 0.0108 0.1296 0.09 0.0096 0.1296 0.096 0.012 0.1296 0.09 -0.0096 0.1296 0.0936 -0.0108 0.1296 0.0936 -0.0048 0.1296 0.0792 -0.0048 0.1296 0.078 -0.0108 0.1296 0.0876 0.0012 0.1296 0.0768 0.006 0.1296 0.0792 0.0072 0.1296 0.078 0.0012 0.1296 0.078 0.0048 0.1296 0.0996 0.0096 0.1296 0.0948 0.0048 0.1296 0.0984 0.0108 0.1296 0.0828 0.0096 0.1296 0.084 -0.0012 0.1296 0.1008 -0.0288 0.1272 0.0936 -0.0264 0.1272 0.0924 -0.0288 0.1272 0.0948 -0.024 0.1272 0.0924 -0.0228 0.1272 0.0948 -0.024 0.1272 0.0936 -0.0204 0.1272 0.0912 -0.0204 0.1272 0.0924 -0.0216 0.1272 0.0912 -0.0276 0.1272 0.0924 -0.018 0.1272 0.09 -0.018 0.1272 0.0924 -0.0312 0.1272 0.0888 -0.03 0.1272 0.0912 -0.0312 0.1272 0.09 -0.0288 0.1272 0.0924 -0.03 0.1272 0.0864 -0.03 0.1272 0.0876 -0.0288 0.1272 0.0852 -0.0276 0.1272 0.0864 -0.0288 0.1272 0.084 -0.03 0.1272 0.0828 -0.03 0.1272 0.084 -0.0276 0.1272 0.0792 -0.03 0.1272 0.0804 -0.03 0.1272 0.0816 -0.0276 0.1272 0.078 -0.0252 0.1272 0.0792 -0.0264 0.1272 0.0768 -0.0276 0.1272 0.0756 -0.0264 0.1272 0.0756 -0.0264 0.1272 0.0744 -0.0276 0.1272 0.0732 -0.0264 0.1272 0.0732 -0.024 0.1272 0.0768 -0.0276 0.1272 0.0744 -0.0252 0.1272 0.0744 -0.0252 0.1272 0.0732 -0.0252 0.1272 0.0768 -0.024 0.1272 0.0744 -0.0228 0.1272 0.0756 -0.024 0.1272 0.0756 -0.024 0.1272 0.072 -0.0204 0.1272 0.072 -0.0216 0.1272 0.0732 -0.0216 0.1272 0.0708 -0.024 0.1272 0.0708 -0.0228 0.1272 0.0696 -0.0204 0.1272 0.0708 -0.024 0.1272 0.0696 -0.024 0.1272 0.0684 -0.0216 0.1272 0.0684 -0.0228 0.1272 0.0672 -0.018 0.1272 0.0696 -0.0228 0.1272 0.0684 -0.0216 0.1272 0.0672 -0.0204 0.1272 0.0684 -0.0204 0.1272 0.0696 -0.018 0.1272 0.0636 -0.0144 0.1272 0.0636 -0.0168 0.1272 0.0624 -0.018 0.1272 0.0648 -0.0192 0.1272 0.066 -0.0192 0.1272 0.0672 -0.0156 0.1272 0.0624 -0.0144 0.1272 0.0624 -0.0108 0.1272 0.06 -0.0096 0.1272 0.0588 -0.012 0.1272 0.06 -0.0108 0.1272 0.0588 -0.0084 0.1272 0.0588 -0.012 0.1272 0.0636 -0.012 0.1272 0.0612 -0.0084 0.1272 0.06 -0.0072 0.1272 0.0624 -0.0168 0.1272 0.066 -0.0072 0.1272 0.06 -0.0132 0.1272 0.0624 -0.0048 0.1272 0.0624 -0.0012 0.1272 0.0624 -0.0036 0.1272 0.0672 -0.0048 0.1272 0.0696 -0.0048 0.1272 0.0672 -0.0036 0.1272 0.0708 -0.0048 0.1272 0.0708 -0.0048 0.1272 0.0648 -0.0048 0.1272 0.0588 -0.0048 0.1272 0.0636 -0.0024 0.1272 0.0648 -0.0036 0.1272 0.072 -0.006 0.1272 0.06 -0.006 0.1272 0.0624 0.0048 0.1272 0.0576 0.0024 0.1272 0.0624 0.0024 0.1272 0.0588 -0.0024 0.1272 0.0576 -0.0036 0.1272 0.0576 -0.0036 0.1272 0.0588 0.0012 0.1272 0.0588 0 0.1272 0.0588 -0.0012 0.1272 0.0576 0.0048 0.1272 0.0636 0.006 0.1272 0.0588 0.0072 0.1272 0.06 0.006 0.1272 0.0576 0.0072 0.1272 0.066 0.0084 0.1272 0.06 0.0084 0.1272 0.066 0.0072 0.1272 0.0684 0.0084 0.1272 0.0648 0.0084 0.1272 0.0636 0.0108 0.1272 0.0636 0.0168 0.1272 0.0648 0.0156 0.1272 0.066 0.0096 0.1272 0.0636 0.0096 0.1272 0.06 -0.024 0.1272 0.0972 -0.0264 0.1272 0.0936 -0.0252 0.1272 0.0936 0.0132 0.1272 0.06 0.0144 0.1272 0.0636 0.0132 0.1272 0.0612 0.0156 0.1272 0.0636 0.0144 0.1272 0.0624 0.0192 0.1272 0.0648 0.0192 0.1272 0.0636 0.018 0.1272 0.0636 0.0168 0.1272 0.0636 0.0204 0.1272 0.0648 0.0252 0.1272 0.0696 0.024 0.1272 0.0684 0.024 0.1272 0.0696 0.0252 0.1272 0.0708 0.0216 0.1272 0.0684 0.0204 0.1272 0.0696 0.0204 0.1272 0.0672 0.0204 0.1272 0.072 0.0216 0.1272 0.0756 0.0192 0.1272 0.072 0.0192 0.1272 0.0744 0.018 0.1272 0.0732 0.0168 0.1272 0.0744 0.0168 0.1272 0.0732 0.0204 0.1272 0.0708 0.0252 0.1272 0.0744 0.0252 0.1272 0.0732 0.0252 0.1272 0.072 0.024 0.1272 0.0768 0.0288 0.1272 0.0768 0.0276 0.1272 0.0756 0.0288 0.1272 0.0756 0.0288 0.1272 0.078 0.024 0.1272 0.0804 0.0264 0.1272 0.0744 0.0288 0.1272 0.0816 0.03 0.1272 0.0828 0.0288 0.1272 0.0804 0.0288 0.1272 0.0792 0.0312 0.1272 0.0912 0.0276 0.1272 0.0912 0.0312 0.1272 0.09 0.03 0.1272 0.09 0.03 0.1272 0.0888 0.03 0.1272 0.0876 0.0276 0.1272 0.0852 0.0312 0.1272 0.084 0.03 0.1272 0.0864 0.0312 0.1272 0.0852 0.0312 0.1272 0.0924 0.03 0.1272 0.0936 0.0288 0.1272 0.0936 0.03 0.1272 0.0984 0.0252 0.1272 0.0996 0.0288 0.1272 0.0972 0.0288 0.1272 0.0996 0.0288 0.1272 0.096 0.0288 0.1272 0.0948 0.0264 0.1272 0.102 0.0228 0.1272 0.102 0.0276 0.1272 0.1008 0.0228 0.1272 0.1044 0.0228 0.1272 0.1032 0.024 0.1272 0.1056 0.0252 0.1272 0.1068 0.0228 0.1272 0.108 0.0228 0.1272 0.1056 0.0216 0.1272 0.1056 0.024 0.1272 0.1032 0.0264 0.1272 0.1056 0.0252 0.1272 0.1056 0.0252 0.1272 0.1044 0.0264 0.1272 0.1032 0.0216 0.1272 0.108 0.0192 0.1272 0.108 0.0204 0.1272 0.1128 0.0204 0.1272 0.1116 0.0216 0.1272 0.1116 0.0216 0.1272 0.1092 0.0192 0.1272 0.1128 0.0168 0.1272 0.1128 0.0156 0.1272 0.114 0.018 0.1272 0.1128 0.0144 0.1272 0.1164 0.0156 0.1272 0.1152 0.0132 0.1272 0.1164 0.0072 0.1272 0.1188 0.006 0.1272 0.1176 0.0084 0.1272 0.1188 0.0072 0.1272 0.1152 0.0084 0.1272 0.1176 0.0096 0.1272 0.1164 0.012 0.1272 0.114 0.0108 0.1272 0.1164 0.0312 0.1272 0.0828 0.0084 0.1272 0.0684 -0.0264 0.1272 0.0816 -0.03 0.1272 0.096 -0.0216 0.1272 0.102 -0.024 0.1272 0.1068 -0.0252 0.1272 0.1056 -0.0204 0.1272 0.1068 -0.0228 0.1272 0.1092 -0.0228 0.1272 0.108 -0.0048 0.1272 0.114 -0.0072 0.1272 0.1188 -0.0084 0.1272 0.1188 -0.0024 0.1272 0.1152 -0.0036 0.1272 0.1176 -0.0048 0.1272 0.1176 0.006 0.1272 0.1188 -0.0192 0.1272 0.072 -0.0132 0.1272 0.072 -0.0156 0.1272 0.0696 -0.0132 0.1272 0.0708 -0.006 0.1272 0.0732 -0.0072 0.1272 0.0768 -0.012 0.1272 0.0744 -0.0096 0.1272 0.0804 -0.012 0.1272 0.0804 -0.0108 0.1272 0.0768 -0.0144 0.1272 0.0864 -0.0144 0.1272 0.0816 -0.012 0.1272 0.0828 -0.0204 0.1272 0.0816 -0.0216 0.1272 0.0792 -0.0228 0.1272 0.0768 0.0252 0.1272 0.084 0.0228 0.1272 0.0828 0.018 0.1272 0.0864 0.0156 0.1272 0.084 0.018 0.1272 0.0852 -0.006 0.1272 0.1056 -0.0084 0.1272 0.1068 -0.0084 0.1272 0.1044 0.0048 0.1272 0.108 0.0036 0.1272 0.1092 0.0036 0.1272 0.1068 0.0264 0.1272 0.096 0.0204 0.1272 0.096 0.0192 0.1272 0.0936 0.0216 0.1272 0.0948 -0.0096 0.1272 0.0816 -0.0048 0.1272 0.078 -0.0012 0.1272 0.0732 0.0012 0.1272 0.0768 0.0072 0.1272 0.0792 0.0108 0.1272 0.084 0.012 0.1272 0.09 0.012 0.1272 0.0948 0.0096 0.1272 0.0948 0.0096 0.1272 0.0972 0.0048 0.1272 0.0984 0.0072 0.1272 0.1008 0.0036 0.1272 0.1056 -0.0072 0.1272 0.0984 -0.0108 0.1272 0.0936 -0.006 0.1272 0.0984 -0.0168 0.1272 0.0912 -0.0108 0.1272 0.0876 -0.0144 0.1272 0.0936 -0.0132 0.1272 0.0948 -0.0156 0.1272 0.0924 0.0072 0.1272 0.1044 0.006 0.1272 0.1056 0.0144 0.1272 0.1056 0.0156 0.1272 0.1068 0.0132 0.1272 0.1068 0.006 0.1272 0.0708 0.0084 0.1272 0.0708 0.0084 0.1272 0.072 -0.0264 0.1272 0.0804 -0.0192 0.1272 0.084 -0.0216 0.1272 0.0828 0.0192 0.1272 0.1056 0.0144 0.1272 0.1044 0.012 0.1272 0.0972 0.012 0.1272 0.0996 0.0132 0.1272 0.0912 0.0144 0.1272 0.0948 0.0228 0.1272 0.0984 0.0216 0.1272 0.1032 0.0228 0.1272 0.1008 -0.024 0.1272 0.0996 -0.0276 0.1272 0.1032 -0.0264 0.1272 0.1008 -0.0276 0.1272 0.0996 -0.0264 0.1272 0.1044 -0.03 0.1272 0.0972 -0.03 0.1272 0.0984 -0.0192 0.1272 0.1032 -0.0228 0.1272 0.1068 -0.0204 0.1272 0.1056 -0.018 0.1272 0.1116 -0.0156 0.1272 0.1116 -0.0168 0.1272 0.1128 -0.018 0.1272 0.1044 -0.0192 0.1272 0.1044 -0.0192 0.1272 0.108 -0.0192 0.1272 0.1116 -0.0156 0.1272 0.102 -0.0204 0.1272 0.1116 -0.0156 0.1272 0.1044 -0.0228 0.1272 0.1104 -0.0216 0.1272 0.1104 -0.0216 0.1272 0.1116 -0.0084 0.1272 0.1128 -0.006 0.1272 0.1116 -0.0072 0.1272 0.1092 -0.0084 0.1272 0.1116 -0.0084 0.1272 0.1092 -0.006 0.1272 0.1176 -0.0084 0.1272 0.114 -0.0096 0.1272 0.1176 -0.0096 0.1272 0.114 -0.0168 0.1272 0.114 -0.0108 0.1272 0.1164 -0.0108 0.1272 0.114 -0.0132 0.1272 0.1152 -0.012 0.1272 0.1152 -0.0144 0.1272 0.1152 -0.0168 0.1272 0.1152 -0.0156 0.1272 0.1152 -0.0024 0.1272 0.12 0.0012 0.1272 0.114 0.0024 0.1272 0.1176 0.0024 0.1272 0.1188 0.0036 0.1272 0.1176 0.0012 0.1272 0.1188 -0.0012 0.1272 0.12 0 0.1272 0.12 -0.0168 0.1272 0.0708 -0.0168 0.1272 0.0672 -0.0168 0.1272 0.0684 -0.0168 0.1272 0.0696 -0.0096 0.1272 0.0732 -0.0084 0.1272 0.0732 -0.012 0.1272 0.072 -0.0168 0.1272 0.0828 0.018 0.1272 0.0876 0.0204 0.1272 0.0864 0.0216 0.1272 0.0852 0.024 0.1272 0.084 0.0276 0.1272 0.084 0.0264 0.1272 0.084 0.0132 0.1272 0.0792 0.012 0.1272 0.0756 0.0144 0.1272 0.0768 0.0144 0.1272 0.0744 0.0132 0.1272 0.0816 0.0108 0.1272 0.0756 0.0084 0.1272 0.0744 -0.0012 0.1272 0.1032 -0.0036 0.1272 0.1044 0.0012 0.1272 0.1044 -0.0084 0.1272 0.1032 0.0036 0.1272 0.1128 0.0048 0.1272 0.1128 0.006 0.1272 0.1152 0.0048 0.1272 0.1152 0.0048 0.1272 0.1104 0.0048 0.1272 0.114 0.0252 0.1272 0.0972 0.0264 0.1272 0.0972 0.024 0.1272 0.0972 0.0228 0.1272 0.096 0.0168 0.1272 0.0888 0.0168 0.1272 0.0912 0.018 0.1272 0.0924 -0.0012 0.1272 0.0996 -0.0144 0.1272 0.1032 -0.0144 0.1272 0.1008 -0.012 0.1272 0.102 -0.0132 0.1272 0.0984 -0.0108 0.1272 0.102 0.0084 0.1272 0.1032 0.0108 0.1272 0.1032 0.012 0.1272 0.1044 0.0168 0.1272 0.108 0.018 0.1272 0.1092 0.0168 0.1272 0.1104 0.0012 0.1272 0.0732 0.0036 0.1272 0.0732 -0.0252 0.1272 0.0804 -0.024 0.1272 0.0804 -0.0228 0.1272 0.0804 -0.024 0.1272 0.0792 -0.0168 0.1272 0.0888 -0.0168 0.1272 0.0864 -0.018 0.1272 0.084 0.0168 0.1272 0.1056 0.012 0.1272 0.1032 0.018 0.1272 0.0948 -0.0108 0.1284 0.1176 -0.0096 0.1272 0.1176 -0.0096 0.1284 0.1188 -0.0084 0.1272 0.1188 -0.0084 0.1284 0.1188 -0.0072 0.1284 0.1188 -0.0072 0.1272 0.1188 -0.006 0.1284 0.1188 -0.006 0.1272 0.1176 -0.0048 0.1272 0.1176 -0.0048 0.1284 0.1188 -0.0036 0.1272 0.1176 -0.0036 0.1284 0.1188 -0.0024 0.1284 0.12 -0.0024 0.1272 0.12 -0.0012 0.1284 0.12 -0.0012 0.1272 0.12 0 0.1284 0.12 0 0.1272 0.12 0.0012 0.1272 0.1188 0.0024 0.1284 0.1188 0.0024 0.1272 0.1188 0.0024 0.1272 0.1176 0.0036 0.1284 0.1188 0.0036 0.1272 0.1176 0.0048 0.1284 0.1188 0.006 0.1272 0.1188 0.006 0.1284 0.12 -0.0168 0.1284 0.1164 -0.0156 0.1272 0.1152 -0.0156 0.1284 0.1164 -0.0168 0.1272 0.1152 -0.0168 0.1284 0.1152 -0.0168 0.1272 0.114 -0.018 0.1284 0.114 -0.0168 0.1272 0.1128 -0.018 0.1284 0.1128 -0.0192 0.1284 0.1116 -0.018 0.1272 0.1116 -0.0192 0.1272 0.1116 -0.0204 0.1272 0.1116 -0.0204 0.1284 0.1116 0.0072 0.1284 0.12 0.0072 0.1272 0.1188 0.0084 0.1284 0.1188 -0.0216 0.1284 0.1116 -0.0216 0.1272 0.1116 -0.0216 0.1272 0.1104 -0.0228 0.1284 0.1104 -0.0228 0.1272 0.1104 -0.0228 0.1272 0.1092 -0.0228 0.1284 0.1092 -0.0228 0.1272 0.108 -0.024 0.1284 0.108 -0.0228 0.1272 0.1068 -0.0228 0.1284 0.108 -0.024 0.1272 0.1068 -0.024 0.1284 0.1068 0.0084 0.1272 0.1188 0.0096 0.1284 0.1176 0.0096 0.1272 0.1164 0.0084 0.1272 0.1176 0.0108 0.1284 0.1176 -0.0252 0.1272 0.1056 -0.0252 0.1284 0.1056 -0.0264 0.1284 0.1056 -0.0276 0.1284 0.1056 -0.0264 0.1272 0.1044 -0.0276 0.1284 0.1044 -0.0276 0.1272 0.1032 -0.0276 0.1284 0.1032 -0.0276 0.1284 0.102 -0.0264 0.1272 0.1008 0.0108 0.1272 0.1164 0.0108 0.1284 0.1164 -0.0108 0.1272 0.1164 -0.012 0.1284 0.1164 -0.012 0.1272 0.1152 -0.0132 0.1272 0.1152 -0.0132 0.1284 0.1164 -0.0144 0.1272 0.1152 -0.0144 0.1284 0.1164 -0.0276 0.1284 0.1008 -0.0276 0.1272 0.0996 -0.0276 0.1284 0.0996 -0.0288 0.1284 0.0996 -0.03 0.1272 0.0984 -0.03 0.1284 0.0984 -0.03 0.1272 0.0972 -0.03 0.1284 0.0972 -0.0312 0.1284 0.0972 -0.03 0.1284 0.096 -0.03 0.1272 0.096 -0.03 0.1284 0.0948 -0.0288 0.1272 0.0948 -0.03 0.1284 0.0936 -0.03 0.1284 0.0924 -0.0288 0.1272 0.0936 -0.0288 0.1272 0.0924 -0.0312 0.1284 0.0912 -0.0312 0.1272 0.09 -0.03 0.1272 0.0912 -0.0312 0.1284 0.09 -0.0312 0.1284 0.0888 -0.0312 0.1272 0.0888 -0.0312 0.1284 0.0876 -0.03 0.1272 0.0876 -0.03 0.1284 0.0864 -0.03 0.1284 0.0852 -0.03 0.1272 0.0864 -0.0288 0.1272 0.0852 -0.03 0.1284 0.084 -0.03 0.1272 0.0828 -0.03 0.1272 0.084 -0.0312 0.1284 0.0828 -0.03 0.1272 0.0816 -0.0312 0.1284 0.0816 -0.03 0.1284 0.0804 -0.03 0.1272 0.0804 -0.0276 0.1272 0.0792 -0.0288 0.1284 0.0792 -0.0276 0.1272 0.078 -0.0276 0.1284 0.078 -0.0288 0.1284 0.078 -0.0288 0.1284 0.0768 -0.0276 0.1284 0.0768 -0.0276 0.1272 0.0756 -0.0288 0.1284 0.0756 -0.0288 0.1284 0.0744 -0.0276 0.1272 0.0732 -0.0276 0.1284 0.0732 -0.0276 0.1272 0.0744 -0.0264 0.1272 0.0732 -0.0264 0.1284 0.0732 -0.0252 0.1272 0.0732 -0.0252 0.1284 0.072 -0.024 0.1272 0.072 -0.0228 0.1284 0.1116 0.0012 0.1284 0.12 -0.0204 0.1356 0.0816 -0.0228 0.1356 0.0804 -0.0216 0.1356 0.0828 -0.0144 0.1356 0.0864 -0.0168 0.1356 0.0888 0.0144 0.1356 0.1056 0.012 0.1356 0.1044 0.0132 0.1356 0.1068 0.0168 0.1356 0.1116 0.0168 0.1356 0.1104 -0.0168 0.1356 0.066 -0.0168 0.1356 0.0672 -0.0132 0.1356 0.072 -0.012 0.1356 0.072 -0.0132 0.1356 0.0708 -0.0084 0.1356 0.0768 -0.0108 0.1356 0.0768 -0.0096 0.1356 0.0792 -0.012 0.1356 0.0828 -0.012 0.1356 0.0804 -0.0144 0.1356 0.0816 -0.0252 0.1356 0.0792 -0.0228 0.1356 0.0768 -0.0228 0.1356 0.0756 -0.0216 0.1356 0.0732 -0.0192 0.1356 0.072 -0.0204 0.1356 0.072 -0.018 0.1356 0.0696 -0.0168 0.1356 0.0708 0.0204 0.1356 0.0864 0.0216 0.1356 0.0852 0.018 0.1356 0.0852 0.0012 0.1356 0.114 0.0048 0.1356 0.1128 0.0036 0.1356 0.1128 -0.006 0.1356 0.0768 -0.0108 0.1356 0.0816 -0.006 0.1356 0.0732 -0.0024 0.1356 0.0756 0.0012 0.1356 0.0756 0.0144 0.1356 0.0768 0.0144 0.1356 0.0744 0.012 0.1356 0.0756 0.0168 0.1356 0.0888 0.0132 0.1356 0.09 0.0144 0.1356 0.0924 0.012 0.1356 0.0948 0.0108 0.1356 0.096 0.0108 0.1356 0.0972 0.006 0.1356 0.1008 -0.024 0.1356 0.0804 -0.024 0.1356 0.0792 -0.0264 0.1356 0.0804 -0.0264 0.1356 0.0816 -0.0252 0.1356 0.0804 -0.0168 0.1356 0.0864 -0.018 0.1356 0.084 -0.0192 0.1356 0.084 0.0108 0.1356 0.1032 0.0084 0.1356 0.1008 0.0072 0.1356 0.1044 0.006 0.1356 0.1044 0.0084 0.1356 0.1032 0.0168 0.1356 0.108 0.0156 0.1356 0.1068 0.0192 0.1356 0.108 0.018 0.1356 0.1092 -0.0168 0.1356 0.0696 -0.0156 0.1356 0.0696 -0.0168 0.1356 0.0684 -0.0096 0.1356 0.0732 -0.0084 0.1356 0.0732 -0.012 0.1356 0.0744 -0.0168 0.1356 0.0828 -0.0216 0.1356 0.0792 0.0264 0.1356 0.084 0.024 0.1356 0.0804 0.0252 0.1356 0.084 0.018 0.1356 0.0876 0.024 0.1356 0.084 0.03 0.1356 0.0828 0.0228 0.1356 0.0828 0.0276 0.1356 0.084 0.0276 0.1356 0.0852 0.0048 0.1356 0.1152 0.006 0.1356 0.1176 0.0036 0.1356 0.1092 0.0048 0.1356 0.108 0.0036 0.1356 0.1068 0.0048 0.1356 0.114 0.006 0.1356 0.1152 0.006 0.1356 0.1056 0.0048 0.1356 0.1104 0.0072 0.1356 0.1152 0.0108 0.1356 0.0756 0.0132 0.1356 0.0792 0.0168 0.1356 0.0744 0.0072 0.1356 0.078 0.012 0.1356 0.0828 0.0132 0.1356 0.0816 0.0168 0.1356 0.0732 0.0084 0.1356 0.0744 0.0156 0.1356 0.084 -0.0084 0.1356 0.1032 -0.0036 0.1356 0.1044 -0.0072 0.1356 0.0996 -0.0012 0.1356 0.102 -0.0084 0.1356 0.1044 -0.0072 0.1356 0.1092 -0.0084 0.1356 0.1068 -0.0084 0.1356 0.1092 0.0012 0.1356 0.1044 -0.0012 0.1356 0.1032 -0.006 0.1356 0.1056 -0.0132 0.1356 0.0876 -0.0132 0.1356 0.0912 -0.0156 0.1356 0.0924 -0.018 0.1356 0.0924 -0.0108 0.1356 0.102 -0.0132 0.1356 0.0984 -0.012 0.1356 0.102 -0.0144 0.1356 0.1008 -0.0156 0.1356 0.102 -0.0144 0.1356 0.1032 -0.012 0.1356 0.0936 -0.0132 0.1356 0.0948 -0.0156 0.1356 0.1044 0.012 0.1356 0.0996 0.012 0.1356 0.1032 0.0144 0.1356 0.1044 0.012 0.1356 0.0972 0.0144 0.1356 0.0948 0.018 0.1356 0.0948 0.0168 0.1356 0.0912 0.018 0.1356 0.0924 0.0204 0.1356 0.096 0.0192 0.1356 0.0936 0.0216 0.1356 0.0948 0.0228 0.1356 0.096 0.0228 0.1356 0.0984 0.024 0.1356 0.0972 0.0252 0.1356 0.0996 0.0252 0.1356 0.0972 0.0264 0.1356 0.0972 0.0276 0.1356 0.096 0.0264 0.1356 0.096 0.0228 0.1356 0.1008 0.0216 0.1356 0.1032 0.0228 0.1356 0.102 0.0216 0.1356 0.1056 0.0168 0.1356 0.1056 0.0192 0.1356 0.1056 0.0036 0.1356 0.0732 0.0084 0.1356 0.072 0.0072 0.1356 0.0684 0.0084 0.1356 0.0708 0.0084 0.1356 0.0684 0.006 0.1356 0.0708 0.0012 0.1356 0.0732 -0.0012 0.1356 0.0732 0.0144 0.1356 0.1164 0.0156 0.1356 0.1152 0.0132 0.1356 0.1164 0.0156 0.1356 0.114 0.0168 0.1356 0.1128 0.0216 0.1356 0.1116 0.0192 0.1356 0.1128 0.0204 0.1356 0.1116 0.0204 0.1356 0.1128 0.018 0.1356 0.1128 0.0216 0.1356 0.1104 0.0228 0.1356 0.108 0.0216 0.1356 0.1092 0.0252 0.1356 0.1044 0.0264 0.1356 0.1056 0.0264 0.1356 0.1044 0.024 0.1356 0.1056 0.0252 0.1356 0.1068 0.0252 0.1356 0.1056 0.024 0.1356 0.1032 0.024 0.1356 0.1068 0.0228 0.1356 0.1032 0.0228 0.1356 0.1044 0.0228 0.1356 0.1056 0.0264 0.1356 0.102 0.0264 0.1356 0.1032 0.03 0.1356 0.0984 0.03 0.1356 0.0996 0.0288 0.1356 0.0996 0.0288 0.1356 0.1008 0.0276 0.1356 0.1008 0.0312 0.1356 0.0912 0.0312 0.1356 0.0924 0.03 0.1356 0.0936 0.0288 0.1356 0.0948 0.0288 0.1356 0.096 0.0288 0.1356 0.0972 0.0312 0.1356 0.084 0.0276 0.1356 0.0912 0.03 0.1356 0.09 0.0312 0.1356 0.0852 0.03 0.1356 0.0864 0.03 0.1356 0.0876 0.03 0.1356 0.0888 0.0312 0.1356 0.0828 0.0288 0.1356 0.0756 0.024 0.1356 0.0768 0.0288 0.1356 0.0768 0.0288 0.1356 0.0792 0.0288 0.1356 0.0804 0.0288 0.1356 0.0816 0.0252 0.1356 0.0696 0.024 0.1356 0.0684 0.0252 0.1356 0.0708 0.0204 0.1356 0.0672 0.0156 0.1356 0.066 0.0204 0.1356 0.0696 0.0192 0.1356 0.072 0.0216 0.1356 0.0756 0.0204 0.1356 0.072 0.0204 0.1356 0.0708 0.0216 0.1356 0.0684 0.0252 0.1356 0.0732 0.018 0.1356 0.0732 0.0192 0.1356 0.0744 0.0252 0.1356 0.0744 0.0264 0.1356 0.0744 0.0168 0.1356 0.0648 0.018 0.1356 0.0636 0.0192 0.1356 0.0636 0.0192 0.1356 0.0648 0.0204 0.1356 0.0648 0.012 0.1356 0.06 0.0132 0.1356 0.0612 0.0132 0.1356 0.06 0.0108 0.1356 0.06 0.0144 0.1356 0.0624 0.0156 0.1356 0.0636 0.0096 0.1356 0.06 0.0168 0.1356 0.0636 0.0108 0.1356 0.0636 0.0096 0.1356 0.0636 0.0084 0.1356 0.06 0.0072 0.1356 0.06 0.0084 0.1356 0.0636 0.0072 0.1356 0.066 0.0084 0.1356 0.0648 0.0084 0.1356 0.066 0.006 0.1356 0.0576 0.0024 0.1356 0.0624 0.006 0.1356 0.0588 0.0048 0.1356 0.0636 0.0048 0.1356 0.0576 -0.0036 0.1356 0.0576 -0.0012 0.1356 0.0624 -0.0024 0.1356 0.0576 -0.0012 0.1356 0.0576 0 0.1356 0.0588 -0.0036 0.1356 0.0588 0.0012 0.1356 0.0588 0.0024 0.1356 0.0588 0.0036 0.1356 0.0576 0.0036 0.1356 0.0588 -0.0036 0.1356 0.0672 -0.0048 0.1356 0.0696 -0.0036 0.1356 0.0708 -0.0048 0.1356 0.0636 -0.0048 0.1356 0.0624 -0.0048 0.1356 0.0588 -0.006 0.1356 0.06 -0.006 0.1356 0.0624 -0.0048 0.1356 0.0648 -0.0024 0.1356 0.0648 -0.0048 0.1356 0.0708 -0.0048 0.1356 0.0672 -0.0072 0.1356 0.0624 -0.0108 0.1356 0.0588 -0.012 0.1356 0.06 -0.0096 0.1356 0.0588 -0.012 0.1356 0.0612 -0.0084 0.1356 0.06 -0.0144 0.1356 0.0624 -0.012 0.1356 0.0636 -0.0132 0.1356 0.0624 -0.0108 0.1356 0.06 -0.0072 0.1356 0.06 -0.018 0.1356 0.0636 -0.0168 0.1356 0.0624 -0.0192 0.1356 0.066 -0.018 0.1356 0.0648 -0.0216 0.1356 0.0684 -0.0228 0.1356 0.0672 -0.0204 0.1356 0.0684 -0.0204 0.1356 0.0672 -0.0216 0.1356 0.0672 -0.0204 0.1356 0.0708 -0.0204 0.1356 0.0696 -0.0228 0.1356 0.0684 -0.0228 0.1356 0.0696 -0.024 0.1356 0.0684 -0.024 0.1356 0.0696 -0.0216 0.1356 0.0708 -0.024 0.1356 0.0708 -0.024 0.1356 0.072 -0.0264 0.1356 0.0744 -0.0276 0.1356 0.0732 -0.024 0.1356 0.0744 -0.0252 0.1356 0.0732 -0.0252 0.1356 0.0744 -0.0264 0.1356 0.0732 -0.0276 0.1356 0.0744 -0.0264 0.1356 0.0756 -0.0276 0.1356 0.0756 -0.024 0.1356 0.0768 -0.024 0.1356 0.0756 -0.0264 0.1356 0.0768 -0.0276 0.1356 0.078 -0.0252 0.1356 0.0768 -0.0276 0.1356 0.0792 -0.03 0.1356 0.0828 -0.03 0.1356 0.0816 -0.03 0.1356 0.0804 -0.03 0.1356 0.084 -0.0312 0.1356 0.0888 -0.03 0.1356 0.0912 -0.0312 0.1356 0.09 -0.0276 0.1356 0.0924 -0.03 0.1356 0.0876 -0.03 0.1356 0.0864 -0.0276 0.1356 0.0864 -0.0288 0.1356 0.0924 -0.0288 0.1356 0.0936 -0.0288 0.1356 0.0852 -0.0264 0.1356 0.0936 -0.024 0.1356 0.0972 -0.0252 0.1356 0.0936 -0.024 0.1356 0.0936 -0.0228 0.1356 0.0948 -0.0204 0.1356 0.0924 -0.0204 0.1356 0.0912 -0.0216 0.1356 0.0912 -0.024 0.1356 0.0924 -0.0288 0.1356 0.0948 -0.018 0.1356 0.09 -0.0264 0.1356 0.0924 -0.03 0.1356 0.0984 -0.03 0.1356 0.0972 -0.03 0.1356 0.096 -0.0276 0.1356 0.1032 -0.024 0.1356 0.0996 -0.0276 0.1356 0.0996 -0.0264 0.1356 0.1008 -0.0264 0.1356 0.1044 -0.0216 0.1356 0.102 -0.0252 0.1356 0.1056 -0.024 0.1356 0.1068 -0.0216 0.1356 0.1116 -0.0192 0.1356 0.108 -0.0216 0.1356 0.1104 -0.0228 0.1356 0.1104 -0.0228 0.1356 0.1092 -0.0204 0.1356 0.1068 -0.0228 0.1356 0.108 -0.0228 0.1356 0.1068 -0.0204 0.1356 0.1056 -0.018 0.1356 0.1116 -0.0192 0.1356 0.1116 -0.0204 0.1356 0.1116 -0.0192 0.1356 0.1044 -0.0156 0.1356 0.1116 -0.018 0.1356 0.1044 -0.0192 0.1356 0.1032 -0.0168 0.1356 0.1128 -0.0144 0.1356 0.1152 -0.0156 0.1356 0.1152 -0.0168 0.1356 0.1152 -0.0168 0.1356 0.114 -0.0096 0.1356 0.1176 -0.0096 0.1356 0.114 -0.0108 0.1356 0.1164 -0.0108 0.1356 0.114 -0.0132 0.1356 0.1152 -0.0084 0.1356 0.114 -0.0084 0.1356 0.1128 -0.0084 0.1356 0.1188 -0.0048 0.1356 0.114 -0.006 0.1356 0.1116 -0.0048 0.1356 0.1176 -0.0024 0.1356 0.1152 -0.012 0.1356 0.1152 -0.0036 0.1356 0.1176 -0.0012 0.1356 0.1152 -0.0072 0.1356 0.1188 -0.006 0.1356 0.1176 -0.0084 0.1356 0.1116 0 0.1356 0.12 -0.0012 0.1356 0.12 -0.0024 0.1356 0.12 0.0036 0.1356 0.1176 0.0024 0.1356 0.1176 0.0024 0.1356 0.1188 0.0012 0.1356 0.1188 0.006 0.1356 0.1188 0.0084 0.1356 0.1188 0.0072 0.1356 0.1188 0.0096 0.1356 0.1164 0.0084 0.1356 0.1176 0.012 0.1356 0.114 0.0108 0.1356 0.1164 0.024 0.1356 0.0696 -0.0276 0.1284 0.0996 -0.0276 0.1344 0.1008 -0.0276 0.1344 0.0996 -0.0288 0.1284 0.0996 -0.03 0.1284 0.0984 -0.0288 0.1344 0.0996 -0.03 0.1344 0.0984 -0.03 0.1284 0.096 -0.03 0.1344 0.096 -0.03 0.1284 0.0948 -0.03 0.1344 0.0948 -0.03 0.1344 0.0936 -0.03 0.1284 0.0936 -0.03 0.1284 0.0924 -0.03 0.1344 0.0924 -0.0312 0.1344 0.0912 -0.0312 0.1284 0.0912 -0.0312 0.1344 0.09 -0.0312 0.1284 0.09 -0.0312 0.1284 0.0888 -0.0312 0.1284 0.0876 -0.0312 0.1344 0.0888 -0.03 0.1284 0.0864 -0.03 0.1344 0.0876 -0.03 0.1344 0.0864 -0.03 0.1284 0.0852 -0.03 0.1284 0.084 -0.03 0.1344 0.0852 -0.03 0.1344 0.084 -0.0312 0.1284 0.0828 -0.0312 0.1344 0.084 -0.0312 0.1344 0.0828 -0.03 0.1284 0.0804 -0.0312 0.1344 0.0816 -0.03 0.1344 0.0804 -0.0288 0.1284 0.0792 -0.0288 0.1344 0.0792 -0.0276 0.1344 0.078 -0.0288 0.1284 0.078 -0.0288 0.1344 0.078 -0.0276 0.1344 0.0768 -0.0288 0.1284 0.0768 -0.0276 0.1284 0.0768 -0.0288 0.1344 0.0756 -0.0288 0.1284 0.0744 -0.0288 0.1284 0.0756 -0.0276 0.1344 0.0732 -0.0288 0.1344 0.0744 -0.0276 0.1284 0.0732 -0.0264 0.1284 0.0732 -0.0252 0.1284 0.072 -0.0264 0.1344 0.072 -0.0252 0.1344 0.072 -0.024 0.1284 0.0708 -0.024 0.1344 0.0708 -0.024 0.1284 0.0684 -0.024 0.1344 0.0684 -0.024 0.1344 0.0672 -0.024 0.1284 0.0672 -0.0228 0.1344 0.0672 -0.0228 0.1284 0.0672 -0.0204 0.1284 0.066 -0.0204 0.1344 0.066 -0.0192 0.1284 0.066 -0.0192 0.1344 0.066 -0.0192 0.1344 0.0648 -0.0192 0.1284 0.0648 -0.018 0.1284 0.0636 -0.0192 0.1344 0.0636 -0.018 0.1344 0.0636 -0.0168 0.1284 0.0624 -0.0168 0.1344 0.0624 -0.0168 0.1344 0.0612 -0.0168 0.1284 0.0612 -0.0144 0.1284 0.0624 -0.0156 0.1344 0.0624 -0.0144 0.1344 0.0624 -0.0132 0.1284 0.0612 -0.0132 0.1344 0.0612 -0.012 0.1284 0.0588 -0.012 0.1344 0.06 -0.012 0.1344 0.0588 -0.0096 0.1284 0.0588 -0.0108 0.1344 0.0588 -0.0096 0.1344 0.0588 -0.0072 0.1344 0.0588 -0.006 0.1284 0.0588 -0.0072 0.1284 0.0588 -0.006 0.1344 0.0588 -0.0036 0.1344 0.0576 -0.0036 0.1284 0.0576 -0.0048 0.1284 0.0576 -0.0036 0.1344 0.0564 -0.0024 0.1284 0.0564 -0.0024 0.1344 0.0564 -0.0012 0.1344 0.0576 -0.0012 0.1284 0.0576 0.0024 0.1284 0.0588 0.0012 0.1344 0.0588 0.0024 0.1344 0.0588 0.0024 0.1284 0.0576 0.0036 0.1284 0.0576 0.0036 0.1344 0.0576 0.0048 0.1344 0.0576 0.0048 0.1284 0.0576 0.006 0.1284 0.0576 0.006 0.1344 0.0576 0.0072 0.1344 0.0588 0.0084 0.1284 0.06 0.0096 0.1344 0.06 0.0096 0.1284 0.06 0.012 0.1284 0.0588 0.012 0.1344 0.0588 0.0132 0.1284 0.0588 0.0132 0.1344 0.06 0.0132 0.1284 0.06 0.0144 0.1344 0.06 0.0144 0.1284 0.06 0.0156 0.1284 0.0624 0.0144 0.1344 0.0612 0.0156 0.1344 0.0624 0.0168 0.1344 0.0624 0.0168 0.1344 0.0636 0.018 0.1284 0.0624 0.0168 0.1284 0.0636 0.018 0.1344 0.0624 0.0192 0.1284 0.0624 0.0192 0.1284 0.0636 0.0192 0.1344 0.0636 0.0204 0.1284 0.0636 0.0204 0.1344 0.0648 0.0204 0.1284 0.0648 0.0204 0.1344 0.066 0.0216 0.1344 0.0672 0.0216 0.1284 0.0672 0.0228 0.1344 0.0684 0.0228 0.1284 0.0684 0.024 0.1284 0.0684 0.024 0.1344 0.0684 0.0252 0.1344 0.0684 0.0252 0.1284 0.0684 0.0252 0.1344 0.0696 0.0252 0.1284 0.0696 0.0264 0.1284 0.0708 0.0264 0.1344 0.0708 0.0264 0.1344 0.0732 0.0264 0.1284 0.072 0.0264 0.1344 0.072 0.0264 0.1284 0.0732 0.0264 0.1344 0.0744 0.0264 0.1284 0.0744 0.0276 0.1284 0.0744 0.0276 0.1344 0.0744 0.0288 0.1344 0.0744 0.0288 0.1284 0.0756 0.0288 0.1344 0.0756 0.03 0.1284 0.078 0.03 0.1344 0.0768 0.03 0.1344 0.078 0.03 0.1284 0.0804 0.0288 0.1344 0.0804 0.03 0.1344 0.0804 0.0312 0.1284 0.0828 0.03 0.1344 0.0816 0.0312 0.1344 0.0828 0.0312 0.1284 0.0852 0.0312 0.1344 0.084 0.0312 0.1344 0.0852 0.03 0.1284 0.0864 0.0312 0.1344 0.0864 0.03 0.1344 0.0876 0.03 0.1284 0.0876 0.03 0.1284 0.0888 0.03 0.1344 0.0888 0.0312 0.1284 0.0888 0.0312 0.1284 0.09 0.0312 0.1344 0.09 0.0312 0.1344 0.0924 0.0324 0.1284 0.0912 0.0324 0.1344 0.0912 0.0312 0.1284 0.0936 0.0312 0.1344 0.0936 0.03 0.1344 0.0948 0.03 0.1284 0.0948 0.03 0.1344 0.096 0.03 0.1284 0.096 0.03 0.1284 0.0972 0.03 0.1344 0.0996 0.03 0.1284 0.0996 0.0288 0.1344 0.1008 0.0288 0.1284 0.1008 0.0276 0.1284 0.102 0.0276 0.1344 0.102 0.0264 0.1284 0.1032 0.0264 0.1344 0.102 0.0264 0.1344 0.1032 0.0264 0.1344 0.1056 0.0264 0.1284 0.1056 0.0264 0.1284 0.1044 0.0264 0.1284 0.1068 0.0252 0.1284 0.108 0.0252 0.1344 0.108 0.0228 0.1284 0.108 0.0228 0.1344 0.108 0.0228 0.1344 0.1092 0.0228 0.1284 0.1092 0.0216 0.1284 0.1116 0.0216 0.1344 0.1116 0.0216 0.1344 0.1128 0.0216 0.1284 0.1128 0.0204 0.1344 0.1128 0.0204 0.1284 0.1128 0.0192 0.1284 0.1128 0.018 0.1284 0.1128 0.018 0.1344 0.1128 0.0168 0.1284 0.114 0.018 0.1284 0.114 0.0168 0.1344 0.114 0.0156 0.1284 0.1164 0.0156 0.1344 0.1152 0.0156 0.1344 0.1164 0.0144 0.1284 0.1164 0.0144 0.1344 0.1176 0.0132 0.1284 0.1176 0.0144 0.1284 0.1176 -0.0156 0.1284 0.0612 -0.0108 0.1284 0.0588 -0.012 0.1284 0.0612 -0.0084 0.1344 0.0588 -0.0084 0.1284 0.0588 0.0012 0.1284 0.0588 0 0.1344 0.0588 0 0.1284 0.0588 0 0.1344 0.0576 0 0.1284 0.0576 0.0084 0.1344 0.0588 0.0084 0.1344 0.06 0.0084 0.1284 0.0588 0.0072 0.1284 0.0588 0.012 0.1344 0.1176 0.0108 0.1284 0.1164 0.012 0.1284 0.1176 0.0108 0.1284 0.06 -0.0024 0.1344 0.12 -0.0024 0.1284 0.12 0.0144 0.1284 0.0612 0 0.1344 0.12 -0.0012 0.1284 0.12 0 0.1284 0.12 -0.0276 0.1284 0.1008 -0.0192 0.1344 0.1116 -0.0192 0.1284 0.1116 0.0204 0.1344 0.0636 0.0204 0.1284 0.066 0.03 0.1284 0.0768 0.0288 0.1284 0.0804 0.0288 0.1344 0.0792 0.0288 0.1284 0.0792 0.03 0.1284 0.0816 0.0312 0.1284 0.084 0.0312 0.1284 0.0864 0.0312 0.1344 0.0912 0.0312 0.1284 0.0912 0.0312 0.1284 0.0924 0.03 0.1344 0.0936 0.03 0.1284 0.0984 0.03 0.1344 0.0972 0.03 0.1344 0.0984 0.0264 0.1344 0.1068 0.024 0.1284 0.108 0.024 0.1344 0.108 0.0216 0.1284 0.1092 0.0216 0.1344 0.1092 0.0216 0.1284 0.1104 0.0216 0.1344 0.1104 0.0156 0.1284 0.1152 0.0144 0.1344 0.1164 0.0132 0.1344 0.1176 0.0012 0.1344 0.12 0.0024 0.1344 0.1188 0.0024 0.1284 0.1188 0.0036 0.1344 0.1188 0.0036 0.1284 0.1188 0.006 0.1284 0.12 0.0072 0.1344 0.12 0.006 0.1344 0.12 0.0072 0.1284 0.12 0.0084 0.1284 0.1188 0.0084 0.1344 0.1188 0.0108 0.1344 0.1176 0.0096 0.1284 0.1176 0.0108 0.1284 0.1176 0.0108 0.1344 0.1164 0.0096 0.1344 0.1176 0.0048 0.1344 0.1188 0.0048 0.1284 0.1188 0.0012 0.1284 0.12 -0.0012 0.1344 0.12 -0.0036 0.1344 0.1188 -0.0036 0.1284 0.1188 -0.0276 0.1284 0.1032 -0.0276 0.1344 0.1044 -0.0276 0.1344 0.1032 -0.0276 0.1284 0.1044 -0.0276 0.1344 0.1056 -0.0264 0.1284 0.1056 -0.0264 0.1344 0.1056 -0.024 0.1344 0.1068 -0.0252 0.1284 0.1056 -0.024 0.1284 0.1068 -0.0228 0.1284 0.108 -0.0228 0.1344 0.108 -0.024 0.1344 0.108 -0.0228 0.1344 0.1104 -0.0228 0.1284 0.1104 -0.0216 0.1344 0.1116 -0.0228 0.1284 0.1116 -0.0216 0.1284 0.1116 -0.0204 0.1344 0.1116 -0.0204 0.1284 0.1116 -0.018 0.1344 0.1128 -0.018 0.1284 0.1128 -0.0168 0.1284 0.1152 -0.0168 0.1344 0.1152 -0.0156 0.1344 0.1164 -0.0156 0.1284 0.1164 -0.0132 0.1344 0.1164 -0.0132 0.1284 0.1164 -0.012 0.1344 0.1164 -0.012 0.1284 0.1164 -0.0108 0.1344 0.1164 -0.0096 0.1284 0.1188 -0.0108 0.1344 0.1188 -0.0108 0.1284 0.1176 -0.0084 0.1284 0.1188 -0.0096 0.1344 0.1188 -0.0072 0.1284 0.1188 -0.0072 0.1344 0.1188 -0.006 0.1344 0.1188 -0.006 0.1284 0.1188 -0.0048 0.1284 0.1188 -0.0048 0.1344 0.1188 -0.0084 0.1344 0.1188 -0.0108 0.1344 0.1176 -0.0144 0.1344 0.1164 -0.0144 0.1284 0.1164 -0.0168 0.1284 0.1164 -0.018 0.1284 0.114 -0.018 0.1344 0.114 -0.024 0.1284 0.108 -0.0228 0.1284 0.1092 -0.0252 0.1344 0.1056 -0.0276 0.1284 0.1056 -0.0276 0.1284 0.102 -0.0276 0.1344 0.102 -0.03 0.1344 0.0972 -0.03 0.1284 0.0972 -0.0312 0.1344 0.0972 -0.0312 0.1284 0.0972 -0.0312 0.1284 0.0816 -0.0276 0.1284 0.078 -0.024 0.1284 0.0696 -0.024 0.1344 0.0696 -0.0216 0.1284 0.066 -0.0216 0.1344 0.066 -0.018 0.1344 0.0624 -0.018 0.1284 0.0624 -0.0096 0.1344 0.1188 -0.0096 0.1356 0.1176 -0.0276 0.1344 0.1044 -0.0264 0.1356 0.1044 -0.0276 0.1356 0.1032 -0.0276 0.1344 0.1056 -0.0264 0.1344 0.1056 -0.0252 0.1356 0.1056 -0.0252 0.1344 0.1056 -0.024 0.1344 0.1068 -0.024 0.1356 0.1068 -0.0228 0.1356 0.1068 -0.024 0.1344 0.108 -0.0228 0.1356 0.108 -0.0228 0.1356 0.1092 -0.0228 0.1344 0.108 -0.0228 0.1344 0.1104 -0.0228 0.1356 0.1104 -0.0216 0.1356 0.1116 -0.0216 0.1344 0.1116 -0.0204 0.1344 0.1116 -0.0204 0.1356 0.1116 -0.0192 0.1344 0.1116 -0.018 0.1356 0.1116 -0.018 0.1344 0.1128 -0.0168 0.1356 0.1128 -0.0168 0.1356 0.114 -0.018 0.1344 0.114 -0.0168 0.1344 0.1152 -0.0168 0.1356 0.1152 -0.0156 0.1356 0.1152 -0.0156 0.1344 0.1164 -0.0144 0.1356 0.1152 -0.0144 0.1344 0.1164 -0.0132 0.1356 0.1152 -0.0132 0.1344 0.1164 -0.012 0.1356 0.1152 -0.012 0.1344 0.1164 -0.0108 0.1344 0.1164 -0.0108 0.1356 0.1164 -0.0108 0.1344 0.1176 -0.0108 0.1344 0.1188 -0.0084 0.1356 0.1188 -0.0084 0.1344 0.1188 -0.0072 0.1344 0.1188 -0.0072 0.1356 0.1188 -0.006 0.1344 0.1188 -0.006 0.1356 0.1176 -0.0048 0.1356 0.1176 -0.0048 0.1344 0.1188 -0.0036 0.1356 0.1176 -0.0036 0.1344 0.1188 -0.0024 0.1356 0.12 -0.0024 0.1344 0.12 -0.0012 0.1356 0.12 -0.0012 0.1344 0.12 0 0.1344 0.12 0.0012 0.1344 0.12 0 0.1356 0.12 0.0012 0.1356 0.1188 0.0024 0.1344 0.1188 0.0024 0.1356 0.1188 0.0024 0.1356 0.1176 0.0036 0.1356 0.1176 0.0036 0.1344 0.1188 0.006 0.1356 0.1188 0.0048 0.1344 0.1188 0.006 0.1344 0.12 0.0072 0.1344 0.12 0.0072 0.1356 0.1188 0.0084 0.1344 0.1188 0.0084 0.1356 0.1188 0.0084 0.1356 0.1176 0.0096 0.1344 0.1176 0.0096 0.1356 0.1164 0.0108 0.1344 0.1176 0.0108 0.1356 0.1164 0.0108 0.1344 0.1164 -0.0192 0.1356 0.1116 -0.0216 0.1356 0.1104 -0.0276 0.1344 0.1032 -0.0264 0.1356 0.1008 -0.0276 0.1344 0.102 -0.0276 0.1344 0.1008 -0.0276 0.1356 0.0996 -0.0276 0.1344 0.0996 -0.0288 0.1344 0.0996 -0.03 0.1356 0.0984 -0.03 0.1344 0.0984 -0.03 0.1356 0.0972 -0.03 0.1344 0.0972 -0.0312 0.1344 0.0972 -0.03 0.1344 0.096 -0.03 0.1356 0.096 -0.03 0.1344 0.0948 -0.0288 0.1356 0.0948 -0.03 0.1344 0.0936 -0.0288 0.1356 0.0936 -0.0288 0.1356 0.0924 -0.03 0.1344 0.0924 -0.0312 0.1344 0.0912 -0.0312 0.1356 0.09 -0.0312 0.1344 0.09 -0.03 0.1356 0.0912 -0.0312 0.1356 0.0888 -0.0312 0.1344 0.0888 -0.03 0.1344 0.0876 -0.03 0.1356 0.0864 -0.03 0.1344 0.0864 -0.03 0.1344 0.0852 -0.0288 0.1356 0.0852 -0.03 0.1356 0.084 -0.03 0.1344 0.084 -0.0312 0.1344 0.084 -0.03 0.1356 0.0828 -0.0312 0.1344 0.0828 -0.0312 0.1344 0.0816 -0.03 0.1356 0.0816 -0.03 0.1344 0.0804 -0.03 0.1356 0.0804 -0.0276 0.1356 0.0792 -0.0288 0.1344 0.0792 -0.0276 0.1356 0.078 -0.0288 0.1344 0.078 -0.0276 0.1344 0.078 -0.0276 0.1344 0.0768 -0.0276 0.1356 0.0756 -0.0288 0.1344 0.0756 -0.0288 0.1344 0.0744 -0.0276 0.1356 0.0744 -0.0276 0.1344 0.0732 -0.0276 0.1356 0.0732 -0.0252 0.1356 0.0732 -0.0264 0.1344 0.072 -0.0264 0.1356 0.0732 -0.0252 0.1344 0.072 -0.024 0.1356 0.072 -0.03 0.1356 0.0876 0.0252 0.144 0.072 0.0264 0.144 0.072 0.0276 0.144 0.072 0.0264 0.144 0.0732 0.024 0.144 0.0708 0.0252 0.144 0.0708 0.0252 0.144 0.0696 0.024 0.144 0.0684 0.0252 0.144 0.0684 0.024 0.144 0.0672 0.0228 0.144 0.0672 0.024 0.144 0.066 0.0228 0.144 0.066 0.0216 0.144 0.0672 0.0216 0.144 0.066 0.0204 0.144 0.066 0.0192 0.144 0.066 0.0192 0.144 0.0648 0.0204 0.144 0.0648 0.0276 0.144 0.0732 0.018 0.144 0.0624 0.0192 0.144 0.0624 0.0036 0.144 0.0564 0.0288 0.144 0.0732 0.0276 0.144 0.0744 0.0288 0.144 0.0744 0.0276 0.144 0.0756 0.0288 0.144 0.0768 0.0276 0.144 0.0768 0.03 0.144 0.0828 0.03 0.144 0.084 0.0312 0.144 0.0828 0.03 0.144 0.0816 0.0312 0.144 0.0816 0.0168 0.144 0.0624 0.0168 0.144 0.0612 0.0156 0.144 0.0624 0.0156 0.144 0.0612 0.0132 0.144 0.0612 0.0144 0.144 0.0612 0.012 0.144 0.0588 0.0132 0.144 0.06 0.012 0.144 0.0576 0.0108 0.144 0.0588 0.0096 0.144 0.0588 0.0108 0.144 0.0576 0.0096 0.144 0.0576 0.0084 0.144 0.0588 0.0072 0.144 0.0588 0.006 0.144 0.0576 0.006 0.144 0.0588 0.0048 0.144 0.0576 0.0048 0.144 0.0564 0.0024 0.144 0.0564 0.0012 0.144 0.0576 0.0012 0.144 0.0564 0.0288 0.144 0.078 0.0276 0.144 0.078 0.0288 0.144 0.0792 0.03 0.144 0.0804 0.03 0.144 0.0792 -0.0024 0.144 0.0576 -0.0036 0.144 0.0564 -0.0024 0.144 0.0564 0.0192 0.144 0.0636 0.0312 0.144 0.0804 0.018 0.144 0.0612 -0.0048 0.144 0.0564 -0.0048 0.144 0.0576 -0.006 0.144 0.0564 -0.0072 0.144 0.0588 -0.006 0.144 0.0576 -0.0072 0.144 0.0576 -0.0084 0.144 0.0588 -0.0096 0.144 0.0588 -0.0108 0.144 0.0588 -0.0108 0.144 0.0576 -0.012 0.144 0.0588 -0.012 0.144 0.0576 -0.0132 0.144 0.0588 -0.0132 0.144 0.06 -0.0132 0.144 0.0612 -0.0144 0.144 0.0612 -0.0144 0.144 0.0624 -0.0156 0.144 0.0624 -0.0156 0.144 0.0612 -0.018 0.144 0.0624 -0.0168 0.144 0.0612 -0.018 0.144 0.0612 -0.0192 0.144 0.0624 -0.0192 0.144 0.0636 -0.0204 0.144 0.0636 -0.0204 0.144 0.0648 -0.0204 0.144 0.066 -0.0216 0.144 0.066 -0.0216 0.144 0.0672 -0.0228 0.144 0.0672 -0.024 0.144 0.0672 -0.0252 0.144 0.0672 -0.0252 0.144 0.0684 -0.024 0.144 0.0684 -0.0252 0.144 0.072 -0.0264 0.144 0.0732 -0.0264 0.144 0.072 -0.0276 0.144 0.0744 -0.0276 0.144 0.0732 -0.0288 0.144 0.0732 -0.0288 0.144 0.0744 -0.0288 0.144 0.0768 -0.0288 0.144 0.078 -0.0276 0.144 0.078 -0.0288 0.144 0.0792 -0.0288 0.144 0.0804 -0.03 0.144 0.0816 -0.03 0.144 0.0804 -0.0312 0.144 0.0804 -0.0312 0.144 0.0816 -0.0312 0.144 0.0828 -0.0312 0.144 0.084 -0.03 0.144 0.0852 -0.03 0.144 0.084 -0.03 0.144 0.0864 -0.03 0.144 0.0876 -0.0312 0.144 0.0876 -0.0312 0.144 0.0888 -0.0312 0.144 0.09 -0.0324 0.144 0.09 -0.0312 0.144 0.0912 -0.03 0.144 0.0912 -0.0288 0.144 0.0924 -0.03 0.144 0.0924 -0.03 0.144 0.0936 -0.0288 0.144 0.0936 -0.0288 0.144 0.0948 -0.03 0.144 0.0948 -0.03 0.144 0.0972 -0.03 0.144 0.096 -0.0288 0.144 0.0984 -0.03 0.144 0.0984 -0.03 0.144 0.0996 -0.0288 0.144 0.0996 -0.0276 0.144 0.0996 -0.0264 0.144 0.0996 -0.0276 0.144 0.1008 -0.0264 0.144 0.1008 -0.0264 0.144 0.102 -0.0276 0.144 0.102 -0.0264 0.144 0.1032 -0.0276 0.144 0.1044 -0.0264 0.144 0.1044 -0.0264 0.144 0.1056 -0.0252 0.144 0.1056 -0.0228 0.144 0.1056 -0.024 0.144 0.1068 -0.0228 0.144 0.1068 -0.0252 0.144 0.1068 -0.0312 0.144 0.0924 0.0144 0.144 0.0624 -0.03 0.138 0.0936 -0.0288 0.1368 0.0936 -0.03 0.138 0.0924 -0.0288 0.1368 0.0924 -0.03 0.1368 0.0912 -0.0312 0.138 0.0912 -0.0312 0.1368 0.0912 -0.0324 0.138 0.09 -0.0312 0.1368 0.09 -0.0312 0.138 0.0888 -0.0312 0.1368 0.0888 -0.0312 0.138 0.0876 -0.03 0.138 0.0876 -0.03 0.1368 0.0876 -0.03 0.138 0.0864 -0.03 0.1368 0.0864 -0.03 0.138 0.0852 -0.03 0.1368 0.0852 -0.0312 0.138 0.084 -0.0312 0.1368 0.0828 -0.0312 0.138 0.0828 -0.03 0.1368 0.084 -0.0312 0.1368 0.0816 -0.0312 0.138 0.0816 -0.03 0.1368 0.0816 -0.0312 0.138 0.0804 -0.03 0.138 0.0804 -0.0288 0.1368 0.0792 -0.0288 0.138 0.0792 -0.0276 0.1368 0.0792 -0.0288 0.138 0.078 -0.0288 0.138 0.0768 -0.0288 0.1368 0.0756 -0.0276 0.1368 0.078 -0.0288 0.138 0.0744 -0.0288 0.1368 0.0744 -0.0276 0.1368 0.0744 -0.0276 0.138 0.0732 -0.0264 0.138 0.0732 -0.0264 0.1368 0.0732 -0.0264 0.138 0.072 -0.0252 0.1368 0.072 -0.0252 0.138 0.0708 -0.0252 0.138 0.072 -0.0252 0.1368 0.0696 -0.0252 0.1368 0.0708 -0.024 0.1368 0.0684 -0.0252 0.138 0.0684 -0.024 0.1368 0.0672 -0.024 0.138 0.0672 -0.0228 0.138 0.0672 -0.0216 0.138 0.066 -0.0228 0.1368 0.0672 -0.0204 0.138 0.066 -0.0204 0.1368 0.0672 -0.0204 0.138 0.0648 -0.0204 0.1368 0.066 -0.0204 0.138 0.0636 -0.0192 0.1368 0.0648 -0.0192 0.1368 0.0636 -0.0192 0.138 0.0624 -0.0192 0.1368 0.0624 -0.018 0.138 0.0624 -0.018 0.1368 0.0624 -0.018 0.138 0.0612 -0.0168 0.138 0.0612 -0.0156 0.1368 0.0624 -0.0156 0.138 0.0612 -0.0144 0.1368 0.0624 -0.0144 0.138 0.0612 -0.0144 0.138 0.06 -0.0132 0.1368 0.06 -0.0132 0.1368 0.0612 0.0108 0.1368 0.0588 0.0108 0.138 0.0576 0.0096 0.1368 0.0588 0.0096 0.138 0.0576 0.012 0.138 0.0576 0.012 0.1368 0.0588 0.012 0.138 0.0588 0.012 0.1368 0.06 0.0132 0.138 0.0612 0.0132 0.1368 0.0612 0.0144 0.138 0.0612 0.0144 0.1368 0.0624 0.0156 0.138 0.0612 0.0156 0.1368 0.0624 0.0168 0.1368 0.0624 0.0168 0.138 0.0612 0.018 0.138 0.0612 0.018 0.1368 0.0624 0.0192 0.138 0.0624 0.0192 0.138 0.0636 0.0192 0.1368 0.0636 0.0192 0.138 0.0648 0.0192 0.1368 0.0648 0.0204 0.138 0.0648 0.0204 0.1368 0.066 0.0204 0.138 0.066 0.0228 0.138 0.066 0.0216 0.138 0.066 0.0228 0.1368 0.0672 0.024 0.138 0.066 0.024 0.1368 0.0672 0.024 0.138 0.0672 -0.0288 0.1368 0.0948 -0.03 0.138 0.0948 -0.03 0.1368 0.096 -0.03 0.138 0.096 -0.03 0.1368 0.0972 -0.03 0.138 0.0972 -0.03 0.138 0.0984 -0.0288 0.1368 0.0984 -0.0276 0.138 0.0996 -0.0276 0.138 0.1008 -0.0276 0.1368 0.0996 -0.0264 0.1368 0.0996 0.0084 0.138 0.0588 0.0072 0.1368 0.0588 0.0072 0.138 0.0588 0.024 0.1368 0.0684 0.0252 0.138 0.0684 0.0252 0.138 0.0696 0.024 0.1368 0.0708 0.0252 0.138 0.0708 0.0252 0.138 0.072 0.0252 0.1368 0.072 0.0264 0.138 0.072 0.0276 0.1368 0.0732 0.0276 0.1368 0.0744 0.0276 0.138 0.0732 0.0288 0.138 0.0732 0.0288 0.138 0.0744 0.0288 0.138 0.0756 0.0276 0.1368 0.0756 0.0276 0.1368 0.0768 0.0288 0.138 0.078 0.0276 0.1368 0.078 0.0288 0.138 0.0768 0.0288 0.1368 0.0792 0.03 0.138 0.0792 0.0288 0.138 0.0792 0.0288 0.1368 0.0804 0.03 0.138 0.0804 0.03 0.1368 0.0804 0.0312 0.138 0.0804 0.03 0.1368 0.0816 0.0312 0.138 0.0816 0.0312 0.138 0.0828 0.03 0.1368 0.0828 0.03 0.1368 0.084 0.03 0.138 0.084 0.0132 0.138 0.0588 0.0084 0.1368 0.0588 0.006 0.138 0.0576 0.006 0.1368 0.0588 0.0048 0.138 0.0564 0.0048 0.1368 0.0576 0.0036 0.1368 0.0564 0.0024 0.138 0.0564 0.0024 0.1368 0.0564 0.0012 0.138 0.0564 0 0.1368 0.0576 0 0.138 0.0576 0.0012 0.1368 0.0576 -0.0012 0.1368 0.0576 -0.0036 0.1368 0.0576 -0.0012 0.138 0.0576 -0.0024 0.138 0.0564 -0.0036 0.138 0.0564 -0.0036 0.1368 0.0564 -0.0048 0.1368 0.0564 -0.0048 0.138 0.0564 -0.006 0.138 0.0564 -0.006 0.1368 0.0576 -0.006 0.138 0.0576 -0.006 0.1368 0.0588 -0.0072 0.138 0.0576 -0.0072 0.1368 0.0588 -0.0084 0.138 0.0588 -0.0096 0.1368 0.0588 -0.0084 0.1368 0.0588 -0.0096 0.138 0.0588 -0.0108 0.1368 0.0588 -0.0108 0.138 0.0576 -0.012 0.138 0.0576 -0.012 0.1368 0.0588 -0.012 0.138 0.0588 -0.0132 0.138 0.0588 -0.0132 0.138 0.06 -0.0288 0.138 0.0756 -0.0264 0.1368 0.1008 -0.0276 0.138 0.102 -0.0276 0.138 0.1032 -0.0264 0.1368 0.102 -0.0264 0.1368 0.1032 -0.0264 0.1368 0.1044 -0.0276 0.138 0.1044 -0.0264 0.138 0.1056 -0.0264 0.138 0.1044 -0.0252 0.138 0.1056 -0.0252 0.1368 0.1056 -0.024 0.138 0.1068 -0.0228 0.1368 0.1056 -0.0228 0.1368 0.1068 0.0036 0.138 0.0564 -0.0264 0.138 0.102 -0.0228 0.138 0.1068 0.0012 0.138 0.0576 -0.0036 0.138 0.1104 -0.0036 0.144 0.108 -0.0036 0.138 0.108 -0.0036 0.144 0.1104 -0.0024 0.138 0.1128 -0.0024 0.144 0.1128 -0.0084 0.138 0.1044 -0.0072 0.144 0.1044 -0.0084 0.144 0.1044 -0.0096 0.138 0.1056 -0.0096 0.144 0.1056 -0.0036 0.144 0.108 -0.0048 0.138 0.1056 -0.0036 0.138 0.108 -0.0048 0.144 0.1056 -0.0048 0.138 0.1044 -0.0048 0.144 0.1044 -0.0072 0.138 0.1044 -0.0108 0.144 0.1068 -0.0096 0.138 0.1056 -0.0096 0.144 0.1056 -0.0132 0.144 0.108 -0.0108 0.138 0.1068 -0.0132 0.138 0.108 -0.0216 0.138 0.096 -0.0192 0.144 0.0936 -0.0192 0.138 0.0936 -0.0216 0.144 0.096 -0.0228 0.138 0.0972 -0.0228 0.144 0.0972 -0.0168 0.144 0.0912 -0.018 0.138 0.09 -0.0168 0.138 0.0912 -0.0192 0.144 0.0888 -0.0204 0.138 0.0888 -0.0192 0.138 0.0888 -0.0204 0.144 0.0888 -0.0192 0.144 0.0936 -0.018 0.138 0.0936 -0.0192 0.138 0.0936 -0.018 0.144 0.0936 -0.018 0.144 0.09 -0.0228 0.138 0.0876 -0.0252 0.144 0.0864 -0.0252 0.138 0.0864 -0.0228 0.144 0.0876 -0.0204 0.138 0.0888 -0.0204 0.144 0.0888 -0.018 0.144 0.0732 -0.0204 0.138 0.0732 -0.0204 0.144 0.0732 -0.0156 0.144 0.0744 -0.018 0.138 0.0732 -0.0156 0.138 0.0744 -0.0108 0.138 0.0708 -0.0108 0.144 0.072 -0.0108 0.144 0.0708 -0.0108 0.138 0.072 -0.0108 0.144 0.0732 -0.0108 0.138 0.0732 -0.012 0.144 0.0744 -0.0132 0.144 0.0744 -0.012 0.138 0.0744 -0.0132 0.138 0.0744 -0.0156 0.144 0.0744 -0.0156 0.138 0.0744 -0.0108 0.144 0.066 -0.0108 0.138 0.0684 -0.0108 0.144 0.0684 -0.0108 0.138 0.0708 -0.0108 0.138 0.066 -0.0108 0.144 0.0708 0.0036 0.138 0.066 0.0036 0.144 0.0684 0.0036 0.138 0.0684 0.0036 0.144 0.066 0.0024 0.138 0.0636 0.0024 0.144 0.0636 0.0048 0.144 0.0708 0.0072 0.138 0.0708 0.0048 0.138 0.0708 0.0036 0.144 0.0696 0.0036 0.138 0.0696 0.0072 0.144 0.0708 0.0084 0.138 0.0708 0.0084 0.144 0.0708 0.0036 0.144 0.0684 0.0096 0.138 0.0696 0.0036 0.138 0.0684 0.0096 0.144 0.0696 0.0108 0.138 0.0684 0.0132 0.144 0.0672 0.0132 0.138 0.0672 0.0108 0.144 0.0684 0.0096 0.138 0.0696 0.0096 0.144 0.0696 0.0228 0.138 0.078 0.0216 0.144 0.0792 0.0216 0.138 0.0792 0.0192 0.144 0.0816 0.0192 0.138 0.0816 0.0228 0.144 0.078 0.018 0.138 0.0828 0.0192 0.144 0.0816 0.018 0.144 0.0828 0.0168 0.138 0.084 0.0168 0.144 0.084 0.018 0.138 0.0852 0.018 0.144 0.0852 0.018 0.138 0.0864 0.018 0.144 0.0864 0.0204 0.138 0.0876 0.0204 0.144 0.0876 0.0192 0.138 0.0816 0.0228 0.144 0.0876 0.0204 0.138 0.0876 0.0204 0.144 0.0876 0.0228 0.138 0.0876 0.024 0.144 0.0888 0.024 0.138 0.0888 0.0156 0.144 0.1008 0.0132 0.138 0.1008 0.0156 0.138 0.1008 0.0132 0.144 0.1008 0.012 0.138 0.1008 0.012 0.144 0.1008 0.0108 0.138 0.102 0.0108 0.144 0.102 0.0108 0.138 0.1032 0.0108 0.144 0.1032 0.0108 0.138 0.1044 0.0108 0.144 0.1044 0.0108 0.144 0.1068 0.0108 0.138 0.1044 0.0108 0.144 0.1044 0.0108 0.138 0.1068 0.0108 0.144 0.1092 0.0108 0.138 0.1092 0.012 0.144 0.1116 0.012 0.138 0.1116 0.0108 0.144 0.1104 0.0108 0.138 0.1104 0.0132 0.138 0.1116 0.0132 0.144 0.1116 0.0108 0.144 0.1092 0.0108 0.138 0.1092 -0.0192 0.144 0.1044 -0.018 0.138 0.1056 -0.0192 0.138 0.1044 -0.018 0.144 0.1056 -0.0144 0.138 0.1056 -0.0144 0.144 0.1056 -0.0132 0.138 0.1044 -0.0132 0.144 0.1044 -0.0108 0.138 0.1032 -0.0108 0.144 0.1032 -0.0108 0.138 0.0996 -0.0108 0.144 0.0996 -0.012 0.138 0.0984 -0.012 0.144 0.0984 -0.0144 0.138 0.096 -0.0144 0.144 0.096 -0.0168 0.138 0.096 -0.0168 0.144 0.096 -0.0192 0.138 0.0972 -0.0192 0.144 0.0972 -0.0204 0.138 0.0996 -0.0204 0.144 0.0996 -0.0204 0.138 0.102 -0.0204 0.144 0.102 -0.018 0.144 0.0756 -0.0204 0.138 0.0756 -0.018 0.138 0.0756 -0.0216 0.138 0.0852 -0.0228 0.144 0.084 -0.0216 0.144 0.0852 -0.0192 0.138 0.0852 -0.0192 0.144 0.0852 -0.0168 0.138 0.084 -0.0168 0.144 0.084 -0.0144 0.138 0.0828 -0.0144 0.144 0.0828 -0.0144 0.138 0.0804 -0.0144 0.144 0.0804 -0.0156 0.138 0.078 -0.0156 0.144 0.078 -0.0204 0.144 0.0756 -0.0228 0.138 0.0768 -0.0228 0.144 0.0768 -0.024 0.138 0.0792 -0.024 0.144 0.0792 -0.024 0.138 0.0816 -0.024 0.144 0.0816 -0.0228 0.138 0.084 -0.0072 0.144 0.0708 -0.006 0.138 0.072 -0.0072 0.138 0.0708 -0.006 0.144 0.072 -0.0024 0.138 0.072 -0.0024 0.144 0.072 -0.0012 0.138 0.0708 -0.0012 0.144 0.0708 0.0012 0.138 0.0696 0.0012 0.144 0.0696 0.0012 0.138 0.066 0.0012 0.144 0.066 0 0.138 0.0636 0 0.144 0.0636 -0.0024 0.138 0.0624 -0.0024 0.144 0.0624 -0.0048 0.138 0.0624 -0.0048 0.144 0.0624 -0.0072 0.138 0.0636 -0.0072 0.144 0.0636 -0.0084 0.138 0.066 -0.0084 0.144 0.066 -0.0084 0.138 0.0684 -0.0084 0.144 0.0684 0.0204 0.144 0.0732 0.0192 0.138 0.0708 0.0204 0.138 0.0732 0.0204 0.144 0.0756 0.0204 0.138 0.0756 0.0192 0.144 0.078 0.0192 0.138 0.078 0.0168 0.144 0.0792 0.0168 0.138 0.0792 0.0144 0.144 0.0792 0.0144 0.138 0.0792 0.012 0.144 0.078 0.012 0.138 0.078 0.0168 0.144 0.0696 0.0144 0.138 0.0696 0.0168 0.138 0.0696 0.0192 0.144 0.0708 0.0144 0.144 0.0696 0.012 0.138 0.0708 0.012 0.144 0.0708 0.0108 0.138 0.0732 0.0108 0.144 0.0732 0.0108 0.138 0.0756 0.0108 0.144 0.0756 0.024 0.144 0.096 0.024 0.138 0.0936 0.024 0.138 0.096 0.0228 0.144 0.0984 0.0228 0.138 0.0984 0.024 0.144 0.0936 0.0228 0.138 0.0912 0.0228 0.144 0.0912 0.0216 0.138 0.09 0.0156 0.144 0.0972 0.018 0.138 0.0996 0.0156 0.138 0.0972 0.018 0.144 0.0996 0.0204 0.138 0.0996 0.0204 0.144 0.0996 0.0216 0.144 0.09 0.018 0.138 0.09 0.018 0.144 0.09 0.0168 0.138 0.0912 0.0168 0.144 0.0912 0.0144 0.138 0.0924 0.0144 0.144 0.0924 0.0144 0.138 0.096 0.0144 0.144 0.096 0.0084 0.138 0.1068 0.0084 0.144 0.1092 0.0084 0.144 0.1068 0.0072 0.138 0.1044 0.0072 0.144 0.1044 0.0048 0.138 0.1032 0.0048 0.144 0.1032 0.0024 0.138 0.1032 0.0024 0.144 0.1032 0 0.138 0.1044 0.0084 0.138 0.1092 0.0072 0.144 0.1116 0.0072 0.138 0.1116 0.0048 0.144 0.1128 0.0048 0.138 0.1128 0.0024 0.144 0.1128 0.0024 0.138 0.1128 0 0.144 0.1116 0 0.138 0.1116 0 0.144 0.1044 -0.0012 0.144 0.1068 -0.0012 0.138 0.1092 -0.0012 0.138 0.1068 -0.0012 0.144 0.1092 -0.0204 0.138 0.1092 -0.0204 0.1368 0.1092 -0.0192 0.138 0.1104 -0.0192 0.138 0.1092 -0.018 0.138 0.1092 -0.018 0.138 0.108 -0.0192 0.138 0.108 -0.0204 0.138 0.108 -0.0192 0.1368 0.1104 -0.018 0.1368 0.1092 -0.018 0.1368 0.108 -0.0192 0.1368 0.1068 -0.0204 0.1368 0.108 -0.024 0.138 0.1044 -0.024 0.138 0.1032 -0.0252 0.138 0.1044 -0.0228 0.138 0.1044 -0.0228 0.138 0.1032 -0.024 0.138 0.102 -0.0228 0.138 0.102 -0.0252 0.138 0.1032 -0.024 0.1368 0.1044 -0.0252 0.1368 0.1044 -0.0228 0.1368 0.1044 -0.0228 0.1368 0.1032 -0.0228 0.1368 0.102 -0.024 0.1368 0.102 -0.0252 0.1368 0.102 -0.0252 0.1368 0.1032 0.0216 0.138 0.0708 0.0228 0.1368 0.0708 0.0216 0.1368 0.0708 0.0204 0.138 0.0696 0.0204 0.1368 0.0696 0.0204 0.138 0.0684 0.0204 0.1368 0.0684 0.0216 0.138 0.0684 0.0216 0.1368 0.0684 0.0228 0.138 0.0684 0.0228 0.1368 0.0684 0.0228 0.138 0.0696 0.0216 0.138 0.0696 0.0228 0.1368 0.0696 -0.0108 0.138 0.1032 -0.0108 0.1368 0.0996 -0.0108 0.1368 0.1032 -0.0132 0.138 0.1044 -0.012 0.1368 0.1056 -0.0216 0.1368 0.0996 -0.0192 0.138 0.0972 -0.0204 0.138 0.0996 -0.0144 0.138 0.1056 -0.0144 0.1368 0.1068 -0.018 0.138 0.1056 -0.018 0.1368 0.1068 -0.0192 0.138 0.1044 -0.0204 0.1368 0.1044 -0.0204 0.138 0.102 -0.0216 0.1368 0.102 -0.0108 0.138 0.0996 -0.012 0.1368 0.0972 -0.012 0.138 0.0984 -0.0144 0.1368 0.096 -0.0144 0.138 0.096 -0.0168 0.1368 0.096 -0.0168 0.138 0.096 -0.0192 0.1368 0.0972 -0.018 0.1368 0.0756 -0.0156 0.138 0.078 -0.018 0.138 0.0756 -0.0156 0.1368 0.0768 -0.0144 0.138 0.0804 -0.0144 0.1368 0.0792 -0.0144 0.138 0.0828 -0.0144 0.1368 0.0828 -0.0168 0.138 0.084 -0.0156 0.1368 0.0852 -0.0192 0.138 0.0852 -0.018 0.1368 0.0864 -0.0216 0.138 0.0852 -0.0216 0.1368 0.0864 -0.0228 0.138 0.084 -0.024 0.1368 0.084 -0.024 0.138 0.0816 -0.0252 0.1368 0.0816 -0.024 0.138 0.0792 -0.0252 0.1368 0.0792 -0.0228 0.138 0.0768 -0.0228 0.1368 0.0768 -0.0204 0.138 0.0756 -0.0204 0.1368 0.0756 -0.0024 0.138 0.0624 -0.0048 0.1368 0.0624 -0.0024 0.1368 0.0624 0 0.1368 0.0636 0.0012 0.138 0.066 0 0.138 0.0636 0.0012 0.1368 0.066 0.0012 0.138 0.0696 0.0012 0.1368 0.0696 -0.0012 0.138 0.0708 0 0.1368 0.072 -0.0024 0.138 0.072 -0.0024 0.1368 0.0732 -0.006 0.138 0.072 -0.006 0.1368 0.0732 -0.0072 0.138 0.0708 -0.0084 0.1368 0.0708 -0.0084 0.138 0.0684 -0.0096 0.1368 0.0684 -0.0084 0.138 0.066 -0.0096 0.1368 0.066 -0.0072 0.138 0.0636 -0.0072 0.1368 0.0636 -0.0048 0.138 0.0624 0.0204 0.1368 0.0756 0.0192 0.138 0.078 0.0204 0.138 0.0756 0.0192 0.1368 0.078 0.0168 0.138 0.0792 0.0168 0.1368 0.0792 0.0144 0.138 0.0792 0.0144 0.1368 0.0792 0.012 0.138 0.078 0.012 0.1368 0.078 0.0108 0.138 0.0756 0.0096 0.1368 0.0756 0.0108 0.138 0.0732 0.0108 0.1368 0.072 0.012 0.138 0.0708 0.012 0.1368 0.0696 0.0144 0.138 0.0696 0.0144 0.1368 0.0684 0.0168 0.138 0.0696 0.018 0.1368 0.0696 0.0192 0.138 0.0708 0.0204 0.1368 0.0708 0.0204 0.138 0.0732 0.0216 0.1368 0.0732 0.0204 0.1368 0.0996 0.018 0.138 0.0996 0.0204 0.138 0.0996 0.018 0.1368 0.0996 0.0156 0.138 0.0972 0.0156 0.1368 0.0984 0.0144 0.138 0.096 0.0144 0.1368 0.096 0.0144 0.138 0.0924 0.0144 0.1368 0.0924 0.0168 0.138 0.0912 0.0156 0.1368 0.09 0.018 0.138 0.09 0.018 0.1368 0.0888 0.0216 0.138 0.09 0.0216 0.1368 0.0888 0.0228 0.138 0.0912 0.024 0.1368 0.0912 0.024 0.138 0.0936 0.0252 0.1368 0.0936 0.024 0.138 0.096 0.0252 0.1368 0.096 0.0228 0.138 0.0984 0.0228 0.1368 0.0984 -0.0096 0.1368 0.114 -0.0144 0.138 0.1104 -0.0096 0.138 0.1128 -0.0144 0.1368 0.1116 -0.0036 0.1368 0.1152 -0.0036 0.138 0.114 -0.0144 0.1368 0.1104 -0.0144 0.138 0.1092 -0.0144 0.138 0.1104 -0.0156 0.1368 0.1104 -0.0144 0.1368 0.1116 -0.0144 0.1368 0.108 -0.0132 0.138 0.108 -0.0132 0.1368 0.108 -0.0156 0.1368 0.1092 -0.0108 0.138 0.1068 -0.0096 0.1368 0.1056 -0.0096 0.138 0.1056 -0.0132 0.138 0.108 -0.012 0.1368 0.1068 -0.0132 0.1368 0.108 -0.0084 0.1368 0.1032 -0.0072 0.138 0.1044 -0.0084 0.138 0.1044 -0.0096 0.1368 0.1056 -0.0096 0.138 0.1056 -0.0048 0.1368 0.1044 -0.0048 0.138 0.1056 -0.0048 0.138 0.1044 -0.0036 0.1368 0.1056 -0.0036 0.138 0.108 -0.0036 0.1368 0.108 -0.0072 0.1368 0.1032 -0.0024 0.138 0.114 -0.0012 0.1368 0.1128 -0.0024 0.1368 0.114 -0.0036 0.138 0.114 -0.0036 0.1368 0.1152 -0.0024 0.138 0.1128 -0.0024 0.1368 0.1116 -0.0036 0.1368 0.1092 -0.0036 0.138 0.108 -0.0036 0.1368 0.108 -0.0036 0.138 0.1104 -0.0024 0.1368 0.1116 -0.0024 0.138 0.1128 -0.0264 0.138 0.0876 -0.0276 0.1368 0.0924 -0.0276 0.1368 0.0876 -0.0264 0.138 0.0924 -0.0252 0.1368 0.0984 -0.0252 0.138 0.0972 -0.0252 0.138 0.0864 -0.0252 0.1368 0.0852 -0.024 0.1368 0.0864 -0.0264 0.1368 0.0852 -0.0264 0.138 0.0864 -0.0276 0.1368 0.0876 -0.0264 0.138 0.0876 -0.0276 0.1368 0.0864 -0.0228 0.138 0.0876 -0.0204 0.1368 0.0876 -0.0204 0.138 0.0888 -0.0228 0.1368 0.0876 -0.0252 0.138 0.0864 -0.024 0.1368 0.0864 -0.0204 0.1368 0.0876 -0.0192 0.138 0.0888 -0.0204 0.138 0.0888 -0.0168 0.1368 0.0936 -0.0192 0.138 0.0936 -0.018 0.138 0.0936 -0.0168 0.1368 0.0912 -0.0168 0.138 0.0912 -0.0168 0.1368 0.09 -0.018 0.138 0.09 -0.018 0.1368 0.0888 -0.0192 0.1368 0.0948 -0.024 0.1368 0.0996 -0.024 0.138 0.0984 -0.0228 0.1368 0.0984 -0.0228 0.138 0.0984 -0.0216 0.1368 0.0984 -0.0228 0.138 0.0972 -0.0252 0.1368 0.0984 -0.0252 0.138 0.0972 -0.0252 0.138 0.0984 -0.0192 0.138 0.0936 -0.0204 0.1368 0.096 -0.0216 0.138 0.096 -0.0216 0.1368 0.0984 -0.0192 0.1368 0.0948 -0.0228 0.138 0.0972 -0.0216 0.1368 0.0708 -0.018 0.138 0.0672 -0.0216 0.138 0.0708 -0.0132 0.138 0.0636 -0.018 0.1368 0.0672 -0.0132 0.1368 0.0636 -0.012 0.138 0.0636 -0.0132 0.1368 0.0636 -0.012 0.1368 0.0636 -0.012 0.138 0.0648 -0.0108 0.1368 0.0636 -0.0108 0.138 0.0648 -0.0108 0.1368 0.0648 -0.0108 0.138 0.066 -0.0108 0.1368 0.066 -0.0132 0.138 0.0636 -0.0108 0.138 0.0684 -0.0096 0.1368 0.0708 -0.0108 0.138 0.0708 -0.0108 0.1368 0.0684 -0.0108 0.138 0.066 -0.0108 0.1368 0.066 -0.0096 0.1368 0.0708 -0.0108 0.138 0.072 -0.0108 0.138 0.0708 -0.0096 0.1368 0.072 -0.0108 0.138 0.0732 -0.0108 0.1368 0.0744 -0.012 0.138 0.0744 -0.012 0.1368 0.0756 -0.0132 0.138 0.0744 -0.0132 0.1368 0.0756 -0.0156 0.138 0.0744 -0.0156 0.1368 0.0756 -0.0216 0.138 0.0708 -0.0216 0.1368 0.0708 -0.0216 0.138 0.072 -0.0216 0.1368 0.072 -0.0216 0.1368 0.0732 -0.0216 0.138 0.0732 -0.0204 0.1368 0.0732 -0.0204 0.138 0.0732 -0.0204 0.1368 0.0744 -0.0156 0.138 0.0744 -0.018 0.1368 0.0744 -0.018 0.138 0.0732 -0.0204 0.1368 0.0744 -0.0204 0.138 0.0732 -0.0156 0.1368 0.0756 0.0096 0.1368 0.0612 0.0132 0.138 0.0648 0.0084 0.138 0.0624 0.0144 0.1368 0.0636 0.0036 0.1368 0.06 0.0036 0.138 0.0612 0.0144 0.1368 0.0636 0.0144 0.138 0.0648 0.0132 0.138 0.0648 0.0144 0.1368 0.0648 0.0144 0.138 0.066 0.0156 0.1368 0.066 0.0144 0.1368 0.066 0.0144 0.138 0.0672 0.0144 0.1368 0.0672 0.0132 0.138 0.0672 0.0132 0.1368 0.0672 0.0108 0.138 0.0684 0.0096 0.1368 0.0708 0.0096 0.138 0.0696 0.012 0.1368 0.0684 0.0132 0.138 0.0672 0.0132 0.1368 0.0672 0.0084 0.138 0.0708 0.0096 0.1368 0.0708 0.0084 0.1368 0.072 0.0072 0.138 0.0708 0.006 0.1368 0.072 0.0048 0.138 0.0708 0.0048 0.1368 0.0708 0.0036 0.138 0.0696 0.0036 0.1368 0.0696 0.0036 0.138 0.0684 0.0036 0.1368 0.0684 0.0096 0.138 0.0696 0.0012 0.1368 0.0624 0.0024 0.138 0.0624 0.0012 0.1368 0.0612 0.0024 0.138 0.0612 0.0024 0.1368 0.0636 0.0024 0.138 0.0636 0.0024 0.1368 0.0612 0.0036 0.138 0.0612 0.0036 0.1368 0.06 0.0024 0.1368 0.066 0.0036 0.138 0.0684 0.0036 0.1368 0.0684 0.0036 0.138 0.066 0.0024 0.1368 0.0636 0.0024 0.138 0.0636 0.0252 0.1368 0.078 0.0264 0.138 0.0828 0.0252 0.138 0.078 0.0264 0.138 0.0876 0.0276 0.1368 0.0828 0.0276 0.1368 0.0876 0.0276 0.1368 0.0876 0.0264 0.138 0.0888 0.0264 0.138 0.0876 0.0276 0.1368 0.0888 0.0264 0.1368 0.09 0.0252 0.138 0.0888 0.0252 0.1368 0.09 0.024 0.138 0.0888 0.024 0.1368 0.09 0.0228 0.138 0.0876 0.0204 0.1368 0.0876 0.0204 0.138 0.0876 0.0228 0.1368 0.0888 0.024 0.138 0.0888 0.024 0.1368 0.09 0.0192 0.138 0.0816 0.0168 0.1368 0.0816 0.0192 0.1368 0.0804 0.018 0.138 0.0828 0.0168 0.1368 0.084 0.0168 0.1368 0.0852 0.0168 0.138 0.084 0.018 0.138 0.0852 0.018 0.1368 0.0876 0.018 0.138 0.0864 0.0204 0.1368 0.0876 0.0204 0.138 0.0876 0.024 0.138 0.0768 0.0228 0.1368 0.0768 0.024 0.1368 0.0768 0.0252 0.138 0.0768 0.0252 0.1368 0.0768 0.0252 0.138 0.078 0.0252 0.1368 0.078 0.0228 0.138 0.0768 0.0216 0.1368 0.0768 0.0228 0.138 0.078 0.0216 0.1368 0.0768 0.0216 0.138 0.0792 0.0204 0.1368 0.0792 0.0228 0.138 0.078 0.0192 0.138 0.0816 0.0192 0.1368 0.0804 -0.0072 0.138 0.0792 -0.0108 0.1368 0.084 -0.0072 0.1368 0.0792 -0.0108 0.138 0.084 -0.0108 0.1368 0.09 -0.0108 0.138 0.09 -0.0084 0.1368 0.0948 0.0084 0.138 0.0804 0.0036 0.1368 0.0768 0.0084 0.1368 0.0804 0.0096 0.138 0.0912 0.0108 0.1368 0.0852 0.0108 0.1368 0.0912 0.0072 0.138 0.096 0.0072 0.1368 0.096 0.0024 0.138 0.0984 0.0024 0.1368 0.0996 -0.0036 0.138 0.0984 -0.0036 0.1368 0.0984 -0.0084 0.138 0.0948 0.0108 0.138 0.0852 0.0036 0.138 0.078 -0.0024 0.1368 0.0768 -0.0024 0.138 0.0768 -0.0024 0.1392 0.0768 -0.0072 0.138 0.0792 -0.0024 0.138 0.0768 0.0036 0.1392 0.078 0.0036 0.138 0.078 0.0084 0.1392 0.0804 0.0084 0.138 0.0804 0.0108 0.1392 0.0852 0.0108 0.138 0.0852 0.0096 0.1392 0.0912 0.0096 0.138 0.0912 0.0072 0.1392 0.096 0.0072 0.138 0.096 0.0024 0.1392 0.0984 0.0024 0.138 0.0984 -0.0036 0.1392 0.0984 -0.0036 0.138 0.0984 -0.0084 0.1392 0.0948 -0.0084 0.138 0.0948 -0.0072 0.1392 0.0792 -0.0108 0.138 0.084 -0.0108 0.1392 0.084 -0.0108 0.138 0.09 -0.0108 0.1392 0.09 0 0.1368 0.1032 0.0024 0.138 0.1032 0 0.138 0.1044 0.0024 0.1368 0.102 0.0048 0.138 0.1032 0.006 0.1368 0.1032 0.0072 0.138 0.1044 0.0084 0.1368 0.1044 0.0084 0.138 0.1068 0.0096 0.1368 0.1068 0.0084 0.138 0.1092 0.0084 0.1368 0.1104 0.0072 0.138 0.1116 0.0072 0.1368 0.1128 0.0048 0.138 0.1128 0.0048 0.1368 0.114 0.0024 0.138 0.1128 0.0012 0.1368 0.1128 0 0.138 0.1116 0 0.1368 0.1116 -0.0012 0.1368 0.1056 -0.0012 0.138 0.1068 -0.0024 0.1368 0.1092 -0.0012 0.138 0.1092 0.0204 0.138 0.102 0.0204 0.144 0.1032 0.0204 0.144 0.102 0.0216 0.144 0.1044 0.0216 0.138 0.1044 0.0216 0.144 0.1032 0.0204 0.138 0.1032 0.0216 0.138 0.1032 0.0168 0.144 0.102 0.0204 0.138 0.102 0.0204 0.144 0.102 0.0156 0.144 0.1008 0.0168 0.138 0.102 0.0156 0.138 0.1008 0.0096 0.1368 0.1056 0.0108 0.138 0.1032 0.0108 0.138 0.1044 0.0108 0.1368 0.1008 0.012 0.138 0.1008 0.0108 0.138 0.102 0.012 0.1368 0.0996 0.0132 0.138 0.1008 0.0132 0.1368 0.0996 0.0156 0.138 0.1008 0.0156 0.1368 0.1008 0.0096 0.1368 0.1032 0.0096 0.1368 0.1056 0.0108 0.138 0.1068 0.0108 0.1368 0.1068 0.0108 0.138 0.1092 0.0108 0.1368 0.1092 0.0108 0.138 0.1044 0.0108 0.138 0.1092 0.0108 0.1368 0.1104 0.0108 0.1368 0.1092 0.0108 0.1368 0.1116 0.0108 0.138 0.1104 0.012 0.1368 0.1116 0.012 0.138 0.1116 0.0132 0.1368 0.1116 0.0132 0.138 0.1116 0.0168 0.138 0.108 0.0216 0.1368 0.1044 0.018 0.1368 0.1092 0.0132 0.138 0.1116 0.0132 0.1368 0.1116 0.0216 0.138 0.1044 0.0204 0.138 0.1032 0.0204 0.1368 0.102 0.0216 0.1368 0.102 0.0204 0.138 0.102 0.0216 0.138 0.1044 0.0216 0.1368 0.1032 0.0216 0.1368 0.1044 0.0216 0.138 0.1032 0.0168 0.138 0.102 0.0204 0.1368 0.102 0.0204 0.138 0.102 0.018 0.1368 0.1008 0.0156 0.138 0.1008 0.0156 0.1368 0.1008 0.0144 0.138 0.0672 0.0132 0.144 0.0672 0.0144 0.144 0.0672 0.0144 0.144 0.066 0.0144 0.138 0.066 0.0144 0.138 0.0648 0.0144 0.144 0.0648 0.0132 0.138 0.0648 0.0132 0.144 0.0648 0.0132 0.138 0.0672 0.0036 0.138 0.0612 0.0084 0.144 0.0624 0.0036 0.144 0.0612 0.0084 0.138 0.0624 0.0132 0.144 0.0648 0.0132 0.138 0.0648 0.0024 0.144 0.0612 0.0024 0.138 0.0624 0.0024 0.138 0.0612 0.0024 0.138 0.0636 0.0024 0.144 0.0624 0.0024 0.144 0.0636 0.0036 0.144 0.0612 0.0036 0.138 0.0612 0.0264 0.144 0.0888 0.0264 0.138 0.0876 0.0264 0.138 0.0888 0.0252 0.138 0.0888 0.0252 0.144 0.0888 0.024 0.144 0.0888 0.024 0.138 0.0888 0.0264 0.144 0.0876 0.0252 0.138 0.078 0.0264 0.144 0.0828 0.0252 0.144 0.078 0.0264 0.138 0.0828 0.0264 0.144 0.0876 0.0264 0.138 0.0876 0.024 0.138 0.0768 0.024 0.144 0.0768 0.0228 0.138 0.0768 0.0228 0.144 0.0768 0.0252 0.144 0.0768 0.0228 0.138 0.078 0.0252 0.138 0.0768 0.0252 0.144 0.078 0.0228 0.144 0.078 0.0252 0.138 0.078 0.0216 0.138 0.1044 0.0168 0.144 0.108 0.0216 0.144 0.1044 0.0132 0.144 0.1116 0.0168 0.138 0.108 0.0132 0.138 0.1116 -0.0144 0.144 0.1092 -0.0144 0.138 0.1092 -0.0132 0.144 0.108 -0.0132 0.138 0.108 -0.0144 0.138 0.1104 -0.0144 0.144 0.1104 -0.0096 0.138 0.1128 -0.0144 0.144 0.1104 -0.0096 0.144 0.1128 -0.0036 0.138 0.114 -0.0036 0.144 0.114 -0.0144 0.138 0.1104 -0.0036 0.144 0.114 -0.0036 0.138 0.114 -0.0024 0.138 0.114 -0.0024 0.144 0.114 -0.0024 0.138 0.1128 -0.0024 0.144 0.1128 -0.0264 0.138 0.0864 -0.0252 0.144 0.0864 -0.0264 0.144 0.0864 -0.0264 0.138 0.0876 -0.0264 0.144 0.0876 -0.0252 0.138 0.0864 -0.0252 0.138 0.0972 -0.0264 0.144 0.0924 -0.0252 0.144 0.0972 -0.0264 0.138 0.0924 -0.0264 0.144 0.0876 -0.0264 0.138 0.0876 -0.0252 0.138 0.0984 -0.0252 0.144 0.0972 -0.0252 0.144 0.0984 -0.024 0.138 0.0984 -0.024 0.144 0.0984 -0.0228 0.138 0.0984 -0.0228 0.144 0.0984 -0.0228 0.138 0.0972 -0.0228 0.144 0.0972 -0.0252 0.138 0.0972 -0.012 0.138 0.0636 -0.012 0.144 0.0636 -0.012 0.138 0.0648 -0.0108 0.144 0.0648 -0.012 0.144 0.0648 -0.0132 0.138 0.0636 -0.0132 0.144 0.0636 -0.0108 0.144 0.066 -0.0108 0.138 0.0648 -0.0108 0.138 0.066 -0.018 0.138 0.0672 -0.0132 0.144 0.0636 -0.018 0.144 0.0672 -0.0216 0.138 0.0708 -0.0132 0.138 0.0636 -0.0216 0.144 0.0708 -0.0204 0.138 0.0732 -0.0204 0.144 0.0732 -0.0216 0.144 0.0732 -0.0216 0.138 0.072 -0.0216 0.144 0.0708 -0.0216 0.144 0.072 -0.0216 0.138 0.0732 -0.0216 0.138 0.0708 -0.0192 0.144 0.1104 -0.018 0.144 0.1092 -0.0192 0.1428 0.1092 -0.018 0.1428 0.1092 -0.0192 0.1428 0.108 -0.0204 0.1428 0.108 -0.018 0.144 0.108 -0.0204 0.144 0.1092 -0.0192 0.144 0.108 -0.0192 0.144 0.1068 -0.0204 0.144 0.108 -0.0204 0.1428 0.1092 -0.024 0.1428 0.1032 -0.024 0.1428 0.1044 -0.0252 0.144 0.1032 -0.0252 0.144 0.1044 -0.024 0.144 0.102 -0.024 0.1428 0.102 -0.0228 0.144 0.102 -0.0228 0.1428 0.1032 -0.0228 0.144 0.1032 -0.0228 0.144 0.1044 -0.024 0.144 0.1044 -0.0252 0.144 0.102 0.0108 0.144 0.1068 0.0108 0.144 0.1044 0.0096 0.144 0.1056 0.0216 0.144 0.1032 0.0204 0.144 0.1032 0.0216 0.144 0.102 0.0204 0.144 0.102 0.0204 0.144 0.102 0.018 0.144 0.1008 0.0168 0.144 0.102 0.0156 0.144 0.1008 0.0156 0.144 0.1008 0.0132 0.144 0.1008 0.0132 0.144 0.0996 0.012 0.144 0.1008 0.012 0.144 0.0996 0.0108 0.144 0.102 0.0108 0.144 0.1008 0.0108 0.144 0.1032 0.0096 0.144 0.1032 0.0108 0.144 0.1044 0.0096 0.144 0.1056 -0.0012 0.144 0.1092 -0.0012 0.144 0.1056 -0.0024 0.144 0.1092 -0.0012 0.144 0.1068 0 0.144 0.1032 0 0.144 0.1044 0.0024 0.144 0.102 0.0024 0.144 0.1032 0.006 0.144 0.1032 0.0048 0.144 0.1032 0.0084 0.144 0.1044 0.0072 0.144 0.1044 0.0096 0.144 0.1068 0.0084 0.144 0.1068 0.0084 0.144 0.1104 0 0.144 0.1116 0.0024 0.144 0.1128 0.0012 0.144 0.1128 0.0048 0.144 0.1128 0.0084 0.144 0.1092 0.0072 0.144 0.1128 0.0072 0.144 0.1116 0.0048 0.144 0.114 0.0096 0.1392 0.0792 0.012 0.144 0.0852 0.0096 0.144 0.0792 0.0036 0.1392 0.0756 0.0036 0.144 0.0756 0.012 0.1392 0.0852 0.012 0.144 0.0912 -0.0084 0.1392 0.078 -0.0024 0.144 0.0756 -0.0084 0.144 0.078 -0.012 0.1392 0.084 -0.012 0.144 0.084 -0.012 0.1392 0.09 -0.012 0.144 0.09 0.0024 0.1392 0.0996 -0.0036 0.144 0.0996 0.0024 0.144 0.0996 0.0084 0.1392 0.0972 0.0084 0.144 0.0972 -0.0024 0.1392 0.0756 0.012 0.1392 0.0912 -0.0096 0.1392 0.096 -0.0096 0.144 0.096 -0.0036 0.1392 0.0996 0.0036 0.144 0.0756 0.0096 0.144 0.0792 0.0048 0.144 0.0756 0.0132 0.144 0.0852 0.012 0.144 0.0852 0.012 0.144 0.0924 -0.0084 0.144 0.078 -0.012 0.144 0.084 0.012 0.144 0.0912 0.0084 0.144 0.0972 0.0024 0.144 0.1008 0.0024 0.144 0.0996 -0.0048 0.144 0.0996 -0.0036 0.144 0.0996 -0.0096 0.144 0.096 -0.012 0.144 0.0828 -0.012 0.144 0.09 -0.0132 0.144 0.09 0.024 0.144 0.09 0.0228 0.144 0.0876 0.0228 0.144 0.0888 0.0204 0.144 0.0876 0.024 0.144 0.0888 0.018 0.144 0.0852 0.0168 0.144 0.084 0.0168 0.144 0.0852 0.018 0.144 0.0828 0.0192 0.144 0.0804 0.0168 0.144 0.0816 0.018 0.144 0.0876 0.0204 0.144 0.0876 0.018 0.144 0.0864 0.0192 0.144 0.0816 0.0216 0.144 0.0792 0.0192 0.144 0.0804 0.0192 0.144 0.0816 0.0204 0.144 0.0792 0.0228 0.144 0.078 0.0216 0.144 0.0768 0.0228 0.144 0.0768 0.0228 0.144 0.078 0.0216 0.144 0.0768 0.0264 0.144 0.0828 0.0276 0.144 0.0876 0.0276 0.144 0.0828 0.0252 0.144 0.078 0.0264 0.144 0.0876 0.0108 0.144 0.0684 0.0132 0.144 0.0672 0.012 0.144 0.0684 0.0096 0.144 0.0696 0.0096 0.144 0.0708 0.0144 0.144 0.0648 0.0132 0.144 0.0648 0.0144 0.144 0.066 0.0144 0.144 0.0636 0.0156 0.144 0.066 0.0048 0.144 0.0708 0.0072 0.144 0.0708 0.006 0.144 0.072 0.0084 0.144 0.0708 0.0084 0.144 0.072 0.0096 0.144 0.0696 0.0096 0.144 0.0708 0.0036 0.144 0.066 0.0036 0.144 0.0684 0.0024 0.144 0.066 0.0024 0.144 0.0636 -0.0108 0.144 0.0684 -0.0108 0.144 0.0708 -0.0096 0.144 0.0708 -0.0108 0.144 0.0648 -0.012 0.144 0.0648 -0.0108 0.144 0.0636 -0.012 0.144 0.0636 -0.0132 0.144 0.0744 -0.0156 0.144 0.0756 -0.0132 0.144 0.0756 -0.0108 0.144 0.0732 -0.012 0.144 0.0756 -0.0108 0.144 0.0744 -0.0108 0.144 0.072 -0.0096 0.144 0.072 -0.0108 0.144 0.0708 -0.0096 0.144 0.0708 -0.012 0.144 0.0744 -0.0156 0.144 0.0744 -0.018 0.144 0.0732 -0.0156 0.144 0.0756 -0.0156 0.144 0.0744 -0.018 0.144 0.0744 -0.0204 0.144 0.0732 -0.0204 0.144 0.0744 -0.024 0.144 0.0864 -0.0228 0.144 0.0876 -0.0204 0.144 0.0888 -0.0204 0.144 0.0876 -0.0252 0.144 0.0864 -0.0252 0.144 0.0864 -0.024 0.144 0.0864 -0.0252 0.144 0.0852 -0.0264 0.144 0.0852 -0.0264 0.144 0.0864 -0.0276 0.144 0.0864 -0.0264 0.144 0.0876 -0.0276 0.144 0.0876 -0.0168 0.144 0.0936 -0.0168 0.144 0.0912 -0.018 0.144 0.0936 -0.018 0.144 0.09 -0.0168 0.144 0.09 -0.0192 0.144 0.0888 -0.018 0.144 0.0888 -0.0204 0.144 0.0888 -0.0204 0.144 0.0876 -0.0192 0.144 0.0948 -0.0192 0.144 0.0936 -0.0204 0.144 0.096 -0.0228 0.144 0.0972 -0.0216 0.144 0.0984 -0.0192 0.144 0.0948 -0.0216 0.144 0.096 -0.0192 0.144 0.0936 -0.0228 0.144 0.0984 -0.024 0.144 0.0996 -0.0252 0.144 0.0984 -0.024 0.144 0.0984 -0.0228 0.144 0.0972 -0.0216 0.144 0.0984 -0.0108 0.144 0.1068 -0.0132 0.144 0.108 -0.012 0.144 0.1068 -0.0096 0.144 0.1056 -0.0144 0.144 0.1104 -0.0156 0.144 0.1104 -0.0144 0.144 0.1092 -0.0156 0.144 0.1092 -0.0132 0.144 0.108 -0.0144 0.144 0.108 -0.0048 0.144 0.1056 -0.0036 0.144 0.108 -0.0036 0.144 0.1056 -0.0048 0.144 0.1044 -0.0072 0.144 0.1044 -0.0072 0.144 0.1032 -0.0084 0.144 0.1044 -0.0084 0.144 0.1032 -0.0096 0.144 0.1056 -0.0024 0.144 0.1128 -0.0036 0.144 0.1092 -0.0036 0.144 0.1104 -0.0024 0.144 0.1116 -0.0036 0.144 0.1152 -0.0024 0.144 0.114 -0.0036 0.144 0.114 -0.0024 0.144 0.1128 -0.0012 0.144 0.1128 -0.0024 0.144 0.1116 0.0252 0.144 0.0936 0.0228 0.144 0.0912 0.024 0.144 0.0936 0.0252 0.144 0.096 0.0228 0.144 0.0984 0.024 0.144 0.096 0.0144 0.144 0.096 0.0144 0.144 0.0924 0.0216 0.144 0.09 0.024 0.144 0.0912 0.0216 0.144 0.0888 0.018 0.144 0.09 0.018 0.144 0.0888 0.0156 0.144 0.09 0.0156 0.144 0.0984 0.018 0.144 0.0996 0.0156 0.144 0.0972 0.0168 0.144 0.0912 0.0204 0.144 0.0756 0.0204 0.144 0.0732 0.012 0.144 0.0708 0.0144 0.144 0.0684 0.012 0.144 0.0696 0.0108 0.144 0.0756 0.0108 0.144 0.072 0.0096 0.144 0.0756 0.012 0.144 0.078 0.0108 0.144 0.0732 0.0144 0.144 0.0696 0.018 0.144 0.0696 0.0168 0.144 0.0696 0.0204 0.144 0.0708 0.0192 0.144 0.0708 0.0216 0.144 0.0732 -0.0084 0.144 0.066 -0.0072 0.144 0.0636 -0.0096 0.144 0.066 -0.0084 0.144 0.0684 -0.0096 0.144 0.0684 -0.006 0.144 0.0732 -0.0024 0.144 0.072 -0.006 0.144 0.072 -0.0072 0.144 0.0708 -0.0084 0.144 0.0708 -0.0024 0.144 0.0732 -0.0012 0.144 0.0708 0 0.144 0.072 0.0012 0.144 0.0696 -0.0144 0.144 0.0804 -0.0144 0.144 0.0828 -0.0144 0.144 0.0792 -0.0156 0.144 0.078 -0.0156 0.144 0.0768 -0.018 0.144 0.0756 -0.0156 0.144 0.0852 -0.0168 0.144 0.084 -0.018 0.144 0.0864 -0.0192 0.144 0.0852 -0.0216 0.144 0.0864 -0.0216 0.144 0.0852 -0.0228 0.144 0.084 -0.0252 0.144 0.0816 -0.024 0.144 0.084 -0.024 0.144 0.0816 -0.0252 0.144 0.0792 -0.024 0.144 0.0792 -0.0228 0.144 0.0768 -0.0216 0.144 0.0996 -0.0204 0.144 0.102 -0.0204 0.144 0.0996 -0.0216 0.144 0.102 -0.0192 0.144 0.1044 -0.0204 0.144 0.1044 -0.018 0.144 0.1056 -0.018 0.144 0.1068 -0.0144 0.144 0.1056 -0.0144 0.144 0.1068 -0.0132 0.144 0.1044 -0.012 0.144 0.1056 -0.0108 0.144 0.1032 -0.0108 0.144 0.0996 -0.012 0.144 0.0984 -0.012 0.144 0.0972 -0.0144 0.144 0.096 -0.0192 0.144 0.0972 0.0216 0.1428 0.0696 0.0204 0.1428 0.0696 0.0216 0.1428 0.0684 0.0228 0.144 0.0696 0.0228 0.144 0.0684 0.0228 0.1428 0.0696 0.0216 0.144 0.0708 0.0204 0.144 0.0696 0.0204 0.144 0.0684 0.0216 0.144 0.0684 0.0228 0.144 0.0708 0.024 0.144 0.09 0.0252 0.144 0.0888 0.024 0.144 0.0888 0.0252 0.144 0.09 0.0264 0.144 0.09 0.0264 0.144 0.0888 0.0276 0.144 0.0888 0.0264 0.144 0.0876 0.0276 0.144 0.0876 0.018 0.144 0.1092 0.0216 0.144 0.1044 0.0168 0.144 0.108 0.0132 0.144 0.1116 0.0108 0.144 0.1104 0.0108 0.144 0.1116 0.012 0.144 0.1116 -0.0144 0.144 0.1116 -0.0096 0.144 0.1128 -0.0144 0.144 0.1104 -0.0096 0.144 0.114 -0.0036 0.144 0.114 -0.0036 0.144 0.1152 -0.0252 0.144 0.0972 -0.0276 0.144 0.0924 -0.0252 0.144 0.0984 -0.0264 0.144 0.0924 -0.0276 0.144 0.0876 -0.0264 0.144 0.0876 0.0036 0.144 0.06 0.0036 0.144 0.0612 0.0024 0.144 0.0612 0.0024 0.144 0.0624 0.0012 0.144 0.0612 0.0012 0.144 0.0624 0.0024 0.144 0.0636 0.0144 0.144 0.0636 0.0084 0.144 0.0624 0.0132 0.144 0.0648 0.0036 0.144 0.0612 0.0096 0.144 0.0612 0.0036 0.144 0.06 -0.0036 0.1392 0.0996 -0.0084 0.1392 0.0948 -0.0096 0.1392 0.096 0.0084 0.1392 0.0972 0.0096 0.1392 0.0912 0.0072 0.1392 0.096 0.0036 0.1392 0.078 0.0096 0.1392 0.0792 0.0036 0.1392 0.0756 0.0024 0.1392 0.0984 0.0024 0.1392 0.0996 -0.0108 0.1392 0.09 -0.012 0.1392 0.09 -0.0036 0.1392 0.0984 -0.012 0.1392 0.084 -0.0072 0.1392 0.0792 -0.0084 0.1392 0.078 -0.0108 0.1392 0.084 0.012 0.1392 0.0852 0.0084 0.1392 0.0804 0.0108 0.1392 0.0852 -0.0024 0.1392 0.0756 -0.0024 0.1392 0.0768 0.012 0.1392 0.0912 -0.0036 0.1368 0.1176 -0.0036 0.1368 0.1152 -0.0024 0.1368 0.1176 -0.0024 0.1368 0.1116 0 0.1368 0.1116 -0.0012 0.1368 0.1128 -0.0036 0.1368 0.108 -0.0024 0.1368 0.1092 -0.0036 0.1368 0.1092 -0.0036 0.1368 0.1056 -0.0012 0.1368 0.1056 -0.0084 0.1368 0.1176 -0.006 0.1368 0.1176 -0.0048 0.1368 0.1176 -0.0096 0.1368 0.1152 -0.0084 0.1368 0.1164 -0.0108 0.1368 0.1152 -0.0096 0.1368 0.114 -0.012 0.1368 0.114 -0.0144 0.1368 0.1152 -0.012 0.1368 0.1152 -0.0168 0.1368 0.1128 -0.0156 0.1368 0.114 -0.0156 0.1368 0.1152 -0.0168 0.1368 0.1116 -0.0168 0.1368 0.1092 -0.018 0.1368 0.1092 -0.018 0.1368 0.1116 -0.0192 0.1368 0.1104 -0.0192 0.1368 0.1116 -0.0204 0.1368 0.1116 -0.0204 0.1368 0.1092 -0.0216 0.1368 0.1104 -0.0216 0.1368 0.1092 -0.018 0.1368 0.108 -0.0204 0.1368 0.108 -0.0216 0.1368 0.108 -0.0192 0.1368 0.1068 -0.0192 0.1368 0.1056 -0.0228 0.1368 0.1068 -0.0216 0.1368 0.1032 -0.0204 0.1368 0.1044 -0.0228 0.1368 0.1044 -0.0228 0.1368 0.1056 -0.024 0.1368 0.1044 -0.0228 0.1368 0.1032 -0.0252 0.1368 0.1056 -0.0252 0.1368 0.1044 -0.0252 0.1368 0.1032 -0.0264 0.1368 0.1044 -0.0264 0.1368 0.1032 -0.0228 0.1368 0.102 -0.024 0.1368 0.1008 -0.0264 0.1368 0.102 -0.0252 0.1368 0.102 -0.024 0.1368 0.102 -0.0288 0.1368 0.0984 -0.0276 0.1368 0.096 -0.03 0.1368 0.0972 -0.0276 0.1368 0.0996 -0.0264 0.1368 0.0996 -0.0264 0.1368 0.1008 -0.03 0.1368 0.096 -0.0288 0.1368 0.0948 -0.0312 0.1368 0.0912 -0.0312 0.1368 0.0888 -0.03 0.1368 0.0912 -0.0276 0.1368 0.0924 -0.0288 0.1368 0.0924 -0.03 0.1368 0.0876 -0.0276 0.1368 0.0876 -0.0252 0.1368 0.0984 -0.03 0.1368 0.0864 -0.0288 0.1368 0.0936 -0.0264 0.1368 0.0852 -0.0252 0.1368 0.0816 -0.0216 0.1368 0.0864 -0.0204 0.1368 0.0876 -0.0228 0.1368 0.0876 -0.018 0.1368 0.0864 -0.018 0.1368 0.0888 -0.024 0.1368 0.0864 -0.03 0.1368 0.0852 -0.0252 0.1368 0.0852 -0.024 0.1368 0.084 -0.0276 0.1368 0.0864 -0.0288 0.1368 0.0756 -0.0252 0.1368 0.0792 -0.0276 0.1368 0.078 -0.0312 0.1368 0.0816 -0.0312 0.1368 0.0828 -0.03 0.1368 0.084 -0.0288 0.1368 0.0744 -0.0276 0.1368 0.0792 -0.0288 0.1368 0.0792 -0.03 0.1368 0.0816 -0.0228 0.1368 0.0768 -0.0276 0.1368 0.0744 -0.0264 0.1368 0.0732 -0.0204 0.1368 0.0756 -0.0252 0.1368 0.072 -0.0204 0.1368 0.0744 -0.018 0.1368 0.0756 -0.0204 0.1368 0.0732 -0.0216 0.1368 0.0732 -0.0216 0.1368 0.0708 -0.0192 0.1368 0.0648 -0.018 0.1368 0.0672 -0.0252 0.1368 0.0708 -0.0216 0.1368 0.072 0.0012 0.1368 0.1128 -0.0024 0.1368 0.114 -0.024 0.1368 0.0684 -0.0252 0.1368 0.0696 -0.024 0.1368 0.0672 -0.0204 0.1368 0.0672 -0.0204 0.1368 0.066 -0.0228 0.1368 0.0672 -0.018 0.1368 0.0624 -0.0192 0.1368 0.0624 -0.012 0.1368 0.0588 -0.0132 0.1368 0.06 -0.0108 0.1368 0.0588 -0.0132 0.1368 0.0612 -0.0132 0.1368 0.0636 -0.0156 0.1368 0.0624 -0.0108 0.1368 0.0636 -0.0072 0.1368 0.0636 -0.0108 0.1368 0.0648 -0.0096 0.1368 0.066 -0.0144 0.1368 0.0624 -0.0108 0.1368 0.066 -0.0096 0.1368 0.0684 -0.0108 0.1368 0.0684 -0.012 0.1368 0.0636 -0.0072 0.1368 0.0588 -0.0084 0.1368 0.0588 -0.0096 0.1368 0.0588 -0.0048 0.1368 0.0624 -0.0036 0.1368 0.0564 -0.006 0.1368 0.0576 -0.0048 0.1368 0.0564 -0.0036 0.1368 0.0576 -0.0024 0.1368 0.0624 -0.006 0.1368 0.0588 0.0012 0.1368 0.0576 0.0024 0.1368 0.0576 0 0.1368 0.0576 -0.0012 0.1368 0.0576 0.0096 0.1368 0.0588 0.0096 0.1368 0.0612 0.0084 0.1368 0.0588 0.0072 0.1368 0.0588 0.0036 0.1368 0.06 0.0036 0.1368 0.0564 0.006 0.1368 0.0588 0.0048 0.1368 0.0576 0.012 0.1368 0.0588 0.012 0.1368 0.06 0.012 0.1368 0.0612 0.0168 0.1368 0.0624 0.0168 0.1368 0.066 0.0156 0.1368 0.0624 0.018 0.1368 0.0624 0.0144 0.1368 0.0624 0.0132 0.1368 0.0612 0.0204 0.1368 0.066 0.0192 0.1368 0.0648 0.0192 0.1368 0.0696 0.0192 0.1368 0.0636 0.0204 0.1368 0.0696 0.0228 0.1368 0.0696 0.024 0.1368 0.0684 0.024 0.1368 0.0708 0.0228 0.1368 0.0708 0.0216 0.1368 0.072 0.0216 0.1368 0.0708 0.0204 0.1368 0.0684 0.0228 0.1368 0.0672 0.0228 0.1368 0.0684 0.0216 0.1368 0.0684 0.024 0.1368 0.0672 0.0252 0.1368 0.072 0.024 0.1368 0.0744 0.0276 0.1368 0.0744 0.0276 0.1368 0.0732 0.0276 0.1368 0.0756 0.0276 0.1368 0.078 0.0276 0.1368 0.0792 0.0276 0.1368 0.0768 0.03 0.1368 0.0816 0.0288 0.1368 0.0804 0.03 0.1368 0.0804 0.0288 0.1368 0.0792 0.03 0.1368 0.0828 0.0312 0.1368 0.0876 0.03 0.1368 0.09 0.0276 0.1368 0.0876 0.03 0.1368 0.0864 0.0288 0.1368 0.0852 0.0276 0.1368 0.0828 0.03 0.1368 0.084 0.0312 0.1368 0.0888 0.0024 0.1368 0.0564 -0.018 0.1368 0.0744 -0.0144 0.1368 0.1116 -0.0012 0.1368 0.1188 0.0072 0.1368 0.1128 0.0108 0.1368 0.1152 0.0096 0.1368 0.1164 0.012 0.1368 0.1116 0.0144 0.1368 0.1152 0.012 0.1368 0.1152 0.0228 0.1368 0.0984 0.0264 0.1368 0.1032 0.0252 0.1368 0.096 0.0276 0.1368 0.0996 0.0264 0.1368 0.0996 0.0312 0.1368 0.09 -0.0216 0.1368 0.102 -0.0192 0.1368 0.0972 -0.0216 0.1368 0.0984 -0.0204 0.1368 0.096 -0.0168 0.1368 0.09 -0.0132 0.1368 0.0924 -0.0168 0.1368 0.096 -0.0108 0.1368 0.0948 -0.012 0.1368 0.0972 -0.0144 0.1368 0.096 -0.006 0.1368 0.1008 -0.0108 0.1368 0.0996 -0.0084 0.1368 0.0972 -0.012 0.1368 0.1056 -0.0144 0.1368 0.1068 -0.018 0.1368 0.1068 0.0012 0.1368 0.0624 0 0.1368 0.0636 0.0024 0.1368 0.0708 0 0.1368 0.072 0.0012 0.1368 0.0696 0.0156 0.1368 0.0984 0.0156 0.1368 0.1008 0.0132 0.1368 0.0996 0.0204 0.1368 0.0876 0.0216 0.1368 0.0888 0.018 0.1368 0.0888 0.0144 0.1368 0.0636 0.012 0.1368 0.0696 0.0096 0.1368 0.0708 0.012 0.1368 0.0684 -0.0084 0.1368 0.0948 -0.0108 0.1368 0.09 -0.0144 0.1368 0.0852 -0.0108 0.1368 0.084 -0.0072 0.1368 0.0792 -0.0024 0.1368 0.0768 0.0036 0.1368 0.0768 0.0084 0.1368 0.078 0.0084 0.1368 0.0804 0.0108 0.1368 0.0804 0.0108 0.1368 0.0852 0.0132 0.1368 0.084 0.0072 0.1368 0.0972 0.0024 0.1368 0.0996 0.0072 0.1368 0.096 -0.0024 0.1368 0.1056 -0.0036 0.1368 0.0984 0.0012 0.1368 0.1032 0.0024 0.1368 0.102 0 0.1368 0.1032 0.0168 0.1368 0.0852 0.018 0.1368 0.0876 0.0204 0.1368 0.078 0.0216 0.1368 0.0768 0.0204 0.1368 0.0792 -0.0156 0.1368 0.0768 -0.0156 0.1368 0.0756 -0.0132 0.1368 0.0756 -0.0144 0.1368 0.1104 -0.0096 0.1368 0.1056 -0.012 0.1368 0.1068 0.0216 0.1368 0.0732 0.0192 0.1368 0.078 0.012 0.1368 0.078 0.0144 0.1368 0.0792 0.006 0.1368 0.0756 0.0096 0.1368 0.0756 0.0144 0.1368 0.0684 0.0204 0.1368 0.0708 0.018 0.1368 0.0696 -0.0156 0.1368 0.0852 0.0048 0.1368 0.114 0.0072 0.1368 0.1176 0.0048 0.1368 0.1164 0.0036 0.1368 0.1164 0.0084 0.1368 0.1176 0.0024 0.1368 0.1176 0 0.1368 0.1188 0.0012 0.1368 0.1188 0.0096 0.1368 0.1176 0.0084 0.1368 0.1104 0.0108 0.1368 0.1116 0.018 0.1368 0.1116 0.018 0.1368 0.1092 0.0192 0.1368 0.1104 0.0108 0.1368 0.1092 0.0108 0.1368 0.1104 0.0132 0.1368 0.1116 0.0168 0.1368 0.1116 0.0096 0.1368 0.1068 0.0168 0.1368 0.1128 0.0108 0.1368 0.1068 0.0168 0.1368 0.114 0.0156 0.1368 0.1152 0.0156 0.1368 0.114 0.0216 0.1368 0.102 0.0204 0.1368 0.0996 0.018 0.1368 0.0996 0.0204 0.1368 0.102 0.018 0.1368 0.1008 0.0264 0.1368 0.1008 0.0216 0.1368 0.1032 0.0264 0.1368 0.1044 0.0216 0.1368 0.1044 0.0204 0.1368 0.1104 0.024 0.1368 0.1056 0.0252 0.1368 0.1044 0.0228 0.1368 0.1068 0.0228 0.1368 0.1056 0.0228 0.1368 0.108 0.0228 0.1368 0.1092 0.0216 0.1368 0.1104 0.0216 0.1368 0.1092 0.0288 0.1368 0.0984 0.0252 0.1368 0.0936 0.0288 0.1368 0.0924 0.0288 0.1368 0.0936 0.03 0.1368 0.0912 0.03 0.1368 0.0948 0.03 0.1368 0.0972 0.03 0.1368 0.096 -0.0216 0.1368 0.0996 -0.024 0.1368 0.0996 -0.0228 0.1368 0.0984 -0.0168 0.1368 0.0936 -0.0168 0.1368 0.0912 -0.0192 0.1368 0.0948 -0.0108 0.1368 0.1032 0.0036 0.1368 0.0696 0.0036 0.1368 0.0684 0.0012 0.1368 0.066 0.0024 0.1368 0.066 0.0024 0.1368 0.0636 0.0024 0.1368 0.0612 0.0012 0.1368 0.0612 -0.006 0.1368 0.0732 -0.0096 0.1368 0.072 -0.0084 0.1368 0.0708 -0.0096 0.1368 0.0708 -0.0024 0.1368 0.0732 -0.0108 0.1368 0.0744 -0.012 0.1368 0.0756 0.0144 0.1368 0.0924 0.0144 0.1368 0.096 0.0156 0.1368 0.09 0.012 0.1368 0.0996 0.024 0.1368 0.0912 0.024 0.1368 0.09 0.0252 0.1368 0.09 0.0276 0.1368 0.0888 0.0264 0.1368 0.09 0.0228 0.1368 0.0888 0.0156 0.1368 0.066 0.0144 0.1368 0.0648 0.0144 0.1368 0.0672 0.0144 0.1368 0.066 0.0132 0.1368 0.0672 0.0048 0.1368 0.0708 0.006 0.1368 0.072 0.0084 0.1368 0.072 0.0108 0.1368 0.0912 0.0096 0.1368 0.1056 0.0084 0.1368 0.1044 0.0096 0.1368 0.1032 0.006 0.1368 0.1032 0.0108 0.1368 0.1008 0.0168 0.1368 0.084 0.0168 0.1368 0.0816 0.0192 0.1368 0.0804 0.0228 0.1368 0.0768 0.024 0.1368 0.0768 0.0252 0.1368 0.0768 0.0252 0.1368 0.078 -0.0144 0.1368 0.0828 -0.0144 0.1368 0.0792 -0.0156 0.1368 0.1104 -0.0144 0.1368 0.108 -0.0132 0.1368 0.108 -0.0156 0.1368 0.1092 -0.0048 0.1368 0.1044 -0.0072 0.1368 0.1032 -0.0084 0.1368 0.1032 0.0204 0.1368 0.0756 0.0168 0.1368 0.0792 0.0108 0.1368 0.072 0.0252 0.138 0.1056 0.0252 0.1368 0.1044 0.0264 0.138 0.1056 0.0264 0.1368 0.1044 0.0264 0.138 0.1044 0.0276 0.138 0.1044 0.0264 0.1368 0.1032 0.0276 0.138 0.1032 0.0276 0.138 0.102 0.0264 0.1368 0.1008 0.0276 0.138 0.1008 0.0264 0.1368 0.0996 0.0276 0.138 0.0996 0.0276 0.1368 0.0996 0.0288 0.138 0.0984 0.0288 0.1368 0.0984 0.03 0.138 0.0984 0.03 0.138 0.0972 0.03 0.1368 0.0972 0.03 0.138 0.096 0.03 0.1368 0.096 0.03 0.1368 0.0948 0.03 0.138 0.0936 0.0288 0.1368 0.0936 0.0288 0.1368 0.0924 0.03 0.138 0.0924 0.03 0.1368 0.0912 0.0312 0.138 0.0912 0.0312 0.1368 0.09 0.0216 0.138 0.1104 0.0216 0.1368 0.1104 0.0228 0.138 0.1104 0.0216 0.138 0.1116 0.0204 0.1368 0.1104 0.0204 0.138 0.1116 0.0192 0.1368 0.1104 0.018 0.138 0.1116 0.0192 0.138 0.1116 0.018 0.1368 0.1116 0.0168 0.138 0.1128 0.0168 0.1368 0.1116 0.0168 0.1368 0.1128 0.0168 0.138 0.114 0.0168 0.1368 0.114 0.0312 0.138 0.09 0.0312 0.138 0.0888 0.0312 0.1368 0.0888 0.0312 0.138 0.0876 0.0156 0.1368 0.114 0.0168 0.138 0.1152 0.0156 0.1368 0.1152 0.0156 0.138 0.1152 0.0144 0.1368 0.1152 0.0144 0.138 0.1152 0.0132 0.138 0.1152 0.012 0.1368 0.1152 0.012 0.138 0.1152 0.0108 0.1368 0.1152 0.0108 0.138 0.1164 0.0312 0.1368 0.0876 0.03 0.138 0.0864 0.03 0.1368 0.0864 0.0288 0.1368 0.0852 0.03 0.138 0.0852 0.0096 0.1368 0.1164 0.0096 0.1368 0.1176 0.0096 0.138 0.1176 0.0084 0.138 0.1188 0.0084 0.1368 0.1176 0.0072 0.138 0.1188 0.0072 0.1368 0.1176 0.006 0.138 0.1176 0.0048 0.1368 0.1164 0.03 0.1368 0.084 0.03 0.138 0.084 0.024 0.1368 0.1056 0.024 0.138 0.1056 0.0228 0.1368 0.1056 0.024 0.138 0.1068 0.0228 0.138 0.1068 0.0228 0.1368 0.1068 0.0228 0.138 0.108 0.0228 0.1368 0.108 0.0228 0.1368 0.1092 0.0228 0.138 0.1092 0.0216 0.1368 0.1092 0.0048 0.138 0.1176 0.0036 0.1368 0.1164 0.0036 0.138 0.1176 0.0024 0.138 0.1188 0.0012 0.1368 0.1188 0.0024 0.1368 0.1176 0.0012 0.138 0.12 0.0012 0.138 0.1188 0 0.1368 0.1188 0 0.138 0.12 -0.0012 0.138 0.1188 -0.0012 0.1368 0.1188 -0.0024 0.1368 0.1176 -0.0036 0.138 0.1176 -0.0024 0.138 0.1176 -0.0036 0.1368 0.1176 -0.0048 0.138 0.1176 -0.0048 0.1368 0.1176 -0.006 0.138 0.1188 -0.006 0.1368 0.1176 -0.0072 0.138 0.1188 -0.0072 0.1368 0.1176 -0.0084 0.138 0.1188 -0.0084 0.1368 0.1176 -0.0084 0.138 0.1176 -0.0096 0.138 0.1176 -0.0084 0.1368 0.1164 -0.0096 0.138 0.1164 -0.0108 0.138 0.1164 -0.0096 0.1368 0.1152 -0.012 0.138 0.1152 -0.0108 0.1368 0.1152 -0.012 0.138 0.1164 -0.0144 0.1368 0.1152 -0.012 0.1368 0.1152 -0.0144 0.138 0.1164 -0.0156 0.1368 0.1152 -0.0156 0.138 0.1164 -0.0156 0.138 0.1152 -0.0156 0.1368 0.114 -0.0168 0.138 0.114 -0.0168 0.1368 0.1128 -0.0168 0.138 0.1128 -0.0168 0.1368 0.1116 -0.018 0.138 0.1116 -0.018 0.138 0.1128 -0.018 0.1368 0.1116 -0.0192 0.138 0.1116 -0.0192 0.1368 0.1116 -0.0204 0.138 0.1116 -0.0204 0.1368 0.1116 -0.0216 0.138 0.1116 -0.0216 0.1368 0.1104 -0.0216 0.138 0.1104 -0.0228 0.138 0.1104 -0.0216 0.1368 0.1092 -0.0228 0.138 0.1092 -0.0216 0.1368 0.108 -0.0228 0.138 0.1068 -0.0228 0.138 0.108 -0.0228 0.1368 0.1068 0.03 0.138 0.0948 -0.012 0.144 0.1056 -0.0132 0.144 0.108 -0.012 0.144 0.1068 -0.006 0.144 0.1008 -0.0048 0.144 0.1044 -0.0048 0.144 0.1032 0.0204 0.144 0.078 0.0192 0.144 0.0804 0.0204 0.144 0.0792 0.0264 0.144 0.078 0.0252 0.144 0.0768 0.0252 0.144 0.078 -0.0264 0.144 0.0972 -0.0252 0.144 0.0984 -0.0192 0.144 0.0972 -0.0192 0.144 0.0948 -0.0204 0.144 0.096 -0.0132 0.144 0.0924 -0.0144 0.144 0.096 -0.012 0.144 0.0948 -0.0096 0.144 0.0972 -0.012 0.144 0.0972 -0.0108 0.144 0.0996 -0.0168 0.144 0.1092 -0.018 0.144 0.1068 -0.0192 0.144 0.1056 -0.0204 0.144 0.1044 -0.0216 0.144 0.102 -0.0216 0.144 0.1032 -0.024 0.144 0.1008 -0.0216 0.144 0.0996 0.0036 0.144 0.0684 0.0012 0.144 0.066 0.0012 0.144 0.0696 0.0252 0.144 0.0936 0.0252 0.144 0.09 0.024 0.144 0.0912 -0.0132 0.144 0.09 -0.0096 0.144 0.096 -0.0168 0.144 0.0888 -0.0132 0.144 0.0876 -0.012 0.144 0.0828 -0.0084 0.144 0.0708 -0.0096 0.144 0.0708 -0.0096 0.144 0.072 0.0048 0.144 0.072 0.0048 0.144 0.0756 0.0072 0.144 0.0744 0.0096 0.144 0.078 0.0096 0.144 0.0792 0.0108 0.144 0.0804 0.0132 0.144 0.0852 -0.0144 0.144 0.108 -0.0156 0.144 0.1092 -0.0144 0.144 0.1104 -0.0144 0.144 0.1116 -0.0156 0.144 0.1104 -0.0072 0.144 0.1032 -0.0084 0.144 0.1032 -0.0096 0.144 0.1056 0.0168 0.144 0.0816 0.0144 0.144 0.084 0.0168 0.144 0.0852 0.0168 0.144 0.0864 0.0168 0.144 0.084 0.0228 0.144 0.0768 0.0216 0.144 0.0768 0.024 0.144 0.0744 0.024 0.144 0.0768 -0.0228 0.144 0.0984 -0.0216 0.144 0.0984 -0.024 0.144 0.0996 -0.0168 0.144 0.0936 -0.0168 0.144 0.0912 -0.0168 0.144 0.09 -0.0168 0.144 0.096 -0.0108 0.144 0.1032 -0.0144 0.144 0.1068 0.0024 0.144 0.066 0.0024 0.144 0.0612 -0.0024 0.144 0.0624 0.0012 0.144 0.0612 0.0036 0.144 0.0696 0.0048 0.144 0.0708 0.0024 0.144 0.0636 0.0024 0.144 0.0576 0 0.144 0.0636 0.0036 0.144 0.06 0.0012 0.144 0.0624 0.0264 0.144 0.09 0.03 0.144 0.09 0.0216 0.144 0.0888 0.0204 0.144 0.0876 0.018 0.144 0.0888 0.0276 0.144 0.0888 0.024 0.144 0.09 0.018 0.144 0.0876 0.0228 0.144 0.0888 0.0276 0.144 0.0876 -0.0108 0.144 0.0744 -0.006 0.144 0.0732 -0.0096 0.144 0.0684 -0.0084 0.144 0.078 -0.0024 0.144 0.0756 -0.0024 0.144 0.0732 -0.0108 0.144 0.0684 -0.012 0.144 0.0756 0 0.144 0.072 0.012 0.144 0.0996 0.0144 0.144 0.096 0.0084 0.144 0.0972 0.012 0.144 0.0924 0.0132 0.144 0.0996 0.018 0.144 0.0996 0.0156 0.144 0.1008 0.018 0.144 0.1008 0.0156 0.144 0.09 0.0144 0.144 0.0924 0.0156 0.144 0.0984 -0.0048 0.144 0.0996 -0.0012 0.144 0.1008 0 0.144 0.1032 -0.0012 0.144 0.1056 0.0108 0.144 0.1008 0.006 0.144 0.1032 0.0096 0.144 0.1032 0.0084 0.144 0.1044 0.0096 0.144 0.1068 0.0096 0.144 0.1056 0.0024 0.144 0.1008 0.0024 0.144 0.102 0.0108 0.144 0.1068 0.0144 0.144 0.0792 0.0168 0.144 0.0792 0.0192 0.144 0.078 0.012 0.144 0.078 0.0096 0.144 0.0756 0.0108 0.144 0.072 0.006 0.144 0.072 0.0084 0.144 0.072 0.012 0.144 0.0696 0.0096 0.144 0.0708 0.012 0.144 0.0684 0.0132 0.144 0.0672 0.0144 0.144 0.0684 0.0144 0.144 0.0672 0.0168 0.144 0.066 0.0144 0.144 0.066 0.0156 0.144 0.066 0.0144 0.144 0.0648 0.0144 0.144 0.0636 0.018 0.144 0.0696 0.0204 0.144 0.0708 0.0192 0.144 0.0696 0.0216 0.144 0.072 0.0204 0.144 0.0756 0.0216 0.144 0.0732 -0.0144 0.144 0.0792 -0.0132 0.144 0.0756 -0.018 0.144 0.0756 -0.0156 0.144 0.0756 -0.018 0.144 0.0744 -0.0156 0.144 0.0768 -0.0144 0.144 0.0828 -0.0156 0.144 0.0852 0.03 0.144 0.0804 0.03 0.144 0.0828 0.0288 0.144 0.0792 0.0276 0.144 0.0768 0.0276 0.144 0.078 0.0276 0.144 0.0732 0.0276 0.144 0.0756 0.0264 0.144 0.0732 0.024 0.144 0.0708 0.0252 0.144 0.072 0.0216 0.144 0.0684 0.0228 0.144 0.0672 0.0228 0.144 0.0696 0.024 0.144 0.0684 0.0228 0.144 0.0684 0.0216 0.144 0.0672 0.0204 0.144 0.0684 0.024 0.144 0.0672 0.0204 0.144 0.0696 0.0216 0.144 0.0708 0.0228 0.144 0.0708 0.0192 0.144 0.066 0.0204 0.144 0.066 0.0168 0.144 0.0624 0.018 0.144 0.0624 0.0192 0.144 0.0636 0.0192 0.144 0.0648 0.012 0.144 0.0588 0.0096 0.144 0.0588 0.0132 0.144 0.0612 0.0144 0.144 0.0624 0.0156 0.144 0.0624 0.0036 0.144 0.0564 0.0096 0.144 0.0612 0.0048 0.144 0.0576 0.006 0.144 0.0588 0.0072 0.144 0.0588 0.0084 0.144 0.0588 0.0024 0.144 0.0564 -0.0048 0.144 0.0576 -0.0048 0.144 0.0624 -0.0048 0.144 0.0564 -0.0036 0.144 0.0564 -0.0024 0.144 0.0576 -0.0012 0.144 0.0576 0.0012 0.144 0.0576 0 0.144 0.0576 -0.012 0.144 0.0588 -0.0132 0.144 0.06 -0.0108 0.144 0.0588 -0.0156 0.144 0.0624 -0.018 0.144 0.0672 -0.0132 0.144 0.0636 -0.0108 0.144 0.0648 -0.0072 0.144 0.0636 -0.0108 0.144 0.0636 -0.012 0.144 0.0636 -0.0144 0.144 0.0624 -0.0132 0.144 0.0612 -0.0084 0.144 0.0588 -0.0108 0.144 0.066 -0.0096 0.144 0.066 -0.0072 0.144 0.0588 -0.0192 0.144 0.0648 -0.0192 0.144 0.0636 -0.0192 0.144 0.0624 -0.018 0.144 0.0624 -0.0252 0.144 0.0684 -0.0228 0.144 0.0672 -0.024 0.144 0.0684 -0.024 0.144 0.0672 -0.0252 0.144 0.0696 -0.0216 0.144 0.0672 -0.0204 0.144 0.066 -0.0252 0.144 0.0708 -0.0216 0.144 0.0708 -0.0216 0.144 0.072 -0.0252 0.144 0.072 -0.0264 0.144 0.0732 -0.0216 0.144 0.0732 -0.0204 0.144 0.0756 -0.0204 0.144 0.0732 -0.0204 0.144 0.0744 -0.0288 0.144 0.0744 -0.0252 0.144 0.0792 -0.0276 0.144 0.0744 -0.0228 0.144 0.0768 -0.0312 0.144 0.0828 -0.0252 0.144 0.0816 -0.03 0.144 0.0816 -0.0288 0.144 0.0804 -0.03 0.144 0.084 -0.0288 0.144 0.0792 -0.0276 0.144 0.078 -0.0288 0.144 0.0756 -0.0288 0.144 0.0768 -0.0216 0.144 0.0864 -0.0204 0.144 0.0876 -0.018 0.144 0.0864 -0.0252 0.144 0.0852 -0.0264 0.144 0.0852 -0.03 0.144 0.0852 -0.03 0.144 0.0864 -0.0276 0.144 0.0864 -0.024 0.144 0.0864 -0.024 0.144 0.084 -0.018 0.144 0.0888 -0.0228 0.144 0.0876 -0.0276 0.144 0.0876 -0.0312 0.144 0.09 -0.03 0.144 0.0912 -0.0312 0.144 0.0888 -0.0288 0.144 0.0924 -0.03 0.144 0.0876 -0.0288 0.144 0.0948 -0.0276 0.144 0.0924 -0.0288 0.144 0.0936 -0.0312 0.144 0.0912 -0.0288 0.144 0.0984 -0.03 0.144 0.0972 -0.0264 0.144 0.0996 -0.0264 0.144 0.1008 -0.0276 0.144 0.0996 -0.0252 0.144 0.1032 -0.0264 0.144 0.1044 -0.0252 0.144 0.1044 -0.0252 0.144 0.102 -0.0264 0.144 0.102 -0.0264 0.144 0.1032 -0.0228 0.144 0.102 -0.024 0.144 0.102 -0.024 0.144 0.1044 -0.0252 0.144 0.1056 -0.0228 0.144 0.1044 -0.0228 0.144 0.1056 -0.0228 0.144 0.1032 -0.0228 0.144 0.1068 -0.0204 0.144 0.1092 -0.0216 0.144 0.1104 -0.0192 0.144 0.1068 -0.0216 0.144 0.108 -0.0204 0.144 0.108 -0.0216 0.144 0.1092 -0.0192 0.144 0.1104 -0.0204 0.144 0.1116 -0.0192 0.144 0.1116 -0.018 0.144 0.108 -0.018 0.144 0.1116 -0.018 0.144 0.1092 -0.0168 0.144 0.1128 -0.0168 0.144 0.1116 -0.0144 0.144 0.1152 -0.0156 0.144 0.1152 -0.0156 0.144 0.114 -0.012 0.144 0.1152 -0.0084 0.144 0.1176 -0.006 0.144 0.1176 -0.0036 0.144 0.1152 -0.0084 0.144 0.1164 -0.0096 0.144 0.1152 -0.0096 0.144 0.114 -0.0048 0.144 0.1176 -0.0036 0.144 0.1176 -0.0108 0.144 0.1152 -0.0024 0.144 0.114 0.0012 0.144 0.1128 -0.0012 0.144 0.1128 0 0.144 0.1116 -0.0024 0.144 0.1092 -0.0036 0.144 0.108 -0.0036 0.144 0.1092 -0.0024 0.144 0.1116 -0.0024 0.144 0.1176 -0.0036 0.144 0.1056 0.0012 0.144 0.1188 0 0.144 0.1188 -0.0012 0.144 0.1188 0.0072 0.144 0.1176 0.0048 0.144 0.114 0.0036 0.144 0.1164 0.0024 0.144 0.1176 0.0048 0.144 0.1164 0.0084 0.144 0.1176 0.0072 0.144 0.1128 0.0096 0.144 0.1164 0.0108 0.144 0.1152 0.0096 0.144 0.1176 0.0156 0.144 0.114 0.0132 0.144 0.1116 0.0156 0.144 0.1152 0.0144 0.144 0.1152 0.012 0.144 0.1116 0.012 0.144 0.1152 0.0108 0.144 0.1116 0.018 0.144 0.1116 0.0168 0.144 0.1116 0.0168 0.144 0.1128 0.0108 0.144 0.1104 0.018 0.144 0.1092 0.0108 0.144 0.1092 0.0084 0.144 0.1104 0.0192 0.144 0.1104 0.0216 0.144 0.1092 0.0216 0.144 0.1104 0.0204 0.144 0.1104 0.0228 0.144 0.1092 0.0252 0.144 0.1044 0.0216 0.144 0.1044 0.024 0.144 0.1056 0.0228 0.144 0.1068 0.0228 0.144 0.108 0.0264 0.144 0.1044 0.0216 0.144 0.1032 0.0216 0.144 0.102 0.0264 0.144 0.1032 0.0228 0.144 0.0984 0.0204 0.144 0.102 0.0204 0.144 0.0996 0.0264 0.144 0.0996 0.0252 0.144 0.096 0.0228 0.144 0.1056 0.0276 0.144 0.0996 0.0264 0.144 0.1008 0.03 0.144 0.096 0.03 0.144 0.0972 0.0288 0.144 0.0984 0.03 0.144 0.0912 0.0288 0.144 0.0924 0.0288 0.144 0.0936 0.03 0.144 0.0948 0.0312 0.144 0.09 0.0312 0.144 0.0876 0.0312 0.144 0.0888 0.03 0.144 0.0864 0.0276 0.144 0.0828 0.0288 0.144 0.0852 0.03 0.144 0.084 0.0036 0.138 0.1176 0.0036 0.144 0.1176 0.0024 0.138 0.1188 0.0012 0.138 0.1188 0.0024 0.144 0.1188 0.0012 0.144 0.1188 0.0012 0.144 0.12 0.0012 0.138 0.12 -0.0012 0.138 0.1188 -0.0012 0.144 0.1188 -0.0024 0.138 0.1176 -0.0024 0.144 0.1188 -0.0024 0.144 0.1176 -0.0036 0.138 0.1176 -0.0036 0.144 0.1176 -0.0048 0.144 0.1176 -0.0048 0.138 0.1176 -0.006 0.144 0.1188 -0.006 0.138 0.1188 -0.0072 0.144 0.1188 -0.0072 0.138 0.1188 -0.0084 0.138 0.1188 -0.0084 0.138 0.1176 -0.0084 0.144 0.1188 -0.0084 0.144 0.1176 -0.0096 0.138 0.1164 -0.0096 0.144 0.1164 -0.0108 0.138 0.1164 -0.012 0.138 0.1152 -0.012 0.144 0.1152 -0.0144 0.138 0.1164 -0.0132 0.144 0.1164 -0.0156 0.138 0.1152 -0.0156 0.144 0.1152 -0.0168 0.138 0.114 -0.0168 0.138 0.1128 -0.0168 0.144 0.1128 -0.018 0.144 0.1116 -0.018 0.138 0.1128 -0.018 0.144 0.1128 -0.0192 0.138 0.1116 -0.018 0.138 0.1116 -0.0204 0.144 0.1116 -0.0204 0.138 0.1116 -0.0216 0.144 0.1104 -0.0216 0.138 0.1116 -0.0216 0.144 0.1116 -0.0216 0.138 0.1104 -0.0228 0.144 0.1104 -0.0228 0.138 0.1104 -0.0228 0.138 0.1092 -0.0228 0.138 0.108 -0.0228 0.144 0.1092 -0.0228 0.144 0.108 -0.0228 0.138 0.1068 -0.0228 0.144 0.1068 -0.024 0.138 0.1068 -0.024 0.144 0.1068 -0.0264 0.138 0.1056 -0.0264 0.144 0.1056 -0.0264 0.144 0.1044 -0.0264 0.138 0.1044 -0.0276 0.144 0.1044 -0.0276 0.138 0.1044 -0.0276 0.138 0.102 -0.0264 0.144 0.102 -0.0276 0.144 0.102 -0.0276 0.138 0.1008 -0.0276 0.144 0.1008 -0.0276 0.144 0.0996 -0.0276 0.138 0.0996 -0.03 0.138 0.0984 -0.0288 0.144 0.0996 -0.03 0.144 0.0996 -0.03 0.138 0.0972 -0.03 0.144 0.0972 -0.03 0.144 0.096 -0.03 0.138 0.096 -0.03 0.138 0.0948 -0.03 0.144 0.0948 -0.03 0.138 0.0936 -0.03 0.138 0.0924 -0.03 0.144 0.0924 -0.0312 0.138 0.0912 -0.0312 0.144 0.0924 -0.0312 0.144 0.0912 -0.0312 0.138 0.0888 -0.0324 0.144 0.09 -0.0312 0.144 0.0888 -0.03 0.144 0.0864 -0.03 0.138 0.0864 -0.03 0.144 0.0852 -0.03 0.138 0.0852 -0.0312 0.144 0.084 -0.0312 0.138 0.0828 -0.0312 0.138 0.084 -0.0312 0.144 0.0828 -0.0312 0.144 0.0816 -0.0312 0.138 0.0816 -0.0312 0.144 0.0804 -0.0312 0.138 0.0804 -0.0288 0.138 0.078 -0.0288 0.144 0.0792 -0.0288 0.144 0.078 -0.0288 0.138 0.0768 -0.0288 0.138 0.0756 -0.0288 0.144 0.0756 -0.0288 0.138 0.0744 -0.0276 0.138 0.0732 -0.0288 0.144 0.0732 -0.0276 0.144 0.0732 -0.0264 0.144 0.0732 -0.0252 0.138 0.072 -0.0252 0.144 0.0708 -0.0252 0.138 0.0708 -0.0252 0.138 0.0684 -0.0252 0.144 0.0696 -0.0252 0.144 0.0684 -0.0252 0.144 0.0672 -0.024 0.138 0.0672 -0.024 0.144 0.0672 -0.0216 0.138 0.066 -0.0228 0.144 0.0672 -0.0216 0.144 0.066 -0.0204 0.138 0.066 -0.0204 0.144 0.066 -0.0204 0.144 0.0648 -0.0204 0.138 0.0636 -0.0204 0.138 0.0648 -0.0204 0.144 0.0636 -0.0192 0.138 0.0624 -0.0192 0.144 0.0624 -0.018 0.138 0.0624 -0.018 0.144 0.0612 -0.018 0.138 0.0612 -0.0168 0.144 0.0612 -0.0156 0.144 0.0612 -0.0156 0.138 0.0612 -0.0144 0.138 0.0612 -0.0144 0.144 0.0612 -0.0144 0.138 0.06 -0.0132 0.138 0.0588 -0.0132 0.144 0.0588 -0.012 0.138 0.0588 -0.012 0.144 0.0576 -0.012 0.138 0.0576 -0.0108 0.138 0.0576 -0.0108 0.144 0.0576 -0.0084 0.144 0.0588 -0.0096 0.138 0.0588 -0.0096 0.144 0.0588 -0.0084 0.138 0.0588 -0.0072 0.144 0.0576 -0.0072 0.138 0.0576 -0.006 0.138 0.0576 -0.006 0.144 0.0576 -0.006 0.144 0.0564 -0.006 0.138 0.0564 -0.0048 0.144 0.0564 -0.0048 0.138 0.0564 -0.0024 0.138 0.0564 -0.0036 0.144 0.0564 -0.0024 0.144 0.0564 0 0.138 0.0576 0 0.144 0.0576 0.0024 0.138 0.0564 0.0012 0.144 0.0564 0.0024 0.144 0.0564 0.0048 0.138 0.0564 0.0036 0.144 0.0564 0.0048 0.144 0.0564 0.006 0.138 0.0576 0.006 0.144 0.0576 0.0072 0.138 0.0588 0.0072 0.144 0.0588 0.0084 0.144 0.0588 0.0084 0.138 0.0588 0.0096 0.138 0.0576 0.0096 0.144 0.0576 0.012 0.144 0.0576 0.0108 0.138 0.0576 0.0108 0.144 0.0576 0.012 0.138 0.0588 0.012 0.144 0.0588 0.0144 0.144 0.0612 0.0132 0.138 0.0612 0.0132 0.144 0.0612 0.0144 0.138 0.0612 0.0156 0.144 0.0612 0.0156 0.138 0.0612 0.0192 0.144 0.0624 0.018 0.138 0.0612 0.018 0.144 0.0612 0.0192 0.138 0.0624 0.0204 0.138 0.0648 0.0204 0.144 0.0648 0.0204 0.138 0.066 0.0204 0.144 0.066 0.0216 0.144 0.066 0.0216 0.138 0.066 0.0228 0.144 0.066 0.0228 0.138 0.066 0.024 0.144 0.066 0.024 0.138 0.0672 0.024 0.138 0.066 0.0252 0.138 0.0684 0.0252 0.144 0.0684 0.0252 0.138 0.0708 0.0252 0.144 0.0708 0.0252 0.138 0.072 0.0276 0.138 0.0732 0.0276 0.144 0.0732 0.0288 0.144 0.0732 0.0288 0.138 0.0732 0.0288 0.144 0.0744 0.0288 0.138 0.0744 0.0288 0.138 0.0756 0.0288 0.138 0.0768 0.0288 0.144 0.0768 0.0288 0.138 0.078 0.0288 0.144 0.0792 0.0288 0.144 0.078 0.03 0.138 0.0804 0.03 0.144 0.0792 0.0312 0.144 0.0804 0.0312 0.138 0.0804 0.0312 0.144 0.0816 0.0312 0.138 0.0828 0.0312 0.138 0.0816 -0.03 0.144 0.0936 -0.0324 0.138 0.09 -0.03 0.138 0.0876 -0.0312 0.144 0.0876 -0.0312 0.138 0.0876 -0.0288 0.138 0.0792 -0.03 0.144 0.0804 -0.03 0.138 0.0804 -0.0288 0.144 0.0744 -0.0264 0.138 0.072 -0.0264 0.144 0.072 -0.0264 0.138 0.0732 0.03 0.144 0.084 0.03 0.138 0.084 -0.0252 0.144 0.072 0.03 0.144 0.0984 0.0288 0.138 0.0984 0.03 0.138 0.0984 -0.0228 0.138 0.0672 0.03 0.144 0.096 0.03 0.138 0.0972 0.03 0.138 0.096 0.0048 0.138 0.1176 0.0048 0.144 0.1176 0.018 0.144 0.1128 0.0168 0.138 0.1128 0.018 0.138 0.1116 -0.0168 0.138 0.0612 -0.0132 0.144 0.06 -0.0132 0.138 0.06 -0.012 0.144 0.0588 -0.0036 0.138 0.0564 -0.0012 0.144 0.0576 -0.0012 0.138 0.0576 -0.0024 0.144 0.0576 0.0012 0.138 0.0576 0.0012 0.144 0.0576 0.0012 0.138 0.0564 0.0036 0.138 0.0564 0.012 0.138 0.0576 0.0132 0.144 0.06 0.0132 0.138 0.0588 0.0168 0.138 0.0612 0.0168 0.144 0.0612 0.0192 0.138 0.0636 0.0192 0.144 0.0636 0.0192 0.138 0.0648 0.024 0.144 0.0672 0.0252 0.144 0.0696 0.0252 0.138 0.0696 0.0264 0.138 0.072 0.0264 0.144 0.072 0.0276 0.144 0.072 0.03 0.138 0.0792 0.0288 0.138 0.0792 0.0312 0.144 0.0828 0.03 0.144 0.0948 0.03 0.144 0.0936 0.03 0.138 0.0936 0.03 0.138 0.0924 0.03 0.144 0.0924 0.03 0.144 0.0912 0.0312 0.138 0.09 0.0312 0.144 0.09 0.0312 0.138 0.0888 0.0312 0.144 0.0888 0.0312 0.138 0.0876 0.0312 0.144 0.0876 0.03 0.144 0.0852 0.03 0.138 0.0864 0.03 0.138 0.0852 0.03 0.144 0.0864 0.0312 0.138 0.0912 0.0312 0.144 0.0912 0.03 0.138 0.0948 0.03 0.144 0.0972 0.0288 0.144 0.0996 0.0276 0.138 0.0996 0.0276 0.144 0.0996 0.0072 0.138 0.1188 0.0072 0.144 0.1188 0.0084 0.144 0.1188 0.0096 0.138 0.1176 0.0096 0.144 0.1176 0.0108 0.144 0.1164 0.0108 0.138 0.1164 0.0108 0.144 0.1152 0.012 0.138 0.1152 0.0132 0.144 0.1152 0.012 0.144 0.1152 0.0144 0.144 0.1152 0.0156 0.138 0.1152 0.0156 0.144 0.1152 0.0168 0.144 0.1152 0.0168 0.138 0.1152 0.0168 0.144 0.114 0.0168 0.138 0.114 0.018 0.144 0.1116 0.0192 0.138 0.1116 0.0216 0.138 0.1116 0.0204 0.144 0.1116 0.0204 0.138 0.1116 0.0228 0.144 0.1104 0.0228 0.138 0.1104 0.0228 0.144 0.108 0.0228 0.138 0.108 0.0228 0.144 0.1068 0.0228 0.138 0.1068 0.024 0.144 0.1068 0.024 0.138 0.1056 0.024 0.144 0.1056 0.0264 0.138 0.1056 0.0264 0.144 0.1056 0.0252 0.138 0.1056 0.0276 0.138 0.1044 0.0264 0.144 0.1044 0.0264 0.138 0.1044 0.0276 0.138 0.1032 0.0276 0.144 0.102 0.0276 0.144 0.1032 0.0276 0.144 0.1008 0.0276 0.138 0.102 0.0276 0.138 0.1008 0.0276 0.144 0.1044 0.0252 0.144 0.1056 0.024 0.138 0.1068 0.0228 0.144 0.1092 0.0228 0.138 0.1092 0.0216 0.144 0.1104 0.0216 0.144 0.1116 0.0216 0.138 0.1104 0.0192 0.144 0.1116 0.0144 0.138 0.1152 0.0132 0.138 0.1152 0.0084 0.138 0.1188 0.006 0.138 0.1176 0.006 0.144 0.1176 0 0.138 0.12 0 0.144 0.12 -0.0096 0.138 0.1176 -0.0108 0.144 0.1164 -0.0144 0.144 0.1164 -0.012 0.138 0.1164 -0.0156 0.138 0.1164 -0.0168 0.144 0.114 -0.0192 0.144 0.1116 -0.0252 0.138 0.1056 -0.0252 0.144 0.1068 -0.0252 0.144 0.1056 -0.0276 0.138 0.1032 -0.0264 0.138 0.102 -0.03 0.144 0.0984 0.0264 0.144 0.1044 0.0264 0.144 0.1056 0.0072 0.144 0.1188 0.0084 0.144 0.1176 0.0072 0.144 0.1176 0.0084 0.144 0.1188 0.0096 0.144 0.1176 0.0096 0.144 0.1164 0.0108 0.144 0.1164 0.0108 0.144 0.1152 0.0156 0.144 0.1152 0.0156 0.144 0.114 0.0168 0.144 0.1152 0.0168 0.144 0.114 0.0168 0.144 0.1128 0.018 0.144 0.1128 0.018 0.144 0.1116 0.0192 0.144 0.1104 0.0192 0.144 0.1116 0.0204 0.144 0.1104 0.0204 0.144 0.1116 0.0216 0.144 0.1104 0.0216 0.144 0.1116 0.0228 0.144 0.1104 0.0216 0.144 0.1092 0.0228 0.144 0.1092 0.0228 0.144 0.1068 0.0228 0.144 0.1056 0.024 0.144 0.1068 0.024 0.144 0.1056 0.0252 0.144 0.1044 0.0252 0.144 0.1056 0.0264 0.144 0.1032 0.0276 0.144 0.1044 0.0276 0.144 0.1032 0.0276 0.144 0.102 0.0276 0.144 0.1008 0.0264 0.144 0.1008 0.0264 0.144 0.0996 0.0276 0.144 0.0996 0.0288 0.144 0.0984 0.0288 0.144 0.0996 0.03 0.144 0.0984 0.03 0.144 0.0972 0.03 0.144 0.0948 0.03 0.144 0.0936 0.0288 0.144 0.0936 0.0288 0.144 0.0924 0.03 0.144 0.0912 0.03 0.144 0.0924 0.0312 0.144 0.09 0.0312 0.144 0.0912 0.03 0.144 0.0864 0.0288 0.144 0.0852 0.03 0.144 0.0852 0.03 0.144 0.084 0.0168 0.144 0.1116 0.0048 0.144 0.1164 0.006 0.144 0.1176 0.0048 0.144 0.1176 0.0036 0.144 0.1164 0.0036 0.144 0.1176 0.0024 0.144 0.1176 0.0024 0.144 0.1188 0.0012 0.144 0.1188 0 0.144 0.1188 0.0012 0.144 0.12 0 0.144 0.12 -0.0012 0.144 0.1188 -0.0024 0.144 0.1188 -0.0024 0.144 0.1176 -0.0048 0.144 0.1176 -0.006 0.144 0.1188 -0.006 0.144 0.1176 -0.0072 0.144 0.1188 -0.0072 0.144 0.1176 -0.0084 0.144 0.1176 -0.0096 0.144 0.1164 -0.0096 0.144 0.1152 -0.0108 0.144 0.1164 -0.0108 0.144 0.1152 -0.012 0.144 0.1152 -0.0132 0.144 0.1164 -0.0144 0.144 0.1152 -0.0144 0.144 0.1164 -0.0156 0.144 0.1152 -0.0156 0.144 0.114 -0.0168 0.144 0.1128 -0.0168 0.144 0.114 -0.0168 0.144 0.1116 -0.018 0.144 0.1128 -0.018 0.144 0.1116 -0.0204 0.144 0.1116 -0.0216 0.144 0.1116 -0.0216 0.144 0.1104 -0.0228 0.144 0.1104 -0.0216 0.144 0.108 -0.0228 0.144 0.1092 -0.0216 0.144 0.1092 -0.0228 0.144 0.108 -0.0228 0.144 0.1068 -0.0084 0.144 0.1188 -0.0084 0.144 0.1164</float_array><technique_common><accessor source="#pa" count="17474" stride="3"><param name="X" type="float"/><param name="Y" type="float"/><param name="Z" type="float"/></accessor></technique_common></source>
        <source id="n"><float_array id="na" count="52422">0 0 1 0 0 1 0 0 1 0 0 1 0 0 1 0 0 1 0 0 1 0 0 1 0 0 1 0 0 1 0 0 1 0 0 1 0 0 1 0.95 -0.32 0 1 0 0 1 0 0 0.83 -0.55 0 0.55 -0.83 0 0.32 -0.95 0 0 -1 0 0 -1 0 -0.55 -0.83 0 -0.83 -0.55 0 -0.95 -0.32 0 -1 0 0 -1 0 0 -0.89 0.45 0 -0.45 0.89 0 -0.32 0.95 0 -0.55 0.83 0 -0.32 0.95 0 0.32 0.95 0 0.55 0.83 0 0.32 0.95 0 0.45 0.89 0 0.89 0.45 0 -0.32 -0.95 0 0 0 1 0 0 1 0 0 1 0 0 1 0 0 1 0 0 1 0 0 1 0 0 1 0 0 1 0 0 1 0 0 1 0 0 1 0 0 1 -1 0 0 -0.95 -0.32 0 -0.83 -0.55 0 -0.89 0.45 0 -1 0 0 -0.32 0.95 0 -0.45 0.89 0 -0.32 0.95 0 -0.55 0.83 0 0.55 0.83 0 0.32 0.95 0 0.45 0.89 0 0.32 0.95 0 1 0 0 0.89 0.45 0 -0.55 -0.83 0 -0.32 -0.95 0 1 0 0 0 -1 0 0.32 -0.95 0 0 -1 0 0.83 -0.55 0 0.55 -0.83 0 0.95 -0.32 0 0 0 1 0 0 1 0 0 1 0 0 1 0 0 1 0 0 1 0 0 1 0 0 1 0 0 1 0 0 1 0 0 1 0 0 1 0 0 1 0 0 1 0 0 1 0 0 1 0 0 1 0 0 1 0 0 1 0 0 1 0 0 1 0 0 1 0 0 1 0 0 1 0 0 1 0 0 1 0 0 1 0 0 1 0 0 1 0 0 1 0 0 1 0 0 1 0 0 1 0 0 1 0 0 1 0 0 1 0 0 1 0 0 1 0 0 1 0 0 1 0 0 1 0 1 0 0 1 0 0 1 0 0 1 0 1 0 0 1 0 0 1 0 0 1 0 0 0 -1 0 0 -1 0 0 -1 0 0 -1 0 -1 0 0 -1 0 0 -1 0 0 -1 0 0 0.84 0 0.54 0.54 0 0.84 0.94 0 0.35 0.99 0 0.14 0.99 0 0.14 0.35 0 0.94 0.14 0 0.99 0.14 0 0.99 -0.94 0 0.35 -0.99 0 0.14 -0.84 0 0.54 -0.54 0 0.84 -0.35 0 0.94 -0.14 0 0.99 -0.14 0 0.99 -0.99 0 0.14 0.96 0 -0.27 0.9 0 -0.43 0.96 0 -0.27 0.82 0 -0.58 0.57 0 -0.82 0.16 0 -0.99 0.38 0 -0.92 0.16 0 -0.99 -0.16 0 -0.99 -0.38 0 -0.92 -0.16 0 -0.99 -0.57 0 -0.82 -0.82 0 -0.58 -0.9 0 -0.43 -0.96 0 -0.27 -0.96 0 -0.27 -1 0 0 -1 0 0 -1 0 0 -1 0 0 1 0 0 1 0 0 1 0 0 1 0 0 0 0 1 0 0 1 0 0 1 0 0 1 0 0 -1 0 0 -1 0 0 -1 0 0 -1 0 -1 0 0 -1 0 0 -1 0 0 -1 0 0 -1 0 0 -1 0 0 -1 0 0 -1 0 0 -1 0 0 -1 0 0 -1 0 0 -1 0 0 -1 0 0 -1 0 0 -1 0 0 -1 0 0 -1 0 0 -1 0 0 -1 0 0 -1 0 0 -1 0 0 -1 0 0 0 -1 0 0 -1 0 0 -1 0 0 -1 0 0 1 0 0 1 0 0 1 0 0 1 0 -1 0 0 -1 0 0 -1 0 0 -1 0 0 -1 0 0 -1 0 0 -1 0 0 -1 0 0 -1 0 0 -1 0 0 -1 0 0 -1 0 0 -1 0 0 -1 0 0 -1 0 0 -1 0 0 -1 0 0 -1 0 0 -1 0 0 -1 0 0 -1 0 0 -1 0 0 -1 0 0 -1 0 0 -1 0 0 -1 0 0 -1 0 0 -1 0 0 -1 0 0 -1 0 0 -1 0 0 -1 0 0 -1 0 0 -1 0 0 -1 0 0 -1 0 0 -1 0 0 -1 0 0 -1 0 0 -1 0 0 -1 0 0 -1 0 0 -1 0 0 -1 0 0 -1 0 0 -1 0 1 0 0 1 0 0 1 0 0 1 0 0 -1 0 0 -1 0 0 -1 0 0 -1 0 0 0 -1 0 0 -1 0 0 -1 0 0 -1 0 0 -1 0 0 -1 0 0 -1 0 0 -1 0 0 -1 0 0 -1 0 0 -1 0 0 -1 0 0 -1 0 0 -1 0 0 -1 0 0 -1 0 0 -1 0 0 -1 0 0 -1 0 0 -1 0 0 -1 0 0 -1 0 0 -1 0 0 -1 0 0 -1 0 0 -1 0 0 -1 0 0 -1 0 0 -1 0 0 -1 0 0 -1 0 0 -1 0 0 -1 0 0 -1 0 0 -1 0 0 -1 0 0 -1 0 0 -1 0 0 -1 0 0 -1 0 0 -1 0 0 -1 0 0 -1 0 0 -1 0 0.99 0 0.12 0.89 0 0.45 0.99 0 -0.14 0.81 0 0.58 0.55 0 0.83 0.32 0 0.95 0 0 1 0 0 1 -0.24 0 0.97 -0.5 0 0.87 -0.87 0 0.5 -0.97 0 0.24 -1 0 0 0.83 0 -0.55 0.77 0 -0.64 0.64 0 -0.77 0.55 0 -0.83 0.14 0 -0.99 -1 0 0 -0.12 0 -0.99 -0.45 0 -0.89 -0.58 0 -0.81 -0.83 0 -0.55 -0.95 0 -0.32 -0.89 0 0.45 -0.99 0 0.12 -0.81 0 0.58 -0.99 0 -0.14 -0.55 0 0.83 -0.32 0 0.95 0 0 1 0 0 1 0.45 0 -0.89 0.12 0 -0.99 0.58 0 -0.81 0.83 0 -0.55 0.95 0 -0.32 1 0 0 1 0 0 0.97 0 0.24 0.87 0 0.5 0.5 0 0.87 0.24 0 0.97 -0.14 0 -0.99 -0.55 0 -0.83 -0.64 0 -0.77 -0.77 0 -0.64 -0.83 0 -0.55 0.24 0 -0.97 0 0 -1 0.5 0 -0.87 -0.77 0 0.64 -0.64 0 0.77 -0.83 0 0.55 -0.99 0 0.14 -0.55 0 0.83 -0.14 0 0.99 0.12 0 0.99 0.45 0 0.89 0.58 0 0.81 0.83 0 0.55 0.95 0 0.32 1 0 0 1 0 0 0.97 0 -0.24 0.87 0 -0.5 0 0 -1 -0.32 0 -0.95 -0.55 0 -0.83 -0.81 0 -0.58 -0.89 0 -0.45 -0.99 0 -0.12 0 0 1 0 0 1 0 0 1 0 0 1 0 0 1 0 0 1 0 0 1 0 0 1 0 0 1 0 0 1 0 0 1 0 0 1 0 0 1 0.55 0 0.83 0.83 0 0.55 0.95 0 0.32 1 0 0 0.32 0 0.95 1 0 0 0 0 1 0 0 1 -0.95 0 0.32 -1 0 0 -1 0 0 -0.55 0 0.83 -0.83 0 0.55 -0.32 0 0.95 0 0 1 0 0 1 1 0 0 1 0 0 1 0 0 1 0 0 1 0 0 1 0 0 1 0 0 1 0 0 1 0 0 -1 0 0 -1 0 0 -1 0 0 -1 0 0 -1 0 0 -1 0 0 -1 0 0 -1 0 0 -1 0 0 0.55 0 -0.83 0.83 0 -0.55 0.95 0 -0.32 1 0 0 1 0 0 0.32 0 -0.95 0 0 -1 0 0 -1 -1 0 0 -0.95 0 -0.32 -0.83 0 -0.55 -0.55 0 -0.83 -0.32 0 -0.95 0 0 -1 0 0 -1 -1 0 0 0 0 -1 0 0 -1 0 0 -1 0 0 -1 0 0 -1 0 0 -1 0 0 -1 0 0 -1 0 0 -1 0 1 0 0 1 0 0 1 0 0 1 0 0 1 0 0 1 0 0 1 0 0 1 0 0 1 0 0 1 0 0 1 0 0 1 0 0 1 0 0 1 0 0 1 0 0 1 0 0 1 0 0 1 0 0 1 0 0 1 0 0 1 0 0 1 0 0 1 0 0 1 0 0 1 0 0 1 0 0 0 1 0 0 1 0 0 1 0 0 1 0 0 1 0 0 1 0 0 1 0 0 1 0 0 1 0 0 1 0 0 1 0 0 1 0 0 1 -0.45 0.89 0 -0.32 0.95 0 -0.55 0.83 0 -1 0 0 -0.89 0.45 0 -0.95 -0.32 0 -1 0 0 -0.55 -0.83 0 -0.83 -0.55 0 0 -1 0 -0.32 -0.95 0 0.32 -0.95 0 0 -1 0 0.83 -0.55 0 0.55 -0.83 0 1 0 0 0.95 -0.32 0 -0.32 0.95 0 0.32 0.95 0 0.55 0.83 0 0.32 0.95 0 0.45 0.89 0 0.89 0.45 0 1 0 0 0 1 0 0 1 0 0 1 0 0 1 0 0 1 0 0 1 0 0 1 0 0 1 0 0 1 0 0 1 0 0 1 0 0 1 0 0 1 0 0 1 0 0 1 0 0 1 0 0 1 0 0 1 0 0 1 0 0 1 0 0 1 0 0 1 0 0 1 0 0 1 0 0 -1 0 0 -1 0 0 -1 0 0 -1 0 0 -1 0 0 -1 0 0 -1 0 0 -1 0 0 -1 0 0 -1 0 0 -1 0 0 -1 0 0 -1 0 0 -1 0 0 -1 0 0 -1 0 0 -1 0 0 -1 0 0 -1 0 0 -1 0 0 -1 0 0 -1 0 0 -1 0 0 -1 0 0.92 0 -0.38 0.72 0 -0.69 0.56 0 -0.83 0.99 0 0.14 0.98 0 -0.2 0.82 0 0.57 0.96 0 0.28 0.41 0 0.91 0.71 0 0.71 -0.11 0 0.99 0.24 0 0.97 -0.6 0 0.8 -0.3 0 0.95 -0.91 0 0.42 -0.72 0 0.69 -0.99 0 -0.11 -0.97 0 0.26 -0.8 0 -0.6 -0.95 0 -0.31 -0.42 0 -0.91 -0.69 0 -0.72 0.08 0 -1 -0.26 0 -0.97 0.24 0 -0.97 -0.55 0 0.83 -0.26 0 0.96 -0.71 0 0.71 0.22 0 0.98 -0.13 0 0.99 0.45 0 0.89 0.71 0 0.71 0.77 0 0.64 0.94 0 0.33 1 0 0.09 0.97 0 -0.25 0.93 0 -0.38 0.75 0 -0.66 0.59 0 -0.81 0.26 0 -0.96 0.13 0 -0.99 -0.22 0 -0.98 -0.45 0 -0.89 -0.73 0 -0.69 -0.81 0 -0.59 -0.95 0 -0.3 -1 0 -0.09 -0.96 0 0.26 -0.91 0 0.41 0 1 0 0 1 0 0 1 0 0 1 0 0 1 0 0 1 0 0 1 0 0 1 0 0 1 0 0 1 0 0 1 0 0 1 0 0 1 0 0 1 0 0 1 0 0 1 0 0 1 0 0 1 0 0 1 0 0 1 0 0 1 0 0 1 0 0 1 0 0 1 0 0 -1 0 0 -1 0 0 -1 0 0 -1 0 0 -1 0 0 -1 0 0 -1 0 0 -1 0 0 -1 0 0 -1 0 0 -1 0 0 -1 0 0 -1 0 0 -1 0 0 -1 0 0 -1 0 0 -1 0 0 -1 0 0 -1 0 0 -1 0 0 -1 0 0 -1 0 0 -1 0 0 -1 0 0.2 0 -0.98 -0.17 0 -0.99 -0.33 0 -0.94 0.67 0 -0.75 0.38 0 -0.92 0.95 0 -0.31 0.78 0 -0.62 0.97 0 0.22 0.99 0 -0.11 0.77 0 0.63 0.93 0 0.36 0.3 0 0.95 0.63 0 0.77 -0.22 0 0.98 0.11 0 0.99 -0.66 0 0.75 -0.37 0 0.93 -0.95 0 0.32 -0.79 0 0.62 -0.98 0 -0.19 -0.99 0 0.16 -0.72 0 -0.69 -0.92 0 -0.39 -0.6 0 -0.8 0.26 0 0.96 0.59 0 0.81 0.13 0 0.99 0.94 0 0.34 0.75 0 0.66 0.99 0 0.17 0.99 0 -0.14 0.96 0 -0.29 0.79 0 -0.61 0.69 0 -0.73 0.41 0 -0.91 0.21 0 -0.98 -0.18 0 -0.98 -0.37 0 -0.93 -0.64 0 -0.77 -0.71 0 -0.71 -0.89 0 -0.45 -0.98 0 -0.22 -0.99 0 0.17 -0.94 0 0.34 -0.79 0 0.61 -0.68 0 0.73 -0.37 0 0.93 -0.18 0 0.98 0 1 0 0 1 0 0 1 0 0 1 0 0 1 0 0 1 0 0 1 0 0 1 0 0 1 0 0 1 0 0 1 0 0 1 0 0 1 0 0 1 0 0 1 0 0 1 0 0 1 0 0 1 0 0 1 0 0 1 0 0 1 0 0 1 0 0 1 0 0 1 0 0 1 0 0 1 0 0 -1 0 0 -1 0 0 -1 0 0 -1 0 0 -1 0 0 -1 0 0 -1 0 0 -1 0 0 -1 0 0 -1 0 0 -1 0 0 -1 0 0 -1 0 0 -1 0 0 -1 0 0 -1 0 0 -1 0 0 -1 0 0 -1 0 0 -1 0 0 -1 0 0 -1 0 0 -1 0 0 -1 0 0 -1 0 0 -1 0 0.96 0 -0.3 1 0 0.02 0.98 0 0.18 0.77 0 0.64 0.53 0 0.85 0.41 0 0.91 0.12 0 0.99 -0.05 0 1 -0.36 0 0.93 -0.51 0 0.86 -0.69 0 0.72 -0.77 0 0.64 -1 0 0.07 -0.93 0 0.36 -0.9 0 0.43 -1 0 -0.05 -0.97 0 -0.26 -0.92 0 -0.39 -0.74 0 -0.67 -0.6 0 -0.8 -0.31 0 -0.95 -0.16 0 -0.99 0.16 0 -0.99 0.31 0 -0.95 0.57 0 -0.82 0.7 0 -0.72 0.89 0 -0.46 0.88 0 0.48 -0.71 0 0.71 -0.87 0 0.49 -0.62 0 0.79 -0.94 0 0.33 -0.3 0 0.95 -0.06 0 1 0.33 0 0.94 0.49 0 0.87 0.71 0 0.71 0.79 0 0.62 0.95 0 0.3 1 0 0.06 0.94 0 -0.33 0.87 0 -0.49 0.71 0 -0.71 0.62 0 -0.79 0.3 0 -0.95 0.06 0 -1 -0.33 0 -0.94 -0.49 0 -0.87 -0.71 0 -0.71 -1 0 -0.06 -0.95 0 -0.3 -0.79 0 -0.62 0 1 0 0 1 0 0 1 0 0 1 0 0 1 0 0 1 0 0 1 0 0 1 0 0 1 0 0 1 0 0 1 0 0 1 0 0 1 0 0 1 0 0 1 0 0 1 0 0 1 0 0 1 0 0 1 0 0 1 0 0 1 0 0 1 0 0 1 0 0 1 0 0 1 0 0 1 0 0 1 0 0 1 0 0 1 0 0 1 0 0 1 0 0 1 0 0 1 0 0 1 0 0 1 0 0 1 0 0 1 0 0 1 0 0 -1 0 0 -1 0 0 -1 0 0 -1 0 0 -1 0 0 -1 0 0 -1 0 0 -1 0 0 -1 0 0 -1 0 0 -1 0 0 -1 0 0 -1 0 0 -1 0 0 -1 0 0 -1 0 0 -1 0 0 -1 0 0 -1 0 0 -1 0 0 -1 0 0 -1 0 0 -1 0 0 -1 0 0 -1 0 0 -1 0 0 -1 0 0 -1 0 0 -1 0 0 -1 0 0 -1 0 0 -1 0 0 -1 0 0 -1 0 0 -1 0 0 -1 0 0 -1 0 0 -1 0 -0.35 0 0.94 -0.56 0 0.83 -0.65 0 0.76 -0.86 0 0.51 -0.95 0 0.32 -0.97 0 0.23 -1 0 0.01 -0.99 0 -0.1 -0.94 0 -0.33 -0.9 0 -0.44 -0.78 0 -0.62 -0.71 0 -0.7 -0.56 0 -0.83 -0.47 0 -0.88 -0.26 0 -0.97 -0.13 0 -0.99 0.03 0 -1 0.08 0 -1 0.51 0 -0.86 0.33 0 -0.94 0.25 0 -0.97 0.56 0 -0.83 0.68 0 -0.74 0.76 0 -0.65 0.88 0 -0.48 0.92 0 -0.38 0.99 0 -0.17 1 0 -0.04 0.98 0 0.18 0.96 0 0.28 0.88 0 0.47 0.83 0 0.56 0.68 0 0.74 0.57 0 0.82 0.38 0 0.92 0.3 0 0.95 0.1 0 1 -0.01 0 1 -0.24 0 0.97 -0.8 0 0.6 0.02 0 -1 0.25 0 -0.97 -0.12 0 -0.99 0.36 0 -0.93 -0.37 0 -0.93 -0.48 0 -0.88 -0.67 0 -0.74 -0.76 0 -0.65 -0.9 0 -0.44 -0.95 0 -0.33 -1 0 -0.09 -1 0 0.03 -0.96 0 0.27 -0.93 0 0.38 -0.81 0 0.59 -0.72 0 0.69 -0.54 0 0.84 -0.3 0 0.96 -0.03 0 1 -0.03 0 1 -0.31 0 0.95 -0.54 0 0.84 0.2 0 0.98 0.3 0 0.95 0.53 0 0.85 0.64 0 0.77 0.8 0 0.6 0.86 0 0.51 0.96 0 0.27 0.99 0 0.13 1 0 -0.1 0.82 0 -0.57 0.65 0 -0.76 0.9 0 -0.44 0.57 0 -0.82 0.98 0 -0.2 0.82 0 -0.57 0.97 0.01 -0.26 0.94 0 -0.34 -0.3 0 -0.96 -0.62 0 -0.78 -0.74 0 -0.67 -1 0 -0.04 -0.96 0 -0.27 -0.91 0 -0.42 -0.1 0 -1 -0.99 0.01 0.16 0.72 0 -0.69 0.43 0 -0.9 0.26 0 -0.97 -0.75 0.01 0.67 -0.93 0.01 0.37 -0.71 0 0.71 -0.38 0 0.92 -0.19 0 0.98 0.13 0 0.99 0.27 0 0.96 0.58 0 0.82 0.72 0 0.69 0.88 0 0.48 0.95 0.01 0.3 0.99 0.01 0.1 0 -1 0 0 -1 0 0 -1 0 0 -1 0 0 -1 0 0 -1 0 0 -1 0 0 -1 0 0 -1 0 0 -1 0 0 -1 0 0 -1 0 0 -1 0 0 -1 0 0 -1 0 0 1 0 0 1 0 0 1 0 0 1 0 0 1 0 0 1 0 0 1 0 0 1 0 0 1 0 0 1 0 0 1 0 0 1 0 0 1 0 0 1 0 0 1 0 0 1 0 0 1 0 0 1 0 0 1 0 0 1 0 0 1 0 0 1 0 0 1 0 0 1 0 -0.92 0 -0.39 -0.71 0 -0.71 -0.55 0 -0.84 -0.26 0 -0.97 -0.13 0 -0.99 0.21 0 -0.98 0.42 0 -0.91 0.72 0 -0.69 0.82 0 -0.57 0.91 0 -0.41 0.98 -0.01 -0.18 1 -0.01 0.1 0.92 0 0.4 0.92 0 0.38 -0.91 -0.03 0.41 -0.99 -0.02 0.13 -0.79 -0.02 0.61 -1 0 0 -0.65 0 0.76 -0.42 0 0.91 0.1 0 0.99 -0.27 0 0.96 0.31 0 0.95 0.6 0 0.8 0.71 0 0.71 -0.98 0 -0.2 0 -1 0 0 -1 0 0 -1 0 0 -1 0 0 -1 0 0 -1 0 0 -1 0 0 -1 0 0 -1 0 0 -1 0 0 -1 0 0 -1 0 0 -1 0 0 -1 0 0 -1 0 0 -1 0 0 -1 0 0 -1 0 0 -1 0 0 -1 0 0 -1 0 0 -1 0 0 -1 0 0 -1 0 0 1 0 0 1 0 0 1 0 0 1 0 0 1 0 0 1 0 0 1 0 0 1 0 0 1 0 0 1 0 0 0 1 0 -1 0 -0.71 0 0.71 -0.43 0 0.9 -0.27 0 0.96 -0.96 0 0.27 -0.81 0 0.58 -0.96 0 -0.27 -1 0 0.08 -0.71 0 -0.71 -0.9 0 -0.43 -0.27 0 -0.96 -0.58 0 -0.81 0.27 0 -0.96 -0.08 0 -1 0.71 0 -0.71 0.43 0 -0.9 0.96 0 -0.27 0.81 0 -0.58 0.96 0 0.27 1 0 -0.08 0.71 0 0.71 0.9 0 0.43 0.27 0 0.96 0.58 0 0.81 0.08 0 1 0 1 0 0 1 0 0 1 0 0 1 0 0 1 0 0 1 0 0 1 0 0 1 0 0 1 0 0 1 0 0 1 0 0 1 0 0 1 0 0 1 0 0 1 0 0 1 0 0 1 0 0 1 0 0 1 0 0 1 0 0 1 0 0 1 0 0 1 0 0 1 0 -0.4 0 0.92 -0.68 0 0.73 -0.81 0 0.59 0.59 0 0.81 0.27 0 0.96 0.06 0 1 0.92 0 0.4 0.73 0 0.68 1 0 -0.06 0.96 0 0.28 0.81 0 -0.59 0.96 0 -0.27 0.4 0 -0.92 0.68 0 -0.73 -0.06 0 -1 0.28 0 -0.96 -0.27 0 -0.96 -0.28 0 0.96 -0.96 0 0.27 -0.96 0 -0.28 -1 0 0.06 -0.73 0 -0.68 -0.92 0 -0.4 -0.59 0 -0.81 0 -1 0 0 -1 0 0 -1 0 0 -1 0 0 -1 0 0 -1 0 0 -1 0 0 -1 0 0 -1 0 0 -1 0 0 -1 0 0 -1 0 0 -1 0 0 -1 0 0 -1 0 0 -1 0 0 -1 0 0 -1 0 0 -1 0 0 -1 0 0 -1 0 0 -1 0 0 -1 0 0 -1 0 0 -1 0 0.82 0 -0.57 0.61 0 -0.79 0.91 0 -0.41 0.49 0 -0.87 0.1 0 -1 -0.09 0 -1 -0.34 0 -0.94 -0.45 0 -0.89 -0.71 0 -0.71 -0.82 0 -0.57 -0.97 0 -0.24 0.82 0 0.57 0.71 0 0.71 0.91 0 0.41 1 0 0.08 1 0 -0.08 -1 0 0 -0.89 0 0.45 -0.71 0 0.71 -0.94 0 0.34 -0.57 0 0.82 -0.45 0 0.89 -0.45 0 0.89 0.71 0 0.71 0.2 0 0.98 0.2 0 0.98 0.2 0 0.98 0.2 0 0.98 0 -1 0 0 -1 0 0 -1 0 0 -1 0 0 -1 0 0 -1 0 0 -1 0 0 -1 0 0 -1 0 0 -1 0 0 -1 0 0 -1 0 0 -1 0 0 -1 0 0 -1 0 0 -1 0 0 -1 0 0 -1 0 0 -1 0 0 -1 0 0 -1 0 0 -1 0 0 -1 0 0 -1 0 -0.16 0 0.99 0 0 1 -0.32 0 0.95 -0.6 0 0.8 -0.83 0 0.55 -1 0 0 -1 0 0 -0.99 0 -0.16 -0.95 0 -0.32 -0.8 0 -0.6 -0.55 0 -0.83 0 0 -1 0 0 -1 0.16 0 -0.99 0.32 0 -0.95 0.6 0 -0.8 0.83 0 -0.55 1 0 0 1 0 0 0.99 0 0.16 0.95 0 0.32 0.8 0 0.6 0.55 0 0.83 0 0 1 0 -1 0 0 -1 0 0 -1 0 0 -1 0 0 -1 0 0 -1 0 0 -1 0 0 -1 0 0 -1 0 0 -1 0 0 -1 0 0 -1 0 0 -1 0 0 -1 0 0 -1 0 0 -1 0 0 -1 0 0 -1 0 0 -1 0 0 -1 0 0 -1 0 0 -1 0 0 -1 0 0 -1 0 0 -1 0 0 -1 0 0 -1 0 0 -1 0 0 -1 0 0 -1 0 0 -1 0 0 -1 0 0 -1 0 0 -1 0 0 -1 0 0 -1 0 0 -1 0 0 -1 0 0 -1 0 0 -1 0 0 -1 0 0 -1 0 0 -1 0 0 -1 0 0 1 0 0 1 0 0 1 0 0 1 0 0 1 0 0 1 0 0 1 0 0 1 0 0 1 0 0 1 0 0 1 0 0 1 0 0 1 0 0 1 0 0 1 0 0 1 0 0 1 0 0 1 0 0 1 0 0 1 0 0 1 0 0 1 0 0 1 0 0 1 0 0 1 0 0 1 0 0 1 0 0 1 0 0 1 0 0 1 0 0 1 0 0 1 0 0 1 0 0 1 0 0 1 0 0 1 0 0 1 0 0 1 0 0 1 0 0 1 0 -0.24 -0.78 -0.58 -0.06 -0.73 -0.68 -0.34 -0.74 -0.57 0.06 -0.73 -0.68 0.28 -0.78 -0.56 0.41 -0.76 -0.51 0.57 -0.73 -0.37 0.68 -0.68 -0.28 0.71 -0.71 -0.06 0.71 -0.71 0.06 0.67 -0.67 0.31 0.57 -0.73 0.37 0.51 -0.74 0.44 -0.23 -0.79 0.57 0 -0.71 0.71 -0.25 -0.8 0.55 0.46 -0.81 0.35 -0.53 -0.71 -0.47 -0.63 -0.63 -0.44 -0.7 -0.7 -0.17 -0.71 -0.71 0 -0.69 -0.69 0.23 -0.62 -0.73 0.28 -0.47 -0.78 0.42 -0.33 -0.81 0.48 0 -0.71 0.71 0 -0.89 0.45 0.09 -0.85 0.51 0.16 -0.94 0.31 0.33 -0.67 0.67 0 -1 0 0 -1 0 0 -1 0 0.2 0 0.98 0 0 1 0 0 1 0.2 0 0.98 0.32 0 0.95 0.32 0 0.95 0 -1 0 0 -1 0 0 -1 0 0 -1 0 0 -1 0 0 -1 0 0 -1 0 0 -1 0 0 -1 0 0 -1 0 0 -1 0 0 -1 0 0 -1 0 0 -1 0 0 -1 0 0 -1 0 0 -1 0 0 -1 0 0 -1 0 0 -1 0 0 -1 0 0 -1 0 0 -1 0 0 -1 0 0 -1 0 0 -1 0 0 -1 0 0 -1 0 0 -1 0 0 -1 0 0 -1 0 0 -1 0 0 -1 0 0 -1 0 0 -1 0 0 -1 0 0 -1 0 0 -1 0 0 -1 0 0 -1 0 0 -1 0 0 -1 0 0 -1 0 0 -1 0 0 -1 0 0 -1 0 0 -1 0 0 -1 0 0 -1 0 0 -1 0 0 -1 0 0 -1 0 0 -1 0 0 -1 0 0 -1 0 0 -1 0 0 -1 0 0 -1 0 0 -1 0 0 -1 0 0 -1 0 0 -1 0 0 -1 0 0 -1 0 0 -1 0 0 -1 0 0 -1 0 0 -1 0 0 -1 0 0 -1 0 0 -1 0 0 -1 0 0 -1 0 0 -1 0 0 -1 0 0 -1 0 0 -1 0 0 -1 0 0 -1 0 0 -1 0 0 -1 0 0 -1 0 0 -1 0 0 -1 0 0 -1 0 0 -1 0 0 -1 0 0 -1 0 0 -1 0 0 -1 0 0 -1 0 0 -1 0 0 -1 0 0 -1 0 0 -1 0 0 -1 0 0 -1 0 0 -1 0 0 -1 0 0 -1 0 0 -1 0 0 -1 0 0 -1 0 0 -1 0 0 -1 0 0 -1 0 0 -1 0 0 -1 0 0 1 0 0 1 0 0 1 0 0 1 0 0 1 0 0 1 0 0 1 0 0 1 0 0 1 0 0 1 0 0 1 0 0 1 0 0 1 0 0 1 0 0 1 0 0 1 0 0 1 0 0 1 0 0 1 0 0 1 0 0 1 0 0 1 0 0 1 0 0 1 0 0 1 0 0 1 0 0 1 0 0 1 0 0 1 0 0 1 0 0 1 0 0 1 0 0 1 0 0 1 0 0 1 0 0 1 0 0 1 0 0 1 0 0 1 0 0 1 0 0 1 0 0 1 0 0 1 0 0 1 0 0 1 0 0 1 0 0 1 0 0 1 0 0 1 0 0 1 0 0 1 0 0 1 0 0 1 0 0 1 0 0 1 0 0 1 0 0 1 0 0 1 0 0 1 0 0 1 0 0 1 0 0 1 0 0 1 0 0 1 0 0 1 0 0 1 0 0 1 0 0 1 0 0 1 0 0 1 0 0 1 0 0 1 0 0 1 0 0 1 0 0 1 0 0 1 0 0 1 0 0 1 0 0 1 0 0 1 0 0 1 0 0 1 0 0 1 0 0 1 0 0 1 0 0 1 0 0 1 0 0 1 0 0 1 0 0 1 0 0 1 0 0 1 0 0 1 0 0 1 0 0 1 0 0 1 0 0 1 0 0 1 0 0 1 0 0 1 0 0 1 0 0 1 0 0 1 0 0 1 0 0 1 0 0 1 0 0 1 0 0 1 0 0 1 0 0 1 0 0 1 0 0 1 0 0 1 0 0 1 0 0 1 0 0 1 0 0 1 0 0 1 0 0 1 0 0 1 0 0 1 0 0 1 0 0 1 0 0 1 0 0 1 0 0 1 0 0 1 0 0 1 0 0 1 0 0 1 0 0 1 0 0 1 0 0 1 0 0 1 0 0 1 0 0 1 0 0 1 0 0 1 0 0 1 0 0 1 0 0 1 0 0 1 0 0 1 0 0 1 0 0 1 0 0 1 0 0 1 0 0 1 0 0 1 0 0 1 0 0 1 0 0 1 0 0 1 0 0 1 0 0 1 0 0 1 0 0 1 0 0 1 0 0 1 0 0 1 0 0 1 0 0 1 0 0 1 0 0 1 0 0 1 0 0 1 0 0 1 0 0 1 0 0 1 0 0 1 0 0 1 0 0 1 0 0 1 0 0 1 0 0 1 0 0 1 0 0 1 0 0 1 0 0 1 0 0 1 0 0 1 0 0 1 0 0 1 0 0 1 0 0 1 0 0 1 0 0 1 0 0 1 0 0 1 0 0 1 0 0 1 0 0 1 0 0 1 0 0 1 0 0 1 0 0 1 0 0 1 0 0.91 0 -0.41 1 0 -0.09 0.83 0 -0.55 0.55 0 -0.83 0.41 0 -0.91 0.09 0 -1 -0.09 0 -1 -0.41 0 -0.91 -0.55 0 -0.83 -0.83 0 -0.55 -0.91 0 -0.41 -1 0 -0.09 -1 0 0.09 -0.91 0 0.41 -0.83 0 0.55 -0.55 0 0.83 -0.41 0 0.91 -0.09 0 1 0.09 0 1 0.41 0 0.91 0.55 0 0.83 0.83 0 0.55 0.91 0 0.41 1 0 0.09 0 -1 0 0 -1 0 0 -1 0 0 -1 0 0 -1 0 0 -1 0 0 -1 0 0 -1 0 0 -1 0 0 -1 0 0 -1 0 0 -1 0 0 -1 0 0 -1 0 0 -1 0 0 -1 0 0 -1 0 0 -1 0 0 -1 0 0 -1 0 0 -1 0 0 -1 0 0 -1 0 0 -1 0 0 -1 0 0 -1 0 0 -1 0 0 -1 0 0 -1 0 0 -1 0 0 -1 0 0 -1 0 0 -1 0 0 -1 0 0 -1 0 0 -1 0 0 -1 0 0 -1 0 0 -1 0 0 -1 0 0 -1 0 0 -1 0 0 -1 0 0 -1 0 0 -1 0 0 -1 0 0 -1 0 0 -1 0 0 -1 0 0 -1 0 0 -1 0 0 -1 0 0 -1 0 0 -1 0 0 -1 0 0 -1 0 0 -1 0 0 -1 0 0 -1 0 0 -1 0 0 -1 0 0 -1 0 0 -1 0 0 -1 0 0 -1 0 0 -1 0 0 -1 0 0 -1 0 0 -1 0 0 -1 0 0 -1 0 0 -1 0 0 -1 0 0 -1 0 0 -1 0 0 -1 0 0 -1 0 0 -1 0 0 -1 0 0 -1 0 0 -1 0 0 -1 0 0 -1 0 0 -1 0 0 -1 0 0 -1 0 0 -1 0 0 -1 0 0 -1 0 0 -1 0 0 -1 0 0 -1 0 0 -1 0 0 -1 0 0 -1 0 0 -1 0 0 -1 0 0 -1 0 0 -1 0 0 -1 0 0 -1 0 0 -1 0 0 -1 0 0 -1 0 0 -1 0 0 -1 0 0 -1 0 0 -1 0 0 -1 0 0 -1 0 0 -1 0 0 -1 0 0 -1 0 0 -1 0 0 -1 0 0 -1 0 0 -1 0 0 -1 0 0 -1 0 0 -1 0 0 -1 0 1 0 -0.07 0.94 0 -0.33 1 0 0.07 0.89 0 -0.45 0.75 0 -0.66 0.66 0 -0.75 0.45 0 -0.89 0.33 0 -0.94 0.07 0 -1 -0.07 0 -1 -0.33 0 -0.94 -0.45 0 -0.89 -0.66 0 -0.75 -0.75 0 -0.66 -0.89 0 -0.45 -0.94 0 -0.33 -1 0 -0.07 -1 0 0.07 -0.94 0 0.33 -0.89 0 0.45 -0.75 0 0.66 -0.66 0 0.75 -0.45 0 0.89 -0.33 0 0.94 -0.07 0 1 0.07 0 1 0.33 0 0.94 0.45 0 0.89 0.7 0.02 0.71 0.69 0 0.72 0.92 0.04 0.4 0.82 0.04 0.57 0.98 0 0.22 -0.12 0 0.99 -0.45 0 0.89 0.14 0 0.99 -0.58 0 0.81 -0.83 0 0.55 -0.95 0 0.32 -1 0 0 -1 0 0 -0.97 0 -0.24 -0.87 0 -0.5 -0.5 0 -0.87 -0.24 0 -0.97 0 0 -1 0 0 -1 0.32 0 -0.95 0.55 0 -0.83 0.81 0 -0.58 0.89 0 -0.45 0.99 0 -0.12 0.99 0 0.14 0.83 0 0.55 0.77 0 0.64 0.64 0 0.77 0.55 0 0.83 0.56 0.68 0.47 0.39 0.68 0.62 0.69 0.63 0.35 0.8 0.59 0.09 0.82 0.57 -0.07 0.74 0.58 -0.33 0.68 0.63 -0.38 0.49 0.65 -0.58 0.32 0.7 -0.64 0.08 0.68 -0.73 0 0.67 -0.74 -0.24 0.64 -0.73 -0.45 0.59 -0.67 -0.68 0.6 -0.43 -0.71 0.64 -0.28 -0.74 0.66 -0.08 -0.73 0.68 0 -0.68 0.68 0.26 -0.6 0.65 0.45 -0.41 0.63 0.66 -0.3 0.58 0.76 -0.09 0.57 0.81 0.08 0.59 0.8 0.35 0.63 0.69 0 0 1 -0.24 0 0.97 0 0 1 -0.5 0 0.87 -0.87 0 0.5 -0.97 0 0.24 -1 0 0 -1 0 0 -0.95 0 -0.32 -0.83 0 -0.55 -0.58 0 -0.81 -0.45 0 -0.89 -0.12 0 -0.99 0.14 0 -0.99 0.55 0 -0.83 0.64 0 -0.77 0.77 0 -0.64 0.83 0 -0.55 0.99 0 -0.14 0.99 0 0.12 0.89 0 0.45 0.81 0 0.58 0.55 0 0.83 0.32 0 0.95 0.26 0.68 0.68 0 0.68 0.73 0.45 0.65 0.6 0.66 0.63 0.41 0.76 0.58 0.3 0.81 0.57 0.09 0.8 0.59 -0.08 0.69 0.63 -0.35 0.62 0.68 -0.39 0.47 0.68 -0.56 0.35 0.63 -0.69 0.09 0.59 -0.8 -0.07 0.57 -0.82 -0.33 0.58 -0.74 -0.38 0.63 -0.68 -0.58 0.65 -0.49 -0.64 0.7 -0.32 -0.73 0.68 -0.08 -0.74 0.67 0 -0.73 0.64 0.24 -0.67 0.59 0.45 -0.43 0.6 0.68 -0.28 0.64 0.71 -0.08 0.66 0.74 0 0 1 -0.32 0 0.95 0 0 1 -0.55 0 0.83 -0.81 0 0.58 -0.89 0 0.45 -0.99 0 0.12 -0.99 0 -0.14 -0.83 0 -0.55 -0.77 0 -0.64 -0.64 0 -0.77 -0.55 0 -0.83 -0.14 0 -0.99 0.12 0 -0.99 0.45 0 -0.89 0.58 0 -0.81 0.83 0 -0.55 0.95 0 -0.32 1 0 0 1 0 0 0.97 0 0.24 0.87 0 0.5 0.5 0 0.87 0.24 0 0.97 0 0.67 0.74 0.24 0.64 0.73 -0.08 0.68 0.73 0.45 0.59 0.67 0.68 0.6 0.43 0.71 0.64 0.28 0.74 0.66 0.08 0.73 0.68 0 0.68 0.68 -0.26 0.6 0.65 -0.45 0.41 0.63 -0.66 0.3 0.58 -0.76 0.09 0.57 -0.81 -0.08 0.59 -0.8 -0.35 0.63 -0.69 -0.39 0.68 -0.62 -0.56 0.68 -0.47 -0.69 0.63 -0.35 -0.8 0.59 -0.09 -0.82 0.57 0.07 -0.74 0.58 0.33 -0.68 0.63 0.38 -0.49 0.65 0.58 -0.32 0.7 0.64 -0.14 0 0.99 -0.55 0 0.83 0.12 0 0.99 -0.64 0 0.77 -0.77 0 0.64 -0.83 0 0.55 -0.99 0 0.14 -0.99 0 -0.12 -0.89 0 -0.45 -0.81 0 -0.58 -0.55 0 -0.83 -0.32 0 -0.95 0 0 -1 0 0 -1 0.24 0 -0.97 0.5 0 -0.87 0.87 0 -0.5 0.97 0 -0.24 1 0 0 1 0 0 0.95 0 0.32 0.83 0 0.55 0.58 0 0.81 0.45 0 0.89 0.07 0.57 0.82 0.33 0.58 0.74 -0.09 0.59 0.8 0.38 0.63 0.68 0.58 0.65 0.49 0.64 0.7 0.32 0.73 0.68 0.08 0.74 0.67 0 0.73 0.64 -0.24 0.67 0.59 -0.45 0.43 0.6 -0.68 0.28 0.64 -0.71 0.08 0.66 -0.74 0 0.68 -0.73 -0.26 0.68 -0.68 -0.45 0.65 -0.6 -0.66 0.63 -0.41 -0.76 0.58 -0.3 -0.81 0.57 -0.09 -0.8 0.59 0.08 -0.69 0.63 0.35 -0.62 0.68 0.39 -0.47 0.68 0.56 -0.35 0.63 0.69 -0.12 0.75 0.65 -0.02 0.72 0.7 0.02 0.72 0.7 -0.16 0.74 0.65 -0.27 0.71 0.65 -0.33 0.73 0.6 -0.4 0.77 0.49 -0.53 0.74 0.42 -0.45 0.77 0.45 -0.74 0.61 0.29 -0.74 0.65 0.15 -0.72 0.56 0.4 -0.57 0.78 0.26 -0.7 0.72 -0.02 -0.65 0.75 0.11 -0.64 0.75 -0.18 -0.68 0.73 -0.09 -0.71 0.58 -0.4 -0.7 0.4 -0.59 -0.69 0.67 -0.28 -0.58 0.22 -0.79 -0.6 0.6 -0.52 -0.3 0.62 -0.72 -0.47 0.41 -0.79 -0.15 0.32 -0.93 -0.25 0.53 -0.81 0.04 0.52 -0.85 0.16 0.76 -0.63 0.09 0.7 -0.7 0.37 0.55 -0.75 0.26 0.64 -0.72 0.56 0.57 -0.6 0.64 0.54 -0.54 0.54 0.35 -0.76 0.71 0.58 -0.4 0.6 0.6 -0.54 0.69 0.68 -0.25 0.68 0.73 -0.09 0.6 0.78 -0.18 0.65 0.75 0.11 0.7 0.72 -0.02 0.61 0.76 0.23 0.63 0.76 0.17 0.57 0.74 0.37 0.46 0.77 0.45 0.62 0.62 0.48 0.32 0.73 0.6 0.41 0.77 0.48 0.17 0.74 0.65 0.27 0.71 0.65 0.12 0.75 0.65 0.24 -0.85 -0.48 0.11 -0.94 -0.31 0.17 -0.87 -0.46 0.06 -0.95 -0.31 0.09 -0.82 -0.56 0.01 -0.95 -0.32 0.01 -0.8 -0.6 -0.05 -0.95 -0.32 -0.09 -0.8 -0.59 -0.09 -0.95 -0.3 -0.16 -0.84 -0.52 -0.15 -0.93 -0.33 -0.25 -0.83 -0.5 -0.21 -0.91 -0.35 -0.3 -0.83 -0.47 -0.28 -0.91 -0.31 -0.37 -0.83 -0.42 -0.28 -0.93 -0.24 -0.43 -0.83 -0.36 -0.27 -0.95 -0.17 -0.5 -0.81 -0.3 -0.34 -0.93 -0.14 -0.58 -0.78 -0.22 -0.43 -0.9 -0.1 -0.58 -0.8 -0.13 -0.45 -0.89 -0.06 -0.61 -0.79 -0.06 -0.45 -0.89 0 -0.59 -0.81 0.04 -0.45 -0.89 0.09 -0.58 -0.81 0.12 -0.4 -0.91 0.14 -0.52 -0.83 0.18 -0.29 -0.94 0.16 -0.49 -0.83 0.28 -0.26 -0.94 0.2 -0.47 -0.8 0.38 -0.27 -0.92 0.28 -0.41 -0.8 0.44 -0.23 -0.91 0.34 -0.31 -0.83 0.47 -0.18 -0.91 0.37 -0.24 -0.85 0.48 -0.11 -0.94 0.31 -0.17 -0.87 0.46 -0.06 -0.95 0.31 -0.09 -0.82 0.56 -0.01 -0.95 0.32 -0.01 -0.8 0.6 0 -0.45 0.89 0.09 -0.8 0.59 0.11 -0.52 0.84 0.16 -0.84 0.52 0.25 -0.55 0.8 0.25 -0.83 0.5 0.35 -0.58 0.73 0.3 -0.83 0.47 0.48 -0.52 0.71 0.37 -0.83 0.42 0.58 -0.51 0.64 0.43 -0.83 0.36 0.69 -0.47 0.55 0.31 -0.83 -0.47 0.18 -0.91 -0.37 0.74 -0.51 0.43 0.58 -0.78 0.22 0.79 -0.53 0.3 0.58 -0.8 0.13 0.8 -0.58 0.18 0.61 -0.79 0.06 0.8 -0.6 0.06 0.59 -0.81 -0.04 0.79 -0.61 -0.06 0.58 -0.81 -0.12 0.78 -0.61 -0.16 0.52 -0.83 -0.18 0.81 -0.49 -0.32 0.49 -0.83 -0.28 0.76 -0.46 -0.45 0.47 -0.8 -0.38 0.66 -0.52 -0.54 0.41 -0.8 -0.44 0.56 -0.58 -0.59 0.46 -0.53 -0.71 0.38 -0.57 -0.73 0.25 -0.47 -0.85 0.12 -0.4 -0.91 0 -0.45 -0.89 -0.11 -0.52 -0.84 -0.25 -0.55 -0.8 -0.35 -0.58 -0.73 -0.48 -0.52 -0.71 -0.58 -0.51 -0.64 -0.69 -0.47 -0.55 -0.74 -0.51 -0.43 -0.79 -0.53 -0.3 -0.8 -0.58 -0.18 -0.8 -0.6 -0.06 -0.79 -0.61 0.06 -0.78 -0.61 0.16 -0.81 -0.49 0.32 -0.76 -0.46 0.45 -0.66 -0.52 0.54 -0.56 -0.58 0.59 -0.46 -0.53 0.71 -0.38 -0.57 0.73 -0.25 -0.47 0.85 -0.12 -0.4 0.91 0.02 -0.46 0.89 0.15 -0.35 0.92 0.33 -0.15 0.93 0.44 -0.28 0.85 0.57 -0.13 0.81 0.65 -0.35 0.67 0.74 -0.37 0.57 0.83 -0.34 0.45 0.91 -0.27 0.32 0.88 -0.44 0.19 0.89 -0.45 0.05 0.89 -0.45 -0.09 0.91 -0.35 -0.23 0.89 -0.27 -0.38 0.78 -0.39 -0.48 0.72 -0.35 -0.6 0.63 -0.24 -0.74 0.52 -0.14 -0.84 0.42 -0.29 -0.86 0.24 -0.2 -0.95 0.12 -0.48 -0.87 -0.02 -0.46 -0.89 -0.15 -0.35 -0.92 -0.33 -0.15 -0.93 -0.44 -0.28 -0.85 -0.57 -0.13 -0.81 -0.65 -0.35 -0.67 -0.74 -0.37 -0.57 -0.83 -0.34 -0.45 -0.91 -0.27 -0.32 -0.88 -0.44 -0.19 -0.89 -0.45 -0.05 -0.89 -0.45 0.09 -0.91 -0.35 0.23 -0.89 -0.27 0.38 -0.78 -0.39 0.48 -0.72 -0.35 0.6 -0.63 -0.24 0.74 -0.52 -0.14 0.84 -0.42 -0.29 0.86 -0.24 -0.2 0.95 -0.12 -0.48 0.87 0.23 -0.91 -0.34 0.27 -0.92 -0.28 0.26 -0.94 -0.2 0.29 -0.94 -0.16 0.4 -0.91 -0.14 0.45 -0.89 -0.09 0.45 -0.89 0 0.45 -0.89 0.06 0.43 -0.9 0.1 0.5 -0.81 0.3 0.34 -0.93 0.14 0.27 -0.95 0.17 0.28 -0.93 0.24 0.28 -0.91 0.31 0.21 -0.91 0.35 0.15 -0.93 0.33 0.09 -0.95 0.3 0.05 -0.95 0.32 0.45 -0.89 -0.05 -0.45 -0.89 0.05 -0.37 0.56 0.74 -0.3 0.43 0.85 -0.56 0.38 0.73 -0.67 0 0.74 -0.74 0 0.67 -0.81 0 0.59 -0.91 0 0.41 -0.95 0 0.32 -0.99 0 0.13 -1 0 0.03 -0.98 0 -0.18 -0.96 0 -0.27 -0.93 0 -0.37 -0.76 0.23 -0.61 -0.67 0.12 -0.74 -0.66 0 -0.75 -0.84 0.22 -0.49 -0.47 0 -0.88 -0.39 0 -0.92 -0.17 -0.29 -0.94 0 -0.45 -0.89 0.12 -0.38 -0.92 -0.22 0 -0.98 0.25 0 -0.97 0.39 0 -0.92 0.47 0 -0.88 0.63 0 -0.78 0.76 0.23 -0.61 0.7 0.16 -0.7 0.88 0.16 -0.45 0.93 0 -0.37 0.96 0 -0.27 0.98 0 -0.18 1 0 0.03 0.99 0 0.13 0.95 0 0.32 0.91 0 0.41 0.81 0 0.59 0.74 0 0.67 0.6 0 0.8 0.53 0 0.85 0.35 0 0.94 -0.23 0 0.97 -0.05 0 1 0.26 0 0.97 0.05 0 1 -0.22 0 -0.97 -0.05 0 -1 0.05 0 -1 -0.47 0 -0.88 -0.3 0 -0.95 -0.71 0 -0.71 -0.55 0 -0.83 -0.87 0 -0.49 -0.77 0 -0.63 -0.97 0 -0.26 -0.91 0 -0.42 -1 0 0.02 -0.99 0 -0.17 -0.97 0 0.26 -0.99 0 0.12 -0.89 0 0.46 -0.79 0 0.62 -0.9 0 0.44 -0.97 0 0.26 -0.65 0 0.76 -0.79 0 0.62 -0.45 0 0.89 -0.59 0 0.81 -0.19 0 0.98 -0.36 0 0.93 0.09 0 1 -0.09 0 1 0.36 0 0.93 0.19 0 0.98 0.59 0 0.81 0.45 0 0.89 0.78 0 0.63 0.65 0 0.76 0.93 0 0.37 0.84 0 0.54 0.99 0 0.12 0.96 0 0.29 0.99 0 -0.17 1 0 0.02 0.91 0 -0.42 0.97 0 -0.26 0.77 0 -0.63 0.87 0 -0.49 0.57 0 -0.82 0.71 0 -0.71 0.37 0 -0.93 0.22 0 -0.98 0.39 0 -0.92 0.57 0 -0.82 0.22 0 -0.98 0 -1 0 0 -1 0 0 -1 0 0 -1 0 0 -1 0 0 -1 0 0 -1 0 0 -1 0 0 -1 0 0 -1 0 0 -1 0 0 -1 0 0 -1 0 0 -1 0 0 -1 0 0 -1 0 0 -1 0 0 -1 0 0 -1 0 0 -1 0 0 -1 0 0 -1 0 0 -1 0 0 -1 0 0 -1 0 0 -1 0 0 -1 0 0 -1 0 0 -1 0 0 -1 0 0 -1 0 0 -1 0 0 -1 0 0 -1 0 0 -1 0 0 -1 0 0 -1 0 0 -1 0 0 -1 0 0 -1 0 0 -1 0 0 -1 0 0 -1 0 0 -1 0 0 -1 0 0 -1 0 0 -1 0 0 -1 0 0 -1 0 0 -1 0 0 -1 0 0 -1 0 0 -1 0 0 -1 0 0 -1 0 0 -1 0 0 -1 0 0 -1 0 0 -1 0 0 -1 0 0 -1 0 0 -1 0 0 -1 0 0 -1 0 0 -1 0 0 -1 0 0 -1 0 0 -1 0 0 -1 0 0 -1 0 0 -1 0 0 -1 0 0 -1 0 0 -1 0 0 -1 0 0 -1 0 0 -1 0 0 -1 0 0 -1 0 0 -1 0 0 -1 0 0 -1 0 0 -1 0 0 -1 0 0 -1 0 0 -1 0 0 -1 0 0 -1 0 0 -1 0 0 -1 0 0 -1 0 0 -1 0 0 -1 0 0 -1 0 0 -1 0 0 -1 0 0 -1 0 0 1 0 0 1 0 0 1 0 0 1 0 0 1 0 0 1 0 0 1 0 0 1 0 0 1 0 0 1 0 0 1 0 0 1 0 0 1 0 0 1 0 0 1 0 0 1 0 0 1 0 0 1 0 0 1 0 0 1 0 0 1 0 0 1 0 0 1 0 0 1 0 0 1 0 0 1 0 0 1 0 0 1 0 0 1 0 0 1 0 0 1 0 0 1 0 0 1 0 0 1 0 0 1 0 0 1 0 0 1 0 0 1 0 0 1 0 0 1 0 0 1 0 0 1 0 0 1 0 0 1 0 0 1 0 0 1 0 0 1 0 0 1 0 0 1 0 0 1 0 0 1 0 0 1 0 0 1 0 0 1 0 0 1 0 0 1 0 0 1 0 0 1 0 0 1 0 0 1 0 0 1 0 0 1 0 0 1 0 0 1 0 0 1 0 0 1 0 0 1 0 0 1 0 0 1 0 0 1 0 0 1 0 0 1 0 0 1 0 0 1 0 0 1 0 0 1 0 0 1 0 0 1 0 0 1 0 0 1 0 0 1 0 0 1 0 0 1 0 0 1 0 0 1 0 0 1 0 0 1 0 0 1 0 0 1 0 0 1 0 0 1 0 0 1 0 0 1 0 0 1 0 0 1 0 0 1 0 0 1 0 -0.27 0.05 0.96 -0.16 0.04 0.99 0 0.06 1 -0.42 0 0.91 -0.48 0 0.88 -0.58 -0.03 0.82 -0.64 0.07 0.76 -0.67 0.06 0.74 -0.77 0.07 0.63 -0.78 0 0.62 -0.87 0.05 0.5 -0.93 0.06 0.36 -0.93 0 0.36 -0.97 0.05 0.23 -1 0.06 0.08 -1 0 0.08 -1 0.04 -0.08 -0.97 0.04 -0.23 -0.97 0 -0.23 -0.93 0.03 -0.36 -0.92 0.03 -0.38 -0.29 0 0.96 -0.87 -0.01 -0.49 -0.79 0.02 -0.61 -0.77 0.01 -0.63 -0.67 0.02 -0.75 -0.67 0 -0.75 -0.55 0.01 -0.83 -0.44 0.02 -0.9 -0.45 0 -0.89 -0.29 0.03 -0.96 -0.15 0.05 -0.99 -0.16 0 -0.99 0 0.04 -1 0.15 0.05 -0.99 0.16 0 -0.99 0.29 0.03 -0.96 0.44 0.02 -0.9 0.45 0 -0.89 0.55 0.01 -0.83 0.67 0.02 -0.75 0.67 0 -0.75 0.77 0.01 -0.63 0.79 0.02 -0.61 0.87 -0.01 -0.49 0.92 0.03 -0.38 0.93 0.03 -0.36 0.97 0.04 -0.23 0.97 0 -0.23 1 0.04 -0.08 1 0.06 0.08 1 0 0.08 0.97 0.05 0.23 0.93 0.06 0.36 0.93 0 0.36 0.87 0.05 0.5 0.77 0.07 0.63 0.78 0 0.62 0.67 0.06 0.74 0.56 0.08 0.83 0.55 0 0.83 0.45 0.06 0.89 0.3 0.07 0.95 0.29 0 0.96 0.16 0.04 0.99 0 0 1 -0.89 0 0.45 -0.45 0 0.89 -0.98 0 0.2 -0.2 0 0.98 -1 0 0 -1 0 0 -0.98 0 -0.2 -0.89 0 -0.45 -0.45 0 -0.89 -0.2 0 -0.98 0 0 -1 0 0 -1 0.2 0 -0.98 0.45 0 -0.89 0.89 0 -0.45 0.98 0 -0.2 1 0 0 1 0 0 0.98 0 0.2 0.89 0 0.45 0.45 0 0.89 0.2 0 0.98 0 0 1 0 0 1 0 0 1 -0.2 0 0.98 0 0 1 -0.45 0 0.89 -0.89 0 0.45 -0.98 0 0.2 -1 0 0 -1 0 0 -0.98 0 -0.2 -0.89 0 -0.45 -0.45 0 -0.89 -0.2 0 -0.98 0 0 -1 0 0 -1 0.2 0 -0.98 0.45 0 -0.89 0.89 0 -0.45 0.98 0 -0.2 1 0 0 1 0 0 0.98 0 0.2 0.89 0 0.45 0.45 0 0.89 0.2 0 0.98 0 0 1 -0.2 0 0.98 0 0 1 -0.45 0 0.89 -0.89 0 0.45 -0.98 0 0.2 -1 0 0 -1 0 0 -0.98 0 -0.2 -0.89 0 -0.45 -0.45 0 -0.89 -0.2 0 -0.98 0 0 -1 0 0 -1 0.2 0 -0.98 0.45 0 -0.89 0.89 0 -0.45 0.98 0 -0.2 1 0 0 1 0 0 0.98 0 0.2 0.89 0 0.45 0.45 0 0.89 0.2 0 0.98 0 0 1 -0.2 0 0.98 0 0 1 -0.45 0 0.89 -0.89 0 0.45 -0.98 0 0.2 -1 0 0 -1 0 0 -0.98 0 -0.2 -0.89 0 -0.45 -0.45 0 -0.89 -0.2 0 -0.98 0 0 -1 0 0 -1 0.2 0 -0.98 0.45 0 -0.89 0.89 0 -0.45 0.98 0 -0.2 1 0 0 1 0 0 0.98 0 0.2 0.89 0 0.45 0.45 0 0.89 0.2 0 0.98 -0.8 0 0.6 -0.6 0 0.8 -0.86 0 0.51 -0.99 0 0.16 -0.99 0 -0.16 -0.89 0 -0.45 -0.89 0 -0.45 -0.71 0 -0.71 -0.37 0 -0.93 0 0 -1 0 0 -1 0.32 0 -0.95 0.55 0 -0.83 0.83 0 -0.55 0.95 0 -0.32 1 0 0 1 0 0 0.93 0 0.37 0.71 0 0.71 0.45 0 0.89 0.45 0 0.89 0.16 0 0.99 -0.16 0 0.99 -0.51 0 0.86 0 0 1 -0.37 0 0.93 0 0 1 -0.71 0 0.71 -0.89 0 0.45 -0.89 0 0.45 -0.99 0 0.16 -0.99 0 -0.16 -0.86 0 -0.51 -0.8 0 -0.6 -0.6 0 -0.8 -0.51 0 -0.86 -0.16 0 -0.99 0.16 0 -0.99 0.45 0 -0.89 0.45 0 -0.89 0.71 0 -0.71 0.93 0 -0.37 1 0 0 1 0 0 0.95 0 0.32 0.83 0 0.55 0.55 0 0.83 0.32 0 0.95 0.16 0 0.99 0.45 0 0.89 -0.16 0 0.99 -0.45 0 0.89 -0.45 0 0.89 -0.71 0 0.71 -0.93 0 0.37 -1 0 0 -1 0 0 -0.95 0 -0.32 -0.83 0 -0.55 -0.55 0 -0.83 -0.32 0 -0.95 0 0 -1 0 0 -1 0.32 0 -0.95 0.55 0 -0.83 0.83 0 -0.55 0.95 0 -0.32 1 0 0 1 0 0 0.93 0 0.37 0.71 0 0.71 0.45 0 0.89 -0.83 0 0.55 -0.55 0 0.83 -0.95 0 0.32 -0.32 0 0.95 0 0 1 -0.93 0 -0.37 -1 0 0 -0.71 0 -0.71 -0.45 0 -0.89 -0.45 0 -0.89 -0.16 0 -0.99 0.16 0 -0.99 0.51 0 -0.86 0.6 0 -0.8 0.8 0 -0.6 0.86 0 -0.51 0.99 0 -0.16 0.99 0 0.16 0.89 0 0.45 0.89 0 0.45 0.71 0 0.71 0.37 0 0.93 0 0 1 -1 0 0 -0.16 0 0.99 -0.45 0 0.89 0.16 0 0.99 -0.45 0 0.89 -0.71 0 0.71 -0.93 0 0.37 -1 0 0 -1 0 0 -0.95 0 -0.32 -0.83 0 -0.55 -0.55 0 -0.83 -0.32 0 -0.95 0 0 -1 0 0 -1 0.37 0 -0.93 0.71 0 -0.71 0.89 0 -0.45 0.89 0 -0.45 0.99 0 -0.16 0.99 0 0.16 0.86 0 0.51 0.8 0 0.6 0.6 0 0.8 0.51 0 0.86 0 0 1 -0.32 0 0.95 0 0 1 -0.55 0 0.83 -0.83 0 0.55 -0.95 0 0.32 -1 0 0 -1 0 0 -0.93 0 -0.37 -0.71 0 -0.71 -0.45 0 -0.89 -0.45 0 -0.89 -0.16 0 -0.99 0.16 0 -0.99 0.45 0 -0.89 0.45 0 -0.89 0.71 0 -0.71 0.93 0 -0.37 1 0 0 1 0 0 0.95 0 0.32 0.83 0 0.55 0.55 0 0.83 0.32 0 0.95 0.92 0 -0.39 0.99 0 -0.16 1 0 -0.03 0.72 0 -0.7 0.87 0 -0.5 0.42 0 -0.91 0.62 0 -0.78 0.07 0 -1 0.31 0 -0.95 -0.07 0 -1 0.98 0 0.22 0.83 0 0.55 0.95 0 0.33 0.55 0 0.83 0.74 0 0.67 0.25 0 0.97 0.03 0 1 -0.03 0 1 -0.47 0 0.88 -0.33 0 0.94 -0.25 0 0.97 -0.74 0 0.67 -0.55 0 0.83 -0.95 0 0.33 -0.83 0 0.55 -1 0 -0.03 -0.98 0 0.22 -0.92 0 -0.39 -0.99 0 -0.16 -0.72 0 -0.7 -0.87 0 -0.5 -0.42 0 -0.91 -0.62 0 -0.78 -0.31 0 -0.95 0.47 0 0.88 0.33 0 0.94 0 -1 0 0 -1 0 0 -1 0 0 -1 0 0 -1 0 0 -1 0 0 -1 0 0 -1 0 0 -1 0 0 -1 0 0 -1 0 0 -1 0 0 -1 0 0 -1 0 0 -1 0 0 -1 0 0 -1 0 0 -1 0 0 -1 0 0 -1 0 0 -1 0 0 -1 0 0 -1 0 0 -1 0 0 -1 0 0 -1 0 0 -1 0 0 -1 0 0 -1 0 0 -1 0 0 -1 0 0 -1 0 0 -1 0 0 -1 0 0 -1 0 0 -1 0 0 -1 0 0 -1 0 0 -1 0 0 -1 0 0 -1 0 0 -1 0 0 -1 0 0 -1 0 0 -1 0 0 -1 0 0 -1 0 0 -1 0 0 -1 0 0 -1 0 0 -1 0 0 -1 0 0 -1 0 0 -1 0 0 -1 0 0 -1 0 0 -1 0 0 -1 0 0 -1 0 0 -1 0 0 -1 0 0 -1 0 0 -1 0 0 -1 0 0 -1 0 0 -1 0 0 -1 0 0 -1 0 0 -1 0 0 -1 0 0 -1 0 0 -1 0 0 -1 0 0 -1 0 0 -1 0 0 -1 0 0 -1 0 0 -1 0 0 -1 0 0 -1 0 0 -1 0 0 -1 0 0 -1 0 0 -1 0 0 -1 0 0 -1 0 0 -1 0 0 -1 0 0 -1 0 0 -1 0 0 -1 0 0 -1 0 0 -1 0 0 -1 0 0 -1 0 0 -1 0 0 -1 0 0 -1 0 0 -1 0 0 -1 0 0 -1 0 0 -1 0 0 -1 0 0 -1 0 0 -1 0 0 -1 0 0 -1 0 0 -1 0 0 -1 0 0 -1 0 0 -1 0 0 -1 0 0 -1 0 0 -1 0 0 -1 0 0 -1 0 0 -1 0 0 -1 0 0 -1 0 0 -1 0 0 -1 0 0 -1 0 0 -1 0 0 -1 0 0 -1 0 0 -1 0 0 -1 0 0 -1 0 0 1 0 0 1 0 0 1 0 0 1 0 0 1 0 0 1 0 0 1 0 0 1 0 0 1 0 0 1 0 0 1 0 0 1 0 0 1 0 0 1 0 0 1 0 0 1 0 0 1 0 0 1 0 0 1 0 0 1 0 0 1 0 0 1 0 0 1 0 0 1 0 0 1 0 0 1 0 0 1 0 0 1 0 0 1 0 0 1 0 0 1 0 0 1 0 0 1 0 0 1 0 0 1 0 0 1 0 0 1 0 0 1 0 0 1 0 0 1 0 0 1 0 0 1 0 0 1 0 0 1 0 0 1 0 0 1 0 0 1 0 0 1 0 0 1 0 0 1 0 0 1 0 0 1 0 0 1 0 0 1 0 0 1 0 0 1 0 0 1 0 0 1 0 0 1 0 0 1 0 0 1 0 0 1 0 0 1 0 0 1 0 0 1 0 0 1 0 0 1 0 0 1 0 0 1 0 0 1 0 0 1 0 0 1 0 0 1 0 0 1 0 0 1 0 0 1 0 0 1 0 0 1 0 0 1 0 0 1 0 0 1 0 0 1 0 0 1 0 0 1 0 0 1 0 0 1 0 0 1 0 0 1 0 0 1 0 0 1 0 0 1 0 0 1 0 0 1 0 0 1 0 0 1 0 0 1 0 0 1 0 0 1 0 0 1 0 0 1 0 0 1 0 0 1 0 0 1 0 0 1 0 0 1 0 0 1 0 0 1 0 0 1 0 0 1 0 0 1 0 0 1 0 0 1 0 0 1 0 0 1 0 0 1 0 0 1 0 0 1 0 0 1 0 0 1 0 0 1 0 0 1 0 0 1 0 -0.45 0 0.89 -0.11 0 0.99 -0.58 0 0.81 -0.81 0 0.58 -0.89 0 0.45 -0.99 0 0.11 -0.99 0 -0.11 -0.89 0 -0.45 -0.81 0 -0.58 -0.58 0 -0.81 -0.45 0 -0.89 -0.11 0 -0.99 0.11 0 -0.99 0.45 0 -0.89 0.58 0 -0.81 0.81 0 -0.58 0.89 0 -0.45 0.89 0 0.45 0.99 0 0.11 0.81 0 0.58 0.58 0 0.81 0.45 0 0.89 0.99 0 -0.11 0.11 0 0.99 0 1 0 0 1 0 0 1 0 0 1 0 0 1 0 0 1 0 0 1 0 0 1 0 0 1 0 0 1 0 0 1 0 0 1 0 0 1 0 0 1 0 0 1 0 0 1 0 0 1 0 0 1 0 0 1 0 0 1 0 0 1 0 0 1 0 0 1 0 0 1 0 0 1 0 -1 0 0.05 -0.96 0 -0.29 -0.97 0 0.23 -0.86 0 0.52 -0.77 0 0.64 -0.4 0 0.92 -0.09 0 1 -0.54 0 0.84 -0.9 0 -0.44 -0.73 0 -0.68 -0.61 0 -0.79 -0.32 0 -0.95 -0.15 0 -0.99 0.15 0 -0.99 0.32 0 -0.95 0.61 0 -0.79 0.73 0 -0.68 0.9 0 -0.44 0.96 0 -0.29 1 0 0.05 0.97 0 0.23 0.86 0 0.52 0.77 0 0.64 0.54 0 0.84 0.4 0 0.92 0.09 0 1 0.24 0.89 0.38 0.4 0.86 0.32 0.18 0.88 0.45 0.55 0.78 0.31 0.65 0.74 0.15 0.69 0.72 0.03 0.61 0.77 -0.18 0.05 0.81 0.58 -0.04 0.82 0.58 0.54 0.8 -0.26 0.42 0.82 -0.4 0.38 0.78 -0.5 0.21 0.74 -0.64 0.11 0.7 -0.7 -0.11 0.7 -0.7 -0.21 0.74 -0.64 -0.38 0.78 -0.5 -0.41 0.82 -0.4 -0.54 0.8 -0.26 -0.61 0.77 -0.18 -0.69 0.72 0.03 -0.65 0.74 0.15 -0.54 0.78 0.32 -0.41 0.85 0.32 -0.25 0.89 0.37 -0.19 0.88 0.44 0.69 -0.64 0.34 0.53 -0.84 0.13 0.45 -0.83 0.34 0.37 -0.82 0.43 0.31 -0.8 0.51 0.4 -0.65 0.65 0.25 -0.77 0.59 0.19 -0.79 0.58 0.05 -0.83 0.56 -0.14 -0.83 0.54 -0.02 -0.86 0.51 0 -0.86 0.51 -0.06 -0.71 0.71 -0.03 -0.86 -0.51 -0.18 -0.79 -0.58 -0.29 -0.74 -0.61 0.4 -0.87 0.29 -0.35 -0.79 0.51 -0.38 -0.87 0.33 -0.37 -0.9 0.23 -0.42 -0.9 0.15 -0.44 -0.89 0.1 -0.45 -0.89 -0.01 -0.49 -0.87 -0.08 -0.5 -0.84 -0.21 -0.51 -0.81 -0.29 -0.41 -0.82 -0.4 -0.4 -0.77 -0.49 0.03 -0.86 -0.51 0.55 -0.81 0.2 0.45 -0.89 -0.01 0.45 -0.89 0.07 0.5 -0.84 -0.21 0.49 -0.87 -0.08 0.42 -0.82 -0.4 0.51 -0.81 -0.3 0.28 -0.74 -0.61 0.4 -0.77 -0.49 0.18 -0.79 -0.59 -0.32 -0.73 0.6 -0.25 -0.77 0.59 -0.24 0.69 0.69 -0.37 0.66 0.66 -0.35 0.78 0.51 -0.38 0.86 0.33 -0.36 0.9 0.24 -0.42 0.9 0.15 -0.45 0.89 0.1 -0.45 0.89 -0.01 -0.49 0.87 -0.08 -0.51 0.84 -0.19 -0.6 0.73 -0.33 -0.45 0.71 -0.55 -0.57 0.71 -0.42 -0.34 0.81 -0.47 -0.28 0.74 -0.61 -0.18 0.79 -0.59 -0.03 0.86 -0.51 0.03 0.86 -0.51 0.18 0.79 -0.58 0.29 0.74 -0.61 0.4 0.77 -0.49 0.41 0.82 -0.4 0.51 0.81 -0.29 0.5 0.84 -0.21 0.49 0.87 -0.08 0.45 0.89 -0.01 0.44 0.89 0.1 0.42 0.9 0.15 0.37 0.9 0.23 0.38 0.87 0.33 0.35 0.78 0.51 0.36 0.66 0.66 0.23 0.69 0.69 0.14 0.77 0.62 0.02 0.86 0.51 0 0.86 0.51 -0.14 0.77 0.62 -0.86 0 0.51 -0.99 0 0.16 -0.8 0 0.6 -0.16 0 0.99 -0.51 0 0.86 0.16 0 0.99 -0.99 0 -0.16 -0.89 0 -0.45 -0.89 0 -0.45 -0.71 0 -0.71 -0.37 0 -0.93 0 0 -1 0 0 -1 0.32 0 -0.95 0.55 0 -0.83 0.83 0 -0.55 0.95 0 -0.32 1 0 0 1 0 0 0.93 0 0.37 0.71 0 0.71 0.45 0 0.89 0.45 0 0.89 -0.6 0 0.8 -0.89 0 0.45 -0.71 0 0.71 -0.89 0 0.45 -0.37 0 0.93 -0.99 0 0.16 -0.99 0 -0.16 -0.86 0 -0.51 -0.8 0 -0.6 -0.6 0 -0.8 -0.51 0 -0.86 -0.16 0 -0.99 0.16 0 -0.99 0.45 0 -0.89 0.45 0 -0.89 0.71 0 -0.71 0.93 0 -0.37 1 0 0 1 0 0 0.95 0 0.32 0.83 0 0.55 0.55 0 0.83 0.32 0 0.95 0 0 1 0 0 1 -0.45 0 0.89 -0.71 0 0.71 -0.45 0 0.89 -0.93 0 0.37 -1 0 0 -1 0 0 -0.95 0 -0.32 -0.83 0 -0.55 -0.55 0 -0.83 -0.32 0 -0.95 0 0 -1 0 0 -1 0.32 0 -0.95 0.55 0 -0.83 0.83 0 -0.55 0.95 0 -0.32 1 0 0 1 0 0 0.93 0 0.37 0.71 0 0.71 0.16 0 0.99 0.45 0 0.89 -0.16 0 0.99 0.45 0 0.89 -0.95 0 0.32 -1 0 0 -0.83 0 0.55 -0.55 0 0.83 -1 0 0 -0.93 0 -0.37 -0.71 0 -0.71 -0.45 0 -0.89 -0.45 0 -0.89 -0.16 0 -0.99 0.16 0 -0.99 0.51 0 -0.86 0.6 0 -0.8 0.8 0 -0.6 0.86 0 -0.51 0.99 0 -0.16 0.99 0 0.16 0.89 0 0.45 0.89 0 0.45 0.71 0 0.71 0.37 0 0.93 0 0 1 0 0 1 -0.32 0 0.95 -0.16 0 0.99 -0.45 0 0.89 0.16 0 0.99 -1 0 0 -0.93 0 0.37 -1 0 0 -0.95 0 -0.32 -0.83 0 -0.55 -0.55 0 -0.83 -0.32 0 -0.95 0 0 -1 0 0 -1 0.37 0 -0.93 0.71 0 -0.71 0.89 0 -0.45 0.89 0 -0.45 0.99 0 -0.16 0.99 0 0.16 0.86 0 0.51 0.8 0 0.6 0.6 0 0.8 0.51 0 0.86 -0.71 0 0.71 -0.45 0 0.89 -0.32 0 0.95 0 0 1 -0.55 0 0.83 -1 0 0 -0.95 0 0.32 -1 0 0 -0.93 0 -0.37 -0.71 0 -0.71 -0.45 0 -0.89 -0.45 0 -0.89 -0.16 0 -0.99 0.16 0 -0.99 0.45 0 -0.89 0.45 0 -0.89 0.71 0 -0.71 0.93 0 -0.37 1 0 0 1 0 0 0.95 0 0.32 0.83 0 0.55 0.55 0 0.83 0.32 0 0.95 0 0 1 -0.83 0 0.55 0 -1 0 0 -1 0 0 -1 0 0 -1 0 0 -1 0 0 -1 0 0 -1 0 0 -1 0 0 -1 0 0 -1 0 0 -1 0 0 -1 0 0 -1 0 0 -1 0 0 -1 0 0 -1 0 0 -1 0 0 -1 0 0 -1 0 0 -1 0 0 -1 0 0 -1 0 0 -1 0 0 -1 0 0 -1 0 0 -1 0 0 -1 0 0 -1 0 0 -1 0 0 -1 0 0 -1 0 0 -1 0 0 -1 0 0 -1 0 0 -1 0 0 -1 0 0 -1 0 0 -1 0 0 -1 0 0 -1 0 0 -1 0 0 -1 0 0 -1 0 0 -1 0 0 -1 0 0 -1 0 0 -1 0 0 -1 0 0 -1 0 0 -1 0 0 -1 0 0 -1 0 0 -1 0 0 -1 0 0 -1 0 0 -1 0 0 -1 0 0 -1 0 0 -1 0 0 -1 0 0 -1 0 0 -1 0 0 -1 0 0 -1 0 0 -1 0 0 -1 0 0 -1 0 0 -1 0 0 -1 0 0 -1 0 0 -1 0 0 -1 0 0 -1 0 0 -1 0 0 -1 0 0 -1 0 0 -1 0 0 -1 0 0 -1 0 0 -1 0 0 -1 0 0 -1 0 0 -1 0 0 -1 0 0 -1 0 0 -1 0 0 -1 0 0 -1 0 0 -1 0 0 -1 0 0 -1 0 0 -1 0 0 -1 0 0 -1 0 0 -1 0 0 -1 0 0 -1 0 0 -1 0 0 -1 0 0 -1 0 0 -1 0 0 -1 0 0 -1 0 0 -1 0 0 -1 0 0 -1 0 0 -1 0 0 -1 0 0 1 0 0 1 0 0 1 0 0 1 0 0 1 0 0 1 0 0 1 0 0 1 0 0 1 0 0 1 0 0 1 0 0 1 0 0 1 0 0 1 0 0 1 0 0 1 0 0 1 0 0 1 0 0 1 0 0 1 0 0 1 0 0 1 0 0 1 0 0 1 0 0 1 0 0 1 0 0 1 0 0 1 0 0 1 0 0 1 0 0 1 0 0 1 0 0 1 0 0 1 0 0 1 0 0 1 0 0 1 0 0 1 0 0 1 0 0 1 0 0 1 0 0 1 0 0 1 0 0 1 0 0 1 0 0 1 0 0 1 0 0 1 0 0 1 0 0 1 0 0 1 0 0 1 0 0 1 0 0 1 0 0 1 0 0 1 0 0 1 0 0 1 0 0 1 0 0 1 0 0 1 0 0 1 0 0 1 0 0 1 0 0 1 0 0 1 0 0 1 0 0 1 0 0 1 0 0 1 0 0 1 0 0 1 0 0 1 0 0 1 0 0 1 0 0 1 0 0 1 0 0 1 0 0 1 0 0 1 0 0 1 0 0 1 0 0 1 0 0 1 0 0 1 0 0 1 0 0 1 0 0 1 0 0 1 0 0 1 0 0 1 0 0 1 0 0 1 0 0 1 0 0 1 0 0 1 0 0 1 0 0 1 0 0 1 0 0 1 0 0 1 0 0 1 0 0 1 0 0 1 0 0 1 0 0 1 0 0 1 0 0 1 0 0 1 0 0 1 0 0 1 0 0 1 0 0 1 0 0 1 0 0 1 0 0 1 0 0 1 0 0 1 0 0 1 0 0 1 0 0 1 0 0 1 0 0 1 0 0 1 0 0 1 0 0 1 0 0 1 0 0 1 0 0 1 0 0 1 0 0 1 0 0 1 0 0 1 0 0 1 0 0 1 0 0 1 0 0 1 0 0 1 0 0 1 0 0 1 0 0 1 0 0 1 0 0 1 0 0 1 0 0 1 0 0 1 0 0 1 0 0 1 0 0 1 0 0 1 0 0 1 0 0 1 0 0 1 0 0 1 0 0 1 0 0 1 0 0 1 0 0 1 0 0 1 0 0 1 0 0 1 0 0 1 0 0 1 0 0 1 0 0 1 0 0 1 0 0 1 0 0 1 0 0 1 0 0 1 0 0 1 0 0 1 0 0 1 0 0 1 0 0 1 0 0 1 0 0 1 0 0 1 0 0 1 0 0 1 0 0 1 0 0 1 0 0 1 0 0 1 0 0 1 0 0 1 0 0 1 0 0 1 0 0 1 0 0 1 0 0 1 0 0 1 0 0 1 0 0 1 0 0 1 0 0 1 0 0 1 0 0.91 0 -0.41 1 0 -0.09 0.83 0 -0.55 0.55 0 -0.83 0.41 0 -0.91 0.09 0 -1 -0.09 0 -1 -0.41 0 -0.91 -0.55 0 -0.83 -0.83 0 -0.55 -0.91 0 -0.41 -1 0 -0.09 -1 0 0.09 -0.91 0 0.41 -0.83 0 0.55 -0.55 0 0.83 -0.41 0 0.91 -0.09 0 1 0.09 0 1 0.41 0 0.91 0.55 0 0.83 0.83 0 0.55 0.91 0 0.41 1 0 0.09 0 -1 0 0 -1 0 0 -1 0 0 -1 0 0 -1 0 0 -1 0 0 -1 0 0 -1 0 0 -1 0 0 -1 0 0 -1 0 0 -1 0 0 -1 0 0 -1 0 0 -1 0 0 -1 0 0 -1 0 0 -1 0 0 -1 0 0 -1 0 0 -1 0 0 -1 0 0 -1 0 0 -1 0 0 -1 0 0 -1 0 0 -1 0 0 -1 0 0 -1 0 0 -1 0 0 -1 0 0 -1 0 0 -1 0 0 -1 0 0 -1 0 0 -1 0 0 -1 0 0 -1 0 0 -1 0 0 -1 0 0 -1 0 0 -1 0 0 -1 0 0 -1 0 0 -1 0 0 -1 0 0 -1 0 0 -1 0 0 -1 0 0 -1 0 0 -1 0 0 -1 0 0 -1 0 0 -1 0 0 -1 0 0 -1 0 0 -1 0 0 -1 0 0 -1 0 0 -1 0 0 -1 0 0 -1 0 0 -1 0 0 -1 0 0 -1 0 0 -1 0 0 -1 0 0 -1 0 0 -1 0 0 -1 0 0 -1 0 0 -1 0 0 -1 0 0 -1 0 0 -1 0 0 -1 0 0 -1 0 0 -1 0 0 -1 0 0 -1 0 0 -1 0 0 -1 0 0 -1 0 0 -1 0 0 -1 0 0 -1 0 0 -1 0 0 -1 0 0 -1 0 0 -1 0 0 -1 0 0 -1 0 0 -1 0 0 -1 0 0 -1 0 0 -1 0 0 -1 0 0 -1 0 0 -1 0 0 -1 0 0 -1 0 0 -1 0 0 -1 0 0 -1 0 0 -1 0 0 -1 0 0 -1 0 0 -1 0 0 -1 0 0 -1 0 0 -1 0 0 -1 0 0 -1 0 0 -1 0 0 -1 0 0 -1 0 0 -1 0 0 -1 0 0 -1 0 0 -1 0 0 -1 0 1 0 -0.07 0.94 0 -0.33 1 0 0.07 0.89 0 -0.45 0.75 0 -0.66 0.66 0 -0.75 0.45 0 -0.89 0.33 0 -0.94 0.07 0 -1 -0.07 0 -1 -0.33 0 -0.94 -0.45 0 -0.89 -0.66 0 -0.75 -0.75 0 -0.66 -0.89 0 -0.45 -0.94 0 -0.33 -1 0 -0.07 -1 0 0.07 -0.94 0 0.33 -0.89 0 0.45 -0.75 0 0.66 -0.66 0 0.75 -0.45 0 0.89 -0.33 0 0.94 -0.07 0 1 0.07 0 1 0.33 0 0.94 0.45 0 0.89 0.7 0.02 0.71 0.69 0 0.72 0.92 0.04 0.4 0.82 0.04 0.57 0.98 0 0.22 -0.12 0 0.99 -0.45 0 0.89 0.14 0 0.99 -0.58 0 0.81 -0.83 0 0.55 -0.95 0 0.32 -1 0 0 -1 0 0 -0.97 0 -0.24 -0.87 0 -0.5 -0.5 0 -0.87 -0.24 0 -0.97 0 0 -1 0 0 -1 0.32 0 -0.95 0.55 0 -0.83 0.81 0 -0.58 0.89 0 -0.45 0.99 0 -0.12 0.99 0 0.14 0.83 0 0.55 0.77 0 0.64 0.64 0 0.77 0.55 0 0.83 0.56 0.68 0.47 0.39 0.68 0.62 0.69 0.63 0.35 0.8 0.59 0.09 0.82 0.57 -0.07 0.74 0.58 -0.33 0.68 0.63 -0.38 0.49 0.65 -0.58 0.32 0.7 -0.64 0.08 0.68 -0.73 0 0.67 -0.74 -0.24 0.64 -0.73 -0.45 0.59 -0.67 -0.68 0.6 -0.43 -0.71 0.64 -0.28 -0.74 0.66 -0.08 -0.73 0.68 0 -0.68 0.68 0.26 -0.6 0.65 0.45 -0.41 0.63 0.66 -0.3 0.58 0.76 -0.09 0.57 0.81 0.08 0.59 0.8 0.35 0.63 0.69 0 0 1 -0.24 0 0.97 0 0 1 -0.5 0 0.87 -0.87 0 0.5 -0.97 0 0.24 -1 0 0 -1 0 0 -0.95 0 -0.32 -0.83 0 -0.55 -0.58 0 -0.81 -0.45 0 -0.89 -0.12 0 -0.99 0.14 0 -0.99 0.55 0 -0.83 0.64 0 -0.77 0.77 0 -0.64 0.83 0 -0.55 0.99 0 -0.14 0.99 0 0.12 0.89 0 0.45 0.81 0 0.58 0.55 0 0.83 0.32 0 0.95 0.26 0.68 0.68 0 0.68 0.73 0.45 0.65 0.6 0.66 0.63 0.41 0.76 0.58 0.3 0.81 0.57 0.09 0.8 0.59 -0.08 0.69 0.63 -0.35 0.62 0.68 -0.39 0.47 0.68 -0.56 0.35 0.63 -0.69 0.09 0.59 -0.8 -0.07 0.57 -0.82 -0.33 0.58 -0.74 -0.38 0.63 -0.68 -0.58 0.65 -0.49 -0.64 0.7 -0.32 -0.73 0.68 -0.08 -0.74 0.67 0 -0.73 0.64 0.24 -0.67 0.59 0.45 -0.43 0.6 0.68 -0.28 0.64 0.71 -0.08 0.66 0.74 0 0 1 -0.32 0 0.95 0 0 1 -0.55 0 0.83 -0.81 0 0.58 -0.89 0 0.45 -0.99 0 0.12 -0.99 0 -0.14 -0.83 0 -0.55 -0.77 0 -0.64 -0.64 0 -0.77 -0.55 0 -0.83 -0.14 0 -0.99 0.12 0 -0.99 0.45 0 -0.89 0.58 0 -0.81 0.83 0 -0.55 0.95 0 -0.32 1 0 0 1 0 0 0.97 0 0.24 0.87 0 0.5 0.5 0 0.87 0.24 0 0.97 0 0.67 0.74 0.24 0.64 0.73 -0.08 0.68 0.73 0.45 0.59 0.67 0.68 0.6 0.43 0.71 0.64 0.28 0.74 0.66 0.08 0.73 0.68 0 0.68 0.68 -0.26 0.6 0.65 -0.45 0.41 0.63 -0.66 0.3 0.58 -0.76 0.09 0.57 -0.81 -0.08 0.59 -0.8 -0.35 0.63 -0.69 -0.39 0.68 -0.62 -0.56 0.68 -0.47 -0.69 0.63 -0.35 -0.8 0.59 -0.09 -0.82 0.57 0.07 -0.74 0.58 0.33 -0.68 0.63 0.38 -0.49 0.65 0.58 -0.32 0.7 0.64 -0.14 0 0.99 -0.55 0 0.83 0.12 0 0.99 -0.64 0 0.77 -0.77 0 0.64 -0.83 0 0.55 -0.99 0 0.14 -0.99 0 -0.12 -0.89 0 -0.45 -0.81 0 -0.58 -0.55 0 -0.83 -0.32 0 -0.95 0 0 -1 0 0 -1 0.24 0 -0.97 0.5 0 -0.87 0.87 0 -0.5 0.97 0 -0.24 1 0 0 1 0 0 0.95 0 0.32 0.83 0 0.55 0.58 0 0.81 0.45 0 0.89 0.07 0.57 0.82 0.33 0.58 0.74 -0.09 0.59 0.8 0.38 0.63 0.68 0.58 0.65 0.49 0.64 0.7 0.32 0.73 0.68 0.08 0.74 0.67 0 0.73 0.64 -0.24 0.67 0.59 -0.45 0.43 0.6 -0.68 0.28 0.64 -0.71 0.08 0.66 -0.74 0 0.68 -0.73 -0.26 0.68 -0.68 -0.45 0.65 -0.6 -0.66 0.63 -0.41 -0.76 0.58 -0.3 -0.81 0.57 -0.09 -0.8 0.59 0.08 -0.69 0.63 0.35 -0.62 0.68 0.39 -0.47 0.68 0.56 -0.35 0.63 0.69 -0.12 0.75 0.65 -0.02 0.72 0.7 0.02 0.72 0.7 -0.16 0.74 0.65 -0.27 0.71 0.65 -0.33 0.73 0.6 -0.4 0.77 0.49 -0.53 0.74 0.42 -0.45 0.77 0.45 -0.74 0.61 0.29 -0.74 0.65 0.15 -0.72 0.56 0.4 -0.57 0.78 0.26 -0.7 0.72 -0.02 -0.65 0.75 0.11 -0.64 0.75 -0.18 -0.68 0.73 -0.09 -0.71 0.58 -0.4 -0.7 0.4 -0.59 -0.69 0.67 -0.28 -0.58 0.22 -0.79 -0.6 0.6 -0.52 -0.3 0.62 -0.72 -0.47 0.41 -0.79 -0.15 0.32 -0.93 -0.25 0.53 -0.81 0.04 0.52 -0.85 0.16 0.76 -0.63 0.09 0.7 -0.7 0.37 0.55 -0.75 0.26 0.64 -0.72 0.56 0.57 -0.6 0.64 0.54 -0.54 0.54 0.35 -0.76 0.71 0.58 -0.4 0.6 0.6 -0.54 0.69 0.68 -0.25 0.68 0.73 -0.09 0.6 0.78 -0.18 0.65 0.75 0.11 0.7 0.72 -0.02 0.61 0.76 0.23 0.63 0.76 0.17 0.57 0.74 0.37 0.46 0.77 0.45 0.62 0.62 0.48 0.32 0.73 0.6 0.41 0.77 0.48 0.17 0.74 0.65 0.27 0.71 0.65 0.12 0.75 0.65 0.24 -0.85 -0.48 0.11 -0.94 -0.31 0.17 -0.87 -0.46 0.06 -0.95 -0.31 0.09 -0.82 -0.56 0.01 -0.95 -0.32 0.01 -0.8 -0.6 -0.05 -0.95 -0.32 -0.09 -0.8 -0.59 -0.09 -0.95 -0.3 -0.16 -0.84 -0.52 -0.15 -0.93 -0.33 -0.25 -0.83 -0.5 -0.21 -0.91 -0.35 -0.3 -0.83 -0.47 -0.28 -0.91 -0.31 -0.37 -0.83 -0.42 -0.28 -0.93 -0.24 -0.43 -0.83 -0.36 -0.27 -0.95 -0.17 -0.5 -0.81 -0.3 -0.34 -0.93 -0.14 -0.58 -0.78 -0.22 -0.43 -0.9 -0.1 -0.58 -0.8 -0.13 -0.45 -0.89 -0.06 -0.61 -0.79 -0.06 -0.45 -0.89 0 -0.59 -0.81 0.04 -0.45 -0.89 0.09 -0.58 -0.81 0.12 -0.4 -0.91 0.14 -0.52 -0.83 0.18 -0.29 -0.94 0.16 -0.49 -0.83 0.28 -0.26 -0.94 0.2 -0.47 -0.8 0.38 -0.27 -0.92 0.28 -0.41 -0.8 0.44 -0.23 -0.91 0.34 -0.31 -0.83 0.47 -0.18 -0.91 0.37 -0.24 -0.85 0.48 -0.11 -0.94 0.31 -0.17 -0.87 0.46 -0.06 -0.95 0.31 -0.09 -0.82 0.56 -0.01 -0.95 0.32 -0.01 -0.8 0.6 0 -0.45 0.89 0.09 -0.8 0.59 0.11 -0.52 0.84 0.16 -0.84 0.52 0.25 -0.55 0.8 0.25 -0.83 0.5 0.35 -0.58 0.73 0.3 -0.83 0.47 0.48 -0.52 0.71 0.37 -0.83 0.42 0.58 -0.51 0.64 0.43 -0.83 0.36 0.69 -0.47 0.55 0.31 -0.83 -0.47 0.18 -0.91 -0.37 0.74 -0.51 0.43 0.58 -0.78 0.22 0.79 -0.53 0.3 0.58 -0.8 0.13 0.8 -0.58 0.18 0.61 -0.79 0.06 0.8 -0.6 0.06 0.59 -0.81 -0.04 0.79 -0.61 -0.06 0.58 -0.81 -0.12 0.78 -0.61 -0.16 0.52 -0.83 -0.18 0.81 -0.49 -0.32 0.49 -0.83 -0.28 0.76 -0.46 -0.45 0.47 -0.8 -0.38 0.66 -0.52 -0.54 0.41 -0.8 -0.44 0.56 -0.58 -0.59 0.46 -0.53 -0.71 0.38 -0.57 -0.73 0.25 -0.47 -0.85 0.12 -0.4 -0.91 0 -0.45 -0.89 -0.11 -0.52 -0.84 -0.25 -0.55 -0.8 -0.35 -0.58 -0.73 -0.48 -0.52 -0.71 -0.58 -0.51 -0.64 -0.69 -0.47 -0.55 -0.74 -0.51 -0.43 -0.79 -0.53 -0.3 -0.8 -0.58 -0.18 -0.8 -0.6 -0.06 -0.79 -0.61 0.06 -0.78 -0.61 0.16 -0.81 -0.49 0.32 -0.76 -0.46 0.45 -0.66 -0.52 0.54 -0.56 -0.58 0.59 -0.46 -0.53 0.71 -0.38 -0.57 0.73 -0.25 -0.47 0.85 -0.12 -0.4 0.91 0.02 -0.46 0.89 0.15 -0.35 0.92 0.33 -0.15 0.93 0.44 -0.28 0.85 0.57 -0.13 0.81 0.65 -0.35 0.67 0.74 -0.37 0.57 0.83 -0.34 0.45 0.91 -0.27 0.32 0.88 -0.44 0.19 0.89 -0.45 0.05 0.89 -0.45 -0.09 0.91 -0.35 -0.23 0.89 -0.27 -0.38 0.78 -0.39 -0.48 0.72 -0.35 -0.6 0.63 -0.24 -0.74 0.52 -0.14 -0.84 0.42 -0.29 -0.86 0.24 -0.2 -0.95 0.12 -0.48 -0.87 -0.02 -0.46 -0.89 -0.15 -0.35 -0.92 -0.33 -0.15 -0.93 -0.44 -0.28 -0.85 -0.57 -0.13 -0.81 -0.65 -0.35 -0.67 -0.74 -0.37 -0.57 -0.83 -0.34 -0.45 -0.91 -0.27 -0.32 -0.88 -0.44 -0.19 -0.89 -0.45 -0.05 -0.89 -0.45 0.09 -0.91 -0.35 0.23 -0.89 -0.27 0.38 -0.78 -0.39 0.48 -0.72 -0.35 0.6 -0.63 -0.24 0.74 -0.52 -0.14 0.84 -0.42 -0.29 0.86 -0.24 -0.2 0.95 -0.12 -0.48 0.87 0.23 -0.91 -0.34 0.27 -0.92 -0.28 0.26 -0.94 -0.2 0.29 -0.94 -0.16 0.4 -0.91 -0.14 0.45 -0.89 -0.09 0.45 -0.89 0 0.45 -0.89 0.06 0.43 -0.9 0.1 0.5 -0.81 0.3 0.34 -0.93 0.14 0.27 -0.95 0.17 0.28 -0.93 0.24 0.28 -0.91 0.31 0.21 -0.91 0.35 0.15 -0.93 0.33 0.09 -0.95 0.3 0.05 -0.95 0.32 0.45 -0.89 -0.05 -0.45 -0.89 0.05 -0.37 0.56 0.74 -0.3 0.43 0.85 -0.56 0.38 0.73 -0.67 0 0.74 -0.74 0 0.67 -0.81 0 0.59 -0.91 0 0.41 -0.95 0 0.32 -0.99 0 0.13 -1 0 0.03 -0.98 0 -0.18 -0.96 0 -0.27 -0.93 0 -0.37 -0.76 0.23 -0.61 -0.67 0.12 -0.74 -0.66 0 -0.75 -0.84 0.22 -0.49 -0.47 0 -0.88 -0.39 0 -0.92 -0.17 -0.29 -0.94 0 -0.45 -0.89 0.12 -0.38 -0.92 -0.22 0 -0.98 0.25 0 -0.97 0.39 0 -0.92 0.47 0 -0.88 0.63 0 -0.78 0.76 0.23 -0.61 0.7 0.16 -0.7 0.88 0.16 -0.45 0.93 0 -0.37 0.96 0 -0.27 0.98 0 -0.18 1 0 0.03 0.99 0 0.13 0.95 0 0.32 0.91 0 0.41 0.81 0 0.59 0.74 0 0.67 0.6 0 0.8 0.53 0 0.85 0.35 0 0.94 -0.23 0 0.97 -0.05 0 1 0.26 0 0.97 0.05 0 1 -0.22 0 -0.97 -0.05 0 -1 0.05 0 -1 -0.47 0 -0.88 -0.3 0 -0.95 -0.71 0 -0.71 -0.55 0 -0.83 -0.87 0 -0.49 -0.77 0 -0.63 -0.97 0 -0.26 -0.91 0 -0.42 -1 0 0.02 -0.99 0 -0.17 -0.97 0 0.26 -0.99 0 0.12 -0.89 0 0.46 -0.79 0 0.62 -0.9 0 0.44 -0.97 0 0.26 -0.65 0 0.76 -0.79 0 0.62 -0.45 0 0.89 -0.59 0 0.81 -0.19 0 0.98 -0.36 0 0.93 0.09 0 1 -0.09 0 1 0.36 0 0.93 0.19 0 0.98 0.59 0 0.81 0.45 0 0.89 0.78 0 0.63 0.65 0 0.76 0.93 0 0.37 0.84 0 0.54 0.99 0 0.12 0.96 0 0.29 0.99 0 -0.17 1 0 0.02 0.91 0 -0.42 0.97 0 -0.26 0.77 0 -0.63 0.87 0 -0.49 0.57 0 -0.82 0.71 0 -0.71 0.37 0 -0.93 0.22 0 -0.98 0.39 0 -0.92 0.57 0 -0.82 0.22 0 -0.98 0 -1 0 0 -1 0 0 -1 0 0 -1 0 0 -1 0 0 -1 0 0 -1 0 0 -1 0 0 -1 0 0 -1 0 0 -1 0 0 -1 0 0 -1 0 0 -1 0 0 -1 0 0 -1 0 0 -1 0 0 -1 0 0 -1 0 0 -1 0 0 -1 0 0 -1 0 0 -1 0 0 -1 0 0 -1 0 0 -1 0 0 -1 0 0 -1 0 0 -1 0 0 -1 0 0 -1 0 0 -1 0 0 -1 0 0 -1 0 0 -1 0 0 -1 0 0 -1 0 0 -1 0 0 -1 0 0 -1 0 0 -1 0 0 -1 0 0 -1 0 0 -1 0 0 -1 0 0 -1 0 0 -1 0 0 -1 0 0 -1 0 0 -1 0 0 -1 0 0 -1 0 0 -1 0 0 -1 0 0 -1 0 0 -1 0 0 -1 0 0 -1 0 0 -1 0 0 -1 0 0 -1 0 0 -1 0 0 -1 0 0 -1 0 0 -1 0 0 -1 0 0 -1 0 0 -1 0 0 -1 0 0 -1 0 0 -1 0 0 -1 0 0 -1 0 0 -1 0 0 -1 0 0 -1 0 0 -1 0 0 -1 0 0 -1 0 0 -1 0 0 -1 0 0 -1 0 0 -1 0 0 -1 0 0 -1 0 0 -1 0 0 -1 0 0 -1 0 0 -1 0 0 -1 0 0 -1 0 0 -1 0 0 -1 0 0 -1 0 0 -1 0 0 -1 0 0 -1 0 0 1 0 0 1 0 0 1 0 0 1 0 0 1 0 0 1 0 0 1 0 0 1 0 0 1 0 0 1 0 0 1 0 0 1 0 0 1 0 0 1 0 0 1 0 0 1 0 0 1 0 0 1 0 0 1 0 0 1 0 0 1 0 0 1 0 0 1 0 0 1 0 0 1 0 0 1 0 0 1 0 0 1 0 0 1 0 0 1 0 0 1 0 0 1 0 0 1 0 0 1 0 0 1 0 0 1 0 0 1 0 0 1 0 0 1 0 0 1 0 0 1 0 0 1 0 0 1 0 0 1 0 0 1 0 0 1 0 0 1 0 0 1 0 0 1 0 0 1 0 0 1 0 0 1 0 0 1 0 0 1 0 0 1 0 0 1 0 0 1 0 0 1 0 0 1 0 0 1 0 0 1 0 0 1 0 0 1 0 0 1 0 0 1 0 0 1 0 0 1 0 0 1 0 0 1 0 0 1 0 0 1 0 0 1 0 0 1 0 0 1 0 0 1 0 0 1 0 0 1 0 0 1 0 0 1 0 0 1 0 0 1 0 0 1 0 0 1 0 0 1 0 0 1 0 0 1 0 0 1 0 0 1 0 0 1 0 0 1 0 0 1 0 0 1 0 0 1 0 0 1 0 0 1 0 0 1 0 0 1 0 -0.27 0.05 0.96 -0.16 0.04 0.99 0 0.06 1 -0.42 0 0.91 -0.48 0 0.88 -0.58 -0.03 0.82 -0.64 0.07 0.76 -0.67 0.06 0.74 -0.77 0.07 0.63 -0.78 0 0.62 -0.87 0.05 0.5 -0.93 0.06 0.36 -0.93 0 0.36 -0.97 0.05 0.23 -1 0.06 0.08 -1 0 0.08 -1 0.04 -0.08 -0.97 0.04 -0.23 -0.97 0 -0.23 -0.93 0.03 -0.36 -0.92 0.03 -0.38 -0.29 0 0.96 -0.87 -0.01 -0.49 -0.79 0.02 -0.61 -0.77 0.01 -0.63 -0.67 0.02 -0.75 -0.67 0 -0.75 -0.55 0.01 -0.83 -0.44 0.02 -0.9 -0.45 0 -0.89 -0.29 0.03 -0.96 -0.15 0.05 -0.99 -0.16 0 -0.99 0 0.04 -1 0.15 0.05 -0.99 0.16 0 -0.99 0.29 0.03 -0.96 0.44 0.02 -0.9 0.45 0 -0.89 0.55 0.01 -0.83 0.67 0.02 -0.75 0.67 0 -0.75 0.77 0.01 -0.63 0.79 0.02 -0.61 0.87 -0.01 -0.49 0.92 0.03 -0.38 0.93 0.03 -0.36 0.97 0.04 -0.23 0.97 0 -0.23 1 0.04 -0.08 1 0.06 0.08 1 0 0.08 0.97 0.05 0.23 0.93 0.06 0.36 0.93 0 0.36 0.87 0.05 0.5 0.77 0.07 0.63 0.78 0 0.62 0.67 0.06 0.74 0.56 0.08 0.83 0.55 0 0.83 0.45 0.06 0.89 0.3 0.07 0.95 0.29 0 0.96 0.16 0.04 0.99 0 0 1 -0.89 0 0.45 -0.45 0 0.89 -0.98 0 0.2 -0.2 0 0.98 -1 0 0 -1 0 0 -0.98 0 -0.2 -0.89 0 -0.45 -0.45 0 -0.89 -0.2 0 -0.98 0 0 -1 0 0 -1 0.2 0 -0.98 0.45 0 -0.89 0.89 0 -0.45 0.98 0 -0.2 1 0 0 1 0 0 0.98 0 0.2 0.89 0 0.45 0.45 0 0.89 0.2 0 0.98 0 0 1 0 0 1 0 0 1 -0.2 0 0.98 0 0 1 -0.45 0 0.89 -0.89 0 0.45 -0.98 0 0.2 -1 0 0 -1 0 0 -0.98 0 -0.2 -0.89 0 -0.45 -0.45 0 -0.89 -0.2 0 -0.98 0 0 -1 0 0 -1 0.2 0 -0.98 0.45 0 -0.89 0.89 0 -0.45 0.98 0 -0.2 1 0 0 1 0 0 0.98 0 0.2 0.89 0 0.45 0.45 0 0.89 0.2 0 0.98 0 0 1 -0.2 0 0.98 0 0 1 -0.45 0 0.89 -0.89 0 0.45 -0.98 0 0.2 -1 0 0 -1 0 0 -0.98 0 -0.2 -0.89 0 -0.45 -0.45 0 -0.89 -0.2 0 -0.98 0 0 -1 0 0 -1 0.2 0 -0.98 0.45 0 -0.89 0.89 0 -0.45 0.98 0 -0.2 1 0 0 1 0 0 0.98 0 0.2 0.89 0 0.45 0.45 0 0.89 0.2 0 0.98 0 0 1 -0.2 0 0.98 0 0 1 -0.45 0 0.89 -0.89 0 0.45 -0.98 0 0.2 -1 0 0 -1 0 0 -0.98 0 -0.2 -0.89 0 -0.45 -0.45 0 -0.89 -0.2 0 -0.98 0 0 -1 0 0 -1 0.2 0 -0.98 0.45 0 -0.89 0.89 0 -0.45 0.98 0 -0.2 1 0 0 1 0 0 0.98 0 0.2 0.89 0 0.45 0.45 0 0.89 0.2 0 0.98 -0.8 0 0.6 -0.6 0 0.8 -0.86 0 0.51 -0.99 0 0.16 -0.99 0 -0.16 -0.89 0 -0.45 -0.89 0 -0.45 -0.71 0 -0.71 -0.37 0 -0.93 0 0 -1 0 0 -1 0.32 0 -0.95 0.55 0 -0.83 0.83 0 -0.55 0.95 0 -0.32 1 0 0 1 0 0 0.93 0 0.37 0.71 0 0.71 0.45 0 0.89 0.45 0 0.89 0.16 0 0.99 -0.16 0 0.99 -0.51 0 0.86 0 0 1 -0.37 0 0.93 0 0 1 -0.71 0 0.71 -0.89 0 0.45 -0.89 0 0.45 -0.99 0 0.16 -0.99 0 -0.16 -0.86 0 -0.51 -0.8 0 -0.6 -0.6 0 -0.8 -0.51 0 -0.86 -0.16 0 -0.99 0.16 0 -0.99 0.45 0 -0.89 0.45 0 -0.89 0.71 0 -0.71 0.93 0 -0.37 1 0 0 1 0 0 0.95 0 0.32 0.83 0 0.55 0.55 0 0.83 0.32 0 0.95 0.16 0 0.99 0.45 0 0.89 -0.16 0 0.99 -0.45 0 0.89 -0.45 0 0.89 -0.71 0 0.71 -0.93 0 0.37 -1 0 0 -1 0 0 -0.95 0 -0.32 -0.83 0 -0.55 -0.55 0 -0.83 -0.32 0 -0.95 0 0 -1 0 0 -1 0.32 0 -0.95 0.55 0 -0.83 0.83 0 -0.55 0.95 0 -0.32 1 0 0 1 0 0 0.93 0 0.37 0.71 0 0.71 0.45 0 0.89 -0.83 0 0.55 -0.55 0 0.83 -0.95 0 0.32 -0.32 0 0.95 0 0 1 -0.93 0 -0.37 -1 0 0 -0.71 0 -0.71 -0.45 0 -0.89 -0.45 0 -0.89 -0.16 0 -0.99 0.16 0 -0.99 0.51 0 -0.86 0.6 0 -0.8 0.8 0 -0.6 0.86 0 -0.51 0.99 0 -0.16 0.99 0 0.16 0.89 0 0.45 0.89 0 0.45 0.71 0 0.71 0.37 0 0.93 0 0 1 -1 0 0 -0.16 0 0.99 -0.45 0 0.89 0.16 0 0.99 -0.45 0 0.89 -0.71 0 0.71 -0.93 0 0.37 -1 0 0 -1 0 0 -0.95 0 -0.32 -0.83 0 -0.55 -0.55 0 -0.83 -0.32 0 -0.95 0 0 -1 0 0 -1 0.37 0 -0.93 0.71 0 -0.71 0.89 0 -0.45 0.89 0 -0.45 0.99 0 -0.16 0.99 0 0.16 0.86 0 0.51 0.8 0 0.6 0.6 0 0.8 0.51 0 0.86 0 0 1 -0.32 0 0.95 0 0 1 -0.55 0 0.83 -0.83 0 0.55 -0.95 0 0.32 -1 0 0 -1 0 0 -0.93 0 -0.37 -0.71 0 -0.71 -0.45 0 -0.89 -0.45 0 -0.89 -0.16 0 -0.99 0.16 0 -0.99 0.45 0 -0.89 0.45 0 -0.89 0.71 0 -0.71 0.93 0 -0.37 1 0 0 1 0 0 0.95 0 0.32 0.83 0 0.55 0.55 0 0.83 0.32 0 0.95 0 -0.95 0.3 0.21 -0.85 0.49 0.21 -0.93 0.31 -0.01 -0.87 0.49 0.21 -0.81 0.55 0 -0.83 0.55 0.21 -0.75 0.63 0 -0.64 0.77 0.17 -0.56 0.81 0.2 -0.64 0.74 0 -0.55 0.83 0.12 -0.49 0.87 0.21 -0.97 0.1 0.31 -0.95 0.07 0.15 -0.96 0.24 0.41 -0.87 0.27 0.45 -0.88 0.12 0.41 -0.81 0.41 0.43 -0.76 0.48 0.4 -0.7 0.59 0.37 -0.66 0.66 0.51 -0.86 0.02 0.45 -0.89 0 0.62 -0.74 0.27 0.64 -0.76 0.15 0.61 -0.73 0.31 0.57 -0.74 0.36 0.7 -0.72 0 0.77 -0.63 0.07 0.73 -0.69 0 0.78 -0.59 0.22 0.77 -0.59 0.26 0.81 -0.58 -0.02 0.89 -0.43 0.14 0.9 -0.43 0.04 0.89 -0.41 0.2 0.89 -0.4 0.24 0.8 -0.5 0.34 0.89 -0.34 0.3 1 -0.05 0.01 0.99 0.14 -0.07 0.99 0.14 -0.04 1 -0.05 0.02 0.99 0.13 -0.08 1 -0.04 0.03 0.99 0.11 -0.1 1 -0.04 0.03 0.99 0.1 -0.11 1 -0.04 0.04 0.99 0.08 -0.13 1 -0.03 0.04 0.99 0.06 -0.14 1 -0.02 0.05 0.99 0.04 -0.15 0.8 -0.45 0.41 0.89 -0.3 0.35 0.79 -0.4 0.46 0.89 -0.25 0.39 1 -0.02 0.05 0.99 0.03 -0.15 1 0.02 -0.06 0.98 0.01 -0.21 0.99 0.17 -0.03 0.97 0.23 -0.01 0.99 0.16 -0.01 0.92 0.37 -0.11 0.92 0.4 -0.06 0.92 0.35 -0.16 0.92 0.32 -0.21 0.92 0.29 -0.26 0.8 -0.31 0.52 0.89 -0.19 0.42 0.79 -0.25 0.55 0.89 -0.15 0.43 0.79 -0.19 0.58 0.89 -0.06 0.45 0.81 -0.01 0.58 0.93 0 0.36 0.94 -0.34 0 0.89 -0.45 0 0.97 -0.24 0.07 0.97 -0.24 0.03 0.97 -0.23 0.11 0.92 0.25 -0.29 0.02 -1 0.08 0.97 -0.21 0.14 0.97 -0.2 0.16 0.97 -0.16 0.19 0.97 -0.14 0.21 1 -0.05 0 1 0.06 -0.01 0.99 -0.14 0.01 1 0 0.08 0.98 0 0.17 1 -0.01 0.08 0.97 -0.08 0.24 0.97 -0.11 0.23 0.98 -0.18 0.01 0.94 -0.02 0.33 0.96 -0.04 0.27 0 -0.77 0.64 0 -0.99 0.14 -0.01 -0.45 0.89 0.8 -0.07 0.6 0.78 -0.02 0.63 0.88 0.48 -0.05 0.92 0.21 -0.33 0.92 0.16 -0.35 0.93 0.09 -0.37 0.92 0.06 -0.38 0.94 0.03 -0.34 0.82 0.56 -0.09 0.82 0.55 -0.17 0.81 0.53 -0.24 0.81 0.49 -0.32 0.82 0.43 -0.38 0.81 0.38 -0.44 0.82 0.31 -0.49 0.81 0.25 -0.53 0.82 0.16 -0.55 0.83 0.08 -0.55 0.85 0.05 -0.53 0.78 0.63 -0.05 0.68 0.72 -0.1 0.71 0.71 -0.03 0.72 0.67 -0.19 0.71 0.64 -0.3 0.71 0.6 -0.37 0.7 0.54 -0.46 0.71 0.46 -0.54 0.69 0.39 -0.61 0.69 0.31 -0.66 0.69 0.21 -0.69 0.71 0.09 -0.7 0.78 0.05 -0.63 0.6 0.8 -0.06 0.5 0.86 -0.13 0.45 0.89 -0.07 0.53 0.82 -0.19 0.62 0.42 -0.66 0.54 0.34 -0.77 0.52 0.24 -0.82 0.52 0.12 -0.85 0.6 0.05 -0.8 0.69 0.03 -0.73 0.31 0.94 -0.13 0.34 0.92 -0.21 0.32 0.26 -0.91 0.35 0.14 -0.93 0.43 0.07 -0.9 0.46 0.07 -0.88 0.23 0.97 -0.07 0.1 0.98 -0.15 0.16 0.98 -0.08 0.13 0.97 -0.22 0.09 0.28 -0.95 0.29 0.36 -0.89 0.13 0.14 -0.98 0.23 0.08 -0.97 0 1 -0.08 -0.13 0.98 -0.14 -0.16 0.98 -0.08 -0.07 0.97 -0.22 -0.1 0.28 -0.96 0.07 0.36 -0.93 -0.1 0.15 -0.98 0 0.08 -1 0.12 0.08 -0.99 -0.23 0.97 -0.07 -0.34 0.93 -0.14 -0.41 0.91 -0.07 -0.29 0.94 -0.21 -0.31 0.26 -0.91 -0.12 0.37 -0.92 -0.32 0.14 -0.94 -0.23 0.08 -0.97 -0.12 0.08 -0.99 -0.51 0.85 -0.12 -0.49 0.85 -0.18 -0.52 0.24 -0.82 -0.35 0.36 -0.86 -0.5 0.13 -0.86 -0.45 0.07 -0.89 -0.42 0.07 -0.9 -0.6 0.8 -0.06 -0.71 0.7 -0.1 -0.71 0.71 -0.03 -0.69 0.69 -0.2 -0.7 0.38 -0.61 -0.63 0.47 -0.62 -0.61 0.4 -0.68 -0.69 0.31 -0.65 -0.56 0.33 -0.76 -0.7 0.21 -0.69 -0.68 0.1 -0.73 -0.6 0.05 -0.8 -0.78 0.63 -0.05 -0.83 0.54 -0.09 -0.86 0.51 -0.05 -0.82 0.55 -0.16 -0.81 0.53 -0.25 -0.71 0.63 -0.31 -0.82 0.49 -0.31 -0.71 0.59 -0.38 -0.81 0.44 -0.38 -0.7 0.53 -0.47 -0.82 0.38 -0.43 -0.72 0.45 -0.53 -0.81 0.32 -0.49 -0.81 0.24 -0.53 -0.82 0.17 -0.55 -0.82 0.08 -0.57 -0.78 0.05 -0.63 -0.69 0.03 -0.73 -0.92 0.38 -0.05 -0.93 0.37 -0.09 -0.92 0.35 -0.16 -0.92 0.33 -0.21 -0.92 0.29 -0.25 -0.92 0.26 -0.29 -0.92 0.21 -0.32 -0.92 0.16 -0.35 -0.92 0.11 -0.37 -0.92 0.06 -0.38 -0.9 0.04 -0.43 -0.84 0.05 -0.54 -0.97 0.23 -0.01 -0.99 0.14 -0.02 -0.99 0.16 -0.01 -0.99 0.15 -0.04 -0.99 0.14 -0.06 -0.99 0.13 -0.08 -0.99 0.11 -0.1 -0.99 0.1 -0.11 -0.99 0.08 -0.13 -0.99 0.07 -0.14 -0.99 0.04 -0.14 -0.99 0.03 -0.17 -0.97 0.02 -0.22 -1 0.06 -0.01 -1 -0.07 0.01 -0.99 -0.15 0.01 -1 -0.05 0.02 -1 -0.05 0.02 -1 -0.04 0.03 -1 -0.04 0.04 -1 -0.03 0.04 -1 -0.03 0.04 -1 -0.02 0.05 -1 -0.01 0.05 -1 0.01 0.04 -1 0.02 -0.06 -0.97 -0.25 0.03 -0.97 -0.24 0.08 -0.97 -0.23 0.11 -0.97 -0.21 0.14 -0.97 -0.19 0.16 -0.97 -0.16 0.2 -0.97 -0.14 0.21 -0.97 -0.11 0.23 -0.97 -0.07 0.24 -0.97 -0.03 0.25 -0.98 0 0.17 -1 -0.01 0.08 -0.94 -0.34 0 -0.88 -0.47 0.04 -0.89 -0.45 0 -0.89 -0.43 0.15 -0.89 -0.42 0.19 -0.89 -0.39 0.25 -0.89 -0.35 0.3 -0.89 -0.3 0.34 -0.89 -0.24 0.4 -0.89 -0.2 0.41 -0.89 -0.14 0.43 -0.9 -0.06 0.44 -0.93 -0.01 0.35 -0.95 -0.03 0.32 -0.81 -0.58 -0.02 -0.76 -0.64 0.09 -0.72 -0.69 0 -0.78 -0.6 0.2 -0.78 -0.57 0.25 -0.79 -0.52 0.32 -0.79 -0.46 0.4 -0.8 -0.41 0.45 -0.79 -0.33 0.51 -0.79 -0.25 0.57 -0.8 -0.2 0.57 -0.8 -0.08 0.59 -0.81 -0.01 0.58 -0.62 -0.77 0.11 -0.62 -0.74 0.27 -0.63 -0.71 0.3 -0.51 -0.86 0.02 -0.42 -0.91 0.07 -0.45 -0.89 0 -0.41 -0.85 0.34 -0.41 -0.81 0.41 -0.44 -0.76 0.47 -0.57 -0.7 0.42 -0.31 -0.95 0.07 -0.2 -0.97 0.12 -0.12 -0.98 0.15 -0.22 -0.94 0.27 -0.19 -0.83 0.52 -0.21 -0.83 0.52 -0.21 -0.75 0.63 -0.37 -0.69 0.62 -0.22 -0.63 0.75 -0.4 -0.68 0.62 -0.17 -0.54 0.83 -0.11 -0.54 0.84 -0.74 -0.05 0.68 -0.78 0 0.62 -0.75 -0.13 0.65 -0.71 -0.21 0.67 -0.72 -0.3 0.62 -0.76 -0.38 0.53 -0.73 -0.45 0.52 -0.74 -0.52 0.42 -0.7 -0.64 0.33 -0.71 -0.63 0.31 -0.77 -0.49 0.41 -0.55 -0.68 0.49 -0.34 -0.5 0.8 -0.39 -0.66 0.64 -0.32 -0.5 0.8 -0.07 -0.25 0.96 -0.33 -0.67 0.67 -0.02 -0.14 0.99 0 0 1 0.03 -0.14 0.99 -0.02 -0.31 0.95 0.09 -0.31 0.94 0.37 -0.58 0.73 0.33 -0.57 0.75 0.38 -0.64 0.67 0.56 -0.64 0.53 0.57 -0.68 0.46 0.71 -0.63 0.31 0.69 -0.68 0.25 0.75 -0.51 0.42 0.73 -0.52 0.45 0.74 -0.42 0.52 0.75 -0.33 0.58 0.71 -0.3 0.64 0.74 -0.17 0.65 0.74 -0.06 0.66 0.7 -0.1 0.7 0.56 0.5 -0.66 0.47 0.47 -0.75 0.62 0.57 -0.55 0.64 0.47 -0.61 0.63 0.63 -0.45 0.61 0.6 -0.52 0.62 0.68 -0.38 0.62 0.74 -0.27 0.63 0.69 -0.35 0.43 0.86 -0.27 0.21 0.94 -0.28 0.33 0.88 -0.33 0 0.98 -0.2 0.12 0.96 -0.24 -0.19 0.96 -0.2 -0.09 0.98 -0.2 -0.43 0.87 -0.25 -0.34 0.88 -0.32 -0.62 0.73 -0.27 -0.62 0.68 -0.38 -0.63 0.69 -0.35 -0.63 0.63 -0.45 -0.62 0.57 -0.55 -0.61 0.6 -0.52 -0.56 0.5 -0.66 -0.48 0.39 -0.79 -0.47 0.47 -0.75 -0.23 0.44 -0.87 -0.36 0.43 -0.83 -0.03 0.43 -0.9 -0.15 0.45 -0.88 0.22 0.43 -0.87 0.08 0.41 -0.91 0.2 0.44 -0.88 0.55 0.38 -0.74 0.44 0.38 -0.81 0.37 0.41 -0.83 0.45 -0.63 0.63 -0.64 -0.64 0.43 -0.68 -0.73 0 -0.98 -0.19 0.02 -0.89 0.45 -0.05 -0.46 0.88 -0.07 0.4 0.91 -0.07 0.86 0.51 -0.05 -0.78 -0.01 0.62 -0.88 -0.01 0.48 -0.77 -0.01 0.64 -0.71 0 0.71 -0.94 -0.01 0.33 -0.93 -0.01 0.36 -0.81 0 0.58 -0.98 -0.01 0.2 -1 -0.01 0.08 -0.98 0 0.17 -1 -0.01 -0.08 -0.97 -0.01 -0.23 -0.92 -0.01 -0.38 -1 0 -0.06 -0.85 -0.01 -0.53 -0.93 -0.01 -0.38 -0.77 -0.01 -0.63 -0.69 -0.01 -0.73 -0.65 -0.01 -0.76 -0.76 0 -0.65 -0.46 0 -0.89 -0.61 0 -0.79 -0.47 0 -0.88 -0.26 -0.01 -0.97 -0.44 0 -0.9 -0.23 0 -0.97 0 -0.01 -1 -0.12 -0.01 -0.99 0 0 -1 0.31 -0.01 -0.95 0.12 -0.01 -0.99 0.23 0 -0.97 0.59 -0.01 -0.81 0.46 0 -0.89 0.62 0 -0.79 0.77 -0.01 -0.63 0.69 -0.01 -0.73 0.76 0 -0.65 0.92 -0.01 -0.38 0.85 -0.01 -0.53 0.93 -0.01 -0.38 1 -0.01 -0.08 0.97 -0.01 -0.23 1 0 -0.06 0.99 -0.01 0.16 1 -0.01 0.08 0.98 0 0.17 0.95 0 0.3 0.94 0 0.34 0.77 -0.01 0.64 0.78 -0.01 0.62 0.71 0 0.71 0.82 -0.01 0.58 0.81 0 0.58 0.92 0 0.39 0.43 0 -0.9 0.95 -0.3 0.04 0.99 -0.16 0.02 1 -0.08 0.01 0.99 -0.11 0.03 0.95 -0.31 0.09 0.99 -0.1 0.04 0.95 -0.29 0.12 0.99 -0.1 0.06 0.95 -0.27 0.18 0.99 -0.09 0.07 0.94 -0.25 0.21 0.99 -0.08 0.08 0.95 -0.22 0.24 0.99 -0.06 0.09 0.95 -0.18 0.27 0.99 -0.05 0.1 0.95 -0.14 0.3 0.99 -0.03 0.11 0.95 -0.09 0.31 0.99 -0.02 0.14 0.94 -0.06 0.33 0.98 -0.02 0.21 0.91 -0.02 0.41 0.9 -0.43 0.02 0.87 -0.48 0.08 0.87 -0.48 0.14 0.86 -0.46 0.21 0.86 -0.43 0.28 0.86 -0.39 0.33 0.86 -0.34 0.38 0.86 -0.28 0.42 0.86 -0.21 0.46 0.86 -0.15 0.48 0.86 -0.08 0.5 0.91 -0.02 0.41 0.81 -0.59 0.04 0.75 -0.65 0.09 0.74 -0.65 0.19 0.74 -0.61 0.29 0.75 -0.56 0.36 0.75 -0.5 0.42 0.76 -0.43 0.49 0.75 -0.36 0.56 0.75 -0.28 0.6 0.75 -0.2 0.63 0.73 -0.1 0.68 0.81 -0.05 0.59 0.76 -0.03 0.65 0.67 -0.74 0.05 0.74 -0.67 0.03 0.58 -0.81 0.11 0.6 -0.77 0.21 0.67 -0.67 0.32 0.66 -0.63 0.41 0.66 -0.57 0.5 0.65 -0.48 0.58 0.65 -0.4 0.65 0.62 -0.31 0.72 0.58 -0.23 0.78 0.56 -0.12 0.82 0.67 -0.07 0.74 0.52 -0.07 0.85 0.43 -0.9 0.07 0.41 -0.91 0.12 0.37 -0.91 0.18 0.43 -0.34 0.83 0.4 -0.25 0.88 0.4 -0.13 0.91 0.49 -0.08 0.87 0.31 -0.07 0.95 0.29 -0.95 0.07 0.22 -0.96 0.15 0.17 -0.97 0.2 0.23 -0.37 0.9 0.2 -0.26 0.94 0.21 -0.14 0.97 0.28 -0.07 0.96 0.11 -0.99 0.08 1 0.07 -0.07 0.02 -0.37 0.93 0 -0.27 0.96 -0.02 -0.14 0.99 0.11 -0.08 0.99 0 -0.07 1 0.02 -0.99 0.14 -0.11 -0.99 0.08 0 -1 0.07 -0.21 -0.97 0.14 -0.04 -0.98 0.2 -0.23 -0.95 0.19 -0.2 -0.36 0.91 -0.2 -0.27 0.94 -0.22 -0.15 0.96 -0.11 -0.08 0.99 -0.29 -0.07 0.95 -0.37 -0.93 0.07 -0.4 -0.91 0.13 -0.42 -0.89 0.18 -0.38 -0.34 0.86 -0.39 -0.26 0.88 -0.42 -0.12 0.9 -0.3 -0.07 0.95 -0.52 -0.85 0.07 -0.57 -0.81 0.12 -0.62 -0.76 0.19 -0.6 -0.32 0.73 -0.59 -0.22 0.78 -0.59 -0.12 0.8 -0.52 -0.07 0.85 -0.67 -0.74 0.05 -0.73 -0.68 0.1 -0.75 -0.63 0.2 -0.65 -0.69 0.31 -0.75 -0.6 0.28 -0.64 -0.65 0.4 -0.75 -0.56 0.36 -0.65 -0.58 0.48 -0.76 -0.49 0.43 -0.66 -0.5 0.57 -0.75 -0.42 0.5 -0.66 -0.41 0.62 -0.75 -0.36 0.56 -0.74 -0.29 0.61 -0.74 -0.19 0.65 -0.75 -0.1 0.65 -0.67 -0.07 0.74 -0.76 -0.03 0.65 -0.81 -0.59 0.04 -0.74 -0.67 0.03 -0.86 -0.5 0.08 -0.86 -0.48 0.15 -0.86 -0.46 0.21 -0.86 -0.42 0.28 -0.86 -0.38 0.34 -0.86 -0.33 0.39 -0.86 -0.28 0.43 -0.86 -0.21 0.46 0.99 0.08 -0.06 -0.87 -0.14 0.48 -0.88 -0.09 0.48 -0.81 -0.05 0.59 -0.91 -0.02 0.42 -0.91 -0.42 0.02 -0.95 -0.31 0.06 -0.95 -0.31 0.09 -0.95 -0.3 0.14 -0.95 -0.27 0.18 -0.95 -0.24 0.22 -0.94 -0.21 0.25 -0.95 -0.18 0.27 -0.95 -0.12 0.29 -0.95 -0.09 0.31 -0.95 -0.04 0.32 -0.92 -0.02 0.39 -0.98 -0.21 0.03 -0.99 -0.12 0.02 -0.99 -0.11 0.03 -0.99 -0.1 0.05 -0.99 -0.09 0.06 -0.99 -0.08 0.08 -0.99 -0.07 0.09 -0.99 -0.06 0.1 -0.99 -0.04 0.1 -0.99 -0.03 0.11 -0.99 -0.01 0.11 -0.98 -0.02 0.21 -0.99 -0.01 0.11 -1 0 0 -0.99 -0.16 0.02 -1 0.09 -0.01 -1 0.09 -0.03 -1 0.09 -0.04 -0.99 0.09 -0.05 -0.99 0.08 -0.07 -1 0.07 -0.07 -0.99 0.06 -0.08 -1 0.04 -0.09 -0.99 0.03 -0.09 -0.99 0.02 -0.12 -0.98 0.2 0 -0.99 0.12 -0.01 -0.95 0.31 -0.04 -0.95 0.29 -0.09 -0.95 0.28 -0.13 -0.95 0.26 -0.16 -0.95 0.23 -0.2 -0.95 0.2 -0.23 -0.95 0.17 -0.26 -0.95 0.13 -0.28 -0.95 0.09 -0.29 1 0.01 -0.07 -0.9 0.43 -0.04 -0.88 0.48 -0.07 -0.87 0.48 -0.14 -0.87 0.46 -0.21 -0.87 0.41 -0.27 -0.87 0.38 -0.33 -0.87 0.32 -0.38 -0.87 0.27 -0.42 -0.86 0.21 -0.45 -0.86 0.13 -0.49 1 0.09 -0.04 -0.94 0.07 -0.32 -0.9 0.12 -0.41 -0.81 0.59 -0.03 -0.75 0.65 -0.07 -0.74 0.65 -0.17 -0.75 0.6 -0.29 -0.75 0.55 -0.37 -0.74 0.5 -0.44 -0.76 0.42 -0.5 -0.75 0.38 -0.55 -0.75 0.27 -0.61 -0.73 0.2 -0.65 -0.67 0.74 -0.03 -0.74 0.66 -0.11 -0.6 0.79 -0.1 -0.61 0.75 -0.24 -0.61 0.71 -0.35 -0.6 0.66 -0.44 -0.58 0.63 -0.51 -0.6 0.43 -0.67 -0.6 0.35 -0.72 -0.57 0.26 -0.77 -0.46 0.87 -0.16 -0.42 0.89 -0.15 -0.41 0.88 -0.23 -0.42 0.81 -0.41 -0.42 0.76 -0.5 -0.41 0.71 -0.57 -0.5 0.57 -0.65 -0.41 0.58 -0.71 -0.41 0.48 -0.78 -0.42 0.4 -0.82 -0.48 0.19 -0.86 -0.28 0.95 -0.17 -0.22 0.97 -0.12 -0.22 0.91 -0.36 -0.23 0.86 -0.46 -0.22 0.86 -0.46 -0.21 0.78 -0.59 -0.22 0.59 -0.78 -0.23 0.46 -0.86 -0.22 0.36 -0.9 -0.1 0.99 0.09 -0.03 0.99 -0.16 0 0.91 -0.42 0 0.89 -0.45 0 0.89 -0.45 0 0.82 -0.57 0 0.57 -0.82 0 0.45 -0.89 0.01 0.4 -0.92 0.58 0.44 -0.69 0.68 0.46 -0.57 0.51 0.54 -0.67 0.76 0.43 -0.49 0.68 0.5 -0.54 0.68 0.33 -0.65 -0.68 0.47 -0.56 -0.68 0.33 -0.65 -0.68 0.46 -0.57 -0.46 -0.11 -0.88 -0.33 0.3 -0.9 -0.27 0.32 -0.91 -0.11 0.4 -0.91 -0.03 0.68 -0.74 0.25 0.36 -0.9 0.09 0.25 -0.96 0.23 0.35 -0.91 0.43 0.39 -0.81 0.32 0.33 -0.89 0.47 0.39 -0.79 0.45 0.07 -0.89 0.63 0.25 -0.74 0.5 -0.1 -0.86 0.61 0.15 -0.78 0.76 0.16 -0.64 0.67 0.07 -0.74 0.76 0.13 -0.64 0.87 0.14 -0.47 0.8 0.09 -0.59 0.9 0.06 -0.42 0.89 -0.16 -0.43 0.96 0.06 -0.27 0.86 0.43 -0.29 0.97 0.11 -0.24 0.99 -0.03 -0.13 0.99 -0.01 0.1 1 0 0 1 0 0 -1 0 0 -1 0 -0.06 -0.98 -0.02 -0.21 -0.93 0.16 -0.32 -0.89 0.25 -0.39 -0.8 0.05 -0.6 -0.78 0.11 -0.62 0.99 0.09 -0.03 0.99 0.12 -0.01 1 0 0 0.99 0.12 -0.01 1 0.03 -0.09 1 0.04 -0.09 0.95 0.09 -0.29 0.99 0.05 -0.09 0.95 0.13 -0.28 0.99 0.07 -0.08 0.95 0.16 -0.26 0.95 0.2 -0.23 0.95 0.23 -0.2 0.95 0.26 -0.17 0.95 0.28 -0.13 0.95 0.29 -0.09 0.94 0.32 -0.04 0.98 0.2 0 0.91 0.41 -0.04 0.87 0.21 -0.46 0.87 0.27 -0.41 0.87 0.33 -0.38 0.87 0.38 -0.32 0.87 0.42 -0.27 0.86 0.45 -0.21 0.86 0.48 -0.14 0.87 0.5 -0.06 0.75 0.29 -0.6 0.74 0.38 -0.55 0.75 0.51 -0.43 0.74 0.55 -0.38 0.75 0.61 -0.27 0.75 0.64 -0.17 0.74 0.67 -0.07 0.81 0.59 -0.03 0.74 0.66 -0.11 0.61 0.35 -0.71 0.61 0.61 -0.51 0.61 0.67 -0.42 0.6 0.72 -0.35 0.6 0.76 -0.24 0.59 0.81 -0.06 0.67 0.74 -0.03 0.54 0.84 -0.08 0.42 0.5 -0.76 0.41 0.57 -0.71 0.41 0.71 -0.58 0.41 0.78 -0.48 0.42 0.81 -0.41 0.43 0.88 -0.2 0.42 0.9 -0.14 0.22 0.46 -0.86 0.21 0.59 -0.78 0.22 0.78 -0.59 0.23 0.86 -0.46 0.23 0.88 -0.41 0.21 0.93 -0.31 0.36 0.91 -0.22 0.2 0.95 -0.22 0.1 0.99 0.09 0 1 0 -0.91 0.41 -0.04 -0.9 -0.43 0.02 -0.49 -0.08 0.87 -0.28 -0.96 0.07 0.54 -0.84 0.07 0.91 -0.41 0.02 -0.66 0.08 -0.74 -0.62 0.12 -0.77 -0.31 -0.39 0.87 -0.2 -0.47 0.86 -0.13 -0.46 0.88 -0.02 -0.45 0.89 0.13 -0.45 0.88 0.19 -0.47 0.86 0.31 -0.41 0.86 0.43 -0.41 0.81 0.56 -0.4 0.73 0.42 -0.52 0.74 0.42 -0.57 0.71 0.43 -0.67 0.6 0.42 -0.75 0.51 0.54 -0.75 0.39 0.5 -0.84 0.24 0.26 -0.96 0.1 0.13 -0.99 -0.04 0 -1 0 -0.09 -0.99 0.09 -0.17 -0.98 0 -0.31 -0.92 0.23 -0.35 -0.85 0.39 -0.61 -0.74 0.27 -0.6 -0.72 0.36 -0.49 -0.74 0.46 -0.42 -0.71 0.57 -0.43 -0.6 0.67 -0.42 -0.52 0.74 -0.53 -0.35 0.77 -0.43 -0.34 0.84 -0.49 -0.84 0.23 0.37 -0.89 0.27 0.58 -0.77 0.26 0.98 -0.21 0.03 0.9 0.43 -0.05 0.28 0.96 0 -0.54 0.84 0 0.68 0.47 -0.56 -0.68 0.5 -0.54 -0.56 0.17 -0.81 0.66 0.07 -0.75 1 0 0 1 0 0 -1 0 0 -1 0 0 -1 0 0 -1 0 0 -1 0 0 -1 0 0 -0.7 0.11 -0.71 0.47 -0.37 0.8 0.1 1 0 0.17 0.98 -0.03 0.1 1 0 0.91 0.42 -0.01 0.83 0.56 -0.01 0.81 0.59 0 0.95 0.3 -0.01 0.91 0.41 -0.01 0.75 0.67 -0.01 0.66 0.76 -0.02 0.68 0.73 0 0.54 0.84 -0.02 0.41 0.91 -0.02 0.4 0.91 0 0.28 0.96 -0.01 0.11 0.99 0 -0.1 1 0 -0.11 0.99 0 -0.1 1 0 -0.06 1 0.03 -0.07 1 0.01 0 1 0.01 0 1 0 0.07 1 0.01 0.03 1 0.05 -0.03 1 0.05 0.06 1 0.03 0.06 1 -0.03 0.1 1 0 0 1 -0.09 0 1 -0.09 -0.17 0.98 -0.03 0 1 -0.09 -0.03 1 -0.06 0.03 1 -0.06 -0.1 1 0 -0.06 1 -0.03 -0.28 0.96 -0.01 -0.41 0.91 -0.02 -0.4 0.91 0 -0.54 0.84 -0.02 -0.66 0.76 -0.02 -0.68 0.73 0 -0.75 0.67 -0.01 -0.83 0.56 -0.01 -0.81 0.59 0 -0.91 0.42 -0.01 -0.95 0.3 -0.01 -0.91 0.41 -0.01 0.99 0.16 -0.02 -0.95 -0.3 -0.01 -0.91 -0.41 -0.01 -0.99 -0.16 -0.02 -0.83 -0.56 -0.01 -0.75 -0.67 -0.01 -0.81 -0.59 0 -0.66 -0.76 -0.02 -0.54 -0.84 -0.02 -0.68 -0.73 0 -0.41 -0.91 -0.02 -0.28 -0.96 -0.01 -0.4 -0.91 0 0.11 -0.99 0 0.1 -1 0 0.17 -0.98 -0.03 0.28 -0.96 -0.01 0.41 -0.91 -0.02 0.54 -0.84 -0.02 0.4 -0.91 0 0.66 -0.76 -0.02 0.75 -0.67 -0.01 0.68 -0.73 0 0.83 -0.56 -0.01 0.91 -0.42 -0.01 0.81 -0.59 0 -1 0 -0.02 -1 0 0 -1 0 0 -1 0 0 -1 0 0 -1 0 0 1 0 0 1 0 0 1 0 0 1 0 -0.02 1 0 0 1 0 0 0.99 0.11 -0.05 0.99 0.11 -0.03 0.99 0.11 -0.05 1 0 0 1 0 0 0.98 0.17 -0.07 0.99 0.14 0 0.99 0.14 0 0.99 0.14 0 0.99 -0.16 -0.02 0.99 -0.14 0 0.98 -0.17 -0.07 0.95 -0.3 -0.01 0.99 -0.11 -0.03 0.99 -0.11 -0.05 1 0 0 0.99 -0.14 0 0.99 -0.14 0 0.99 -0.11 -0.05 1 0 0 -0.98 0.17 -0.07 -0.99 0.11 -0.05 -0.99 0.16 -0.02 -0.99 0.11 -0.03 -1 0 0 -0.99 0.11 -0.05 -0.99 0.14 0 -0.99 0.14 0 -0.99 0.14 0 -1 0 0 -0.99 -0.14 0 -0.99 -0.11 -0.05 -0.98 -0.17 -0.07 -0.99 -0.11 -0.05 -1 0 0 -1 0 0 -0.99 -0.14 0 -0.99 -0.14 0 -0.99 -0.11 -0.03 0.91 -0.41 -0.01 -0.11 -0.99 0 -0.1 -1 0 -0.06 -1 0.03 0.06 -1 -0.03 0.03 -1 -0.06 0.1 -1 0 -0.17 -0.98 -0.03 -0.03 -1 -0.06 -0.06 -1 -0.03 0 -1 -0.09 0 -1 -0.09 0 -1 -0.09 -0.1 -1 0 -0.1 -1 0 -0.03 -1 0.05 0.03 -1 0.05 0.06 -1 0.03 0.07 -1 0.01 0 -1 0.01 -0.07 -1 0.01 0 -1 0 0.1 -1 0 -0.91 -0.42 -0.01 0 0 -1 0 0 -1 0 0 -1 0 0 -1 0 0 -1 0 0 -1 0 0 -1 0 0 -1 0 0 -1 0 0 -1 0 0 -1 0 0 -1 0 0 -1 0 0 -1 0 0 -1 0 0 -1 0 0 -1 0 0 -1 0 0 -1 0 0 -1 0 0 -1 0 0 -1 0 0 -1 0 0 -1 0 0 -1 0 0 -1 0 0 -1 0 0 -1 0 0 -1 0 0 -1 0 0 -1 0 0 -1 0 0 -1 0 0 -1 0 0 -1 0 0 -1 0 0 -1 0 0 -1 0 0 -1 0 0 -1 0 0 -1 0 0 -1 0.22 -0.98 0.01 0.18 -0.98 0 0.18 -0.98 0 0.18 -0.98 0 0.29 -0.96 0.02 0.14 -0.99 0.07 0.21 -0.98 0.06 0.15 -0.99 0.02 0.11 -0.99 -0.02 0 -1 -0.02 0 -1 0 -0.95 -0.3 0.02 -0.89 -0.45 0.02 -0.81 -0.59 0.03 -0.97 -0.25 0.01 -0.72 -0.7 0.02 -0.81 -0.58 0 -0.6 -0.8 0.03 -0.68 -0.73 0.02 -0.45 -0.89 0.02 -0.29 -0.96 0.02 -0.51 -0.86 0 0.45 -0.89 0.02 0.6 -0.8 0.03 0.72 -0.7 0.02 0.81 -0.59 0.03 0.68 -0.73 0.02 0.51 -0.86 0 0.32 0.95 0.02 0.4 0.92 0.01 0.19 0.98 0.02 0.89 -0.45 0.02 0.81 -0.58 0 0.95 -0.3 0.02 0.81 0.58 0.02 0.89 0.45 0.02 0.86 0.51 -0.01 0.96 0.28 0.02 0.98 0.19 0.02 0.71 0.71 0.01 0.6 0.8 0.02 0.76 0.65 0 0.46 0.89 0.02 0.62 0.79 0 -0.4 0.92 0.01 -0.32 0.95 0.02 -0.19 0.98 0.02 -0.46 0.89 0.02 -0.6 0.8 0.02 -0.71 0.71 0.01 -0.62 0.79 0 -0.81 0.58 0.02 -0.86 0.51 -0.01 -0.76 0.65 0 -0.89 0.45 0.02 -0.96 0.28 0.02 0.15 -0.99 0.04 0 -1 0.03 0 -1 0 -0.98 0.19 0.02 0.97 -0.25 0.01 -0.22 -0.98 0.01 0 -1 0 0 -1 0 0 -1 0 0 1 0 0 1 0 0 1 0 0 1 0.03 0 1 0 0 1 0 -1 0.05 0 -1 0 0 -1 0 0 -1 0 0.03 -1 0 0 -1 0 0 1 0.05 0 1 0.07 -0.01 1 0 0 1 0 0.03 1 0 0 1 0 0 0.99 -0.14 0.07 0.99 -0.15 0.04 0.98 -0.18 0.03 0.99 -0.16 0.01 0.98 -0.19 0.03 0.99 -0.14 0.02 1 0 0 0.98 -0.18 0 0.98 -0.18 0 0.98 -0.18 0 0.99 0.15 0.04 1 0 0 0.97 0.21 0.08 0.99 0.15 0.04 0.98 0.18 0 0.99 0.14 0.07 0.98 0.18 0 0.98 0.18 0 1 0.03 -0.05 -0.99 0.14 0.07 -0.99 0.15 0.04 -0.99 0.15 0.04 -1 0.07 -0.01 -1 0.03 -0.05 -0.97 0.21 0.08 -0.98 0.18 0 -0.98 0.18 0 -0.98 0.18 0 -0.98 -0.18 0 -0.98 -0.19 0.03 -0.99 -0.15 0.04 -0.99 -0.14 0.07 -1 0 0 -0.98 -0.18 0 -0.98 -0.18 0 -0.98 -0.18 0.03 -0.99 -0.16 0.01 -0.99 -0.14 0.02 0.14 0.99 0.07 0.15 0.99 0.04 0.15 0.99 0.06 0 1 0 0 1 0 0.22 0.97 0.09 0.18 0.98 0 0.18 0.98 0 0.18 0.98 0 -0.18 0.98 0 -0.22 0.97 0.09 -0.15 0.99 0.04 -0.14 0.99 0.07 0 1 0 -0.18 0.98 0 -0.18 0.98 0 -0.15 0.99 0.06 0 1 0 -0.14 -0.99 0.07 -0.15 -0.99 0.04 -0.11 -0.99 -0.02 -0.15 -0.99 0.02 0 -1 0 -0.21 -0.98 0.06 -0.18 -0.98 0 -0.18 -0.98 0 -0.18 -0.98 0 0 -1 0 0 -1 0 0 -1 0 0 -0.95 -0.32 0 -1 0 0 -0.83 -0.55 0 -0.55 -0.83 0 0 -1 0 0 -1 0 0 -1 0 -0.32 -0.95 0 0 -1 0 0.32 -0.95 0 0 -1 0 0 -1 0 0.55 -0.83 0 0.83 -0.55 0 0.95 -0.32 0 1 0 0 1 0 0 1 0 0 1 0 0 1 0 0 0.95 0.32 0 1 0 0 0.83 0.55 0 0.55 0.83 0 0 1 0 0 1 0 0 1 0 0.32 0.95 0 0 1 0 -0.32 0.95 0 0 1 0 0 1 0 -0.55 0.83 0 -0.83 0.55 0 -0.95 0.32 0 -1 0 0 -1 0 0 0 1 0 0.32 0.95 0 0 1 0 0 1 0 0 1 0 0.55 0.83 0 0.83 0.55 0 0.95 0.32 0 1 0 0 1 0 0 1 0 0 1 0 0 1 0 0 0.95 -0.32 0 1 0 0 0.83 -0.55 0 0.55 -0.83 0 0 -1 0 0 -1 0 0 -1 0 0.32 -0.95 0 0 -1 0 -0.32 -0.95 0 0 -1 0 0 -1 0 -0.55 -0.83 0 -0.83 -0.55 0 -0.95 -0.32 0 -1 0 0 -1 0 0 -1 0 0 -1 0 0 -1 0 0 -0.83 0.55 0 -0.55 0.83 0 -0.32 0.95 0 0 1 0 0 1 0 -0.95 0.32 0 -1 0 1 0 0 0.95 0 0.32 1 0 0 1 0 0 1 0 0 1 0 0 0.83 0 -0.55 0.55 0 -0.83 0.32 0 -0.95 0 0 -1 0 0 -1 0 0 -1 -0.32 0 -0.95 0 0 -1 -0.55 0 -0.83 -0.83 0 -0.55 -0.95 0 -0.32 -1 0 0 -1 0 0 -1 0 0 -1 0 0 -1 0 0 -0.83 0 0.55 -0.55 0 0.83 -0.32 0 0.95 0 0 1 0 0 1 0 0 1 0 0 1 -0.95 0 0.32 -1 0 0 0 0 -1 0 0 -1 0.95 0 -0.32 1 0 0 0.83 0 0.55 0.55 0 0.83 0.32 0 0.95 0 0 1 0 0 1 0 0 1 -0.32 0 0.95 0 0 1 0 0 1 0 0 1 -0.55 0 0.83 -0.83 0 0.55 -0.95 0 0.32 -1 0 0 -1 0 0 -1 0 0 -1 0 0 -1 0 0 -1 0 0 -0.95 0 -0.32 -0.83 0 -0.55 -0.55 0 -0.83 0 0 -1 0 0 -1 0 0 -1 -0.32 0 -0.95 0 0 -1 0.32 0 -0.95 0 0 -1 0 0 -1 0.55 0 -0.83 0.83 0 -0.55 0.95 0 -0.32 1 0 0 1 0 0 1 0 0 1 0 0 1 0 0 0.95 0 0.32 1 0 0 0.83 0 0.55 0.55 0 0.83 0 0 1 0 0 1 0.32 0 0.95 0.02 -0.64 0.77 0.01 -0.55 0.83 0 -0.64 0.77 0.06 -0.77 0.63 0.02 -0.72 0.69 0 -0.77 0.64 0.11 -0.86 0.49 0.08 -0.83 0.56 0 -0.87 0.5 0.11 -0.9 0.41 0.08 -0.9 0.44 0 -0.93 0.37 0.02 -0.55 0.84 0 -0.54 0.84 0 0 1 0 0 1 0 0 1 0 0 1 0 0 1 0 0 1 0 0 1 0 0 1 0 0 1 0 0 1 0 0 1 0 0 1 0 0 1 0 0 1 0 0 1 0 0 1 0 0 1 0 0 1 0 0 1 0 0 1 0 0 1 0 0 1 0 0 1 0 0 1 0 0 1 -0.11 -0.9 0.41 -0.08 -0.9 0.44 -0.11 -0.86 0.49 -0.06 -0.77 0.63 -0.08 -0.83 0.56 0 -0.77 0.64 -0.02 -0.64 0.77 -0.02 -0.72 0.69 0 -0.64 0.77 -0.02 -0.55 0.84 -0.01 -0.55 0.83 0 -0.54 0.84 0 -0.93 0.37 0 -0.87 0.5 0.02 -0.74 -0.68 0.01 -0.74 -0.67 0 -0.75 -0.66 0.01 -0.78 -0.63 0.01 -0.76 -0.65 0.01 -0.8 -0.6 -0.03 -0.75 -0.66 -0.01 -0.76 -0.66 -0.02 -0.73 -0.68 -0.01 -0.74 -0.67 0.04 -0.75 -0.66 -0.01 -0.73 -0.68 0.01 -0.8 -0.6 0.01 -0.74 -0.67 0.01 -0.75 -0.66 0.04 -0.75 -0.66 0 -0.73 -0.69 0.01 -0.75 -0.66 -0.04 -0.76 -0.65 0 -0.77 -0.64 0 -0.71 -0.71 0 -0.71 -0.71 0.01 -0.74 -0.68 0.02 -0.77 -0.63 0 -0.71 -0.71 -1 0 0 -1 0 0 -1 0 0 -1 0 0 -1 0 0 -1 0 0 -1 0 0 -1 0 0 -1 0 0 -1 0 0 -1 0 0 -1 0 0 1 0 0 1 0 0 1 0 0 1 0 0 1 0 0 1 0 0 1 0 0 1 0 0 1 0 0 1 0 0 1 0 0 1 0 0 -0.38 -0.02 -0.92 -0.32 -0.05 -0.95 -0.5 0.01 -0.87 0 -0.03 -1 -0.06 -0.02 -1 0.06 -0.02 -1 0.13 -0.02 -0.99 0.21 0.02 -0.98 0.27 -0.02 -0.96 0.54 -0.01 -0.84 0.51 -0.01 -0.86 0.53 -0.03 -0.85 0.75 -0.02 -0.67 0.76 -0.03 -0.65 0.68 -0.01 -0.73 0.81 -0.02 -0.58 0.91 0 -0.42 0.9 -0.04 -0.44 -0.99 -0.03 -0.12 -0.99 -0.1 -0.12 -0.98 -0.02 -0.19 0.99 -0.08 -0.12 1 0 -0.08 0.96 -0.24 -0.12 0.98 -0.02 -0.18 0.99 0 -0.12 0.99 0.07 -0.14 0.99 0 -0.12 0.99 0 -0.12 0.87 0.49 -0.11 0.66 0.74 -0.08 1 0 0 -0.99 0.07 -0.14 -0.97 0.22 -0.12 -0.66 0.74 -0.08 -1 0 0 -1 0 -0.08 0.93 -0.03 -0.37 0.91 -0.02 -0.41 -0.61 -0.01 -0.79 -0.54 -0.01 -0.84 -0.68 -0.01 -0.73 0.77 -0.02 -0.64 0.82 0 -0.57 0.61 -0.01 -0.79 0.5 0.01 -0.87 0.38 -0.02 -0.92 0.32 -0.05 -0.95 0.3 -0.03 -0.95 0.16 0 -0.99 -0.13 -0.02 -0.99 -0.16 0 -0.99 -0.27 -0.02 -0.96 -0.3 -0.03 -0.95 -0.21 0.02 -0.98 -0.51 -0.01 -0.86 -0.53 -0.03 -0.85 -0.75 -0.02 -0.67 -0.76 -0.03 -0.65 -0.77 -0.02 -0.64 -0.81 -0.02 -0.58 -0.82 0 -0.57 -0.91 0 -0.42 -0.9 -0.04 -0.44 -0.91 -0.02 -0.41 -0.93 -0.03 -0.37 -0.94 -0.32 0.15 -0.87 -0.4 0.27 -0.91 -0.39 0.13 -0.92 -0.3 0.27 -0.84 -0.41 0.37 -0.89 -0.27 0.37 -0.78 -0.41 0.47 -0.83 -0.27 0.49 -0.71 -0.41 0.58 -0.73 -0.28 0.62 -0.62 -0.42 0.67 -0.65 -0.28 0.71 -0.51 -0.42 0.75 -0.55 -0.27 0.79 -0.44 -0.4 0.81 -0.45 -0.28 0.85 -0.31 -0.41 0.86 -0.32 -0.29 0.9 -0.18 -0.41 0.89 -0.19 -0.29 0.94 -0.06 -0.41 0.91 -0.04 -0.3 0.95 0.07 -0.42 0.9 0.06 -0.27 0.96 0.17 -0.4 0.9 0.19 -0.3 0.93 0.32 -0.4 0.86 0.33 -0.29 0.9 0.42 -0.41 0.81 0.46 -0.29 0.84 0.52 -0.42 0.74 0.55 -0.27 0.79 0.62 -0.42 0.66 0.66 -0.28 0.7 0.7 -0.41 0.58 0.75 -0.26 0.61 0.79 -0.4 0.47 0.84 -0.29 0.47 0.84 -0.39 0.38 0.88 -0.29 0.38 0.88 -0.39 0.26 0.92 -0.3 0.26 0.91 -0.39 0.14 0.94 -0.31 0.14 0.92 -0.39 0 0.95 -0.3 0 0.91 -0.39 -0.13 0.94 -0.3 -0.18 0.87 -0.4 -0.27 0.91 -0.31 -0.29 0.84 -0.41 -0.37 0.88 -0.29 -0.37 0.78 -0.41 -0.47 0.82 -0.28 -0.51 0.71 -0.41 -0.58 0.73 -0.29 -0.62 0.62 -0.42 -0.67 0.63 -0.31 -0.72 0.51 -0.42 -0.75 0.54 -0.3 -0.79 0.44 -0.4 -0.81 0.43 -0.31 -0.85 0.31 -0.41 -0.86 0.32 -0.31 -0.9 0.18 -0.41 -0.89 0.18 -0.28 -0.94 0.06 -0.41 -0.91 0.02 -0.3 -0.95 -0.07 -0.42 -0.9 -0.07 -0.3 -0.95 -0.17 -0.4 -0.9 -0.19 -0.31 -0.93 -0.32 -0.4 -0.86 -0.34 -0.32 -0.88 -0.42 -0.41 -0.81 -0.45 -0.29 -0.85 -0.52 -0.42 -0.74 -0.56 -0.31 -0.77 -0.62 -0.42 -0.66 -0.65 -0.3 -0.7 -0.7 -0.41 -0.58 -0.74 -0.29 -0.61 -0.79 -0.4 -0.47 -0.88 -0.3 -0.37 -0.88 -0.39 -0.26 -0.84 -0.39 -0.38 -0.92 -0.3 -0.25 -0.91 -0.39 -0.14 -0.94 -0.3 -0.14 -0.92 -0.39 0 -0.9 -0.42 0.11 -0.91 -0.42 -0.02 -0.88 -0.42 0.23 -0.83 -0.44 0.34 -0.77 -0.48 0.43 -0.69 -0.48 0.54 -0.62 -0.48 0.62 -0.51 -0.48 0.72 -0.41 -0.47 0.78 -0.34 -0.44 0.83 -0.19 -0.46 0.87 -0.95 -0.31 0.01 0.04 -0.47 0.88 -0.09 -0.47 0.88 0.17 -0.47 0.86 0.28 -0.45 0.85 0.4 -0.45 0.8 0.47 -0.48 0.74 0.59 -0.48 0.65 0.67 -0.48 0.57 0.74 -0.48 0.47 0.81 -0.47 0.35 0.86 -0.43 0.28 0.89 -0.42 0.15 0.91 -0.42 0.02 0.9 -0.42 -0.11 0.88 -0.42 -0.23 0.83 -0.44 -0.34 0.77 -0.48 -0.43 0.69 -0.48 -0.54 0.62 -0.48 -0.62 0.51 -0.48 -0.72 0.41 -0.47 -0.78 0.34 -0.44 -0.83 0.19 -0.46 -0.87 0.09 -0.47 -0.88 -0.04 -0.47 -0.88 -0.17 -0.47 -0.86 -0.28 -0.45 -0.85 -0.4 -0.45 -0.8 -0.47 -0.48 -0.74 -0.59 -0.48 -0.65 -0.67 -0.48 -0.57 -0.74 -0.48 -0.47 -0.81 -0.47 -0.35 -0.86 -0.43 -0.28 -0.89 -0.42 -0.15 -0.67 -0.26 -0.69 -0.71 -0.3 -0.63 -0.8 -0.26 -0.54 -0.84 -0.29 -0.47 -0.87 -0.27 -0.42 -0.92 -0.24 -0.31 -0.94 -0.24 -0.23 -0.97 -0.25 -0.07 -0.96 -0.28 0.05 0.96 -0.24 -0.11 0.93 -0.25 -0.27 0.92 -0.26 -0.31 0.87 -0.23 -0.44 0.79 -0.26 -0.56 0.71 -0.25 -0.66 0.63 -0.24 -0.74 0.62 -0.24 -0.75 0.57 -0.22 -0.79 0.5 -0.24 -0.83 0.38 -0.27 -0.88 0.32 -0.25 -0.92 0.2 -0.28 -0.94 0.06 -0.21 -0.97 -0.03 -0.23 -0.97 -0.09 -0.26 -0.96 -0.27 -0.27 -0.93 -0.35 -0.25 -0.9 -0.42 -0.26 -0.87 -0.53 -0.23 -0.82 -0.6 -0.21 -0.78 -0.63 -0.24 -0.74 0.95 -0.28 0.1 0.96 -0.27 0.04 0.94 -0.24 0.24 0.91 -0.22 0.36 0.87 -0.23 0.43 0.8 -0.23 0.56 0.74 -0.25 0.62 0.71 -0.22 0.67 0.61 -0.19 0.77 0.52 -0.19 0.83 0.5 -0.22 0.84 0.39 -0.21 0.9 0.28 -0.22 0.93 0.26 -0.26 0.93 0.12 -0.24 0.96 0.05 -0.21 0.98 -0.03 -0.21 0.98 -0.12 -0.24 0.96 -0.22 -0.28 0.93 -0.29 -0.24 0.93 -0.39 -0.21 0.9 -0.48 -0.25 0.84 -0.52 -0.21 0.83 -0.61 -0.19 0.77 -0.73 -0.2 0.66 -0.73 -0.23 0.65 -0.8 -0.23 0.56 -0.87 -0.25 0.43 -0.89 -0.23 0.4 -0.94 -0.22 0.26 -0.95 -0.26 0.16 0 1 0 0 1 0 0 1 0 0 1 0 0 1 0 0 1 0 0 1 0 0 1 0 0 1 0 0 1 0 0 1 0 0 1 0 0 1 0 0 1 0 0 1 0 0 1 0 0 1 0 0 1 0 0 1 0 0 1 0 0 1 0 0 1 0 0 1 0 0 1 0 0 1 0 0 1 0 0 1 0 0 1 0 0 1 0 0 1 0 0 1 0 0 1 0 0 1 0 0 1 0 0 1 0 0 1 0 0 1 0 0 1 0 0 1 0 0 1 0 0 1 0 0 1 0 0 1 0 0 1 0 0 1 0 0 1 0 0 1 0 0 1 0 0 1 0 0 1 0 0 1 0 0 1 0 0 1 0 0 1 0 0 1 0 0 1 0 0 1 0 0 1 0 0 1 0 0 1 0 0 1 0 0 1 0 0 1 0 0 1 0 0 1 0 0 1 0 0 1 0 0 1 0 0 1 0 0 1 0 0 1 0 0 1 0 0 1 0 0 1 0 0 1 0 0 1 0 0 1 0 0 1 0 0 1 0 0 1 0 0 1 0 0 1 0 0 1 0 0 1 0 0 1 0 0 1 0 0 1 0 0 1 0 0 1 0 0 1 0 0 1 0 0 1 0 0 1 0 0 1 0 1 0.01 0 0.99 0.01 0.14 1 0 0 0.86 0.01 0.51 0.77 0.01 0.63 0.86 0 0.5 0.68 0.01 0.74 0.55 0.01 0.83 0.69 0 0.72 0.45 0 0.89 0.37 0 0.93 0.33 0 0.94 0.19 0.01 0.98 0.07 0.01 1 0.21 0 0.98 -0.07 0.01 1 -0.21 0.01 0.98 -0.07 0 1 -0.34 0.01 0.94 -0.45 0 0.89 -0.35 0 0.94 -0.57 0.01 0.82 -0.69 0.01 0.72 -0.55 0 0.83 -0.78 0.01 0.63 -0.86 0.01 0.5 -0.77 0 0.63 -0.92 0.01 0.39 -0.96 0.01 0.27 -0.93 0 0.38 -0.98 0.01 0.18 -1 0 0 -0.99 0 0.14 -0.99 0 -0.15 -0.97 0 -0.26 -0.99 0 -0.14 -0.89 0.01 -0.45 -0.86 0.01 -0.5 -0.93 0 -0.37 -0.78 0.01 -0.63 -0.69 0.01 -0.72 -0.77 0 -0.63 -0.57 0.01 -0.82 -0.45 0 -0.89 -0.55 0 -0.83 -0.34 0.01 -0.94 -0.21 0.01 -0.98 -0.35 0 -0.94 -0.07 0.01 -1 0.07 0.01 -1 -0.07 0 -1 0.21 0.01 -0.98 0.35 0.01 -0.94 0.21 0 -0.98 0.45 0.01 -0.89 0.55 0.01 -0.83 0.45 0 -0.89 0.68 0.01 -0.74 0.77 0.01 -0.63 0.69 0 -0.72 0.86 0.01 -0.51 0.93 0.01 -0.38 0.86 0 -0.5 0.96 0.01 -0.27 0.99 0.01 -0.14 0.96 0 -0.27 -0.96 0 -0.3 -1 0 0 0.52 0.01 0.86 0.93 0.01 0.38 0.96 0.01 0.27 0.96 0 0.27 0.8 0 -0.6 0.6 0 -0.8 0.86 0 -0.51 0.51 0 -0.86 0.16 0 -0.99 -0.16 0 -0.99 -0.51 0 -0.86 -0.6 0 -0.8 -0.8 0 -0.6 -0.86 0 -0.51 -0.99 0 -0.16 -0.99 0 0.16 -0.86 0 0.51 -0.8 0 0.6 -0.6 0 0.8 -0.51 0 0.86 -0.16 0 0.99 0.16 0 0.99 0.51 0 0.86 0.6 0 0.8 0.8 0 0.6 0.99 0 0.16 0.86 0 0.51 0.99 0 -0.16 0 1 0 0 1 0 0 1 0 0 1 0 0 1 0 0 1 0 0 1 0 0 1 0 0 1 0 0 1 0 0 1 0 0 1 0 0 1 0 0.99 0 -0.16 0.86 0 -0.51 0.99 0 0.16 0.8 0 -0.6 0.6 0 -0.8 0.51 0 -0.86 0.16 0 -0.99 -0.16 0 -0.99 -0.51 0 -0.86 -0.6 0 -0.8 -0.8 0 -0.6 -0.86 0 -0.51 -0.99 0 -0.16 -0.99 0 0.16 -0.86 0 0.51 -0.8 0 0.6 -0.6 0 0.8 -0.51 0 0.86 -0.16 0 0.99 0.16 0 0.99 0.51 0 0.86 0.6 0 0.8 0.8 0 0.6 0.86 0 0.51 0 1 0 0 1 0 0 1 0 0 1 0 0 1 0 0 1 0 0 1 0 0 1 0 0 1 0 0 1 0 0 1 0 0 1 0 0 1 0 -0.86 0 -0.51 -0.99 0 -0.16 -0.8 0 -0.6 0.99 0 -0.16 0.86 0 -0.51 0.99 0 0.16 0.8 0 -0.6 0.6 0 -0.8 0.51 0 -0.86 0.16 0 -0.99 -0.16 0 -0.99 -0.51 0 -0.86 -0.6 0 -0.8 -0.99 0 0.16 -0.86 0 0.51 -0.8 0 0.6 -0.6 0 0.8 -0.51 0 0.86 -0.16 0 0.99 0.16 0 0.99 0.51 0 0.86 0.6 0 0.8 0.8 0 0.6 0.86 0 0.51 0 1 0 0 1 0 0 1 0 0 1 0 0 1 0 0 1 0 0 1 0 0 1 0 0 1 0 0 1 0 0 1 0 0 1 0 0 1 0 0.6 0 0.8 0.8 0 0.6 0.51 0 0.86 0.16 0 0.99 -0.16 0 0.99 -0.51 0 0.86 -0.6 0 0.8 -0.8 0 0.6 -0.86 0 0.51 -0.99 0 0.16 -0.99 0 -0.16 -0.86 0 -0.51 -0.8 0 -0.6 -0.6 0 -0.8 -0.51 0 -0.86 -0.16 0 -0.99 0.16 0 -0.99 0.51 0 -0.86 0.6 0 -0.8 0.8 0 -0.6 0.86 0 -0.51 0.99 0 -0.16 0.99 0 0.16 0.86 0 0.51 0 1 0 0 1 0 0 1 0 0 1 0 0 1 0 0 1 0 0 1 0 0 1 0 0 1 0 0 1 0 0 1 0 0 1 0 0 1 0 -1 0 0 -1 0 0 -1 0 0 -1 0 0 -1 0 0 -1 0 0 -1 0 0 -1 0 0 -1 0 0 -1 0 0 -1 0 0 1 0 0 1 0 0 1 0 0 1 0 0 1 0 0 1 0 0 1 0 0 1 0 0 1 0 0 1 0 0 1 0 0 0 0 1 0 0 1 0 0 1 0 0 1 0 0 1 0 0 1 0 0 1 0 -1 0 0 -1 0 0 -1 0 0 -1 0 0 0 -1 0 0 -1 0 0 -1 0 0 -1 0 0 -1 0 0 -1 0 0 -1 0 0 -1 0 0 -1 0 0 -1 0 0 -1 0 0 -1 0 0 -1 0 0 -1 0 0 -1 0 0 -1 0 0 -1 0 0 -1 0 0 -1 0 0 -1 0 0 -1 0 0 -1 -1 0 0 -1 0 0 -1 0 0 0 0 -1 0 0 -1 0 0 -1 0 1 0 0 1 0 0 1 0 1 0 0 1 0 0 1 0 0 0 0 -1 0 0 -1 0 0 -1 0 1 0 0 1 0 0 1 0 -1 0 0 -1 0 0 -1 0 0 -1 0 0 -1 0 0 0 0 -1 0 0 -1 0 0 -1 0 0 -1 0 0 -1 0 0 -1 0.51 -0.27 0.82 0.62 -0.15 0.77 0.48 -0.29 0.83 0.49 -0.4 0.77 0.5 -0.34 0.8 0.5 -0.42 0.76 0.51 -0.45 0.73 0.54 -0.4 0.74 1 0 0 0 1 0 0 1 0 0 1 0 0 1 0 0 1 0 0 1 0 1 0 0 1 0 0 1 0 0 1 0 0 1 0 0 -0.49 -0.34 0.8 -0.51 -0.42 0.75 -0.51 -0.44 0.74 -0.44 -0.15 0.88 -0.53 -0.11 0.84 -0.5 -0.26 0.83 -0.52 -0.47 0.71 0 0 -1 0 0 -1 0 0 -1 0 0 -1 0 0 -1 0 0 1 0 0 1 0 0 1 0 0 1 0 0 1 0 0 1 0 0 1 0 0 1 0 0 1 0 0 1 0 0 1 0 0 1 0 0 1 0 0 1 0 0 1 0 0 1 0 0 1 0 0 1 0 0 1 0 0 1 0 0 1 0 0 1 0 0 1 0 0 1 0 0 1 0 0 1 0 0 1 0 0 1 0 0 1 0 0 1 0 0 1 0 0 1 0 0 1 0 0 1 0 0 1 0 0 1 0 0 1 0 0 1 0.06 -1 0 0.3 -0.95 0 0.4 -0.92 0 0.59 -0.81 0 0.68 -0.74 0 0.83 -0.56 0 0.89 -0.45 0 -0.59 -0.81 0 -0.4 -0.92 0 -0.3 -0.95 0 0.98 -0.22 0 0.99 -0.11 0 0.4 0.92 0 0.59 0.81 0 0.68 0.74 0 0.83 0.56 0 0.89 0.45 0 -0.06 -1 0 0.98 0.22 0 0.3 0.95 0 0.06 1 0 -0.06 1 0 0.99 0.11 0 -0.3 0.95 0 -0.4 0.92 0 -0.59 0.81 0 -0.68 0.74 0 -0.83 0.56 0 -0.89 0.45 0 -0.98 0.22 0 -0.99 0.11 0 -0.99 -0.11 0 -0.98 -0.22 0 -0.68 -0.74 0 -0.83 -0.56 0 -0.89 -0.45 0 0 0 -1 0 0 -1 0 0 -1 0 0 -1 0 0 -1 0 0 -1 0 0 -1 0 0 -1 0 0 -1 0 0 -1 0 0 -1 0 0 -1 0 0 -1 0 0 -1 0 0 -1 0 0 -1 0 0 -1 0 0 -1 0 0 -1 0 0 -1 0 0 -1 0 0 -1 0 0 -1 0 0 -1 0 0 -1 0 0 -1 0 0 -1 0 0 -1 0 0 -1 0 0 -1 0 0 -1 0 0 -1 0 0 -1 0 0 -1 0 0 -1 0 0 -1 0 0 1 0 0 1 0 0 1 0 0 1 0 0 1 0 0 1 0 0 1 0 0 1 0 0 1 0 0 1 0 0 1 0 0 1 0 0 1 0 0 1 0 0 1 0 0 1 0 0 1 0 0 1 0 0 1 0 0 1 0 0 1 0 0 1 0 0 1 0 0 1 0 0 1 0 0 1 0 0 1 0 0 1 0 0 1 0 0 1 0 0 1 0 0 1 0 0 1 0 0 1 0 0 1 0.45 -0.89 0 0.45 -0.89 0 0.45 -0.89 0 0.45 -0.89 0 1 0 0 0.95 -0.32 0 0.83 -0.55 0 0.45 -0.89 0 0.2 -0.98 0 0 -1 0 0 -1 0 -0.32 -0.95 0 -0.55 -0.83 0 -0.71 -0.71 0 -0.71 -0.71 0 1 0 0 0.32 -0.95 0 0.32 -0.95 0 0.32 -0.95 0 0.32 -0.95 0 0.95 -0.32 0 1 0 0 1 0 0 0.71 -0.71 0 0.55 -0.83 0 0.32 -0.95 0 0.83 -0.55 0 0.71 -0.71 0 -0.24 -0.97 0 -0.37 -0.93 0 -0.45 -0.89 0 -0.45 -0.89 0 0.45 -0.89 0 0.45 -0.89 0 0.45 -0.89 0 0.45 -0.89 0 1 0 0 1 0 0 1 0 0 0.95 -0.32 0 0.83 -0.55 0 0.55 -0.83 0 0.32 -0.95 0 0 -1 0 0 -1 0 0 -1 0 0 -1 0 1 0 0 0.71 -0.71 0 0.71 -0.71 0 0.71 -0.71 0 0.71 -0.71 0 0.83 -0.55 0 0.45 -0.89 0 0.2 -0.98 0 0.83 -0.55 0 0.95 -0.32 0 0.95 0.32 0 0.71 0.71 0 0.95 -0.32 0 0.71 0.71 0 0.95 -0.32 0 0 -1 0 0 -1 0 0.89 -0.45 0 0.89 -0.45 0 0.89 -0.45 0 0.89 -0.45 0 0.83 -0.55 0 0.6 -0.8 0 0.51 -0.86 0 1 0 0 0.95 -0.32 0 0.45 -0.89 0 0.45 -0.89 0 1 0 0 0.95 0.32 0 0.83 0.55 0 0.71 0.71 0 0.71 0.71 0 0.89 -0.45 0 0.89 -0.45 0 0.89 -0.45 0 0.89 -0.45 0 0.83 -0.55 0 0.71 -0.71 0 0.71 -0.71 0 0.71 -0.71 0 0.71 -0.71 0 0.95 0.32 0 1 0 0 1 0 0 0.95 -0.32 0 0.83 0.55 0 0.71 0.71 0 0.71 0.71 0 1 0 0 1 0 0 1 0 0 1 0 0 0.95 0.32 0 1 0 0 1 0 0 0.95 -0.32 0 0.83 -0.55 0 0.71 -0.71 0 0.71 -0.71 0 0.71 0.71 0 0.83 0.55 0 0.71 0.71 0 0.71 0.71 0 0.71 0.71 0 0.89 0.45 0 0.89 0.45 0 0.89 0.45 0 0.89 0.45 0 0.83 0.55 0 0.6 0.8 0 0.51 0.86 0 1 0 0 0.95 0.32 0 0.95 -0.32 0 1 0 0 0.71 -0.71 0 0.83 -0.55 0 0.45 0.89 0 0.45 0.89 0 0.71 -0.71 0 0.89 0.45 0 0.89 0.45 0 0.89 0.45 0 0.89 0.45 0 0.2 0.98 0 0 1 0 0 1 0 0.83 0.55 0 0.45 0.89 0 0.95 0.32 0 0.95 0.32 0 0.95 0.32 0 0.83 0.55 0 0.71 -0.71 0 0.95 -0.32 0 0.71 -0.71 0 0.71 0.71 0 0.71 0.71 0 0.71 0.71 0 0.71 0.71 0 0 1 0 0 1 0 0 1 0 0.32 0.95 0 0.55 0.83 0 0.83 0.55 0 0.95 0.32 0 1 0 0 1 0 0 1 0 0 1 0 0 0 1 0 0.45 0.89 0 0.45 0.89 0 0.45 0.89 0 0.45 0.89 0 0.55 0.83 0 0.71 0.71 0 0.71 0.71 0 0.83 0.55 0 0.95 0.32 0 1 0 0 1 0 0 -0.24 0.97 0 0.32 0.95 0 -0.37 0.93 0 -0.45 0.89 0 -0.45 0.89 0 0.32 0.95 0 0.32 0.95 0 0.32 0.95 0 0.32 0.95 0 -0.71 0.71 0 -0.55 0.83 0 -0.32 0.95 0 0 1 0 0 1 0 0.2 0.98 0 0.45 0.89 0 0.83 0.55 0 0.95 0.32 0 1 0 0 1 0 0 -0.71 0.71 0 0.45 0.89 0 0.45 0.89 0 0.45 0.89 0 0.45 0.89 0 -0.71 0.71 0 -0.45 0.89 0 -0.2 0.98 0 0.2 0.98 0 0.45 0.89 0 -0.71 0.71 0 -0.71 0.71 0 -0.71 0.71 0 0.71 0.71 0 0.71 0.71 0 0.71 0.71 0 0.71 0.71 0 -0.45 0.89 0 -0.45 0.89 0 -0.45 0.89 0 -0.45 0.89 0 0 1 0 -0.2 0.98 0 -0.45 0.89 0 -0.95 0.32 0 -1 0 0 -1 0 0 0.32 0.95 0 0 1 0 -0.83 0.55 0 0.55 0.83 0 0.71 0.71 0 0.71 0.71 0 -0.32 0.95 0 -0.32 0.95 0 -0.32 0.95 0 -0.32 0.95 0 0.24 0.97 0 -0.32 0.95 0 -0.55 0.83 0 0.45 0.89 0 0.37 0.93 0 -0.95 0.32 0 -1 0 0 -1 0 0 0.45 0.89 0 -0.71 0.71 0 -0.83 0.55 0 -0.71 0.71 0 -0.45 0.89 0 -0.45 0.89 0 -0.45 0.89 0 -0.45 0.89 0 -0.55 0.83 0 -0.83 0.55 0 -0.95 0.32 0 0 1 0 0 1 0 0 1 0 -1 0 0 -1 0 0 -1 0 0 -1 0 0 -0.32 0.95 0 0 1 0 -0.71 0.71 0 -0.71 0.71 0 -0.71 0.71 0 -0.71 0.71 0 -0.95 0.32 0 -0.95 0.32 0 -0.83 0.55 0 -0.45 0.89 0 -0.2 0.98 0 -0.71 -0.71 0 -0.95 -0.32 0 -0.95 0.32 0 0 1 0 0 1 0 -0.71 -0.71 0 -0.83 0.55 0 -0.89 0.45 0 -0.89 0.45 0 -0.89 0.45 0 -0.89 0.45 0 -0.95 -0.32 0 -1 0 0 -1 0 0 -0.71 -0.71 0 -0.83 -0.55 0 -0.95 0.32 0 -0.83 0.55 0 -0.71 -0.71 0 -0.6 0.8 0 -0.45 0.89 0 -0.51 0.86 0 -0.45 0.89 0 -0.89 0.45 0 -0.89 0.45 0 -0.89 0.45 0 -0.89 0.45 0 -0.71 0.71 0 -0.71 0.71 0 -0.71 0.71 0 -0.71 0.71 0 -1 0 0 -0.95 -0.32 0 -0.83 -0.55 0 -0.71 -0.71 0 -0.95 0.32 0 -1 0 0 -0.71 -0.71 0 -0.83 0.55 0 -1 0 0 -1 0 0 -1 0 0 -1 0 0 -0.95 -0.32 0 -1 0 0 -1 0 0 -0.83 -0.55 0 -0.71 -0.71 0 -0.71 -0.71 0 -0.95 0.32 0 -0.83 0.55 0 -0.71 0.71 0 -0.71 0.71 0 -0.71 -0.71 0 -0.71 -0.71 0 -0.89 -0.45 0 -0.89 -0.45 0 -0.89 -0.45 0 -0.89 -0.45 0 -0.95 -0.32 0 -1 0 0 -1 0 0 -0.95 0.32 0 -0.83 0.55 0 -0.6 -0.8 0 -0.83 -0.55 0 -0.45 -0.89 0 -0.51 -0.86 0 -0.45 -0.89 0 -0.71 0.71 0 -0.71 0.71 0 -0.89 -0.45 0 -0.89 -0.45 0 -0.89 -0.45 0 -0.89 -0.45 0 -0.83 -0.55 0 -0.95 -0.32 0 -0.95 0.32 0 -0.71 0.71 0 -0.71 0.71 0 -0.45 -0.89 0 -0.83 -0.55 0 -0.95 -0.32 0 -0.95 -0.32 0 0 -1 0 -0.2 -0.98 0 0 -1 0 -0.71 -0.71 0 -0.71 -0.71 0 -0.71 -0.71 0 -0.71 -0.71 0 -0.95 -0.32 0 -1 0 0 -1 0 0 -0.83 -0.55 0 -1 0 0 -1 0 0 -0.55 -0.83 0 -0.32 -0.95 0 0 -1 0 0 -1 0 0 -1 0 0 -1 0 -0.45 -0.89 0 -0.45 -0.89 0 -0.45 -0.89 0 -0.45 -0.89 0 -0.32 -0.95 0 0.24 -0.97 0 0.37 -0.93 0 0.45 -0.89 0 0.45 -0.89 0 -0.83 -0.55 0 -0.71 -0.71 0 -0.71 -0.71 0 -0.55 -0.83 0 -1 0 0 -0.95 -0.32 0 -1 0 0 -0.32 -0.95 0 -0.32 -0.95 0 -0.32 -0.95 0 -0.32 -0.95 0 -0.45 -0.89 0 -0.83 -0.55 0 -0.95 -0.32 0 -1 0 0 -1 0 0 0 -1 0 -0.2 -0.98 0 0.71 -0.71 0 0.55 -0.83 0 0.32 -0.95 0 0 -1 0 0.71 -0.71 0 -0.45 -0.89 0 -0.45 -0.89 0 -0.45 -0.89 0 -0.45 -0.89 0 0.71 -0.71 0 0.71 -0.71 0 0.71 -0.71 0 -0.2 -0.98 0 0.2 -0.98 0 0.45 -0.89 0 0.71 -0.71 0 -0.71 -0.71 0 -0.45 -0.89 0 -0.71 -0.71 0 -0.71 -0.71 0 -0.71 -0.71 0 0 0 1 0 0 1 0 0 1 0 0 1 0 0 1 0 0 1 0 0 1 0 0 1 0 0 1 0 0 1 0 0 1 0 0 1 0 0 1 0 0 1 0 0 1 0 0 1 0 0 1 0 0 1 0 0 1 0 0 1 0 0 1 0 0 1 0 0 1 0 0 1 0 0 1 0 0 1 0 0 1 0 0 1 0 0 1 0 0 1 0 0 1 0 0 1 0 0 1 0 0 1 0 0 1 0 0 1 0 0 1 0 0 1 0 0 1 0 0 1 0 0 1 0 0 1 0 0 1 0 0 1 0 0 1 0 0 1 0 0 1 0 0 1 0 0 1 0 0 1 0 0 1 0 0 1 0 0 1 0 0 1 0 0 1 0 0 1 0 0 1 0 0 1 0 0 1 0 0 1 0 0 1 0 0 1 0 0 1 0 0 1 0 0 1 0 0 1 0 0 1 0 0 1 0 0 1 0 0 1 0 0 1 0 0 1 0 0 1 0 0 1 0 0 1 0 0 1 0 0 1 0 0 1 0 0 1 0 0 1 0 0 1 0 0 1 0 0 1 0 0 1 0 0 1 0 0 1 0 0 1 0 0 1 0 0 1 0 0 1 0 0 1 0 0 1 0 0 1 0 0 1 0 0 1 0 0 1 0 0 1 0 0 1 0 0 1 0 0 1 0 0 1 0 0 1 0 0 1 0 0 1 0 0 1 0 0 1 0 0 1 0 0 1 0 0 1 0 0 1 0 0 1 0 0 1 0 0 1 0 0 1 0 0 1 0 0 1 0 0 1 0 0 1 0 0 1 0 0 1 0 0 1 0 0 1 0 0 1 0 0 1 0 0 1 0 0 1 0 0 1 0 0 1 0 0 1 0 0 1 0 0 1 0 0 1 0 0 1 0 0 1 0 0 1 0 0 1 0 0 1 0 0 1 0 0 1 0 0 1 0 0 1 0 0 1 0 0 1 0 0 1 0 0 1 0 0 1 0 0 1 0 0 1 0 0 1 0 0 1 0 0 1 0 0 1 0 0 1 0 0 1 0 0 1 0 0 1 0 0 1 0 0 1 0 0 1 0 0 1 0 0 1 0 0 1 0 0 1 0 0 1 0 0 1 0 0 1 0 0 1 0 0 1 0 0 1 0 0 1 0 0 1 0 0 1 0 0 1 0 0 1 0 0 1 0 0 1 0 0 1 0 0 1 0 0 1 0 0 1 0 0 1 0 0 1 0 0 1 0 0 1 0 0 1 0 0 1 0 0 1 0 0 1 0 0 1 0 0 1 0 0 1 0 0 1 0 0 1 0 0 1 0 0 1 0 0 1 0 0 1 0 0 1 0 0 1 0 0 1 0 0 1 0 0 1 0 0 1 0 0 1 0 0 1 0 0 1 0 0 1 0 0 1 0 0 1 0 0 1 0 0 1 0 0 1 0 0 1 0 0 1 0 0 1 0 0 1 0 0 1 0 0 1 0 0 1 0 0 1 0 0 1 0 0 1 0 0 1 0 0 1 0 0 1 0 0 1 0 0 1 0 0 1 0 0 1 0 0 1 0 0 1 0 0 1 0 0 1 0 0 1 0 0 1 0 0 1 0 0 1 0 0 1 0 0 1 0 0 1 0 0 1 0 0 1 0 0 1 0 0 1 0 0 1 0 0 1 0 0 1 0 0 1 0 0 1 0 0 1 0 0 1 0 0 1 0 0 1 0 0 1 0 0 1 0 0 1 0 0 1 0 0 1 0 0 1 0 0 1 0 0 1 0 0 1 0 0 1 0 0 1 0 0 1 0 0 1 0 0 1 0 0 1 0 0 1 0 0 1 0 0 1 0 0 1 0 0 1 0 0 1 0 0 1 0 0 1 0 0 1 0 0 1 0 0 1 0 0 1 0 0 1 0 0 1 0 0 1 0 0 1 0 0 1 0 0 1 0 0 1 0 0 1 0 0 1 0 0 1 0 0 1 0 0 1 0 0 1 0 0 1 0 0 1 0 0 1 0 0 1 0 0 1 0 0 1 0 0 1 0 0 1 0 0 1 0 0 1 0 0 1 0 0 1 0 0 1 0 0 1 0 0 1 0 0 1 0 0 1 0 0 1 0 0 1 0 0 1 0 0 1 0 0 1 0 0 1 0 0 1 0 0 -1 0.28 0.96 0 0.05 1 0 0.41 0.91 0 0.63 0.77 0 0.72 0.69 0 0.87 0.5 0 0.92 0.39 0 0.99 0.14 0 1 0.02 0 0.98 -0.21 0 0.95 -0.32 0 0.83 -0.55 0 0.75 -0.66 0 0.57 -0.82 0 0.48 -0.88 0 0.25 -0.97 0 0.12 -0.99 0 -0.12 -0.99 0 -0.25 -0.97 0 -0.48 -0.88 0 -0.57 -0.82 0 -0.75 -0.66 0 -0.83 -0.55 0 -0.95 -0.32 0 -0.98 -0.21 0 -1 0.02 0 -0.99 0.14 0 -0.92 0.39 0 -0.87 0.5 0 -0.72 0.69 0 -0.63 0.77 0 -0.41 0.91 0 -0.28 0.96 0 -0.05 1 0 0 0 -1 0 0 -1 0 0 -1 0 0 -1 0 0 -1 0 0 -1 0 0 -1 0 0 -1 0 0 -1 0 0 -1 0 0 -1 0 0 -1 0 0 -1 0 0 -1 0 0 -1 0 0 -1 0 0 -1 0 0 -1 0 0 -1 0 0 -1 0 0 -1 0 0 -1 0 0 -1 0 0 -1 0 0 -1 0 0 -1 0 0 -1 0 0 -1 0 0 -1 0 0 -1 0 0 -1 0 0 -1 0 0 -1 0 0 -1 0 0 -1 0 0 -1 0 0 -1 0 0 -1 0 0 -1 0 0 -1 0 0 -1 0 0 -1 0 0 -1 0 0 -1 0 0 -1 0 0 -1 0 0 -1 0 0 -1 0 0 -1 0 0 -1 0 0 -1 0 0 -1 0 0 -1 0 0 -1 0 0 -1 0 0 -1 0 0 -1 0 0 -1 0 0 -1 0 0 -1 0 0 -1 0 0 -1 0 0 -1 0 0 -1 0 0 -1 0 0 -1 0 0 -1 0 0 -1 0 0 -1 0 0 -1 0 0 -1 0 0 -1 0 0 -1 0 0 -1 0 0 -1 0 0 -1 0 0 -1 0 0 -1 0 0 -1 0 0 -1 0 0 -1 0 0 -1 0 0 -1 0 0 -1 0 0 -1 0 0 -1 0 0 -1 0 0 -1 0 0 -1 0 0 -1 0 0 -1 0 0 -1 0 0 -1 0 0 -1 0 0 -1 0 0 -1 0 0 -1 0 0 -1 0 0 -1 0 0 -1 0 0 -1 0 0 -1 0 0 -1 0 0 -1 0 0 -1 0 0 -1 0 0 -1 0 0 -1 0 0 -1 0 0 -1 0 0 -1 0 0 -1 0 0 -1 0 0 -1 0 0 -1 0 0 -1 0 0 -1 0 0 -1 0 0 -1 0 0 -1 0 0 -1 0 0 -1 0 0 -1 0 0 -1 0 0 -1 0 0 -1 0 0 -1 0 0 -1 0 0 -1 0 0 -1 0 0 -1 0 0 -1 0 0 -1 0 0 -1 0 0 -1 0 0 -1 0 0 1 0 0 -1 0 0 -1 0 0 -1 0 0 -1 0 0 -1 0 0 -1 0 0 -1 0 0 -1 0 0 -1 0 0 -1 0 0 -1 0 0 -1 0 0 -1 0 0 -1 0 0 -1 0 0 -1 0 0 -1 0 0 1 0 0 -1 0 0 -1 0 0 -1 0 0 -1 0 0 -1 0 0 -1 0 0 -1 0 0 -1 0 0 -1 0 0 -1 0 0 -1 0 0 -1 0 0 -1 0 0 -1 0 0 -1 0 0 -1 0 0 -1 0 0 -1 0 0 -1 0 0 -1 0 0 -1 0 0 -1 0 0 -1 0 0 -1 0 0 -1 0 0 -1 0 0 -1 0 0 -1 0 0 -1 0 0 -1 0 0 -1 0 0 -1 0 0 -1 0 0 -1 0 0 -1 0 0 -1 0 0 -1 0 0 -1 0 0 -1 0 0 -1 0 0 -1 0 0 -1 0 0 -1 0 0 -1 0 0 -1 0 0 -1 0 0 -1 0 0 -1 0 0 -1 0 0 -1 0 0 -1 0 0 -1 0 0 -1 0 0 -1 0 0 -1 0 0 -1 0 0 -1 0 0 -1 0 0 -1 0 0 -1 0 0 -1 0 0 -1 0 0 -1 0 0 -1 0 0 -1 0 0 -1 0 0 -1 0 0 -1 0 0 -1 0 0 -1 0 0 -1 0 0 -1 0 0 -1 0 0 -1 0 0 -1 0 0 -1 0 0 -1 0 0 -1 0 0 -1 0 0 -1 0 0 -1 0 0 -1 0 0 -1 0 0 -1 0 0 -1 0 0 -1 0 0 -1 0 0 -1 0 0 -1 0 0 -1 0 0 -1 0 0 -1 0 0 -1 0 0 -1 0 0 -1 0 0 -1 0 0 -1 0 0 -1 0 0 -1 0 0 -1 0 0 -1 0 0 -1 0 0 -1 0 0 -1 0 0 -1 0 0 -1 0 0 -1 0 0 -1 0 0 -1 0 0 -1 0 0 -1 0 0 -1 0 0 -1 0 0 -1 0 0 -1 0 0 -1 0 0 -1 0 0 -1 0 0 -1 0 0 -1 0 0 -1 0 0 -1 0 0 -1 0 0 -1 0 0 -1 0 0 -1 0 0 -1 0 0 -1 0 0 -1 0 0 -1 0 0 -1 0 0 -1 0 0 -1 0 0 -1 0 0 -1 0 0 -1 0 0 -1 0 0 -1 0 0 -1 0 0 -1 0 0 -1 0 0 -1 0 0 -1 0 0 -1 0 0 -1 0 0 -1 0 0 -1 0 0 -1 0 0 -1 0 0 -1 0 0 -1 0 0 -1 0 0 -1 0 0 -1 0 0 -1 0 0 -1 0 0 -1 0 0 -1 0 0 -1 0 0 -1 0 0 -1 0 0 -1 0 0 -1 -0.32 -0.95 0 -0.48 -0.88 0 -0.17 -0.99 -0.03 0 -1 -0.04 0.23 -0.97 -0.02 0.28 -0.96 0 0.05 1 0 0.28 0.96 0 -0.05 1 0 0.41 0.91 0 0.63 0.77 0 0.72 0.69 0 0.87 0.5 0 0.92 0.39 0 0.99 0.14 0 1 0.02 0 0.98 -0.21 0 0.95 -0.32 0 0.83 -0.55 0 0.75 -0.66 0 0.57 -0.82 0 0.48 -0.88 0 -0.57 -0.82 0 -0.75 -0.66 0 -0.83 -0.55 0 -0.95 -0.32 0 -0.98 -0.21 0 -1 0.02 0 -0.99 0.14 0 -0.92 0.39 0 -0.87 0.5 0 -0.72 0.69 0 -0.63 0.77 0 -0.41 0.91 0 -0.28 0.96 0 0 1 0 0 1 0 0.32 0.95 0 0.55 0.83 0 0.71 0.71 0 0.71 0.71 0 -1 0 0 -1 0 0 -1 0 0 -1 0 0 -1 0 0 -1 0 0 -1 0 0 -1 0 0 -0.32 0.95 0 0 1 0 -0.55 0.83 0 -0.71 0.71 0 -0.71 0.71 0 0 1 0 -1 0 0 -1 0 0 -1 0 0 -0.71 0.71 0 -0.83 0.55 0 -0.71 0.71 0 -1 0 0 -0.95 0.32 0 -0.95 -0.32 0 -1 0 0 -0.83 -0.55 0 -0.71 -0.71 0 -0.71 -0.71 0 -1 0 0 -1 0 0 -1 0 0 -1 0 0 -1 0 0 -1 0 0 -1 0 0 -1 0 0 -1 0 0 -1 0 0 -1 0 0 0 1 0 0 1 0 0 1 0 0 1 0 0 1 0 0 1 0 1 0 0 1 0 0 1 0 0 1 0 0 1 0 0 1 0 0 1 0 0 1 0 0 -0.95 0.32 0 -1 0 0 -0.83 0.55 0 -0.95 0.32 0 -1 0 0 -0.83 0.55 0 -1 0 0 -1 0 0 0.45 0.89 0 0 1 0 0.89 0.45 0 0 1 0 1 0 0 1 0 0 -0.83 -0.55 0 -0.71 -0.71 0 -0.95 -0.32 0 -1 0 0 -1 0 0 -0.71 -0.71 0 1 0 0 1 0 0 1 0 0 1 0 0 0.95 -0.32 0 0.83 -0.55 0 0.71 -0.71 0 0.71 -0.71 0 0.45 0.89 0 0 1 0 0.89 0.45 0 0.45 0.89 0 0 1 0 0.89 0.45 0 0 1 0 0 1 0 0.95 0.32 0 1 0 0 0.83 0.55 0 0.71 0.71 0 0.71 0.71 0 1 0 0 0 1 0 0 1 0 0 1 0 0 1 0 0 1 0 0 1 0 1 0 0 0.95 -0.32 0 1 0 0 0.71 -0.71 0 0.83 -0.55 0 0.71 -0.71 0 -0.71 0.71 0 -0.55 0.83 0 -0.71 0.71 0 -0.32 0.95 0 0 1 0 0 1 0 0.95 0.32 0 1 0 0 0.83 0.55 0 0.71 0.71 0 1 0 0 1 0 0 1 0 0 0.71 0.71 0 -0.71 0.71 0 -0.71 0.71 0 -0.95 0.32 0 -1 0 0 -0.83 0.55 0 -1 0 0 0 -1 0 0 -1 0 0.89 -0.45 0 1 0 0 0.45 -0.89 0 1 0 0 -1 0 0 -0.95 0.32 0 -1 0 0 -1 0 0 -1 0 0 -0.83 0.55 0 -0.71 0.71 0 -0.71 0.71 0 1 0 0 1 0 0 1 0 0 1 0 0 1 0 0 1 0 0 1 0 0 1 0 0 -0.83 -0.55 0 -0.71 -0.71 0 -0.95 -0.32 0 -1 0 0 -1 0 0 -1 0 0 -1 0 0 -0.71 -0.71 0 0 -1 0 0.45 -0.89 0 0 -1 0 0.45 -0.89 0 0 -1 0 0.89 -0.45 0 0 -1 0 0.89 -0.45 0 0 -1 0 -0.32 -0.95 0 0 -1 0 -0.71 -0.71 0 -0.55 -0.83 0 -0.71 -0.71 0 1 0 0 1 0 0 1 0 0 0.83 -0.55 0 0.71 -0.71 0 0.95 -0.32 0 1 0 0 0.71 -0.71 0 -0.89 -0.45 0 -0.89 -0.45 0 -0.45 -0.89 0 -0.45 -0.89 0 0 -1 0 0 -1 0 0 -1 0 0 -1 0 0 -1 0 0 -1 0 0.71 -0.71 0 0.55 -0.83 0 0.71 -0.71 0 0.32 -0.95 0 1 0 0 0.95 0.32 0 1 0 0 1 0 0 1 0 0 0.83 0.55 0 0.71 0.71 0 0.71 0.71 0 0.95 -0.32 0 1 0 0 0.83 -0.55 0 0.83 -0.55 0 0.95 -0.32 0 1 0 0 1 0 0 1 0 0 1 0 0 0.95 0.32 0 1 0 0 0.83 0.55 0 0.83 0.55 0 0.95 0.32 0 1 0 0 1 0 0 0 -1 0 0 -1 0 0 -1 0 0 -1 0 0 -1 0 0 -1 0 0.71 0.71 0 0.71 0.71 0 0.83 0.55 0 1 0 0 0.95 0.32 0 1 0 0 0.83 -0.55 0 0.71 -0.71 0 0.95 -0.32 0 1 0 0 1 0 0 0.71 -0.71 0 0.55 0.83 0 0.71 0.71 0 0.32 0.95 0 0.71 0.71 0 0 1 0 0 1 0 0 -1 0 0 -1 0 0 -1 0 0 -1 0 0 -1 0 0 -1 0 0.71 0.71 0 0.55 0.83 0 0.71 0.71 0 0.32 0.95 0 0 1 0 0 1 0 0 -1 0 0.32 -0.95 0 0 -1 0 0.55 -0.83 0 0.71 -0.71 0 0.71 -0.71 0 0 1 0 0 1 0 0 1 0 0 1 0 0 1 0 0 1 0 0 -1 0 -0.32 -0.95 0 0 -1 0 -0.55 -0.83 0 -0.71 -0.71 0 -0.71 -0.71 0 0 1 0 0 1 0 0 1 0 0 1 0 0 1 0 0 1 0 0.55 -0.83 0 0.71 -0.71 0 0.32 -0.95 0 0 -1 0 0.71 -0.71 0 0 -1 0 0 1 0 -0.32 0.95 0 0 1 0 -0.55 0.83 0 -0.71 0.71 0 -0.71 0.71 0 -0.55 -0.83 0 -0.32 -0.95 0 0 -1 0 0 -1 0 -0.71 -0.71 0 -0.71 -0.71 0 -0.89 0.45 0 -0.89 0.45 0 -0.45 0.89 0 -0.45 0.89 0 0 1 0 0 1 0 0 1 0 0 1 0 0 -1 0 0 -1 0 0 -1 0 0 -1 0 0 -1 0 0 -1 0 0 1 0 0 1 0 -1 0 0 -0.89 0.45 0 -1 0 0 -0.45 0.89 0 -0.71 -0.71 0 -0.83 -0.55 0 -0.71 -0.71 0 -1 0 0 -0.95 -0.32 0 -1 0 0 -0.83 0.55 0 -0.71 0.71 0 -0.95 0.32 0 -1 0 0 -0.71 0.71 0 -1 0 0 0 -1 0 0 -1 0 0 -1 0 0 -1 0 0 -1 0 0 -1 0 -1 0 0 -0.95 -0.32 0 -1 0 0 -0.95 -0.32 0 -1 0 0 -0.83 -0.55 0 -0.83 -0.55 0 -1 0 0 -0.89 -0.45 0 -1 0 0 -0.45 -0.89 0 -1 0 0 0 -1 0 0 -1 0 -0.56 0.61 -0.56 -0.64 0.43 -0.64 -0.67 0.33 -0.67 -0.7 0.16 -0.7 -0.71 0.08 -0.71 -0.56 -0.61 -0.56 -0.64 -0.43 -0.64 -0.67 -0.33 -0.67 0.64 0.43 -0.64 0.56 0.61 -0.56 0.48 0.66 -0.58 -0.7 -0.16 -0.7 0.31 0.72 -0.62 0.22 0.69 -0.69 0.04 0.71 -0.71 -0.04 0.71 -0.71 -0.71 -0.08 -0.71 -0.48 0.66 -0.58 0.21 -0.69 -0.69 0.04 -0.71 -0.71 -0.04 -0.71 -0.71 -0.22 -0.69 -0.69 -0.31 -0.72 -0.62 0.7 0.16 -0.7 0.67 0.33 -0.67 0.48 -0.66 -0.58 0.31 -0.72 -0.62 0.64 -0.43 -0.64 0.56 -0.61 -0.56 0.7 -0.16 -0.7 0.67 -0.33 -0.67 0.71 0.08 -0.71 0.71 -0.08 -0.71 -0.31 0.72 -0.62 -0.21 0.69 -0.69 -0.48 -0.66 -0.58 0.59 0.24 0.77 0.67 0.09 0.73 0.57 0.33 0.76 0.09 -0.7 0.7 -0.09 -0.7 0.7 0.17 -0.65 0.74 -0.17 -0.65 0.74 -0.3 -0.55 0.78 -0.04 0.71 0.71 -0.21 0.69 0.69 0.04 0.71 0.71 -0.38 -0.53 0.76 -0.56 -0.49 0.66 -0.63 -0.43 0.65 -0.67 -0.24 0.7 0.53 0.51 0.68 0.5 0.63 0.59 -0.64 -0.14 0.76 -0.69 0.01 0.72 0.33 0.71 0.63 0.21 0.69 0.69 -0.67 0.1 0.73 -0.58 0.25 0.77 -0.33 0.71 0.63 -0.51 0.62 0.59 -0.53 0.51 0.68 -0.56 0.33 0.76 0.69 0.01 0.72 0.63 -0.15 0.76 0.67 -0.24 0.7 0.64 -0.42 0.65 0.3 -0.55 0.78 0.57 -0.49 0.66 0.37 -0.53 0.76 0.53 0.51 -0.68 0.56 0.33 -0.76 0.51 0.62 -0.59 -0.69 0.01 -0.72 -0.63 -0.15 -0.76 -0.67 0.09 -0.73 -0.67 -0.24 -0.7 -0.64 -0.42 -0.65 -0.57 -0.49 -0.66 -0.37 -0.53 -0.76 -0.3 -0.55 -0.78 -0.21 -0.64 -0.74 -0.17 -0.7 -0.7 -0.02 -0.71 -0.71 -0.59 0.24 -0.77 -0.57 0.33 -0.76 0.58 0.25 -0.77 0.67 0.1 -0.73 -0.53 0.51 -0.68 -0.5 0.63 -0.59 0.69 0.01 -0.72 0.64 -0.14 -0.76 0.67 -0.24 -0.7 0.63 -0.43 -0.65 0.56 -0.49 -0.66 0.38 -0.53 -0.76 0.33 0.71 -0.63 0.21 0.69 -0.69 0.04 0.71 -0.71 -0.04 0.71 -0.71 -0.21 0.69 -0.69 -0.33 0.71 -0.63 0.3 -0.55 -0.78 0.21 -0.64 -0.74 0.17 -0.7 -0.7 0.02 -0.71 -0.71 0.7 0.16 0.7 0.67 0.33 0.67 0.64 0.43 0.64 0.04 -0.71 0.71 0.22 -0.69 0.69 0.31 -0.72 0.62 0.48 -0.66 0.58 0.56 -0.61 0.56 0.64 -0.43 0.64 0.67 -0.33 0.67 -0.21 -0.69 0.69 -0.04 -0.71 0.71 -0.56 -0.61 0.56 -0.64 -0.43 0.64 -0.67 -0.33 0.67 -0.31 -0.72 0.62 -0.48 -0.66 0.58 -0.71 -0.08 0.71 -0.71 0.08 0.71 -0.7 0.16 0.7 -0.67 0.33 0.67 -0.64 0.43 0.64 -0.7 -0.16 0.7 0.7 -0.16 0.7 0.71 0.08 0.71 0.71 -0.08 0.71 -0.56 0.61 0.56 -0.48 0.66 0.58 -0.31 0.72 0.62 -0.22 0.69 0.69 -0.04 0.71 0.71 0.04 0.71 0.71 0.56 0.61 0.56 0.31 0.72 0.62 0.48 0.66 0.58 0.21 0.69 0.69 1 0 0 1 0 0 0.9 -0.3 0.3 0.73 -0.49 0.49 0.73 -0.49 0.49 1 0 0 0.82 -0.41 0.41 1 0 0 0.45 -0.89 0 0.45 -0.89 0 0.45 -0.89 0 0.45 -0.89 0 0.32 -0.95 0 0 -1 0 0 -1 0 0 -1 0 0 -1 0 1 0 0 0.95 -0.32 0 0.83 -0.55 0 1 0 0 1 0 0 0.55 -0.83 0 1 0 0 0.27 -0.8 0.53 0.41 -0.82 0.41 0 -0.71 0.71 -0.58 -0.58 0.58 -0.33 -0.67 0.67 0.71 -0.71 0 -0.23 -0.69 0.69 -0.58 -0.58 0.58 -0.33 -0.67 0.67 0 -0.83 0.55 0.53 -0.8 0.27 0.53 -0.8 0.27 0.41 -0.82 0.41 0 -0.71 0.71 0.55 -0.83 0 0.83 -0.55 0 0.95 -0.32 0 0.53 -0.8 0.27 0.27 -0.8 0.53 0.23 -0.69 0.69 0 -0.71 0.71 -0.2 -0.78 0.59 1 0 0 -0.27 -0.8 0.53 -0.41 -0.82 0.41 1 0 0 0.58 -0.58 0.58 0.58 -0.58 0.58 0.58 -0.58 0.58 0.58 -0.58 0.58 0.58 -0.58 0.58 0.58 -0.58 0.58 1 0 0 1 0 0 1 0 0 0.9 -0.3 0.3 0.73 -0.49 0.49 1 0 0 1 0 0 1 0 0 1 0 0 1 0 0 0.9 -0.3 0.3 0.82 -0.41 0.41 0.58 -0.58 0.58 0.23 -0.69 0.69 0.23 -0.69 0.69 0.23 -0.69 0.69 0.23 -0.69 0.69 0.64 -0.43 0.64 0.49 -0.73 0.49 0.24 -0.94 0.24 0 -1 0 0 -1 0 0.8 -0.53 0.27 0.83 0 0.55 0.8 0.27 0.53 0.82 0.41 0.41 0.8 -0.53 0.27 0.73 -0.49 0.49 1 0 0 0 -0.71 0.71 0 -0.71 0.71 -0.23 -0.69 0.69 0 -0.71 0.71 -0.41 -0.41 0.82 -0.58 -0.58 0.58 0 -1 0 0.33 -0.67 0.67 0.58 -0.58 0.58 0.33 -0.67 0.67 1 0 0 0.45 -0.89 0 0 -1 0 0.41 -0.82 0.41 0 -1 0 0.49 -0.73 0.49 0.64 -0.43 0.64 0.73 -0.49 0.49 -0.32 -0.95 0 0 -1 0 0 -1 0 -0.71 -0.71 0 -0.55 -0.83 0 -0.71 -0.71 0 0.24 -0.94 0.24 0.82 -0.41 0.41 0.71 -0.71 0 0.89 -0.45 0 0.89 -0.45 0 0.89 -0.45 0 0.89 -0.45 0 0 -0.71 0.71 0.33 -0.67 0.67 0 -0.71 0.71 0.33 -0.67 0.67 0.73 -0.49 0.49 0.82 -0.41 0.41 1 0 0 0.82 -0.41 0.41 0.8 -0.27 0.53 1 0 0 0.82 0.41 0.41 0.8 0.27 0.53 0.71 0.71 0 0.71 0 0.71 0.69 -0.23 0.69 0.22 -0.87 0.44 0.22 -0.87 0.44 0 -0.71 0.71 0.45 -0.89 0 0.83 0.55 0 0.71 0.71 0 0.71 0.71 0 0.95 0.32 0 0.73 -0.49 0.49 0.9 -0.3 0.3 0.95 -0.32 0 0.49 -0.73 0.49 0.64 -0.43 0.64 0.27 -0.8 0.53 0.37 -0.74 0.56 0.33 -0.67 0.67 -0.58 -0.58 0.58 -0.58 -0.58 0.58 -0.49 -0.73 0.49 0 -1 0 0 -1 0 -0.3 -0.9 0.3 0 -1 0 0 -0.71 0.71 0 -0.71 0.71 0.33 -0.67 0.67 0.82 -0.41 0.41 0.82 -0.41 0.41 0.9 -0.3 0.3 0.58 -0.58 0.58 -0.67 -0.67 0.33 -0.2 -0.78 0.59 0 -0.71 0.71 -0.82 -0.41 0.41 -0.8 -0.53 0.27 -0.58 -0.58 0.58 0.2 -0.78 0.59 0.53 -0.8 0.27 0.67 -0.67 0.33 0.82 -0.41 0.41 0.71 0 0.71 0.14 -0.7 0.7 0.87 -0.22 0.44 0.87 -0.22 0.44 0.67 -0.33 0.67 1 0 0 0.49 -0.73 0.49 0.33 -0.67 0.67 0.58 -0.58 0.58 0.3 -0.9 0.3 0.32 -0.95 0 0 -1 0 0 -1 0 1 0 0 1 0 0 1 0 0 1 0 0 0.95 0.32 0 0.83 0.55 0 0.71 0.71 0 0.71 0.71 0 -0.22 -0.87 0.44 -0.22 -0.87 0.44 0 -1 0 -0.33 -0.67 0.67 0.53 -0.8 0.27 0.41 -0.82 0.41 0.58 -0.58 0.58 0.73 0.49 0.49 0.82 0.41 0.41 1 0 0 0.73 0.49 0.49 0.9 0.3 0.3 1 0 0 0.95 -0.32 0 0.83 -0.55 0 0.55 -0.83 0 -0.58 -0.58 0.58 -0.82 -0.41 0.41 -0.67 -0.33 0.67 -0.71 -0.71 0 -0.23 -0.69 0.69 0 -0.71 0.71 0 -0.71 0.71 0.58 -0.58 0.58 0.58 -0.58 0.58 0.73 -0.49 0.49 0.9 -0.3 0.3 1 0 0 1 0 0 1 0 0 -0.58 -0.58 0.58 -0.41 -0.82 0.41 -0.24 -0.94 0.24 0 -1 0 0 -1 0 0.32 -0.95 0 0.55 -0.83 0 -0.73 -0.49 0.49 -0.82 -0.41 0.41 -1 0 0 0.71 -0.71 0 0.71 -0.71 0 1 0 0 1 0 0 1 0 0 1 0 0 0 -0.71 0.71 0 -0.71 0.71 0.33 -0.67 0.67 0.58 -0.58 0.58 1 0 0 0 -0.71 0.71 0 -0.71 0.71 0.67 0.33 0.67 0.73 0.49 0.49 0.95 0.32 0 1 0 0 0.9 0.3 0.3 0.58 0.58 0.58 1 0 0 -0.23 -0.69 0.69 -0.23 -0.69 0.69 -0.23 -0.69 0.69 -0.23 -0.69 0.69 0.9 -0.3 0.3 0.8 -0.27 0.53 0.8 -0.27 0.53 0.41 0.82 0.41 0.53 0.8 0.27 0.71 0.71 0 0 0.71 0.71 0.83 0.55 0 0.95 -0.32 0 0.82 -0.41 0.41 0.71 -0.71 0 0.95 0.32 0 -0.9 -0.3 0.3 -0.73 -0.49 0.49 -0.95 -0.32 0 -1 0 0 -1 0 0 -0.67 -0.33 0.67 -0.58 -0.58 0.58 1 0 0 0.95 -0.32 0 1 0 0 0.83 -0.55 0 0.71 -0.71 0 1 0 0 1 0 0 0.71 -0.71 0 0 -0.71 0.71 0.17 -0.7 0.7 0.2 -0.78 0.59 -1 0 0 -0.95 -0.32 0 -0.83 -0.55 0 -0.53 -0.8 0.27 -0.27 -0.8 0.53 -0.71 -0.71 0 0.27 -0.8 0.53 -1 0 0 0 -1 0 0.87 0.22 0.44 0.87 0.22 0.44 0.89 0.45 0 0.71 0 0.71 0.23 -0.69 0.69 -0.23 -0.69 0.69 0.33 -0.67 0.67 -0.27 -0.8 0.53 -0.41 -0.82 0.41 0 -1 0 0.58 -0.58 0.58 0.67 0.67 0.33 0.82 0.41 0.41 0.67 0.67 0.33 0.33 0.67 0.67 0.41 0.41 0.82 0.71 0 0.71 0 0.71 0.71 -0.45 -0.89 0 -0.45 -0.89 0 -0.45 -0.89 0 -0.45 -0.89 0 0.95 -0.32 0 1 0 0 0.9 0.3 0.3 0.37 0.74 0.56 0.27 0.8 0.53 0 0.71 0.71 0.73 0.49 0.49 0.58 0.58 0.58 0.83 -0.55 0 0.71 -0.71 0 0.71 -0.71 0 0.51 0.69 0.51 -0.95 -0.32 0 -1 0 0 -0.9 -0.3 0.3 -0.8 -0.27 0.53 -0.82 -0.41 0.41 -0.8 -0.27 0.53 -1 0 0 -0.71 -0.71 0 0.82 -0.41 0.41 0.8 -0.27 0.53 1 0 0 0.8 0.27 0.53 0.82 0.41 0.41 0.71 0 0.71 0.71 0.71 0 0.69 -0.23 0.69 0 -1 0 0 -1 0 0 -1 0 -0.95 -0.32 0 -1 0 0 -1 0 0 -0.83 -0.55 0 -0.55 -0.83 0 -0.32 -0.95 0 0 -1 0 -1 0 0 -1 0 0 0.89 0.45 0 0.89 0.45 0 0.89 0.45 0 0.89 0.45 0 -0.3 -0.9 0.3 0 -0.83 0.55 -0.3 -0.9 0.3 0 -0.71 0.71 -0.41 -0.82 0.41 0.58 -0.58 0.58 -0.58 -0.58 0.58 0.41 0.82 0.41 0.67 0.33 0.67 0 1 0 0 1 0 0 1 0 0.67 0.33 0.67 0.58 0.58 0.58 0 1 0 -0.58 -0.58 0.58 -0.58 -0.58 0.58 -0.58 -0.58 0.58 -0.58 -0.58 0.58 0.73 0.49 0.49 0.9 0.3 0.3 0.9 0.3 0.3 0.41 0.82 0.41 0.58 0.58 0.58 0.8 0.27 0.53 0.83 0 0.55 0.82 -0.41 0.41 0.71 -0.71 0 0.24 0.94 0.24 0 1 0 0 1 0 -1 0 0 -1 0 0 -1 0 0 -0.95 -0.32 0 -1 0 0 -0.9 -0.3 0.3 -0.82 -0.41 0.41 -0.71 0 0.71 0.82 0.41 0.41 0.9 0.3 0.3 0.71 0 0.71 0.95 0.32 0 1 0 0 1 0 0 1 0 0 1 0 0 -0.24 -0.94 0.24 0 -1 0 0 -1 0 -0.58 -0.58 0.58 -0.41 -0.82 0.41 -0.73 -0.49 0.49 -0.9 -0.3 0.3 -0.9 -0.3 0.3 -0.8 -0.27 0.53 -0.83 0 0.55 -0.82 0.41 0.41 -0.71 0.71 0 0.58 0.58 0.58 0.58 0.58 0.58 0.58 0.58 0.58 0.58 0.58 0.58 -0.67 -0.33 0.67 -0.58 -0.58 0.58 -0.67 -0.33 0.67 -0.41 -0.82 0.41 0 -1 0 0 -1 0 0 -1 0 0 -1 0 0 0.83 0.55 0.3 0.9 0.3 0 0.71 0.71 0.41 0.82 0.41 0.3 0.9 0.3 0.58 0.58 0.58 -0.58 0.58 0.58 -0.89 -0.45 0 -0.89 -0.45 0 -0.89 -0.45 0 -0.89 -0.45 0 0 1 0 0 1 0 0 1 0 1 0 0 1 0 0 1 0 0 0.32 0.95 0 0.95 0.32 0 0 1 0 0.55 0.83 0 0.83 0.55 0 1 0 0 -0.69 0.23 0.69 -0.71 0 0.71 -0.8 0.27 0.53 -0.82 0.41 0.41 -0.8 -0.27 0.53 -0.82 -0.41 0.41 -1 0 0 -0.71 -0.71 0 0.95 0.32 0 1 0 0 0.9 0.3 0.3 1 0 0 0.8 0.27 0.53 0.8 0.27 0.53 0.82 0.41 0.41 0.71 0.71 0 -1 0 0 -0.95 0.32 0 -0.83 0.55 0 -0.71 0.71 0 -0.71 0.71 0 -0.73 -0.49 0.49 -0.9 -0.3 0.3 -0.27 -0.8 0.53 -0.37 -0.74 0.56 -0.51 -0.69 0.51 -0.58 -0.58 0.58 0 -0.71 0.71 0.45 0.89 0 0.45 0.89 0 0.45 0.89 0 0.45 0.89 0 -0.67 -0.67 0.33 -0.33 -0.67 0.67 -0.67 -0.67 0.33 -0.82 -0.41 0.41 -0.71 0 0.71 -0.41 -0.41 0.82 0 -0.71 0.71 0.23 0.69 0.69 -0.23 0.69 0.69 0.27 0.8 0.53 0.41 0.82 0.41 0 1 0 -0.33 0.67 0.67 -0.58 0.58 0.58 -0.87 -0.22 0.44 -0.87 -0.22 0.44 -0.89 -0.45 0 -0.71 0 0.71 0 0.71 0.71 -0.17 0.7 0.7 -0.2 0.78 0.59 -0.27 0.8 0.53 0.27 0.8 0.53 0.53 0.8 0.27 0.71 0.71 0 0.83 0.55 0 0.95 0.32 0 1 0 0 1 0 0 0 1 0 -1 0 0 -1 0 0 -1 0 0 -0.71 0.71 0 -0.83 0.55 0 -0.71 0.71 0 -0.95 0.32 0 -1 0 0 1 0 0 0.95 0.32 0 1 0 0 0.73 0.49 0.49 0.9 0.3 0.3 0.67 0.33 0.67 0.58 0.58 0.58 -0.95 -0.32 0 -0.95 0.32 0 -0.9 0.3 0.3 -0.83 -0.55 0 -0.71 -0.71 0 -0.53 -0.8 0.27 -0.41 -0.82 0.41 -0.8 0.27 0.53 -0.82 0.41 0.41 -0.8 0.27 0.53 -0.71 0.71 0 0 -0.71 0.71 0.23 0.69 0.69 0.23 0.69 0.69 0.23 0.69 0.69 0.23 0.69 0.69 -1 0 0 -0.95 -0.32 0 -1 0 0 -0.9 -0.3 0.3 -0.73 -0.49 0.49 -0.67 -0.33 0.67 -0.58 -0.58 0.58 -0.58 0.58 0.58 -0.33 0.67 0.67 -1 0 0 0 0.71 0.71 0 0.71 0.71 0 0.71 0.71 0 0.71 0.71 -1 0 0 -1 0 0 -1 0 0 -1 0 0 0.58 0.58 0.58 0.41 0.82 0.41 0.24 0.94 0.24 0 1 0 -0.71 0.71 0 -0.55 0.83 0 -0.32 0.95 0 0.73 0.49 0.49 0.82 0.41 0.41 1 0 0 0 1 0 -0.71 0.71 0 -0.9 0.3 0.3 -0.73 0.49 0.49 -1 0 0 -0.58 0.58 0.58 -0.58 0.58 0.58 -1 0 0 -1 0 0 0.58 0.58 0.58 0.82 0.41 0.41 0.67 0.33 0.67 0 0.71 0.71 0.23 0.69 0.69 0 0.71 0.71 0.71 0.71 0 -0.53 0.8 0.27 -0.41 0.82 0.41 -0.58 0.58 0.58 -0.82 -0.41 0.41 -0.73 -0.49 0.49 -0.73 -0.49 0.49 -0.9 -0.3 0.3 -1 0 0 -1 0 0 -0.83 0.55 0 -0.55 0.83 0 -0.95 0.32 0 0.22 0.87 0.44 0.22 0.87 0.44 0 1 0 0.33 0.67 0.67 -0.95 -0.32 0 -1 0 0 -0.83 -0.55 0 -1 0 0 -1 0 0 -1 0 0 -0.71 -0.71 0 -0.71 -0.71 0 -0.32 0.95 0 0 1 0 -0.3 0.9 0.3 -0.49 0.73 0.49 -0.33 0.67 0.67 0 1 0 -0.58 0.58 0.58 -0.87 0.22 0.44 -0.87 0.22 0.44 -0.67 0.33 0.67 -1 0 0 -0.82 0.41 0.41 -0.67 0.67 0.33 -0.53 0.8 0.27 -0.14 0.7 0.7 0 0.71 0.71 0.2 0.78 0.59 0.8 0.53 0.27 0.82 0.41 0.41 0.58 0.58 0.58 0.67 0.67 0.33 -0.71 0 0.71 -0.2 0.78 0.59 -0.33 0.67 0.67 -0.82 0.41 0.41 0 0.71 0.71 -0.82 0.41 0.41 -0.9 0.3 0.3 -0.58 0.58 0.58 0 0.71 0.71 0.3 0.9 0.3 0.49 0.73 0.49 0 1 0 0 1 0 0 1 0 0.58 0.58 0.58 0.58 0.58 0.58 -0.49 0.73 0.49 -0.64 0.43 0.64 -0.73 0.49 0.49 -0.37 0.74 0.56 -0.27 0.8 0.53 -0.33 0.67 0.67 -0.83 -0.55 0 -0.71 -0.71 0 -0.71 -0.71 0 -0.95 0.32 0 -0.95 -0.32 0 -0.9 0.3 0.3 -0.22 0.87 0.44 -0.22 0.87 0.44 0 0.71 0.71 -0.45 0.89 0 -0.82 -0.41 0.41 -0.8 -0.27 0.53 -0.71 -0.71 0 -0.71 0 0.71 -0.69 0.23 0.69 -0.8 0.27 0.53 -0.82 0.41 0.41 -1 0 0 -0.33 0.67 0.67 -0.33 0.67 0.67 -0.73 0.49 0.49 -0.82 0.41 0.41 -1 0 0 0 0.71 0.71 0 0.71 0.71 -0.89 0.45 0 -0.89 0.45 0 -0.89 0.45 0 -0.89 0.45 0 -0.82 0.41 0.41 -0.73 0.49 0.49 -0.64 0.43 0.64 0 1 0 -0.24 0.94 0.24 -0.49 0.73 0.49 0 1 0 0.55 0.83 0 0.71 0.71 0 0.71 0.71 0 -0.71 0.71 0 0.32 0.95 0 -0.33 0.67 0.67 -0.58 0.58 0.58 -0.33 0.67 0.67 0 1 0 -0.45 0.89 0 0 1 0 -1 0 0 -0.41 0.82 0.41 0 0.71 0.71 0 0.71 0.71 0 0.71 0.71 0.41 0.41 0.82 0.23 0.69 0.69 0.58 0.58 0.58 0 1 0 -0.49 0.73 0.49 -0.64 0.43 0.64 -0.73 0.49 0.49 0 1 0 -0.24 0.94 0.24 -0.8 0.53 0.27 -0.8 0.53 0.27 -0.83 0 0.55 -0.8 -0.27 0.53 0 1 0 -0.82 -0.41 0.41 -1 0 0 -0.23 0.69 0.69 -0.23 0.69 0.69 -0.23 0.69 0.69 -0.23 0.69 0.69 -1 0 0 -1 0 0 -1 0 0 -1 0 0 -0.9 0.3 0.3 -0.82 0.41 0.41 -0.58 0.58 0.58 -1 0 0 -0.58 0.58 0.58 -0.58 0.58 0.58 -1 0 0 -1 0 0 -0.9 0.3 0.3 -1 0 0 -0.73 0.49 0.49 -0.58 0.58 0.58 -0.58 0.58 0.58 -0.58 0.58 0.58 -0.58 0.58 0.58 0 0.71 0.71 -0.23 0.69 0.69 -0.27 0.8 0.53 -1 0 0 -0.95 0.32 0 -0.83 0.55 0 -0.55 0.83 0 -0.53 0.8 0.27 0.27 0.8 0.53 0.2 0.78 0.59 -1 0 0 0.41 0.82 0.41 -0.53 0.8 0.27 0 0.83 0.55 -0.53 0.8 0.27 -0.41 0.82 0.41 0 0.71 0.71 0.58 0.58 0.58 0.33 0.67 0.67 -0.27 0.8 0.53 -0.41 0.82 0.41 0 0.71 0.71 -0.71 0.71 0 0.23 0.69 0.69 0.58 0.58 0.58 0.33 0.67 0.67 -1 0 0 -1 0 0 -1 0 0 0 1 0 0 1 0 0 1 0 -1 0 0 -0.95 0.32 0 -0.83 0.55 0 0 1 0 -0.32 0.95 0 -0.55 0.83 0 -0.45 0.89 0 -0.45 0.89 0 -0.45 0.89 0 -0.45 0.89 0 -0.73 0.49 0.49 -0.9 0.3 0.3 -0.73 0.49 0.49 -1 0 0 -1 0 0 -1 0 0 -0.82 0.41 0.41 -1 0 0 0 0 -1 0 0 -1 0 0 -1 0 0 -1 0 0 -1 0 0 -1 0 0 -1 0 0 -1 0 0 -1 0 0 -1 0 0 -1 0 0 -1 0 0 -1 0 0 -1 0 0 -1 0 0 -1 0 0 -1 0 0 -1 0 0 -1 0 0 -1 0 0 -1 0 0 -1 0 0 -1 0 0 -1 0 0 -1 0 0 -1 0 0 -1 0 0 -1 0 0 -1 0 0 -1 0 0 -1 0 0 -1 0 0 -1 0 0 -1 0 0 -1 0 0 -1 0 0 -1 0 0 -1 0 0 -1 0 0 -1 0 0 -1 0 0 -1 0 0 -1 0 0 -1 0 0 -1 0 0 -1 0 0 -1 0 0 -1 0 0 -1 0 0 -1 0 0 -1 0 0 -1 0 0 -1 0 0 -1 0 0 -1 0 0 -1 0 0 -1 0 0 -1 0 0 -1 0 0 -1 0 0 -1 0 0 -1 0 0 -1 0 0 -1 0 0 -1 0 0 -1 0 0 -1 0 0 -1 0 0 -1 0 0 -1 0 0 -1 0 0 -1 0 0 -1 0 0 -1 0 0 -1 0 0 -1 0 0 -1 0 0 -1 0 0 -1 0 0 -1 0 0 -1 0 0 -1 0 0 -1 0 0 -1 0 0 -1 0 0 -1 0 0 -1 0 0 -1 0 0 -1 0 0 -1 0 0 -1 0 0 -1 0 0 -1 0 0 -1 0 0 -1 0 0 -1 0 0 -1 0 0 -1 0 0 -1 0 0 -1 0 0 -1 0 0 -1 0 0 -1 0 0 -1 0 0 -1 0 0 -1 0 0 -1 0 0 -1 0 0 -1 0 0 -1 0 0 -1 0 0 -1 0 0 -1 0 0 -1 0 0 -1 0 0 -1 0 0 -1 0 0 -1 0 0 -1 0 0 -1 0 0 -1 0 0 -1 0 0 -1 0 0 -1 0 0 -1 0 0 -1 0 0 -1 0 0 -1 0 0 -1 0 0 -1 0 0 -1 0 0 -1 0 0 -1 0 0 -1 0 0 -1 0 0 -1 0 0 -1 0 0 -1 0 0 -1 0 0 -1 0 0 -1 0 0 -1 0 0 -1 0 0 -1 0 0 -1 0 0 -1 0 0 -1 0 0 -1 0 0 -1 0 0 -1 0 0 -1 0 0 -1 0 0 -1 0 0 -1 0 0 -1 0 0 -1 0 0 -1 0 0 -1 0 0 -1 0 0 -1 0 0 -1 0 0 -1 0 0 -1 0 0 -1 0 0 -1 0 0 -1 0 0 -1 0 0 -1 0 0 -1 0 0 -1 0 0 -1 0 0 -1 0 0 -1 0 0 -1 0 0 -1 0 0 -1 0 0 -1 0 0 -1 0 0 -1 0 0 -1 0 0 -1 0 0 -1 0 0 -1 0 0 -1 0 0 -1 0 0 -1 0 0 -1 0 0 -1 0 0 -1 0 0 -1 0 0 -1 0 0 -1 0 0 -1 0 0 -1 0 0 -1 0 0 -1 0 0 -1 0 0 -1 0 0 -1 0 0 -1 0 0 -1 0 0 -1 0 0 -1 0 0 -1 0 0 -1 0 0 -1 0 0 -1 0 0 -1 0 0 -1 0 0 -1 0 0 -1 0 0 -1 0 0 -1 0 0 -1 0 0 -1 0 0 -1 0 0 -1 0 0 -1 0 0 -1 0 0 -1 0 0 -1 0 0 -1 0 0 -1 0 0 -1 0 0 -1 0 0 -1 0 0 -1 0 0 -1 0 0 -1 0 0 -1 0 0 -1 0 0 -1 0 0 -1 0 0 -1 0 0 -1 0 0 -1 0 0 -1 0 0 -1 0 0 -1 0 0 -1 0 0 -1 0 0 -1 0 0 -1 0 0 -1 0 0 -1 0 0 -1 0 0 -1 0 0 -1 0 0 -1 0 0 -1 0 0 -1 0 0 -1 0 0 -1 0 0 -1 0 0 -1 0 0 -1 0 0 -1 0 0 -1 0 0 -1 0 0 -1 0 0 -1 0 0 -1 0 0 -1 0 0 -1 0 0 -1 0 0 -1 0 0 -1 0 0 -1 0 0 -1 0 0 -1 0 0 -1 0 0 -1 0 0 -1 0 0 -1 0 0 -1 0 0 -1 0 0 -1 0 0 -1 0 0 -1 0 0 -1 0 0 -1 0 0 -1 0 0 -1 0 0 -1 0 0 -1 0 0 -1 0 0 -1 0 0 -1 0 0 -1 0 0 -1 0 0 -1 0 0 -1 0 0 -1 0 0 -1 0 0 -1 0 0 -1 0 0 -1 0 0 -1 0 0 -1 0 0 -1 0 0 -1 0 0 -1 0 0 -1 0 0 -1 0 0 -1 0 0 -1 0 0 -1 0 0 -1 0 0 -1 0 0 -1 0 0 -1 0 0 -1 0 0 -1 0 0 -1 0 0 -1 0 0 -1 0 0 -1 0 0 -1 0 0 -1 0 0 -1 0 0 -1 0 0 -1 0 0 -1 0 0 -1 0 0 -1 0 0 -1 0 0 -1 0 0 -1 0 0 -1 0 0 -1 0 0 -1 0 0 -1 0 0 -1 0 0 -1 0 0 -1 0 0 -1 0 0 -1 0 0 -1 0 0 -1 0 0 -1 0 0 -1 0 0 -1 0 0 -1 0 0 -1 0 0 -1 0 0 -1 0 0 -1 0 0 -1 0 0 -1 0 0 -1 0 0 -1 0 0 -1 0 0 -1 0 0 -1 0 0 -1 0 0 -1 0 0 -1 0 0 -1 0 0 -1 0 0 -1 0 0 -1 0 0 -1 0 0 -1 0 0 -1 0 0 -1 0 0 -1 0 0 -1 0 0 -1 0 0 -1 0 0 -1 0 0 -1 0 0 -1 0 0 -1 0 0 -1 0 0 -1 0 0 -1 0 0 -1 0 0 -1 0 0 -1 0 0 -1 0 0 -1 0 0 -1 0 0 -1 0 0 -1 0 0 -1 0 0 -1 0 0 -1 0 0 -1 0 0 -1 0 0 -1 0 0 -1 0 0 -1 0 0 -1 0 0 -1 0 0 -1 0 0 -1 0 0 -1 0 0 -1 0 0 -1 0 0 -1 0 0 -1 0 0 -1 0 0 -1 0 0 -1 0 0 -1 0 0 -1 0 0 -1 0 0 -1 0 0 -1 0 0 -1 0 0 -1 0 0 -1 0 0 -1 0 0 -1 0 0 -1 0 0 -1 0 0 -1 0 0 -1 0 0 -1 0 0 -1 0 0 -1 0 0 -1 0 0 -1 0 0 -1 0 0 -1 0 0 -1 0 0 -1 0 0 -1 0 0 -1 0 0 -1 0 0 -1 0 0 -1 0 0 -1 0 0 -1 0 0 -1 0 0 -1 0 0 -1 0 0 -1 0 0 -1 0 0 -1 0 0 -1 0 0 -1 0 0 -1 0 0 -1 0 0 -1 0 0 -1 -0.93 -0.36 0 -0.84 -0.54 0 -0.78 -0.63 0 -0.63 -0.78 0 -0.54 -0.84 0 -0.32 -0.95 0 -0.31 -0.95 0 0.36 -0.93 0 0.54 -0.84 0 0.63 -0.78 0 0.78 -0.63 0 0.84 -0.54 0 0.95 -0.32 0 0.95 -0.31 0 0.93 0.36 0 0.84 0.54 0 0.78 0.63 0 0.63 0.78 0 0.54 0.84 0 -0.84 0.54 0 -0.95 0.32 0 -0.95 0.31 0 -0.63 0.78 0 -0.78 0.63 0 -0.36 0.93 0 -0.54 0.84 0 0.32 0.95 0 0.96 0.27 0 0.27 -0.96 0 -0.96 -0.27 0 -0.27 0.96 0 -1 0 0.04 -1 0 0 -1 0 0 -1 0 0 -0.99 -0.15 -0.01 -1 0 0 1 0 0.04 1 0 0 1 0 0 1 0 0 0.99 0.15 -0.01 1 0 0 0 1 0.04 0 1 0 0 1 0 0 1 0 -0.15 0.99 -0.01 0 1 0 0 -1 0.04 0 -1 0 0 -1 0 0 -1 0 0.15 -0.99 -0.01 0 -1 0 0.08 -1 -0.04 0.03 -1 -0.06 0.15 -0.99 0.06 0 -1 0 0.15 -0.99 0.08 0.18 -0.98 0 0.15 -0.99 0.07 0.19 -0.98 0 -0.15 -0.99 0.07 -0.15 -0.99 0.08 -0.03 -1 -0.06 -0.08 -1 -0.04 -0.15 -0.99 -0.01 -0.19 -0.98 0 -0.18 -0.98 0 -0.15 -0.99 0.06 -0.08 1 -0.04 -0.03 1 -0.06 -0.15 0.99 0.06 0 1 0 -0.15 0.99 0.08 -0.18 0.98 0 -0.15 0.99 0.07 -0.19 0.98 0 0.31 0.95 0 0.15 0.99 0.07 0.15 0.99 0.08 0.03 1 -0.06 0.08 1 -0.04 0.15 0.99 -0.01 0.19 0.98 0 0.18 0.98 0 0.15 0.99 0.06 1 0.08 -0.04 1 0.03 -0.06 0.99 0.15 0.06 1 0 0 0.99 0.15 0.08 0.98 0.18 0 0.99 0.15 0.07 0.98 0.19 0 0.99 -0.15 0.07 0.99 -0.15 0.08 1 -0.03 -0.06 1 -0.08 -0.04 0.99 -0.15 -0.01 0.98 -0.19 0 0.98 -0.18 0 0.99 -0.15 0.06 -1 -0.08 -0.04 -1 -0.03 -0.06 -0.99 -0.15 0.06 -1 0 0 -0.99 -0.15 0.08 -0.98 -0.18 0 -0.99 -0.15 0.07 -0.98 -0.19 0 -0.99 0.15 0.07 -0.99 0.15 0.08 -1 0.03 -0.06 -1 0.08 -0.04 -0.99 0.15 -0.01 -0.98 0.19 0 -0.98 0.18 0 -0.99 0.15 0.06 0 0 -1 0 0 -1 0 0 -1 0 0 -1 0 0 -1 0 0 -1 0 0 -1 0 0 -1 0 0 -1 0 0 -1 0 0 -1 0 0 -1 0 0 -1 0 0 -1 0 0 -1 0 0 -1 0 0 -1 0 0 -1 0 0 -1 0 0 -1 0 0 -1 0 0 -1 0 0 -1 0 0 -1 0 0 -1 0 0 -1 0 0 -1 0 0 -1 0 0 -1 0 0 -1 0 0 -1 0 0 -1 0 0 -1 0 0 -1 0 0 -1 0 0 -1 0 0 -1 0 0 -1 0.99 0.11 0 0.99 -0.11 0 0.98 0.22 0 0.4 -0.92 0 0.59 -0.81 0 0.3 -0.95 0 0.68 -0.74 0 0.83 -0.56 0 0.89 -0.45 0 0.98 -0.22 0 0.89 0.45 0 0.83 0.56 0 0.68 0.74 0 0.59 0.81 0 0.4 0.92 0 0.3 0.95 0 0.06 1 0 -0.06 1 0 -0.3 0.95 0 -0.4 0.92 0 -0.59 0.81 0 -0.68 0.74 0 -0.83 0.56 0 -0.89 0.45 0 -0.98 0.22 0 -0.99 0.11 0 -0.99 -0.11 0 -0.98 -0.22 0 -0.89 -0.45 0 -0.83 -0.56 0 -0.68 -0.74 0 -0.59 -0.81 0 -0.4 -0.92 0 -0.3 -0.95 0 -0.06 -1 0 0.06 -1 0 0 0 1 0 0 1 0 0 1 0 0 1 0 0 1 0 0 1 0 0 1 0 0 1 0 0 1 0 0 1 0 0 1 0 0 1 0 0 1 0 0 1 0 0 1 0 0 1 0 0 1 0 0 1 0 0 1 0 0 1 0 0 1 0 0 1 0 0 1 0 0 1 0 0 1 0 0 1 0 0 1 0 0 1 0 0 1 0 0 1 0 0 1 0 0 1 0 0 1 0 0 1 0 0 1 0 0 1 0 0 1 0 0 1 0 0 1 0 0 1 0.99 -0.11 -0.05 0.97 -0.26 -0.02 0.99 -0.11 -0.06 0.99 -0.08 -0.09 0.98 0.2 -0.01 1 0 0 1 0 0 1 0 0 0.99 -0.07 -0.14 1 0 0 1 0 0 0.99 0.15 0.02 1 0 0 1 0 0 1 0 0 1 0 0 1 0 0 0.99 -0.08 0.09 0.95 -0.3 0.01 0.99 -0.07 0.14 1 0 0 0.87 -0.5 0 0.8 -0.6 0 0.99 -0.14 0 0.99 -0.11 0.05 0.99 -0.11 0.06 0.93 0.36 0 0.89 0.45 0 0.78 0.63 0 0.7 0.71 0 0.53 0.85 0 0.43 0.9 0 0.26 0.96 0 -0.37 -0.93 0.01 -0.57 -0.82 0 -0.32 -0.95 -0.01 0.11 0.99 0 0.23 0.97 -0.01 0.07 1 -0.04 0.08 1 -0.04 0.07 1 -0.03 0 1 -0.02 0 1 0 0 1 0 -0.07 1 -0.03 -0.26 0.96 0 0 1 0 -0.08 1 -0.04 -0.11 0.99 0 -0.23 0.97 0.01 -0.07 1 0.04 -0.08 1 0.04 -0.07 1 -0.04 -0.07 1 0.03 0 1 0.02 0 1 0 0 1 0 0.07 1 0.03 0 1 0 0.07 1 0.04 0.08 1 0.04 -0.43 0.9 0 -0.53 0.85 0 -0.7 0.71 0 -0.78 0.63 0 -0.89 0.45 0 -0.93 0.36 0 -0.98 0.2 0.01 -1 0 0 -0.99 0.15 -0.02 -1 0 0 -1 0 0 -1 0 0 -0.99 -0.08 -0.09 -0.95 -0.3 -0.01 -0.99 -0.07 -0.14 -0.99 -0.11 -0.05 -0.99 -0.14 0 -0.97 -0.26 0.02 -0.99 -0.11 0.05 -0.99 -0.11 0.06 -0.99 -0.11 -0.06 -1 0 0 -0.99 -0.08 0.09 -1 0 0 -1 0 0 -1 0 0 0.65 -0.76 0 0.57 -0.82 0 0.37 -0.93 -0.01 0.32 -0.95 0.01 0 -1 0.05 0 -1 0 0 -1 0 0 -1 -0.05 0 -1 0 0 -1 0 0.16 -0.98 -0.08 0.16 -0.99 -0.06 0.16 -0.99 0.06 0 -1 0 0.16 -0.98 0.08 0.16 -0.98 -0.08 0.2 -0.98 0 0.16 -0.98 0.08 -0.16 -0.98 0.08 -0.16 -0.98 0.08 -0.16 -0.99 -0.06 -0.16 -0.98 -0.08 0 -1 0 -0.2 -0.98 0 -0.16 -0.98 -0.08 -0.16 -0.99 0.06 -0.65 -0.76 0 -0.8 -0.6 0 -0.87 -0.5 0 -1 0 0 -1 0 0 -1 0 0 -0.99 -0.07 0.14 0.32 0 0.95 0.32 0 0.95 0.55 0 0.83 0 0 1 0.55 0 0.83 0 0 1 0.83 0 0.55 0.95 0 0.32 0.95 0 0.32 0.83 0 0.55 1 0 0 1 0 0 0.83 0 -0.55 0.95 0 -0.32 0.95 0 -0.32 0.83 0 -0.55 0.55 0 -0.83 0.32 0 -0.95 0.55 0 -0.83 0 0 -1 0 0 -1 -0.32 0 -0.95 -0.32 0 -0.95 -0.55 0 -0.83 -0.83 0 -0.55 -0.95 0 -0.32 -0.95 0 -0.32 -0.83 0 -0.55 -1 0 0 -0.83 0 0.55 -0.95 0 0.32 -0.83 0 0.55 -0.55 0 0.83 -0.32 0 0.95 -0.55 0 0.83 -0.32 0 0.95 -0.95 0 0.32 -1 0 0 -0.55 0 -0.83 0.32 0 -0.95 0.32 0 -0.95 0.32 0 -0.95 0.55 0 -0.83 0 0 -1 0 0 -1 0.55 0 -0.83 0.83 0 -0.55 0.95 0 -0.32 0.95 0 -0.32 0.83 0 -0.55 1 0 0 1 0 0 0.83 0 0.55 0.95 0 0.32 0.95 0 0.32 0.83 0 0.55 0.55 0 0.83 0 0 1 0.55 0 0.83 0.32 0 0.95 0.32 0 0.95 -0.32 0 0.95 -0.32 0 0.95 -0.55 0 0.83 0 0 1 -0.55 0 0.83 -0.83 0 0.55 -0.95 0 0.32 -0.95 0 0.32 -0.83 0 0.55 -1 0 0 -1 0 0 -0.83 0 -0.55 -0.95 0 -0.32 -0.95 0 -0.32 -0.83 0 -0.55 -0.55 0 -0.83 -0.55 0 -0.83 -0.32 0 -0.95 -0.32 0 -0.95 0 -0.32 -0.95 0 -0.32 -0.95 0 -0.55 -0.83 0 0 -1 0 0 -1 0 -0.55 -0.83 0 -0.83 -0.55 0 -0.83 -0.55 0 -1 0 0 -0.95 -0.32 0 -1 0 0 -0.83 0.55 0 -0.95 0.32 0 -0.95 0.32 0 -0.83 0.55 0 -0.55 0.83 0 0 1 0 -0.55 0.83 0 -0.32 0.95 0 -0.32 0.95 0 0.32 0.95 0 0.32 0.95 0 0.55 0.83 0 0 1 0 0.55 0.83 0 0.83 0.55 0 0.95 0.32 0 0.95 0.32 0 0.83 0.55 0 1 0 0 1 0 0 0.83 -0.55 0 0.95 -0.32 0 0.95 -0.32 0 0.83 -0.55 0 0.55 -0.83 0 0.55 -0.83 0 0.32 -0.95 0 0.32 -0.95 0 -0.95 -0.32 0 0 -1 0 0.55 -0.83 0 0 -1 0 0.32 -0.95 0 0.55 -0.83 0 0.83 -0.55 0 0.32 -0.95 0 0.95 -0.32 0 0.95 -0.32 0 0.83 -0.55 0 1 0 0 1 0 0 0.83 0.55 0 0.95 0.32 0 0.95 0.32 0 0.83 0.55 0 0.55 0.83 0 0 1 0 0.55 0.83 0 0.32 0.95 0 0.32 0.95 0 -0.32 0.95 0 -0.32 0.95 0 -0.55 0.83 0 0 1 0 -0.55 0.83 0 -0.83 0.55 0 -0.95 0.32 0 -0.95 0.32 0 -0.83 0.55 0 -1 0 0 -1 0 0 -0.83 -0.55 0 -0.95 -0.32 0 -0.95 -0.32 0 -0.83 -0.55 0 -0.55 -0.83 0 -0.55 -0.83 0 -0.32 -0.95 0 -0.32 -0.95 0.14 0 0.99 0.55 0 0.83 -0.12 0 0.99 -0.45 0 0.89 -0.58 0 0.81 -0.83 0 0.55 -0.95 0 0.32 -1 0 0 -1 0 0 0.64 0 0.77 0.77 0 0.64 0.83 0 0.55 0.99 0 0.14 0.99 0 -0.12 0.89 0 -0.45 0.81 0 -0.58 0.55 0 -0.83 0.32 0 -0.95 0 0 -1 0 0 -1 -0.24 0 -0.97 -0.5 0 -0.87 -0.87 0 -0.5 -0.97 0 -0.24 0 1 0 0 1 0 0 1 0 0 1 0 0 1 0 0 1 0 0 1 0 0 1 0 0 1 0 0 1 0 0 1 0 0 1 0 0 1 0 0 1 0 0 1 0 0 1 0 0 1 0 0 1 0 0 1 0 0 1 0 0 1 0 0 1 0 0 1 0 0 1 0 0 1 0 0 1 0 0 1 0 0 1 0 0 1 0 0 1 0 0 1 0 0 1 0 0 1 0 0 1 0 0 1 0 0 1 0 0 1 0 0 1 0 0 1 0 0 1 0 0 1 0 0 1 0 0 1 0 0 1 0 0 1 0 0 1 0 0 1 0 0 1 0 0 1 0 0 1 0 0 1 0 0 1 0 0 1 0 0 1 0 0 1 0 0 1 0 0 1 0 0 1 0 0 1 0 0 1 0 0 1 0 0 1 0 0 1 0 0 1 0 0 1 0 0 1 0 0 1 0 0 1 0 0 1 0 0 1 0 0 1 0 0 1 0 0 1 0 0 1 0 0 1 0 0 1 0 0 1 0 0 1 0 0 1 0 0 1 0 0 1 0 0 1 0 0 1 0 1 0 0.08 0.93 0 0.36 0.87 0 0.49 0.68 0 0.74 0.54 0 0.84 0.28 0 0.96 0.14 0 0.99 -0.14 0 0.99 -0.28 0 0.96 -0.54 0 0.84 -0.68 0 0.74 -0.87 0 0.49 -0.93 0 0.36 -1 0 0.08 -1 0 -0.08 -0.93 0 -0.36 -0.87 0 -0.49 -0.68 0 -0.74 -0.54 0 -0.84 -0.28 0 -0.96 -0.14 0 -0.99 0.14 0 -0.99 0.28 0 -0.96 0.54 0 -0.84 0.68 0 -0.74 0.93 0 -0.36 1 0 -0.08 0.87 0 -0.49 0 1 0 0 1 0 0 1 0 0 1 0 0 1 0 0 1 0 0 1 0 0 1 0 0 1 0 0 1 0 0 1 0 0 1 0 0 1 0 0 1 0 0 1 0 0 1 0 0 0 1 0 0 1 0 0 1 0 0 1 0 0 1 -0.56 0.74 -0.37 -0.4 0.74 -0.54 -0.3 0.73 -0.61 -0.69 0.72 -0.06 -0.63 0.73 -0.28 0.69 0.72 0.06 0.59 0.73 0.34 0.58 0.74 0.33 -0.07 0.72 -0.69 0.06 0.72 -0.69 0.28 0.73 -0.63 0.37 0.74 -0.56 0.54 0.74 -0.4 0.61 0.73 -0.3 0.69 0.72 -0.07 -0.39 0.74 0.55 -0.54 0.74 0.4 -0.61 0.73 0.3 0 0.74 0.67 -0.3 0.74 0.61 0.3 0.74 0.61 0 0.71 0.71 0.39 0.74 0.55 -0.69 0.72 0.07 -0.57 0 -0.82 -0.82 0 -0.57 -0.91 0 -0.41 1 0 0.08 0.88 0 0.48 0.85 0 0.52 -0.9 0 0.44 -1 0 0.08 -1 0 -0.08 -0.83 0 0.56 1 0 -0.08 -0.08 0 -1 -0.41 0 -0.91 0.82 0 -0.57 0.57 0 -0.82 0.41 0 -0.91 0.91 0 -0.41 0.67 0 0.75 0.41 0 0.91 0.08 0 -1 0.08 0 1 -0.08 0 1 -0.63 0 0.77 -0.5 0 0.87 -0.71 0 0.71 0.71 0 0.71 0 0 1 0 0 1 0 0 1 0 0 1 0 0 1 0 0 1 0 0 1 0 0 1 0 0 1 0 0 1 0 0 1 0 0 1 0 0 1 0.95 -0.32 0 1 0 0 1 0 0 0.55 -0.83 0 0.83 -0.55 0 0 -1 0 0.32 -0.95 0 -0.32 -0.95 0 0 -1 0 -0.83 -0.55 0 -0.55 -0.83 0 -1 0 0 -0.95 -0.32 0 0.89 0.45 0 -0.32 0.95 0 -0.45 0.89 0 -0.89 0.45 0 -0.32 0.95 0 -0.55 0.83 0 0.55 0.83 0 0.32 0.95 0 0.45 0.89 0 0.32 0.95 0 -1 0 0 0.67 0.33 0.67 0.89 0 0.45 1 0 0 1 0 0 0.64 0.43 0.64 0.71 0 0.71 0.27 0.53 0.8 0.23 0.69 0.69 0.43 0.64 0.64 0.23 0.69 0.69 0.73 0.49 0.49 0.9 0.3 0.3 1 0 0 1 0 0 1 0 0 1 0 0 0.89 0 0.45 0.67 0.33 0.67 0.49 0.49 0.73 0.49 0.49 0.73 1 0 0 0.82 0.41 0.41 0.67 0.33 0.67 0.64 0.43 0.64 0.67 0.33 0.67 0.89 0 0.45 1 0 0 1 0 0 0.33 0.67 0.67 0.33 0.67 0.67 0.24 0.24 0.94 0 0 1 0.71 0 0.71 0.19 0.19 0.96 0 0 1 0 0.71 0.71 -0.2 0.59 0.78 0 0.71 0.71 0.33 0.67 0.67 0.64 0.43 0.64 0.9 0.3 -0.3 0.8 0.53 -0.27 0.69 0.69 -0.23 0.71 0.71 0 0.69 0.69 0.23 0.8 0.53 0.27 0.8 0.27 0.53 0.8 0.27 0.53 0.67 0.33 0.67 0.58 0.58 0.58 0.9 0.3 0.3 0.87 0.44 -0.22 0.71 0 -0.71 0.73 0.49 -0.49 0.73 0.49 -0.49 0.9 0.3 -0.3 1 0 0 0.94 0.24 0.24 1 0 0 0.73 0.49 0.49 0.9 0.3 0.3 0.73 0.49 0.49 1 0 0 0.95 0 -0.32 0.69 0.23 -0.69 0.64 0.64 -0.43 0.64 0.43 -0.64 0.67 0.67 -0.33 0.9 0.3 -0.3 0.49 0.49 0.73 0.69 0.51 0.51 0.8 0.27 0.53 0.8 0.27 0.53 0.71 0 -0.71 0.91 0.37 0.18 1 0 0 0.77 0.62 0.15 0.53 0.8 0.27 0.8 0.53 -0.27 0.71 0 0.71 0.58 0.58 0.58 0.67 0.33 0.67 1 0 0 0.62 0.47 -0.62 0.89 0 -0.45 0.58 0.58 -0.58 0.24 0.24 -0.94 0.22 0.44 -0.87 0.41 0.41 -0.82 0.67 0.67 -0.33 0.71 0.71 0 0.71 0.71 0 0.71 0.71 0 0.77 0.62 -0.15 0.67 0.67 -0.33 0.82 0.41 -0.41 0.9 0.3 -0.3 0.33 0.67 -0.67 0.33 0.67 -0.67 0.24 0.24 -0.94 0.45 0 -0.89 0.35 0.35 -0.87 0.41 0.41 -0.82 0.58 0.58 -0.58 0.82 0.41 -0.41 0.95 0 -0.32 0.94 0.24 -0.24 0.82 0.41 -0.41 0.67 0.67 -0.33 0.67 0.67 -0.33 0.41 0.41 -0.82 0 0.45 -0.89 0.3 0.3 -0.9 0 0.71 -0.71 0 0.45 -0.89 0.41 0.41 -0.82 0.23 0.69 -0.69 0.33 0.67 -0.67 0.43 0.64 -0.64 0.58 0.58 -0.58 0.64 0.64 -0.43 0.69 0.69 -0.23 0.67 0.67 -0.33 0.45 0 -0.89 0.49 0.49 -0.73 0 0.51 -0.86 0 0.71 -0.71 -0.22 0.44 -0.87 0 0 -1 -0.24 0.24 -0.94 0.3 0.3 -0.9 0 0 -1 0.43 0.64 -0.64 0.41 0.82 -0.41 0.73 0.49 -0.49 0.43 0.64 -0.64 0.53 0.27 -0.8 0.71 0 -0.71 0 0 -1 0 0 -1 -0.45 0 -0.89 -0.67 0.33 -0.67 -0.67 0.33 -0.67 -0.3 0.3 -0.9 0 0 -1 0 0 -1 0 0 -1 0.53 0.27 -0.8 0.71 0 -0.71 0.3 0.3 -0.9 0.67 0.33 -0.67 0.3 0.3 -0.9 0.2 0.59 -0.78 0.33 0.67 -0.67 -0.33 0.67 -0.67 -0.73 0.49 -0.49 -0.82 0.41 -0.41 -0.25 0.62 -0.74 -0.49 0.49 -0.73 -0.33 0.67 -0.67 0 0.71 -0.71 0 0.71 -0.71 0.23 0.69 -0.69 0.27 0.53 -0.8 0.24 0.24 -0.94 0 0 -1 -0.71 0 -0.71 -0.3 0.3 -0.9 -0.33 0.67 -0.67 -0.33 0.67 -0.67 -0.73 0.49 -0.49 -0.67 0.67 -0.33 -0.62 0.47 -0.62 -0.33 0.67 -0.67 -0.19 0.19 -0.96 -0.45 0 -0.89 -0.18 0.37 -0.91 0.24 0.24 -0.94 0 0.71 -0.71 -0.71 0 -0.71 -0.73 0.49 -0.49 -0.67 0.33 -0.67 -0.71 0 -0.71 -0.67 0.67 -0.33 -0.69 0.69 -0.23 -0.64 0.43 -0.64 -0.8 0.53 -0.27 -0.71 0 -0.71 -0.23 0.69 -0.69 -0.27 0.53 -0.8 -0.27 0.53 -0.8 -0.23 0.69 -0.69 -0.3 0.3 -0.9 -0.41 0.41 -0.82 -0.41 0.82 -0.41 -0.58 0.58 -0.58 -0.82 0.41 -0.41 -1 0 0 -1 0 0 -0.9 0.3 -0.3 -0.95 0 -0.32 -0.82 0.41 -0.41 -0.71 0.71 0 -1 0 0 -0.89 0 -0.45 -0.41 0.41 -0.82 0.71 0.71 0 0.71 0.71 0 0.67 0.67 0.33 0.71 0 0.71 -0.27 0.53 0.8 -0.71 0 0.71 -0.41 -0.41 -0.82 -0.33 -0.67 -0.67 -0.95 0 -0.32 -0.67 -0.33 -0.67 -0.9 -0.3 -0.3 -0.58 -0.58 -0.58 -0.33 -0.67 -0.67 -0.41 -0.41 -0.82 -0.45 0 -0.89 0 0 -1 0 0 -1 0.41 -0.41 -0.82 0.45 0 -0.89 0 -0.71 -0.71 0.33 -0.67 -0.67 -0.33 -0.67 -0.67 0 -0.71 -0.71 -0.43 -0.64 -0.64 -0.33 -0.67 -0.67 -0.43 -0.64 -0.64 -0.49 -0.49 -0.73 -0.45 0 -0.89 -0.41 -0.82 -0.41 0 -0.45 -0.89 0 -0.71 -0.71 0.41 -0.41 -0.82 0.45 0 -0.89 0.67 -0.33 -0.67 0.53 -0.27 -0.8 0 0 -1 0 0 -1 0.71 0 -0.71 -0.45 0 -0.89 -0.49 -0.49 -0.73 -0.16 -0.31 -0.94 -0.49 -0.49 -0.73 0 0 -1 0.53 -0.27 -0.8 0.71 0 -0.71 0.73 -0.49 -0.49 0.43 -0.64 -0.64 0.43 -0.64 -0.64 0.41 -0.41 -0.82 0.41 -0.82 -0.41 0 0 -1 0 0 -1 -0.24 -0.24 -0.94 -0.17 -0.51 -0.85 0 0 -1 -0.33 -0.67 -0.67 0.33 -0.67 -0.67 0.58 -0.58 -0.58 0.71 0 -0.71 0.67 -0.67 -0.33 0.69 -0.69 -0.23 0.64 -0.64 -0.43 0.51 -0.69 -0.51 0.64 -0.64 -0.43 0.41 -0.82 -0.41 0 -0.32 -0.95 0.27 -0.53 -0.8 -0.27 -0.53 -0.8 -0.3 -0.3 -0.9 0.23 -0.69 -0.69 0.41 -0.41 -0.82 0.41 -0.41 -0.82 0.41 -0.82 -0.41 0.67 -0.67 -0.33 0.67 -0.67 -0.33 0.82 -0.41 -0.41 0.95 0 -0.32 0.94 -0.24 -0.24 0.82 -0.41 -0.41 0.58 -0.58 -0.58 0.41 -0.41 -0.82 0.24 -0.24 -0.94 0.32 0 -0.95 0.97 -0.24 0 0.71 0 -0.71 0.71 -0.71 0 1 0 0 0.9 -0.3 0.3 0.9 -0.3 0.3 0.73 -0.49 0.49 0.43 -0.64 0.64 0.56 -0.74 0.37 0.41 -0.82 0.41 0.71 -0.71 0 0.71 -0.71 0 0.71 -0.71 0 0.69 -0.69 -0.23 0.89 -0.45 0 0.8 -0.53 -0.27 1 0 0 0.58 -0.58 0.58 0.73 -0.49 0.49 0.58 -0.58 0.58 0.58 -0.58 0.58 0.58 -0.58 0.58 0.73 -0.49 0.49 0.9 -0.3 0.3 1 0 0 1 0 0 0.96 -0.19 0.19 1 0 0 0.42 -0.57 0.71 0.73 -0.49 0.49 -0.3 -0.3 -0.9 0 -0.32 -0.95 0.2 -0.59 -0.78 0.33 -0.67 -0.67 -0.33 -0.67 -0.67 -0.49 -0.49 -0.73 -0.71 0 -0.71 -0.67 -0.33 -0.67 -0.82 -0.41 -0.41 -0.89 0 -0.45 -0.8 -0.53 -0.27 -0.67 -0.33 -0.67 -0.8 -0.53 -0.27 -0.67 -0.33 -0.67 0.58 -0.58 -0.58 0.9 -0.3 -0.3 0.71 0 -0.71 0.33 -0.67 0.67 0.22 -0.44 0.87 0.24 -0.24 0.94 0.41 -0.41 0.82 0.67 -0.67 0.33 0.67 -0.67 0.33 1 0 0 0.95 0 0.32 0.94 -0.24 0.24 0.71 0 0.71 0.67 -0.67 0.33 0.82 -0.41 0.41 0.67 -0.67 0.33 0.3 -0.3 0.9 0 0 1 0 0 1 0 0 1 0.3 -0.3 0.9 0.33 -0.67 0.67 0.23 -0.69 0.69 0.71 0 0.71 0.43 -0.64 0.64 0.73 -0.49 0.49 0.9 -0.3 0.3 0.9 -0.3 0.3 0.67 -0.33 0.67 0.49 -0.49 0.73 0.33 -0.67 0.67 0 -0.71 0.71 0 -0.71 0.71 -0.2 -0.59 0.78 -0.27 -0.53 0.8 -0.71 0 0.71 0.71 0 0.71 0.82 -0.41 -0.41 0.41 -0.82 -0.41 1 0 0 1 0 0 0.89 0 0.45 0.67 -0.33 0.67 0.67 -0.33 0.67 1 0 0 0.9 -0.3 0.3 1 0 0 0.95 0 -0.32 0.69 -0.23 -0.69 0.64 -0.43 -0.64 0.82 -0.41 -0.41 0.67 -0.67 -0.33 0.64 -0.64 -0.43 1 0 0 0.89 0 -0.45 0.8 -0.53 0.27 0.9 -0.3 0.3 0.69 -0.69 0.23 0.8 -0.53 -0.27 0.71 -0.71 0 0.67 -0.33 -0.67 0.53 -0.27 -0.8 0.49 -0.49 -0.73 0.49 -0.49 -0.73 0.3 -0.3 -0.9 0.41 -0.41 -0.82 0.67 -0.67 -0.33 0.71 -0.71 0 0.71 -0.71 0 0.71 -0.71 0 0.71 -0.71 0 0.78 -0.59 -0.2 0.67 -0.67 -0.33 0.9 -0.3 -0.3 0.82 -0.41 -0.41 0.33 -0.67 -0.67 0.33 -0.67 -0.67 0.41 -0.41 -0.82 0 0 -1 -0.17 -0.7 -0.7 -0.27 -0.8 -0.53 -0.27 -0.53 -0.8 0 -0.71 -0.71 -0.49 -0.49 -0.73 -0.45 0 -0.89 -0.67 -0.67 -0.33 -0.67 -0.67 -0.33 -0.9 -0.3 -0.3 -1 0 0 -1 0 0 -1 0 0 -0.82 -0.41 -0.41 -0.9 -0.3 -0.3 1 0 0 -0.71 0 -0.71 -0.58 -0.58 -0.58 -0.51 0 -0.86 -0.45 0 -0.89 -0.45 0 -0.89 -0.6 0 -0.8 -0.71 0 -0.71 -0.71 0 -0.71 -0.95 0 0.32 -1 0 0 -0.83 0 0.55 -0.71 0 0.71 -0.71 0 0.71 -0.45 0 -0.89 -0.6 0 -0.8 -0.45 0 -0.89 -0.83 0 -0.55 -1 0 0 -1 0 0 -1 0 0 -0.51 0 0.86 -0.45 0 0.89 -0.45 0 0.89 -0.71 0 0.71 -0.6 0 0.8 -0.71 0 0.71 0.45 0 -0.89 0.45 0 -0.89 0.45 0 -0.89 0.45 0 -0.89 0.45 0 -0.89 0.45 0 -0.89 -0.55 0 -0.83 -0.71 0 -0.71 -0.32 0 -0.95 -0.95 0 -0.32 -1 0 0 -0.83 0 -0.55 -1 0 0 0.71 0 -0.71 0.55 0 -0.83 0.71 0 -0.71 0.32 0 -0.95 -0.71 0 -0.71 -0.95 0 -0.32 -0.89 0 -0.45 -0.89 0 -0.45 -0.99 0 -0.16 -1 0 0 -1 0 0 0.99 0 -0.16 0.89 0 -0.45 0.89 0 -0.45 0.89 0 0.45 0.99 0 0.16 0.89 0 0.45 0 0 -1 0 0 -1 0 0 -1 0 0 -1 0.32 0 -0.95 0.55 0 -0.83 0.71 0 -0.71 0.83 0 -0.55 0.71 0 -0.71 0.95 0 -0.32 1 0 0 1 0 0 0 0 -1 -0.37 0 -0.93 -0.71 0 -0.71 -0.89 0 -0.45 0 0 -1 -0.89 0 -0.45 0.51 0 0.86 0.45 0 0.89 0.45 0 0.89 0.6 0 0.8 0.71 0 0.71 0.71 0 0.71 0.98 0 0.2 1 0 0 0.89 0 0.45 0.55 0 0.83 0.32 0 0.95 1 0 0 0.95 0 -0.32 0.83 0 -0.55 0 0 1 0.71 0 -0.71 0 0 1 0.71 0 -0.71 0.45 0 -0.89 0.45 0 -0.89 0.45 0 -0.89 0.45 0 -0.89 0.45 0 -0.89 0.45 0 -0.89 -0.45 0 0.89 -0.45 0 0.89 -0.45 0 0.89 -0.45 0 0.89 -0.45 0 0.89 -0.45 0 0.89 -0.55 0 0.83 -0.71 0 0.71 -0.32 0 0.95 0 0 1 0 0 1 0.55 0 0.83 0.8 0 0.6 0.93 0 0.37 0.97 0 0.24 1 0 0 1 0 0 -0.71 0 0.71 0.99 0 0.16 1 0 0 1 0 0 0.95 0 0.32 0.89 0 0.45 0.89 0 0.45 -1 0 0 -0.97 0 0.24 -1 0 0 -0.93 0 0.37 -0.8 0 0.6 -0.55 0 0.83 0 0 1 0 0 1 0 0 1 0 0 1 0 0 1 0 0 1 0.45 0 0.89 0.45 0 0.89 0.45 0 0.89 0.45 0 0.89 0.45 0 0.89 0.45 0 0.89 1 0 0 1 0 0 0.89 0 0.45 0.45 0 0.89 1 0 0 1 0 0 0 0 1 0 0 1 0.89 0 0.45 0.95 0 0.32 0.89 0 0.45 0.99 0 0.16 0.93 0 -0.37 0.71 0 -0.71 0.45 0 -0.89 0.45 0 -0.89 0.32 0 -0.95 0.16 0 -0.99 -0.37 0 -0.93 -0.71 0 -0.71 -0.89 0 -0.45 -0.89 0 -0.45 -0.95 0 -0.32 -0.99 0 -0.16 -0.93 0 0.37 -0.71 0 0.71 -0.45 0 0.89 -0.45 0 0.89 -0.32 0 0.95 -0.16 0 0.99 0.37 0 0.93 0.71 0 0.71 -1 0 0 -0.99 0 0.16 -1 0 0 0.99 0 0.16 0.78 0 0.62 0.99 0 -0.16 0.89 0 -0.45 0.89 0 -0.45 0.78 0 -0.62 0.62 0 -0.78 0.16 0 -0.99 -0.16 0 -0.99 -0.45 0 -0.89 -0.45 0 -0.89 -0.71 0 -0.71 -0.93 0 -0.37 -0.95 0 0.32 -0.71 0 0.71 -0.37 0 0.93 0 0 1 0 0 1 0.16 0 0.99 0.32 0 0.95 0.62 0 0.78 0.93 0 0.37 1 0 0 0.71 0 0.71 1 0 0 0.99 0 -0.16 0.95 0 -0.32 0.71 0 -0.71 0.37 0 -0.93 0 0 -1 0 0 -1 -0.16 0 -0.99 -0.32 0 -0.95 -0.62 0 -0.78 -0.78 0 -0.62 -0.99 0 -0.16 -0.99 0 0.16 -0.89 0 0.45 -0.89 0 0.45 -0.78 0 0.62 -0.62 0 0.78 -0.16 0 0.99 0.16 0 0.99 0.45 0 0.89 0.45 0 0.89 -0.45 0 -0.89 -0.71 0 -0.71 -0.45 0 -0.89 -0.16 0 -0.99 0.16 0 -0.99 0.62 0 -0.78 0.78 0 -0.62 0.89 0 -0.45 0.89 0 -0.45 0.99 0 -0.16 0.99 0 0.16 0.78 0 0.62 0.62 0 0.78 -1 0 0 -0.99 0 0.16 -1 0 0 -0.93 0 -0.37 -0.95 0 0.32 -0.78 0 0.62 -0.62 0 0.78 -0.16 0 0.99 0.16 0 0.99 0.45 0 0.89 0.45 0 0.89 0.12 0 -0.99 -0.27 0 -0.96 0.27 0 -0.96 0.51 0 -0.86 0.6 0 -0.8 -0.62 0 -0.78 -0.89 0 -0.45 -0.89 0 -0.45 -0.99 0 -0.16 0.95 0 0.32 1 0 0 0.83 0 0.55 1 0 0 0.98 0 -0.2 0.89 0 -0.45 -0.99 0 0.16 -0.86 0 0.51 -0.8 0 0.6 -0.6 0 0.8 -0.51 0 0.86 -0.32 0 0.95 -0.16 0 0.99 0.32 0 0.95 0.55 0 0.83 -0.16 0 -0.99 0 0 -1 -0.32 0 -0.95 -0.62 0 -0.78 -0.78 0 -0.62 -0.99 0 -0.16 -0.99 0 0.16 -0.89 0 0.45 -0.89 0 0.45 -0.78 0 0.62 0 0 -1 0.37 0 -0.93 0.71 0 -0.71 0.89 0 -0.45 0.89 0 -0.45 0.99 0 -0.16 0.99 0 0.16 0.78 0 0.62 0.62 0 0.78 -0.62 0 0.78 0.16 0 0.99 0.45 0 0.89 -0.16 0 0.99 0.45 0 0.89 0.41 -0.82 0.41 0.71 0 0.71 0.41 -0.82 -0.41 0.89 -0.45 0 0 -1 0 0 -0.45 -0.89 -0.41 -0.82 -0.41 -0.89 -0.45 0 -0.41 -0.82 0.41 0 -0.45 0.89 1 0 0 0.71 0 -0.71 0 0 -1 -0.71 0 -0.71 -1 0 0 -0.71 0 0.71 0 0 1 0 0 1 0.24 -0.94 0.24 0.8 -0.53 -0.27 0.49 -0.49 0.73 0 -1 0 -0.87 -0.44 0.22 0.41 -0.41 -0.82 -0.73 -0.49 -0.49 -0.33 -0.67 0.67 0.95 0 0.32 0.32 0 0.95 0.55 0 -0.83 -0.45 0 -0.89 -1 0 0 -0.89 0 0.45 0.49 -0.49 -0.73 0.89 0 -0.45 0.87 -0.44 0.22 1 0 0 0.67 -0.67 0.33 0.45 0 0.89 -0.27 -0.53 0.8 -0.55 0 0.83 -0.8 -0.53 0.27 -0.95 -0.32 0 -0.51 -0.51 -0.69 -0.58 -0.58 -0.58 -0.24 -0.94 0.24 0 -1 0 0 0 -1 0 -0.55 -0.83 -0.3 -0.3 -0.9 0.09 -0.75 -0.66 0.25 -0.76 -0.59 0.4 -0.7 -0.6 -0.09 -0.75 0.66 -0.25 -0.76 0.59 0 -0.55 0.83 0.76 -0.46 -0.46 0.9 -0.3 -0.3 0.83 -0.55 0 0.66 -0.75 0.09 0.59 -0.76 0.25 0.6 -0.7 0.4 0.46 -0.46 0.76 0.3 -0.3 0.9 -0.46 -0.46 -0.76 -0.6 -0.7 -0.4 -0.59 -0.76 -0.25 -0.66 -0.75 -0.09 -0.83 -0.55 0 -0.9 -0.3 0.3 -0.76 -0.46 0.46 -0.4 -0.7 0.6 -0.82 -0.55 -0.14 -0.81 -0.32 -0.49 -0.71 -0.71 0 -0.68 -0.27 -0.68 -0.49 -0.49 -0.73 -0.38 -0.51 -0.77 0 -0.32 -0.95 0.16 -0.31 -0.94 0.46 -0.46 -0.76 0.42 -0.74 -0.53 0.56 -0.74 -0.37 0.68 -0.68 -0.29 0.92 -0.39 0 0.96 0 0.27 0.78 0 0.62 0.71 -0.42 0.57 0.39 -0.65 0.65 0.2 -0.78 0.59 0 -0.71 0.71 -0.12 -0.58 0.81 -0.49 -0.32 0.81 -0.68 -0.27 0.68 -0.77 -0.51 0.38 -0.69 -0.69 0.23 -0.92 -0.39 0 -0.67 -0.67 0.33 -0.96 0 -0.27 -0.71 -0.42 -0.57 -0.39 -0.65 -0.65 -0.78 0 -0.62 -0.2 -0.78 -0.59 0 -0.71 -0.71 0.12 -0.58 -0.81 0.49 -0.32 -0.81 0.68 -0.27 -0.68 0.77 -0.51 -0.38 0.69 -0.69 -0.23 0.71 -0.71 0 0.82 -0.55 0.14 0.81 -0.32 0.49 0.68 -0.27 0.68 0.49 -0.49 0.73 0.38 -0.51 0.77 0 -0.32 0.95 -0.32 0 0.95 -0.62 0 0.78 -0.57 -0.42 0.71 -0.57 -0.68 0.46 0.32 0 -0.95 0.62 0 -0.78 0 -0.32 -0.95 0.57 -0.42 -0.71 0.57 -0.68 -0.46 0.67 -0.67 -0.33 0.92 -0.39 0 0.95 -0.27 0.14 0.76 -0.46 0.46 0.53 -0.74 0.42 0.37 -0.74 0.56 0.29 -0.68 0.68 0 -0.39 0.92 -0.27 0 0.96 -0.62 0 0.78 -0.68 -0.27 0.68 -0.77 -0.51 0.38 -0.69 -0.69 0.23 -0.71 -0.71 0 -0.82 -0.55 -0.14 -0.81 -0.32 -0.49 -0.68 -0.27 -0.68 -0.49 -0.49 -0.73 -0.38 -0.51 -0.77 0.9 -0.3 -0.3 0.82 -0.55 -0.14 0.91 -0.18 -0.37 0.81 -0.58 0 0.77 -0.55 0.33 0.72 -0.36 0.6 0.43 -0.29 0.86 0.3 -0.3 0.9 0 -0.55 0.83 -0.12 -0.7 0.7 -0.39 -0.65 0.65 -0.49 -0.62 0.62 -0.62 -0.62 0.49 -0.77 -0.51 0.38 -0.95 -0.32 0 -0.91 -0.39 -0.13 -0.74 -0.64 -0.21 -0.67 -0.67 -0.33 -0.41 -0.41 -0.82 -0.23 -0.34 -0.91 0 -0.53 -0.85 0.1 -0.7 -0.7 0.39 -0.65 -0.65 0.62 -0.47 -0.62 0.82 -0.57 0.06 0.89 -0.44 0.11 0.71 -0.71 0 0.97 0 0.24 0.71 -0.71 0 0.71 -0.71 0 0.58 -0.58 0.58 0.53 -0.27 0.8 0.3 -0.3 0.9 -0.3 -0.3 0.9 0.82 -0.41 0.41 0.71 0 0.71 -0.67 -0.33 0.67 -0.41 -0.41 0.82 0 -0.71 0.71 0 -0.71 0.71 -0.51 0 0.86 -0.45 0 0.89 -0.45 0 0.89 -0.8 -0.27 0.53 -0.7 -0.17 0.7 -0.82 -0.41 0.41 -0.64 -0.64 0.43 -0.78 -0.59 0.2 -0.67 -0.33 0.67 -0.41 -0.41 0.82 -0.71 0 0.71 -0.7 -0.7 -0.17 -0.51 -0.69 -0.51 -0.71 -0.71 0 -0.39 -0.65 -0.65 -0.33 -0.67 -0.67 -0.33 -0.67 -0.67 -0.7 -0.7 0.14 -0.23 -0.69 -0.69 -0.41 -0.82 -0.41 0 -0.71 -0.71 0.27 -0.53 -0.8 0.58 -0.58 -0.58 0.71 0 -0.71 0 0 -1 -0.58 -0.58 -0.58 0 0 -1 -0.32 -0.49 -0.81 -0.27 -0.53 -0.8 0 -0.71 -0.71 -0.49 -0.32 -0.81 -0.53 -0.27 -0.8 -0.71 0 -0.71 0.27 -0.53 0.8 0.29 -0.58 0.76 0.24 -0.24 0.94 0.31 -0.72 0.62 0.33 -0.74 0.58 0.32 -0.81 0.49 -1 0 0 -1 0 0 -1 0 0 -0.9 -0.3 0.3 -0.67 -0.33 0.67 0 0 1 -0.3 -0.3 0.9 0 0 1 -0.7 -0.7 -0.12 -0.71 -0.71 0 -0.71 -0.71 0 -0.82 -0.55 -0.14 -0.87 -0.44 -0.22 -1 0 0 -0.71 -0.71 0 -0.69 -0.69 -0.23 -0.71 -0.71 0 0.44 -0.22 -0.87 0.53 -0.27 -0.8 0.32 0 -0.95 0 0 -1 -0.22 -0.44 -0.87 -0.42 -0.71 -0.57 -0.51 -0.77 -0.38 -0.6 -0.75 -0.3 0.41 -0.41 -0.82 0.67 -0.33 -0.67 0.9 -0.3 -0.3 0.41 -0.41 -0.82 0 0 -1 0.82 -0.41 0.41 0.58 -0.58 0.58 0.89 0 0.45 1 0 0 0.71 -0.71 0 0.53 -0.27 -0.8 0.51 -0.17 -0.85 0.45 0 -0.89 0.45 0 -0.89 0.58 -0.58 -0.58 0.45 0 -0.89 -0.45 0 0.89 -0.54 0 0.84 -0.45 0 0.89 -0.62 -0.31 0.72 -0.57 -0.22 0.79 -0.51 -0.51 0.69 -0.71 -0.71 0 -0.71 -0.71 0 -0.71 -0.71 0 -0.58 -0.58 -0.58 -0.58 -0.58 -0.58 -0.3 -0.3 -0.9 -0.41 -0.41 -0.82 -0.58 -0.58 -0.58 -0.71 -0.71 0 -0.39 -0.65 -0.65 -0.58 -0.58 -0.58 -0.89 0 -0.45 -0.13 -0.76 -0.64 0 -0.71 -0.71 0 -0.71 -0.71 -0.22 -0.44 -0.87 -0.17 -0.51 -0.85 0 0 -1 -0.17 -0.7 -0.7 0.23 -0.69 -0.69 0.3 -0.75 -0.6 0.38 -0.77 -0.51 0.57 -0.71 -0.42 0.87 -0.44 -0.22 1 0 0 1 0 0 1 0 0 0 0 1 0 0 1 0 0 1 0.41 -0.41 0.82 0.67 -0.67 0.33 0.67 -0.67 0.33 0.82 -0.41 0.41 0.89 0 0.45 1 0 0 1 0 0 0.87 -0.44 0.22 0.82 -0.55 0.14 0.83 -0.55 0 0.87 -0.44 -0.22 0.89 0 -0.45 1 0 0 -0.82 -0.57 -0.06 -0.89 -0.44 -0.11 -0.71 -0.71 0 -0.97 0 -0.24 -0.71 -0.71 0 -0.71 -0.71 0 -0.58 -0.58 -0.58 -0.67 -0.67 -0.33 0 0 -1 -0.67 -0.67 -0.33 -0.3 -0.3 -0.9 0 0 -1 0.53 -0.27 -0.8 0.71 0 -0.71 0.82 -0.41 -0.41 0.58 -0.58 -0.58 0.45 0 -0.89 0.45 0 -0.89 0.45 0 -0.89 0.51 -0.17 -0.85 0.53 -0.27 -0.8 0.58 -0.58 -0.58 0.83 0 -0.55 0.71 0 -0.71 0.8 -0.27 -0.53 0.78 -0.59 -0.2 0.7 -0.7 -0.14 0.7 -0.7 0.14 0.67 -0.67 0.33 0.49 -0.49 0.73 0.37 -0.56 0.74 0.27 -0.53 0.8 0.33 -0.67 0.67 0.71 0 -0.71 0 0 1 0.3 -0.3 0.9 -0.45 0 0.89 0.41 -0.41 0.82 0.58 -0.58 0.58 -0.41 -0.41 0.82 -0.67 -0.67 0.33 -0.41 -0.82 0.41 -0.71 -0.71 0 0.33 -0.77 0.55 0.37 -0.74 0.56 0.58 -0.58 0.58 0.33 -0.77 0.55 0.37 -0.74 0.56 0.58 -0.58 0.58 -0.49 -0.39 -0.78 -0.44 -0.5 -0.75 -0.45 0 -0.89 -0.32 -0.42 -0.85 -0.38 -0.51 -0.77 -0.24 0 -0.97 0 0 -1 0.45 0 -0.89 0 0 -1 0.41 -0.41 -0.82 0.33 -0.67 -0.67 0.33 -0.67 -0.67 0.82 -0.41 -0.41 1 0 0 1 0 0 1 0 0 0.7 -0.7 0.12 0.71 -0.71 0 0.71 -0.71 0 0.82 -0.55 0.14 0.87 -0.44 0.22 1 0 0 -0.41 -0.82 0.41 -0.27 -0.8 0.53 -0.41 -0.82 0.41 -0.15 -0.77 0.62 0.17 -0.7 0.7 0.53 -0.27 0.8 0.27 -0.53 0.8 0.69 -0.23 0.69 0.81 -0.32 0.49 0.81 -0.49 0.32 0.8 -0.53 0.27 0.71 -0.71 0 -0.89 -0.45 0 -0.8 -0.27 0.53 -0.71 -0.71 0 -0.82 -0.41 -0.41 -1 0 0 -0.67 -0.33 0.67 -0.41 -0.41 0.82 0 -0.71 0.71 -0.22 -0.44 0.87 -0.3 -0.3 0.9 -0.46 -0.46 0.76 -0.33 -0.67 0.67 -0.58 -0.58 0.58 -0.53 -0.8 0.27 -0.41 -0.58 0.7 -0.11 -0.61 0.78 -0.56 -0.56 0.61 0.05 -0.71 0.71 0.24 -0.69 0.69 0.34 -0.73 0.59 0.52 -0.76 0.38 -0.81 -0.29 -0.51 -0.82 -0.56 -0.13 -0.71 0 -0.71 0 0 -1 -0.34 0 -0.94 0.15 -0.29 -0.95 0.42 -0.49 -0.77 0.46 -0.63 -0.63 0.64 -0.64 -0.43 0.81 -0.52 -0.29 0.94 -0.34 0.07 0.9 -0.39 0.19 0.67 -0.67 0.33 -0.47 0 -0.88 -0.71 -0.71 0.05 -0.69 -0.69 0.24 -0.66 -0.66 0.36 -0.88 0 0.47 -0.67 0 0.74 -0.94 0 0.34 -1 0 0.07 -1 0 -0.08 -0.88 0 -0.48 -0.74 0 -0.67 -0.47 0 -0.88 -0.34 0 -0.94 0 0 -1 0.22 0 -0.97 0.54 0 -0.84 0.62 0 -0.78 0.84 0 -0.54 0.93 0 -0.36 1 0 0 0.97 0 0.22 0.84 0 0.54 0.78 0 0.62 -0.48 0 0.88 -0.08 0 1 0.07 0 1 0.36 0 0.93 0.54 0 0.84 -0.42 -0.74 0.53 -0.56 -0.74 0.37 -0.46 -0.46 0.76 -0.68 -0.68 0.29 -0.92 -0.39 0 -0.96 0 -0.27 -0.78 0 -0.62 -0.7 -0.17 -0.7 -0.37 -0.18 -0.91 -0.27 -0.53 -0.8 -0.12 -0.58 -0.81 0 -0.58 -0.81 0.49 -0.32 -0.81 0.68 -0.27 -0.68 0.73 -0.49 -0.49 0.77 -0.51 -0.38 0.95 -0.32 0 0.95 0 0.32 0.78 0 0.62 0.68 -0.27 0.68 -0.16 -0.31 0.94 0 -0.32 0.95 0.38 -0.51 0.77 0.49 -0.49 0.73 -0.45 0 -0.89 -0.89 0 -0.45 0.71 0 -0.71 0.45 0 -0.89 0.71 0 -0.71 -0.45 0 -0.89 -0.89 0 -0.45 -0.71 0 -0.71 -1 0 0 -1 0 0 -0.99 0 0.16 -0.89 0 0.45 -0.89 0 0.45 -0.89 0 -0.45 -0.99 0 -0.16 -0.89 0 -0.45 0.27 -0.53 0.8 0.2 -0.59 0.78 0 0 1 -0.2 -0.59 0.78 -0.47 -0.62 0.62 0 -0.71 0.71 -0.69 -0.51 0.51 -0.87 -0.44 0.22 -1 0 0 -1 0 0 -1 0 0 0.17 -0.7 0.7 0.53 -0.27 0.8 0.51 -0.17 0.85 0.35 -0.35 0.87 0.22 -0.44 0.87 0 -0.71 0.71 0.41 -0.41 0.82 0 -0.71 0.71 0.23 -0.69 0.69 0 -0.71 0.71 0.67 -0.67 0.33 0.56 -0.74 0.37 0.69 -0.69 -0.23 0.8 -0.53 -0.27 0.82 -0.41 -0.41 1 0 0 0.36 -0.66 -0.66 0.33 -0.67 -0.67 0.5 -0.5 -0.71 0.6 -0.36 -0.72 0.71 0 -0.71 0.33 -0.67 -0.67 -0.89 0 -0.45 -0.82 -0.41 -0.41 -1 0 0 0 -0.45 -0.89 -0.67 -0.67 -0.33 0.3 -0.3 -0.9 0.41 -0.41 -0.82 0 -0.71 -0.71 -0.67 -0.67 -0.33 -1 0 0 -0.83 -0.55 0 -0.87 -0.44 0.22 -0.89 0 0.45 -0.82 -0.55 -0.14 -0.87 -0.44 -0.22 -1 0 0 0.89 0 -0.45 1 0 0 0.45 0 -0.89 -0.89 0 -0.45 -0.45 0 -0.89 -0.89 0 -0.45 -0.45 0 -0.89 0 0 -1 0 0 -1 1 0 0 -1 0 0 -1 0 0 -1 0 0 -1 0 0 -1 0 0 -1 0 0 -0.45 0 0.89 0.32 0 0.95 -0.89 0 0.45 0.71 0 0.71 0.55 0 0.83 0.71 0 0.71 -1 0 0 -1 0 0 0.45 0 -0.89 0 0 -1 0.89 0 -0.45 0.89 0 -0.45 1 0 0 0.45 0 -0.89 0.45 0 -0.89 0.89 0 -0.45 1 0 0 0 0 -1 -0.45 0 -0.89 -0.45 0 -0.89 -0.45 0 -0.89 -0.45 0 -0.89 -0.45 0 -0.89 -0.45 0 -0.89 -0.89 0 0.45 -1 0 0 -0.45 0 0.89 -1 0 0 0 0 1 -1 0 0 0 0 1 -1 0 0 0.45 0 -0.89 0.48 0 -0.88 0.45 0 -0.89 0.55 0 -0.83 0.51 0 -0.86 0.55 0 -0.83 -0.32 0 0.95 -0.55 0 0.83 -0.71 0 0.71 -0.71 0 0.71 0.55 0 0.83 0.32 0 0.95 0.71 0 0.71 0.71 0 0.71 1 0 0 1 0 0 1 0 0 1 0 0 1 0 0 1 0 0 0 0 -1 0 0 -1 0 0 -1 0 0 -1 0 0 -1 0 0 -1 -0.95 0 0.32 -0.83 0 0.55 -0.71 0 0.71 -0.71 0 0.71 -1 0 0 -1 0 0 0.55 0 0.83 0.48 0 0.88 0.55 0 0.83 0.42 0 0.91 0.37 0 0.93 0.37 0 0.93 0.45 0 0.89 0 0 1 0.89 0 0.45 0.95 0 -0.32 0.83 0 -0.55 0.71 0 -0.71 0.71 0 -0.71 0 0 1 -1 0 0 -1 0 0 -0.45 0 -0.89 -0.89 0 -0.45 -1 0 0 -1 0 0 0 0 -1 0 0 -1 -0.62 0 0.78 -0.71 0 0.71 -0.54 0 0.84 -0.45 0 0.89 -0.71 0 0.71 -0.45 0 0.89 1 0 0 0.89 0 0.45 1 0 0 0.45 0 0.89 0.45 0 0.89 0.45 0 0.89 0 0 1 0.89 0 0.45 0.89 0 0.45 0 0 1 1 0 0 0.67 0.67 -0.33 0.83 0.55 0 0.45 0 -0.89 0 0.55 -0.83 0 0 1 0 1 0 -0.83 0.55 0 0 0.55 0.83 0 0 -1 -0.33 0.67 -0.67 -0.89 0 -0.45 0.89 0 0.45 -1 0 0 -0.67 0.67 0.33 -0.45 0 0.89 0 0 1 0.33 0.67 0.67 0 1 0 0.24 0.94 0.24 0.56 0.37 -0.74 0.27 0.53 0.8 -0.67 0.67 0.33 -0.87 0.44 0.22 -1 0 0 -0.49 0.49 -0.73 -0.89 0 -0.45 0.32 0 -0.95 0.55 0 0.83 0.8 0.53 0.27 -0.45 0 0.89 0.95 0 -0.32 0.3 0.3 0.9 0.22 0.44 0.87 0.33 0.67 0.67 0.37 0.18 0.91 0.53 0.27 0.8 0.58 0.58 0.58 0 0.45 -0.89 0.41 0.41 -0.82 -0.41 0.41 -0.82 0.58 0.58 -0.58 -0.33 0.67 -0.67 -0.33 0.67 -0.67 -0.82 0.41 -0.41 -1 0 0 -1 0 0 -1 0 0 -0.87 0.44 0.22 -0.82 0.55 0.14 -0.83 0.55 0 -0.87 0.44 -0.22 -0.89 0 -0.45 -1 0 0 -1 0 0 -0.96 0.19 0.19 -1 0 0 -0.91 0.37 0.18 -0.73 0.49 0.49 -0.43 0.64 0.64 -0.2 0.59 0.78 -0.17 0.7 0.7 0 0.71 0.71 0.2 0.59 0.78 0.27 0.53 0.8 0.41 0.41 0.82 0.27 0.53 0.8 0.16 0.31 0.94 0.38 0.51 0.77 0 0.32 0.95 -0.38 0.51 0.77 -0.5 0.7 0.5 -0.63 0.72 0.27 -0.74 0.64 0.21 -0.92 0.39 0 -0.99 0 -0.16 -0.86 0 -0.51 -0.7 0.17 -0.7 -0.43 0.29 -0.86 -0.24 0.48 -0.84 0 0.58 -0.81 0.68 0.27 0.68 0.83 0 0.55 0.99 0 0.16 0.95 0.32 0 0.8 0.53 -0.27 0.14 0.55 -0.82 0.43 0.29 -0.86 0.6 0.3 -0.75 0.77 0.51 -0.38 -0.74 0 -0.67 -0.47 0 -0.88 -0.85 0 -0.52 -0.98 0 -0.18 -1 0 0 -0.34 0 -0.94 0 0 -1 -0.63 0 0.77 -0.89 0 0.45 -0.42 0 0.91 -0.07 0 1 0.07 0 1 0.34 0 0.94 0.47 0 0.88 0.94 0 -0.34 1 0 0 0.88 0 -0.47 0.67 0 -0.74 0.52 0 -0.85 -0.95 0 0.3 0.2 0 -0.98 0.74 0 0.67 0.85 0 0.52 0.98 0 0.2 -0.7 0.7 -0.13 -0.66 0.66 -0.37 -0.71 0.71 0 -0.54 0.72 -0.45 -0.33 0.74 -0.58 -0.2 0.77 -0.61 0 0.73 -0.69 -0.43 0.3 0.85 -0.11 0.55 0.83 -0.58 0.26 0.77 -0.74 0.53 0.42 -0.69 0.69 0.22 0.14 0.7 -0.7 0.41 0.64 -0.64 0.53 0.62 -0.58 0.68 0.63 -0.39 0.69 0.69 -0.24 0.71 0.71 0 0.7 0.7 0.14 0.66 0.66 0.37 0.54 0.72 0.45 0 0.73 0.69 0.2 0.77 0.61 0.33 0.74 0.58 0.87 0.44 0.22 0.82 0.55 0.14 0.71 0.71 0 0.71 0.71 0 0.89 0 0.45 0.71 0.71 0 0.69 0.23 0.69 0.2 0.59 0.78 0.78 0.2 0.59 -0.32 0.81 0.49 -0.41 0.82 0.41 -0.15 0.77 0.62 0 0.71 0.71 0.74 0.56 0.37 0.8 0.53 0.27 0.87 0.22 0.44 -0.41 0.82 0.41 0.67 0.67 0.33 -0.57 0.42 0.71 -0.58 0.58 0.58 -0.27 0.8 0.53 -0.49 0.32 0.81 -0.22 0.44 0.87 0 0.71 0.71 -0.67 0.33 0.67 -0.83 0.55 0 -0.53 0.27 0.8 -0.8 0.53 -0.27 -0.82 0.41 -0.41 -0.41 0.41 0.82 -0.58 0.58 0.58 -1 0 0 -0.33 0.52 -0.79 -0.32 0.42 -0.85 -0.38 0.51 -0.77 -0.49 0.39 -0.78 -0.6 0 -0.8 -0.45 0 -0.89 0.51 0.17 -0.85 0.53 0.27 -0.8 0.41 0.41 -0.82 0.51 0 -0.86 0.45 0 -0.89 0.45 0 -0.89 -0.33 0.67 -0.67 -0.58 0.58 -0.58 -0.33 0.67 -0.67 0.82 0.41 -0.41 0.67 0.33 -0.67 0.71 0.71 0 0.32 0 -0.95 -0.45 0 -0.89 -1 0 0 -0.41 0.41 -0.82 0.27 0.53 0.8 0.37 0.56 0.74 0 0.71 0.71 0.51 0.51 0.69 0.67 0.67 0.33 0.7 0.7 0.14 0.71 0.71 0 0.78 0.59 -0.2 0.8 0.27 -0.53 0.71 0 -0.71 0.71 0 -0.71 0.71 0 -0.71 0.38 0.77 0.51 0.37 0.74 0.56 0.33 0.67 0.67 0.38 0.77 0.51 0.37 0.74 0.56 0.33 0.67 0.67 -0.27 0.8 -0.53 0 0.71 -0.71 0 0.71 -0.71 -0.47 0.62 -0.62 -0.58 0.58 -0.58 -0.45 0 -0.89 -0.45 0 -0.89 -0.49 0.49 -0.73 -0.67 0.67 -0.33 -0.71 0.71 0 -0.71 0.71 0 -0.71 0.71 0 -0.71 0.71 0 -0.41 0.41 -0.82 0 0.71 -0.71 0.95 0 -0.32 1 0 0 0.87 0.44 -0.22 0.3 0.75 -0.6 0.51 0.77 -0.38 0.17 0.7 -0.7 0 0.71 -0.71 -0.17 0.51 -0.85 -0.22 0.44 -0.87 -0.45 0 -0.89 0.67 0.67 -0.33 1 0 0 0.83 0.55 0 0.87 0.44 0.22 0.89 0 0.45 0.82 0.55 -0.14 0.87 0.44 -0.22 1 0 0 -0.87 0.44 -0.22 -0.82 0.55 -0.14 -0.71 0.71 0 -0.71 0.71 0 -0.71 0.71 0 -0.89 0 -0.45 -0.94 0.24 0.24 -1 0 0 -1 0 0 -0.67 0.33 0.67 -0.3 0.3 0.9 0 0 1 0 0 1 -1 0 0 0.24 0 -0.97 -0.32 0 -0.95 0.44 0.22 -0.87 -0.22 0.44 -0.87 -0.33 0.67 -0.67 -0.38 0.77 -0.51 -0.6 0.75 -0.3 -0.7 0.7 -0.17 -0.71 0.71 0 -0.71 0.71 0 0.53 0.27 -0.8 0.58 0.58 -0.58 0.51 0 -0.86 0.45 0 -0.89 0.45 0 -0.89 0.53 0.27 -0.8 0.51 0.17 -0.85 0.41 0.41 -0.82 0.41 0.41 -0.82 0.67 0.33 -0.67 1 0 0 0.94 0.24 -0.24 0.82 0.41 0.41 1 0 0 0.58 0.58 0.58 0 0.71 0.71 0 0 -1 -0.7 0.17 0.7 -0.8 0.27 0.53 -0.58 0.58 0.58 -0.62 0 0.78 -0.45 0 0.89 -0.45 0 0.89 0.67 0.33 0.67 0.82 0.41 0.41 0.41 0.41 0.82 1 0 0 0.45 0 0.89 0 0.45 0.89 -0.49 0.49 0.73 -0.41 0.41 0.82 -0.71 0 0.71 -0.58 0.58 0.58 -0.47 0.62 -0.62 -0.33 0.67 -0.67 -0.51 0.69 -0.51 -0.69 0.69 -0.23 -0.62 0.77 -0.15 -0.71 0.71 0 -0.77 0.62 0.15 -0.74 0.56 0.37 -0.64 0.43 0.64 -0.41 0.41 0.82 0 0 1 -0.33 0.67 -0.67 -0.53 0.27 -0.8 -0.44 0.22 -0.87 -0.37 0.56 -0.74 -0.27 0.53 -0.8 -0.33 0.67 -0.67 -0.45 0 -0.89 0.71 0 -0.71 0.41 0.41 -0.82 0 0.71 -0.71 0 0.71 -0.71 0.33 0.67 -0.67 -0.58 0.58 -0.58 -0.33 0.67 -0.67 -1 0 0 0 0 -1 -0.57 0.42 -0.71 -0.57 0.68 -0.46 -0.41 0.41 -0.82 -0.14 0.55 -0.82 0.49 0.62 -0.62 0.17 0.7 -0.7 0.62 0.47 -0.62 0.85 0.17 -0.51 0.87 0.35 -0.35 0.43 0.29 0.86 0 0.55 0.83 0.53 0.27 0.8 -0.92 0.39 0 -0.67 0.67 -0.33 -0.95 0.27 0.14 -0.81 0.49 0.32 -0.65 0.65 0.39 -0.23 0.69 0.69 -0.43 0.64 0.64 0.72 0.6 0.36 0.81 0.58 0.12 0.75 0.3 0.6 -0.49 0.62 0.62 0.81 0.58 0 0.23 0.69 -0.69 0 0.32 -0.95 -0.27 0.53 -0.8 0.16 0 -0.99 -0.68 0.27 0.68 -0.77 0.51 0.38 -0.55 0 0.83 0.21 0.64 0.74 0 0.39 0.92 0.27 0.72 0.63 0.5 0.7 0.5 0.77 0.51 0.38 0.95 0.32 0 0.91 0.39 -0.13 0.74 0.64 -0.21 0.67 0.67 -0.33 0.57 0.42 -0.71 0.45 0 -0.89 -0.16 0 0.99 -0.7 0.7 0.12 -0.7 0.7 -0.12 -0.82 0.55 -0.14 -0.86 0.29 -0.43 -0.75 0.3 -0.6 -0.38 0.51 -0.77 -0.99 0 -0.16 -0.89 0 -0.45 -0.92 0.39 0 -0.74 0.64 0.21 -0.67 0.67 0.33 -0.16 0 0.99 -0.45 0 0.89 0 0.32 0.95 0.27 0.53 0.8 0.38 0.51 0.77 0.7 0.7 0.12 0.7 0.7 -0.12 0.82 0.55 0.14 0.75 0.3 0.6 0.86 0.29 0.43 0.77 0.51 -0.38 0.6 0.3 -0.75 0.43 0.29 -0.86 0.14 0.55 -0.82 0.1 0.7 -0.7 -0.09 0.75 -0.66 -0.33 0.67 -0.67 -0.71 0.42 -0.57 -0.57 0.42 0.71 -0.27 0.53 -0.8 -0.16 0.31 -0.94 -0.38 0.51 -0.77 -0.75 0.3 -0.6 -0.86 0.29 -0.43 -0.82 0.55 -0.14 -0.7 0.7 -0.12 -0.7 0.7 0.12 -0.77 0.51 0.38 0 0.32 -0.95 0.38 0.51 -0.77 0.5 0.7 -0.5 0.63 0.72 -0.27 0.74 0.64 -0.21 0.92 0.39 0 0.99 0 0.16 0.71 0.42 0.57 0.33 0.67 0.67 0.89 0 0.45 0.09 0.75 0.66 -0.1 0.7 0.7 -0.14 0.55 0.82 -0.43 0.29 0.86 -0.6 0.3 0.75 0 0.58 0.81 0.49 0.32 0.81 -0.18 0.74 0.65 0.57 0.42 0.71 0.57 0.68 0.46 0.52 0.78 0.35 0.65 0.74 0.18 0.81 0.58 0 0.81 0.32 -0.49 0.71 0.42 -0.57 0.46 0.68 -0.57 0.35 0.78 -0.52 0.18 0.74 -0.65 0 0.58 -0.81 -0.49 0.32 -0.81 -0.57 0.42 -0.71 -0.57 0.68 -0.46 -0.52 0.78 -0.35 -0.65 0.74 -0.18 -0.81 0.58 0 -0.81 0.32 0.49 -0.71 0.42 0.57 -0.46 0.68 0.57 -0.35 0.78 0.52 0 1 0 0.78 0.59 0.2 -0.3 0.9 0.3 -0.32 0.49 -0.81 0.73 0.49 -0.49 0.41 0.41 0.82 -0.43 0.64 0.64 -0.71 0.71 0 0 0 -1 0.45 0 -0.89 1 0 0 0.89 0 0.45 -0.32 0 0.95 -0.83 0 0.55 -0.67 0.33 -0.67 1 0 0 1 0 0 0.89 0 -0.45 0.82 0.41 -0.41 0.67 0.67 -0.33 0.67 0.67 -0.33 0.41 0.41 -0.82 0 0 -1 0 0 -1 0 0 -1 0.41 0.64 -0.64 0.33 0.67 -0.67 0.5 0.5 -0.71 0.6 0.36 -0.72 0.33 0.67 -0.67 0.55 0 -0.83 0.33 0.67 0.67 0.37 0.74 0.56 0.69 0.69 0.23 0.71 0.71 0 0.8 0.53 -0.27 0.82 0.41 -0.41 0.71 0 -0.71 0 0.71 0.71 0 0.71 0.71 0.89 0.44 0.11 0.82 0.57 0.06 1 0 0 0.71 0.71 0.05 0.71 0.71 0 0.71 0.71 0 0.33 0.74 0.58 0.28 0.73 0.62 0.27 0.8 0.53 0.32 0.57 0.76 0.27 0.53 0.8 0.35 0.35 0.87 0.45 0 0.89 0 0 1 0.41 0.41 0.82 0.33 0.67 0.67 0.33 0.67 0.67 0.82 0.41 0.41 1 0 0 1 0 0 1 0 0 0 0 1 -0.62 0.31 0.72 -0.57 0.22 0.79 -0.58 0.58 0.58 -0.5 0 0.86 -0.45 0 0.89 -0.45 0 0.89 -0.71 0.71 0 -0.71 0.71 0 -0.67 0.67 0.33 -0.41 0.41 0.82 0 0 1 0.32 0 0.95 0.3 0.3 0.9 0.41 0.41 0.82 0 0.71 0.71 -0.89 0.44 -0.11 -0.82 0.57 -0.06 -1 0 0 -0.71 0.71 0 -0.71 0.71 -0.05 -0.71 0.71 0 0 1 0 0 1 0 0 1 0 0 1 0 0 1 0 0 1 0 0 1 0 0 1 0 0 1 0 0 1 0 0 1 0 0 1 0 0 1 0 0 1 0 0 1 0 0 1 0 0 1 0 0 1 0 0 1 0 0 1 0 0 1 0 0 1 0 0 1 0 0 1 0 0 -1 0 0 -1 0 0 -1 0 0 -1 0 0 -1 0 0 -1 0 0 -1 0 0 -1 0 0 -1 0 0 -1 0 0 -1 0 0 -1 0 0 -1 0 0 -1 0 0 -1 0 0 -1 0 0 -1 0 0 -1 0 0 -1 0 0 -1 0 0 -1 0 0 -1 0 0 -1 0 0 -1 0 0 -1 0 0 -1 0 0 -1 0 0 -1 0 0 -1 0 0 -1 0 0 -1 0 0 -1 0 0 -1 0 0 -1 0 0 -1 0 0 -1 0 0 -1 0 0 -1 0 0 -1 0 0 -1 0 0 -1 0 0 -1 0 0 -1 0 0 -1 0 0 -1 0 0 -1 0 0 -1 0 0 -1 0 0 -1 0 0 -1 0 0 -1 0 0 -1 0 0 -1 0 0 -1 0 0 -1 0 0 -1 0 0 -1 0 0 -1 0 0 -1 0 0 -1 0 0 -1 0 0 -1 0 0 -1 0 0 -1 0 0 -1 0 0 -1 0 0 0 1 0 -1 0 0 -1 0 0 -1 0 0 -1 0 0 -1 0 0 -1 0 0 -1 0 0 -1 0 0 -1 0 0 -1 0 0 -1 0 0 -1 0 0 -1 0 0 -1 0 0 -1 0 0 -1 0 0 -1 0 0 -1 0 0 -1 0 0 -1 0 0 -1 0 0 -1 0 0 -1 0 0 -1 0 0 -1 0 0 -1 0 0 -1 0 0 -1 0 0 -1 0 0 -1 0 0 -1 0 0 -1 0 0 -1 0 0 -1 0 0 -1 0 0 -1 0 0 -1 0 0 -1 0 0 -1 0 0 -1 0 0 -1 0 0 -1 0 0 -1 0 0 -1 0 0 -1 0 0 -1 0 0 -1 0 0 -1 0 0 -1 0 0 -1 0 0 -1 0 0 -1 0 0 -1 0 0 -1 0 0 -1 0 0 -1 0 0 -1 0 0 -1 0 0 -1 0 0 -1 0 0 -1 0 0 -1 0 0 0 1 0 -1 0 0 1 0 0 -1 0 0 -1 0 0 -1 0 0 -1 0 0 -1 0 0 -1 0 0 -1 0 0 -1 0 0 -1 0 0 -1 0 0 -1 0 0 -1 0 0 -1 0 0 -1 0 0 -1 0 0 -1 0 0 -1 0 0 -1 0 0 -1 0 0 -1 0 0 -1 0 0 -1 0 0 -1 0 0 -1 0 0 -1 0 0 -1 0 0 -1 0 0 -1 0 0 -1 0 0 -1 0 0 -1 0 0 -1 0 0 -1 0 0 -1 0 0 -1 0 0 -1 0 0 -1 0 0 -1 0 0 -1 0 0 -1 0 0 -1 0 0 -1 0 0 -1 0 0 -1 0 0 -1 0 0 -1 0 0 -1 0 0 -1 0 0 -1 0 0 -1 0 0 -1 0 0 -1 0 0 -1 0 0 -1 0 0 -1 0 0 -1 0 0 -1 0 0 -1 0 0 -1 0 0 -1 0 0 -1 0 0 -1 0 0 -1 0 0 -1 0 0 -1 0 0 -1 0 0 -1 0 0 -1 0 0 -1 0 0 -1 0 0 -1 0 0 -1 0 0 -1 0 0 -1 0 0 -1 0 0 -1 0 0 -1 0 0 -1 0 0 -1 0 0 -1 0 0 -1 0 0 -1 0 0 -1 0 0 -1 0 0 -1 0 0 -1 0 0 -1 0 0 -1 0 0 -1 0 0 -1 0 0 -1 0 0 -1 0 0 -1 0 0 -1 0 0 -1 0 0 -1 0 0 -1 0 0 -1 0 0 -1 0 0 -1 0 0 -1 0 0 -1 0 0 -1 0 0 -1 0 0 -1 0 0 -1 0 0 -1 0 0 -1 0 0 -1 0 0 -1 0 0 -1 0 0 -1 0 0 -1 0 0 -1 0 0 -1 0 0 -1 0 0 -1 0 0 -1 0 0 -1 0 0 -1 0 0 -1 0 0 -1 0 0 -1 0 0 -1 0 0 -1 0 0 -1 0 0 -1 0 0 -1 0 0 -1 0 0 -1 0 0 -1 0 0 -1 0 0 -1 0 0 -1 0 0 -1 0 0 -1 0 0 -1 0 0 -1 0 0 -1 0 0 -1 0 0 -1 0 0 -1 0 0 -1 0 0 -1 0 0 -1 0 0 -1 0 0 -1 0 0 -1 0 0 -1 0 0 -1 0 0 -1 0 0 -1 0 0 -1 0 0 -1 0 0 -1 0 0 -1 0 0 -1 0 0 -1 0 0 -1 0 0 -1 0 0 -1 0 0 -1 0 0 -1 0 0 -1 0 0 -1 0 0 -1 0 0 -1 0 0 -1 0 0 -1 0 0 -1 0 0 -1 0 0 -1 0 0 -1 0 0 -1 0 0 -1 0 0 -1 0 0 -1 0 0 -1 0 0 -1 0 0 -1 0 0 -1 0 0 -1 0 0 -1 0 0 -1 0 0 -1 0 0 -1 0 0 -1 0 0 -1 0 0 -1 0 0 -1 0 0 -1 0 0 -1 0 0 -1 0 0 -1 0 0 -1 0 0 -1 0 0 -1 0 0 -1 0 0 -1 0 0 -1 0 0 -1 0 0 -1 0 0 -1 0 0 -1 0 0 -1 0 0 -1 0 0 -1 0 0 -1 0 0 -1 0 0 -1 0 0 -1 0 0 -1 0 0 -1 0 0 -1 0 0 -1 0 0 -1 0 0 -1 0 0 -1 0 0 -1 0 0 1 0 0 -1 0 0 -1 0 0 -1 0 0 -1 0 0 -1 0 0 -1 0 0 -1 0 0 -1 0 0 -1 0 0 -1 0 0 -1 0 0 -1 0 0 -1 0 0 -1 0 0 -1 0 0 -1 0 0 -1 0 0 -1 0 0 -1 0 0 -1 0 0 -1 0 0 -1 0 0 -1 0 0 -1 0 0 -1 0 0 -1 0 0 -1 0 0 -1 0 0 -1 0 0 -1 0 0 -1 0 0 -1 0 0 -1 0 0 -1 0 0 -1 0 0 -1 0 0 -1 0 0 -1 0 0 -1 0 0 -1 0 0 -1 0 0 -1 0 0 -1 0 0 -1 0 0 -1 0 0 -1 0 0 -1 0 0 -1 0 0 -1 0 0 -1 0 0 -1 0 0 0 1 0 -1 0 0 0 1 0 -1 0 0 -1 0 0 -1 0 0 -1 0 0 -1 0 0 -1 0 -0.58 -0.58 0.58 -0.58 -0.58 0.58 -0.49 -0.49 0.73 -0.24 -0.24 0.94 0 0 1 0 0 1 0.3 -0.3 0.9 0.2 -0.59 0.78 0.33 -0.67 0.67 0 -0.71 0.71 0 -0.71 0.71 -0.51 -0.51 0.69 -0.33 -0.67 0.67 -0.59 -0.2 0.78 -0.71 0 0.71 0 0 1 0 0 1 0.24 -0.24 0.94 0.45 0 0.89 0.41 -0.41 0.82 0.49 -0.49 0.73 0.71 0 0.71 0.33 -0.67 0.67 0 -0.71 0.71 -0.2 -0.59 0.78 -0.37 -0.56 0.74 -0.3 -0.6 0.75 -0.33 -0.67 0.67 -0.33 -0.67 0.67 0 -0.71 0.71 0 -0.71 0.71 -0.82 -0.41 0.41 -0.9 -0.3 0.3 -0.8 -0.53 0.27 -0.69 -0.69 0.23 -0.69 -0.69 0.23 -0.64 -0.64 0.43 -0.24 -0.24 0.94 -0.49 -0.49 0.73 0 0 1 0 0 1 0 0 1 0.23 -0.69 0.69 0.27 -0.53 0.8 0.53 -0.27 0.8 -0.3 -0.3 0.9 -0.71 0 0.71 -0.58 -0.58 0.58 -0.9 -0.3 0.3 -0.71 0 0.71 -1 0 0 -1 0 0 -0.9 -0.3 0.3 -0.67 -0.67 0.33 -0.67 -0.67 0.33 -0.71 0 0.71 -0.45 0 0.89 -0.69 -0.23 0.69 0.67 -0.33 0.67 0.58 -0.58 0.58 0.23 -0.69 0.69 0.67 -0.67 0.33 0.33 -0.67 0.67 -0.59 -0.2 0.78 -0.45 0 0.89 -0.27 -0.53 0.8 -0.41 -0.82 0.41 -0.51 -0.69 0.51 -0.8 -0.53 0.27 -0.93 -0.37 0 -1 0 0 -0.87 -0.44 -0.22 -0.8 -0.6 0 0.58 -0.58 0.58 1 0 0 -0.58 -0.58 0.58 -0.33 -0.67 0.67 -0.33 -0.67 0.67 0 -0.71 0.71 0 -0.71 0.71 0 -0.71 0.71 0 -0.71 0.71 -0.8 -0.53 0.27 -0.56 -0.37 0.74 -0.71 0 0.71 -0.44 -0.22 0.87 -0.69 -0.23 0.69 -0.95 0 0.32 -0.97 -0.24 0 -0.71 0 0.71 -0.71 -0.71 0 -0.9 -0.3 -0.3 -0.9 -0.3 -0.3 -0.8 -0.53 -0.27 -0.69 -0.69 -0.23 -0.71 -0.71 0 -0.67 -0.67 0.33 -0.71 -0.71 0 -0.67 -0.67 0.33 -0.73 -0.49 0.49 -0.94 -0.24 0.24 -0.58 -0.58 0.58 -1 0 0 -1 0 0 -0.9 -0.3 -0.3 -0.73 -0.49 -0.49 -0.73 -0.49 -0.49 -0.9 -0.3 -0.3 -0.89 -0.45 0 -0.9 -0.3 -0.3 -0.71 -0.71 0 -0.9 -0.3 0.3 -0.8 -0.53 0.27 -0.9 -0.3 0.3 -0.69 -0.69 0.23 -0.78 -0.59 -0.2 -0.67 -0.67 -0.33 -0.67 -0.33 -0.67 -0.71 0 -0.71 -0.64 -0.43 -0.64 -0.69 -0.69 -0.23 -0.86 -0.51 0 -0.71 0 -0.71 -0.58 -0.58 -0.58 -0.8 -0.53 0.27 -0.58 0.58 0.58 -0.71 -0.71 0 -0.71 -0.71 0 -0.69 -0.69 -0.23 -0.71 0 -0.71 -0.53 -0.27 -0.8 -0.8 -0.53 -0.27 0 0 -1 -0.3 -0.3 -0.9 -0.49 -0.49 -0.73 -0.58 -0.58 -0.58 -0.58 -0.58 -0.58 -0.41 -0.82 0.41 0.33 -0.67 0.67 0 1 0 0 1 0 0 1 0 0 1 0 0 1 0 0 1 0 0 1 0 0 1 0 0 1 0 0 1 0 0 1 0 0 1 0 0 1 0 0 1 0 0 1 0 0 1 0 0 1 0 0 1 0 0 1 0 0 1 0 0 1 0 0 1 0 0 1 0 0 1 0 0 1 0 0 1 0 0 1 0 0 1 0 0 1 0 0 1 0 0 1 0 0 1 0 0 1 0 0 1 0 0 1 0 0 1 0 0 1 0 0 1 0 0 1 0 0 1 0 0 1 0 0 1 0 0 1 0 0 1 0 0 1 0 0 1 0 0 1 0 0 1 0 0 1 0 0 1 0 0 0 1 0 0 1 0 0 1 0 1 0 0 1 0 0 1 0 0 1 0 0 1 0 0 1 0 0 1 0 0 1 0 0 1 0 0 1 0 0 1 0 0 1 0 0 1 0 0 1 0 0 1 0 0 1 0 0 1 0 0 1 0 0 1 0 0 1 0 0 1 0 0 1 0 0 1 0 0 1 0 0 1 0 0 1 0 0 1 0 0 1 0 0 1 0 0 1 0 0 1 0 0 1 0 0 1 0 0 1 0 0 1 0 0 1 0 0 1 0 0 1 0 0 1 0 0 1 0 0 1 0 0 1 0 0 1 0 0 1 0 0 1 0 0 1 0 0 1 0 0 1 0 0 1 0 0 1 0 0 1 0 0 1 0 0 1 0 0 1 0 0 1 0 0 1 0 0 1 0 0 1 0 0 1 0 0 1 0 0 1 0 0 1 0 0 1 0 0 1 0 0 1 0 0 1 0 0 1 0 0 1 0 0 1 0 0 1 0 0 1 0 0 1 0 0 1 0 0 1 0 0 1 0 0 1 0 0 1 0 0 1 0 0 1 0 0 1 0 0 1 0 0 1 0 0 1 0 0 1 0 0 1 0 0 1 0 0 1 0 0 1 0 0 1 0 0 1 0 0 1 0 0 1 0 0 1 0 0 1 0 0 1 0 0 1 0 0 1 0 0 1 0 0 1 0 0 1 0 0 1 0 0 1 0 0 1 0 0 1 0 0 1 0 0 1 0 0 1 0 0 1 0 0 1 0 0 1 0 0 1 0 0 1 0 0 1 0 0 1 0 0 0 1 0 1 0 0 1 0 0 1 0 0 1 0 0 1 0 0 1 0 0 1 0 0 1 0 0 1 0 0 1 0 0 1 0 0 1 0 0 1 0 0 1 0 0 1 0 0 1 0 0 1 0 0 1 0 0 1 0 0 1 0 0 1 0 0 1 0 0 1 0 0 1 0 0 1 0 0 1 0 0 1 0 0 1 0 0 1 0 0 1 0 0 1 0 0 1 0 0 1 0 0 1 0 0 1 0 0 1 0 0 1 0 0 1 0 0 1 0 0 1 0 0 1 0 0 1 0 0 1 0 0 0 1 0 1 0 0 1 0 0 1 0 0 1 0 0 1 0 0 1 0 0 1 0 0 1 0 0 1 0 0 1 0 0 1 0 0 1 0 0 1 0 0 1 0 0 1 0 0 1 0 0 1 0 0 1 0 0 1 0 0 1 0 0 1 0 0 1 0 0 1 0 0 1 0 0 1 0 0 1 0 0 1 0 0 1 0 0 1 0 0 1 0 0 1 0 0 1 0 0 1 0 0 1 0 0 1 0 0 1 0 0 1 0 0 1 0 0 1 0 0 1 0 0 1 0 0 1 0 0 1 0 0 1 0 0 1 0 0 1 0 0 1 0 0 1 0 0 1 0 0 1 0 0 1 0 0 1 0 0 1 0 0 1 0 0 1 0 0 1 0 0 1 0 0 1 0 0 1 0 0 1 0 0 1 0 0 1 0 0 1 0 0 1 0 0 0 1 0 1 0 0 1 0 0 1 0 0 1 0 0 1 0 0 1 0 0 1 0 0 -1 0 0 1 0 0 1 0 0 1 0 0 1 0 0 1 0 0 1 0 0 1 0 0 1 0 0 1 0 0 1 0 0 1 0 0 1 0 0 1 0 0 1 0 0 1 0 0 1 0 0 1 0 0 1 0 0 1 0 0 1 0 0 1 0 0 1 0 0 1 0 0 1 0 0 1 0 0 1 0 0 1 0 0 1 0 0 1 0 0 1 0 0 1 0 0 1 0 0 1 0 0 1 0 0 1 0 0 1 0 0 1 0 0 1 0 0 1 0 0 1 0 0 1 0 0 1 0 0 1 0 0 1 0 0 1 0 0 1 0 0 1 0 0 1 0 0 1 0 0 1 0 0 1 0 0 1 0 0 1 0 0 1 0 0 1 0 0 1 0 0 1 0 0 1 0 0 1 0 0 1 0 0 1 0 0 1 0 0 1 0 0 1 0 0 1 0 0 1 0 0 1 0 0 1 0 0 1 0 0 1 0 0 1 0 0 1 0 0 1 0 0 1 0 0 1 0 0 1 0 0 1 0 0 1 0 0 1 0 0 1 0 0 1 0 0 1 0 0 1 0 0 1 0 0 1 0 0 1 0 0 1 0 0 1 0 0 1 0 0 1 0 0 1 0 0 1 0 0 1 0 0 1 0 0 1 0 0 1 0 0 1 0 0 1 0 0 1 0 0 1 0 0 1 0 0 1 0 0 1 0 0 1 0 0 1 0 0 1 0 0 1 0 0 1 0 0 1 0 0 1 0 0 1 0 0 1 0 0 1 0 0 1 0 0 1 0 0 1 0 0 1 0 0 1 0 0 1 0 0 1 0 0 1 0 0 1 0 0 1 0 0 1 0 0 -1 0 -0.89 0 0.45 -1 0 0 -0.45 0 0.89 -0.32 0 0.95 -0.89 0 0.45 -0.55 0 0.83 -0.89 0 0.45 -0.83 0 -0.55 -0.95 0 -0.32 -1 0 0 -1 0 0 -1 0 0 -1 0 0 -0.89 0 0.45 -0.89 0 0.45 -0.83 0 0.55 -0.95 0 0.32 -1 0 0 -1 0 0 -1 0 0 -0.83 0.11 -0.55 -0.95 0.06 -0.32 -0.95 0.06 -0.32 -0.83 0.11 -0.55 -1 0 0 -1 0 0 -0.83 -0.06 0.55 -1 0 0 -0.71 0 0.71 -0.97 -0.05 0.24 -0.71 -0.07 0.71 -1 0 0 -0.71 0 -0.71 -0.89 0 -0.45 -0.71 0 -0.71 -0.89 0 -0.45 -0.89 0 -0.45 -0.45 0 -0.89 -0.71 0 -0.71 -0.71 0 -0.71 -0.83 0.06 0.55 -0.71 0.07 0.71 -0.71 0 0.71 -0.97 0.05 0.24 -0.89 0 -0.45 -1 0 0 -0.6 -0.04 -0.8 -0.89 0 -0.45 -0.45 0 -0.89 -0.55 -0.11 -0.83 -0.55 -0.06 -0.83 -0.55 -0.11 -0.83 -0.55 0 -0.83 -0.83 0 -0.55 -0.95 0 -0.32 -1 0 0 -1 0 0 -0.71 0 -0.71 -0.71 0 -0.71 -0.55 0 -0.83 -0.32 0 -0.95 0 0 -1 0 0 -1 -0.89 0 -0.45 -0.45 0 -0.89 -1 0 0 -0.95 -0.06 -0.32 -0.83 -0.06 -0.55 -0.71 -0.07 -0.71 -0.71 0 -0.71 -0.89 0 -0.45 -0.45 0 -0.89 -0.45 0.09 -0.89 -0.71 0 -0.71 0 0.07 -1 0.55 0.11 -0.83 -0.55 0 -0.83 -0.55 0 -0.83 -0.55 -0.06 -0.83 -0.83 0 -0.55 -0.97 -0.05 -0.24 -0.71 0 -0.71 0 0 -1 0 0 -1 0 0 -1 0 0 -1 -0.32 0 -0.95 0 0 -1 -0.45 0.04 -0.89 -0.55 0.06 -0.83 -0.71 -0.07 -0.71 -0.45 0.04 -0.89 -0.71 -0.07 -0.71 0.24 -0.05 -0.97 0.45 0 -0.89 0.55 0 -0.83 0.32 0 -0.95 -0.45 0 -0.89 0 0 -1 -0.71 0.07 -0.71 -0.71 0.07 -0.71 0 0 -1 -0.32 0.06 -0.95 0 0 -1 0 0 -1 0.55 0 -0.83 0.32 0 -0.95 0.45 0 -0.89 0.71 0 -0.71 -0.2 -0.04 -0.98 0 0 -1 -0.45 0 -0.89 -0.2 0 -0.98 0.71 0.07 -0.71 0.71 0.07 -0.71 0.45 0 -0.89 0.71 0 -0.71 0.71 0 -0.71 0.6 -0.04 -0.8 0.83 0 -0.55 0.45 0 -0.89 0.71 -0.07 -0.71 -0.45 0 -0.89 -0.55 0 -0.83 0.45 -0.09 -0.89 0 0.07 -1 0.71 0.07 -0.71 0.45 0 -0.89 0.71 0.07 -0.71 0.89 0 -0.45 1 0 0 1 0 0 0.89 0 -0.45 0.71 0 -0.71 0.71 0 -0.71 0.55 0 -0.83 0.32 0 -0.95 0 0 -1 0 0 -1 0.45 0 -0.89 0.89 0 -0.45 0.95 0 -0.32 0.83 0 -0.55 0.95 0 -0.32 0.83 0 -0.55 1 0 0 1 0 0 1 0 0 1 0 0 0.89 0 -0.45 0.45 0 -0.89 0.32 -0.06 -0.95 0 0 -1 0.71 -0.07 -0.71 0.83 -0.06 -0.55 0.83 0 -0.55 0.89 0 0.45 0.95 0 -0.32 0.89 0 0.45 0.45 0 -0.89 0.45 0 -0.89 0.89 0 -0.45 0.89 0 -0.45 0.83 0 -0.55 0.89 0 -0.45 1 0 0 1 0 0 1 0 0 0.71 -0.07 0.71 0.71 -0.07 0.71 0.97 -0.05 0.24 1 0 0 0.89 0 -0.45 0.71 0.07 -0.71 0.71 0.07 -0.71 1 0 0 0.95 0.06 -0.32 0.83 0 0.55 0.89 0 0.45 0.71 0 -0.71 0.71 0.07 0.71 0.89 0 0.45 1 0 0 0.97 0.05 0.24 1 0 0 1 0 0 1 0 0 0.95 0 0.32 0.83 0 0.55 0.71 0 0.71 0.71 0 0.71 0.6 0.04 0.8 0.45 0 0.89 0.95 0.06 0.32 0.71 0.07 0.71 1 0 0 1 0 0 1 0 0 1 0 0 0.89 0 0.45 0.45 0 0.89 0.45 0 0.89 0.89 0 0.45 0.45 0 0.89 0.89 0 0.45 0.45 0 0.89 1 0 0 1 0 0 0.89 0 0.45 0.45 0 0.89 0 0 1 0 0 1 0 0 1 0.71 0 0.71 0.37 0.04 0.93 0.55 0.06 0.83 0.7 0.14 0.7 0.71 0 0.71 0.89 0 0.45 0.95 0 0.32 0.45 0 0.89 0.45 0 0.89 0.45 0 0.89 0 0 1 0.89 0 0.45 0.55 0.11 -0.83 0 0 -1 -0.83 -0.06 -0.55 0 0 -1 0 0 -1 0 0 -1 0.45 0 -0.89 0.89 0 -0.45 0.71 0 -0.71 0.71 0 -0.71 0.89 0 -0.45 0.71 0 -0.71 0.45 0 -0.89 0.45 0 -0.89 -0.55 0 0.83 0 0 1 -0.32 0 0.95 -0.45 -0.04 -0.89 -0.32 0 0.95 -0.55 0 0.83 0.95 0 -0.32 0 0 1 0 0 1 0 0 1 -1 0 0 -0.45 0 0.89 -0.45 0 0.89 0.45 0 -0.89 0.89 0 -0.45 0.83 0 -0.55 0.89 0 -0.45 0.89 0 0.45 0.89 0 0.45 0.95 0 -0.32 1 0 0 0.89 0 0.45 0.89 0 -0.45 0.45 0 -0.89 0.95 0 0.32 0.71 0.07 0.71 1 0 0 1 0 0 1 0 0 0.89 0 0.45 0 0 1 0 0 1 0.71 0 0.71 0.71 0 0.71 1 0 0 1 0 0 0.83 0 0.55 0.89 0 0.45 0 0 1 0.32 0 0.95 0.55 0 0.83 0.32 0 0.95 0 0 1 0 0 1 -0.45 0 0.89 0.45 0 0.89 -0.45 0 0.89 0.45 0 0.89 0.71 0 0.71 0.71 0 0.71 0.71 0 0.71 0.45 0 0.89 0.71 0 0.71 0 0 1 0.45 0 0.89 -0.55 0 0.83 -0.32 0 0.95 0.55 0 0.83 0 0 1 -0.45 0 0.89 -0.45 0 0.89 -1 0 0 -1 0 0 -1 0 0 -1 0 0 -0.45 0 0.89 0 0 1 0 0 1 -0.83 0 0.55 -0.55 0 0.83 -0.95 0 0.32 -0.45 0 0.89 -0.95 0 0.32 -0.71 0 0.71 -0.98 0.04 0.2 -1 0 0 -0.24 0.05 0.97 -0.71 0.07 0.71 0 0 1 0 0 1 0 0 1 -0.83 0 0.55 -0.95 0 0.32 -0.89 0 0.45 -0.8 0.04 0.6 -0.32 0.06 0.95 0 0 1 0 0 1 0 0 1 0 0 1 -0.32 0.06 0.95 -0.71 0.07 0.71 -0.32 -0.06 0.95 -0.71 -0.07 0.71 -0.89 0 0.45 0 0 1 0 0 1 0 0 1 0 0 1 0 0 1 0 0 1 0 0 1 0 0 1 0 0 1 -1 0 0 0 0 1 0 0 1 -0.71 0.07 0.71 -0.83 0 0.55 -0.95 0 0.32 -0.71 0 0.71 -1 0 0 -0.32 0 0.95 -0.89 0 0.45 -1 0 0 -1 0 0 -0.89 0 0.45 -0.45 0 0.89 -1 0 0 -1 0 0 -0.89 0 -0.45 -0.89 0 -0.45 -1 0 0 -1 0 0 -0.55 0 -0.83 -0.32 0 -0.95 -0.89 0 -0.45 -0.45 0 -0.89 -0.27 0.53 0.8 -0.51 0.69 0.51 -0.8 0.53 0.27 -0.51 0.69 0.51 -0.93 0.37 0 -0.41 0.82 0.41 -0.27 0.53 0.8 -0.59 0.2 0.78 -0.45 0 0.89 -0.69 0.23 0.69 -0.45 0 0.89 -0.67 0.67 0.33 -0.67 0.67 0.33 -0.82 0.41 0.41 -1 0 0 -0.95 0 0.32 -0.87 0.22 0.44 -0.71 0 0.71 -0.45 0 0.89 -0.67 0.33 0.67 0 0 1 0 0 1 -0.24 0.24 0.94 -0.49 0.49 0.73 -0.64 0.64 0.43 -0.69 0.69 0.23 -0.8 0.53 0.27 -0.69 0.69 0.23 -0.64 0.43 0.64 -0.71 0 0.71 -0.27 0.53 0.8 -0.23 0.69 0.69 0 0.71 0.71 0 0.71 0.71 0 0.71 0.71 0 0.71 0.71 -0.27 0.53 0.8 0 0.71 0.71 -0.67 0.33 0.67 -0.8 0.27 0.53 -0.8 0.53 0.27 -0.41 0.82 0.41 -0.24 0.24 0.94 0 0 1 0 0 1 0.3 0.3 0.9 0.27 0.53 0.8 0.23 0.69 0.69 0 0.71 0.71 0 0.71 0.71 -0.43 0.64 0.64 -0.64 0.43 0.64 -0.69 0.23 0.69 -0.32 0 0.95 0 0 1 0 0 1 0 0 1 0.49 0.49 0.73 0.3 0.3 0.9 0.49 0.49 0.73 0.49 0.49 0.73 0.71 0 0.71 0.33 0.67 0.67 -0.2 0.59 0.78 0 0.71 0.71 -0.3 0.6 0.75 -0.37 0.56 0.74 -0.33 0.67 0.67 0.23 0.69 0.69 0.27 0.53 0.8 0.64 0.43 0.64 0.71 0 0.71 0.73 0.49 0.49 0.43 0.64 0.64 0.23 0.69 0.69 0.33 0.67 0.67 0.58 0.58 0.58 1 0 0 0 0 1 -0.67 0.33 0.67 -1 0 0 -0.8 0.6 0 -0.87 0.44 -0.22 -0.8 0.53 0.27 -0.56 0.37 0.74 -0.71 0 0.71 -0.44 0.22 0.87 -0.69 0.23 0.69 -0.95 0 0.32 -0.97 0.24 0 -0.71 0 0.71 -0.71 0.71 0 -0.9 0.3 -0.3 -0.9 0.3 -0.3 -0.8 0.53 -0.27 -0.69 0.69 -0.23 -0.71 0.71 0 -0.71 0.71 0 -0.69 0.69 0.23 -0.64 0.64 0.43 -0.73 0.49 0.49 -0.9 0.3 0.3 -1 0 0 -0.58 0.58 0.58 -0.89 0 -0.45 -0.89 0 -0.45 -0.89 0 -0.45 -0.94 0.24 -0.24 -1 0 0 -0.89 0.45 0 -0.71 0.71 0 -0.73 0.49 0.49 -0.71 0 0.71 -0.67 0.67 0.33 -0.71 0.71 0 -0.71 0.71 0 -0.69 0.69 -0.23 -0.8 0.53 -0.27 -0.8 0.27 -0.53 -0.69 0.23 -0.69 -0.58 0.58 -0.58 -0.69 0.51 -0.51 -0.91 0.37 -0.18 -0.58 0.58 -0.58 -0.71 0 -0.71 -0.94 0.24 0.24 -0.85 0.51 0.17 -0.67 0.67 0.33 -0.69 0.69 -0.23 -0.8 0.53 -0.27 -0.64 0.43 -0.64 -0.71 0 -0.71 -0.23 0.69 -0.69 -0.23 0.69 -0.69 -0.27 0.53 -0.8 -0.33 0.67 -0.67 -0.58 0.58 -0.58 -0.89 0 -0.45 0 1 0 0 1 0 0 1 0 0 1 0 0 1 0 0 1 0 0 1 0 0 1 0 0 1 0 0 1 0 0 1 0 0 1 0 0 1 0 0 1 0 0 1 0 0 1 0 0 1 0 0 1 0 0 1 0 0 1 0 0 1 0 0 1 0 0 1 0 0 1 0 0 1 0 0 1 0 0 1 0 0 1 0 0 1 0 0 1 0 0 1 0 0 1 0 0 1 0 0 1 0 0 1 0 0 1 0 0 1 0 0 1 0 0 1 0 0 1 0 0 1 0 0 1 0 0 1 0 0 1 0 0 1 0 0 1 0 0 1 0 0 1 0 0 1 0 0 1 0 0 1 0 0 1 0 0 1 0 0 1 0 0 1 0 0 1 0 0 1 0 0 1 0 0 1 0 0 1 0 0 1 0 0 1 0 0 1 0 0 1 0 0 1 0 0 1 0 0 1 0 0 1 0 0 1 0 0 1 0 0 1 0 0 1 0 0 1 0 0 1 0 0 1 0 0 1 0 0 1 0 0 1 0 0 1 0 0 1 0 0 1 0 0 1 0 0 1 0 0 1 0 0 1 0 0 1 0 0 1 0 0 1 0 0 1 0 0 1 0 0 1 0 0 1 0 0 1 0 0 1 0 0 1 0 0 1 0 0 1 0 0 1 0 0 1 0 0 1 0 0 1 0 0 1 0 0 1 0 0 1 0 0 1 0 0 1 0 0 1 0 0 1 0 0 1 0 0 1 0 0 1 0 0 1 0 0 1 0 0 1 0 0 1 0 0 1 0 0 1 0 0 1 0 0 1 0 0 1 0 0 1 0 0 1 0 0 1 0 0 1 0 0 1 0 0 1 0 0 1 0 0 1 0 0 1 0 0 1 0 0 1 0 0 1 0 0 1 0 0 1 0 0 1 0 0 1 0 0 1 0 0 1 0 0 1 0 0 1 0 0 1 0 0 1 0 0 1 0 0 1 0 0 1 0 0 1 0 0 1 0 0 1 0 0 1 0 0 1 0 0 1 0 0 1 0 0 1 0 0 1 0 0 1 0 0 1 0 0 1 0 0 1 0 -0.71 -0.71 0 -0.71 -0.71 0 -0.64 -0.64 0.43 -0.69 -0.69 0.23 -0.49 -0.49 0.73 -0.53 -0.27 0.8 -0.67 -0.33 0.67 -0.83 -0.55 0 -0.8 -0.53 -0.27 -0.9 -0.3 -0.3 -0.9 -0.3 -0.3 -0.67 -0.33 -0.67 -0.89 0 -0.45 -0.67 -0.33 -0.67 -1 0 0 -1 0 0 -0.95 0 0.32 -0.9 -0.3 0.3 -0.82 -0.41 0.41 -0.94 -0.24 0.24 -1 0 0 -0.67 -0.67 0.33 -0.71 0 -0.71 -0.9 -0.3 -0.3 -0.58 -0.58 -0.58 -0.41 -0.82 -0.41 -0.64 -0.43 -0.64 -0.69 -0.23 -0.69 -0.67 -0.33 -0.67 -0.67 -0.67 -0.33 -0.71 -0.71 0 -0.87 -0.44 0.22 -0.96 -0.19 0.19 -0.78 -0.59 0.2 -0.8 -0.27 -0.53 -0.71 0 -0.71 -0.41 -0.41 -0.82 -0.33 -0.67 -0.67 -0.67 -0.33 -0.67 -0.8 -0.27 -0.53 -0.67 -0.33 -0.67 -0.8 -0.27 -0.53 -1 0 0 -0.71 0 -0.71 -0.94 -0.24 -0.24 -1 0 0 -0.67 -0.67 -0.33 -0.87 -0.35 -0.35 -0.53 -0.27 -0.8 -0.45 0 -0.89 -0.32 0 -0.95 -0.2 -0.59 -0.78 -0.22 -0.44 -0.87 -0.82 -0.41 -0.41 -0.23 -0.69 -0.69 -0.8 -0.53 -0.27 -0.9 -0.3 -0.3 -0.69 -0.69 -0.23 -0.69 -0.69 -0.23 -0.8 -0.53 -0.27 -0.67 -0.33 -0.67 -0.45 0 -0.89 -0.45 0 -0.89 -0.2 -0.59 -0.78 -0.58 -0.58 -0.58 0 -0.71 -0.71 0 -0.71 -0.71 0 -0.71 -0.71 -0.23 -0.69 -0.69 -0.49 -0.73 -0.49 -0.67 -0.67 -0.33 -0.73 -0.49 -0.49 -0.69 -0.69 -0.23 0 -0.71 -0.71 0 -0.71 -0.71 -0.2 -0.59 -0.78 -0.33 -0.67 -0.67 0.33 -0.67 -0.67 0.58 -0.58 -0.58 0.71 0 -0.71 0.78 -0.59 -0.2 0.73 -0.49 -0.49 0.53 -0.27 -0.8 0.27 -0.53 -0.8 0.23 -0.69 -0.69 0 -0.71 -0.71 0 -0.71 -0.71 0 -0.71 -0.71 0 -0.71 -0.71 0.23 -0.69 -0.69 0.58 -0.58 -0.58 0.67 -0.67 -0.33 0.9 -0.3 -0.3 0.95 0 -0.32 0.89 0 -0.45 0.67 -0.33 -0.67 0.67 -0.33 -0.67 0.46 -0.46 -0.76 0.71 0 -0.71 0.2 -0.59 -0.78 0 0 -1 0.33 -0.67 -0.67 0.41 -0.82 -0.41 0.71 0 -0.71 0.73 -0.49 -0.49 -0.69 -0.69 -0.23 -0.8 -0.53 -0.27 -0.9 -0.3 -0.3 -1 0 0 -0.94 -0.24 0.24 -1 0 0 -0.64 -0.43 0.64 -0.56 -0.37 0.74 -0.69 -0.23 0.69 -0.69 -0.69 0.23 -0.67 -0.33 0.67 -0.41 -0.82 0.41 -0.24 -0.24 -0.94 0.24 -0.24 -0.94 0.45 0 -0.89 0.77 -0.62 -0.15 0.67 -0.67 -0.33 0.71 -0.71 0 0.7 -0.7 -0.17 0.8 -0.53 -0.27 0.71 0 -0.71 0.56 -0.37 -0.74 0.44 -0.22 -0.87 0.69 -0.23 -0.69 0.7 -0.7 -0.17 0.67 -0.33 -0.67 0.41 -0.82 -0.41 0.71 -0.71 0 0.71 -0.71 0 0.71 -0.71 0 0.71 -0.71 0 0.78 -0.59 -0.2 0.67 -0.67 -0.33 0.71 -0.71 0 0.73 -0.49 -0.49 0.67 -0.67 -0.33 0.71 0 -0.71 0.67 -0.67 -0.33 0.41 -0.41 -0.82 0.41 -0.41 -0.82 0.67 -0.67 -0.33 0.71 -0.71 0 0.71 -0.71 0 0.78 -0.59 0.2 0.71 -0.71 0 0.82 -0.41 0.41 0.71 0 0.71 0.69 -0.69 -0.23 0 0 -1 0.51 -0.51 -0.69 0.33 -0.67 -0.67 0.49 -0.49 -0.73 0.58 -0.58 -0.58 0.24 -0.24 -0.94 0 0 -1 -0.3 -0.3 -0.9 -0.67 -0.33 -0.67 0 0 -1 0 0 -1 -0.53 -0.27 -0.8 0 0 -1 0.43 -0.64 -0.64 0.22 -0.44 -0.87 0.49 -0.73 -0.49 0 0 -1 0.41 -0.41 -0.82 -0.24 -0.24 -0.94 0 0 -1 -0.67 -0.33 -0.67 -0.9 -0.3 -0.3 -0.82 -0.41 -0.41 -0.33 -0.67 -0.67 -0.23 -0.69 -0.69 -0.27 -0.53 -0.8 -0.24 -0.24 -0.94 0 0 -1 0 0 -1 0.3 -0.3 -0.9 0.2 -0.59 -0.78 0.33 -0.67 -0.67 -0.33 -0.67 -0.67 -0.49 -0.49 -0.73 -0.71 0 -0.71 -0.67 -0.33 -0.67 -0.71 0 -0.71 -1 0 0 -0.69 -0.69 0.23 -0.41 -0.82 0.41 -0.8 -0.53 -0.27 -0.9 -0.3 -0.3 -0.71 -0.71 0 -0.73 -0.49 0.49 -0.67 -0.67 0.33 -0.67 -0.33 0.67 -0.71 0 0.71 -0.45 0 0.89 -0.32 -0.49 0.81 -0.37 -0.56 0.74 -0.27 -0.8 0.53 -0.58 -0.58 0.58 0 0 -1 -0.89 -0.45 0 0 0 1 -0.71 0 -0.71 -0.99 0 0.16 -1 0 0 -1 0 0 -0.95 0 0.32 -0.89 0 0.45 -0.89 0 0.45 0.32 0 0.95 0 0 1 0.55 0 0.83 0.71 0 0.71 0.71 0 0.71 -0.89 0 0.45 -0.93 0 0.37 -0.89 0 0.45 -0.97 0 0.24 -0.71 0 0.71 -0.24 0 0.97 0 0 1 0.6 0 0.8 0.71 0 0.71 0.71 0 0.71 0.45 0 0.89 0.51 0 0.86 0.45 0 0.89 -0.71 0 -0.71 -0.71 0 -0.71 -0.71 0 -0.71 -0.71 0 -0.71 -0.71 0 -0.71 -0.71 0 -0.71 -0.97 0 0.24 -0.71 0 0.71 -0.98 0 -0.2 -0.32 0 0.95 0 0 1 -0.55 0 0.83 0 0 1 0 0 -1 -0.55 0 -0.83 0 0 -1 -0.8 0 -0.6 -0.71 0 0.71 -0.45 0 0.89 -0.45 0 0.89 -0.45 0 0.89 -0.45 0 0.89 -0.45 0 0.89 -0.45 0 0.89 0.16 0 -0.99 0 0 -1 0 0 -1 0.45 0 -0.89 0.32 0 -0.95 0.45 0 -0.89 -1 0 0 -1 0 0 -1 0 0 -1 0 0 -0.95 0 -0.32 -0.83 0 -0.55 -0.55 0 -0.83 0 0 -1 -0.32 0 -0.95 0 0 -1 0 0 -1 0 0 -1 -1 0 0 -1 0 0 -1 0 0 -1 0 0 -1 0 0 -1 0 0 0.99 0 -0.16 1 0 0 1 0 0 0.95 0 -0.32 0.89 0 -0.45 0.89 0 -0.45 0.2 0 -0.98 0 0 -1 0.45 0 -0.89 0.83 0 -0.55 0.95 0 -0.32 0 0 -1 -0.32 0 -0.95 -0.55 0 -0.83 1 0 0 -0.71 0 -0.71 1 0 0 -0.71 0 -0.71 -0.51 0 -0.86 -0.45 0 -0.89 -0.45 0 -0.89 -0.6 0 -0.8 -0.71 0 -0.71 -0.71 0 -0.71 0.71 0 0.71 0.71 0 0.71 0.71 0 0.71 0.71 0 0.71 0.71 0 0.71 0.71 0 0.71 0.71 0 0.71 0.71 0 0.71 0.71 0 0.71 0.95 0 0.32 0.95 0 -0.32 0.83 0 -0.55 0.95 0 -0.32 0.83 0 -0.55 0.6 0 -0.8 0.45 0 -0.89 0.45 0 -0.89 0.71 0 0.71 0.2 0 -0.98 0 0 -1 0 0 -1 0.45 0 -0.89 0.71 0 -0.71 0.71 0 -0.71 0 0 1 0 0 1 0 0 1 0 0 1 0.32 0 0.95 0.55 0 0.83 0.83 0 0.55 0.95 0 0.32 1 0 0 1 0 0 1 0 0 1 0 0 1 0 0 1 0 0 1 0 0 1 0 0 1 0 0 1 0 0 0.32 0 -0.95 0.55 0 -0.83 0.83 0 -0.55 0.95 0 -0.32 0 0 -1 0 0 -1 1 0 0 1 0 0 0.8 0 -0.6 0.37 0 -0.93 0.86 0 -0.51 0.14 0 -0.99 -0.14 0 -0.99 -0.37 0 -0.93 -0.6 0 -0.8 -0.51 0 -0.86 -0.78 0 -0.62 -0.96 0 -0.27 -0.99 0 0.14 -0.93 0 0.37 -0.71 0 0.71 -0.71 0 0.71 -0.55 0 0.83 -0.32 0 0.95 0.16 0 0.99 0.32 0 0.95 0.62 0 0.78 0.78 0 0.62 0.95 0 0.32 0.99 0 0.16 0.99 0 -0.16 0.95 0 -0.32 -0.32 0 0.95 0.16 0 0.99 -0.55 0 0.83 0.45 0 -0.89 0.8 0 -0.6 0.2 0 -0.98 -0.16 0 -0.99 -0.32 0 -0.95 -0.45 0 -0.89 -0.45 0 -0.89 -0.71 0 -0.71 -0.93 0 -0.37 -0.99 0 0.16 -0.95 0 0.32 -0.83 0 0.55 -0.77 0 0.64 0.32 0 0.95 0.62 0 0.78 0.78 0 0.62 0.95 0 0.32 0.99 0 0.16 0.99 0 -0.16 0.95 0 -0.32 0.86 0 -0.51 0.8 0 -0.6 0.37 0 -0.93 0.86 0 -0.51 0.14 0 -0.99 -0.14 0 -0.99 -0.37 0 -0.93 -0.6 0 -0.8 -0.51 0 -0.86 -0.78 0 -0.62 -0.96 0 -0.27 -0.99 0 0.12 -0.96 0 0.27 -0.78 0 0.62 -0.62 0 0.78 -0.32 0 0.95 -0.16 0 0.99 0.16 0 0.99 0.32 0 0.95 0.62 0 0.78 0.78 0 0.62 0.95 0 0.32 0.99 0 0.16 0.99 0 -0.16 0.95 0 -0.32 -0.95 0 0.32 -0.78 0 0.62 -0.99 0 0.16 -0.99 0 -0.16 -0.95 0 -0.32 -0.78 0 -0.62 -0.62 0 -0.78 -0.32 0 -0.95 -0.16 0 -0.99 0.16 0 -0.99 0.32 0 -0.95 0.62 0 -0.78 0.78 0 -0.62 -0.16 0 0.99 0.16 0 0.99 -0.32 0 0.95 -0.62 0 0.78 0.32 0 0.95 0.62 0 0.78 0.78 0 0.62 0.95 0 0.32 0.99 0 0.16 0.99 0 -0.16 0.95 0 -0.32 -0.99 0 -0.16 -0.99 0 0.16 -0.95 0 -0.32 -0.78 0 -0.62 -0.62 0 -0.78 -0.95 0 0.32 -0.86 0 0.51 -0.8 0 0.6 -0.37 0 0.93 0.71 0 -0.71 0.55 0 -0.83 0.71 0 -0.71 0.32 0 -0.95 -0.16 0 -0.99 -0.32 0 -0.95 -0.14 0 0.99 0.14 0 0.99 0.37 0 0.93 0.6 0 0.8 0.51 0 0.86 0.78 0 0.62 0.96 0 0.27 0.99 0 -0.14 0.93 0 -0.37 -0.99 0 0.16 -0.99 0 -0.16 -0.95 0 0.32 -0.78 0 0.62 -0.62 0 0.78 -0.32 0 0.95 -0.16 0 0.99 0.16 0 0.99 0.32 0 0.95 0.62 0 0.78 -0.95 0 -0.32 -0.78 0 -0.62 -0.62 0 -0.78 -0.32 0 -0.95 -0.16 0 -0.99 0.16 0 -0.99 0.32 0 -0.95 0.62 0 -0.78 0.78 0 -0.62 0.78 0 0.62 0.99 0 0.16 0.99 0 -0.16 0.95 0 0.32 0.95 0 -0.32 0.73 -0.49 -0.49 0.95 0 -0.32 -0.27 -0.53 -0.8 0 -1 0 -0.69 -0.69 -0.23 -0.58 -0.58 0.58 0.17 -0.85 0.51 0.67 -0.67 0.33 0.32 0 -0.95 -0.83 0 -0.55 -0.95 0 0.32 0 -0.55 0.83 0.67 -0.33 0.67 0 -0.71 -0.71 0 -1 0 0.33 -0.67 -0.67 -0.58 -0.58 -0.58 -0.8 -0.6 0 0.43 -0.64 0.64 -0.33 -0.67 0.67 0.8 -0.53 0.27 0 0 -1 0.89 0 -0.45 -0.71 0 -0.71 -1 0 0 -0.89 0 0.45 0 0 1 0.58 -0.58 0.58 0.9 -0.3 0.3 0 -0.71 -0.71 -0.67 -0.33 -0.67 0.55 0 -0.83 0.64 -0.64 -0.43 0.95 0 -0.32 0.82 -0.41 0.41 0.45 0 0.89 0 -0.8 0.6 0 0 1 -0.41 -0.41 0.82 -0.89 0 0.45 -0.7 -0.7 -0.17 0 -1 0 -1 0 0 -0.96 0 -0.27 -0.99 0 0.12 -0.82 -0.41 -0.41 -0.53 -0.66 -0.53 -0.44 -0.78 -0.44 0.77 -0.51 0.38 0.68 -0.27 0.68 0.7 -0.7 0.12 -0.21 -0.74 -0.64 -0.09 -0.7 -0.7 0.1 -0.7 -0.7 0.33 -0.67 -0.67 0.62 -0.62 -0.49 0.64 -0.64 -0.43 0.69 -0.69 -0.23 0.7 -0.7 -0.12 -0.94 -0.16 0.31 -0.62 -0.47 0.62 -0.57 -0.42 0.71 -0.43 -0.29 0.86 -0.32 0 0.95 0.16 0 0.99 0.32 0 0.95 0.55 0 0.83 -0.43 -0.29 0.86 -0.65 -0.39 0.65 -0.32 0 0.95 -0.66 -0.53 0.53 -0.9 -0.3 0.3 -0.98 -0.14 0.14 -0.95 0 -0.32 -0.82 -0.41 -0.41 -0.46 -0.68 -0.57 -0.36 -0.81 -0.45 -0.2 -0.78 -0.59 -0.09 -0.75 -0.66 0.12 -0.7 -0.7 0.33 -0.67 -0.67 0.62 -0.62 -0.49 0.64 -0.64 -0.43 0.69 -0.69 -0.23 0.7 -0.7 -0.12 0.7 -0.7 0.12 0.77 -0.51 0.38 0.68 -0.27 0.68 0.55 0 0.83 0.32 0 0.95 0.16 0 0.99 -0.16 0 0.99 0.16 0 0.99 -0.32 0 0.95 -0.78 0 0.62 -0.96 0 0.27 -0.62 0 0.78 -0.99 0 0.12 -0.96 0 -0.27 -0.82 -0.41 -0.41 -0.53 -0.66 -0.53 -0.44 -0.78 -0.44 -0.21 -0.74 -0.64 -0.09 -0.7 -0.7 0.1 -0.7 -0.7 0.33 -0.67 -0.67 0.62 -0.62 -0.49 0.64 -0.64 -0.43 0.69 -0.69 -0.23 0.7 -0.7 -0.12 0.7 -0.7 0.12 0.77 -0.51 0.38 0.68 -0.27 0.68 0.55 0 0.83 0.32 0 0.95 -0.89 0 -0.45 -0.78 0 -0.62 -0.9 -0.3 -0.3 -0.62 0 -0.78 -0.32 0 -0.95 -0.16 0 -0.99 0.16 0 -0.99 0.32 0 -0.95 0.62 0 -0.78 0.68 -0.27 -0.68 0.77 -0.51 -0.38 0.81 -0.58 -0.12 0.84 -0.48 0.24 0.86 -0.37 0.37 0.66 -0.53 0.53 0.49 -0.62 0.62 0.23 -0.69 0.69 0 -0.58 0.81 -0.24 -0.48 0.84 -0.37 -0.37 0.86 -0.53 -0.53 0.66 -0.62 -0.62 0.49 -0.69 -0.69 0.23 -0.83 -0.55 0 -0.16 0 -0.99 0.32 0 -0.95 -0.32 0 -0.95 0.43 -0.29 -0.86 0.57 -0.42 -0.71 0.62 -0.47 -0.62 0.94 -0.16 -0.31 0.99 0 -0.12 0.96 0 0.27 0.82 -0.41 0.41 0.53 -0.66 0.53 0.44 -0.78 0.44 0.21 -0.74 0.64 0.09 -0.7 0.7 -0.1 -0.7 0.7 -0.33 -0.67 0.67 -0.62 -0.62 0.49 -0.64 -0.64 0.43 -0.69 -0.69 0.23 -0.7 -0.7 0.12 -0.7 -0.7 -0.12 -0.77 -0.51 -0.38 -0.68 -0.27 -0.68 -0.55 0 -0.83 0.26 -0.68 -0.68 0.33 -0.67 -0.67 0.2 -0.69 -0.69 0.33 -0.67 -0.67 0.14 -0.7 -0.7 0.14 -0.7 -0.7 0.82 -0.41 -0.41 0.7 -0.7 0.17 1 0 0 0.41 -0.82 -0.41 1 0 0 0.49 -0.49 0.73 0.41 -0.41 0.82 0 0 1 0.67 -0.67 0.33 0.49 -0.32 0.81 0.53 -0.27 0.8 0.71 0 0.71 0.53 -0.27 0.8 0.49 -0.32 0.81 0.71 0 0.71 0.43 -0.64 0.64 0 -0.71 0.71 0.64 -0.43 0.64 0.8 -0.27 0.53 0.71 0 0.71 -0.69 -0.23 0.69 -0.74 -0.56 0.37 -0.41 -0.41 0.82 -0.81 -0.49 0.32 -0.87 -0.44 0.22 -1 0 0 -0.17 -0.51 0.85 -0.67 -0.33 -0.67 -0.83 -0.55 0 -0.53 -0.27 -0.8 -0.41 -0.41 -0.82 -0.58 -0.58 -0.58 -0.67 -0.67 0.33 -0.58 -0.58 0.58 -0.96 -0.19 0.19 -1 0 0 -1 0 0 -0.9 -0.3 0.3 -0.82 -0.41 0.41 -0.82 -0.41 0.41 0.71 -0.71 0 0.7 -0.7 -0.11 0.71 -0.71 0 0.78 -0.6 -0.18 0.8 -0.53 -0.27 0.94 -0.24 -0.24 -0.23 -0.69 0.69 -0.33 -0.67 0.67 -0.58 -0.58 0.58 0.23 -0.69 0.69 0.56 -0.74 0.37 0.71 -0.71 0 0.71 -0.71 0 0.67 -0.67 0.33 -0.3 -0.3 0.9 -0.22 -0.44 0.87 -0.33 -0.67 0.67 -0.37 -0.18 0.91 -0.53 -0.27 0.8 -0.58 -0.58 0.58 -0.27 -0.53 0.8 -0.37 -0.56 0.74 0 -0.71 0.71 -0.51 -0.69 -0.51 -0.27 -0.53 -0.8 -0.82 -0.41 -0.41 -0.91 -0.37 -0.18 -0.97 -0.24 0 -0.73 -0.49 0.49 -0.58 -0.58 0.58 -0.51 -0.51 0.69 -0.33 -0.67 -0.67 0 -0.55 -0.83 -0.27 -0.53 -0.8 -0.3 -0.3 -0.9 -0.41 -0.41 -0.82 -0.58 -0.58 -0.58 -0.71 -0.71 0 0.89 0 -0.45 1 0 0 0.67 -0.33 -0.67 -0.58 -0.58 -0.58 -0.62 -0.62 -0.49 -0.57 -0.68 -0.46 -0.56 -0.74 -0.37 -0.58 -0.58 -0.58 -0.41 -0.82 -0.41 0.71 0 0.71 0.67 0 0.74 0.71 0 0.71 0.6 0 0.8 0.63 0 0.77 0.6 0 0.8 -0.45 0 0.89 0 0 1 -0.41 -0.41 0.82 -0.33 -0.67 0.67 -0.33 -0.67 0.67 -0.82 -0.41 0.41 -1 0 0 -1 0 0 -1 0 0 0 0 1 -0.94 -0.31 0.16 -0.87 -0.44 0.22 -0.71 -0.71 0 -0.99 0 0.16 -1 0 0 -1 0 0 -0.71 -0.71 0 -0.71 -0.71 0 -0.71 -0.71 0 -0.78 -0.59 -0.2 -0.74 -0.56 -0.37 -0.69 -0.51 -0.51 -0.43 -0.64 -0.64 -0.23 -0.69 -0.69 0 -0.71 -0.71 0 -0.71 -0.71 0 -0.71 -0.71 0 -0.71 -0.71 1 0 0 1 0 0 1 0 0 1 0 0 0.89 0 -0.45 0.45 0 -0.89 0.45 0 -0.89 0.71 0 -0.71 1 0 0 0.33 -0.67 -0.67 0.23 -0.69 -0.69 0.12 -0.7 -0.7 0 -0.71 -0.71 0 -0.71 -0.71 0.33 -0.67 -0.67 -0.22 -0.79 0.57 -0.27 -0.8 0.53 -0.19 -0.76 0.62 -0.27 -0.8 0.53 -0.15 -0.74 0.66 -0.17 -0.7 0.7 -0.58 -0.58 0.58 -0.82 -0.41 0.41 0 -0.71 0.71 -0.9 -0.3 0.3 -0.95 -0.32 0 -0.71 -0.71 0 -0.89 0 -0.45 -0.89 0 -0.45 -0.45 0 -0.89 0 0 -1 0 0 -1 -0.53 -0.53 -0.66 -0.58 -0.58 -0.58 -0.58 -0.58 -0.58 -0.57 -0.42 -0.71 -0.53 -0.27 -0.8 -0.71 0 -0.71 -0.43 -0.64 -0.64 -0.58 -0.58 -0.58 -0.17 -0.7 -0.7 0 -0.71 -0.71 0.15 -0.62 -0.77 0.41 -0.41 -0.82 0.71 0 -0.71 0.83 0 -0.55 0.95 0 -0.32 1 0 0 1 0 0 -0.58 -0.58 -0.58 0.67 -0.67 -0.33 0.78 -0.59 -0.2 0.67 -0.67 0.33 0.41 -0.41 0.82 0.82 -0.41 -0.41 1 0 0 0.3 -0.3 0.9 0.41 -0.41 0.82 0.58 -0.58 0.58 0.82 -0.55 -0.14 0.87 -0.44 -0.22 0.89 0 -0.45 0.82 -0.55 -0.14 0.87 -0.44 -0.22 0.89 0 -0.45 -0.85 -0.42 0.32 -0.81 -0.54 0.2 -0.97 0 0.24 -0.71 -0.71 0 -0.7 -0.7 0.12 -0.71 -0.71 0 -0.71 -0.71 0 -0.56 -0.74 -0.37 -0.71 -0.71 0 -0.67 -0.67 -0.33 -0.23 -0.69 -0.69 0 -0.71 -0.71 0 -0.71 -0.71 0 -0.71 -0.71 0 -0.71 -0.71 0.32 -0.49 -0.81 0.22 -0.44 -0.87 0 0 -1 0.47 -0.62 -0.62 0.58 -0.58 -0.58 0.58 -0.58 -0.58 0.37 -0.74 0.56 0.51 -0.77 0.38 0.33 -0.67 0.67 0.67 -0.67 0.33 0.87 -0.44 0.22 0.74 -0.56 -0.37 0.95 -0.32 0 0.74 -0.56 -0.37 0.51 -0.69 -0.51 0.41 -0.41 -0.82 0.22 -0.44 -0.87 0.45 0 -0.89 0 0 1 0 0 1 0 0 1 -0.45 0 0.89 -0.89 0 0.45 -1 0 0 -1 0 0 0.41 -0.41 0.82 0.58 -0.58 0.58 0.71 -0.71 0 0.56 -0.74 0.37 0.57 -0.68 0.46 0.62 -0.62 0.49 0.41 -0.82 0.41 0.58 -0.58 0.58 0.58 -0.58 0.58 0.71 0 0.71 0.91 0 0.42 0.59 0 0.81 0.98 0 0.21 0.99 0 -0.14 0.96 0 -0.29 0.81 0 -0.59 -0.64 -0.28 0.71 -0.3 -0.54 0.78 -0.81 0 0.59 -0.83 -0.53 -0.18 -0.94 -0.34 0.07 -0.78 -0.54 -0.3 -0.71 -0.28 -0.64 -0.61 -0.27 -0.75 -0.3 -0.54 -0.78 -0.12 -0.54 -0.84 0.26 -0.32 -0.91 0.47 0 -0.88 0.71 0 -0.71 -0.97 0 0.22 -0.18 -0.53 0.83 0.07 -0.34 0.94 0.22 0 0.97 0.22 0 0.97 0.59 0 0.81 0 0 1 -0.27 0 0.96 -0.36 0 0.93 -0.62 0 0.78 -0.78 0 0.62 -0.97 0 0.22 -1 0 0 -0.96 0 -0.27 -0.93 0 -0.36 -0.78 0 -0.62 -0.62 0 -0.78 -0.29 0 -0.96 -0.14 0 -0.99 0.21 0 -0.98 0.42 0 -0.91 0.71 0 -0.71 0.81 0 -0.59 0.71 0 0.71 0.91 0 0.42 0.98 0 0.21 0.99 0 -0.14 0.96 0 -0.29 0.49 -0.62 0.62 0.23 -0.69 0.69 0.66 -0.53 0.53 0 -0.58 0.81 -0.24 -0.48 0.84 -0.37 -0.37 0.86 -0.53 -0.53 0.66 -0.62 -0.62 0.49 -0.69 -0.69 0.23 -0.81 -0.58 0 -0.84 -0.48 -0.24 -0.86 -0.37 -0.37 -0.66 -0.53 -0.53 -0.49 -0.62 -0.62 -0.23 -0.69 -0.69 0 -0.58 -0.81 0.24 -0.48 -0.84 0.43 -0.29 -0.86 0.7 -0.17 -0.7 0.75 -0.3 -0.6 0.86 -0.37 0.37 0.84 -0.48 0.24 0.81 -0.58 -0.12 0.77 -0.51 -0.38 -1 0 0 -0.89 0 0.45 -1 0 0 -1 0 0 -1 0 0 -0.45 0 0.89 -0.45 0 0.89 -0.89 0 0.45 -0.14 0 0.99 0 0 1 0 0 1 -0.71 0 0.71 -0.37 0 0.93 -0.71 0 0.71 0.71 -0.71 0 0.71 -0.71 0 0.71 -0.71 0 0.69 -0.51 0.51 0.43 -0.64 0.64 0.74 -0.56 0.37 0.23 -0.69 0.69 0 -0.71 0.71 -0.17 -0.51 0.85 -0.22 -0.44 0.87 -0.45 0 0.89 0.77 -0.62 0.15 0.8 -0.53 -0.27 0.91 -0.37 -0.18 0.98 0 -0.2 1 0 0 1 0 0 0.71 -0.71 0 1 0 0 1 0 0 1 0 0 0.58 -0.58 -0.58 0.8 -0.27 -0.53 0.3 -0.3 -0.9 0.32 0 -0.95 0 0 -1 0 0 -1 -0.52 -0.68 -0.52 -0.58 -0.58 -0.58 -0.48 -0.69 -0.53 -0.48 -0.57 -0.67 -0.45 0 -0.89 -0.6 0 -0.8 -0.33 -0.67 0.67 -0.58 -0.58 0.58 -0.33 -0.67 0.67 -1 0 0 -1 0 0 -1 0 0 -1 0 0 -0.82 -0.41 0.41 -0.25 -0.62 0.74 -0.17 -0.51 0.85 0 0 1 -0.27 -0.68 0.68 -0.27 -0.53 0.8 0 0 1 -0.45 0 -0.89 0 0 -1 -0.89 0 -0.45 -1 0 0 -1 0 0 -0.89 0 0.45 -0.45 0 0.89 0 0 1 0 0 1 0 0 -1 -0.24 0 0.97 -0.32 0 0.95 -0.24 0 0.97 -0.38 0 0.92 -0.45 0 0.89 -0.45 0 0.89 0.89 0 0.45 1 0 0 0.45 0 0.89 1 0 0 1 0 0 1 0 0 0 0 1 0 0 1 -0.89 0 -0.45 -1 0 0 -0.45 0 -0.89 0 0 -1 0 0 -1 0 0 -1 0 0 -1 -1 0 0 -0.97 0 0.24 -0.99 0 0.16 -0.97 0 0.24 -1 0 0.08 -1 0 0 -1 0 0 0 0 1 0 0 1 0.45 0 0.89 0.89 0 0.45 -0.45 0 0.89 1 0 0 -0.89 0 0.45 -1 0 0 1 0 0 -1 0 0 -0.6 0 -0.8 -0.63 0 -0.77 -0.6 0 -0.8 -0.71 0 -0.71 -0.67 0 -0.74 -0.71 0 -0.71 0.95 0 0.32 0.83 0 0.55 0.71 0 0.71 0.71 0 0.71 1 0 0 1 0 0 0.36 0 -0.93 0.45 0 -0.89 0.27 0 -0.96 0.2 0 -0.98 0.2 0 -0.98 0.45 0 -0.89 0 0 -1 0 0 -1 -0.45 0 -0.89 -0.89 0 -0.45 -1 0 0 -1 0 0 0.45 0 0.89 0 0 1 0.89 0 0.45 1 0 0 1 0 0 0 0 1 0.97 0 -0.24 0.99 0 -0.16 0.97 0 -0.24 1 0 -0.08 1 0 0 1 0 0 0.89 0 -0.45 1 0 0 0.45 0 -0.89 0 0 -1 0 0 -1 -0.45 0 -0.89 -0.89 0 -0.45 -1 0 0 -1 0 0 1 0 0 -0.89 0 0.45 -0.45 0 0.89 -0.45 0 0.89 -0.45 0 0.89 -0.89 0 0.45 0 0 1 0 0 1 -1 0 0 -0.89 0 0.45 -1 0 0 0.63 0 0.77 0.6 0 0.8 0.67 0 0.74 0.71 0 0.71 0.6 0 0.8 0.71 0 0.71 0 0 -1 0 0 -1 0.45 0 -0.89 1 0 0 1 0 0 1 0 0 0.89 0 -0.45 1 0 0 0 0.71 -0.71 -0.8 0.53 -0.27 0 0.78 -0.62 -0.71 0.71 0 -0.37 0.56 0.74 0.41 0.82 0.41 -0.41 0.82 0.41 0.67 0.33 -0.67 0 0.71 0.71 0 1 0 0.67 0.33 0.67 0.82 0.41 -0.41 0.3 0.9 0.3 0 0.71 -0.71 0.53 0.8 0.27 0.67 0.67 -0.33 0.58 0.58 0.58 0 0.71 0.71 -0.67 0.67 0.33 -0.71 0.71 0 -0.82 0.41 0.41 -0.67 0.33 -0.67 0 0 -1 0 1 0 0 1 0 0 1 0 0 1 0 0 1 0 0 1 0 0 1 0 0 1 0 0 1 0 0 1 0 0 1 0 0 1 0 0 1 0 0 1 0 0 1 0 0 1 0 0 1 0 0 1 0 0 1 0 0 1 0 0 1 0 0 1 0 0 1 0 0 1 0 0 1 0 0 1 0 0 1 0 0 1 0 0 1 0 0 1 0 0 1 0 0 1 0 0 1 0 0 1 0 0 1 0 0 1 0 0 1 0 0 1 0 0 1 0 0 1 0 0 1 0 0 1 0 0 1 0 0 1 0 0 1 0 0 1 0 -0.82 0 0.57 -0.97 0 0.26 -0.68 0 0.74 -0.37 0 0.93 -0.2 0 0.98 -0.99 0 0.13 -0.98 0 -0.2 0.57 0 0.82 0.26 0 0.97 0.74 0 0.68 0.93 0 0.37 0.98 0 0.2 0.99 0 -0.13 0.97 0 -0.26 -0.13 0 -0.99 0.2 0 -0.98 -0.26 0 -0.97 -0.57 0 -0.82 -0.74 0 -0.68 0.13 0 0.99 -0.93 0 -0.37 0.82 0 -0.57 0.68 0 -0.74 0.37 0 -0.93 0 1 0 0 1 0 0 1 0 0 1 0 0 1 0 0 1 0 0 1 0 0 1 0 0 1 0 0 1 0 0 1 0 0 1 0 0 1 0 0 1 0 0 1 0 0 1 0 0 1 0 0 1 0 0 1 0 0 1 0 0 1 0 0 1 0 0 1 0 0 1 0 0 1 0 0 1 0 0 1 0 0 1 0 0 1 0 0 1 0 0 1 0 0 1 0 0 1 0 0 1 0 0 1 0 0 1 0 0 1 0 0 1 0 0 1 0 0 1 0 0 1 0 0 1 0 0 1 0 0 1 0 0 1 0 0 1 0 0 1 0 0 1 0 0 1 0 0 1 0 0 1 0 0 1 0 0 1 0 0 1 0 0 1 0 0 1 0 0 1 0 0 1 0 0 1 0 0 1 0 0 1 0 0 1 0 0 1 0 0 1 0 0 1 0 0 1 0 0 1 0 0 1 0 0 1 0 0 1 0 0 1 0 0 1 0 0 1 0 0 1 0 0 1 0 0 1 0 0 1 0 0 1 0 0 1 0 0 1 0 0 1 0 0 1 0 0 1 0 0 1 0 0 1 0 0 1 0 0 1 0 0 1 0 0 1 0 0 1 0 0 1 0 0 1 0 0 1 0 0 1 0 0 1 0 0 1 0 0 1 0 0 1 0 0 1 0 0 1 0 0 1 0 0 1 0 0 1 0 0 1 0 0 1 0 0 1 0 0 1 0 0 1 0 0 1 0 0 1 0 0 1 0 0 1 0 0 1 0 0 1 0 0 1 0 0 1 0 0 1 0 0 1 0 0 1 0 0 1 0 0 1 0 0 1 0 0 1 0 0 1 0 0 1 0 0 1 0 0 1 0 0 1 0 0 1 0 0 1 0 0 1 0 0 1 0 0 1 0 0 1 0 0 1 0 0 1 0 0 1 0 0 1 0 0 1 0 0 1 0 0 1 0 0 1 0 0 1 0 0 1 0 0 1 0 0 1 0 0 1 0 0 1 0 0 1 0 0 1 0 0 1 0 0 1 0 0 1 0 0 1 0 0 1 0 0 1 0 0 1 0 0 1 0 0 1 0 0 1 0 0 1 0 0 1 0 0 1 0 0 1 0 0 1 0 0 1 0 0 1 0 0 1 0 0 1 0 0 1 0 0 1 0 0 1 0 0 1 0 0 1 0 0 1 0 0 1 0 0 1 0 0 1 0 0 1 0 0 1 0 0 1 0 0 1 0 0 1 0 0 1 0 0 1 0 0 1 0 0 1 0 0 1 0 0 1 0 0 1 0 0 1 0 0 1 0 0 1 0 0 1 0 0 1 0 0 1 0 0 1 0 0 1 0 0 1 0 0 1 0 0 1 0 0 1 0 0 1 0 0 1 0 0 1 0 0 1 0 0 1 0 0 1 0 0 1 0 0 1 0 0 1 0 0 1 0 0 1 0 0 1 0 0 1 0 0 1 0 0 1 0 0 1 0 0 1 0 0 1 0 0 1 0 0 1 0 0 1 0 0 1 0 0 1 0 0 1 0 0 1 0 0 1 0 0 1 0 0 1 0 0 1 0 0 1 0 0 1 0 0 1 0 0 1 0 0 1 0 0 1 0 0 1 0 0 1 0 0 1 0 0 1 0 0 1 0 0 1 0 0 0.71 -0.71 0.71 0.71 0 -0.17 0.7 0.7 -0.69 0.69 -0.23 -0.58 0.58 0.58 -0.71 0.71 0 0 0.83 -0.55 0.67 0.33 -0.67 0.67 0.33 0.67 0 0 1 0 1 0 0 1 0 0 1 0 0 1 0 0 1 0 0 1 0 0 1 0 0 1 0 0 1 0 0 1 0 0 1 0 0 1 0 0 1 0 0 1 0 0 1 0 0 1 0 0 1 0 0 1 0 0 1 0 0 1 0 0 1 0 0 1 0 0 1 0 0 1 0 0 1 0 0 1 0 0 1 0 0 1 0 0 1 0 0 1 0 0 1 0 0 1 0 0 1 0 0 1 0 0 1 0 0 1 0 0 1 0 0 1 0 0 1 0 0 1 0 0 1 0 0 1 0 0 1 0 0 1 0 0 1 0 0 1 0 0 1 0 0 1 0 0 1 0 0 1 0 0 1 0 0 1 0 0 1 0 0 1 0 0 1 0 0 1 0 0 1 0 0 1 0 0 1 0 0 1 0 0 1 0 0 1 0 0 1 0 0 1 0 0 1 0 0 1 0 0 -1 0 0 -1 0 0 -1 0 0 -1 0 0 -1 0 0 -1 0 0 -1 0 0 -1 0 0 -1 0 0 -1 0 0 -1 0 0 -1 0 0 -1 0 0 -1 0 0 -1 0 0 -1 0 0 -1 0 0 -1 0 0 -1 0 0 -1 0 0 -1 0 0 -1 0 0 -1 0 0 -1 0 0 -1 0 0 -1 0 0 -1 0 0 -1 0 0 -1 0 0 -1 0 0 -1 0 0 -1 0 0 -1 0 0 -1 0 0 -1 0 0 -1 0 0 -1 0 0 -1 0 0 -1 0 0 -1 0 0 -1 0 0 -1 0 0 -1 0 0 -1 0 0 -1 0 0 -1 0 0 -1 0 0 -1 0 0 -1 0 0 -1 0 0 -1 0 0 -1 0 0 -1 0 0 -1 0 0 -1 0 0 -1 0 0 -1 0 0 -1 0 0 -1 0 0 -1 0 0 -1 0 0 -1 0 0 -1 0 0 -1 0 0 -1 0 0 -1 0 0 -1 0 0 -1 0 0 -1 0 0 -1 0 0 -1 0 0 -1 0 0 -1 0 0 -1 0 0 -1 0 0 -1 0 0 -1 0 0 -1 0 0 -1 0 0 -1 0 0 -1 0 0 -1 0 0 -1 0 0 -1 0 0 -1 0 0 -1 0 0 -1 0 0 -1 0 0 -1 0 0 -1 0 0 -1 0 0 -1 0 0 -1 0 0 -1 0 0 -1 0 0 -1 0 0 -1 0 0 -1 0 0 -1 0 0 -1 0 0 -1 0 0 -1 0 0 -1 0 0 -1 0 0 -1 0 0 -1 0 0 -1 0 0 -1 0 0 -1 0 0 -1 0 0 -1 0 0 -1 0 0 0 1 0 -1 0 0 -1 0 0 -1 0 0 -1 0 0 -1 0 0 -1 0 0 -1 0 0 -1 0 0 -1 0 0 -1 0 0 -1 0 0 -1 0 0 -1 0 0 -1 0 0 -1 0 0 -1 0 0 -1 0 0 -1 0 0 -1 0 0 -1 0 0 -1 0 0 -1 0 0 -1 0 0 -1 0 0 -1 0 0 -1 0 0 -1 0 0 -1 0 0 -1 0 0 -1 0 0 -1 0 0 -1 0 0 -1 0 0 -1 0 0 -1 0 0 -1 0 0 -1 0 0 -1 0 0 -1 0 0 -1 0 0 -1 0 0 -1 0 0 -1 0 0 -1 0 0 -1 0 0 -1 0 0 -1 0 0 -1 0 0 -1 0 0 -1 0 0 -1 0 0 -1 0 0 -1 0 0 -1 0 0 -1 0 0 -1 0 0 -1 0 0 -1 0 0 -1 0 0 -1 0 0 -1 0 0 -1 0 0 -1 0 0 -1 0 0 -1 0 0 -1 0 0 -1 0 0 -1 0 0 -1 0 0 -1 0 0 -1 0 0 -1 0 0 -1 0 0 -1 0 0 -1 0 0 -1 0 0 -1 0 0 -1 0 0 -1 0 0 -1 0 0 -1 0 0 -1 0 0 -1 0 0 -1 0 0 -1 0 0 -1 0 0 -1 0 0 -1 0 0 -1 0 0 -1 0 0 -1 0 0 -1 0 0 -1 0 0 -1 0 0 -1 0 0 -1 0 0 -1 0 0 -1 0 0 -1 0 0 -1 0 0 -1 0 0 -1 0 0 -1 0 0 -1 0 0 -1 0 0 -1 0 0 -1 0 0 -1 0 0 -1 0 0 -1 0 0 -1 0 0 -1 0 0 -1 0 0 -1 0 0 -1 0 0 -1 0 0 -1 0 0 -1 0 0 -1 0 0 -1 0 0 -1 0 0 -1 0 0 -1 0 0 -1 0 0 -1 0 0 -1 0 0 -1 0 0 -1 0 0 -1 0 0 -1 0 0 -1 0 0 -1 0 0 -1 0 0 -1 0 0 -1 0 0 -1 0 0 -1 0 0 -1 0 0 -1 0 0 -1 0 0 -1 0 0 -1 0 0 -1 0 0 -1 0 0 -1 0 0 -1 0 0 -1 0 0 -1 0 0 -1 0 0 -1 0 0 -1 0 0 -1 0 0 -1 0 0 -1 0 0 -1 0 0 -1 0 0 1 0 0 -1 0 0 -1 0 0 -1 0 0 0 1 0 -1 0 0 -1 0 0 -1 0 0 -1 0 0 -1 0 0 -1 0 0 -1 0 0 -1 0 0 -1 0 0 -1 0 0 -1 0 0 -1 0 0 -1 0 0 -1 0 0 -1 0 0 -1 0 0 -1 0 0 -1 0 0 -1 0 0 -1 0 0 -1 0 0 -1 0 0 -1 0 0 -1 0 0 -1 0 0 -1 0 0 -1 0 0 -1 0 0 -1 0 0 -1 0 0 -1 0 0 -1 0 0 -1 0 0 -1 0 0 -1 0 0 -1 0 0 -1 0 0 -1 0 0 -1 0 0 -1 0 0 -1 0 0 -1 0 0 -1 0 0 -1 0 0 -1 0 0 -1 0 0 -1 0 0 -1 0 0 -1 0 0 -1 0 0 -1 0 0 -1 0 0 -1 0 0 -1 0 0 -1 0 0 -1 0 0 -1 0 0 -1 0 0 -1 0 0 -1 0 0 -1 0 0 -1 0 0 -1 0 0 -1 0 0 -1 0 0 -1 0 0 -1 0 0 -1 0 0 -1 0 0 -1 0 0 -1 0 0 -1 0 0 -1 0 0 -1 0 0 -1 0 0 -1 0 0 -1 0 0 -1 0 0 -1 0 0 -1 0 0 -1 0 0 -1 0 0 -1 0 0 -1 0 0 -1 0 0 -1 0 0 -1 0 0 -1 0 0 -1 0 0 -1 0 0 -1 0 0 -1 0 0 -1 0 0 -1 0 0 -1 0 0 -1 0 0 -1 0 0 -1 0 0 -1 0 0 -1 0 0 -1 0 0 -1 0 0 -1 0 0 -1 0 0 -1 0 0 -1 0 0 -1 0 0 -1 0 0 -1 0 0 -1 0 0 -1 0 0 -1 0 0 -1 0 0 -1 0 0 -1 0 0 -1 0 0 -1 0 0 -1 0 0 -1 0 0 -1 0 0 -1 0 0 0 1 0 -1 0 0 -1 0 0 -1 0 0 -1 0 0 -1 0 0 -1 0 0 -1 0 0 -1 0 0 -1 0 0.27 -0.53 0.8 0.23 -0.69 0.69 0.33 -0.67 0.67 0.58 -0.58 0.58 0.71 0 0.71 0.67 -0.67 0.33 0.71 -0.71 0 0.71 -0.71 0 0.71 -0.71 0 0.71 -0.71 0 0.71 -0.71 0 0.67 -0.67 0.33 0.67 -0.33 0.67 0.55 0 0.83 0.55 0 0.83 0.53 -0.27 0.8 0.67 -0.33 0.67 1 0 0 0.94 -0.24 0.24 1 0 0 1 0 0 0.94 -0.24 -0.24 0.78 -0.59 -0.2 0.67 -0.67 -0.33 0.69 -0.69 0.23 0.64 -0.64 0.43 0.58 -0.58 0.58 0.73 -0.49 0.49 0.94 -0.24 0.24 0.71 0 0.71 0.43 -0.64 0.64 0.67 -0.67 0.33 0.58 -0.58 0.58 0 -0.71 0.71 0 -0.71 0.71 0.2 -0.59 0.78 0.41 -0.41 0.82 0 -0.71 0.71 0.45 0 0.89 0.9 -0.3 0.3 0.67 -0.33 0.67 1 0 0 0.9 -0.3 0.3 0.71 0 0.71 1 0 0 1 0 0 1 0 0 0.95 0 -0.32 0.67 -0.67 0.33 0.67 -0.67 0.33 0.41 -0.41 0.82 0 0 1 0 0 1 0 0 1 0 0 1 0 0 1 0.3 -0.3 0.9 0.49 -0.49 0.73 0.69 -0.51 0.51 0.83 0 -0.55 0.78 -0.2 -0.59 0.71 0 -0.71 0.83 -0.55 0 0.8 -0.53 0.27 0.67 -0.67 0.33 0.67 -0.33 0.67 0.53 -0.27 0.8 0.33 -0.67 0.67 0.2 -0.59 0.78 -0.23 -0.69 0.69 -0.37 -0.56 0.74 -0.37 -0.56 0.74 -0.2 -0.59 0.78 0.82 -0.41 0.41 1 0 0 0.3 -0.3 0.9 0.41 -0.41 0.82 0.58 -0.58 0.58 0.41 -0.82 0.41 0.82 -0.41 0.41 1 0 0 1 0 0 1 0 0 0.89 0 0.45 0.82 -0.41 0.41 0.67 -0.67 0.33 0 -0.71 0.71 0.23 -0.69 0.69 0.43 -0.64 0.64 0.49 -0.49 0.73 0.49 -0.49 0.73 0.58 -0.58 0.58 0.33 -0.67 0.67 0.71 0 0.71 -0.2 -0.59 0.78 -0.33 -0.67 0.67 -0.59 -0.2 0.78 -0.45 0 0.89 -0.45 0 0.89 0 0 1 -0.45 0 0.89 0 0 1 0.3 -0.3 0.9 0 0 1 0.33 -0.67 0.67 0.2 -0.59 0.78 0 -0.71 0.71 0 -0.71 0.71 -0.33 -0.67 0.67 -0.58 -0.58 0.58 -0.71 0 0.71 -0.67 -0.67 0.33 -0.69 -0.69 0.23 -0.49 -0.73 0.49 -0.23 -0.69 0.69 -0.23 -0.69 0.69 0 -0.45 0.89 -0.27 -0.53 0.8 0.17 -0.7 0.7 0 -0.71 0.71 0.27 -0.53 0.8 0 -0.71 0.71 -0.82 -0.41 0.41 -0.33 -0.67 0.67 -0.9 -0.3 0.3 -0.73 -0.49 0.49 -0.73 -0.49 0.49 -0.9 -0.3 0.3 -0.82 -0.41 0.41 -0.58 -0.58 0.58 -0.41 -0.41 0.82 -0.41 -0.82 0.41 0 0 1 0 0 1 0 0 1 0 0 1 -0.3 -0.3 0.9 -0.67 -0.33 0.67 -0.73 -0.49 0.49 -0.71 0 0.71 -0.67 -0.67 0.33 -0.71 -0.71 0 -0.71 -0.71 0 -0.78 -0.59 0.2 -0.82 -0.41 0.41 -0.71 -0.71 0 -0.71 0 0.71 1 0 0 0 1 0 0 1 0 0 1 0 0 1 0 0 1 0 0 1 0 0 1 0 0 1 0 0 1 0 0 1 0 0 1 0 0 1 0 0 1 0 0 1 0 0 1 0 0 1 0 0 1 0 0 1 0 0 1 0 0 1 0 0 1 0 0 1 0 0 1 0 0 1 0 0 1 0 0 1 0 0 1 0 0 1 0 0 1 0 0 1 0 0 1 0 0 1 0 0 1 0 0 1 0 0 1 0 0 1 0 0 1 0 0 1 0 0 1 0 0 1 0 0 1 0 0 1 0 0 1 0 0 1 0 0 1 0 0 1 0 0 1 0 0 1 0 0 1 0 0 1 0 0 1 0 0 1 0 0 1 0 0 1 0 0 1 0 0 1 0 0 0 1 0 1 0 0 1 0 0 1 0 0 1 0 0 1 0 0 1 0 0 1 0 0 1 0 0 1 0 0 0 1 0 1 0 0 1 0 0 1 0 0 1 0 0 1 0 0 1 0 0 1 0 0 1 0 0 1 0 0 1 0 0 1 0 0 1 0 0 1 0 0 1 0 0 1 0 0 1 0 0 1 0 0 1 0 0 1 0 0 1 0 0 1 0 0 1 0 0 1 0 0 1 0 0 1 0 0 1 0 0 1 0 0 1 0 0 1 0 0 1 0 0 1 0 0 1 0 0 1 0 0 1 0 0 1 0 0 1 0 0 1 0 0 1 0 0 1 0 0 1 0 0 1 0 0 1 0 0 1 0 0 1 0 0 1 0 0 1 0 0 1 0 0 1 0 0 1 0 0 1 0 0 1 0 0 1 0 0 1 0 0 1 0 0 1 0 0 1 0 0 1 0 0 1 0 0 1 0 0 1 0 0 1 0 0 1 0 0 1 0 0 1 0 0 1 0 0 1 0 0 1 0 0 1 0 0 1 0 0 1 0 0 1 0 0 1 0 0 1 0 0 1 0 0 1 0 0 1 0 0 1 0 0 1 0 0 1 0 0 1 0 0 1 0 0 1 0 0 1 0 0 1 0 0 1 0 0 1 0 0 1 0 0 1 0 0 1 0 0 1 0 0 1 0 0 1 0 0 1 0 0 1 0 0 1 0 0 1 0 0 1 0 0 1 0 0 1 0 0 1 0 0 1 0 0 1 0 0 1 0 0 1 0 0 1 0 0 1 0 0 1 0 0 1 0 0 1 0 0 1 0 0 1 0 0 1 0 0 1 0 0 1 0 0 1 0 0 1 0 0 1 0 0 1 0 0 1 0 0 1 0 0 1 0 0 1 0 0 1 0 0 1 0 0 1 0 0 1 0 0 1 0 0 1 0 0 1 0 0 1 0 0 1 0 0 1 0 0 1 0 0 1 0 0 1 0 0 1 0 0 1 0 0 1 0 0 1 0 0 1 0 0 1 0 0 1 0 0 1 0 0 1 0 0 1 0 0 1 0 0 1 0 0 1 0 0 1 0 0 1 0 0 1 0 0 1 0 0 1 0 0 1 0 0 1 0 0 1 0 0 1 0 0 1 0 0 1 0 0 1 0 0 1 0 0 1 0 0 1 0 0 1 0 0 1 0 0 1 0 0 1 0 0 0 1 0 1 0 0 1 0 0 1 0 0 1 0 0 1 0 0 1 0 0 1 0 0 1 0 0 1 0 0 1 0 0 1 0 0 1 0 0 1 0 0 1 0 0 1 0 0 1 0 0 1 0 0 1 0 0 1 0 0 1 0 0 1 0 0 1 0 0 1 0 0 1 0 0 1 0 0 1 0 0 1 0 0 1 0 0 1 0 0 1 0 0 1 0 0 1 0 0 1 0 0 1 0 0 1 0 0 1 0 0 1 0 0 1 0 0 1 0 0 1 0 0 1 0 0 1 0 0 1 0 0 1 0 0 1 0 0 1 0 0 1 0 0 1 0 0 1 0 0 1 0 0 1 0 0 1 0 0 1 0 0 1 0 0 1 0 0 1 0 0 1 0 0 1 0 0 1 0 0 1 0 0 1 0 0 1 0 0 1 0 0 1 0 0 1 0 0 1 0 0 1 0 0 1 0 0 1 0 0 1 0 0 1 0 0 1 0 0 1 0 0 1 0 0 1 0 0 1 0 0 1 0 0 1 0 0 1 0 0 1 0 0 1 0 0 1 0 0 1 0 0 1 0 0 1 0 0 1 0 0 1 0 0 1 0 0 1 0 0 1 0 0 1 0 0 1 0 0 1 0 0 1 0 0 1 0 0 1 0 0 1 0 0 1 0 0 1 0 0 1 0 0 1 0 0 1 0 0 1 0 0 1 0 0 1 0 0 1 0 0 1 0 0 1 0 0 1 0 0 1 0 0 1 0 0 1 0 0 1 0 0 1 0 0 1 0 0 1 0 0 1 0 0 1 0 0 1 0 0 1 0 0 1 0 0 1 0 0 1 0 0 1 0 0 1 0 0 1 0 0 1 0 0 1 0 0 1 0 0 1 0 0 1 0 0 1 0 0 1 0 0 1 0 0 1 0 0 1 0 0 1 0 0 1 0 0 1 0 0 1 0 0 1 0 0 1 0 0 1 0 0 1 0 0 1 0 0 1 0 0 1 0 0 1 0 0 1 0 0 1 0 0 1 0 0 1 0 0 1 0 0 1 0 0 1 0 0 1 0 0 1 0 0 1 0 0 1 0 0 1 0 0 1 0 0 1 0 0 1 0 0 1 0 0 1 0 0 1 0 0 1 0 0.32 0 0.95 0.55 0 0.83 0.55 0 0.83 0.45 0 0.89 0.32 0 0.95 0.89 0 0.45 0.45 0 0.89 0.89 0 0.45 -0.6 -0.04 0.8 -0.45 0 0.89 -0.71 -0.07 0.71 -0.71 -0.07 0.71 -0.45 0 0.89 0 0 1 0 0 1 0.32 0 0.95 0.55 0 0.83 0.55 0 0.83 0.32 0 0.95 0 0 1 0 0 1 -0.45 0 0.89 -0.89 0 0.45 -0.89 0 0.45 -0.71 0.07 0.71 -0.71 0 0.71 -0.55 0.06 0.83 -0.32 0 0.95 -0.45 0 0.89 0.45 0.09 0.89 0 0 1 0.24 0.05 0.97 -0.89 0 0.45 -0.8 0.04 0.6 -0.83 0 0.55 -0.89 0 0.45 -0.45 0 0.89 -0.71 0 0.71 -0.71 0 0.71 -0.71 0 0.71 0 0 1 -0.71 0 0.71 0 0 1 0 0 1 -0.89 0 0.45 -0.89 0 0.45 -0.45 0 0.89 -0.45 0 0.89 -0.71 0 0.71 -0.71 0 0.71 -1 0 0 -1 0 0 -1 0 0 -1 0 0 -0.89 0 0.45 -0.45 0 0.89 -0.24 -0.05 0.97 0 0 1 -0.89 0 0.45 -0.45 0 0.89 -0.71 0 0.71 -0.71 0 0.71 -1 0.07 0 -0.45 0 0.89 -0.45 0 0.89 -1 0.07 0 -0.89 0 0.45 -1 0 0 -1 0 0 -0.89 0 0.45 -0.55 -0.06 0.83 -0.8 -0.08 0.6 -0.24 -0.1 0.97 -0.7 -0.14 0.7 -1 0 0 -1 0 0 -1 0 0 -1 0 0 -1 0 0 -1 0 0 -1 0 0 -0.71 -0.07 0.71 -0.89 0 0.45 -0.83 -0.06 0.55 -0.71 -0.07 0.71 -0.83 0 0.55 -0.83 0 -0.55 -0.95 0 -0.32 -0.95 0 -0.32 -0.97 -0.05 -0.24 -1 0 0 -0.83 0 0.55 -0.95 0 0.32 -0.95 0 0.32 -1 0 0 -0.83 0 0.55 -1 0 0 -1 0 0 -1 0 0 -0.89 0 -0.45 -0.45 0 -0.89 -1 0 0 -0.95 0 -0.32 -1 0 0 -1 0 0 -1 0 0 -1 0 0 -0.97 -0.05 -0.24 -0.24 -0.05 -0.97 -0.71 -0.07 -0.71 0 0 -1 -0.71 0 -0.71 -0.89 0 -0.45 -1 0 0 -1 0 0 -0.98 -0.04 -0.2 -1 0 0 -1 0 0 -0.71 -0.07 -0.71 -0.32 -0.06 -0.95 0 0 -1 -0.45 0 -0.89 -0.55 0 -0.83 -0.45 0 -0.89 -0.71 0 -0.71 -0.71 0 -0.71 -1 0 0 -0.89 0 -0.45 -1 0 0 -0.89 0 -0.45 -0.45 0 -0.89 -0.6 -0.04 -0.8 -0.71 -0.07 -0.71 -0.71 -0.07 -0.71 -0.45 0 -0.89 0 0 -1 0 0 -1 0 0 -1 -0.71 0 -0.71 -0.55 0.06 -0.83 -0.71 0.07 -0.71 -0.45 0 -0.89 -0.89 0 -0.45 -0.89 0 -0.45 -0.89 0 -0.45 -0.45 0 -0.89 0.55 0 -0.83 0.32 0 -0.95 -0.32 0 -0.95 0.32 0 -0.95 0.55 0 -0.83 -0.55 0 -0.83 -0.55 0 -0.83 -0.32 0 -0.95 -0.89 0 -0.45 -0.45 0 -0.89 -0.89 0 -0.45 -0.45 0 -0.89 0 0 -1 0 0 -1 0.55 0.06 -0.83 0 0 -1 0.71 0 -0.71 0 0 -1 0 0 -1 0 0 -1 -0.45 0 -0.89 0 0 -1 0.32 0 -0.95 0 0 -1 0.55 0 -0.83 0.71 0 -0.71 0.71 0 -0.71 0.45 0 -0.89 0.45 0 -0.89 -0.32 0 -0.95 -0.55 0 -0.83 -0.32 0 -0.95 -0.55 0 -0.83 0.71 0 -0.71 0 0 -1 0 0 -1 0.89 0 -0.45 0.71 0.07 -0.71 0 0 -1 0.83 0 -0.55 0.71 0 -0.71 0 0 -1 0 0 -1 0 0 -1 0.89 0 -0.45 0.55 0 -0.83 0.32 0 -0.95 0.89 0 -0.45 0.89 0 -0.45 0.71 -0.07 -0.71 0.45 0 -0.89 0.89 0 -0.45 0 0 -1 0 0 -1 0 0 -1 0 0 -1 0.89 0 -0.45 0.89 0 -0.45 0.45 0 -0.89 0.89 0 -0.45 0.89 0 -0.45 1 0 0 0.95 -0.06 -0.32 0.71 -0.07 -0.71 0.55 -0.06 -0.83 0.71 0 -0.71 0.45 0 -0.89 0.89 0 -0.45 1 0 0 1 0 0 1 0 0 1 0 0 1 0 0 1 0 0 0.71 0 -0.71 1 0 0 0.71 -0.07 -0.71 0.71 -0.07 -0.71 0.83 -0.06 -0.55 0.71 0 -0.71 1 0 0 0.89 0 0.45 1 0 0 -1 0 0 -0.95 0 0.32 -0.71 -0.07 -0.71 -0.71 -0.07 -0.71 -0.89 0 -0.45 -0.83 0 -0.55 -0.45 0 -0.89 -0.45 0 -0.89 -1 0 0 -0.71 0 -0.71 -0.71 0 -0.71 -0.71 0 -0.71 0.83 0 0.55 0.95 0 0.32 -0.45 0 -0.89 0.83 -0.06 0.55 0.55 -0.11 0.83 0.71 0 0.71 -0.32 0 -0.95 1 0 0 1 0 0 1 0 0 0 0 1 0 0 1 0.83 -0.11 0.55 0.83 -0.11 0.55 0.71 -0.07 0.71 0 0 -1 -0.71 0.07 -0.71 -0.89 0 -0.45 -0.45 0 -0.89 0 0 -1 0 0 -1 0.32 0.06 -0.95 0.71 0.07 -0.71 -0.45 0 -0.89 -0.89 0 -0.45 -0.89 0 -0.45 0 0 -1 0.71 0 -0.71 0.97 0.05 -0.24 0.83 0.06 -0.55 0 0 -1 0 0 -1 1 0 0 0.95 -0.06 -0.32 0.71 -0.07 -0.71 0.89 0 -0.45 1 0 0 1 0 0 0.32 -0.06 -0.95 0.32 -0.06 -0.95 0.71 -0.07 -0.71 0.45 0 -0.89 0.71 0 -0.71 0.89 0 0.45 1 0 0 1 0 0 1 0 0 0.97 0.05 0.24 1 0 0 0.71 0.07 0.71 1 0 0 1 0 0 1 0 0 1 0 0 0.95 0 -0.32 0.83 0 -0.55 1 0 0 0.89 0 -0.45 1 0 0 0.89 0 -0.45 0.83 0.06 0.55 0.71 0 0.71 1 0 0 1 0 0 0.55 -0.11 0.83 0.83 -0.06 0.55 0.71 0 0.71 -0.45 0 0.89 -0.45 0 0.89 0.55 0 0.83 0.71 0 0.71 0.71 0 0.71 0.89 0 0.45 0.8 0.04 0.6 0.71 0.07 0.71 0.24 0.05 0.97 0 0 1 0 0 1 0 0 1 0 0 1 0 0 1 0.71 0 0.71 0.71 0 0.71 0.95 -0.06 0.32 1 0 0 0.45 0 0.89 0 0 1 0.71 0 0.71 0 0 1 0 0 1 0.45 0 0.89 0.89 0 0.45 1 0 0 1 0 0 0.71 0 0.71 0.71 0 0.71 0.71 0 0.71 0.89 0 0.45 0.45 0 0.89 0.71 0 0.71 0.71 0 0.71 0 0 1 0.45 0 0.89 0.45 0 0.89 0.89 0 0.45 1 0 0 1 0 0 1 0 0 1 0 0 1 0 0 1 0 0 0.89 0 0.45 0 0 1 0.71 0 0.71 1 0 0 1 0 0 0.89 0 0.45 0.71 0 0.71 0.45 0 0.89 0 0 1 0 0 1 0 0 1 0.32 0 0.95 -0.55 0 0.83 -0.32 0 0.95 -0.32 0 0.95 -0.55 0 0.83 -0.71 0.07 0.71 -0.55 0 0.83 -0.32 0.06 0.95 0.55 0.06 0.83 -0.71 0.07 0.71 -0.95 0 0.32 0 0 1 -0.55 -0.06 0.83 -0.71 -0.07 0.71 -0.71 0 0.71 -0.89 0.04 -0.45 -1 0 0 -1 0 0 0 1 0 0 1 0 0 1 0 0 1 0 0 1 0 0 1 0 0 1 0 0 1 0 0 1 0 0 1 0 0 1 0 0 1 0 0 1 0 0 1 0 0 1 0 0 1 0 0 1 0 0 1 0 0 1 0 0 1 0 0 1 0 0 1 0 0 1 0 0 1 0 0 1 0 0 1 0 0 1 0 0 1 0 0 1 0 0 1 0 0 1 0 0 1 0 0 1 0 0 1 0 0 1 0 0 1 0 0 1 0 0 1 0 0 1 0 0 1 0 0 1 0 0 1 0 0 1 0 0 1 0 0 1 0 0 1 0 0 1 0 0 1 0 0 1 0 0 1 0 0 1 0 0 1 0 0 1 0 0 1 0 0 1 0 0 1 0 0 1 0 0 1 0 0 1 0 0 1 0 0 1 0 0 1 0 0 1 0 0 1 0 0 1 0 0 1 0 0 1 0 0 1 0 0 1 0 0 1 0 0 1 0 0 1 0 0 1 0 0 1 0 0 1 0 0 1 0 0 1 0 0 1 0 0 1 0 0 1 0 0 1 0 0 1 0 0 1 0 0 1 0 0 1 0 0 1 0 0 1 0 0 1 0 0 1 0 0 1 0 0 1 0 0 1 0 0 1 0 0 1 0 0 1 0 0 1 0 0 1 0 0 1 0 0 1 0 0 1 0 0 1 0 0 1 0 0 1 0</float_array><technique_common><accessor source="#na" count="17474" stride="3"><param name="X" type="float"/><param name="Y" type="float"/><param name="Z" type="float"/></accessor></technique_common></source>
        <vertices id="v"><input semantic="POSITION" source="#p"/><input semantic="NORMAL" source="#n"/></vertices>
        <triangles material="m0" count="36"><input semantic="VERTEX" source="#v" offset="0"/><p>0 1 2 0 3 4 0 5 3 0 4 1 6 0 2 0 7 5 0 8 7 0 9 8 0 10 9 0 11 10 0 12 11 0 6 12 13 14 15 14 13 16 16 17 18 18 19 20 17 16 13 21 22 23 23 24 25 25 26 27 27 28 29 29 30 31 31 32 33 33 34 35 35 15 14 15 35 34 34 33 32 32 31 30 19 18 17 28 27 26 26 25 24 22 21 36 20 36 21 36 20 19 24 23 22 30 29 28</p></triangles>
        <triangles material="m1" count="36"><input semantic="VERTEX" source="#v" offset="0"/><p>37 38 39 37 39 40 37 40 41 37 41 42 37 42 43 37 43 44 45 37 46 37 44 46 37 47 48 37 49 47 37 45 49 37 48 38 50 51 52 53 54 50 55 56 53 57 58 55 59 60 57 61 62 59 63 64 61 52 65 66 64 63 67 62 61 64 60 59 62 58 57 60 56 55 58 54 53 56 51 50 54 65 52 51 68 66 65 69 70 68 71 72 69 67 73 71 73 67 63 72 71 73 70 69 72 66 68 70</p></triangles>
        <triangles material="m2" count="48"><input semantic="VERTEX" source="#v" offset="0"/><p>76 77 78 79 80 81 82 83 84 89 90 91 92 77 93 79 78 77 75 94 95 96 97 98 99 79 100 96 98 101 96 100 79 77 76 102 82 103 104 77 92 106 77 103 82 94 75 74 93 77 102 103 77 106 108 91 90 91 108 109 87 88 105 110 111 82 95 112 79 113 82 111 110 82 84 86 109 108 78 79 112 95 79 81 97 96 113 111 110 107 109 86 85 101 88 96 74 90 89 112 95 94 80 79 99 82 113 96 83 82 104 85 107 114 100 96 88 114 107 110 115 116 117 116 115 118 119 120 121 120 119 122 123 124 125 124 123 126 127 128 129 128 127 130</p></triangles>
        <triangles material="m3" count="306"><input semantic="VERTEX" source="#v" offset="0"/><p>131 132 133 134 133 135 133 134 131 132 131 136 137 136 138 136 137 132 139 140 141 142 141 143 144 143 145 143 144 142 141 142 139 140 139 146 147 148 149 150 151 148 152 153 154 151 150 153 148 147 150 153 152 151 155 156 157 156 155 158 159 158 160 161 160 162 160 161 159 158 159 156 163 164 165 164 163 166 167 168 169 168 167 170 171 172 173 172 171 174 175 176 177 176 175 178 179 180 181 182 181 183 184 185 186 187 188 189 180 179 190 191 189 188 192 193 194 185 184 195 180 196 197 187 194 198 199 191 200 183 184 182 196 180 190 193 197 196 194 187 192 188 187 198 191 199 189 199 186 185 184 183 195 181 182 179 193 192 197 186 199 200 201 202 203 202 201 204 205 206 207 206 205 208 209 210 211 212 213 214 215 214 216 217 218 219 209 211 220 220 213 221 222 223 224 214 215 212 225 223 226 223 225 227 210 209 228 227 229 230 224 217 222 229 227 225 213 212 221 218 228 219 218 217 224 223 222 226 216 229 215 213 220 211 228 218 210 229 216 230 231 232 233 234 235 236 237 234 238 239 240 241 242 243 244 235 234 232 245 246 247 246 245 248 249 234 250 246 234 236 243 242 251 234 237 250 232 231 235 238 241 240 243 252 238 246 248 234 253 238 240 243 251 252 238 253 237 234 249 232 240 239 254 241 238 252 255 256 257 256 255 258 259 260 261 260 259 262 263 264 265 266 267 268 265 269 270 271 272 273 268 274 275 272 271 267 276 277 263 278 269 279 266 268 275 280 273 281 282 263 277 269 278 270 264 263 282 276 281 283 273 280 271 267 266 272 284 279 274 279 284 278 274 268 284 281 276 280 277 276 283 269 265 264 285 286 287 288 289 290 291 289 292 293 294 295 294 293 296 295 297 291 289 288 292 298 299 300 285 300 301 302 287 286 297 295 294 288 290 303 296 304 302 300 285 298 305 302 304 289 291 297 306 290 299 286 285 301 290 306 303 304 296 293 299 298 306 287 302 305 307 308 309 310 311 308 312 313 311 314 315 313 316 317 315 318 319 317 315 314 316 313 312 314 320 309 321 311 310 312 308 307 310 309 320 307 321 322 320 323 324 322 319 318 325 326 327 324 328 329 327 330 325 329 325 330 319 329 328 330 327 326 328 324 323 326 322 321 323 317 316 318 331 332 333 332 331 334 335 333 336 337 336 338 339 340 341 342 341 343 344 343 345 346 345 347 348 347 349 338 349 337 336 337 335 333 335 331 349 338 348 345 346 344 343 344 342 341 342 339 340 339 350 351 350 352 353 352 354 334 354 332 354 334 353 352 353 351 350 351 340 347 348 346 355 356 357 358 359 360 360 361 358 362 363 359 359 358 362 363 362 364 365 364 366 367 366 368 364 365 363 366 367 365 368 369 367 370 371 369 372 357 371 369 368 370 371 370 372 357 372 355 356 355 373 374 373 375 376 375 377 378 377 361 377 378 376 375 376 374 373 374 356 361 360 378 379 380 381 382 380 383 384 385 386 385 384 387 383 388 382 380 379 386 389 390 391 384 386 389 388 383 390 390 389 386 379 390 386 380 382 381 390 379 388 392 393 394 395 394 393 393 392 396 394 395 397 396 398 399 398 396 392 400 401 402 403 404 400 401 400 404 404 403 405 405 406 407 406 405 403 408 409 410 411 412 413 409 408 414 412 411 410 415 410 416 412 410 409 410 415 408 417 418 419 420 417 421 417 420 422 423 424 425 422 423 417 424 423 422 418 417 423 426 427 428 428 429 430 429 428 427 431 432 433 432 431 426 427 426 431 434 435 436 436 437 438 438 439 440 439 438 437 437 436 435 435 434 441 442 443 444 445 444 443 444 445 446 447 444 448 444 447 442 443 449 450 449 443 442 451 452 453 454 455 452 455 456 457 457 458 459 456 455 454 458 457 456 460 461 462 459 461 463 464 462 465 461 459 458 466 467 468 462 464 460 465 469 464 470 453 471 472 468 467 473 474 472 453 470 451 466 471 475 476 473 469 471 466 470 469 465 476 467 466 475 474 473 476 461 460 463 452 451 454 468 472 474</p></triangles>
        <triangles material="m4" count="36"><input semantic="VERTEX" source="#v" offset="0"/><p>477 478 479 477 480 481 477 481 482 477 482 478 477 479 483 477 483 484 477 484 485 477 485 486 477 486 487 477 487 488 477 488 489 480 477 489 490 491 492 493 494 490 495 496 493 497 498 495 499 500 497 501 502 499 503 504 501 505 506 503 492 507 508 508 509 510 510 511 512 512 513 505 513 512 511 511 510 509 509 508 507 507 492 491 491 490 494 494 493 496 496 495 498 498 497 500 502 501 504 504 503 506 506 505 513 500 499 502</p></triangles>
        <triangles material="m5" count="448"><input semantic="VERTEX" source="#v" offset="0"/><p>514 515 516 517 515 518 517 519 520 520 521 522 523 524 525 523 526 527 527 528 529 530 528 531 532 533 514 515 517 516 521 520 519 534 521 535 536 535 524 526 523 525 528 530 529 530 537 532 515 514 533 521 534 522 524 523 536 537 530 531 519 517 518 528 527 526 535 536 534 533 532 537 538 539 540 541 540 542 540 541 538 543 544 545 546 542 544 547 548 549 542 546 541 544 543 546 550 551 552 553 548 554 555 545 556 552 557 558 548 553 549 559 554 539 545 555 543 555 560 550 557 552 551 547 557 561 554 559 553 539 538 559 560 555 556 551 550 560 557 547 558 548 547 561 562 563 564 565 566 562 567 568 565 569 570 567 571 572 569 573 574 571 575 576 573 577 578 575 579 580 577 581 582 579 583 584 581 564 585 583 585 564 563 584 583 585 582 581 584 580 579 582 578 577 580 576 575 578 574 573 576 572 571 574 570 569 572 568 567 570 566 565 568 563 562 566 586 587 588 589 590 591 592 591 593 594 593 595 596 595 597 598 597 599 600 599 601 602 601 603 604 603 605 606 605 607 608 607 609 588 609 586 609 588 608 607 608 606 605 606 604 603 604 602 601 602 600 599 600 598 597 598 596 595 596 594 593 594 592 591 592 589 590 589 587 587 586 590 610 611 612 613 611 614 613 615 616 616 617 618 619 620 621 619 622 623 623 624 625 626 624 627 628 629 610 611 613 612 617 616 615 630 617 631 632 631 620 622 619 621 624 626 625 626 633 628 611 610 629 617 630 618 620 619 632 633 626 627 615 613 614 624 623 622 631 632 630 629 628 633 634 635 636 637 636 638 636 637 634 639 640 641 642 638 640 643 644 645 638 642 637 640 639 642 646 647 648 649 644 650 651 641 652 648 653 654 644 649 645 655 650 635 641 651 639 651 656 646 653 648 647 643 653 657 650 655 649 635 634 655 656 651 652 647 646 656 653 643 654 644 643 657 658 659 660 661 662 658 663 664 661 665 666 663 667 668 665 669 670 667 671 672 669 673 674 671 675 676 673 677 678 675 679 680 677 660 681 679 681 660 659 680 679 681 678 677 680 676 675 678 674 673 676 672 671 674 670 669 672 668 667 670 666 665 668 664 663 666 662 661 664 659 658 662 682 683 684 685 686 687 688 687 689 690 689 691 692 691 693 694 693 695 696 695 697 698 697 699 700 699 701 702 701 703 704 703 705 684 705 682 705 684 704 703 704 702 701 702 700 699 700 698 697 698 696 695 696 694 693 694 692 691 692 690 689 690 688 687 688 685 686 685 683 683 682 686 706 707 708 707 709 710 711 708 712 708 711 706 713 712 714 712 713 711 715 714 716 717 718 719 719 720 721 722 723 724 724 725 726 726 727 709 714 715 713 728 716 729 720 719 718 721 730 722 725 724 723 727 726 725 716 728 715 717 729 731 730 721 720 709 727 710 729 717 728 723 722 730 718 717 731 707 706 709 732 733 734 735 736 737 738 739 740 733 732 741 734 742 732 743 744 736 745 737 746 739 738 747 740 748 749 744 743 742 736 735 743 745 746 750 751 741 752 753 747 738 748 740 739 749 754 755 737 745 735 747 753 746 754 749 748 755 756 757 756 755 754 751 757 756 746 753 750 757 751 752 742 734 744 741 751 733 758 759 760 761 762 763 763 764 765 765 766 767 767 768 769 770 771 772 773 774 775 775 776 777 777 778 779 779 780 781 781 782 783 783 784 758 784 783 782 782 781 780 780 779 778 778 777 776 776 775 774 774 773 770 769 772 771 772 769 768 771 770 773 768 767 766 766 765 764 764 763 762 762 761 785 785 760 759 759 758 784 760 785 761 786 787 788 787 786 789 788 790 786 791 792 790 793 794 792 795 796 794 797 798 796 799 800 798 801 802 800 803 804 802 805 806 804 807 789 808 789 807 787 808 809 807 806 805 809 804 803 805 802 801 803 800 799 801 798 797 799 796 795 797 794 793 795 792 791 793 790 788 791 809 808 806 810 811 812 812 813 814 813 812 811 814 815 816 817 818 819 815 814 813 816 820 817 818 817 820 821 822 823 820 816 815 822 821 819 824 823 825 826 825 827 819 818 822 825 826 824 823 824 821 828 827 829 830 831 832 832 833 834 827 828 826 828 835 836 836 837 830 833 832 831 838 839 840 835 828 829 831 830 837 839 834 833 841 840 842 843 844 845 810 845 846 837 836 835 840 841 838 847 842 844 845 810 843 839 838 834 844 843 847 842 847 841 811 810 846 848 849 850 851 852 853 854 855 856 857 858 859 860 861 862 852 851 863 856 853 852 858 857 864 865 859 849 850 866 848 862 867 868 859 865 857 849 848 865 866 869 860 861 860 869 867 862 861 870 871 872 869 866 850 854 864 873 874 875 871 876 872 877 868 878 879 871 870 874 872 876 870 880 877 881 878 868 867 879 875 882 877 880 876 883 881 884 875 879 878 875 874 882 883 884 885 863 885 884 881 883 880 853 856 855 855 854 873 885 863 851 864 854 858 886 887 888 889 890 891 891 892 893 893 894 895 895 896 897 897 898 899 899 900 901 901 902 903 904 905 906 907 908 909 909 910 911 911 912 913 913 914 915 915 916 917 917 918 919 919 920 921 921 922 923 923 924 886 924 923 922 922 921 920 920 919 918 918 917 916 916 915 914 914 913 912 912 911 910 910 909 908 908 907 904 903 906 905 906 903 902 905 904 907 902 901 900 900 899 898 898 897 896 896 895 894 894 893 892 892 891 890 890 889 925 925 888 887 887 886 924 888 925 889 926 927 928 927 926 929 928 930 926 931 932 930 933 934 932 935 936 934 937 938 936 939 940 938 941 942 940 943 944 945 946 942 947 942 946 943 944 948 945 949 950 948 951 952 950 953 954 952 955 956 954 957 958 959 960 929 958 929 960 927 958 957 960 959 961 957 956 955 961 954 953 955 952 951 953 950 949 951 948 944 949 944 943 946 942 941 947 940 939 941 938 937 939 936 935 937 934 933 935 932 931 933 930 928 931 961 959 956</p></triangles>
        <triangles material="m6" count="10085"><input semantic="VERTEX" source="#v" offset="0"/><p>962 963 964 965 966 967 968 969 970 970 967 966 966 965 971 967 970 969 969 968 972 963 962 973 973 974 975 975 971 965 976 977 978 976 979 980 980 981 982 982 983 984 984 985 986 986 987 963 987 986 985 974 973 962 971 975 974 968 977 972 979 976 978 981 980 979 983 982 981 985 984 983 987 964 963 977 976 972 988 989 990 991 990 992 993 994 995 998 999 1000 990 991 988 991 1001 993 997 995 994 989 988 999 994 993 1001 1001 991 992 998 1000 1002 995 997 996 999 998 989 1003 1004 1005 1006 1007 1008 1009 1008 1010 1011 1010 1012 1013 1012 1014 1015 1016 1017 1018 1019 1020 1021 1022 1023 1024 1014 1022 1019 1018 1015 1020 1005 1004 1005 1020 1019 1004 1003 1025 1021 1025 1003 1022 1021 1024 1016 1015 1018 1007 1006 1026 1010 1011 1009 1014 1024 1013 1007 1017 1016 1012 1013 1011 1008 1009 1006 1025 1021 1023 1017 1007 1026 1027 1028 1029 1029 1030 1031 1031 1032 1033 1033 1034 1035 1035 1036 1037 1038 1039 1040 1038 1037 1036 1037 1038 1040 1041 1042 1043 1042 1041 1044 1045 1041 1043 1046 1045 1043 1047 1048 1046 1045 1046 1048 1048 1047 1049 1049 1050 1051 1051 1040 1039 1052 1042 1044 1028 1027 1052 1030 1029 1028 1032 1031 1030 1034 1033 1032 1036 1035 1034 1050 1049 1047 1040 1051 1050 1042 1052 1027 1053 1054 1055 1056 1057 1054 1058 1059 1057 1060 1061 1059 1062 1063 1064 1063 1062 1065 1066 1065 1062 1067 1068 1069 1068 1067 1066 1070 1069 1068 1071 1072 1073 1069 1070 1074 1064 1075 1076 1072 1071 1061 1059 1058 1060 1054 1053 1056 1070 1055 1074 1057 1056 1058 1071 1076 1075 1061 1060 1072 1065 1066 1067 1055 1070 1053 1076 1071 1073 1075 1064 1063 1077 1078 1079 1080 1081 1082 1083 1084 1085 1078 1082 1079 1086 1084 1083 1078 1077 1086 1081 1087 1088 1084 1086 1077 1081 1080 1087 1082 1078 1080 1089 1090 1091 1092 1093 1089 1094 1095 1092 1096 1097 1094 1098 1099 1096 1100 1101 1098 1102 1103 1100 1104 1105 1102 1106 1107 1104 1108 1109 1106 1105 1104 1107 1110 1111 1108 1111 1110 1112 1109 1108 1111 1107 1106 1109 1112 1091 1090 1090 1089 1093 1093 1092 1095 1095 1094 1097 1097 1096 1099 1099 1098 1101 1101 1100 1103 1103 1102 1105 1091 1112 1110 1113 1114 1115 1116 1117 1118 1115 1119 1116 1120 1121 1122 1119 1115 1114 1117 1116 1119 1118 1121 1123 1124 1125 1126 1121 1118 1117 1121 1120 1123 1127 1122 1128 1124 1129 1130 1122 1127 1120 1131 1132 1133 1129 1124 1126 1130 1134 1113 1135 1128 1132 1136 1133 1125 1134 1130 1129 1133 1136 1131 1132 1131 1135 1128 1135 1127 1114 1113 1134 1125 1124 1136 1137 1138 1139 1140 1141 1142 1143 1144 1140 1145 1146 1143 1147 1148 1145 1149 1150 1147 1151 1152 1149 1152 1151 1153 1150 1149 1152 1148 1147 1150 1146 1145 1148 1144 1143 1146 1141 1140 1144 1154 1142 1141 1138 1137 1154 1155 1139 1138 1156 1157 1155 1158 1159 1156 1153 1160 1158 1139 1155 1157 1157 1156 1159 1159 1158 1160 1160 1153 1151 1142 1154 1137 1161 1162 1163 1164 1165 1166 1167 1168 1169 1166 1170 1171 1168 1172 1173 1170 1166 1165 1173 1171 1170 1168 1167 1172 1174 1169 1162 1175 1176 1177 1169 1174 1167 1162 1161 1174 1178 1163 1179 1177 1180 1164 1163 1178 1161 1181 1182 1175 1180 1177 1176 1165 1164 1180 1183 1184 1185 1185 1181 1183 1179 1183 1178 1176 1175 1182 1181 1185 1182 1183 1179 1184 1171 1173 1172 1186 1187 1188 1189 1190 1187 1191 1192 1190 1193 1194 1192 1195 1196 1194 1197 1198 1199 1200 1199 1201 1188 1201 1186 1187 1186 1189 1190 1189 1191 1192 1191 1193 1194 1193 1195 1196 1195 1202 1203 1204 1205 1205 1202 1203 1204 1203 1206 1207 1206 1208 1206 1207 1204 1201 1188 1200 1199 1200 1197 1198 1197 1209 1202 1205 1196 1210 1211 1212 1213 1211 1210 1214 1215 1216 1217 1218 1219 1220 1221 1222 1223 1224 1225 1226 1227 1228 1219 1229 1217 1222 1230 1220 1228 1231 1223 1232 1233 1221 1218 1217 1233 1230 1234 1226 1227 1226 1234 1231 1228 1227 1224 1223 1231 1235 1225 1224 1234 1230 1222 1236 1215 1214 1237 1216 1229 1233 1232 1218 1221 1220 1232 1215 1236 1235 1216 1237 1214 1229 1219 1237 1225 1235 1236 1238 1239 1240 1241 1240 1242 1243 1242 1244 1245 1244 1246 1247 1246 1248 1249 1248 1250 1251 1250 1252 1253 1252 1254 1255 1254 1256 1257 1256 1258 1259 1258 1260 1261 1260 1239 1260 1261 1259 1258 1259 1257 1256 1257 1255 1254 1255 1253 1252 1253 1251 1250 1251 1249 1248 1249 1247 1246 1247 1245 1244 1245 1243 1242 1243 1241 1239 1238 1261 1240 1241 1238 1262 1263 1264 1267 1268 1266 1269 1270 1268 1264 1273 1262 1263 1262 1265 1266 1265 1267 1268 1267 1269 1270 1269 1271 1272 1271 1274 1275 1274 1276 1277 1276 1278 1279 1278 1280 1281 1280 1282 1283 1282 1284 1285 1284 1273 1282 1283 1281 1280 1281 1279 1274 1275 1272 1276 1277 1275 1273 1264 1285 1286 1287 1288 1290 1291 1292 1292 1293 1294 1295 1296 1297 1297 1298 1299 1300 1301 1302 1302 1303 1304 1305 1288 1287 1305 1304 1303 1303 1302 1301 1300 1299 1298 1298 1297 1296 1295 1294 1293 1293 1292 1291 1290 1289 1286 1287 1286 1289 1307 1308 1309 1311 1312 1313 1315 1316 1317 1319 1320 1321 1318 1317 1316 1314 1313 1312 1310 1309 1308 1306 1321 1320 1322 1323 1324 1325 1324 1326 1327 1326 1328 1329 1330 1331 1332 1333 1323 1334 1335 1333 1336 1337 1335 1338 1339 1337 1340 1341 1339 1342 1343 1341 1344 1331 1343 1331 1344 1329 1343 1342 1344 1341 1340 1342 1339 1338 1340 1337 1336 1338 1335 1334 1336 1333 1332 1334 1323 1322 1332 1330 1329 1345 1328 1345 1327 1326 1327 1325 1324 1325 1322 1345 1328 1330 1346 1347 1348 1349 1350 1347 1351 1352 1350 1353 1354 1352 1355 1356 1354 1357 1358 1356 1359 1360 1361 1358 1357 1362 1363 1348 1364 1354 1353 1355 1352 1351 1353 1350 1349 1351 1347 1346 1349 1348 1363 1346 1364 1365 1363 1366 1367 1365 1368 1369 1367 1370 1361 1369 1365 1364 1366 1367 1366 1368 1369 1368 1370 1356 1355 1357 1361 1370 1359 1371 1372 1373 1374 1375 1373 1373 1372 1374 1376 1377 1378 1379 1380 1381 1380 1379 1382 1383 1379 1384 1379 1383 1382 1385 1386 1387 1388 1389 1390 1391 1392 1393 1394 1395 1396 1397 1398 1399 1400 1401 1402 1403 1404 1405 1401 1406 1402 1407 1408 1409 1410 1411 1405 1403 1395 1394 1395 1412 1413 1401 1414 1415 1400 1416 1414 1397 1417 1418 1411 1399 1398 1419 1403 1394 1395 1403 1420 1412 1395 1420 1406 1413 1412 1401 1400 1414 1400 1409 1421 1408 1407 1417 1417 1397 1408 1398 1397 1418 1410 1405 1404 1422 1403 1419 1406 1401 1413 1409 1400 1407 1416 1400 1421 1411 1410 1399 1404 1403 1422 1423 1424 1425 1426 1427 1428 1429 1430 1392 1431 1432 1433 1434 1435 1436 1437 1430 1429 1392 1391 1429 1438 1391 1393 1434 1428 1439 1425 1436 1435 1414 1437 1415 1391 1440 1441 1438 1442 1440 1428 1434 1426 1435 1434 1439 1436 1425 1424 1443 1423 1414 1423 1437 1414 1430 1437 1444 1391 1438 1440 1438 1445 1442 1432 1427 1426 1446 1423 1443 1437 1423 1444 1438 1433 1445 1427 1432 1431 1424 1423 1446 1433 1438 1431 1447 1448 1449 1450 1451 1452 1453 1454 1455 1456 1451 1450 1457 1452 1449 1458 1454 1453 1459 1460 1461 1456 1462 1463 1457 1449 1448 1464 1447 1440 1440 1458 1441 1460 1455 1461 1459 1465 1466 1462 1456 1389 1451 1456 1463 1467 1447 1464 1447 1458 1440 1454 1458 1468 1455 1460 1453 1460 1466 1469 1459 1390 1470 1389 1388 1462 1448 1447 1467 1458 1447 1468 1460 1459 1466 1390 1459 1388 1465 1459 1470 1471 1472 1473 1474 1475 1476 1477 1478 1394 1479 1480 1481 1452 1457 1450 1472 1476 1475 1477 1471 1473 1482 1483 1484 1481 1387 1386 1466 1474 1469 1472 1471 1476 1471 1394 1396 1477 1485 1478 1486 1487 1488 1385 1484 1489 1387 1481 1480 1479 1490 1491 1479 1474 1466 1475 1474 1492 1471 1477 1394 1477 1488 1485 1487 1483 1482 1484 1385 1482 1386 1385 1489 1490 1479 1466 1480 1479 1491 1474 1479 1492 1488 1477 1486 1483 1487 1486 1493 1494 1495 1494 1496 1495 1497 1498 1499 1497 1499 1500 1500 1501 1502 1503 1504 1505 1506 1507 1508 1507 1509 1510 1510 1511 1512 1512 1513 1514 1514 1515 1516 1517 1518 1519 1519 1520 1521 1516 1522 1523 1524 1525 1518 1526 1527 1528 1508 1529 1530 1531 1532 1533 1534 1535 1536 1537 1538 1539 1540 1541 1542 1543 1544 1542 1545 1537 1539 1540 1542 1544 1537 1545 1543 1544 1543 1545 1541 1540 1546 1538 1535 1547 1538 1537 1535 1548 1531 1533 1531 1548 1549 1536 1550 1534 1550 1549 1548 1535 1534 1547 1550 1536 1549 1541 1532 1531 1532 1541 1546 1504 1551 1552 1504 1528 1551 1505 1553 1554 1528 1504 1526 1504 1553 1505 1529 1505 1554 1553 1504 1552 1529 1508 1505 1555 1556 1506 1508 1557 1506 1526 1558 1527 1557 1508 1530 1555 1506 1557 1556 1558 1526 1556 1555 1559 1558 1556 1559 1517 1560 1561 1516 1560 1517 1518 1562 1563 1560 1516 1523 1517 1562 1518 1524 1518 1563 1562 1517 1561 1524 1564 1525 1564 1524 1565 1566 1567 1568 1569 1564 1565 1515 1570 1522 1571 1569 1572 1570 1515 1573 1522 1516 1515 1569 1571 1564 1573 1571 1572 1574 1575 1518 1576 1577 1578 1518 1579 1519 1576 1580 1581 1582 1578 1577 1583 1518 1575 1520 1519 1579 1580 1576 1584 1577 1576 1581 1578 1585 1574 1579 1518 1583 1585 1578 1582 1575 1574 1585 1515 1514 1513 1513 1512 1511 1511 1510 1509 1507 1506 1509 1504 1503 1586 1499 1587 1588 1503 1589 1590 1500 1591 1592 1589 1503 1593 1503 1594 1586 1591 1499 1588 1501 1500 1592 1594 1503 1590 1595 1586 1594 1591 1500 1499 1586 1587 1596 1587 1586 1595 1587 1499 1596 1498 1497 1495 1597 1598 1599 1495 1600 1601 1494 1602 1603 1604 1495 1496 1498 1605 1606 1602 1597 1599 1496 1494 1603 1600 1495 1604 1498 1601 1605 1607 1608 1609 1597 1602 1494 1601 1498 1495 1598 1607 1609 1498 1606 1608 1608 1607 1498 1598 1597 1607 1494 1493 1610 1611 1612 1613 1610 1614 1615 1567 1613 1612 1614 1493 1616 1610 1617 1611 1618 1613 1566 1619 1620 1621 1619 1622 1623 1624 1625 1626 1627 1628 1629 1576 1628 1627 1549 1630 1631 1632 1633 1634 1635 1636 1637 1536 1638 1639 1640 1593 1503 1493 1641 1616 1618 1642 1643 1644 1584 1576 1619 1627 1629 1566 1542 1618 1495 1645 1493 1646 1576 1627 1542 1644 1646 1645 1537 1543 1497 1647 1645 1541 1648 1644 1647 1535 1537 1648 1517 1519 1503 1635 1640 1632 1516 1517 1536 1512 1549 1642 1542 1649 1650 1619 1621 1651 1646 1650 1642 1618 1542 1646 1652 1542 1652 1646 1651 1648 1521 1653 1521 1648 1519 1644 1653 1584 1653 1644 1648 1627 1619 1646 1542 1566 1543 1645 1495 1497 1576 1646 1644 1644 1542 1541 1537 1645 1647 1647 1497 1500 1648 1541 1531 1535 1647 1640 1517 1648 1632 1635 1503 1505 1516 1632 1514 1512 1536 1510 1571 1573 1515 1505 1507 1635 1567 1566 1613 1614 1610 1493 1617 1610 1615 1612 1611 1617 1623 1654 1655 1613 1656 1657 1623 1620 1619 1618 1656 1613 1613 1654 1623 1620 1623 1655 1656 1618 1643 1654 1613 1657 1622 1619 1629 1622 1658 1659 1628 1660 1661 1662 1625 1624 1663 1624 1626 1629 1664 1665 1662 1659 1666 1624 1663 1628 1660 1628 1663 1629 1661 1664 1622 1667 1668 1659 1662 1622 1625 1662 1666 1661 1629 1628 1667 1629 1665 1658 1622 1668 1667 1622 1629 1628 1576 1578 1512 1669 1670 1632 1671 1514 1630 1512 1670 1671 1632 1634 1672 1514 1671 1630 1549 1512 1514 1669 1512 1669 1514 1672 1648 1673 1674 1531 1675 1676 1633 1648 1674 1549 1675 1531 1673 1531 1676 1633 1632 1648 1675 1549 1631 1673 1648 1531 1507 1677 1678 1536 1679 1510 1636 1507 1678 1679 1536 1639 1680 1510 1679 1636 1635 1507 1677 1510 1680 1677 1507 1510 1635 1681 1640 1681 1635 1637 1535 1682 1683 1684 1640 1681 1638 1535 1683 1640 1682 1535 1638 1536 1535 1682 1640 1684 1647 1502 1685 1502 1647 1500 1640 1685 1593 1685 1640 1647 1645 1686 1687 1566 1688 1543 1641 1645 1687 1688 1566 1568 1689 1543 1688 1641 1493 1645 1686 1543 1689 1686 1645 1543 1542 1652 1649 1619 1650 1646 1507 1505 1508 1690 1691 1692 1693 1692 1694 1695 1694 1696 1697 1696 1698 1699 1698 1700 1701 1700 1702 1703 1702 1704 1705 1704 1706 1707 1706 1708 1709 1708 1710 1711 1710 1712 1713 1712 1691 1712 1713 1711 1710 1711 1709 1708 1709 1707 1706 1707 1705 1704 1705 1703 1702 1703 1701 1700 1701 1699 1698 1699 1697 1696 1697 1695 1694 1695 1693 1692 1693 1690 1691 1690 1713 1714 1715 1716 1717 1718 1719 1719 1720 1721 1722 1723 1724 1725 1723 1726 1718 1727 1728 1721 1720 1729 1723 1725 1724 1726 1730 1731 1720 1722 1729 1720 1719 1718 1732 1733 1723 1734 1735 1736 1737 1738 1739 1740 1741 1742 1742 1743 1744 1737 1739 1745 1746 1741 1747 1743 1742 1741 1748 1749 1750 1745 1739 1746 1741 1740 1747 1749 1748 1743 1741 1746 1739 1750 1749 1751 1752 1749 1738 1743 1748 1744 1752 1738 1753 1749 1752 1751 1754 1755 1756 1755 1754 1739 1738 1755 1739 1738 1737 1753 1757 1714 1716 1758 1716 1759 1760 1759 1761 1741 1754 1762 1735 1741 1763 1733 1763 1764 1723 1764 1726 1765 1733 1766 1767 1733 1768 1733 1765 1769 1770 1735 1771 1772 1735 1767 1733 1769 1768 1773 1766 1774 1775 1766 1736 1735 1772 1771 1766 1773 1765 1775 1736 1776 1777 1736 1770 1733 1767 1735 1736 1777 1776 1766 1775 1774 1778 1763 1779 1763 1778 1764 1780 1760 1726 1758 1781 1782 1780 1726 1783 1760 1780 1781 1764 1783 1726 1783 1764 1784 1785 1757 1758 1785 1758 1782 1763 1786 1779 1787 1762 1788 1757 1788 1762 1786 1741 1787 1788 1757 1789 1762 1787 1741 1790 1714 1762 1791 1762 1754 1714 1790 1792 1791 1754 1793 1794 1795 1796 1797 1795 1714 1790 1762 1798 1793 1754 1799 1796 1795 1800 1714 1792 1797 1762 1791 1801 1802 1754 1803 1795 1797 1800 1754 1802 1799 1762 1801 1798 1795 1794 1803 1804 1716 1805 1806 1807 1808 1716 1804 1759 1808 1807 1809 1810 1807 1759 1759 1804 1811 1812 1715 1813 1807 1806 1813 1759 1811 1810 1814 1715 1815 1812 1813 1816 1807 1810 1809 1715 1814 1716 1715 1812 1817 1716 1814 1805 1813 1806 1816 1818 1819 1820 1821 1728 1760 1818 1820 1822 1823 1820 1728 1728 1821 1824 1825 1819 1826 1820 1823 1822 1821 1760 1827 1819 1825 1761 1819 1818 1828 1728 1824 1829 1819 1828 1826 1827 1760 1830 1830 1761 1831 1728 1829 1823 1761 1825 1831 1730 1728 1832 1728 1730 1726 1833 1728 1727 1727 1718 1717 1722 1720 1723 1714 1757 1762 1716 1758 1757 1759 1760 1758 1754 1741 1739 1741 1735 1743 1763 1733 1735 1764 1723 1733 1735 1770 1736 1764 1778 1784 1781 1758 1760 1757 1785 1789 1786 1763 1741 1756 1803 1754 1803 1794 1802 1795 1715 1714 1734 1749 1743 1715 1817 1815 1759 1807 1761 1807 1819 1761 1761 1830 1760 1760 1728 1726 1726 1731 1725 1720 1732 1723 1733 1732 1766 1732 1834 1766 1766 1834 1736 1834 1734 1736 1735 1734 1743 1728 1833 1832 1835 1836 1837 1838 1839 1836 1840 1841 1839 1842 1843 1841 1844 1845 1843 1846 1847 1845 1848 1849 1847 1850 1851 1849 1852 1853 1851 1836 1835 1838 1839 1838 1840 1841 1840 1842 1843 1842 1844 1845 1844 1846 1847 1846 1848 1849 1848 1850 1851 1850 1852 1853 1852 1854 1855 1854 1856 1857 1856 1858 1859 1858 1860 1861 1860 1862 1863 1862 1864 1865 1866 1867 1837 1867 1835 1867 1837 1865 1863 1866 1865 1866 1863 1864 1862 1863 1861 1860 1861 1859 1858 1859 1857 1856 1857 1855 1854 1855 1853 1868 1869 1870 1871 1872 1869 1873 1874 1872 1875 1876 1874 1877 1878 1876 1879 1880 1878 1881 1882 1880 1883 1884 1882 1885 1886 1884 1887 1888 1886 1889 1890 1888 1891 1870 1890 1870 1891 1868 1890 1889 1891 1888 1887 1889 1886 1885 1887 1884 1883 1885 1882 1881 1883 1880 1879 1881 1878 1877 1879 1876 1875 1877 1874 1873 1875 1872 1871 1873 1869 1868 1871 1892 1893 1894 1895 1894 1896 1897 1896 1898 1899 1898 1900 1901 1900 1902 1903 1902 1904 1905 1904 1906 1907 1906 1908 1909 1908 1910 1911 1910 1912 1913 1912 1914 1912 1913 1911 1910 1911 1909 1908 1909 1907 1906 1907 1905 1904 1905 1903 1902 1903 1901 1900 1901 1899 1898 1899 1897 1896 1897 1895 1894 1895 1892 1893 1892 1915 1914 1915 1913 1915 1914 1893 1916 1917 1918 1919 1920 1917 1921 1922 1920 1923 1924 1922 1925 1926 1924 1927 1928 1926 1929 1930 1928 1931 1932 1930 1933 1934 1932 1935 1936 1934 1937 1938 1936 1939 1918 1938 1918 1939 1916 1938 1937 1939 1936 1935 1937 1934 1933 1935 1932 1931 1933 1930 1929 1931 1928 1927 1929 1926 1925 1927 1924 1923 1925 1922 1921 1923 1920 1919 1921 1917 1916 1919 1940 1941 1942 1943 1942 1944 1945 1944 1946 1947 1946 1948 1949 1948 1950 1951 1950 1952 1953 1952 1954 1955 1954 1956 1957 1956 1958 1959 1958 1960 1961 1960 1962 1963 1962 1941 1962 1963 1961 1960 1961 1959 1958 1959 1957 1956 1957 1955 1954 1955 1953 1952 1953 1951 1950 1951 1949 1948 1949 1947 1946 1947 1945 1944 1945 1943 1942 1943 1940 1941 1940 1963 1964 1965 1966 1967 1968 1965 1969 1970 1968 1971 1972 1970 1973 1974 1972 1975 1976 1974 1977 1978 1976 1979 1980 1978 1981 1982 1980 1983 1984 1982 1985 1986 1984 1987 1966 1986 1966 1987 1964 1986 1985 1987 1984 1983 1985 1982 1981 1983 1980 1979 1981 1978 1977 1979 1976 1975 1977 1974 1973 1975 1972 1971 1973 1970 1969 1971 1968 1967 1969 1965 1964 1967 1988 1989 1990 1989 1988 1991 1992 1991 1993 1994 1993 1995 1996 1995 1997 1998 1997 1999 2000 1999 2001 2002 2001 2003 2004 2003 2005 2006 2005 2007 2008 2007 2009 2010 2009 2011 1990 2011 1988 2011 1990 2010 2009 2010 2008 2007 2008 2006 2005 2006 2004 2003 2004 2002 2001 2002 2000 1999 2000 1998 1997 1998 1996 1995 1996 1994 1993 1994 1992 1991 1992 1989 2012 2013 2014 2015 2016 2013 2017 2018 2016 2019 2020 2018 2021 2022 2020 2023 2024 2022 2025 2026 2024 2027 2028 2026 2029 2030 2028 2031 2032 2030 2033 2034 2032 2035 2014 2034 2014 2035 2012 2034 2033 2035 2032 2031 2033 2030 2029 2031 2028 2027 2029 2026 2025 2027 2024 2023 2025 2022 2021 2023 2020 2019 2021 2018 2017 2019 2016 2015 2017 2013 2012 2015 2036 2037 2038 2039 2040 2037 2041 2042 2040 2043 2044 2042 2045 2046 2044 2047 2048 2046 2049 2050 2048 2051 2052 2050 2053 2054 2052 2055 2056 2054 2057 2058 2056 2059 2038 2058 2038 2059 2036 2058 2057 2059 2056 2055 2057 2054 2053 2055 2052 2051 2053 2050 2049 2051 2048 2047 2049 2046 2045 2047 2044 2043 2045 2042 2041 2043 2040 2039 2041 2037 2036 2039 2060 2061 2062 2063 2064 2065 2066 2065 2064 2067 2068 2066 2069 2070 2071 2072 2071 2067 2071 2072 2069 2073 2070 2074 2075 2076 2073 2077 2078 2079 2077 2079 2075 2080 2078 2081 2082 2083 2080 2084 2085 2082 2085 2084 2086 2087 2086 2088 2089 2090 2087 2091 2092 2093 2091 2093 2089 2094 2092 2095 2092 2094 2096 2097 2096 2098 2099 2100 2097 2101 2102 2099 2102 2101 2103 2104 2103 2105 2106 2107 2104 2108 2109 2106 2062 2110 2108 2110 2062 2061 2109 2108 2110 2107 2106 2109 2103 2104 2107 2103 2101 2105 2100 2099 2102 2096 2097 2100 2096 2094 2098 2092 2091 2095 2090 2089 2093 2086 2087 2090 2086 2084 2088 2083 2082 2085 2078 2080 2083 2078 2077 2081 2076 2075 2079 2070 2073 2076 2070 2069 2074 2068 2067 2071 2065 2066 2068 2061 2060 2063 2064 2063 2060 2111 2112 2113 2113 2114 2115 2115 2116 2117 2117 2118 2119 2119 2120 2121 2121 2122 2123 2123 2124 2125 2125 2126 2127 2127 2128 2129 2129 2130 2131 2131 2132 2133 2133 2134 2135 2135 2136 2137 2138 2137 2136 2138 2139 2137 2139 2140 2141 2141 2142 2143 2143 2144 2145 2145 2146 2147 2147 2148 2149 2149 2150 2151 2151 2152 2153 2153 2154 2155 2155 2156 2157 2157 2158 2159 2160 2161 2162 2162 2163 2164 2164 2165 2166 2166 2167 2168 2168 2169 2170 2170 2171 2172 2173 2174 2111 2175 2176 2177 2177 2178 2179 2179 2180 2181 2181 2182 2183 2183 2184 2185 2185 2186 2187 2187 2188 2189 2189 2190 2191 2191 2192 2193 2193 2173 2194 2194 2111 2195 2195 2113 2196 2196 2115 2197 2197 2117 2198 2198 2119 2199 2199 2121 2200 2200 2123 2201 2201 2125 2202 2202 2127 2203 2203 2129 2204 2204 2131 2205 2205 2133 2206 2206 2135 2207 2207 2137 2208 2208 2139 2209 2209 2141 2210 2210 2143 2211 2211 2145 2212 2212 2147 2213 2213 2149 2214 2214 2151 2215 2215 2153 2216 2216 2155 2217 2217 2157 2218 2218 2159 2160 2219 2162 2220 2220 2164 2221 2221 2166 2222 2222 2168 2223 2223 2170 2224 2224 2172 2225 2225 2175 2226 2226 2177 2227 2227 2179 2228 2228 2181 2229 2229 2183 2230 2230 2185 2231 2231 2187 2232 2232 2189 2233 2233 2191 2234 2234 2193 2235 2235 2194 2236 2236 2195 2237 2237 2196 2238 2238 2197 2239 2239 2198 2240 2240 2199 2241 2241 2200 2242 2242 2201 2243 2243 2202 2244 2244 2203 2245 2245 2204 2246 2246 2205 2247 2247 2206 2248 2248 2207 2249 2249 2208 2250 2250 2209 2251 2251 2210 2252 2252 2211 2253 2253 2212 2254 2254 2213 2255 2255 2214 2256 2256 2215 2257 2257 2216 2258 2258 2217 2259 2259 2218 2260 2260 2160 2219 2192 2261 2173 2190 2262 2192 2188 2263 2190 2186 2264 2188 2184 2265 2186 2182 2266 2184 2267 2180 2268 2180 2267 2182 2178 2268 2180 2176 2269 2178 2270 2271 2176 2171 2272 2270 2169 2273 2171 2167 2274 2169 2165 2275 2167 2163 2276 2165 2161 2277 2163 2159 2278 2161 2278 2159 2158 2277 2161 2278 2276 2163 2277 2275 2165 2276 2274 2167 2275 2273 2169 2274 2272 2171 2273 2271 2270 2272 2269 2176 2271 2268 2178 2269 2182 2267 2279 2266 2182 2279 2265 2184 2266 2264 2186 2265 2263 2188 2264 2262 2190 2263 2261 2192 2262 2174 2173 2261 2112 2111 2174 2114 2113 2112 2116 2115 2114 2118 2117 2116 2120 2119 2118 2122 2121 2120 2124 2123 2122 2126 2125 2124 2128 2127 2126 2130 2129 2128 2132 2131 2130 2134 2133 2132 2136 2135 2134 2139 2138 2280 2140 2139 2280 2142 2141 2140 2144 2143 2142 2146 2145 2144 2148 2147 2146 2150 2149 2148 2152 2151 2150 2154 2153 2152 2156 2155 2154 2158 2157 2156 2161 2160 2159 2163 2162 2161 2165 2164 2163 2167 2166 2165 2169 2168 2167 2171 2170 2169 2270 2172 2171 2176 2175 2270 2178 2177 2176 2180 2179 2178 2182 2181 2180 2184 2183 2182 2186 2185 2184 2188 2187 2186 2190 2189 2188 2192 2191 2190 2173 2193 2192 2111 2194 2173 2113 2195 2111 2115 2196 2113 2117 2197 2115 2119 2198 2117 2121 2199 2119 2125 2201 2123 2127 2202 2125 2129 2203 2127 2131 2204 2129 2133 2205 2131 2135 2206 2133 2137 2207 2135 2139 2208 2137 2141 2209 2139 2143 2210 2141 2145 2211 2143 2147 2212 2145 2149 2213 2147 2151 2214 2149 2153 2215 2151 2155 2216 2153 2157 2217 2155 2159 2218 2157 2162 2219 2160 2164 2220 2162 2166 2221 2164 2168 2222 2166 2170 2223 2168 2172 2224 2170 2175 2225 2172 2177 2226 2175 2179 2227 2177 2181 2228 2179 2183 2229 2181 2185 2230 2183 2187 2231 2185 2189 2232 2187 2191 2233 2189 2193 2234 2191 2194 2235 2193 2195 2236 2194 2196 2237 2195 2197 2238 2196 2198 2239 2197 2199 2240 2198 2200 2241 2199 2201 2242 2200 2202 2243 2201 2203 2244 2202 2204 2245 2203 2205 2246 2204 2206 2247 2205 2207 2248 2206 2208 2249 2207 2209 2250 2208 2210 2251 2209 2211 2252 2210 2212 2253 2211 2213 2254 2212 2214 2255 2213 2215 2256 2214 2216 2257 2215 2217 2258 2216 2218 2259 2217 2160 2260 2218 2172 2270 2175 2123 2200 2121 2281 2282 2283 2281 2283 2284 2283 2285 2284 2286 2287 2285 2288 2289 2287 2290 2291 2289 2292 2293 2291 2294 2295 2296 2295 2294 2297 2295 2298 2296 2299 2300 2298 2301 2302 2300 2301 2300 2303 2304 2305 2302 2306 2307 2305 2308 2309 2310 2308 2310 2311 2310 2312 2311 2313 2314 2312 2315 2316 2314 2317 2318 2316 2319 2320 2318 2321 2322 2320 2323 2324 2282 2282 2281 2323 2285 2283 2286 2287 2286 2288 2289 2288 2290 2291 2290 2292 2293 2292 2297 2297 2294 2293 2298 2295 2299 2300 2299 2303 2302 2301 2304 2305 2304 2306 2307 2306 2309 2309 2308 2307 2312 2310 2313 2314 2313 2315 2316 2315 2317 2318 2317 2319 2320 2319 2321 2322 2321 2325 2326 2325 2324 2324 2323 2326 2325 2326 2322 2327 2328 2329 2330 2331 2327 2332 2333 2330 2334 2335 2332 2336 2337 2334 2338 2339 2336 2340 2341 2338 2342 2343 2344 2344 2340 2342 2340 2344 2345 2346 2343 2347 2348 2349 2346 2350 2351 2348 2352 2353 2350 2354 2355 2352 2356 2357 2354 2358 2359 2356 2360 2361 2358 2362 2363 2360 2364 2365 2362 2366 2367 2364 2368 2369 2366 2370 2371 2368 2372 2373 2374 2374 2370 2372 2370 2374 2375 2329 2373 2376 2373 2329 2328 2373 2372 2376 2371 2370 2375 2369 2368 2371 2367 2366 2369 2365 2364 2367 2363 2362 2365 2361 2360 2363 2359 2358 2361 2357 2356 2359 2355 2354 2357 2353 2352 2355 2351 2350 2353 2349 2348 2351 2343 2346 2349 2343 2342 2347 2341 2340 2345 2339 2338 2341 2337 2336 2339 2335 2334 2337 2333 2332 2335 2331 2330 2333 2328 2327 2331 2377 2378 2379 2380 2381 2382 2383 2384 2385 2386 2387 2388 2389 2385 2390 2391 2392 2393 2394 2395 2396 2385 2389 2383 2397 2389 2390 2386 2391 2387 2395 2388 2398 2399 2400 2394 2389 2397 2401 2401 2381 2402 2391 2386 2392 2388 2395 2386 2396 2395 2398 2403 2399 2404 2404 2405 2406 2401 2393 2392 2395 2394 2400 2407 2399 2403 2404 2408 2409 2393 2401 2397 2400 2399 2407 2399 2383 2408 2405 2404 2409 2383 2399 2384 2408 2404 2399 2410 2411 2412 2413 2377 2414 2415 2378 2416 2411 2410 2415 2417 2418 2419 2377 2413 2416 2412 2411 2420 2418 2417 2382 2378 2377 2416 2421 2379 2378 2422 2417 2419 2382 2417 2423 2424 2418 2382 2379 2421 2425 2417 2422 2421 2418 2424 2426 2427 2426 2424 2428 2427 2413 2421 2422 2425 2426 2427 2429 2427 2428 2430 2413 2414 2431 2427 2430 2429 2382 2423 2380 2432 2433 2434 2435 2434 2436 2434 2435 2432 2437 2436 2438 2439 2440 2441 2436 2437 2435 2440 2439 2438 2442 2443 2444 2438 2439 2437 2445 2440 2438 2446 2445 2447 2443 2442 2448 2433 2432 2449 2445 2446 2450 2451 2452 2420 2453 2448 2454 2444 2443 2455 2443 2433 2455 2440 2445 2450 2456 2449 2432 2457 2458 2459 2448 2453 2451 2433 2443 2434 2449 2456 2460 2458 2457 2456 2461 2458 2420 2448 2442 2454 2456 2457 2460 2458 2461 2459 2439 2441 2462 2463 2447 2464 2420 2458 2465 2378 2415 2410 2464 2466 2467 2466 2468 2467 2469 2468 2404 2447 2463 2446 2461 2420 2452 2468 2466 2404 2469 2404 2406 2470 2471 2472 2462 2471 2439 2401 2392 2381 2381 2380 2402 2413 2431 2428 2471 2462 2472 2466 2464 2447 2469 2470 2473 2452 2451 2453 2471 2470 2469 2468 2469 2473 2420 2465 2412 2474 2475 2476 2477 2478 2479 2480 2479 2476 2475 2480 2476 2481 2482 2483 2482 2484 2485 2486 2487 2488 2478 2489 2490 2480 2475 2487 2491 2492 2493 2484 2482 2494 2495 2483 2482 2487 2486 2480 2479 2480 2477 2492 2491 2474 2492 2481 2496 2483 2495 2497 2478 2477 2489 2498 2474 2499 2493 2492 2496 2482 2481 2494 2475 2474 2498 2481 2492 2494 2474 2491 2499 2500 2495 2486 2495 2500 2497 2485 2501 2502 2503 2504 2505 2504 2503 2501 2501 2503 2506 2507 2504 2501 2508 2509 2510 2511 2510 2512 2513 2512 2514 2515 2514 2516 2504 2507 2517 2518 2519 2520 2510 2511 2508 2514 2515 2513 2521 2522 2508 2517 2507 2518 2520 2519 2523 2512 2513 2511 2524 2521 2525 2525 2503 2505 2519 2518 2507 2526 2509 2527 2522 2521 2524 2501 2506 2502 2523 2526 2528 2509 2526 2510 2503 2525 2521 2526 2527 2528 2526 2523 2519 2529 2530 2531 2531 2532 2533 2533 2534 2535 2535 2536 2537 2532 2531 2530 2536 2535 2534 2538 2539 2540 2541 2542 2543 2542 2544 2543 2534 2533 2532 2539 2490 2489 2545 2540 2539 2544 2542 2530 2529 2531 2546 2547 2536 2534 2548 2547 2549 2550 2538 2551 2540 2545 2552 2553 2545 2554 2554 2537 2555 2530 2529 2544 2546 2556 2557 2558 2547 2559 2548 2549 2560 2551 2549 2550 2539 2538 2490 2553 2554 2555 2542 2541 2561 2562 2546 2531 2563 2556 2564 2564 2565 2566 2567 2565 2516 2568 2567 2561 2547 2548 2559 2538 2550 2490 2537 2554 2535 2556 2563 2557 2565 2564 2516 2567 2568 2569 2549 2551 2560 2545 2553 2552 2486 2488 2500 2501 2485 2484 2509 2508 2522 2536 2547 2558 2568 2561 2570 2556 2546 2562 2516 2564 2515 2561 2541 2570 2565 2567 2569 2563 2564 2566 2571 2572 2573 2574 2571 2575 2575 2576 2574 2576 2575 2577 2578 2579 2580 2579 2578 2577 2581 2582 2583 2582 2581 2579 2584 2585 2586 2587 2585 2588 2587 2588 2589 2590 2588 2591 2572 2571 2592 2590 2591 2593 2594 2593 2591 2595 2596 2597 2596 2595 2594 2598 2596 2599 2598 2599 2600 2601 2599 2602 2601 2602 2603 2604 2602 2605 2604 2605 2606 2607 2608 2609 2608 2607 2605 2610 2608 2611 2610 2611 2612 2613 2611 2614 2614 2615 2613 2615 2614 2616 2617 2616 2618 2617 2618 2619 2620 2621 2622 2621 2620 2618 2623 2621 2624 2623 2624 2625 2626 2627 2628 2627 2626 2624 2629 2630 2631 2630 2629 2627 2632 2633 2634 2633 2632 2630 2635 2573 2636 2573 2635 2633 2633 2635 2634 2630 2632 2631 2627 2629 2628 2624 2626 2625 2621 2623 2622 2618 2620 2619 2616 2617 2615 2611 2613 2612 2608 2610 2609 2605 2607 2606 2602 2604 2603 2599 2601 2600 2596 2598 2597 2593 2594 2595 2588 2590 2589 2585 2587 2586 2582 2584 2583 2579 2581 2580 2577 2578 2576 2571 2574 2592 2573 2572 2636 2585 2584 2582 2637 2638 2639 2638 2637 2640 2639 2641 2637 2642 2643 2641 2644 2645 2643 2646 2647 2645 2648 2649 2647 2650 2651 2649 2652 2653 2651 2654 2655 2653 2656 2657 2655 2658 2659 2657 2659 2658 2660 2657 2656 2658 2655 2654 2656 2653 2652 2654 2651 2650 2652 2649 2648 2650 2647 2646 2648 2645 2644 2646 2643 2642 2644 2640 2660 2638 2660 2640 2659 2641 2639 2642 2661 2662 2663 2664 2665 2662 2666 2667 2665 2668 2669 2667 2670 2671 2669 2672 2673 2671 2674 2675 2673 2676 2677 2675 2678 2679 2677 2680 2681 2679 2682 2683 2681 2684 2663 2683 2663 2684 2661 2683 2682 2684 2681 2680 2682 2679 2678 2680 2677 2676 2678 2675 2674 2676 2673 2672 2674 2671 2670 2672 2662 2661 2664 2667 2666 2668 2665 2664 2666 2669 2668 2670 2685 2686 2687 2688 2689 2686 2690 2691 2689 2692 2693 2691 2694 2695 2693 2696 2697 2695 2698 2699 2697 2700 2701 2699 2702 2703 2701 2704 2705 2703 2706 2707 2705 2708 2687 2707 2687 2708 2685 2707 2706 2708 2705 2704 2706 2703 2702 2704 2701 2700 2702 2699 2698 2700 2697 2696 2698 2695 2694 2696 2693 2692 2694 2691 2690 2692 2689 2688 2690 2686 2685 2688 2709 2710 2711 2712 2713 2710 2714 2715 2713 2716 2717 2715 2718 2719 2717 2720 2721 2719 2722 2723 2721 2724 2725 2723 2726 2727 2725 2728 2729 2727 2730 2731 2729 2732 2711 2731 2710 2709 2712 2711 2732 2709 2731 2730 2732 2729 2728 2730 2727 2726 2728 2725 2724 2726 2723 2722 2724 2721 2720 2722 2719 2718 2720 2717 2716 2718 2715 2714 2716 2713 2712 2714 2733 2734 2735 2736 2735 2737 2738 2737 2739 2740 2739 2741 2742 2741 2743 2744 2743 2745 2746 2745 2747 2748 2747 2749 2750 2749 2751 2752 2751 2753 2754 2753 2755 2753 2754 2752 2751 2752 2750 2749 2750 2748 2747 2748 2746 2745 2746 2744 2743 2744 2742 2741 2742 2740 2739 2740 2738 2737 2738 2736 2735 2736 2733 2734 2733 2756 2755 2756 2754 2756 2755 2734 2757 2758 2759 2758 2757 2760 2761 2760 2762 2763 2762 2764 2765 2764 2766 2767 2766 2768 2769 2768 2770 2771 2770 2772 2773 2772 2774 2775 2774 2776 2777 2776 2778 2779 2778 2780 2759 2780 2757 2780 2759 2779 2778 2779 2777 2776 2777 2775 2774 2775 2773 2772 2773 2771 2770 2771 2769 2768 2769 2767 2766 2767 2765 2764 2765 2763 2762 2763 2761 2760 2761 2758 2781 2782 2783 2784 2783 2785 2786 2785 2787 2788 2787 2789 2790 2789 2791 2792 2791 2793 2794 2793 2795 2796 2795 2797 2798 2797 2799 2800 2799 2801 2802 2801 2803 2804 2803 2782 2783 2784 2781 2782 2781 2804 2803 2804 2802 2801 2802 2800 2799 2800 2798 2797 2798 2796 2795 2796 2794 2793 2794 2792 2791 2792 2790 2789 2790 2788 2787 2788 2786 2785 2786 2784 2805 2806 2807 2808 2809 2806 2810 2811 2812 2813 2812 2814 2815 2814 2816 2817 2816 2818 2819 2818 2820 2821 2820 2822 2823 2822 2824 2825 2824 2826 2827 2826 2809 2826 2827 2825 2824 2825 2823 2822 2823 2821 2820 2821 2819 2818 2819 2817 2816 2817 2815 2814 2815 2813 2812 2813 2810 2811 2810 2828 2807 2828 2805 2806 2805 2808 2809 2808 2827 2828 2807 2811 2829 2830 2831 2832 2833 2830 2834 2835 2833 2836 2837 2835 2838 2839 2837 2840 2841 2839 2842 2843 2841 2844 2845 2843 2846 2847 2845 2848 2849 2847 2850 2851 2849 2852 2831 2851 2831 2852 2829 2851 2850 2852 2849 2848 2850 2847 2846 2848 2845 2844 2846 2843 2842 2844 2841 2840 2842 2839 2838 2840 2837 2836 2838 2835 2834 2836 2833 2832 2834 2830 2829 2832 2853 2854 2855 2856 2857 2854 2858 2859 2857 2860 2861 2859 2862 2863 2861 2864 2865 2863 2866 2867 2865 2868 2869 2867 2870 2871 2869 2872 2873 2871 2874 2875 2873 2876 2855 2875 2855 2876 2853 2875 2874 2876 2873 2872 2874 2871 2870 2872 2869 2868 2870 2867 2866 2868 2865 2864 2866 2863 2862 2864 2861 2860 2862 2859 2858 2860 2857 2856 2858 2854 2853 2856 2877 2878 2879 2880 2881 2877 2882 2883 2880 2884 2885 2882 2885 2884 2886 2883 2882 2885 2881 2880 2883 2878 2877 2881 2887 2879 2878 2888 2889 2887 2890 2891 2888 2892 2893 2894 2895 2896 2897 2898 2899 2895 2900 2901 2898 2902 2903 2900 2904 2905 2902 2906 2907 2904 2908 2909 2906 2886 2910 2908 2910 2886 2884 2879 2887 2889 2889 2888 2891 2891 2890 2911 2911 2912 2892 2897 2894 2893 2894 2897 2896 2893 2892 2912 2896 2895 2899 2899 2898 2901 2901 2900 2903 2903 2902 2905 2905 2904 2907 2907 2906 2909 2909 2908 2910 2912 2911 2890 2913 2914 2915 2916 2917 2918 2913 2919 2920 2921 2922 2917 2915 2923 2919 2924 2925 2922 2926 2927 2923 2928 2929 2930 2931 2920 2932 2933 2932 2934 2934 2935 2936 2929 2928 2935 2932 2933 2931 2935 2928 2936 2935 2934 2932 2937 2935 2932 2938 2932 2939 2939 2916 2940 2935 2937 2941 2916 2939 2932 2942 2943 2935 2932 2938 2937 2935 2941 2942 2944 2945 2946 2947 2927 2944 2948 2944 2949 2917 2916 2921 2919 2913 2915 2922 2921 2924 2923 2915 2926 2925 2924 2950 2927 2926 2944 2920 2931 2951 2943 2942 2952 2945 2944 2926 2946 2949 2944 2927 2947 2953 2954 2955 2956 2950 2957 2958 2959 2960 2961 2962 2963 2925 2925 2963 2922 2922 2964 2965 2917 2966 2918 2966 2967 2918 2916 2968 2940 2969 2970 2943 2943 2970 2935 2929 2971 2972 2972 2973 2929 2913 2974 2975 2914 2913 2975 2976 2977 2978 2979 2980 2981 2927 2982 2923 2919 2983 2984 2932 2985 2986 2916 2987 2921 2924 2988 2989 2988 2921 2987 2988 2924 2921 2932 2990 2916 2990 2932 2986 2987 2916 2990 2920 2984 2985 2984 2920 2919 2985 2932 2920 2923 2983 2919 2983 2923 2982 2979 2991 2927 2991 2979 2981 2982 2927 2991 2950 2989 2980 2989 2950 2924 2980 2979 2950 2915 2992 2926 2993 2994 2995 2926 2996 2997 2976 2995 2994 2914 2998 2915 2996 2926 2992 2945 2999 3000 2995 2976 2978 2994 2993 2914 2998 2914 2993 3001 2915 2998 2999 2926 2997 3000 3002 2945 3003 2915 3001 2999 2945 2926 3002 3000 2977 2977 2976 3002 2992 2915 3003 3004 2929 2973 2974 2913 3005 3005 3006 3007 2920 3008 2913 3005 3004 2973 3008 2920 2951 2913 3006 3005 3004 3005 3007 2929 3004 2930 3009 2913 3008 3006 2913 3009 2971 2935 2970 2971 2929 2935 2969 3010 2967 3011 2943 2952 2967 3012 2918 2943 3011 2969 3010 2969 3011 3013 2967 3010 2968 2918 3012 3012 2967 3013 2968 2916 2918 2966 3014 3015 2917 3016 2966 2922 3017 2964 2917 3018 3019 3014 2966 3016 2963 3020 3021 2917 2965 3018 3016 2917 3019 3022 3020 2963 3023 2963 3021 2965 2917 2922 3022 3015 3024 2922 3023 3017 3015 3022 2966 3020 3022 3024 3023 2922 2963 2950 3025 2925 3025 2950 2958 2962 3026 3027 3026 2925 3025 2959 3028 2960 3026 2962 2925 3028 2962 3027 3028 2959 2962 3029 3030 3031 3029 2961 3030 2979 3032 2957 2961 3029 2959 3029 3033 2979 2957 2950 2979 3033 3029 3031 3032 2979 3033 2927 3034 2979 3034 2927 2953 3029 3035 3036 2979 3037 3035 3029 2955 2954 3037 2979 3034 3035 3029 2979 2955 3029 3036 2954 3038 2949 3038 2954 2956 2944 2948 3039 2949 3040 2948 2947 2944 3039 3040 2949 3038 3041 3042 3043 3043 3042 3044 3045 3044 3042 3046 3047 3048 3049 3050 3051 3052 3053 3050 3050 3053 3054 3055 3056 3057 3055 3058 3053 3058 3055 3057 3059 3060 3061 3053 3062 3054 3063 3064 3065 3066 3053 3058 3067 3054 3062 3059 3068 3064 3056 3063 3065 3062 3053 3066 3069 3054 3067 3068 3059 3061 3064 3063 3059 3056 3055 3063 3070 3041 3043 3060 3059 3054 3050 3049 3052 3071 3072 3073 3074 3051 3075 3047 3071 3073 3049 3074 3076 3047 3046 3071 3074 3049 3051 3072 3049 3076 3072 3071 3049 3077 3078 3079 3071 3078 3077 3042 3080 3045 3046 3081 3071 3077 3080 3042 3044 3045 3082 3081 3046 3083 3078 3071 3081 3080 3077 3079 3070 3084 3085 3084 3070 3086 3087 3088 3089 3090 3070 3091 3086 3092 3084 3093 3094 3086 3095 3094 3093 3096 3095 3093 3097 3098 3099 3100 3101 3102 3100 3103 3104 3105 3103 3106 3059 3105 3106 3054 3107 3108 3109 3110 3111 3112 3113 3114 3096 3115 3116 3117 3118 3119 3086 3117 3119 3120 3121 3122 3083 3123 3124 3051 3125 3075 3107 3126 3108 3100 3059 3106 3093 3119 3096 3108 3050 3054 3060 3054 3069 3127 3086 3094 3044 3070 3043 3050 3108 3051 3119 3093 3086 3059 3100 3111 3128 3108 3126 3108 3128 3129 3128 3126 3130 3130 3131 3132 3125 3051 3108 3131 3130 3126 3108 3129 3125 3131 3048 3132 3048 3131 3046 3046 3123 3083 3120 3133 3134 3123 3046 3131 3135 3120 3134 3133 3122 3136 3124 3123 3135 3133 3120 3122 3091 3070 3085 3137 3041 3090 3094 3138 3127 3092 3086 3139 3070 3090 3041 3140 3137 3141 3089 3138 3094 3086 3127 3139 3137 3140 3041 3087 3141 3142 3138 3089 3088 3141 3087 3140 3088 3087 3142 3143 3144 3145 3095 3146 3147 3148 3145 3098 3146 3096 3116 3143 3147 3144 3145 3148 3143 3098 3097 3148 3096 3146 3095 3147 3143 3095 3104 3149 3150 3097 3151 3148 3104 3101 3100 3151 3097 3112 3148 3149 3104 3101 3104 3150 3152 3148 3151 3149 3148 3152 3103 3100 3106 3105 3059 3063 3059 3153 3054 3059 3110 3153 3107 3054 3153 3110 3059 3111 3111 3154 3109 3111 3155 3156 3157 3109 3154 3100 3155 3111 3154 3111 3156 3113 3157 3114 3155 3100 3102 3157 3113 3109 3113 3112 3097 3158 3118 3159 3160 3097 3099 3115 3119 3158 3160 3099 3161 3162 3160 3161 3115 3096 3119 3097 3160 3113 3118 3162 3159 3162 3118 3160 3118 3158 3119 3121 3070 3122 3070 3117 3086 3117 3070 3121 3044 3136 3122 3136 3044 3082 3120 3135 3123 3070 3044 3122 3163 3164 3165 3166 3165 3167 3168 3167 3169 3170 3169 3171 3172 3171 3173 3174 3173 3175 3176 3175 3177 3178 3177 3179 3180 3181 3182 3183 3182 3184 3185 3179 3181 3186 3184 3164 3184 3186 3183 3182 3183 3180 3181 3180 3185 3179 3185 3178 3177 3178 3176 3175 3176 3174 3173 3174 3172 3164 3163 3186 3165 3166 3163 3167 3168 3166 3169 3170 3168 3171 3172 3170 3187 3188 3189 3190 3188 3191 3188 3190 3189 3192 3193 3194 3195 3191 3193 3196 3197 3198 3191 3195 3190 3193 3192 3195 3199 3194 3200 3201 3202 3203 3194 3199 3192 3204 3200 3197 3202 3201 3198 3205 3206 3207 3200 3204 3199 3196 3198 3201 3203 3208 3205 3207 3209 3210 3197 3196 3204 3208 3203 3202 3206 3205 3208 3209 3207 3206 3210 3211 3187 3211 3210 3209 3188 3187 3211 3212 3213 3214 3215 3214 3216 3217 3218 3219 3216 3219 3215 3214 3215 3212 3213 3212 3220 3221 3220 3222 3223 3222 3224 3225 3224 3226 3227 3226 3228 3229 3228 3230 3231 3230 3232 3233 3232 3234 3235 3234 3236 3237 3236 3218 3236 3237 3235 3234 3235 3233 3232 3233 3231 3230 3231 3229 3228 3229 3227 3226 3227 3225 3224 3225 3223 3222 3223 3221 3220 3221 3213 3219 3216 3217 3218 3217 3237 3238 3239 3240 3241 3242 3239 3243 3244 3242 3245 3240 3246 3247 3248 3244 3249 3250 3248 3251 3252 3250 3253 3254 3252 3255 3256 3254 3257 3258 3256 3259 3260 3258 3261 3262 3260 3263 3246 3262 3246 3263 3245 3262 3261 3263 3260 3259 3261 3240 3245 3238 3239 3238 3241 3242 3241 3243 3244 3243 3247 3248 3247 3249 3250 3249 3251 3252 3251 3253 3254 3253 3255 3256 3255 3257 3258 3257 3259 3264 3265 3266 3267 3268 3269 3270 3271 3272 3270 3268 3271 3273 3274 3275 3274 3273 3276 3272 3275 3274 3277 3278 3279 3280 3266 3267 3281 3282 3283 3283 3284 3285 3285 3286 3287 3287 3288 3289 3266 3280 3264 3289 3290 3291 3291 3279 3278 3278 3277 3292 3265 3264 3293 3294 3265 3295 3296 3297 3294 3298 3299 3296 3300 3301 3298 3292 3302 3300 3302 3292 3277 3301 3300 3302 3299 3298 3301 3303 3304 3273 3297 3296 3299 3265 3294 3297 3265 3293 3295 3268 3267 3266 3268 3270 3269 3275 3272 3271 3273 3304 3276 3282 3281 3303 3284 3283 3282 3286 3285 3284 3288 3287 3286 3290 3289 3288 3304 3303 3281 3279 3291 3290 3305 3306 3307 3307 3308 3309 3309 3310 3311 3311 3312 3313 3313 3314 3315 3316 3317 3318 3316 3319 3320 3320 3321 3322 3322 3323 3324 3324 3325 3326 3326 3327 3328 3328 3329 3330 3330 3331 3332 3332 3333 3334 3334 3335 3336 3336 3337 3338 3338 3339 3340 3339 3338 3337 3337 3336 3335 3335 3334 3333 3333 3332 3331 3331 3330 3329 3329 3328 3327 3327 3326 3325 3325 3324 3323 3323 3322 3321 3321 3320 3319 3319 3316 3318 3315 3317 3316 3317 3315 3314 3314 3313 3312 3312 3311 3310 3310 3309 3308 3308 3307 3306 3306 3305 3341 3341 3340 3339 3340 3341 3305 3342 3343 3344 3345 3346 3347 3348 3349 3343 3350 3351 3349 3352 3353 3351 3354 3355 3353 3356 3357 3355 3358 3359 3357 3360 3361 3359 3362 3363 3361 3364 3347 3363 3347 3364 3345 3363 3362 3364 3361 3360 3362 3359 3358 3360 3357 3356 3358 3355 3354 3356 3353 3352 3354 3351 3350 3352 3349 3348 3350 3343 3342 3348 3344 3365 3342 3346 3345 3365 3365 3344 3346 3366 3367 3368 3367 3366 3369 3368 3370 3366 3371 3372 3370 3373 3374 3372 3375 3376 3374 3377 3378 3376 3379 3380 3378 3381 3382 3380 3383 3384 3382 3385 3386 3384 3387 3388 3386 3388 3387 3389 3386 3385 3387 3384 3383 3385 3382 3381 3383 3380 3379 3381 3378 3377 3379 3376 3375 3377 3374 3373 3375 3372 3371 3373 3370 3368 3371 3369 3389 3367 3389 3369 3388 3390 3391 3392 3391 3390 3393 3394 3393 3395 3396 3395 3397 3398 3397 3399 3400 3399 3401 3402 3401 3403 3404 3403 3405 3406 3405 3407 3408 3407 3409 3410 3411 3412 3413 3409 3411 3411 3410 3413 3409 3413 3408 3405 3406 3404 3403 3404 3402 3401 3402 3400 3399 3400 3398 3397 3398 3396 3395 3396 3394 3393 3394 3391 3392 3412 3390 3412 3392 3410 3407 3408 3406 3414 3415 3416 3416 3417 3414 3415 3414 3418 3419 3418 3420 3421 3420 3422 3423 3422 3424 3425 3424 3426 3427 3426 3428 3429 3428 3430 3431 3430 3432 3433 3432 3434 3435 3434 3436 3434 3435 3433 3432 3433 3431 3430 3431 3429 3428 3429 3427 3426 3427 3425 3424 3425 3423 3422 3423 3421 3420 3421 3419 3418 3419 3415 3417 3416 3437 3436 3437 3435 3437 3436 3417 3438 3439 3440 3441 3442 3443 3444 3443 3445 3446 3445 3447 3448 3447 3449 3450 3449 3451 3452 3451 3453 3454 3453 3455 3456 3455 3457 3458 3457 3459 3440 3459 3438 3459 3440 3458 3457 3458 3456 3455 3456 3454 3453 3454 3452 3451 3452 3450 3449 3450 3448 3447 3448 3446 3445 3446 3444 3443 3444 3441 3442 3441 3460 3461 3460 3439 3460 3461 3442 3439 3438 3461 3462 3463 3464 3465 3466 3467 3468 3467 3469 3470 3469 3471 3472 3471 3473 3474 3473 3475 3476 3475 3477 3478 3477 3479 3480 3479 3481 3482 3481 3483 3484 3483 3463 3483 3484 3482 3481 3482 3480 3479 3480 3478 3477 3478 3476 3475 3476 3474 3473 3474 3472 3471 3472 3470 3469 3470 3468 3467 3468 3465 3466 3465 3485 3464 3485 3462 3463 3462 3484 3485 3464 3466 3486 3487 3488 3489 3490 3491 3492 3493 3494 3495 3496 3497 3498 3499 3500 3501 3502 3503 3504 3505 3506 3502 3507 3503 3508 3509 3510 3511 3512 3506 3504 3496 3495 3496 3513 3514 3502 3515 3516 3501 3517 3515 3498 3518 3519 3512 3500 3499 3520 3504 3495 3496 3504 3521 3513 3496 3521 3507 3514 3513 3502 3501 3515 3501 3510 3522 3509 3508 3518 3518 3498 3509 3499 3498 3519 3511 3506 3505 3523 3504 3520 3507 3502 3514 3510 3501 3508 3517 3501 3522 3512 3511 3500 3505 3504 3523 3524 3525 3526 3527 3528 3529 3530 3531 3493 3532 3533 3534 3535 3536 3537 3538 3531 3530 3493 3492 3530 3539 3492 3494 3535 3529 3540 3526 3537 3536 3515 3538 3516 3492 3541 3542 3539 3543 3541 3529 3535 3527 3536 3535 3540 3537 3526 3525 3544 3524 3515 3524 3538 3515 3531 3538 3545 3492 3539 3541 3539 3546 3543 3533 3528 3527 3547 3524 3544 3538 3524 3545 3539 3534 3546 3528 3533 3532 3525 3524 3547 3534 3539 3532 3548 3549 3550 3551 3552 3553 3554 3555 3556 3557 3552 3551 3558 3553 3550 3559 3555 3554 3560 3561 3562 3557 3563 3564 3558 3550 3549 3565 3548 3541 3541 3559 3542 3561 3556 3562 3560 3566 3567 3563 3557 3490 3552 3557 3564 3568 3548 3565 3548 3559 3541 3555 3559 3569 3556 3561 3554 3561 3567 3570 3560 3491 3571 3490 3489 3563 3549 3548 3568 3559 3548 3569 3561 3560 3567 3491 3560 3489 3566 3560 3571 3572 3573 3574 3575 3576 3577 3578 3579 3495 3580 3581 3582 3553 3558 3551 3573 3577 3576 3578 3572 3574 3583 3584 3585 3582 3488 3487 3567 3575 3570 3573 3572 3577 3572 3495 3497 3578 3586 3579 3587 3588 3589 3486 3585 3590 3488 3582 3581 3580 3591 3592 3580 3575 3567 3576 3575 3593 3572 3578 3495 3578 3589 3586 3588 3584 3583 3585 3486 3583 3487 3486 3590 3591 3580 3567 3581 3580 3592 3575 3580 3593 3589 3578 3587 3584 3588 3587 3594 3595 3596 3595 3597 3596 3598 3599 3600 3598 3600 3601 3601 3602 3603 3604 3605 3606 3607 3608 3609 3608 3610 3611 3611 3612 3613 3613 3614 3615 3615 3616 3617 3618 3619 3620 3620 3621 3622 3617 3623 3624 3625 3626 3619 3627 3628 3629 3609 3630 3631 3632 3633 3634 3635 3636 3637 3638 3639 3640 3641 3642 3643 3644 3645 3643 3646 3638 3640 3641 3643 3645 3638 3646 3644 3645 3644 3646 3642 3641 3647 3639 3636 3648 3639 3638 3636 3649 3632 3634 3632 3649 3650 3637 3651 3635 3651 3650 3649 3636 3635 3648 3651 3637 3650 3642 3633 3632 3633 3642 3647 3605 3652 3653 3605 3629 3652 3606 3654 3655 3629 3605 3627 3605 3654 3606 3630 3606 3655 3654 3605 3653 3630 3609 3606 3656 3657 3607 3609 3658 3607 3627 3659 3628 3658 3609 3631 3656 3607 3658 3657 3659 3627 3657 3656 3660 3659 3657 3660 3618 3661 3662 3617 3661 3618 3619 3663 3664 3661 3617 3624 3618 3663 3619 3625 3619 3664 3663 3618 3662 3625 3665 3626 3665 3625 3666 3667 3668 3669 3670 3665 3666 3616 3671 3623 3672 3670 3673 3671 3616 3674 3623 3617 3616 3670 3672 3665 3674 3672 3673 3675 3676 3619 3677 3678 3679 3619 3680 3620 3677 3681 3682 3683 3679 3678 3684 3619 3676 3621 3620 3680 3681 3677 3685 3678 3677 3682 3679 3686 3675 3680 3619 3684 3686 3679 3683 3676 3675 3686 3616 3615 3614 3614 3613 3612 3612 3611 3610 3608 3607 3610 3605 3604 3687 3600 3688 3689 3604 3690 3691 3601 3692 3693 3690 3604 3694 3604 3695 3687 3692 3600 3689 3602 3601 3693 3695 3604 3691 3696 3687 3695 3692 3601 3600 3687 3688 3697 3688 3687 3696 3688 3600 3697 3599 3598 3596 3698 3699 3700 3596 3701 3702 3595 3703 3704 3705 3596 3597 3599 3706 3707 3703 3698 3700 3597 3595 3704 3701 3596 3705 3599 3702 3706 3708 3709 3710 3698 3703 3595 3702 3599 3596 3699 3708 3710 3599 3707 3709 3709 3708 3599 3699 3698 3708 3595 3594 3711 3712 3713 3714 3711 3715 3716 3668 3714 3713 3715 3594 3717 3711 3718 3712 3719 3714 3667 3720 3721 3722 3720 3723 3724 3725 3726 3727 3728 3729 3730 3677 3729 3728 3650 3731 3732 3733 3734 3735 3736 3737 3738 3637 3739 3740 3741 3694 3604 3594 3742 3717 3719 3743 3744 3745 3685 3677 3720 3728 3730 3667 3643 3719 3596 3746 3594 3747 3677 3728 3643 3745 3747 3746 3638 3644 3598 3748 3746 3642 3749 3745 3748 3636 3638 3749 3618 3620 3604 3736 3741 3733 3617 3618 3637 3613 3650 3743 3643 3750 3751 3720 3722 3752 3747 3751 3743 3719 3643 3747 3753 3643 3753 3747 3752 3749 3622 3754 3622 3749 3620 3745 3754 3685 3754 3745 3749 3728 3720 3747 3643 3667 3644 3746 3596 3598 3677 3747 3745 3745 3643 3642 3638 3746 3748 3748 3598 3601 3749 3642 3632 3636 3748 3741 3618 3749 3733 3736 3604 3606 3617 3733 3615 3613 3637 3611 3672 3674 3616 3606 3608 3736 3668 3667 3714 3715 3711 3594 3718 3711 3716 3713 3712 3718 3724 3755 3756 3714 3757 3758 3724 3721 3720 3719 3757 3714 3714 3755 3724 3721 3724 3756 3757 3719 3744 3755 3714 3758 3723 3720 3730 3723 3759 3760 3729 3761 3762 3763 3726 3725 3764 3725 3727 3730 3765 3766 3763 3760 3767 3725 3764 3729 3761 3729 3764 3730 3762 3765 3723 3768 3769 3760 3763 3723 3726 3763 3767 3762 3730 3729 3768 3730 3766 3759 3723 3769 3768 3723 3730 3729 3677 3679 3613 3770 3771 3733 3772 3615 3731 3613 3771 3772 3733 3735 3773 3615 3772 3731 3650 3613 3615 3770 3613 3770 3615 3773 3749 3774 3775 3632 3776 3777 3734 3749 3775 3650 3776 3632 3774 3632 3777 3734 3733 3749 3776 3650 3732 3774 3749 3632 3608 3778 3779 3637 3780 3611 3737 3608 3779 3780 3637 3740 3781 3611 3780 3737 3736 3608 3778 3611 3781 3778 3608 3611 3736 3782 3741 3782 3736 3738 3636 3783 3784 3785 3741 3782 3739 3636 3784 3741 3783 3636 3739 3637 3636 3783 3741 3785 3748 3603 3786 3603 3748 3601 3741 3786 3694 3786 3741 3748 3746 3787 3788 3667 3789 3644 3742 3746 3788 3789 3667 3669 3790 3644 3789 3742 3594 3746 3787 3644 3790 3787 3746 3644 3643 3753 3750 3720 3751 3747 3608 3606 3609 3791 3792 3793 3794 3793 3795 3796 3795 3797 3798 3797 3799 3800 3799 3801 3802 3801 3803 3804 3803 3805 3806 3805 3807 3808 3807 3809 3810 3809 3811 3812 3811 3813 3814 3813 3792 3813 3814 3812 3811 3812 3810 3809 3810 3808 3807 3808 3806 3805 3806 3804 3803 3804 3802 3801 3802 3800 3799 3800 3798 3797 3798 3796 3795 3796 3794 3793 3794 3791 3792 3791 3814 3815 3816 3817 3818 3819 3820 3820 3821 3822 3823 3824 3825 3826 3824 3827 3819 3828 3829 3822 3821 3830 3824 3826 3825 3827 3831 3832 3821 3823 3830 3821 3820 3819 3833 3834 3824 3835 3836 3837 3838 3839 3840 3841 3842 3843 3843 3844 3845 3838 3840 3846 3847 3842 3848 3844 3843 3842 3849 3850 3851 3846 3840 3847 3842 3841 3848 3850 3849 3844 3842 3847 3840 3851 3850 3852 3853 3850 3839 3844 3849 3845 3853 3839 3854 3850 3853 3852 3855 3856 3857 3856 3855 3840 3839 3856 3840 3839 3838 3854 3858 3815 3817 3859 3817 3860 3861 3860 3862 3842 3855 3863 3836 3842 3864 3834 3864 3865 3824 3865 3827 3866 3834 3867 3868 3834 3869 3834 3866 3870 3871 3836 3872 3873 3836 3868 3834 3870 3869 3874 3867 3875 3876 3867 3837 3836 3873 3872 3867 3874 3866 3876 3837 3877 3878 3837 3871 3834 3868 3836 3837 3878 3877 3867 3876 3875 3879 3864 3880 3864 3879 3865 3881 3861 3827 3859 3882 3883 3881 3827 3884 3861 3881 3882 3865 3884 3827 3884 3865 3885 3886 3858 3859 3886 3859 3883 3864 3887 3880 3888 3863 3889 3858 3889 3863 3887 3842 3888 3889 3858 3890 3863 3888 3842 3891 3815 3863 3892 3863 3855 3815 3891 3893 3892 3855 3894 3895 3896 3897 3898 3896 3815 3891 3863 3899 3894 3855 3900 3897 3896 3901 3815 3893 3898 3863 3892 3902 3903 3855 3904 3896 3898 3901 3855 3903 3900 3863 3902 3899 3896 3895 3904 3905 3817 3906 3907 3908 3909 3817 3905 3860 3909 3908 3910 3911 3908 3860 3860 3905 3912 3913 3816 3914 3908 3907 3914 3860 3912 3911 3915 3816 3916 3913 3914 3917 3908 3911 3910 3816 3915 3817 3816 3913 3918 3817 3915 3906 3914 3907 3917 3919 3920 3921 3922 3829 3861 3919 3921 3923 3924 3921 3829 3829 3922 3925 3926 3920 3927 3921 3924 3923 3922 3861 3928 3920 3926 3862 3920 3919 3929 3829 3925 3930 3920 3929 3927 3928 3861 3931 3931 3862 3932 3829 3930 3924 3862 3926 3932 3831 3829 3933 3829 3831 3827 3934 3829 3828 3828 3819 3818 3823 3821 3824 3815 3858 3863 3817 3859 3858 3860 3861 3859 3855 3842 3840 3842 3836 3844 3864 3834 3836 3865 3824 3834 3836 3871 3837 3865 3879 3885 3882 3859 3861 3858 3886 3890 3887 3864 3842 3857 3904 3855 3904 3895 3903 3896 3816 3815 3835 3850 3844 3816 3918 3916 3860 3908 3862 3908 3920 3862 3862 3931 3861 3861 3829 3827 3827 3832 3826 3821 3833 3824 3834 3833 3867 3833 3935 3867 3867 3935 3837 3935 3835 3837 3836 3835 3844 3829 3934 3933 3936 3937 3938 3939 3940 3937 3941 3942 3940 3943 3944 3942 3945 3946 3944 3947 3948 3946 3949 3950 3948 3951 3952 3950 3953 3954 3952 3937 3936 3939 3940 3939 3941 3942 3941 3943 3944 3943 3945 3946 3945 3947 3948 3947 3949 3950 3949 3951 3952 3951 3953 3954 3953 3955 3956 3955 3957 3958 3957 3959 3960 3959 3961 3962 3961 3963 3964 3963 3965 3966 3967 3968 3938 3968 3936 3968 3938 3966 3964 3967 3966 3967 3964 3965 3963 3964 3962 3961 3962 3960 3959 3960 3958 3957 3958 3956 3955 3956 3954 3969 3970 3971 3972 3973 3970 3974 3975 3973 3976 3977 3975 3978 3979 3977 3980 3981 3979 3982 3983 3981 3984 3985 3983 3986 3987 3985 3988 3989 3987 3990 3991 3989 3992 3971 3991 3971 3992 3969 3991 3990 3992 3989 3988 3990 3987 3986 3988 3985 3984 3986 3983 3982 3984 3981 3980 3982 3979 3978 3980 3977 3976 3978 3975 3974 3976 3973 3972 3974 3970 3969 3972 3993 3994 3995 3996 3995 3997 3998 3997 3999 4000 3999 4001 4002 4001 4003 4004 4003 4005 4006 4005 4007 4008 4007 4009 4010 4009 4011 4012 4011 4013 4014 4013 4015 4013 4014 4012 4011 4012 4010 4009 4010 4008 4007 4008 4006 4005 4006 4004 4003 4004 4002 4001 4002 4000 3999 4000 3998 3997 3998 3996 3995 3996 3993 3994 3993 4016 4015 4016 4014 4016 4015 3994 4017 4018 4019 4020 4021 4018 4022 4023 4021 4024 4025 4023 4026 4027 4025 4028 4029 4027 4030 4031 4029 4032 4033 4031 4034 4035 4033 4036 4037 4035 4038 4039 4037 4040 4019 4039 4019 4040 4017 4039 4038 4040 4037 4036 4038 4035 4034 4036 4033 4032 4034 4031 4030 4032 4029 4028 4030 4027 4026 4028 4025 4024 4026 4023 4022 4024 4021 4020 4022 4018 4017 4020 4041 4042 4043 4044 4043 4045 4046 4045 4047 4048 4047 4049 4050 4049 4051 4052 4051 4053 4054 4053 4055 4056 4055 4057 4058 4057 4059 4060 4059 4061 4062 4061 4063 4064 4063 4042 4063 4064 4062 4061 4062 4060 4059 4060 4058 4057 4058 4056 4055 4056 4054 4053 4054 4052 4051 4052 4050 4049 4050 4048 4047 4048 4046 4045 4046 4044 4043 4044 4041 4042 4041 4064 4065 4066 4067 4068 4069 4066 4070 4071 4069 4072 4073 4071 4074 4075 4073 4076 4077 4075 4078 4079 4077 4080 4081 4079 4082 4083 4081 4084 4085 4083 4086 4087 4085 4088 4067 4087 4067 4088 4065 4087 4086 4088 4085 4084 4086 4083 4082 4084 4081 4080 4082 4079 4078 4080 4077 4076 4078 4075 4074 4076 4073 4072 4074 4071 4070 4072 4069 4068 4070 4066 4065 4068 4089 4090 4091 4090 4089 4092 4093 4092 4094 4095 4094 4096 4097 4096 4098 4099 4098 4100 4101 4100 4102 4103 4102 4104 4105 4104 4106 4107 4106 4108 4109 4108 4110 4111 4110 4112 4091 4112 4089 4112 4091 4111 4110 4111 4109 4108 4109 4107 4106 4107 4105 4104 4105 4103 4102 4103 4101 4100 4101 4099 4098 4099 4097 4096 4097 4095 4094 4095 4093 4092 4093 4090 4113 4114 4115 4116 4117 4114 4118 4119 4117 4120 4121 4119 4122 4123 4121 4124 4125 4123 4126 4127 4125 4128 4129 4127 4130 4131 4129 4132 4133 4131 4134 4135 4133 4136 4115 4135 4115 4136 4113 4135 4134 4136 4133 4132 4134 4131 4130 4132 4129 4128 4130 4127 4126 4128 4125 4124 4126 4123 4122 4124 4121 4120 4122 4119 4118 4120 4117 4116 4118 4114 4113 4116 4137 4138 4139 4140 4141 4138 4142 4143 4141 4144 4145 4143 4146 4147 4145 4148 4149 4147 4150 4151 4149 4152 4153 4151 4154 4155 4153 4156 4157 4155 4158 4159 4157 4160 4139 4159 4139 4160 4137 4159 4158 4160 4157 4156 4158 4155 4154 4156 4153 4152 4154 4151 4150 4152 4149 4148 4150 4147 4146 4148 4145 4144 4146 4143 4142 4144 4141 4140 4142 4138 4137 4140 4161 4162 4163 4164 4165 4166 4167 4166 4165 4168 4169 4167 4170 4171 4172 4173 4172 4168 4172 4173 4170 4174 4171 4175 4176 4177 4174 4178 4179 4180 4178 4180 4176 4181 4179 4182 4183 4184 4181 4185 4186 4183 4186 4185 4187 4188 4187 4189 4190 4191 4188 4192 4193 4194 4192 4194 4190 4195 4193 4196 4193 4195 4197 4198 4197 4199 4200 4201 4198 4202 4203 4200 4203 4202 4204 4205 4204 4206 4207 4208 4205 4209 4210 4207 4163 4211 4209 4211 4163 4162 4210 4209 4211 4208 4207 4210 4204 4205 4208 4204 4202 4206 4201 4200 4203 4197 4198 4201 4197 4195 4199 4193 4192 4196 4191 4190 4194 4187 4188 4191 4187 4185 4189 4184 4183 4186 4179 4181 4184 4179 4178 4182 4177 4176 4180 4171 4174 4177 4171 4170 4175 4169 4168 4172 4166 4167 4169 4162 4161 4164 4165 4164 4161 4212 4213 4214 4214 4215 4216 4216 4217 4218 4218 4219 4220 4220 4221 4222 4222 4223 4224 4224 4225 4226 4226 4227 4228 4228 4229 4230 4230 4231 4232 4232 4233 4234 4234 4235 4236 4236 4237 4238 4239 4238 4237 4239 4240 4238 4240 4241 4242 4242 4243 4244 4244 4245 4246 4246 4247 4248 4248 4249 4250 4250 4251 4252 4252 4253 4254 4254 4255 4256 4256 4257 4258 4258 4259 4260 4261 4262 4263 4263 4264 4265 4265 4266 4267 4267 4268 4269 4269 4270 4271 4271 4272 4273 4274 4275 4212 4276 4277 4278 4278 4279 4280 4280 4281 4282 4282 4283 4284 4284 4285 4286 4286 4287 4288 4288 4289 4290 4290 4291 4292 4292 4293 4294 4294 4274 4295 4295 4212 4296 4296 4214 4297 4297 4216 4298 4298 4218 4299 4299 4220 4300 4300 4222 4301 4301 4224 4302 4302 4226 4303 4303 4228 4304 4304 4230 4305 4305 4232 4306 4306 4234 4307 4307 4236 4308 4308 4238 4309 4309 4240 4310 4310 4242 4311 4311 4244 4312 4312 4246 4313 4313 4248 4314 4314 4250 4315 4315 4252 4316 4316 4254 4317 4317 4256 4318 4318 4258 4319 4319 4260 4261 4320 4263 4321 4321 4265 4322 4322 4267 4323 4323 4269 4324 4324 4271 4325 4325 4273 4326 4326 4276 4327 4327 4278 4328 4328 4280 4329 4329 4282 4330 4330 4284 4331 4331 4286 4332 4332 4288 4333 4333 4290 4334 4334 4292 4335 4335 4294 4336 4336 4295 4337 4337 4296 4338 4338 4297 4339 4339 4298 4340 4340 4299 4341 4341 4300 4342 4342 4301 4343 4343 4302 4344 4344 4303 4345 4345 4304 4346 4346 4305 4347 4347 4306 4348 4348 4307 4349 4349 4308 4350 4350 4309 4351 4351 4310 4352 4352 4311 4353 4353 4312 4354 4354 4313 4355 4355 4314 4356 4356 4315 4357 4357 4316 4358 4358 4317 4359 4359 4318 4360 4360 4319 4361 4361 4261 4320 4293 4362 4274 4291 4363 4293 4289 4364 4291 4287 4365 4289 4285 4366 4287 4283 4367 4285 4368 4281 4369 4281 4368 4283 4279 4369 4281 4277 4370 4279 4371 4372 4277 4272 4373 4371 4270 4374 4272 4268 4375 4270 4266 4376 4268 4264 4377 4266 4262 4378 4264 4260 4379 4262 4379 4260 4259 4378 4262 4379 4377 4264 4378 4376 4266 4377 4375 4268 4376 4374 4270 4375 4373 4272 4374 4372 4371 4373 4370 4277 4372 4369 4279 4370 4283 4368 4380 4367 4283 4380 4366 4285 4367 4365 4287 4366 4364 4289 4365 4363 4291 4364 4362 4293 4363 4275 4274 4362 4213 4212 4275 4215 4214 4213 4217 4216 4215 4219 4218 4217 4221 4220 4219 4223 4222 4221 4225 4224 4223 4227 4226 4225 4229 4228 4227 4231 4230 4229 4233 4232 4231 4235 4234 4233 4237 4236 4235 4240 4239 4381 4241 4240 4381 4243 4242 4241 4245 4244 4243 4247 4246 4245 4249 4248 4247 4251 4250 4249 4253 4252 4251 4255 4254 4253 4257 4256 4255 4259 4258 4257 4262 4261 4260 4264 4263 4262 4266 4265 4264 4268 4267 4266 4270 4269 4268 4272 4271 4270 4371 4273 4272 4277 4276 4371 4279 4278 4277 4281 4280 4279 4283 4282 4281 4285 4284 4283 4287 4286 4285 4289 4288 4287 4291 4290 4289 4293 4292 4291 4274 4294 4293 4212 4295 4274 4214 4296 4212 4216 4297 4214 4218 4298 4216 4220 4299 4218 4222 4300 4220 4226 4302 4224 4228 4303 4226 4230 4304 4228 4232 4305 4230 4234 4306 4232 4236 4307 4234 4238 4308 4236 4240 4309 4238 4242 4310 4240 4244 4311 4242 4246 4312 4244 4248 4313 4246 4250 4314 4248 4252 4315 4250 4254 4316 4252 4256 4317 4254 4258 4318 4256 4260 4319 4258 4263 4320 4261 4265 4321 4263 4267 4322 4265 4269 4323 4267 4271 4324 4269 4273 4325 4271 4276 4326 4273 4278 4327 4276 4280 4328 4278 4282 4329 4280 4284 4330 4282 4286 4331 4284 4288 4332 4286 4290 4333 4288 4292 4334 4290 4294 4335 4292 4295 4336 4294 4296 4337 4295 4297 4338 4296 4298 4339 4297 4299 4340 4298 4300 4341 4299 4301 4342 4300 4302 4343 4301 4303 4344 4302 4304 4345 4303 4305 4346 4304 4306 4347 4305 4307 4348 4306 4308 4349 4307 4309 4350 4308 4310 4351 4309 4311 4352 4310 4312 4353 4311 4313 4354 4312 4314 4355 4313 4315 4356 4314 4316 4357 4315 4317 4358 4316 4318 4359 4317 4319 4360 4318 4261 4361 4319 4273 4371 4276 4224 4301 4222 4382 4383 4384 4382 4384 4385 4384 4386 4385 4387 4388 4386 4389 4390 4388 4391 4392 4390 4393 4394 4392 4395 4396 4397 4396 4395 4398 4396 4399 4397 4400 4401 4399 4402 4403 4401 4402 4401 4404 4405 4406 4403 4407 4408 4406 4409 4410 4411 4409 4411 4412 4411 4413 4412 4414 4415 4413 4416 4417 4415 4418 4419 4417 4420 4421 4419 4422 4423 4421 4424 4425 4383 4383 4382 4424 4386 4384 4387 4388 4387 4389 4390 4389 4391 4392 4391 4393 4394 4393 4398 4398 4395 4394 4399 4396 4400 4401 4400 4404 4403 4402 4405 4406 4405 4407 4408 4407 4410 4410 4409 4408 4413 4411 4414 4415 4414 4416 4417 4416 4418 4419 4418 4420 4421 4420 4422 4423 4422 4426 4427 4426 4425 4425 4424 4427 4426 4427 4423 4428 4429 4430 4431 4432 4428 4433 4434 4431 4435 4436 4433 4437 4438 4435 4439 4440 4437 4441 4442 4439 4443 4444 4445 4445 4441 4443 4441 4445 4446 4447 4444 4448 4449 4450 4447 4451 4452 4449 4453 4454 4451 4455 4456 4453 4457 4458 4455 4459 4460 4457 4461 4462 4459 4463 4464 4461 4465 4466 4463 4467 4468 4465 4469 4470 4467 4471 4472 4469 4473 4474 4475 4475 4471 4473 4471 4475 4476 4430 4474 4477 4474 4430 4429 4474 4473 4477 4472 4471 4476 4470 4469 4472 4468 4467 4470 4466 4465 4468 4464 4463 4466 4462 4461 4464 4460 4459 4462 4458 4457 4460 4456 4455 4458 4454 4453 4456 4452 4451 4454 4450 4449 4452 4444 4447 4450 4444 4443 4448 4442 4441 4446 4440 4439 4442 4438 4437 4440 4436 4435 4438 4434 4433 4436 4432 4431 4434 4429 4428 4432 4478 4479 4480 4481 4482 4483 4484 4485 4486 4487 4488 4489 4490 4486 4491 4492 4493 4494 4495 4496 4497 4486 4490 4484 4498 4490 4491 4487 4492 4488 4496 4489 4499 4500 4501 4495 4490 4498 4502 4502 4482 4503 4492 4487 4493 4489 4496 4487 4497 4496 4499 4504 4500 4505 4505 4506 4507 4502 4494 4493 4496 4495 4501 4508 4500 4504 4505 4509 4510 4494 4502 4498 4501 4500 4508 4500 4484 4509 4506 4505 4510 4484 4500 4485 4509 4505 4500 4511 4512 4513 4514 4478 4515 4516 4479 4517 4512 4511 4516 4518 4519 4520 4478 4514 4517 4513 4512 4521 4519 4518 4483 4479 4478 4517 4522 4480 4479 4523 4518 4520 4483 4518 4524 4525 4519 4483 4480 4522 4526 4518 4523 4522 4519 4525 4527 4528 4527 4525 4529 4528 4514 4522 4523 4526 4527 4528 4530 4528 4529 4531 4514 4515 4532 4528 4531 4530 4483 4524 4481 4533 4534 4535 4536 4535 4537 4535 4536 4533 4538 4537 4539 4540 4541 4542 4537 4538 4536 4541 4540 4539 4543 4544 4545 4539 4540 4538 4546 4541 4539 4547 4546 4548 4544 4543 4549 4534 4533 4550 4546 4547 4551 4552 4553 4521 4554 4549 4555 4545 4544 4556 4544 4534 4556 4541 4546 4551 4557 4550 4533 4558 4559 4560 4549 4554 4552 4534 4544 4535 4550 4557 4561 4559 4558 4557 4562 4559 4521 4549 4543 4555 4557 4558 4561 4559 4562 4560 4540 4542 4563 4564 4548 4565 4521 4559 4566 4479 4516 4511 4565 4567 4568 4567 4569 4568 4570 4569 4505 4548 4564 4547 4562 4521 4553 4569 4567 4505 4570 4505 4507 4571 4572 4573 4563 4572 4540 4502 4493 4482 4482 4481 4503 4514 4532 4529 4572 4563 4573 4567 4565 4548 4570 4571 4574 4553 4552 4554 4572 4571 4570 4569 4570 4574 4521 4566 4513 4575 4576 4577 4578 4579 4580 4581 4580 4577 4576 4581 4577 4582 4583 4584 4583 4585 4586 4587 4588 4589 4579 4590 4591 4581 4576 4588 4592 4593 4594 4585 4583 4595 4596 4584 4583 4588 4587 4581 4580 4581 4578 4593 4592 4575 4593 4582 4597 4584 4596 4598 4579 4578 4590 4599 4575 4600 4594 4593 4597 4583 4582 4595 4576 4575 4599 4582 4593 4595 4575 4592 4600 4601 4596 4587 4596 4601 4598 4586 4602 4603 4604 4605 4606 4605 4604 4602 4602 4604 4607 4608 4605 4602 4609 4610 4611 4612 4611 4613 4614 4613 4615 4616 4615 4617 4605 4608 4618 4619 4620 4621 4611 4612 4609 4615 4616 4614 4622 4623 4609 4618 4608 4619 4621 4620 4624 4613 4614 4612 4625 4622 4626 4626 4604 4606 4620 4619 4608 4627 4610 4628 4623 4622 4625 4602 4607 4603 4624 4627 4629 4610 4627 4611 4604 4626 4622 4627 4628 4629 4627 4624 4620 4630 4631 4632 4632 4633 4634 4634 4635 4636 4636 4637 4638 4633 4632 4631 4637 4636 4635 4639 4640 4641 4642 4643 4644 4643 4645 4644 4635 4634 4633 4640 4591 4590 4646 4641 4640 4645 4643 4631 4630 4632 4647 4648 4637 4635 4649 4648 4650 4651 4639 4652 4641 4646 4653 4654 4646 4655 4655 4638 4656 4631 4630 4645 4647 4657 4658 4659 4648 4660 4649 4650 4661 4652 4650 4651 4640 4639 4591 4654 4655 4656 4643 4642 4662 4663 4647 4632 4664 4657 4665 4665 4666 4667 4668 4666 4617 4669 4668 4662 4648 4649 4660 4639 4651 4591 4638 4655 4636 4657 4664 4658 4666 4665 4617 4668 4669 4670 4650 4652 4661 4646 4654 4653 4587 4589 4601 4602 4586 4585 4610 4609 4623 4637 4648 4659 4669 4662 4671 4657 4647 4663 4617 4665 4616 4662 4642 4671 4666 4668 4670 4664 4665 4667 4672 4673 4674 4675 4672 4676 4676 4677 4675 4677 4676 4678 4679 4680 4681 4680 4679 4678 4682 4683 4684 4683 4682 4680 4685 4686 4687 4688 4686 4689 4688 4689 4690 4691 4689 4692 4673 4672 4693 4691 4692 4694 4695 4694 4692 4696 4697 4698 4697 4696 4695 4699 4697 4700 4699 4700 4701 4702 4700 4703 4702 4703 4704 4705 4703 4706 4705 4706 4707 4708 4709 4710 4709 4708 4706 4711 4709 4712 4711 4712 4713 4714 4712 4715 4715 4716 4714 4716 4715 4717 4718 4717 4719 4718 4719 4720 4721 4722 4723 4722 4721 4719 4724 4722 4725 4724 4725 4726 4727 4728 4729 4728 4727 4725 4730 4731 4732 4731 4730 4728 4733 4734 4735 4734 4733 4731 4736 4674 4737 4674 4736 4734 4734 4736 4735 4731 4733 4732 4728 4730 4729 4725 4727 4726 4722 4724 4723 4719 4721 4720 4717 4718 4716 4712 4714 4713 4709 4711 4710 4706 4708 4707 4703 4705 4704 4700 4702 4701 4697 4699 4698 4694 4695 4696 4689 4691 4690 4686 4688 4687 4683 4685 4684 4680 4682 4681 4678 4679 4677 4672 4675 4693 4674 4673 4737 4686 4685 4683 4738 4739 4740 4739 4738 4741 4740 4742 4738 4743 4744 4742 4745 4746 4744 4747 4748 4746 4749 4750 4748 4751 4752 4750 4753 4754 4752 4755 4756 4754 4757 4758 4756 4759 4760 4758 4760 4759 4761 4758 4757 4759 4756 4755 4757 4754 4753 4755 4752 4751 4753 4750 4749 4751 4748 4747 4749 4746 4745 4747 4744 4743 4745 4741 4761 4739 4761 4741 4760 4742 4740 4743 4762 4763 4764 4765 4766 4763 4767 4768 4766 4769 4770 4768 4771 4772 4770 4773 4774 4772 4775 4776 4774 4777 4778 4776 4779 4780 4778 4781 4782 4780 4783 4784 4782 4785 4764 4784 4764 4785 4762 4784 4783 4785 4782 4781 4783 4780 4779 4781 4778 4777 4779 4776 4775 4777 4774 4773 4775 4772 4771 4773 4763 4762 4765 4768 4767 4769 4766 4765 4767 4770 4769 4771 4786 4787 4788 4789 4790 4787 4791 4792 4790 4793 4794 4792 4795 4796 4794 4797 4798 4796 4799 4800 4798 4801 4802 4800 4803 4804 4802 4805 4806 4804 4807 4808 4806 4809 4788 4808 4788 4809 4786 4808 4807 4809 4806 4805 4807 4804 4803 4805 4802 4801 4803 4800 4799 4801 4798 4797 4799 4796 4795 4797 4794 4793 4795 4792 4791 4793 4790 4789 4791 4787 4786 4789 4810 4811 4812 4813 4814 4811 4815 4816 4814 4817 4818 4816 4819 4820 4818 4821 4822 4820 4823 4824 4822 4825 4826 4824 4827 4828 4826 4829 4830 4828 4831 4832 4830 4833 4812 4832 4811 4810 4813 4812 4833 4810 4832 4831 4833 4830 4829 4831 4828 4827 4829 4826 4825 4827 4824 4823 4825 4822 4821 4823 4820 4819 4821 4818 4817 4819 4816 4815 4817 4814 4813 4815 4834 4835 4836 4837 4836 4838 4839 4838 4840 4841 4840 4842 4843 4842 4844 4845 4844 4846 4847 4846 4848 4849 4848 4850 4851 4850 4852 4853 4852 4854 4855 4854 4856 4854 4855 4853 4852 4853 4851 4850 4851 4849 4848 4849 4847 4846 4847 4845 4844 4845 4843 4842 4843 4841 4840 4841 4839 4838 4839 4837 4836 4837 4834 4835 4834 4857 4856 4857 4855 4857 4856 4835 4858 4859 4860 4859 4858 4861 4862 4861 4863 4864 4863 4865 4866 4865 4867 4868 4867 4869 4870 4869 4871 4872 4871 4873 4874 4873 4875 4876 4875 4877 4878 4877 4879 4880 4879 4881 4860 4881 4858 4881 4860 4880 4879 4880 4878 4877 4878 4876 4875 4876 4874 4873 4874 4872 4871 4872 4870 4869 4870 4868 4867 4868 4866 4865 4866 4864 4863 4864 4862 4861 4862 4859 4882 4883 4884 4885 4884 4886 4887 4886 4888 4889 4888 4890 4891 4890 4892 4893 4892 4894 4895 4894 4896 4897 4896 4898 4899 4898 4900 4901 4900 4902 4903 4902 4904 4905 4904 4883 4884 4885 4882 4883 4882 4905 4904 4905 4903 4902 4903 4901 4900 4901 4899 4898 4899 4897 4896 4897 4895 4894 4895 4893 4892 4893 4891 4890 4891 4889 4888 4889 4887 4886 4887 4885 4906 4907 4908 4909 4910 4907 4911 4912 4913 4914 4913 4915 4916 4915 4917 4918 4917 4919 4920 4919 4921 4922 4921 4923 4924 4923 4925 4926 4925 4927 4928 4927 4910 4927 4928 4926 4925 4926 4924 4923 4924 4922 4921 4922 4920 4919 4920 4918 4917 4918 4916 4915 4916 4914 4913 4914 4911 4912 4911 4929 4908 4929 4906 4907 4906 4909 4910 4909 4928 4929 4908 4912 4930 4931 4932 4933 4934 4931 4935 4936 4934 4937 4938 4936 4939 4940 4938 4941 4942 4940 4943 4944 4942 4945 4946 4944 4947 4948 4946 4949 4950 4948 4951 4952 4950 4953 4932 4952 4932 4953 4930 4952 4951 4953 4950 4949 4951 4948 4947 4949 4946 4945 4947 4944 4943 4945 4942 4941 4943 4940 4939 4941 4938 4937 4939 4936 4935 4937 4934 4933 4935 4931 4930 4933 4954 4955 4956 4957 4958 4955 4959 4960 4958 4961 4962 4960 4963 4964 4962 4965 4966 4964 4967 4968 4966 4969 4970 4968 4971 4972 4970 4973 4974 4972 4975 4976 4974 4977 4956 4976 4956 4977 4954 4976 4975 4977 4974 4973 4975 4972 4971 4973 4970 4969 4971 4968 4967 4969 4966 4965 4967 4964 4963 4965 4962 4961 4963 4960 4959 4961 4958 4957 4959 4955 4954 4957 4978 4979 4980 4981 4982 4979 4983 4984 4982 4985 4986 4987 4988 4989 4986 4990 4991 4992 4990 4993 4994 4980 4995 4993 4979 4996 4995 4982 4997 4996 4984 4998 4997 4994 4999 5000 4994 5001 5002 4993 5003 5001 4995 5004 5003 5005 5006 5007 5002 5008 5006 5001 5009 5008 5006 5010 5007 5006 5011 5012 5008 5013 5011 5009 5014 5013 5015 5016 5014 5017 5018 5019 5020 5021 5018 5022 5023 5021 5024 5025 5023 5026 5027 5025 5028 5029 5027 5030 5031 5029 5032 5033 5016 5034 5035 5033 5036 5037 5031 5037 5038 5039 5040 5041 5042 5040 5043 5044 5019 5045 5043 5018 5046 5045 5021 5047 5046 5048 5049 5035 5050 5051 5049 5052 5053 5051 5053 5054 5055 5012 5056 5057 5012 5058 5059 5011 5060 5058 5023 5061 5047 5062 4990 4992 5013 5063 5060 5014 5064 5063 5016 5065 5064 5033 5066 5065 5067 5019 5040 5067 5068 5069 5070 5071 5072 5073 5070 5036 5074 5036 5030 5066 5030 5028 5065 5028 5026 5064 5026 5024 5063 5024 5022 5060 5022 5020 5058 5020 5017 5059 5017 5067 5075 5067 5069 5053 5076 5077 5051 5077 5073 5049 5073 5074 5078 4987 4984 5035 5074 5066 4990 5062 5079 4980 5079 4978 4979 4978 4981 4982 4981 4983 4984 4983 5078 4987 5078 4985 4986 4985 4988 4989 4988 5080 4991 4990 4994 4991 4994 5000 4993 4990 4980 4995 4980 4979 4996 4979 4982 4997 4982 4984 4998 4984 4987 4999 4994 5002 4999 5002 5005 5001 4994 4993 5003 4993 4995 5004 4995 4996 5006 5005 5002 5008 5002 5001 5009 5001 5003 5010 5012 5057 5012 5010 5006 5011 5006 5008 5013 5008 5009 5014 5009 5015 5016 5015 5032 5033 5032 5034 5035 5034 5048 5049 5048 5050 5051 5050 5052 5053 5052 5081 5054 5081 5082 5081 5054 5053 5056 5012 5059 5056 5059 5075 5058 5012 5011 5060 5011 5013 5063 5013 5014 5064 5014 5016 5065 5016 5033 5066 5033 5035 5074 5035 5049 5073 5049 5051 5077 5051 5053 5076 5053 5055 5067 5075 5059 5017 5059 5058 5020 5058 5060 5022 5060 5063 5024 5063 5064 5026 5064 5065 5028 5065 5066 5030 5066 5074 5036 5074 5073 5070 5073 5077 5071 5070 5077 5071 5077 5076 5068 5040 5042 5040 5068 5067 5019 5067 5017 5018 5017 5020 5021 5020 5022 5023 5022 5024 5025 5024 5026 5027 5026 5028 5029 5028 5030 5031 5030 5036 5037 5036 5070 5038 5070 5072 5070 5038 5037 5041 5040 5044 5041 5044 5083 5043 5040 5019 5045 5019 5018 5046 5018 5021 5047 5021 5023 5061 5023 5025 5084 5025 5027 5085 5027 5029 5086 5029 5031 5087 5031 5037 5088 5037 5039 5089 5083 5044 5090 5044 5043 5091 5043 5045 5092 5045 5046 5093 5046 5047 5094 5047 5061 5095 5061 5084 5096 5084 5085 5097 5085 5086 5098 5086 5087 5099 5087 5088 5100 5101 5102 5101 5100 5089 5103 5089 5090 5104 5090 5091 5105 5091 5092 5106 5092 5093 5107 5093 5094 5108 5094 5095 5109 5095 5096 5110 5096 5097 5111 5097 5098 5112 5111 5098 5112 5098 5099 5113 5101 5114 5113 5114 5115 5116 5101 5103 5117 5107 5108 5118 5108 5109 5119 5109 5110 5120 5110 5111 5121 5111 5122 5111 5121 5120 5123 5115 5114 5124 5114 5116 5125 5118 5119 5126 5119 5120 5127 5120 5128 5129 5130 5131 5130 5129 5123 5132 5123 5124 5133 5134 5125 5135 5125 5126 5136 5135 5126 5136 5126 5127 5137 5138 5139 5138 5137 5130 5140 5130 5132 5141 5142 5133 5143 5133 5135 5144 5135 5145 5135 5144 5143 5146 5138 5147 5146 5147 5148 5149 5138 5140 5150 5151 5141 5152 5141 5143 5153 5143 5154 5143 5153 5152 5155 5148 5147 5156 5147 5149 5157 5158 5150 5159 5150 5152 5160 5152 5161 5162 5163 5164 5163 5162 5155 5165 5155 5156 5166 5167 5168 5169 5168 5170 5171 5170 5157 5172 5157 5159 5173 5172 5159 5173 5159 5160 5174 5163 5175 5174 5175 5176 5177 5163 5165 5178 5165 5179 5180 5179 5181 5182 5181 5183 5184 5183 5185 5186 5185 5166 5187 5166 5169 5188 5169 5171 5189 5171 5172 5190 5172 5191 5172 5190 5189 5192 5176 5175 5193 5175 5177 5194 5177 5178 5195 5178 5180 5196 5180 5182 5197 5182 5184 5198 5184 5186 5199 5186 5187 5200 5187 5188 5201 5188 5189 5202 5189 5203 5204 5205 5206 5205 5204 5192 5207 5192 5193 5208 5193 5194 5209 5194 5195 5210 5195 5196 5211 5196 5197 5212 5197 5198 5213 5198 5199 5214 5199 5200 5215 5200 5201 5216 5201 5202 5217 5205 5218 5217 5218 5219 5220 5205 5207 5221 5207 5208 5222 5208 5209 5223 5209 5210 5224 5210 5211 5225 5211 5212 5226 5212 5213 5227 5213 5214 5228 5214 5215 5229 5228 5215 5229 5215 5216 5230 5219 5218 5231 5218 5220 5232 5220 5221 5233 5221 5222 5234 5222 5223 5235 5223 5224 5236 5224 5225 5237 5225 5226 5238 5226 5227 5239 5227 5228 5240 5228 5241 5228 5240 5239 5242 5243 5244 5243 5242 5230 5245 5230 5231 5246 5231 5232 5247 5232 5233 5248 5233 5234 5249 5234 5235 5250 5235 5236 5251 5236 5237 5252 5237 5238 5253 5238 5239 5254 5239 5255 5256 5243 5257 5256 5257 5258 5259 5243 5245 5260 5245 5246 5261 5246 5247 5262 5247 5248 5263 5248 5249 5264 5249 5250 5265 5250 5251 5266 5251 5252 5267 5252 5253 5268 5267 5253 5268 5253 5254 5269 5258 5257 5270 5257 5259 5271 5259 5260 5272 5273 5274 5273 5272 5269 5275 5269 5270 5276 5270 5271 5277 5271 5278 5279 5280 5281 5280 5279 5273 5282 5273 5275 5283 5275 5276 5284 5276 5277 5285 5277 5286 5287 5286 5288 5079 5281 5280 4978 5280 5282 4981 5282 5283 4983 5283 5284 5078 5284 5285 4985 5285 5287 4988 5287 5289 5080 5289 5290 5291 5267 5292 5293 5266 5267 5294 5265 5266 5295 5264 5265 5296 5263 5264 5297 5262 5263 5298 5261 5262 5299 5271 5300 5300 5271 5260 5300 5261 5301 5261 5300 5260 5302 5277 5278 5277 5302 5286 5303 5287 5304 5304 5287 5288 5305 5289 5303 5306 5080 5290 5306 5290 5307 5308 5306 5309 5310 5311 5308 5312 4989 5080 5312 5080 5311 5313 4986 4989 5314 4987 4986 4987 5314 5315 5316 4997 4998 5317 4996 4997 5318 5015 5009 5319 5003 5004 5003 5319 5318 5003 5318 5009 5032 5320 5321 5034 5321 5322 5048 5322 5323 5050 5323 5324 5052 5324 5325 5081 5325 5326 5082 5326 5327 5328 5117 5329 5330 5106 5107 5330 5107 5331 5332 5106 5333 5334 5104 5105 5334 5105 5332 5335 5104 5336 5104 5335 5103 5337 5124 5116 5337 5116 5335 5338 5132 5124 5338 5124 5339 5340 5140 5132 5340 5132 5341 5342 5140 5343 5140 5342 5149 5344 5149 5345 5149 5344 5156 5346 5179 5165 5346 5165 5156 5347 5179 5348 5349 5183 5181 5349 5181 5347 5350 5183 5351 5183 5350 5185 5352 5168 5167 5353 5158 5170 5353 5168 5354 5168 5353 5170 5355 5158 5356 5158 5355 5151 5357 5142 5151 5357 5151 5358 5359 5134 5142 5359 5142 5360 5134 5359 5361 5362 5117 5118 5363 5118 5134 5363 5134 5364 5118 5363 5362 5117 5362 5329 5134 5361 5364 5142 5357 5360 5151 5355 5358 5158 5353 5356 5168 5352 5354 5350 5352 5167 5185 5350 5167 5183 5349 5351 5179 5347 5181 5179 5346 5348 5156 5344 5346 5149 5342 5345 5140 5340 5343 5132 5338 5341 5124 5337 5339 5103 5335 5116 5104 5334 5336 5106 5332 5105 5106 5330 5333 5328 5330 5331 5117 5328 5331 5326 5082 5081 5325 5081 5052 5324 5052 5050 5323 5050 5048 5322 5048 5034 5321 5034 5032 5320 5032 5015 5015 5318 5320 5317 5319 5004 4996 5317 5004 4997 5316 5317 5315 5316 4998 4987 5315 4998 4986 5313 5314 5365 5313 4989 4989 5312 5365 5311 5310 5312 5308 5309 5310 5306 5308 5311 5080 5306 5311 5305 5307 5290 5289 5305 5290 5287 5303 5289 5302 5304 5288 5286 5302 5288 5302 5278 5366 5299 5366 5278 5271 5299 5278 5261 5298 5301 5262 5297 5298 5263 5296 5297 5264 5295 5296 5265 5294 5295 5266 5293 5294 5267 5291 5293 5289 5080 4988 5287 4988 4985 5285 4985 5078 5284 5078 4983 5283 4983 4981 5282 4981 4978 5280 4978 5079 5281 5079 5062 5286 5287 5285 5277 5285 5284 5276 5284 5283 5275 5283 5282 5273 5282 5280 5273 5279 5274 5271 5277 5276 5270 5276 5275 5269 5275 5273 5269 5272 5367 5259 5271 5270 5257 5270 5269 5258 5269 5367 5267 5268 5292 5252 5267 5266 5251 5266 5265 5250 5265 5264 5249 5264 5263 5248 5263 5262 5247 5262 5261 5246 5261 5260 5245 5260 5259 5243 5259 5257 5243 5256 5244 5239 5254 5253 5238 5253 5252 5237 5252 5251 5236 5251 5250 5235 5250 5249 5234 5249 5248 5233 5248 5247 5232 5247 5246 5231 5246 5245 5230 5245 5243 5230 5242 5368 5239 5240 5255 5227 5239 5238 5226 5238 5237 5225 5237 5236 5224 5236 5235 5223 5235 5234 5222 5234 5233 5221 5233 5232 5220 5232 5231 5218 5231 5230 5219 5230 5368 5228 5229 5241 5214 5228 5227 5213 5227 5226 5212 5226 5225 5211 5225 5224 5210 5224 5223 5209 5223 5222 5208 5222 5221 5207 5221 5220 5205 5220 5218 5205 5217 5206 5201 5216 5215 5200 5215 5214 5199 5214 5213 5198 5213 5212 5197 5212 5211 5196 5211 5210 5195 5210 5209 5194 5209 5208 5193 5208 5207 5192 5207 5205 5192 5204 5369 5189 5202 5201 5188 5201 5200 5187 5200 5199 5186 5199 5198 5184 5198 5197 5182 5197 5196 5180 5196 5195 5178 5195 5194 5177 5194 5193 5175 5193 5192 5176 5192 5369 5189 5190 5203 5171 5189 5188 5169 5188 5187 5166 5187 5186 5185 5186 5184 5183 5184 5182 5181 5182 5180 5179 5180 5178 5165 5178 5177 5163 5177 5175 5163 5174 5164 5172 5173 5191 5157 5172 5171 5170 5171 5169 5168 5169 5166 5167 5166 5185 5155 5165 5163 5155 5162 5370 5152 5160 5159 5150 5159 5157 5158 5157 5170 5147 5156 5155 5148 5155 5370 5152 5153 5161 5141 5152 5150 5151 5150 5158 5138 5149 5147 5138 5146 5139 5143 5144 5154 5133 5143 5141 5142 5141 5151 5130 5140 5138 5130 5137 5131 5135 5136 5145 5125 5135 5133 5134 5133 5142 5123 5132 5130 5123 5129 5371 5120 5127 5126 5119 5126 5125 5118 5125 5134 5114 5124 5123 5115 5123 5371 5120 5121 5128 5110 5120 5119 5109 5119 5118 5108 5118 5117 5107 5117 5331 5101 5116 5114 5101 5113 5102 5111 5112 5122 5097 5111 5110 5096 5110 5109 5095 5109 5108 5094 5108 5107 5093 5107 5106 5092 5106 5105 5091 5105 5104 5090 5104 5103 5089 5103 5101 5089 5100 5372 5087 5099 5098 5086 5098 5097 5085 5097 5096 5084 5096 5095 5061 5095 5094 5047 5094 5093 5046 5093 5092 5045 5092 5091 5043 5091 5090 5044 5090 5089 5083 5089 5372 5037 5088 5087 5031 5087 5086 5029 5086 5085 5027 5085 5084 5025 5084 5061 5079 4980 4990 5373 5374 5375 5373 5375 5376 5377 5374 5378 5378 5374 5379 5374 5377 5380 5381 5380 5382 5380 5381 5383 5384 5385 5383 5384 5383 5386 5387 5385 5388 5385 5387 5389 5390 5391 5389 5390 5389 5392 5393 5394 5395 5374 5373 5379 5380 5377 5382 5383 5381 5386 5385 5384 5388 5389 5387 5392 5391 5390 5394 5396 5397 5398 5399 5400 5401 5402 5403 5404 5405 5406 5407 5408 5409 5410 5411 5412 5413 5414 5415 5416 5417 5418 5419 5420 5421 5417 5422 5423 5424 5425 5423 5422 5423 5425 5426 5420 5417 5419 5425 5427 5426 5427 5425 5421 5421 5420 5427 5418 5414 5416 5418 5417 5414 5411 5415 5414 5415 5411 5413 5412 5408 5410 5412 5411 5408 5405 5409 5408 5409 5405 5407 5428 5402 5404 5402 5406 5405 5406 5402 5428 5403 5399 5401 5403 5402 5399 5396 5400 5399 5400 5396 5398 5394 5393 5391 5393 5397 5396 5397 5393 5395 5429 5430 5431 5429 5432 5433 5433 5434 5435 5435 5436 5437 5437 5438 5439 5439 5440 5441 5441 5442 5443 5443 5444 5445 5445 5446 5447 5447 5448 5449 5449 5450 5451 5452 5429 5453 5453 5433 5454 5454 5435 5455 5455 5437 5456 5456 5439 5457 5457 5441 5458 5458 5443 5459 5459 5445 5460 5460 5447 5461 5461 5449 5462 5462 5451 5463 5453 5464 5452 5465 5454 5466 5466 5455 5467 5467 5456 5468 5468 5457 5469 5469 5458 5470 5470 5459 5471 5471 5460 5472 5472 5461 5473 5473 5462 5474 5474 5475 5476 5465 5477 5478 5479 5466 5480 5480 5467 5481 5481 5468 5482 5482 5469 5483 5483 5470 5484 5484 5471 5485 5485 5472 5486 5486 5473 5487 5487 5474 5488 5488 5489 5490 5491 5479 5492 5492 5480 5493 5494 5487 5495 5495 5488 5496 5496 5497 5498 5499 5492 5500 5500 5493 5501 5502 5495 5503 5503 5496 5504 5504 5498 5505 5500 5506 5499 5436 5507 5438 5508 5503 5509 5509 5504 5510 5510 5511 5512 5513 5514 5515 5516 5517 5518 5519 5509 5520 5520 5510 5521 5521 5522 5523 5524 5516 5525 5525 5518 5526 5527 5520 5528 5528 5521 5529 5529 5523 5530 5531 5525 5532 5532 5526 5533 5534 5528 5535 5535 5529 5536 5529 5537 5536 5532 5538 5531 5539 5533 5540 5540 5541 5542 5542 5543 5544 5544 5545 5546 5546 5547 5548 5548 5549 5550 5550 5534 5551 5551 5535 5552 5552 5536 5553 5553 5554 5555 5539 5556 5557 5558 5540 5559 5559 5542 5560 5560 5544 5561 5561 5546 5562 5562 5548 5563 5563 5550 5564 5564 5551 5565 5434 5566 5436 5567 5553 5568 5568 5569 5570 5571 5558 5572 5572 5559 5573 5573 5560 5574 5574 5561 5575 5575 5562 5576 5576 5563 5577 5577 5564 5578 5578 5565 5579 5579 5567 5580 5580 5568 5581 5581 5570 5582 5572 5583 5571 5584 5573 5585 5585 5574 5586 5586 5575 5587 5587 5576 5588 5588 5577 5589 5589 5578 5590 5590 5579 5591 5591 5580 5592 5592 5581 5593 5593 5594 5595 5584 5596 5597 5598 5585 5599 5599 5586 5600 5600 5587 5601 5601 5588 5602 5602 5589 5603 5603 5590 5604 5604 5591 5605 5605 5592 5606 5606 5593 5607 5598 5608 5609 5610 5599 5611 5611 5600 5612 5612 5601 5613 5613 5602 5614 5614 5603 5615 5615 5604 5616 5616 5605 5617 5617 5606 5618 5446 5619 5448 5620 5610 5621 5621 5611 5622 5622 5612 5623 5623 5613 5624 5624 5614 5625 5625 5615 5626 5626 5616 5627 5627 5617 5628 5628 5618 5629 5432 5630 5434 5629 5631 5632 5621 5633 5620 5634 5622 5635 5635 5623 5636 5636 5624 5637 5637 5625 5638 5638 5626 5639 5639 5627 5640 5640 5628 5641 5641 5629 5642 5634 5643 5644 5645 5635 5646 5646 5636 5647 5647 5637 5648 5648 5638 5649 5650 5641 5651 5651 5642 5652 5653 5645 5654 5654 5646 5655 5655 5647 5656 5656 5648 5657 5657 5649 5658 5658 5659 5660 5660 5650 5661 5661 5651 5662 5662 5652 5663 5664 5654 5665 5665 5655 5666 5666 5656 5667 5667 5657 5668 5668 5658 5669 5669 5660 5670 5670 5661 5671 5671 5662 5672 5665 5673 5664 5674 5666 5675 5675 5667 5676 5676 5668 5677 5677 5669 5678 5678 5670 5679 5679 5671 5680 5680 5672 5681 5682 5683 5684 5685 5686 5687 5639 5688 5689 5649 5690 5659 5652 5691 5663 5691 5692 5663 5672 5692 5693 5681 5694 5695 5696 5697 5698 5699 5700 5701 5700 5702 5701 5703 5704 5705 5706 5707 5708 5709 5710 5711 5710 5712 5711 5713 5714 5715 5619 5715 5716 5717 5718 5719 5607 5720 5721 5631 5722 5723 5631 5724 5632 5724 5725 5632 5629 5726 5642 5431 5727 5432 5728 5729 5730 5731 5713 5619 5732 5733 5731 5734 5735 5732 5736 5737 5734 5507 5738 5736 5566 5739 5507 5630 5740 5566 5727 5741 5630 5728 5742 5727 5743 5744 5745 5733 5711 5713 5735 5709 5733 5737 5746 5735 5738 5747 5737 5739 5748 5738 5740 5749 5739 5741 5750 5740 5742 5751 5741 5743 5752 5742 5745 5753 5743 5746 5706 5709 5747 5754 5746 5748 5755 5747 5749 5685 5748 5750 5756 5749 5751 5757 5750 5752 5758 5751 5753 5759 5752 5760 5761 5762 5754 5703 5706 5755 5763 5754 5757 5764 5756 5758 5765 5757 5759 5766 5758 5760 5767 5759 5768 5769 5770 5763 5701 5703 5682 5699 5763 5684 5771 5682 5764 5772 5684 5765 5773 5764 5766 5774 5765 5767 5775 5766 5768 5776 5767 5770 5777 5768 5771 5696 5699 5772 5778 5771 5773 5779 5772 5774 5780 5773 5775 5781 5774 5776 5782 5775 5777 5783 5776 5784 5785 5777 5778 5681 5696 5779 5680 5778 5780 5679 5779 5781 5678 5780 5782 5677 5781 5783 5676 5782 5785 5675 5783 5674 5786 5787 5444 5731 5446 5442 5732 5444 5440 5734 5442 5618 5607 5631 5438 5736 5440 5565 5552 5567 5513 5501 5517 5618 5628 5617 5617 5627 5616 5616 5626 5615 5615 5625 5614 5614 5624 5613 5613 5623 5612 5612 5622 5611 5611 5621 5610 5610 5620 5788 5607 5618 5606 5606 5617 5605 5605 5616 5604 5604 5615 5603 5603 5614 5602 5602 5613 5601 5601 5612 5600 5600 5611 5599 5599 5610 5598 5608 5610 5788 5608 5598 5610 5593 5606 5592 5592 5605 5591 5591 5604 5590 5590 5603 5589 5589 5602 5588 5588 5601 5587 5587 5600 5586 5586 5599 5585 5585 5598 5584 5598 5596 5584 5596 5598 5609 5594 5581 5582 5594 5593 5581 5581 5592 5580 5580 5591 5579 5579 5590 5578 5578 5589 5577 5577 5588 5576 5576 5587 5575 5575 5586 5574 5574 5585 5573 5573 5584 5572 5572 5597 5583 5597 5572 5584 5570 5581 5568 5568 5580 5567 5567 5579 5565 5565 5578 5564 5564 5577 5563 5563 5576 5562 5562 5575 5561 5561 5574 5560 5560 5573 5559 5559 5572 5558 5558 5571 5789 5553 5569 5568 5569 5553 5555 5553 5567 5552 5552 5565 5551 5551 5564 5550 5550 5563 5548 5548 5562 5546 5546 5561 5544 5544 5560 5542 5542 5559 5540 5540 5558 5539 5556 5558 5789 5556 5539 5558 5554 5536 5537 5554 5553 5536 5536 5552 5535 5535 5551 5534 5534 5550 5549 5549 5548 5547 5547 5546 5545 5545 5544 5543 5543 5542 5541 5541 5540 5533 5533 5539 5532 5539 5538 5532 5538 5539 5557 5790 5529 5530 5537 5529 5790 5529 5535 5528 5528 5534 5527 5526 5532 5525 5525 5531 5524 5523 5529 5521 5521 5528 5520 5520 5527 5519 5518 5525 5516 5516 5524 5791 5510 5522 5521 5522 5510 5512 5510 5520 5509 5509 5519 5508 5517 5516 5513 5514 5516 5791 5514 5513 5516 5511 5504 5505 5511 5510 5504 5504 5509 5503 5503 5508 5502 5501 5513 5500 5513 5506 5500 5506 5513 5515 5498 5504 5496 5496 5503 5495 5495 5502 5494 5493 5500 5492 5492 5499 5491 5496 5490 5497 5490 5496 5488 5488 5495 5487 5487 5494 5486 5480 5492 5479 5479 5491 5792 5474 5489 5488 5489 5474 5476 5474 5487 5473 5473 5486 5472 5472 5485 5471 5471 5484 5470 5470 5483 5469 5469 5482 5468 5468 5481 5467 5467 5480 5466 5466 5479 5465 5477 5479 5792 5477 5465 5479 5475 5462 5463 5475 5474 5462 5462 5473 5461 5461 5472 5460 5460 5471 5459 5459 5470 5458 5458 5469 5457 5457 5468 5456 5456 5467 5455 5455 5466 5454 5454 5465 5453 5465 5464 5453 5464 5465 5478 5451 5462 5449 5449 5461 5447 5447 5460 5445 5445 5459 5443 5443 5458 5441 5441 5457 5439 5439 5456 5437 5437 5455 5435 5435 5454 5433 5631 5629 5618 5433 5453 5429 5429 5452 5793 5448 5450 5449 5652 5794 5795 5519 5796 5797 5508 5798 5799 5502 5800 5801 5494 5802 5803 5485 5804 5805 5806 5485 5805 5807 5484 5806 5808 5483 5807 5809 5482 5808 5480 5810 5493 5493 5811 5501 5517 5812 5813 5518 5814 5815 5526 5816 5817 5541 5818 5819 5541 5820 5543 5543 5821 5545 5545 5822 5547 5547 5823 5549 5527 5824 5825 5549 5824 5534 5824 5549 5823 5824 5527 5534 5823 5547 5822 5822 5545 5821 5821 5543 5820 5820 5541 5819 5533 5826 5818 5526 5826 5533 5826 5526 5817 5818 5541 5533 5816 5518 5815 5816 5526 5518 5814 5517 5813 5814 5518 5517 5812 5501 5811 5812 5517 5501 5827 5493 5810 5811 5493 5827 5481 5828 5480 5828 5481 5809 5450 5448 5717 5448 5447 5446 5446 5445 5444 5444 5443 5442 5442 5441 5440 5440 5439 5438 5438 5437 5436 5436 5435 5434 5434 5433 5432 5432 5429 5431 5829 5429 5793 5430 5429 5829 5619 5446 5731 5731 5444 5732 5732 5442 5734 5734 5440 5736 5736 5438 5507 5507 5436 5566 5566 5434 5630 5630 5432 5727 5727 5431 5728 5729 5431 5430 5729 5728 5431 5713 5731 5733 5733 5732 5735 5735 5734 5737 5737 5736 5738 5738 5507 5739 5739 5566 5740 5740 5630 5741 5741 5727 5742 5742 5728 5743 5728 5744 5743 5744 5728 5730 5711 5733 5709 5709 5735 5746 5746 5737 5747 5747 5738 5748 5748 5739 5749 5749 5740 5750 5750 5741 5751 5751 5742 5752 5752 5743 5753 5753 5745 5830 5706 5746 5754 5754 5747 5755 5755 5748 5685 5685 5749 5756 5756 5750 5757 5757 5751 5758 5758 5752 5759 5759 5753 5760 5761 5753 5830 5761 5760 5753 5703 5754 5763 5763 5755 5682 5764 5757 5765 5765 5758 5766 5766 5759 5767 5767 5760 5768 5769 5760 5762 5769 5768 5760 5701 5763 5699 5699 5682 5771 5771 5684 5772 5772 5764 5773 5773 5765 5774 5774 5766 5775 5775 5767 5776 5776 5768 5777 5777 5770 5784 5696 5771 5778 5778 5772 5779 5779 5773 5780 5780 5774 5781 5781 5775 5782 5782 5776 5783 5783 5777 5785 5785 5784 5831 5681 5778 5680 5680 5779 5679 5679 5780 5678 5678 5781 5677 5677 5782 5676 5676 5783 5675 5675 5785 5674 5786 5785 5831 5786 5674 5785 5633 5634 5644 5634 5633 5621 5622 5634 5621 5623 5635 5622 5624 5636 5623 5625 5637 5624 5626 5638 5625 5627 5639 5626 5628 5640 5627 5629 5641 5628 5643 5645 5832 5645 5643 5634 5635 5645 5634 5636 5646 5635 5637 5647 5636 5638 5648 5637 5641 5650 5640 5642 5651 5641 5645 5653 5832 5646 5654 5645 5647 5655 5646 5648 5656 5647 5649 5657 5648 5659 5658 5649 5650 5660 5659 5651 5661 5650 5652 5662 5651 5654 5664 5653 5655 5665 5654 5656 5666 5655 5657 5667 5656 5658 5668 5657 5660 5669 5658 5661 5670 5660 5662 5671 5661 5673 5674 5787 5674 5673 5665 5666 5674 5665 5667 5675 5666 5668 5676 5667 5669 5677 5668 5670 5678 5669 5671 5679 5670 5672 5680 5671 5683 5682 5833 5833 5682 5755 5833 5685 5687 5685 5833 5755 5686 5685 5756 5683 5764 5684 5764 5683 5686 5764 5686 5756 5688 5639 5640 5690 5650 5659 5650 5690 5688 5650 5688 5640 5690 5649 5834 5834 5649 5638 5834 5639 5689 5639 5834 5638 5691 5652 5835 5835 5652 5795 5692 5672 5662 5692 5662 5663 5694 5681 5672 5694 5672 5693 5697 5681 5695 5681 5697 5696 5700 5696 5698 5696 5700 5699 5702 5703 5701 5703 5702 5704 5707 5836 5705 5836 5707 5706 5836 5706 5703 5836 5703 5705 5710 5706 5708 5706 5710 5709 5712 5713 5711 5713 5712 5714 5715 5619 5713 5718 5717 5837 5838 5717 5448 5717 5838 5837 5838 5619 5716 5619 5838 5448 5720 5607 5593 5839 5593 5595 5840 5595 5841 5842 5595 5843 5595 5842 5841 5595 5840 5844 5595 5844 5839 5593 5839 5720 5722 5631 5607 5722 5607 5721 5724 5631 5723 5726 5629 5725 5725 5629 5632 5845 5794 5642 5845 5642 5726 5794 5845 5795 5642 5794 5652 5796 5527 5825 5527 5796 5519 5798 5508 5519 5798 5519 5797 5800 5502 5508 5800 5508 5799 5802 5502 5801 5810 5480 5828 5482 5809 5481 5483 5808 5482 5484 5807 5483 5485 5806 5484 5486 5846 5804 5846 5494 5803 5846 5486 5494 5804 5485 5486 5502 5802 5494 5847 5848 5849 5850 5851 5852 5853 5850 5854 5855 5851 5856 5855 5856 5857 5858 5859 5860 5859 5858 5856 5861 5859 5848 5861 5848 5862 5863 5864 5865 5865 5864 5866 5867 5864 5868 5867 5868 5869 5870 5862 5871 5862 5870 5868 5868 5870 5869 5864 5867 5872 5864 5872 5866 5871 5862 5873 5847 5862 5848 5849 5848 5874 5862 5847 5875 5876 5848 5877 5877 5878 5879 5879 5878 5880 5878 5877 5848 5848 5876 5881 5848 5881 5874 5882 5878 5863 5878 5882 5883 5878 5883 5880 5862 5875 5873 5884 5885 5886 5885 5884 5878 5887 5885 5888 5887 5888 5889 5890 5891 5892 5891 5890 5888 5893 5894 5895 5894 5893 5891 5853 5854 5896 5851 5855 5852 5856 5858 5857 5859 5861 5860 5864 5863 5878 5878 5884 5864 5885 5887 5886 5888 5890 5889 5891 5893 5892 5897 5898 5899 5900 5901 5902 5903 5904 5905 5906 5907 5908 5909 5910 5911 5911 5912 5909 5913 5914 5915 5916 5917 5918 5919 5920 5921 5922 5923 5924 5925 5926 5927 5928 5929 5930 5931 5932 5933 5853 5934 5935 5936 5937 5938 5928 5937 5936 5937 5928 5930 5939 5936 5938 5936 5939 5896 5853 5940 5934 5896 5941 5853 5942 5896 5939 5941 5896 5942 5940 5853 5941 5931 5935 5932 5935 5931 5853 5943 5944 5945 5946 5947 5948 5931 5947 5946 5949 5931 5933 5947 5931 5949 5950 5946 5948 5943 5951 5944 5951 5946 5950 5951 5943 5946 5945 5952 5943 5952 5945 5953 5929 5952 5953 5929 5928 5952 5954 5955 5956 5922 5957 5894 5958 5922 5924 5957 5922 5958 5959 5894 5957 5956 5960 5954 5894 5961 5962 5961 5894 5959 5956 5962 5960 5962 5956 5894 5955 5954 5963 5955 5926 5925 5926 5955 5963 5897 5964 5965 5966 5967 5968 5967 5969 5968 5925 5969 5967 5969 5925 5927 5967 5966 5899 5970 5899 5966 5897 5971 5964 5899 5971 5897 5971 5899 5970 5972 5897 5965 5922 5972 5923 5972 5922 5897 5973 5946 5943 5946 5920 5919 5920 5946 5973 5919 5917 5916 5917 5919 5921 5914 5916 5918 5914 5913 5916 5913 5912 5911 5912 5913 5915 5974 5975 5976 5911 5977 5978 5911 5979 5977 5979 5911 5910 5980 5981 5982 5980 5983 5981 5911 5984 5980 5985 5911 5978 5984 5911 5985 5983 5980 5984 5974 5986 5975 5987 5980 5982 5986 5980 5987 5986 5974 5980 5988 5974 5976 5909 5989 5990 5909 5991 5989 5992 5993 5994 5974 5993 5992 5993 5974 5988 5991 5992 5994 5991 5909 5992 5995 5909 5990 5910 5909 5995 5907 5980 5974 5907 5906 5980 5906 5904 5903 5904 5906 5908 5901 5903 5905 5901 5900 5903 5897 5996 5898 5996 5900 5902 5996 5897 5900 5895 5894 5956 5850 5853 5851 5997 5998 5999 6000 6001 6002 6003 6004 6005 6006 6007 6008 6009 6010 6011 6011 6012 6013 6014 6015 6016 6001 6000 5998 6017 6002 6018 6019 6018 6020 6005 6008 6003 6021 6022 6023 6024 6023 6025 6009 6025 6026 6012 6011 6010 6013 6027 6028 6016 5999 6014 6018 6019 6017 6022 6021 6007 6025 6009 6024 6027 6013 6012 6002 6017 6000 6023 6024 6021 6029 6028 6027 6010 6009 6026 6030 6019 6020 6015 6031 6029 6028 6029 6031 6007 6006 6022 6008 6005 6006 6004 6032 6033 6034 6035 6030 5998 5997 6001 5999 6016 5997 6031 6015 6014 6032 6004 6003 6033 6036 6037 6019 6030 6035 6036 6033 6032 6037 6038 6034 6038 6037 6036 6035 6034 6038 6039 6040 6041 6042 6043 6044 6040 6043 6042 6040 6039 6043 6045 6046 6039 6046 6045 6047 6048 6047 6049 6047 6048 6046 6050 6051 6052 6051 6050 6053 6054 6052 6055 6056 6054 6057 6054 6056 6052 6056 6058 6059 6058 6056 6060 6061 6043 6039 6061 6062 6043 6062 6063 6064 6065 6062 6066 6067 6068 6069 6063 6062 6065 6070 6064 6071 6070 6072 6064 6073 6074 6075 6074 6076 6077 6074 6073 6076 6073 6078 6079 6078 6073 6080 6067 6081 6068 6081 6079 6082 6081 6067 6079 6083 6084 6085 6084 6086 6087 6086 6084 6083 6088 6087 6089 6088 6090 6087 6091 6090 6092 6090 6093 6094 6093 6090 6091 6095 6096 6097 6094 6093 6098 6090 6088 6092 6087 6086 6089 6079 6078 6082 6073 6075 6080 6072 6070 6099 6064 6063 6071 6062 6061 6066 6059 6058 6100 6056 6057 6060 6052 6051 6055 6048 6049 6101 6096 6102 6103 6104 6105 6106 6107 6108 6109 6110 6111 6112 6113 6114 6115 6116 6117 6118 6119 6120 6121 6072 6122 6123 6124 6125 6126 6127 6128 6125 6116 6128 6127 6128 6116 6118 6124 6126 6099 6125 6124 6127 6072 6129 6122 6099 6130 6072 6131 6099 6126 6130 6099 6131 6129 6072 6130 6119 6123 6120 6123 6119 6072 6119 6132 6076 6133 6119 6121 6132 6119 6133 6134 6135 6077 6077 6136 6134 6137 6076 6132 6076 6138 6139 6138 6076 6137 6077 6139 6136 6139 6077 6076 6135 6134 6140 6135 6117 6116 6117 6135 6140 6094 6141 6142 6143 6144 6145 6144 6110 6112 6144 6143 6110 6146 6143 6145 6143 6146 6098 6094 6147 6141 6098 6148 6094 6149 6098 6146 6148 6098 6149 6147 6094 6148 6113 6142 6114 6142 6113 6094 6053 6150 6151 6050 6152 6153 6113 6152 6050 6154 6113 6115 6152 6113 6154 6053 6155 6150 6156 6050 6153 6155 6050 6156 6155 6053 6050 6151 6157 6053 6157 6158 6159 6158 6157 6151 6111 6159 6158 6111 6110 6159 6067 6160 6161 6162 6163 6164 6104 6163 6162 6163 6104 6106 6165 6162 6164 6162 6165 6069 6067 6166 6160 6069 6167 6067 6168 6069 6165 6167 6069 6168 6166 6067 6167 6107 6161 6108 6161 6107 6067 6085 6169 6170 6084 6171 6172 6107 6171 6084 6173 6107 6109 6171 6107 6173 6085 6174 6169 6175 6084 6172 6174 6084 6175 6174 6085 6084 6170 6176 6085 6176 6170 6177 6105 6176 6177 6105 6104 6176 6059 6178 6179 6048 6180 6181 6182 6048 6101 6180 6048 6182 6183 6181 6180 6181 6183 6100 6059 6184 6178 6100 6185 6059 6186 6100 6183 6185 6100 6186 6184 6059 6185 6096 6179 6102 6179 6096 6059 6039 6041 6045 6043 6095 6044 6096 6095 6043 6097 6096 6103 6187 6188 6189 6190 6191 6187 6191 6190 6192 6193 6192 6190 6194 6195 6196 6196 6197 6193 6197 6196 6195 6198 6199 6200 6194 6200 6201 6200 6194 6198 6202 6203 6199 6204 6205 6203 6206 6207 6205 6207 6206 6208 6209 6207 6208 6210 6211 6209 6211 6210 6212 6213 6212 6210 6214 6215 6216 6216 6217 6213 6217 6216 6215 6218 6219 6220 6214 6220 6221 6220 6214 6218 6222 6223 6219 6224 6225 6223 6226 6188 6225 6188 6226 6189 6225 6224 6226 6223 6222 6224 6219 6218 6222 6215 6214 6221 6212 6213 6217 6207 6209 6211 6205 6204 6206 6203 6202 6204 6199 6198 6202 6195 6194 6201 6192 6193 6197 6188 6187 6191 6227 6228 6229 6230 6229 6231 6229 6230 6227 6232 6233 6228 6234 6235 6233 6236 6237 6235 6237 6236 6238 6239 6237 6238 6240 6241 6239 6241 6240 6242 6243 6242 6240 6244 6245 6246 6246 6247 6243 6247 6246 6245 6248 6249 6250 6244 6250 6251 6233 6232 6234 6235 6234 6236 6237 6239 6241 6242 6243 6247 6245 6244 6251 6249 6248 6252 6253 6252 6254 6255 6254 6256 6257 6258 6259 6260 6261 6262 6263 6230 6231 6262 6264 6263 6264 6262 6261 6230 6263 6264 6261 6260 6265 6259 6265 6260 6265 6259 6258 6258 6257 6266 6257 6256 6266 6256 6257 6255 6254 6255 6253 6252 6253 6249 6228 6227 6232 6250 6244 6248 6267 6268 6269 6270 6271 6272 6273 6274 6275 6276 6277 6278 6279 6280 6281 6282 6281 6283 6284 6283 6285 6286 6287 6288 6289 6290 6291 6292 6293 6294 6291 6295 6292 6295 6291 6290 6293 6292 6295 6290 6289 6296 6288 6296 6289 6296 6288 6287 6287 6286 6297 6286 6285 6297 6285 6286 6284 6283 6284 6282 6281 6282 6279 6298 6277 6280 6277 6298 6278 6280 6279 6298 6275 6299 6276 6299 6275 6274 6277 6276 6299 6274 6273 6300 6272 6300 6273 6300 6272 6271 6271 6270 6301 6270 6269 6301 6269 6270 6267 6268 6267 6302 6303 6302 6304 6305 6293 6306 6293 6305 6294 6306 6304 6305 6304 6306 6303 6302 6303 6268 6307 6308 6309 6310 6309 6311 6309 6310 6307 6312 6313 6308 6314 6315 6313 6316 6317 6315 6317 6316 6318 6319 6317 6318 6308 6307 6312 6320 6321 6322 6323 6322 6321 6324 6325 6326 6326 6327 6323 6327 6326 6325 6328 6329 6330 6324 6330 6331 6330 6324 6328 6332 6333 6329 6334 6335 6333 6336 6337 6335 6337 6336 6338 6339 6337 6338 6340 6341 6339 6341 6340 6342 6343 6342 6340 6310 6344 6345 6345 6346 6343 6346 6345 6344 6344 6310 6311 6342 6343 6346 6337 6339 6341 6335 6334 6336 6333 6332 6334 6329 6328 6332 6325 6324 6331 6322 6323 6327 6317 6319 6320 6315 6314 6316 6313 6312 6314 6321 6320 6319 6347 6348 6349 6350 6351 6352 6353 6354 6355 6356 6357 6358 6357 6353 6355 6357 6356 6353 6354 6350 6352 6354 6353 6350 6351 6347 6349 6348 6347 6359 6351 6350 6347 6348 6359 6360 6361 6362 6363 6364 6363 6362 6365 6366 6367 6368 6369 6370 6371 6372 6373 6374 6364 6375 6376 6377 6368 6369 6368 6377 6373 6361 6371 6370 6369 6378 6379 6378 6380 6375 6376 6374 6376 6375 6377 6378 6379 6370 6381 6365 6382 6363 6364 6374 6361 6373 6362 6367 6372 6371 6382 6383 6381 6383 6382 6384 6365 6381 6366 6372 6367 6366 6379 6380 6385 6386 6387 6388 6389 6390 6391 6392 6393 6394 6395 6396 6397 6392 6396 6395 6396 6392 6394 6389 6393 6392 6393 6389 6391 6388 6390 6389 6387 6386 6398 6388 6387 6399 6390 6388 6399 6400 6401 6402 6403 6404 6405 6406 6407 6408 6409 6410 6411 6405 6412 6403 6402 6401 6413 6407 6414 6415 6408 6416 6406 6417 6418 6419 6401 6400 6420 6411 6421 6409 6407 6406 6414 6416 6422 6423 6412 6423 6422 6418 6417 6424 6410 6415 6414 6422 6416 6408 6412 6405 6423 6417 6404 6403 6413 6411 6402 6415 6410 6409 6404 6417 6419 6411 6413 6421 6425 6426 6427 6428 6429 6430 6425 6431 6432 6433 6434 6431 6426 6425 6432 6431 6425 6433 6434 6435 6436 6429 6428 6427 6434 6433 6435 6429 6427 6426 6437 6438 6439 6440 6441 6442 6443 6441 6440 6437 6444 6443 6445 6446 6447 6446 6445 6448 6438 6437 6448 6448 6445 6438 6444 6437 6439 6441 6443 6444 6449 6450 6451 6452 6453 6454 6455 6456 6457 6458 6459 6460 6461 6462 6463 6464 6465 6466 6467 6468 6469 6472 6470 6473 6471 6470 6472 6473 6474 6475 6474 6473 6470 6475 6476 6477 6476 6475 6474 6478 6475 6477 6478 6479 6475 6479 6478 6480 6481 6467 6469 6482 6483 6484 6483 6482 6481 6467 6481 6482 6468 6467 6485 6486 6487 6473 6486 6473 6475 6466 6487 6486 6487 6466 6465 6488 6489 6490 6464 6491 6492 6491 6464 6462 6461 6463 6493 6462 6461 6491 6493 6458 6460 6458 6493 6463 6459 6494 6495 6459 6458 6494 6496 6495 6494 6496 6497 6495 6457 6497 6496 6497 6457 6456 6456 6455 6498 6455 6454 6498 6454 6455 6452 6499 6453 6452 6453 6499 6500 6501 6502 6503 6499 6503 6500 6503 6499 6501 6502 6450 6449 6502 6501 6450 6451 6504 6449 6489 6504 6451 6504 6489 6505 6489 6488 6505 6490 6506 6488 6506 6507 6508 6507 6506 6490 6508 6509 6510 6509 6511 6510 6511 6509 6512 6512 6513 6511 6513 6514 6469 6513 6512 6514 6509 6508 6507 6465 6464 6492 6469 6514 6481 6515 6516 6517 6518 6519 6516 6520 6521 6519 6522 6523 6521 6524 6525 6523 6526 6527 6525 6528 6529 6527 6530 6531 6529 6532 6533 6531 6534 6535 6533 6536 6537 6535 6538 6539 6537 6540 6541 6539 6542 6543 6541 6544 6545 6543 6546 6547 6545 6548 6549 6547 6550 6551 6549 6552 6553 6551 6554 6555 6553 6556 6557 6555 6558 6559 6557 6560 6561 6559 6562 6563 6561 6564 6565 6563 6566 6567 6565 6568 6569 6567 6570 6571 6569 6572 6573 6571 6574 6575 6573 6576 6577 6575 6578 6579 6577 6580 6581 6579 6582 6583 6581 6584 6585 6583 6586 6587 6585 6588 6589 6587 6590 6591 6589 6592 6593 6591 6594 6595 6593 6596 6597 6595 6598 6599 6600 6601 6602 6599 6603 6604 6602 6604 6605 6606 6517 6607 6605 6516 6608 6607 6519 6609 6608 6521 6610 6609 6523 6611 6610 6525 6612 6611 6527 6613 6612 6529 6614 6613 6531 6615 6614 6616 6517 6604 6535 6617 6618 6537 6619 6617 6539 6620 6619 6541 6621 6620 6543 6622 6621 6545 6623 6622 6547 6624 6623 6549 6625 6624 6551 6626 6625 6553 6627 6626 6555 6628 6627 6557 6629 6628 6559 6630 6629 6561 6631 6630 6563 6632 6631 6565 6633 6632 6567 6634 6633 6569 6635 6634 6571 6636 6635 6573 6637 6636 6575 6638 6637 6577 6639 6638 6579 6640 6639 6581 6641 6640 6583 6642 6641 6585 6643 6642 6587 6644 6643 6589 6645 6644 6591 6646 6645 6593 6647 6646 6595 6648 6647 6597 6649 6648 6600 6650 6649 6599 6651 6650 6602 6606 6651 6596 6652 6653 6596 6654 6655 6655 6656 6598 6598 6657 6601 6603 6658 6659 6560 6661 6562 6562 6662 6564 6564 6663 6566 6568 6664 6665 6570 6665 6666 6572 6666 6667 6574 6668 6669 6574 6670 6576 6578 6671 6672 6580 6672 6673 6580 6674 6582 6582 6675 6584 6586 6676 6677 6588 6677 6678 6590 6678 6679 6592 6680 6681 6652 6682 6681 6682 6592 6681 6594 6682 6652 6682 6594 6592 6590 6680 6592 6680 6590 6679 6678 6590 6588 6677 6588 6586 6584 6676 6586 6676 6584 6675 6675 6582 6674 6674 6580 6673 6672 6580 6578 6671 6576 6670 6683 6560 6558 6670 6574 6669 6572 6668 6574 6668 6667 6669 6668 6572 6667 6666 6572 6570 6665 6570 6568 6664 6566 6663 6664 6568 6566 6663 6564 6662 6662 6562 6661 6661 6560 6684 6616 6659 6660 6659 6616 6603 6601 6658 6603 6658 6601 6657 6657 6598 6656 6656 6655 6654 6654 6596 6653 6652 6596 6594 6606 6602 6604 6651 6599 6602 6650 6600 6599 6649 6597 6600 6648 6595 6597 6647 6593 6595 6646 6591 6593 6645 6589 6591 6644 6587 6589 6643 6585 6587 6642 6583 6585 6641 6581 6583 6640 6579 6581 6639 6577 6579 6638 6575 6577 6637 6573 6575 6636 6571 6573 6635 6569 6571 6634 6567 6569 6633 6565 6567 6632 6563 6565 6631 6561 6563 6630 6559 6561 6629 6557 6559 6628 6555 6557 6627 6553 6555 6626 6551 6553 6625 6549 6551 6624 6547 6549 6623 6545 6547 6622 6543 6545 6621 6541 6543 6620 6539 6541 6619 6537 6539 6617 6535 6537 6618 6533 6535 6615 6531 6533 6614 6529 6531 6613 6527 6529 6612 6525 6527 6611 6523 6525 6610 6521 6523 6609 6519 6521 6608 6516 6519 6607 6517 6516 6605 6604 6517 6604 6603 6616 6602 6601 6603 6599 6598 6601 6600 6655 6598 6597 6596 6655 6595 6594 6596 6593 6592 6594 6591 6590 6592 6589 6588 6590 6587 6586 6588 6585 6584 6586 6583 6582 6584 6581 6580 6582 6579 6578 6580 6577 6576 6578 6575 6574 6576 6573 6572 6574 6571 6570 6572 6569 6568 6570 6567 6566 6568 6565 6564 6566 6563 6562 6564 6561 6560 6562 6559 6558 6560 6557 6556 6558 6555 6554 6556 6553 6552 6554 6551 6550 6552 6549 6548 6550 6547 6546 6548 6545 6544 6546 6543 6542 6544 6541 6540 6542 6539 6538 6540 6537 6536 6538 6535 6534 6536 6533 6532 6534 6531 6530 6532 6529 6528 6530 6527 6526 6528 6525 6524 6526 6523 6522 6524 6521 6520 6522 6519 6518 6520 6516 6515 6518 6517 6616 6515 6560 6683 6684 6558 6685 6683 6556 6686 6685 6554 6687 6686 6550 6688 6552 6688 6550 6689 6550 6690 6689 6546 6691 6548 6691 6546 6692 6546 6693 6692 6542 6694 6544 6694 6542 6695 6542 6696 6695 6538 6697 6540 6697 6538 6698 6538 6699 6698 6700 6534 6701 6700 6536 6534 6534 6702 6701 6703 6530 6704 6703 6532 6530 6530 6705 6704 6706 6526 6707 6706 6528 6526 6526 6708 6707 6709 6522 6710 6709 6524 6522 6522 6711 6710 6520 6712 6711 6518 6713 6712 6515 6660 6713 6685 6558 6556 6686 6556 6554 6687 6554 6552 6552 6688 6687 6690 6550 6548 6548 6691 6690 6693 6546 6544 6544 6694 6693 6696 6542 6540 6540 6697 6696 6699 6538 6536 6536 6700 6699 6702 6534 6532 6532 6703 6702 6705 6530 6528 6528 6706 6705 6708 6526 6524 6524 6709 6708 6711 6522 6520 6712 6520 6518 6713 6518 6515 6660 6515 6616 6671 6578 6576 6533 6618 6615 6655 6600 6597 6714 6715 6716 6717 6716 6718 6719 6716 6720 6721 6715 6722 6716 6717 6714 6720 6716 6723 6715 6714 6722 6723 6716 6715 6724 6725 6719 6726 6724 6727 6728 6729 6730 6715 6721 6731 6725 6724 6732 6726 6727 6733 6729 6728 6727 6716 6719 6725 6727 6728 6733 6734 6735 6736 6737 6738 6739 6740 6734 6741 6742 6743 6744 6745 6715 6731 6746 6745 6731 6738 6741 6739 6747 6742 6748 6743 6742 6715 6745 6746 6749 6750 6736 6751 6752 6737 6753 6753 6754 6755 6754 6756 6755 6757 6738 6758 6759 6738 6760 6761 6762 6763 6729 6764 6730 6742 6747 6762 6715 6745 6743 6749 6765 6766 6751 6765 6750 6738 6737 6752 6756 6754 6767 6768 6769 6770 6770 6760 6771 6738 6759 6758 6762 6761 6740 6742 6744 6748 6765 6751 6766 6754 6753 6737 6768 6770 6771 6738 6757 6740 6762 6747 6763 6736 6750 6734 6760 6770 6759 6765 6749 6746 6772 6767 6773 6774 6772 6773 6740 6761 6735 6772 6774 6775 6776 6769 6777 6767 6772 6756 6769 6776 6774 6774 6776 6775 6769 6768 6777 6778 6779 6780 6781 6782 6783 6717 6718 6784 6735 6734 6740 6785 6786 6778 6787 6767 6786 6788 6779 6789 6767 6787 6773 6785 6778 6780 6790 6791 6792 6786 6785 6787 6793 6794 6795 6778 6796 6797 6798 6799 6794 6800 6793 6795 6792 6801 6802 6778 6789 6779 6798 6788 6799 6794 6793 6798 6803 6793 6800 6801 6792 6791 6778 6802 6796 6789 6778 6797 6788 6798 6779 6741 6738 6740 6793 6803 6790 6804 6781 6783 6724 6726 6732 6781 6804 6764 6805 6804 6783 6784 6805 6717 6764 6729 6781 6805 6784 6806 6804 6805 6806 6782 6781 6807 6782 6790 6792 6790 6782 6807 6802 6778 6792 6791 6790 6803 6808 6809 6810 6811 6812 6813 6814 6815 6816 6817 6818 6819 6820 6821 6822 6823 6824 6825 6826 6827 6828 6829 6830 6831 6832 6833 6834 6835 6836 6837 6838 6839 6840 6841 6842 6843 6844 6845 6846 6847 6848 6849 6850 6851 6852 6853 6854 6855 6856 6857 6858 6859 6860 6861 6862 6863 6864 6830 6832 6834 6865 6866 6867 6868 6869 6870 6871 6872 6873 6872 6808 6810 6872 6871 6808 6869 6871 6873 6869 6868 6871 6866 6868 6870 6866 6865 6868 6865 6863 6862 6863 6865 6867 6860 6862 6864 6860 6859 6862 6857 6859 6861 6857 6856 6859 6854 6856 6858 6854 6853 6856 6851 6853 6855 6851 6850 6853 6850 6848 6847 6848 6850 6852 6845 6847 6849 6845 6844 6847 6846 6874 6844 6874 6846 6842 6842 6841 6874 6841 6839 6875 6839 6841 6843 6839 6838 6875 6836 6838 6840 6836 6835 6838 6833 6835 6837 6833 6832 6835 6832 6830 6829 6827 6829 6831 6827 6826 6829 6824 6826 6828 6824 6823 6826 6821 6823 6825 6821 6820 6823 6820 6819 6818 6819 6820 6822 6818 6817 6876 6815 6876 6817 6815 6814 6876 6812 6814 6816 6812 6811 6814 6877 6811 6813 6877 6878 6811 6809 6878 6879 6809 6808 6878 6878 6877 6879 6880 6881 6882 6883 6884 6881 6885 6886 6884 6887 6888 6886 6889 6890 6888 6891 6892 6890 6893 6894 6892 6895 6896 6894 6897 6898 6896 6899 6900 6898 6901 6902 6903 6902 6901 6900 6900 6899 6902 6898 6897 6899 6896 6895 6897 6894 6893 6895 6892 6891 6893 6890 6889 6891 6888 6887 6889 6886 6885 6887 6884 6883 6885 6881 6880 6883 6882 6903 6880 6903 6882 6901 6904 6905 6906 6904 6907 6905 6904 6908 6907 6904 6909 6908 6904 6910 6909 6904 6911 6910 6904 6912 6911 6904 6913 6912 6904 6914 6913 6904 6915 6914 6904 6916 6915 6916 6904 6906 6917 6918 6919 6920 6921 6918 6922 6923 6921 6924 6925 6923 6926 6927 6925 6928 6929 6927 6930 6931 6929 6932 6933 6931 6934 6935 6933 6936 6937 6935 6938 6939 6937 6918 6917 6920 6921 6920 6922 6923 6922 6924 6925 6924 6926 6927 6926 6928 6929 6928 6930 6919 6940 6917 6931 6930 6932 6933 6932 6934 6935 6934 6936 6937 6936 6938 6939 6938 6940 6940 6919 6939 6941 6942 6943 6941 6944 6945 6941 6945 6946 6941 6946 6947 6941 6947 6948 6941 6948 6949 6941 6949 6950 6941 6950 6951 6941 6951 6952 6941 6952 6953 6941 6953 6942 6944 6941 6943 6954 6955 6956 6957 6958 6959 6960 6961 6958 6962 6963 6961 6964 6965 6963 6966 6956 6965 6967 6968 6955 6969 6970 6968 6971 6972 6970 6973 6974 6972 6975 6976 6974 6977 6959 6976 6961 6960 6962 6963 6962 6964 6965 6964 6966 6956 6966 6954 6955 6954 6967 6968 6967 6969 6970 6969 6971 6972 6971 6973 6974 6973 6975 6976 6975 6977 6959 6977 6957 6958 6957 6960 6978 6979 6980 6979 6978 6981 6979 6981 6982 6979 6982 6983 6979 6983 6984 6979 6984 6985 6979 6985 6986 6979 6986 6987 6979 6987 6988 6979 6988 6989 6979 6989 6990 6979 6990 6980 6991 6992 6993 6994 6993 6995 6996 6995 6997 6998 6997 6999 7000 6999 7001 7002 7001 7003 7004 7003 7005 7006 7005 7007 7008 7007 7009 7010 7009 7011 7012 7011 7013 7011 7012 7010 7009 7010 7008 7007 7008 7006 7005 7006 7004 7003 7004 7002 7001 7002 7000 6999 7000 6998 6997 6998 6996 6995 6996 6994 6993 6994 6991 6992 6991 7014 7013 7014 7012 7014 7013 6992 7015 7016 7017 7015 7017 7018 7015 7018 7019 7015 7019 7020 7015 7021 7016 7015 7022 7023 7015 7024 7022 7015 7025 7024 7025 7015 7026 7015 7020 7027 7015 7023 7021 7015 7027 7026 7028 7029 7030 7031 7029 7032 7033 7029 7034 7029 7031 7030 7029 7035 7034 7029 7033 7032 7029 7036 7037 7036 7029 7028 7035 7029 7038 7039 7040 7041 7040 7042 7043 7042 7040 7044 7045 7040 7046 7040 7047 7048 7040 7049 7041 7049 7040 7048 7040 7045 7047 7040 7039 7044 7050 7051 7052 7053 7051 7050 7051 7053 7054 7053 7055 7056 7055 7053 7050 7057 7058 7059 7058 7057 7060 7061 7062 7063 7064 7061 7065 7066 7061 7067 7068 7061 7069 7067 7061 7070 7071 7061 7072 7061 7068 7073 7061 7071 7070 7069 7061 7074 7061 7066 7075 7074 7061 7076 7061 7075 7079 7076 7061 7080 7078 7077 7061 7061 7079 7081 7061 7073 7062 7061 7081 7082 7061 7077 7080 7061 7082 7065 7061 7064 7078 7083 7084 7085 7086 7087 7088 7089 7090 7091 7093 7092 7094 7095 7096 7097 7098 7099 7100 7101 7102 7103 7103 7102 7104 7102 7101 7105 7106 7107 7108 7106 7108 7109 7106 7109 7110 7107 7106 7111 7112 7113 7114 7114 7115 7112 7115 7114 7116 7117 7118 7115 7118 7117 7119 7115 7116 7117 7113 7112 7120 7121 7122 7123 7124 7125 7126 7127 7128 7129 7128 7127 7130 7128 7130 7131 7132 7133 7134 7135 7136 7137 7132 7137 7133 7138 7134 7133 7137 7132 7135 7139 7140 7141 7142 7140 7139 7140 7142 7143 7144 7145 7146 7147 7148 7149 7148 7150 7151 7152 7153 7154 7155 7156 7152 7157 7154 7153 7158 7149 7159 7148 7147 7160 7161 7159 7145 7162 7163 7164 7165 7166 7167 7168 7169 7170 7166 7165 7163 7167 7171 7165 7163 7162 7166 7159 7161 7158 7154 7157 7172 7173 7151 7150 7174 7175 7176 7176 7177 7155 7153 7152 7156 7172 7178 7179 7179 7180 7169 7150 7148 7160 7177 7176 7175 7145 7144 7161 7164 7146 7162 7171 7167 7181 7146 7164 7144 7151 7173 7174 7149 7158 7147 7178 7172 7157 7180 7179 7178 7175 7174 7173 7169 7180 7170 7156 7155 7177 7168 7181 7169 7181 7168 7171 7182 7183 7184 7184 7185 7186 7186 7187 7188 7189 7190 7191 7188 7192 7193 7194 7195 7196 7196 7197 7198 7191 7199 7182 7200 7198 7197 7201 7202 7203 7193 7204 7200 7203 7205 7206 7206 7207 7208 7208 7209 7210 7210 7211 7212 7212 7213 7214 7202 7201 7194 7205 7203 7202 7207 7206 7205 7209 7208 7207 7199 7191 7190 7190 7189 7215 7215 7216 7217 7217 7214 7213 7213 7212 7211 7183 7182 7199 7211 7210 7209 7185 7184 7183 7187 7186 7185 7192 7188 7187 7204 7193 7192 7198 7200 7204 7216 7215 7189 7195 7194 7201 7197 7196 7195 7214 7217 7216 7218 7219 7220 7221 7222 7223 7224 7225 7226 7227 7223 7228 7229 7230 7224 7231 7232 7233 7223 7227 7221 7228 7229 7227 7230 7229 7234 7225 7224 7230 7222 7221 7235 7236 7235 7237 7235 7236 7222 7238 7237 7239 7237 7238 7236 7226 7240 7241 7242 7218 7220 7240 7226 7225 7241 7243 7231 7233 7244 7245 7246 7247 7248 7243 7241 7240 7249 7239 7250 7218 7242 7251 7251 7252 7253 7239 7249 7238 7248 7250 7246 7232 7231 7243 7244 7233 7232 7245 7253 7252 7247 7246 7219 7229 7228 7234 7219 7218 7247 7250 7248 7249 7253 7245 7244 7252 7251 7242 7254 7255 7256 7257 7258 7259 7260 7261 7262 7263 7264 7265 7266 7265 7264 7255 7254 7267 7268 7267 7269 7262 7259 7258 7258 7257 7270 7271 7272 7273 7274 7275 7276 7277 7278 7279 7280 7279 7281 7282 7283 7284 7269 7276 7268 7285 7286 7278 7279 7280 7277 7264 7263 7282 7278 7277 7285 7286 7285 7275 7261 7260 7287 7284 7270 7257 7283 7282 7263 7256 7266 7254 7265 7266 7256 7273 7287 7260 7267 7268 7255 7259 7262 7261 7270 7284 7283 7287 7273 7272 7275 7274 7286 7271 7281 7288 7281 7271 7280 7272 7271 7288 7276 7269 7274 7289 7290 7291 7290 7289 7292 7293 7294 7295 7295 7296 7297 7297 7298 7299 7299 7300 7301 7301 7302 7303 7302 7301 7300 7300 7299 7298 7298 7297 7296 7296 7295 7294 7294 7293 7304 7305 7306 7307 7306 7305 7308 7309 7310 7311 7312 7313 7314 7310 7309 7315 7315 7316 7312 7313 7312 7316 7314 7317 7318 7318 7319 7320 7319 7318 7317 7317 7314 7313 7316 7315 7309 7321 7322 7323 7322 7321 7324 7325 7326 7327 7327 7328 7329 7329 7330 7331 7331 7332 7333 7333 7334 7335 7334 7333 7332 7332 7331 7330 7330 7329 7328 7326 7325 7336 7328 7327 7326 7337 7338 7339 7338 7337 7340 7341 7342 7343 7344 7345 7346 7347 7346 7345 7345 7344 7348 7346 7347 7349 7348 7350 7341 7350 7348 7344 7342 7341 7350 7351 7343 7342 7343 7351 7352 7353 7354 7355 7354 7353 7356 7357 7358 7359 7360 7361 7357 7359 7362 7363 7362 7359 7358 7358 7357 7361 7361 7360 7364 7364 7365 7366 7366 7367 7368 7365 7364 7360 7367 7366 7365 7369 7370 7371 7370 7369 7372 7373 7374 7375 7375 7376 7377 7378 7379 7380 7381 7380 7379 7379 7378 7382 7382 7383 7384 7374 7373 7381 7380 7381 7373 7376 7375 7374 7383 7382 7378 7385 7386 7387 7386 7385 7388 7389 7390 7391 7391 7392 7393 7393 7394 7395 7396 7397 7389 7392 7391 7390 7390 7389 7397 7397 7396 7398 7398 7399 7400 7394 7393 7392 7399 7398 7396 7401 7402 7403 7402 7401 7404 7405 7406 7407 7408 7409 7405 7410 7411 7408 7412 7413 7410 7407 7414 7415 7413 7412 7416 7411 7410 7413 7409 7408 7411 7406 7405 7409 7414 7407 7406 7417 7418 7419 7418 7417 7420 7421 7422 7423 7424 7425 7421 7426 7427 7424 7428 7429 7426 7430 7431 7428 7431 7430 7432 7429 7428 7431 7427 7426 7429 7425 7424 7427 7422 7421 7425 7433 7434 7435 7434 7433 7436 7437 7438 7439 7439 7440 7441 7441 7442 7443 7443 7444 7445 7445 7446 7447 7446 7445 7444 7444 7443 7442 7442 7441 7440 7440 7439 7438 7438 7437 7448 7449 7450 7451 7450 7449 7452 7453 7454 7455 7455 7456 7457 7457 7458 7459 7460 7461 7453 7456 7455 7454 7454 7453 7461 7461 7460 7462 7462 7463 7464 7458 7457 7456 7463 7462 7460 7465 7466 7467 7466 7465 7468 7469 7470 7471 7471 7472 7473 7473 7474 7475 7475 7476 7477 7477 7478 7479 7478 7477 7476 7476 7475 7474 7474 7473 7472 7472 7471 7470 7470 7469 7480 7481 7482 7483 7482 7481 7484 7485 7486 7487 7487 7488 7489 7490 7491 7492 7486 7485 7490 7488 7487 7486 7493 7489 7488 7494 7495 7493 7495 7494 7496 7489 7493 7495 7491 7490 7485 7497 7498 7499 7498 7497 7500 7501 7502 7503 7504 7505 7506 7507 7508 7501 7505 7504 7509 7509 7503 7502 7502 7501 7508 7508 7507 7510 7510 7511 7512 7511 7510 7507 7503 7509 7504 7513 7514 7515 7514 7513 7516 7517 7518 7519 7520 7521 7517 7522 7523 7524 7521 7520 7525 7518 7517 7521 7526 7519 7518 7527 7528 7526 7528 7527 7522 7519 7526 7528 7523 7522 7527 7529 7530 7531 7530 7529 7532 7533 7534 7535 7536 7537 7538 7535 7539 7540 7540 7541 7542 7543 7544 7536 7537 7536 7544 7534 7533 7543 7539 7535 7534 7541 7540 7539 7544 7543 7533 7545 7546 7547 7546 7545 7548 7549 7550 7551 7551 7552 7553 7554 7555 7556 7553 7557 7558 7557 7553 7552 7555 7554 7559 7560 7556 7555 7550 7549 7560 7552 7551 7550 7556 7560 7549 7561 7562 7563 7562 7561 7564 7565 7566 7567 7568 7569 7565 7566 7565 7569 7570 7567 7566 7567 7570 7571 7569 7568 7572 7573 7571 7570 7574 7575 7573 7575 7574 7576 7571 7573 7575 7577 7578 7579 7578 7577 7580 7581 7582 7583 7582 7581 7584 7585 7586 7587 7588 7587 7586 7589 7590 7585 7587 7588 7591 7592 7583 7582 7586 7585 7590 7583 7592 7589 7590 7589 7592 7593 7594 7595 7594 7593 7596 7597 7598 7599 7600 7601 7602 7603 7599 7598 7599 7603 7604 7604 7605 7606 7601 7600 7597 7598 7597 7600 7602 7607 7608 7605 7604 7603 7607 7602 7601 7609 7610 7611 7610 7609 7612 7613 7614 7615 7615 7616 7617 7618 7619 7613 7620 7621 7618 7621 7620 7622 7619 7618 7621 7614 7613 7619 7616 7615 7614 7623 7617 7616 7617 7623 7624 7625 7626 7627 7626 7625 7628 7629 7630 7631 7631 7632 7633 7634 7635 7636 7630 7629 7637 7637 7636 7635 7638 7639 7634 7632 7631 7630 7636 7637 7629 7635 7634 7639 7639 7638 7640 7641 7642 7643 7642 7641 7644 7645 7646 7647 7646 7645 7648 7647 7649 7650 7649 7647 7646 7648 7651 7652 7653 7652 7651 7654 7655 7653 7651 7648 7645 7652 7653 7655 7655 7654 7656 7657 7658 7659 7658 7657 7660 7661 7662 7663 7663 7664 7665 7666 7667 7668 7668 7669 7661 7670 7671 7666 7664 7663 7662 7671 7670 7672 7667 7666 7671 7669 7668 7667 7662 7661 7669 7673 7674 7675 7674 7673 7676 7677 7678 7679 7679 7680 7681 7680 7679 7678 7682 7683 7677 7684 7685 7686 7683 7682 7687 7687 7686 7685 7685 7684 7688 7678 7677 7683 7686 7687 7682 7689 7690 7691 7690 7689 7692 7693 7694 7695 7696 7697 7698 7698 7699 7693 7694 7693 7699 7700 7701 7696 7702 7703 7700 7703 7702 7704 7701 7700 7703 7697 7696 7701 7699 7698 7697 7705 7706 7707 7708 7709 7710 7706 7705 7711 7712 7713 7714 7715 7713 7716 7717 7718 7719 7720 7719 7718 7721 7722 7723 7724 7722 7725 7726 7727 7728 7729 7730 7731 7729 7732 7733 7729 7734 7735 7736 7737 7738 7737 7739 7738 7726 7740 7727 7729 7733 7741 7742 7743 7737 7728 7727 7744 7745 7729 7746 7747 7748 7749 7746 7729 7750 7751 7752 7728 7729 7753 7750 7754 7755 7756 7757 7755 7758 7759 7760 7761 7762 7763 7764 7710 7709 7765 7707 7706 7766 7767 7768 7769 7770 7769 7768 7713 7715 7714 7771 7713 7772 7773 7774 7775 7719 7720 7776 7777 7775 7778 7722 7775 7725 7722 7724 7723 7779 7775 7780 7781 7782 7783 7784 7782 7785 7755 7757 7756 7760 7759 7786 7764 7763 7787 7788 7763 7789 7765 7709 7790 7766 7706 7791 7769 7770 7792 7793 7772 7794 7713 7771 7716 7795 7772 7796 7797 7772 7798 7799 7800 7801 7801 7802 7803 7804 7805 7806 7808 7809 7810 7774 7773 7813 7718 7814 7815 7778 7775 7816 7722 7721 7817 7775 7779 7818 7782 7784 7783 7819 7780 7820 7821 7780 7822 7758 7755 7823 7824 7825 7826 7761 7760 7827 7763 7788 7787 7790 7709 7828 7829 7830 7831 7832 7830 7791 7706 7711 7833 7768 7834 7835 7772 7793 7836 7713 7712 7837 7772 7797 7796 7838 7839 7840 7841 7839 7842 7802 7801 7800 7805 7807 7806 7843 7844 7802 7810 7809 7845 7846 7847 7848 7812 7811 7849 7774 7813 7850 7718 7717 7814 7816 7775 7851 7725 7775 7852 7779 7780 7853 7785 7782 7854 7780 7821 7820 7755 7754 7855 7856 7780 7857 7858 7857 7859 7826 7825 7860 7860 7861 7862 7827 7760 7861 7863 7763 7864 7789 7763 7865 7831 7830 7866 7791 7706 7832 7867 7836 7835 7768 7767 7834 7794 7772 7868 7772 7713 7869 7839 7841 7840 7798 7800 7871 7803 7802 7872 7844 7843 7805 7873 7802 7737 7845 7809 7874 7875 7737 7876 7752 7751 7877 7847 7846 7878 7812 7879 7880 7881 7774 7882 7773 7775 7883 7815 7883 7777 7851 7775 7884 7852 7775 7885 7782 7781 7887 7854 7780 7888 7821 7822 7889 7823 7889 7822 7856 7857 7890 7859 7857 7891 7861 7860 7825 7760 7786 7892 7864 7763 7893 7763 7762 7894 7895 7830 7896 7828 7897 7829 7866 7830 7898 7900 7901 7902 7903 7904 7905 7835 7834 7867 7772 7869 7868 7772 7795 7906 7842 7839 7907 7871 7800 7908 7872 7802 7909 7805 7804 7844 7802 7873 7910 7874 7809 7911 7876 7737 7912 7752 7877 7914 7848 7847 7915 7916 7877 7774 7751 7917 7918 7747 7919 7920 7742 7737 7736 7921 7922 7923 7924 7925 7926 7927 7729 7745 7928 7929 7930 7857 7931 7932 7751 7934 7917 7737 7749 7739 7935 7936 7919 7748 7747 7920 7742 7937 7938 7836 7867 7939 7940 7941 7942 7924 7926 7735 7943 7735 7926 7729 7944 7732 7729 7945 7930 7730 7729 7930 7731 7946 7947 7857 7948 7949 7950 7740 7726 7751 7744 7934 7751 7747 7749 7951 7919 7747 7742 7952 7937 7743 7742 7938 7953 7954 7799 7923 7955 7921 7901 7956 7957 7825 7824 7734 7924 7958 7925 7729 7943 7753 7729 7959 7944 7960 7729 7741 7961 7930 7945 7962 7731 7730 7857 7947 7963 7857 7964 7948 7877 7965 7966 7967 7740 7950 7744 7751 7728 7747 7751 7918 7749 7737 7751 7919 7968 7935 7742 7969 7952 7799 7970 7953 7737 7971 7873 7836 7955 7923 7904 7972 7922 7901 7973 7956 7942 7957 7940 7829 7897 7896 7734 7729 7825 7974 7975 7958 7943 7729 7735 7729 7976 7977 7978 7729 7960 7928 7930 7961 7946 7731 7962 7947 7857 7731 7979 7980 7981 7982 7857 7932 7880 7879 7983 7984 7877 7966 7740 7985 7933 7968 7919 7951 7936 7935 7986 7969 7742 7987 7970 7799 7801 7911 7809 7971 7800 7798 7772 7836 7988 7989 7904 7922 7921 7901 7990 7973 7957 7942 7901 7940 7991 7941 7992 7901 7942 7763 7993 7865 7974 7958 7924 7976 7729 7927 7959 7729 7977 7945 7729 7978 7928 7994 7929 7979 7981 7963 7995 7963 7981 7891 7857 7982 7812 7849 7879 7996 7774 7983 7984 7997 7877 7985 7740 7967 7998 7954 7953 7737 7875 7971 7802 7999 7843 7907 7839 7870 7988 7836 7939 7955 7836 7989 7904 8000 7972 7836 7990 7901 7940 8001 7991 7830 7900 7899 7763 8002 7993 7928 8004 7994 7857 7995 8006 7857 8007 7964 7780 7819 7888 7774 7881 7983 7916 7774 7996 8008 7877 7997 8009 7954 7998 8010 7737 7743 7802 8011 7999 7800 7799 8012 7907 7870 7798 7836 7793 8013 7904 7903 8000 7990 7836 7923 8014 7940 8015 7902 7901 7992 7830 7829 7896 7763 7895 8002 7763 8016 7893 7861 7825 8003 8004 8017 8018 7980 8019 8005 7931 7857 8006 7857 8020 8007 7780 7856 7822 7854 7782 7886 7815 7814 7883 7880 7983 7881 7877 7916 7965 7915 7847 7984 7997 7984 7847 7914 7877 8008 7913 7954 8009 7912 7737 8010 7809 7808 8021 7802 7910 8011 7802 7844 7909 7908 7800 8012 7772 7906 7771 7835 7836 8013 7905 7904 8022 8001 7940 8014 7901 7900 7830 7830 7832 7898 7828 7709 7897 7830 7895 7763 7763 7894 8016 7763 7863 7825 7861 7760 7862 8017 8004 7928 7774 7850 7882 7775 7777 7883 7775 7818 7885 7780 7854 7886 7823 7755 7889 7890 7857 7949 7857 7858 8020 7775 7722 7884 8019 7980 7979 8023 8024 8025 8026 8025 8027 8028 8027 8029 8030 8029 8031 8032 8031 8033 8034 8033 8035 8036 8035 8037 8038 8037 8039 8040 8039 8041 8042 8041 8043 8044 8043 8045 8046 8045 8047 8048 8047 8049 8050 8049 8051 8052 8051 8053 8054 8053 8055 8056 8055 8024 8055 8056 8054 8053 8054 8052 8051 8052 8050 8049 8050 8048 8047 8048 8046 8045 8046 8044 8043 8044 8042 8041 8042 8040 8039 8040 8038 8037 8038 8036 8035 8036 8034 8033 8034 8032 8031 8032 8030 8029 8030 8028 8027 8028 8026 8025 8026 8023 8024 8023 8056 8057 8058 8059 8060 8061 8062 8063 8060 8064 8065 8066 8067 8068 8069 8070 8071 8072 8073 8074 8075 8076 8077 8078 8079 8080 8081 8082 8083 8081 8084 8085 8086 8087 8088 8087 8086 8089 8090 8091 8092 8093 8094 8098 8099 8100 8099 8101 8102 8103 8104 8105 8106 8107 8108 8109 8110 8111 8112 8113 8114 8115 8116 8117 8118 8119 8120 8121 8122 8123 8124 8086 8085 8092 8094 8096 8099 8095 8125 8126 8098 8127 8128 8099 8129 8130 8105 8131 8102 8105 8132 8133 8134 8135 8136 8137 8138 8139 8140 8141 8142 8143 8144 8112 8145 8146 8147 8112 8114 8148 8149 8116 8150 8151 8152 8153 8154 8155 8118 8156 8119 8120 8157 8158 8159 8160 8122 8095 8099 8096 8162 8099 8125 8098 8126 8099 8163 8164 8165 8101 8099 8128 8103 8105 8130 8105 8102 8131 8102 8166 8167 8133 8168 8134 8106 8169 8107 8106 8170 8171 8172 8173 8174 8139 8175 8176 8177 8178 8179 8142 8180 8181 8060 8182 8183 8184 8185 8186 8187 8112 8146 8188 8112 8147 8189 8116 8115 8150 8117 8190 8153 8150 8152 8191 8192 8154 8193 8153 8155 8194 8195 8196 8120 8197 8157 8090 8198 8199 8159 8122 8121 8200 8124 8161 8163 8202 8203 8103 8204 8104 8166 8102 8132 8205 8102 8167 8206 8207 8168 8106 8208 8169 8209 8210 8170 8138 8211 8212 8076 8213 8214 8215 8216 8174 8139 8217 8175 8139 8218 8140 8219 8220 8177 8111 8179 8109 8221 8177 8111 8222 8142 8181 8142 8223 8224 8225 8226 8227 8185 8228 8229 8230 8184 8186 8231 8112 8187 8232 8112 8188 8148 8116 8189 8117 8150 8115 8151 8150 8190 8233 8154 8153 8196 8234 8235 8236 8237 8238 8239 8196 8195 8240 8241 8197 8118 8242 8243 8201 8093 8092 8202 8163 8127 8164 8163 8203 8245 8246 8247 8206 8168 8133 8106 8135 8208 8170 8108 8248 8249 8106 8171 8136 8138 8212 8069 8250 8251 8174 8252 8253 8254 8255 8139 8139 8256 8218 8177 8258 8178 8179 8111 8177 8142 8260 8180 8142 8261 8143 8262 8142 8144 8224 8263 8264 8225 8265 8226 8266 8267 8268 8269 8185 8184 8112 8270 8145 8271 8272 8113 8232 8150 8112 8148 8273 8149 8154 8274 8191 8196 8275 8234 8153 8275 8196 8236 8238 8194 8195 8194 8238 8276 8196 8239 8240 8197 8120 8118 8277 8242 8090 8278 8198 8160 8159 8244 8246 8245 8103 8204 8103 8245 8206 8279 8280 8135 8106 8133 8108 8170 8106 8209 8170 8248 8138 8281 8211 8136 8282 8137 8069 8138 8283 8216 8284 8285 8174 8286 8252 8172 8174 8253 8254 8287 8288 8289 8290 8291 8292 8139 8176 8293 8139 8141 8082 8081 8294 8258 8177 8220 8295 8110 8109 8296 8142 8222 8297 8298 8299 8300 8224 8223 8057 8301 8302 8303 8060 8183 8266 8268 8227 8227 8304 8225 8305 8185 8269 8184 8270 8112 8271 8113 8231 8113 8112 8231 8148 8306 8307 8308 8142 8309 8310 8298 8311 8058 8312 8313 8061 8060 8224 8060 8314 8315 8072 8316 8317 8318 8074 8319 8320 8077 8321 8322 8298 8310 8312 8058 8057 8060 8323 8314 8121 8123 8324 8196 8235 8194 8150 8232 8115 8216 8215 8254 8102 8101 8131 8127 8163 8126 8096 8094 8097 8091 8090 8088 8124 8200 8086 8090 8199 8087 8112 8325 8184 8102 8205 8106 8099 8162 8100 8326 8090 8327 8087 8088 8090 8150 8153 8196 8099 8126 8129 8090 8326 8099 8121 8324 8278 8099 8326 8096 8106 8205 8133 8090 8089 8327 8078 8077 8320 8060 8329 8330 8316 8072 8328 8329 8060 8063 8323 8060 8330 8311 8298 8331 8274 8154 8233 8192 8191 8332 8275 8153 8193 8156 8196 8276 8240 8335 8336 8118 8158 8277 8118 8121 8278 8207 8206 8280 8209 8337 8210 8106 8338 8281 8136 8339 8282 8138 8069 8106 8071 8073 8250 8069 8340 8216 8341 8216 8285 8342 8216 8214 8172 8343 8173 8287 8254 8215 8255 8254 8288 8289 8291 8255 8139 8291 8344 8139 8345 8346 8139 8257 8177 8347 8294 8219 8220 8219 8294 8110 8348 8349 8260 8142 8177 8142 8350 8351 8299 8308 8297 8223 8142 8299 8263 8224 8300 8302 8264 8352 8060 8062 8353 8265 8060 8303 8266 8066 8267 8304 8227 8268 8225 8354 8325 8185 8355 8228 8270 8184 8230 8356 8271 8357 8306 8148 8358 8273 8148 8307 8334 8333 8236 8237 8236 8333 8156 8118 8196 8241 8240 8336 8158 8118 8120 8121 8118 8243 8278 8090 8118 8337 8209 8359 8338 8106 8249 8281 8138 8106 8360 8136 8361 8069 8068 8250 8340 8069 8251 8284 8216 8340 8214 8341 8076 8216 8362 8286 8077 8365 8290 8291 8139 8255 8217 8139 8344 8366 8139 8292 8256 8139 8346 8257 8139 8293 8082 8294 8347 8348 8110 8295 8259 8110 8349 8350 8142 8296 8367 8142 8351 8142 8308 8299 8298 8322 8368 8264 8302 8224 8057 8302 8352 8369 8224 8302 8060 8315 8182 8265 8225 8060 8225 8370 8354 8325 8112 8225 8355 8185 8305 8272 8271 8356 8339 8136 8360 8371 8069 8283 8372 8250 8068 8341 8214 8216 8076 8075 8213 8362 8216 8342 8286 8174 8216 8364 8363 8172 8343 8172 8363 8077 8290 8289 8345 8139 8366 8081 8083 8373 8309 8142 8374 8374 8142 8262 8331 8298 8297 8057 8059 8301 8064 8060 8353 8067 8066 8266 8370 8225 8304 8070 8069 8371 8071 8250 8372 8074 8318 8075 8077 8079 8365 8081 8080 8084 8261 8142 8367 8375 8376 8377 8378 8379 8380 8381 8382 8383 8384 8385 8382 8386 8387 8385 8388 8389 8387 8390 8391 8389 8392 8393 8391 8394 8395 8393 8396 8379 8395 8397 8398 8376 8399 8400 8398 8401 8402 8400 8403 8404 8402 8405 8406 8404 8407 8408 8406 8409 8383 8408 8383 8409 8381 8408 8407 8409 8406 8405 8407 8382 8381 8384 8385 8384 8386 8387 8386 8388 8389 8388 8390 8391 8390 8392 8393 8392 8394 8395 8394 8396 8379 8396 8380 8377 8378 8375 8376 8375 8397 8398 8397 8399 8400 8399 8401 8402 8401 8403 8404 8403 8405 8378 8377 8379 8410 8412 8411 8413 8414 8412 8412 8410 8413 8414 8413 8415 8416 8417 8418 8419 8420 8417 8420 8419 8421 8417 8416 8419 8418 8422 8416 8422 8418 8423 8424 8425 8426 8427 8426 8428 8426 8427 8424 8425 8424 8429 8430 8431 8432 8433 8434 8435 8436 8437 8431 8431 8430 8436 8434 8433 8437 8437 8436 8434 8438 8439 8440 8441 8440 8442 8440 8441 8438 8443 8444 8445 8439 8438 8444 8444 8443 8439 8446 8447 8448 8449 8450 8447 8450 8449 8451 8452 8448 8453 8447 8446 8449 8448 8452 8446 8454 8455 8456 8455 8454 8457 8456 8458 8454 8458 8456 8459 8460 8461 8462 8463 8464 8465 8461 8460 8466 8466 8465 8461 8465 8466 8463 8464 8463 8467 8468 8469 8470 8471 8472 8473 8469 8468 8474 8470 8473 8468 8473 8470 8471 8472 8471 8475 8476 8477 8478 8480 8478 8481 8477 8476 8479 8478 8480 8476 8482 8483 8484 8485 8484 8486 8484 8485 8482 8483 8482 8487 8488 8489 8490 8489 8488 8491 8492 8491 8493 8494 8493 8495 8491 8492 8489 8493 8494 8492 8496 8497 8498 8499 8500 8501 8497 8496 8502 8498 8501 8496 8501 8498 8499 8500 8499 8503 8504 8505 8506 8507 8506 8508 8506 8507 8504 8505 8504 8509 8510 8511 8512 8513 8514 8511 8511 8510 8513 8514 8513 8515 8516 8517 8518 8519 8520 8521 8520 8519 8517 8517 8516 8520 8522 8523 8524 8525 8526 8523 8526 8525 8527 8523 8522 8525 8528 8529 8530 8530 8531 8528 8532 8533 8534 8533 8532 8529 8529 8528 8533 8531 8530 8535 8538 8539 8540 8537 8540 8536 8539 8538 8541 8540 8537 8538 8544 8545 8546 8546 8543 8544 8545 8544 8547 8543 8546 8542 8548 8549 8550 8550 8551 8548 8551 8550 8552 8549 8548 8553 8553 8554 8549 8554 8553 8555 8556 8557 8558 8559 8558 8560 8561 8560 8562 8557 8556 8563 8560 8561 8559 8558 8559 8556 8564 8565 8566 8567 8568 8569 8568 8567 8570 8569 8566 8567 8565 8564 8571 8566 8569 8564 8572 8573 8574 8575 8576 8577 8576 8575 8578 8577 8579 8575 8573 8572 8579 8579 8577 8573 8580 8581 8582 8583 8584 8585 8584 8583 8581 8581 8580 8584 8586 8587 8588 8589 8590 8591 8588 8591 8586 8587 8586 8592 8590 8589 8593 8591 8588 8589 8594 8595 8596 8597 8598 8595 8598 8597 8599 8600 8596 8601 8596 8600 8594 8595 8594 8597 8604 8605 8606 8602 8607 8603 8607 8602 8605 8605 8604 8607 8608 8609 8610 8611 8610 8612 8613 8614 8609 8614 8613 8615 8610 8611 8608 8609 8608 8613 8616 8617 8618 8618 8619 8616 8620 8621 8619 8621 8620 8622 8619 8618 8620 8617 8616 8623 8624 8625 8626 8625 8624 8627 8628 8627 8629 8627 8628 8625 8630 8629 8631 8629 8630 8628 8632 8633 8634 8634 8636 8632 8633 8632 8635 8636 8634 8637 8638 8640 8639 8641 8642 8643 8640 8638 8642 8642 8641 8640 8644 8645 8646 8647 8646 8648 8646 8647 8644 8645 8644 8649 8650 8651 8652 8651 8650 8653 8654 8652 8655 8652 8654 8650 8656 8658 8657 8658 8656 8659 8657 8660 8656 8660 8657 8661 8662 8663 8664 8665 8666 8663 8666 8665 8667 8663 8662 8665 8668 8669 8670 8669 8668 8671 8672 8671 8673 8671 8672 8669 8674 8675 8676 8678 8677 8679 8677 8678 8675 8675 8674 8677 8680 8681 8682 8683 8684 8681 8681 8680 8683 8684 8683 8685 8686 8687 8688 8687 8686 8689 8688 8690 8686 8690 8688 8691 8692 8693 8694 8694 8695 8692 8693 8692 8696 8695 8694 8697 8698 8699 8700 8699 8698 8701 8701 8702 8699 8702 8701 8703 8705 8706 8704 8706 8705 8707 8708 8704 8709 8704 8708 8705 8710 8711 8712 8711 8710 8713 8713 8714 8711 8712 8715 8710 8715 8712 8716 8714 8713 8717 8720 8719 8721 8718 8722 8719 8722 8718 8723 8719 8720 8718 8726 8727 8728 8727 8726 8729 8725 8729 8724 8729 8725 8727 8730 8731 8732 8733 8734 8735 8731 8730 8734 8734 8733 8731 8736 8737 8738 8738 8739 8736 8737 8736 8740 8739 8738 8741 8744 8743 8745 8745 8746 8744 8746 8745 8747 8743 8744 8742 8748 8749 8750 8751 8752 8753 8749 8748 8754 8753 8754 8751 8752 8751 8755 8754 8753 8749 8756 8757 8758 8757 8756 8759 8758 8760 8756 8760 8758 8761 8762 8763 8764 8764 8765 8766 8767 8768 8769 8770 8771 8772 8773 8769 8768 8772 8774 8775 8775 8776 8777 8769 8773 8778 8778 8766 8765 8763 8762 8779 8780 8781 8782 8766 8778 8773 8782 8783 8784 8785 8786 8770 8787 8788 8780 8789 8790 8787 8791 8792 8789 8793 8794 8791 8790 8789 8792 8786 8785 8793 8792 8791 8794 8783 8782 8781 8779 8795 8796 8796 8777 8776 8797 8784 8783 8776 8775 8774 8774 8772 8771 8771 8770 8786 8794 8793 8785 8768 8767 8797 8777 8796 8795 8795 8779 8762 8765 8764 8763 8781 8780 8788 8784 8797 8767 8788 8787 8790 8798 8799 8800 8801 8802 8803 8804 8805 8802 8806 8807 8808 8809 8810 8805 8811 8812 8810 8813 8800 8814 8815 8816 8812 8817 8814 8818 8819 8820 8816 8821 8822 8807 8823 8824 8822 8808 8818 8806 8825 8826 8799 8827 8828 8826 8820 8819 8824 8816 8815 8819 8810 8809 8811 8805 8804 8809 8824 8823 8820 8822 8821 8823 8807 8806 8821 8818 8808 8817 8814 8817 8813 8802 8801 8804 8800 8813 8798 8799 8798 8825 8826 8825 8827 8803 8829 8801 8828 8827 8830 8831 8830 8829 8812 8811 8815 8830 8831 8828 8829 8803 8831 8832 8833 8834 8835 8836 8837 8838 8839 8836 8840 8841 8839 8842 8843 8841 8844 8845 8843 8846 8837 8847 8848 8849 8833 8850 8847 8851 8852 8853 8849 8854 8855 8853 8856 8857 8855 8858 8834 8859 8860 8859 8861 8862 8861 8863 8864 8865 8857 8866 8867 8865 8867 8866 8845 8865 8864 8866 8857 8856 8864 8855 8854 8856 8853 8852 8854 8851 8863 8850 8847 8850 8846 8837 8846 8835 8863 8851 8862 8849 8848 8852 8833 8832 8848 8834 8858 8832 8859 8860 8858 8861 8862 8860 8836 8835 8838 8839 8838 8840 8841 8840 8842 8843 8842 8844 8845 8844 8867 8868 8869 8870 8871 8872 8873 8873 8874 8875 8875 8876 8877 8878 8879 8871 8880 8881 8882 8883 8884 8880 8879 8878 8883 8872 8871 8879 8885 8886 8887 8887 8888 8889 8884 8883 8878 8881 8880 8884 8890 8882 8881 8886 8885 8890 8874 8873 8872 8876 8875 8874 8888 8887 8886 8891 8877 8876 8892 8893 8891 8869 8868 8892 8889 8894 8895 8895 8896 8897 8897 8898 8899 8900 8870 8869 8901 8902 8900 8899 8903 8901 8898 8897 8896 8896 8895 8894 8877 8891 8893 8893 8892 8868 8882 8890 8885 8870 8900 8902 8902 8901 8903 8903 8899 8898 8894 8889 8888 8904 8905 8906 8907 8906 8908 8905 8904 8909 8906 8907 8904 8910 8908 8911 8908 8910 8907 8912 8913 8914 8913 8912 8915 8916 8917 8918 8918 8919 8920 8921 8922 8923 8924 8925 8921 8919 8918 8917 8917 8916 8926 8926 8923 8922 8925 8924 8927 8923 8926 8916 8922 8921 8925 8928 8929 8930 8929 8928 8933 8930 8934 8928 8932 8931 8934 8934 8930 8932 8936 8935 8937 8938 8937 8939 8940 8939 8941 8939 8940 8938 8937 8938 8936 8942 8943 8944 8943 8942 8945 8945 8946 8947 8947 8948 8949 8950 8944 8943 8949 8951 8952 8951 8949 8948 8948 8947 8946 8944 8950 8953 8946 8945 8942 8954 8955 8956 8955 8954 8957 8960 8961 8962 8961 8960 8963 8959 8958 8964 8963 8964 8961 8964 8963 8959 8965 8966 8967 8968 8969 8970 8970 8971 8968 8971 8970 8972 8969 8968 8966 8966 8965 8969 8973 8974 8975 8974 8973 8976 8977 8978 8979 8979 8980 8981 8982 8983 8984 8985 8984 8983 8986 8987 8977 8983 8982 8986 8980 8979 8978 8978 8977 8987 8987 8986 8982 8984 8985 8988 8989 8990 8991 8990 8989 8992 8991 8993 8989 8991 8994 8993 8994 8991 8995 8996 8997 8998 8997 8996 8999 9000 9001 9002 8998 9002 8996 9002 8998 9000 9001 9000 9003 9004 9005 9006 9007 9008 9009 9010 9011 9007 9011 9010 9012 9008 9007 9011 9013 9009 9008 9005 9004 9013 9006 9014 9015 9009 9013 9004 9014 9006 9005 9016 9017 9018 9017 9016 9019 9020 9021 9022 9021 9020 9023 9021 9023 9024 9025 9024 9026 9024 9025 9021 9027 9028 9029 9030 9031 9032 9033 9034 9031 9028 9027 9034 9031 9030 9033 9034 9033 9028 9035 9036 9037 9036 9035 9038 9039 9040 9041 9040 9039 9042 9043 9044 9045 9046 9047 9043 9048 9049 9046 9047 9046 9049 9049 9048 9050 9044 9043 9047 9042 9045 9044 9045 9042 9039 9051 9052 9053 9054 9055 9056 9053 9056 9051 9056 9053 9054 9055 9054 9057 9058 9059 9060 9060 9061 9058 9062 9063 9064 9061 9060 9063 9063 9062 9061 9065 9066 9067 9068 9069 9065 9069 9068 9070 9066 9065 9069 9071 9072 9073 9073 9074 9075 9067 9076 9071 9074 9073 9072 9072 9071 9076 9076 9067 9066 9077 9078 9079 9078 9077 9080 9081 9082 9083 9081 9084 9082 9085 9086 9084 9084 9081 9085 9086 9085 9087 9088 9089 9090 9091 9092 9089 9093 9094 9092 9094 9093 9095 9089 9088 9091 9092 9091 9093 9096 9097 9098 9097 9096 9099 9100 9101 9102 9103 9104 9105 9104 9103 9106 9106 9107 9108 9108 9109 9110 9110 9111 9100 9107 9106 9103 9101 9100 9111 9111 9110 9109 9109 9108 9107 9112 9113 9114 9113 9112 9115 9116 9117 9112 9117 9116 9118 9112 9114 9116 9121 9122 9120 9123 9124 9122 9124 9123 9125 9122 9121 9123 9120 9119 9121 9126 9127 9128 9129 9128 9127 9128 9129 9130 9131 9130 9129 9130 9131 9132 9133 9134 9135 9127 9126 9133 9136 9132 9131 9134 9133 9126 9132 9136 9137 9138 9139 9140 9139 9138 9141 9142 9143 9144 9145 9144 9146 9144 9145 9142 9147 9142 9148 9142 9147 9143 9151 9152 9153 9153 9150 9151 9150 9153 9149 9150 9149 9154 9152 9151 9155 9156 9157 9158 9157 9156 9159 9160 9161 9162 9163 9164 9165 9164 9163 9166 9167 9165 9164 9161 9160 9168 9169 9162 9161 9162 9169 9170 9168 9171 9167 9165 9167 9171 9171 9168 9160 9172 9173 9174 9175 9174 9176 9174 9175 9172 9173 9172 9177 9173 9177 9178 9179 9180 9181 9182 9183 9180 9184 9181 9185 9183 9182 9186 9181 9184 9179 9180 9179 9182 9187 9188 9189 9190 9191 9192 9193 9194 9187 9192 9195 9193 9196 9189 9188 9188 9187 9194 9191 9190 9197 9195 9192 9191 9194 9193 9195 9189 9196 9198 9199 9200 9201 9200 9199 9202 9203 9204 9205 9206 9207 9204 9207 9206 9208 9203 9205 9209 9204 9203 9206 9210 9211 9212 9212 9213 9210 9213 9212 9214 9211 9210 9215 9213 9214 9216 9217 9218 9219 9218 9217 9220 9221 9222 9223 9224 9225 9226 9227 9223 9222 9223 9227 9228 9229 9230 9231 9222 9221 9229 9232 9228 9227 9225 9224 9232 9230 9229 9221 9228 9232 9224 9233 9234 9235 9236 9237 9238 9234 9233 9239 9235 9238 9233 9238 9235 9236 9237 9236 9240 9241 9242 9243 9244 9245 9246 9245 9244 9247 9246 9248 9244 9242 9241 9248 9248 9246 9242 9249 9250 9251 9252 9253 9254 9255 9256 9257 9250 9249 9258 9253 9252 9255 9258 9257 9256 9256 9255 9252 9257 9258 9249 9254 9259 9260 9259 9254 9253 9261 9262 9263 9262 9261 9264 9265 9266 9267 9266 9265 9268 9267 9269 9265 9266 9268 9270 9269 9267 9271 9272 9273 9274 9275 9274 9276 9277 9278 9273 9278 9277 9279 9274 9275 9272 9273 9272 9277 9280 9281 9282 9281 9280 9283 9284 9285 9286 9287 9288 9284 9286 9289 9290 9290 9291 9292 9291 9290 9289 9288 9287 9293 9293 9294 9295 9289 9286 9285 9285 9284 9288 9294 9293 9287 9296 9297 9298 9299 9300 9301 9302 9301 9303 9301 9302 9299 9300 9299 9297 9297 9296 9300 9304 9305 9306 9305 9304 9307 9308 9307 9309 9310 9309 9311 9307 9308 9305 9309 9310 9308 9312 9313 9314 9315 9316 9312 9316 9315 9317 9317 9318 9319 9319 9320 9321 9321 9322 9323 9322 9321 9320 9320 9319 9318 9318 9317 9315 9313 9312 9316 9324 9325 9326 9325 9324 9327 9328 9329 9330 9331 9330 9332 9333 9332 9334 9332 9333 9331 9329 9328 9335 9330 9331 9328 9336 9337 9338 9339 9340 9341 9337 9336 9340 9336 9338 9342 9340 9339 9337 9343 9344 9345 9344 9343 9346 9347 9348 9349 9350 9351 9352 9353 9349 9348 9354 9352 9351 9348 9347 9355 9349 9353 9356 9356 9357 9354 9357 9356 9353 9352 9354 9357 9351 9350 9358 9359 9360 9361 9361 9362 9359 9363 9364 9360 9360 9359 9363 9362 9361 9365 9364 9363 9366 9367 9368 9369 9368 9367 9370 9371 9369 9372 9369 9371 9367 9372 9373 9371 9373 9372 9374 9375 9376 9377 9377 9378 9379 9378 9377 9376 9380 9381 9375 9382 9383 9384 9381 9380 9385 9385 9384 9383 9383 9382 9386 9384 9385 9380 9376 9375 9381 9387 9388 9389 9388 9387 9390 9391 9392 9393 9394 9393 9395 9393 9394 9391 9392 9391 9396 9392 9396 9397 9398 9399 9400 9401 9400 9402 9400 9401 9398 9399 9403 9404 9399 9398 9403 9405 9406 9407 9406 9405 9408 9409 9410 9411 9412 9411 9410 9410 9409 9413 9413 9414 9415 9415 9416 9417 9417 9418 9419 9418 9417 9416 9416 9415 9414 9414 9413 9409 9411 9412 9420 9421 9422 9423 9424 9425 9426 9427 9428 9425 9422 9421 9428 9428 9427 9422 9425 9424 9427 9429 9430 9431 9432 9433 9434 9433 9432 9430 9432 9434 9435 9430 9429 9433 9436 9437 9438 9439 9440 9441 9437 9436 9439 9442 9441 9440 9443 9438 9437 9444 9445 9443 9445 9444 9446 9438 9443 9445 9440 9439 9436 9441 9442 9447 9448 9449 9450 9449 9448 9451 9452 9453 9454 9455 9456 9453 9456 9457 9458 9456 9455 9457 9453 9452 9455 9459 9460 9461 9460 9459 9462 9462 9463 9464 9463 9462 9465 9462 9464 9460 9466 9467 9468 9467 9466 9469 9470 9471 9472 9473 9472 9471 9474 9475 9476 9471 9470 9477 9477 9478 9479 9478 9477 9470 9476 9480 9473 9472 9473 9480 9475 9474 9481 9480 9476 9475 9482 9483 9484 9485 9486 9483 9487 9484 9488 9484 9487 9482 9483 9482 9485 9489 9490 9491 9492 9493 9494 9490 9489 9495 9489 9491 9493 9493 9492 9489 9496 9497 9498 9499 9500 9501 9501 9502 9503 9500 9499 9504 9505 9506 9496 9502 9501 9500 9507 9503 9502 9506 9505 9507 9503 9507 9505 9497 9496 9506 9508 9509 9510 9509 9508 9511 9512 9513 9514 9513 9512 9515 9516 9515 9517 9514 9518 9512 9518 9514 9519 9515 9516 9513 9520 9521 9522 9523 9522 9524 9521 9520 9525 9522 9523 9520 9523 9524 9526 9527 9528 9529 9528 9527 9530 9531 9532 9533 9534 9535 9536 9537 9538 9539 9536 9540 9537 9538 9537 9540 9532 9531 9541 9540 9536 9535 9535 9534 9542 9542 9533 9532 9533 9542 9534 9543 9544 9545 9546 9547 9548 9544 9543 9547 9547 9546 9544 9545 9549 9543 9550 9551 9552 9553 9552 9554 9552 9553 9550 9551 9550 9555 9555 9556 9551 9557 9558 9559 9560 9561 9562 9558 9557 9560 9563 9564 9565 9566 9567 9563 9559 9568 9566 9564 9563 9567 9567 9566 9568 9568 9559 9558 9561 9560 9557 9569 9570 9571 9570 9569 9572 9573 9574 9575 9574 9573 9576 9577 9576 9578 9579 9578 9580 9578 9579 9577 9576 9577 9574 9581 9582 9583 9584 9583 9585 9581 9586 9582 9583 9584 9581 9586 9581 9587 9588 9589 9590 9589 9588 9591 9592 9593 9594 9595 9596 9597 9597 9594 9593 9596 9595 9598 9599 9600 9601 9593 9592 9602 9594 9597 9596 9598 9603 9599 9603 9598 9595 9600 9599 9603 9604 9605 9606 9607 9608 9609 9605 9604 9610 9611 9606 9608 9606 9611 9604 9608 9607 9611 9612 9613 9614 9616 9617 9615 9616 9615 9613 9617 9616 9618 9613 9612 9616 9619 9620 9621 9622 9623 9619 9621 9624 9625 9625 9626 9627 9623 9622 9628 9620 9619 9623 9624 9621 9620 9626 9625 9624 9629 9627 9626 9627 9629 9630 9631 9632 9633 9632 9631 9634 9635 9636 9637 9638 9637 9639 9640 9639 9641 9636 9635 9642 9637 9638 9635 9639 9640 9638 9645 9646 9647 9646 9645 9648 9647 9649 9645 9644 9643 9649 9649 9647 9644 9650 9651 9652 9651 9650 9653 9654 9655 9656 9657 9658 9659 9659 9660 9661 9661 9656 9655 9662 9663 9654 9658 9657 9664 9660 9659 9658 9656 9661 9660 9655 9654 9663 9663 9662 9665 9666 9667 9668 9669 9668 9670 9668 9669 9666 9667 9666 9672 9672 9671 9667 9673 9674 9675 9674 9673 9676 9675 9677 9673 9679 9678 9677 9677 9675 9679 9680 9681 9682 9683 9684 9685 9681 9680 9686 9686 9687 9688 9689 9690 9691 9691 9688 9687 9687 9686 9680 9690 9689 9683 9688 9691 9690 9684 9683 9689 9692 9693 9694 9693 9692 9695 9696 9697 9698 9699 9700 9697 9700 9699 9701 9702 9698 9703 9697 9696 9699 9698 9702 9696 9706 9707 9704 9709 9710 9711 9706 9708 9709 9705 9704 9707 9710 9709 9708 9713 9712 9714 9716 9717 9718 9718 9715 9716 9719 9720 9721 9720 9719 9722 9724 9725 9726 9724 9723 9725 9727 9723 9728 9731 9732 9733 9733 9734 9731 9730 9729 9734 9734 9733 9730 9735 9736 9737 9738 9739 9735 9740 9737 9736 9736 9735 9739 9739 9738 9741 9742 9743 9744 9744 9745 9742 9748 9746 9749 9747 9746 9750 9747 9750 9751 9753 9752 9754 9755 9756 9757 9758 9757 9759 9758 9759 9760 9757 9758 9755 9762 9763 9764 9765 9764 9763 9761 9766 9765 9764 9765 9766 9770 9771 9769 9768 9769 9771 9767 9772 9773 9775 9774 9776 9775 9776 9777 9778 9779 9780 9778 9780 9781 9782 9783 9784 9783 9782 9785 9787 9786 9788 9790 9788 9791 9788 9790 9789 9788 9789 9787 9792 9793 9794 9794 9795 9792 9796 9797 9798 9799 9798 9797 9797 9796 9800 9805 9804 9806 9803 9802 9807 9801 9807 9802 9808 9809 9810 9810 9811 9808 9809 9808 9813 9810 9812 9811 9814 9815 9816 9817 9818 9819 9821 9820 9822 9821 9822 9823 9825 9824 9826 9826 9827 9825 9828 9827 9829 9830 9831 9832 9834 9833 9836 9836 9837 9838 9834 9835 9839 9830 9838 9837 9837 9836 9833 9840 9841 9842 9845 9844 9846 9841 9840 9845 9843 9842 9841 9848 9847 9849 9849 9850 9848 9851 9852 9853 9853 9854 9851 9854 9853 9856 9856 9855 9854 9858 9857 9859 9862 9863 9864 9861 9860 9863 9863 9865 9861 9863 9862 9865 9869 9868 9867 9867 9866 9869 9872 9873 9870 9871 9870 9873 9873 9872 9874 9875 9876 9877 9881 9882 9879 9880 9879 9882 9876 9875 9878 9881 9877 9876 9884 9885 9883 9886 9887 9884 9887 9886 9888 9884 9883 9886 9890 9889 9891 9892 9893 9894 9893 9892 9895 9896 9897 9898 9897 9896 9899 9902 9903 9901 9901 9900 9902 9906 9907 9908 9908 9904 9906 9905 9904 9909 9910 9911 9912 9913 9912 9911 9914 9915 9913 9912 9913 9915 9915 9914 9916 9919 9920 9918 9921 9922 9920 9920 9919 9921 9918 9917 9919 9924 9923 9925 9925 9926 9924 9928 9927 9929 9929 9930 9928 9931 9932 9933 9934 9935 9932 9932 9931 9934 9933 9936 9931 9937 9938 9939 9939 9940 9941 9942 9943 9937 9940 9939 9938 9938 9937 9943 9944 9945 9946 9948 9945 9949 9946 9947 9944 9953 9950 9952 9952 9951 9953 9954 9955 9956 9955 9954 9957 9958 9959 9960 9959 9958 9961 9962 9963 9964 9965 9966 9967 9967 9968 9965 9966 9965 9969 9967 9970 9968 9972 9971 9975 9977 9975 9971 9972 9976 9978 9978 9974 9973 9974 9978 9976 9979 9980 9981 9980 9979 9982 9983 9981 9980 9984 9985 9986 9986 9987 9984 9988 9989 9990 9991 9990 9992 9990 9993 9988 9990 9991 9993 9995 9994 9996 9997 9998 9999 9999 10000 9997 10001 10002 9998 9998 9997 10001 10004 10003 10006 10006 10005 10004 10007 10008 10009 10009 10010 10011 10011 10012 10013 10010 10009 10008 10014 10015 10016 10018 10019 10017 10020 10021 10018 10020 10022 10023 10019 10018 10021 10014 10017 10019 10026 10027 10028 10025 10024 10029 10028 10024 10026 10030 10031 10032 10030 10032 10033 10034 10035 10036 10037 10038 10039 10042 10043 10041 10043 10042 10044 10041 10040 10042 10041 10045 10040 10046 10047 10048 10049 10050 10051 10052 10051 10050 10055 10056 10053 10054 10053 10056 10056 10055 10057 10059 10058 10060 10060 10061 10059 10062 10063 10064 10066 10067 10063 10063 10065 10066 10063 10062 10065 10068 10069 10070 10069 10068 10071 10072 10073 10074 10072 10075 10073 10077 10076 10078 10077 10078 10079 10081 10082 10083 10080 10084 10085 10086 10085 10084 10087 10088 10089 10091 10092 10087 10090 10089 10088 10088 10087 10092 10093 10094 10095 10096 10097 10094 10094 10093 10096 10093 10095 10098 10100 10099 10101 10103 10102 10104 10103 10105 10102 10106 10105 10107 10108 10109 10110 10110 10111 10108 10114 10115 10112 10113 10112 10115 10115 10114 10116 10116 10117 10118 10117 10116 10114 10119 10120 10121 10121 10122 10119 10120 10119 10123 10123 10124 10120 10126 10125 10127 10128 10125 10129 10126 10127 10130 10131 10132 10133 10132 10131 10134 10137 10138 10136 10136 10135 10137 10140 10139 10141 10142 10143 10144 10147 10148 10146 10142 10146 10148 10149 10144 10143 10144 10149 10145 10150 10151 10152 10152 10153 10154 10154 10155 10156 10157 10158 10159 10159 10160 10161 10161 10162 10163 10164 10165 10166 10166 10167 10168 10169 10170 10171 10172 10173 10169 10174 10175 10172 10176 10168 10167 10167 10166 10165 10165 10164 10177 10162 10161 10160 10160 10159 10158 10158 10157 10178 10155 10154 10153 10153 10152 10151 10151 10150 10179 10170 10169 10173 10173 10172 10175 10175 10174 10180 10181 10182 10183 10184 10185 10186 10187 10188 10189 10190 10191 10192 10193 10194 10195 10196 10197 10198 10199 10200 10201 10202 10203 10204 10178 10205 10206 10199 10207 10157 10208 10199 10201 10207 10199 10208 10209 10157 10207 10178 10210 10205 10157 10211 10212 10211 10157 10209 10210 10157 10212 10210 10178 10157 10203 10178 10206 10203 10202 10178 10156 10213 10214 10155 10215 10216 10155 10217 10215 10202 10217 10155 10217 10202 10204 10156 10218 10213 10155 10219 10156 10219 10155 10216 10218 10156 10219 10220 10156 10214 10199 10220 10200 10220 10199 10156 10180 10221 10222 10193 10223 10174 10224 10193 10195 10223 10193 10224 10225 10174 10223 10180 10226 10221 10174 10227 10228 10227 10174 10225 10226 10174 10228 10226 10180 10174 10197 10180 10222 10197 10196 10180 10229 10230 10231 10176 10232 10233 10176 10234 10232 10196 10234 10176 10234 10196 10198 10229 10235 10230 10176 10236 10229 10236 10176 10233 10235 10229 10236 10237 10229 10231 10193 10237 10194 10237 10193 10229 10177 10238 10239 10187 10240 10164 10241 10187 10189 10240 10187 10241 10242 10164 10240 10177 10243 10238 10164 10244 10245 10244 10164 10242 10243 10164 10245 10243 10177 10164 10191 10177 10239 10191 10190 10177 10163 10246 10247 10162 10248 10249 10162 10250 10248 10190 10250 10162 10250 10190 10192 10163 10251 10246 10162 10252 10163 10252 10162 10249 10251 10163 10252 10253 10163 10247 10187 10253 10188 10253 10187 10163 10179 10254 10255 10181 10256 10150 10257 10181 10183 10256 10181 10257 10258 10150 10256 10179 10259 10254 10150 10260 10261 10260 10150 10258 10259 10150 10261 10259 10179 10150 10185 10179 10255 10185 10184 10179 10171 10262 10263 10170 10264 10265 10170 10266 10264 10184 10266 10170 10266 10184 10186 10171 10267 10262 10170 10268 10171 10268 10170 10265 10267 10171 10268 10269 10171 10263 10181 10269 10182 10269 10181 10171 10168 10176 10229 10270 10271 10272 10273 10274 10275 10276 10277 10278 10279 10280 10281 10274 10273 10282 10283 10275 10284 10281 10285 10286 10275 10283 10273 10287 10272 10288 10289 10283 10284 10283 10289 10290 10290 10291 10292 10293 10294 10295 10291 10290 10289 10292 10296 10297 10294 10293 10298 10299 10300 10301 10277 10276 10302 10303 10302 10304 10296 10292 10291 10297 10298 10293 10300 10299 10295 10278 10301 10276 10302 10303 10277 10303 10305 10306 10272 10287 10270 10271 10270 10307 10282 10307 10274 10298 10297 10296 10301 10278 10299 10305 10303 10304 10306 10286 10285 10287 10288 10279 10307 10282 10271 10295 10294 10300 10286 10306 10305 10285 10281 10280 10280 10279 10288 10308 10309 10310 10311 10312 10313 10314 10315 10312 10316 10317 10315 10309 10308 10317 10310 10318 10308 10319 10320 10318 10321 10322 10320 10323 10324 10322 10325 10326 10324 10327 10328 10326 10329 10330 10328 10331 10332 10330 10333 10334 10332 10335 10336 10334 10337 10338 10336 10339 10340 10338 10341 10342 10340 10342 10341 10343 10340 10339 10341 10338 10337 10339 10336 10335 10337 10334 10333 10335 10332 10331 10333 10330 10329 10331 10328 10327 10329 10326 10325 10327 10324 10323 10325 10313 10343 10311 10312 10311 10314 10315 10314 10316 10317 10316 10309 10343 10313 10342 10318 10310 10319 10320 10319 10321 10322 10321 10323 10344 10345 10346 10347 10348 10344 10349 10350 10351 10352 10353 10354 10355 10356 10357 10350 10349 10347 10358 10351 10350 10353 10352 10358 10359 10354 10353 10360 10361 10362 10363 10364 10365 10361 10360 10359 10366 10367 10368 10369 10357 10364 10370 10365 10371 10372 10361 10367 10373 10374 10375 10357 10369 10355 10364 10363 10369 10365 10370 10363 10371 10376 10370 10361 10372 10362 10377 10368 10374 10378 10375 10356 10368 10377 10366 10374 10373 10377 10375 10378 10373 10367 10366 10372 10346 10379 10380 10380 10381 10382 10382 10376 10383 10354 10359 10360 10348 10347 10349 10379 10346 10345 10376 10382 10381 10351 10358 10352 10381 10380 10379 10345 10344 10348 10376 10371 10383 10356 10355 10378 10384 10385 10386 10388 10387 10385 10390 10388 10391 10388 10390 10389 10385 10387 10392 10385 10392 10386 10393 10388 10394 10394 10395 10396 10396 10395 10397 10395 10394 10388 10388 10393 10398 10399 10395 10400 10401 10395 10402 10401 10402 10403 10395 10399 10404 10395 10404 10397 10405 10402 10406 10407 10402 10385 10402 10407 10408 10402 10408 10409 10388 10398 10391 10388 10410 10395 10411 10412 10410 10413 10414 10412 10415 10416 10414 10417 10418 10419 10420 10421 10422 10422 10421 10423 10424 10425 10426 10426 10425 10427 10428 10425 10429 10425 10428 10430 10425 10430 10427 10425 10424 10421 10421 10424 10423 10428 10429 10431 10432 10429 10433 10432 10433 10434 10434 10433 10435 10429 10432 10436 10437 10438 10439 10439 10438 10440 10441 10438 10416 10438 10441 10442 10438 10442 10440 10438 10437 10433 10433 10437 10435 10443 10416 10420 10416 10443 10444 10416 10444 10441 10429 10436 10431 10429 10445 10433 10446 10447 10445 10448 10449 10447 10450 10451 10449 10452 10453 10454 10455 10453 10456 10457 10453 10458 10457 10458 10459 10460 10458 10461 10461 10462 10463 10463 10462 10464 10462 10461 10458 10458 10460 10465 10458 10465 10459 10453 10455 10466 10451 10467 10462 10469 10451 10470 10471 10406 10472 10473 10472 10474 10475 10476 10477 10478 10479 10480 10473 10481 10482 10475 10483 10474 10484 10475 10477 10483 10475 10484 10485 10474 10483 10473 10486 10481 10474 10487 10473 10488 10474 10485 10487 10474 10488 10486 10473 10487 10478 10482 10479 10482 10478 10473 10417 10489 10490 10419 10491 10492 10478 10491 10419 10493 10478 10480 10491 10478 10493 10417 10494 10489 10495 10419 10492 10494 10419 10495 10494 10417 10419 10496 10417 10490 10475 10496 10476 10496 10475 10417 10418 10417 10497 10498 10497 10499 10458 10499 10462 10451 10500 10501 10451 10502 10500 10497 10498 10418 10502 10451 10453 10453 10466 10454 10470 10451 10501 10462 10503 10464 10462 10467 10503 10403 10402 10409 10472 10473 10471 10406 10471 10405 10402 10405 10385 10385 10384 10407 10410 10388 10411 10412 10411 10413 10414 10413 10415 10416 10415 10421 10421 10420 10416 10445 10429 10446 10447 10446 10448 10449 10448 10450 10451 10450 10453 10453 10452 10502 10499 10458 10498 10451 10469 10468 10504 10505 10506 10507 10508 10509 10508 10507 10505 10506 10510 10504 10511 10512 10510 10513 10514 10512 10514 10513 10515 10516 10514 10515 10517 10518 10516 10518 10517 10519 10510 10506 10511 10512 10511 10513 10514 10516 10518 10519 10520 10521 10522 10523 10524 10525 10526 10527 10528 10527 10529 10530 10529 10531 10532 10533 10534 10535 10536 10537 10538 10507 10509 10537 10539 10538 10539 10537 10536 10507 10538 10539 10536 10535 10540 10534 10540 10535 10540 10534 10533 10533 10532 10541 10532 10531 10541 10531 10532 10530 10529 10530 10528 10527 10528 10525 10542 10523 10526 10523 10542 10524 10526 10525 10542 10521 10543 10522 10543 10521 10520 10523 10522 10543 10520 10519 10517 10505 10504 10508 10544 10545 10546 10547 10546 10548 10546 10547 10544 10549 10550 10545 10551 10552 10550 10553 10554 10552 10554 10553 10555 10556 10554 10555 10557 10558 10556 10558 10557 10559 10560 10559 10557 10561 10562 10563 10563 10564 10560 10564 10563 10562 10565 10566 10567 10561 10567 10568 10567 10561 10565 10569 10570 10566 10571 10572 10570 10573 10574 10572 10574 10573 10575 10576 10574 10575 10577 10578 10576 10578 10577 10579 10580 10579 10577 10547 10581 10582 10582 10583 10580 10583 10582 10581 10581 10547 10548 10579 10580 10583 10574 10576 10578 10572 10571 10573 10570 10569 10571 10566 10565 10569 10562 10561 10568 10559 10560 10564 10554 10556 10558 10552 10551 10553 10550 10549 10551 10545 10544 10549 10584 10585 10586 10587 10586 10588 10586 10587 10584 10589 10590 10585 10591 10592 10593 10592 10591 10594 10595 10592 10594 10596 10597 10595 10597 10596 10598 10599 10598 10596 10600 10601 10602 10602 10603 10599 10603 10602 10601 10604 10605 10606 10600 10606 10607 10606 10600 10604 10608 10609 10605 10610 10611 10609 10612 10613 10611 10613 10612 10614 10615 10613 10614 10616 10617 10615 10617 10616 10618 10619 10618 10616 10587 10620 10621 10621 10622 10619 10622 10621 10620 10620 10587 10588 10618 10619 10622 10613 10615 10617 10611 10610 10612 10609 10608 10610 10605 10604 10608 10601 10600 10607 10598 10599 10603 10592 10595 10597 10593 10623 10591 10590 10589 10623 10585 10584 10589 10623 10593 10590 10624 10625 10626 10625 10624 10627 10628 10629 10630 10631 10632 10629 10633 10634 10632 10634 10633 10635 10636 10634 10635 10637 10638 10636 10638 10637 10639 10640 10639 10637 10641 10642 10643 10643 10644 10640 10644 10643 10642 10645 10646 10647 10641 10647 10648 10647 10641 10645 10649 10650 10646 10651 10652 10650 10653 10654 10652 10654 10653 10655 10656 10654 10655 10657 10658 10656 10658 10657 10659 10660 10659 10657 10624 10661 10662 10662 10663 10660 10663 10662 10661 10661 10624 10626 10659 10660 10663 10654 10656 10658 10652 10651 10653 10650 10649 10651 10646 10645 10649 10642 10641 10648 10639 10640 10644 10634 10636 10638 10632 10631 10633 10629 10628 10631 10630 10627 10628 10627 10630 10625</p></triangles>
        <triangles material="m7" count="210"><input semantic="VERTEX" source="#v" offset="0"/><p>10664 10665 10666 10667 10666 10668 10669 10668 10670 10671 10670 10672 10673 10674 10665 10670 10671 10669 10668 10669 10667 10666 10667 10664 10665 10664 10673 10674 10673 10675 10676 10675 10677 10678 10677 10679 10680 10679 10681 10682 10681 10683 10684 10683 10685 10686 10685 10687 10672 10687 10671 10687 10672 10686 10683 10684 10682 10681 10682 10680 10679 10680 10678 10677 10678 10676 10685 10686 10684 10675 10676 10674 10688 10689 10690 10691 10692 10693 10694 10695 10691 10688 10696 10689 10697 10698 10699 10700 10701 10695 10696 10702 10703 10697 10690 10704 10705 10699 10698 10700 10695 10694 10703 10706 10707 10708 10709 10710 10690 10697 10688 10698 10697 10704 10700 10711 10701 10706 10703 10702 10712 10707 10711 10713 10695 10701 10708 10714 10715 10711 10700 10712 10692 10691 10695 10705 10692 10716 10707 10712 10703 10699 10705 10716 10692 10705 10693 10695 10717 10718 10708 10719 10720 10688 10721 10722 10723 10724 10708 10725 10688 10726 10727 10726 10728 10729 10730 10731 10732 10695 10713 10714 10708 10710 10688 10733 10734 10735 10695 10732 10688 10715 10733 10702 10688 10734 10708 10735 10709 10715 10688 10708 10702 10696 10688 10735 10708 10695 10695 10736 10737 10738 10739 10740 10717 10695 10737 10718 10741 10742 10708 10743 10744 10745 10730 10724 10723 10708 10746 10726 10727 10725 10727 10747 10729 10730 10745 10731 10724 10723 10748 10741 10718 10717 10749 10741 10750 10688 10725 10751 10730 10729 10747 10746 10708 10752 10722 10708 10688 10747 10727 10728 10708 10722 10752 10708 10753 10743 10695 10754 10736 10741 10749 10742 10755 10739 10738 10738 10753 10708 10708 10754 10695 10755 10750 10756 10753 10738 10740 10754 10708 10744 10750 10755 10749 10739 10755 10756 10708 10757 10719 10758 10759 10760 10738 10720 10761 10724 10762 10763 10720 10738 10708 10764 10738 10761 10724 10765 10762 10708 10766 10757 10767 10768 10758 10769 10759 10765 10724 10766 10708 10738 10770 10767 10759 10758 10768 10759 10769 10760 10765 10724 10769 10766 10724 10763 10770 10738 10764 10768 10767 10770 10688 10751 10721 10724 10748 10745 10771 10772 10773 10773 10774 10775 10775 10776 10777 10777 10778 10779 10779 10780 10781 10781 10782 10783 10783 10784 10785 10785 10786 10787 10787 10788 10789 10789 10790 10791 10791 10792 10793 10793 10794 10795 10796 10797 10771 10797 10796 10798 10798 10795 10794 10794 10793 10792 10792 10791 10790 10790 10789 10788 10788 10787 10786 10786 10785 10784 10784 10783 10782 10782 10781 10780 10780 10779 10778 10778 10777 10776 10776 10775 10774 10774 10773 10772 10772 10771 10797 10795 10798 10796 10799 10800 10801 10799 10801 10802 10799 10802 10803 10799 10803 10804 10799 10804 10805 10799 10805 10806 10799 10806 10807 10799 10807 10808 10799 10808 10809 10799 10809 10810 10800 10799 10811 10799 10810 10811 10813 10812 10814 10815 10816 10817 10816 10818 10819 10818 10816 10815 10820 10821 10822 10823 10824 10820 10825 10826 10827 10822 10828 10829 10829 10830 10831 10831 10832 10833 10833 10834 10825 10835 10836 10837 10838 10839 10835 10838 10840 10841 10842 10826 10840 10826 10842 10827 10840 10838 10842 10839 10838 10841 10836 10835 10839 10834 10833 10832 10832 10831 10830 10830 10829 10828 10828 10822 10821 10821 10820 10824 10824 10823 10843 10843 10837 10836 10826 10825 10834 10837 10843 10823 10844 10845 10846 10847 10848 10849 10850 10851 10852 10852 10846 10845 10846 10852 10851 10851 10850 10853 10848 10847 10854 10855 10856 10844 10857 10858 10859 10854 10860 10857 10861 10862 10849 10845 10844 10856 10856 10855 10863 10863 10859 10858 10858 10857 10860 10860 10854 10847 10862 10864 10865 10865 10866 10867 10853 10866 10868 10867 10866 10850 10866 10853 10850 10866 10865 10864 10864 10862 10861 10848 10861 10849 10861 10848 10869 10859 10863 10855</p></triangles>
        <triangles material="m8" count="36"><input semantic="VERTEX" source="#v" offset="0"/><p>10870 10871 10872 10870 10873 10871 10870 10874 10873 10870 10875 10874 10870 10876 10875 10870 10877 10876 10870 10878 10877 10870 10879 10878 10870 10880 10879 10870 10881 10880 10870 10882 10881 10882 10870 10872 10883 10884 10885 10886 10887 10883 10888 10889 10886 10890 10891 10888 10892 10893 10890 10894 10895 10892 10896 10885 10884 10897 10898 10899 10900 10901 10897 10902 10903 10900 10904 10905 10902 10885 10896 10904 10905 10904 10896 10903 10902 10905 10901 10900 10903 10898 10897 10901 10906 10899 10898 10895 10894 10906 10893 10892 10895 10884 10883 10887 10891 10890 10893 10889 10888 10891 10887 10886 10889 10899 10906 10894</p></triangles>
        <triangles material="m9" count="6267"><input semantic="VERTEX" source="#v" offset="0"/><p>10911 10913 10914 10917 10918 10915 10918 10919 10920 10920 10921 10922 10922 10923 10924 10927 10910 10928 10929 10930 10931 10931 10932 10929 10935 10928 10936 10936 10937 10935 10938 10937 10939 10940 10938 10941 10942 10943 10944 10945 10946 10942 10947 10948 10949 10950 10949 10948 10951 10950 10952 10951 10952 10953 10954 10955 10956 10957 10958 10954 10958 10959 10960 10958 10960 10961 10962 10961 10960 10963 10964 10965 10965 10964 10966 10967 10968 10969 10970 10971 10933 10972 10974 10975 10976 10977 10940 10977 10978 10979 10946 10979 10978 10975 10980 10981 10983 10984 10985 10989 10947 10932 10985 10990 10983 10990 10991 10992 10993 10994 10995 10996 10995 10997 10998 10999 11000 11002 11003 11004 11006 11007 11005 11008 11006 11009 11012 11013 11014 11014 11015 11012 11016 11017 11015 11018 11019 11020 11018 11021 11022 11023 11024 11025 11023 11025 11026 11026 11027 11028 11029 11028 11027 11030 11031 11029 11032 11031 11030 11035 11037 11038 11039 11037 11040 11041 11042 11043 11043 11044 11041 11043 11045 11044 11046 11047 11045 11047 11048 11049 11050 11049 11048 11051 11052 11053 11054 11052 11055 11056 11057 11058 11056 11058 11059 11060 11059 11058 11061 11059 11060 11062 11063 11061 11064 11065 11062 11067 11064 11068 11069 11068 11070 11070 11071 11069 11074 11075 11073 11076 11077 11075 11078 11079 11080 11081 11079 11082 11083 11084 11085 11087 11088 11089 11090 11091 11087 11092 11093 11094 11097 11098 11099 11097 11099 11100 11103 11102 11104 11104 11105 11103 11106 11108 11109 11108 11106 11107 11105 11107 11106 11107 11105 11110 11105 11104 11110 11102 11103 11101 11102 11100 11099 11100 11102 11101 11098 11095 11096 11098 11097 11095 11092 11096 11095 11096 11092 11094 11093 11092 11091 11091 11090 11093 11087 11089 11090 11088 11087 11083 11083 11086 11088 11086 11083 11085 11081 11084 11083 11084 11081 11082 11079 11081 11080 11077 11079 11078 11079 11077 11111 11077 11076 11111 11075 11074 11076 11074 11071 11072 11071 11074 11073 11071 11070 11072 11068 11069 11067 11064 11067 11066 11064 11066 11112 11065 11064 11112 11063 11062 11065 11059 11061 11063 11057 11054 11055 11057 11056 11054 11052 11054 11053 11052 11051 11050 11049 11050 11051 11047 11046 11048 11045 11043 11046 11042 11039 11040 11042 11041 11039 11037 11039 11038 11037 11035 11036 11036 11035 11034 11034 11032 11036 11033 11032 11034 11031 11032 11033 11028 11029 11031 11027 11026 11025 11024 11022 11021 11024 11023 11022 11021 11018 11020 11017 11019 11018 11017 11016 11019 11015 11014 11016 11011 11013 11012 11013 11011 11010 11008 11010 11011 11010 11008 11009 11006 11008 11007 11006 11005 11004 11004 11005 11002 11003 11000 11001 11000 11003 11002 11001 11000 10999 10999 10998 10997 10997 10998 10996 10995 10996 10993 10994 10990 10992 10994 10993 10990 10990 10985 10991 10983 10981 10984 10981 10983 10982 10981 10982 10975 10980 10975 10974 10974 10972 10973 10971 10973 10972 10973 10971 10970 10970 10933 10934 10934 10933 10969 10969 10933 10967 10966 10968 10967 10968 10966 10964 10964 10963 10962 10961 10962 10963 10959 10958 11113 10958 10957 11113 10954 10956 10957 10955 10953 10952 10955 10954 10953 11114 10950 10951 10949 10950 11114 10948 10947 10989 10989 10932 10931 10930 10929 10986 10925 10930 10986 10930 10925 10926 10926 10924 10923 10926 10925 10924 10923 10922 10921 10920 10919 10921 10918 10917 10919 10917 10915 10916 10916 10914 10913 10914 10916 10915 10913 10911 10912 10912 10911 10988 10907 10988 10911 10988 10907 10908 10908 10907 10910 10910 10909 10908 10910 10927 10909 10928 10935 10927 10939 10937 10936 10938 10940 10937 10940 10941 10976 10977 10976 11115 10978 10977 11115 10979 10946 10987 10987 10946 11116 10946 10945 11116 10942 10944 10945 11117 10943 10942 10943 11117 11118 11121 11122 11119 11123 11124 11125 11125 11126 11127 11126 11125 11124 11127 11128 11129 11130 11131 11128 11132 11133 11130 11134 11135 11132 11134 11136 11137 11138 11136 11134 11139 11138 11140 11139 11142 11143 11144 11142 11145 11146 11147 11144 11146 11144 11145 11148 11149 11147 11148 11147 11150 11151 11149 11148 11152 11153 11154 11152 11154 11151 11156 11153 11155 11153 11156 11157 11157 11156 11158 11159 11158 11156 11158 11159 11160 11161 11160 11162 11160 11161 11163 11164 11163 11161 11165 11166 11167 11165 11167 11164 11166 11168 11169 11170 11169 11171 11170 11172 11173 11174 11173 11172 11175 11176 11174 11178 11179 11175 11180 11181 11178 11181 11180 11182 11183 11184 11182 11183 11182 11185 11184 11186 11187 11187 11188 11189 11190 11191 11189 11190 11189 11188 11192 11193 11191 11194 11195 11193 11194 11193 11192 11196 11197 11198 11197 11196 11199 11200 11196 11198 11196 11200 11201 11201 11200 11202 11203 11204 11205 11204 11206 11205 11207 11208 11206 11207 11209 11208 11210 11211 11212 11213 11214 11215 11215 11216 11213 11217 11218 11216 11219 11220 11218 11221 11220 11219 11220 11221 11222 11119 11226 11227 11227 11228 11229 11230 11228 11231 11232 11231 11233 11233 11234 11235 11234 11236 11235 11237 11238 11239 11240 11241 11242 11224 11225 11243 11244 11245 11224 11246 11245 11244 11247 11248 11246 11249 11250 11251 11249 11251 11252 11252 11251 11247 11253 11254 11255 11256 11255 11257 11256 11258 11259 11258 11260 11259 11261 11262 11260 11261 11260 11263 11262 11264 11265 11266 11265 11264 11267 11268 11269 11269 11270 11271 11273 11274 11271 11271 11272 11273 11274 11273 11275 11272 11271 11270 11270 11269 11276 11269 11268 11276 11268 11267 11266 11265 11266 11267 11262 11261 11264 11260 11258 11263 11258 11256 11257 11255 11256 11253 11254 11253 11250 11250 11249 11254 11248 11247 11251 11245 11246 11248 11224 11243 11244 11225 11224 11222 11222 11223 11225 11222 11221 11223 11218 11217 11219 11216 11215 11217 11214 11213 11210 11210 11212 11214 11211 11210 11209 11209 11207 11211 11206 11204 11207 11204 11203 11202 11201 11202 11203 11277 11199 11196 11240 11277 11278 11241 11240 11278 11241 11279 11242 11280 11281 11279 11282 11283 11281 11284 11285 11286 11288 11289 11287 11290 11291 11292 11293 11294 11290 11295 11296 11293 11298 11300 11301 11301 11302 11303 11304 11303 11302 11306 11305 11304 11308 11307 11309 11310 11311 11312 11312 11311 11313 11314 11313 11311 11315 11314 11316 11195 11194 11317 11191 11190 11192 11188 11187 11186 11186 11184 11183 11182 11180 11185 11179 11178 11181 11177 11175 11179 11176 11175 11177 11173 11174 11176 11172 11170 11171 11169 11170 11166 11166 11165 11168 11163 11164 11167 11160 11159 11162 11155 11153 11318 11153 11152 11318 11149 11151 11154 11147 11146 11150 11142 11144 11143 11142 11139 11140 11138 11139 11141 11136 11138 11141 11135 11134 11137 11133 11132 11135 11131 11130 11133 11129 11128 11131 11128 11127 11126 11124 11123 11121 11122 11121 11123 11120 11119 11122 11226 11119 11120 11228 11227 11226 11228 11230 11229 11231 11232 11230 11234 11233 11231 11236 11234 11238 11238 11237 11236 11239 11319 11237 11321 11322 11323 11327 11328 11329 11330 11329 11328 11331 11332 11330 11279 11241 11280 11281 11280 11282 11283 11282 11285 11285 11284 11283 11286 11333 11284 11333 11286 11287 11319 11239 11320 11319 11320 11322 11321 11323 11324 11322 11321 11319 11326 11323 11325 11323 11326 11324 11325 11327 11326 11334 11327 11325 11328 11327 11334 11329 11330 11332 11332 11331 11335 11288 11287 11286 11289 11292 11291 11289 11288 11292 11291 11290 11294 11294 11293 11296 11296 11295 11297 11297 11299 11298 11299 11297 11295 11300 11298 11299 11302 11301 11300 11304 11305 11303 11305 11306 11307 11309 11307 11306 11307 11308 11310 11311 11310 11308 11315 11316 11317 11314 11315 11313 11195 11317 11316 11277 11240 11199 11336 11337 11338 11337 11336 11339 11339 11340 11341 11340 11339 11336 11342 11343 11344 11345 11344 11346 11344 11345 11342 11347 11348 11349 11348 11347 11350 11351 11350 11352 11353 11352 11343 11350 11351 11348 11352 11353 11351 11343 11342 11353 11354 11355 11356 11357 11358 11354 11358 11357 11359 11355 11354 11358 11360 11361 11362 11361 11360 11363 11363 11364 11365 11364 11363 11360 11366 11367 11368 11369 11370 11371 11370 11369 11372 11373 11374 11375 11376 11368 11374 11371 11377 11369 11367 11366 11377 11368 11376 11366 11374 11373 11376 11377 11371 11367 11378 11379 11380 11379 11378 11381 11382 11381 11378 11381 11382 11383 11384 11385 11386 11387 11388 11384 11388 11387 11389 11385 11384 11388 11390 11391 11392 11393 11394 11391 11395 11396 11394 11397 11398 11399 11400 11399 11401 11398 11397 11396 11399 11400 11397 11396 11395 11398 11394 11393 11395 11391 11390 11393 11402 11403 11404 11405 11404 11403 11403 11402 11406 11404 11405 11407 11408 11409 11410 11411 11412 11413 11412 11411 11408 11409 11408 11411 11414 11415 11416 11417 11416 11418 11419 11420 11415 11420 11419 11421 11415 11414 11419 11416 11417 11414 11418 11422 11417 11421 11423 11420 11422 11418 11424 11423 11421 11425 11426 11427 11428 11427 11426 11429 11430 11429 11426 11429 11430 11431 11432 11433 11434 11434 11435 11436 11433 11432 11437 11435 11434 11433 11438 11439 11440 11441 11440 11442 11443 11442 11444 11445 11444 11446 11447 11446 11448 11446 11447 11445 11444 11445 11443 11442 11443 11441 11440 11441 11438 11439 11438 11449 11450 11451 11452 11453 11454 11455 11451 11450 11453 11454 11453 11450 11456 11457 11458 11459 11460 11457 11461 11462 11460 11463 11464 11462 11460 11459 11461 11462 11461 11463 11464 11463 11465 11457 11456 11459 11466 11465 11467 11465 11466 11464 11468 11469 11470 11471 11472 11473 11469 11468 11471 11472 11471 11468 11475 11476 11474 11474 11478 11475 11478 11474 11479 11480 11477 11481 11476 11475 11477 11477 11480 11476 11482 11483 11484 11485 11486 11483 11487 11488 11486 11489 11490 11488 11483 11482 11485 11486 11485 11487 11488 11487 11489 11490 11489 11491 11492 11491 11493 11494 11493 11495 11496 11495 11497 11498 11497 11499 11500 11499 11501 11502 11501 11503 11504 11503 11505 11484 11505 11482 11505 11484 11504 11503 11504 11502 11501 11502 11500 11499 11500 11498 11497 11498 11496 11495 11496 11494 11493 11494 11492 11491 11492 11490 11506 11507 11508 11509 11510 11511 11512 11511 11513 11514 11513 11515 11516 11515 11517 11518 11517 11519 11520 11519 11521 11508 11521 11506 11511 11512 11509 11513 11514 11512 11515 11516 11514 11517 11518 11516 11519 11520 11518 11507 11506 11522 11523 11522 11524 11525 11524 11526 11527 11526 11528 11529 11528 11510 11528 11529 11527 11526 11527 11525 11524 11525 11523 11522 11523 11507 11510 11509 11529 11521 11508 11520 11530 11531 11532 11533 11534 11531 11535 11536 11534 11537 11538 11536 11539 11540 11538 11541 11542 11540 11543 11544 11542 11545 11546 11544 11547 11548 11546 11549 11550 11548 11551 11552 11550 11553 11532 11552 11532 11553 11530 11552 11551 11553 11550 11549 11551 11548 11547 11549 11546 11545 11547 11544 11543 11545 11542 11541 11543 11540 11539 11541 11538 11537 11539 11536 11535 11537 11531 11530 11533 11534 11533 11535 11554 11555 11556 11557 11556 11558 11559 11558 11560 11561 11560 11562 11563 11562 11564 11565 11564 11566 11567 11568 11569 11570 11569 11555 11571 11572 11568 11573 11574 11572 11575 11576 11574 11577 11566 11576 11566 11577 11565 11576 11575 11577 11574 11573 11575 11572 11571 11573 11568 11567 11571 11569 11570 11567 11555 11554 11570 11556 11557 11554 11558 11559 11557 11560 11561 11559 11562 11563 11561 11564 11565 11563 11578 11579 11580 11581 11580 11582 11583 11584 11579 11585 11586 11584 11587 11588 11589 11590 11591 11588 11588 11587 11590 11591 11590 11592 11582 11592 11581 11580 11581 11578 11579 11578 11583 11584 11583 11585 11586 11585 11593 11594 11593 11595 11596 11595 11597 11598 11597 11599 11600 11599 11601 11589 11601 11587 11601 11589 11600 11599 11600 11598 11597 11598 11596 11595 11596 11594 11593 11594 11586 11592 11582 11591 11602 11603 11604 11604 11605 11602 11606 11607 11605 11605 11604 11606 11608 11609 11607 11610 11611 11609 11612 11613 11603 11614 11615 11613 11616 11617 11615 11603 11602 11612 11613 11612 11614 11615 11614 11616 11617 11616 11618 11619 11618 11620 11611 11610 11621 11622 11623 11624 11621 11624 11611 11609 11608 11610 11607 11606 11608 11625 11620 11623 11624 11621 11622 11623 11622 11625 11620 11625 11619 11618 11619 11617 11628 11629 11630 11632 11631 11630 11634 11633 11630 11626 11635 11630 11637 11629 11628 11637 11628 11631 11639 11631 11632 11639 11632 11633 11641 11633 11634 11641 11634 11635 11627 11635 11626 11627 11626 11629 11635 11627 11642 11635 11642 11641 11633 11641 11640 11633 11640 11639 11631 11639 11638 11631 11638 11637 11629 11637 11636 11629 11636 11627 11630 11629 11626 11630 11635 11634 11630 11633 11632 11630 11631 11628 11643 11630 11635 11643 11635 11630 11643 11630 11633 11643 11633 11630 11643 11630 11631 11643 11631 11630 11643 11630 11629 11643 11629 11630 11644 11645 11646 11647 11644 11648 11644 11649 11645 11647 11649 11644 11647 11650 11649 11644 11646 11651 11646 11652 11653 11645 11654 11652 11649 11655 11654 11650 11656 11655 11648 11657 11656 11651 11653 11657 11653 11651 11646 11657 11648 11651 11656 11650 11648 11655 11649 11650 11654 11645 11649 11652 11646 11645 11651 11648 11644 11647 11648 11650 11660 11659 11661 11662 11661 11663 11664 11663 11665 11666 11665 11667 11668 11667 11669 11670 11662 11664 11670 11664 11666 11671 11668 11658 11671 11658 11660 11671 11660 11670 11671 11670 11668 11658 11672 11659 11668 11669 11672 11672 11658 11668 11659 11660 11658 11667 11668 11666 11662 11670 11660 11666 11668 11670 11665 11666 11664 11663 11664 11662 11661 11662 11660 11673 11674 11675 11676 11675 11677 11678 11679 11680 11681 11677 11682 11683 11682 11684 11685 11684 11686 11687 11686 11688 11680 11688 11678 11688 11680 11687 11686 11687 11685 11684 11685 11683 11682 11683 11681 11677 11681 11676 11675 11676 11673 11674 11673 11689 11690 11689 11691 11692 11691 11693 11694 11693 11695 11689 11690 11674 11691 11692 11690 11693 11694 11692 11695 11696 11694 11679 11678 11696 11696 11695 11679 11697 11698 11699 11700 11701 11698 11702 11703 11701 11704 11705 11703 11706 11707 11705 11708 11709 11707 11710 11711 11709 11712 11713 11711 11714 11715 11713 11716 11717 11715 11718 11719 11717 11719 11718 11720 11717 11716 11718 11715 11714 11716 11713 11712 11714 11711 11710 11712 11709 11708 11710 11707 11706 11708 11705 11704 11706 11703 11702 11704 11699 11720 11697 11698 11697 11700 11701 11700 11702 11720 11699 11719 11721 11722 11723 11724 11725 11726 11727 11728 11725 11729 11730 11728 11731 11732 11730 11725 11724 11727 11728 11727 11729 11730 11729 11731 11732 11731 11733 11734 11733 11735 11736 11735 11737 11738 11737 11739 11740 11739 11741 11742 11741 11743 11744 11743 11722 11723 11726 11721 11726 11723 11724 11722 11721 11744 11743 11744 11742 11741 11742 11740 11739 11740 11738 11737 11738 11736 11735 11736 11734 11733 11734 11732 11745 11746 11747 11748 11749 11746 11750 11751 11749 11752 11753 11751 11746 11745 11748 11749 11748 11750 11751 11750 11752 11753 11752 11754 11755 11754 11756 11757 11756 11758 11759 11758 11760 11761 11760 11762 11763 11762 11764 11765 11764 11766 11767 11766 11768 11747 11768 11745 11768 11747 11767 11766 11767 11765 11764 11765 11763 11762 11763 11761 11760 11761 11759 11758 11759 11757 11756 11757 11755 11754 11755 11753 11769 11770 11771 11772 11773 11770 11774 11775 11773 11776 11777 11775 11770 11769 11772 11773 11772 11774 11775 11774 11776 11777 11776 11778 11779 11778 11780 11781 11780 11782 11783 11782 11784 11785 11784 11786 11787 11786 11788 11789 11788 11790 11791 11790 11792 11771 11792 11769 11792 11771 11791 11790 11791 11789 11788 11789 11787 11786 11787 11785 11784 11785 11783 11782 11783 11781 11780 11781 11779 11778 11779 11777 11793 11794 11795 11794 11793 11796 11795 11797 11793 11797 11795 11798 11801 11802 11800 11803 11800 11804 11800 11803 11799 11805 11806 11802 11806 11805 11807 11802 11808 11805 11802 11801 11808 11800 11799 11801 11809 11810 11811 11812 11813 11809 11813 11812 11814 11810 11809 11813 11815 11816 11817 11818 11817 11819 11817 11818 11815 11820 11821 11822 11823 11824 11821 11824 11823 11825 11821 11820 11823 11822 11826 11820 11816 11815 11826 11826 11822 11816 11827 11828 11829 11830 11829 11831 11830 11831 11832 11830 11832 11833 11829 11830 11827 11834 11827 11835 11827 11834 11828 11836 11837 11838 11839 11840 11841 11837 11836 11839 11840 11839 11836 11842 11843 11844 11843 11842 11845 11846 11845 11847 11845 11846 11843 11848 11849 11850 11851 11852 11849 11849 11848 11851 11852 11851 11854 11854 11855 11852 11854 11853 11855 11856 11857 11858 11857 11856 11859 11859 11860 11861 11860 11859 11856 11862 11863 11864 11865 11866 11867 11868 11867 11869 11870 11869 11871 11872 11871 11863 11867 11868 11865 11869 11870 11868 11871 11872 11870 11866 11865 11873 11863 11862 11872 11874 11875 11876 11878 11879 11880 11876 11877 11874 11875 11874 11881 11880 11881 11878 11879 11878 11882 11881 11880 11875 11883 11884 11885 11886 11885 11884 11884 11883 11887 11885 11886 11888 11889 11890 11891 11892 11893 11894 11890 11889 11893 11893 11892 11890 11895 11896 11897 11898 11897 11899 11898 11899 11900 11901 11900 11902 11900 11901 11898 11897 11898 11895 11896 11895 11903 11904 11905 11906 11905 11904 11907 11907 11908 11909 11908 11907 11904 11910 11911 11912 11913 11914 11911 11915 11916 11914 11917 11918 11916 11919 11920 11918 11920 11919 11921 11918 11917 11919 11916 11915 11917 11914 11913 11915 11911 11910 11913 11922 11923 11924 11923 11922 11925 11926 11925 11927 11928 11927 11929 11930 11929 11931 11925 11926 11923 11927 11928 11926 11929 11930 11928 11932 11933 11934 11934 11935 11936 11935 11934 11933 11933 11932 11937 11938 11939 11940 11939 11938 11941 11940 11942 11938 11942 11940 11943 11944 11945 11946 11947 11948 11945 11950 11951 11948 11950 11952 11951 11952 11950 11953 11948 11949 11950 11948 11947 11949 11945 11944 11947 11954 11955 11956 11955 11954 11957 11957 11958 11959 11958 11957 11954 11960 11961 11962 11962 11963 11960 11964 11965 11963 11966 11967 11965 11968 11969 11967 11963 11962 11964 11965 11964 11966 11967 11966 11968 11969 11968 11970 11961 11960 11971 11972 11974 11973 11975 11973 11976 11973 11975 11972 11977 11978 11974 11978 11979 11980 11978 11977 11979 11974 11972 11977 11981 11982 11983 11982 11981 11984 11984 11985 11986 11985 11984 11981 11987 11988 11989 11990 11991 11992 11988 11987 11991 11991 11990 11988 11993 11994 11995 11996 11997 11994 11998 11999 11997 12000 12001 11999 12001 12000 12002 11999 11998 12000 11997 11996 11998 11994 11993 11996 12003 12004 12005 12004 12003 12006 12006 12007 12008 12007 12006 12003 12009 12010 12011 12010 12009 12012 12012 12013 12010 12014 12015 12016 12017 12016 12018 12019 12018 12020 12015 12014 12013 12016 12017 12014 12013 12012 12015 12018 12019 12017 12021 12022 12023 12021 12023 12024 12024 12025 12021 12026 12027 12022 12022 12021 12026 12027 12026 12028 12029 12030 12031 12030 12029 12032 12033 12031 12030 12031 12033 12034 12035 12036 12037 12038 12039 12036 12040 12041 12039 12042 12043 12044 12045 12046 12047 12048 12047 12049 12050 12049 12051 12052 12051 12053 12054 12053 12041 12053 12054 12052 12051 12052 12050 12049 12050 12048 12047 12048 12045 12046 12045 12055 12044 12055 12042 12043 12042 12056 12057 12056 12058 12056 12057 12043 12041 12040 12054 12055 12044 12046 12039 12038 12040 12036 12035 12038 12037 12058 12035 12058 12037 12057 12059 12060 12061 12062 12061 12063 12064 12063 12065 12066 12065 12067 12068 12067 12069 12070 12069 12071 12072 12071 12073 12074 12073 12075 12076 12075 12077 12075 12076 12074 12073 12074 12072 12071 12072 12070 12069 12070 12068 12067 12068 12066 12065 12066 12064 12063 12064 12062 12061 12062 12059 12060 12059 12078 12079 12078 12080 12081 12080 12082 12077 12082 12076 12078 12079 12060 12080 12081 12079 12082 12077 12081 12083 12084 12085 12086 12087 12084 12088 12089 12087 12090 12091 12089 12092 12093 12091 12094 12095 12093 12096 12097 12095 12098 12099 12097 12100 12101 12099 12101 12100 12102 12099 12098 12100 12097 12096 12098 12095 12094 12096 12093 12092 12094 12091 12090 12092 12089 12088 12090 12087 12086 12088 12084 12083 12086 12085 12103 12083 12104 12105 12103 12106 12102 12105 12102 12106 12101 12105 12104 12106 12103 12085 12104 12109 12110 12111 12112 12107 12113 12110 12109 12114 12113 12114 12112 12107 12112 12108 12114 12113 12110 12115 12108 12116 12108 12115 12107 12117 12118 12119 12120 12121 12117 12121 12120 12122 12118 12117 12121 12123 12124 12125 12126 12127 12128 12129 12130 12127 12131 12132 12130 12132 12131 12133 12130 12129 12131 12127 12126 12129 12128 12134 12126 12124 12123 12134 12134 12128 12124 12135 12136 12137 12138 12137 12136 12137 12138 12139 12136 12135 12140 12141 12142 12143 12146 12145 12147 12148 12147 12149 12145 12144 12142 12145 12146 12144 12147 12148 12146 12142 12141 12145 12150 12151 12152 12153 12152 12154 12151 12150 12155 12152 12153 12150 12156 12158 12157 12159 12160 12161 12162 12161 12163 12160 12159 12164 12161 12162 12159 12157 12164 12156 12158 12156 12165 12164 12157 12160 12166 12167 12168 12167 12166 12169 12169 12170 12171 12170 12169 12166 12172 12173 12174 12175 12177 12176 12178 12179 12177 12179 12178 12180 12177 12175 12178 12176 12174 12175 12173 12172 12181 12174 12176 12172 12182 12183 12184 12185 12186 12183 12183 12182 12185 12186 12185 12187 12188 12189 12190 12191 12192 12193 12190 12194 12188 12194 12190 12195 12189 12188 12192 12192 12191 12189 12196 12197 12198 12199 12200 12201 12202 12201 12203 12200 12199 12204 12201 12202 12199 12203 12198 12202 12197 12196 12205 12198 12203 12196 12206 12207 12208 12207 12206 12209 12210 12209 12211 12209 12210 12207 12212 12213 12214 12214 12216 12212 12213 12212 12215 12215 12217 12213 12216 12214 12218 12217 12215 12219 12220 12221 12222 12223 12224 12225 12221 12220 12224 12224 12223 12221 12228 12227 12229 12230 12232 12231 12232 12230 12233 12227 12228 12226 12231 12226 12230 12226 12231 12227 12234 12235 12236 12237 12236 12238 12235 12234 12239 12236 12237 12234 12240 12242 12241 12243 12244 12242 12244 12243 12245 12242 12240 12243 12248 12247 12249 12247 12248 12246 12246 12250 12247 12250 12246 12251 12252 12253 12254 12255 12256 12253 12256 12255 12257 12253 12252 12255 12258 12259 12260 12261 12260 12262 12263 12262 12264 12262 12263 12261 12259 12258 12265 12260 12261 12258 12266 12269 12267 12270 12267 12271 12267 12270 12266 12269 12266 12268 12272 12268 12273 12268 12272 12269 12274 12275 12276 12276 12277 12274 12275 12274 12278 12277 12276 12279 12280 12281 12282 12283 12284 12281 12285 12286 12287 12288 12287 12284 12281 12280 12283 12284 12283 12288 12286 12285 12289 12287 12288 12285 12290 12291 12292 12293 12294 12291 12295 12296 12292 12295 12292 12296 12295 12296 12294 12295 12294 12296 12295 12296 12297 12295 12297 12296 12295 12296 12298 12299 12300 12294 12301 12297 12300 12303 12304 12297 12305 12298 12304 12292 12302 12290 12291 12290 12293 12294 12293 12299 12300 12299 12301 12297 12301 12303 12304 12303 12305 12298 12305 12306 12295 12298 12296 12300 12297 12296 12307 12306 12302 12296 12292 12291 12296 12294 12300 12296 12297 12304 12296 12307 12292 12296 12298 12307 12306 12307 12298 12302 12292 12307 12291 12294 12296 12296 12304 12298 12308 12309 12310 12309 12312 12311 12314 12312 12313 12316 12313 12315 12317 12315 12310 12308 12310 12315 12308 12315 12313 12308 12313 12309 12320 12311 12312 12312 12309 12313 12321 12310 12319 12318 12319 12311 12319 12318 12321 12310 12321 12317 12315 12317 12316 12319 12310 12309 12309 12311 12319 12311 12320 12318 12312 12314 12320 12313 12316 12314 12322 12323 12324 12323 12322 12325 12325 12326 12327 12326 12325 12322 12328 12329 12330 12329 12328 12331 12332 12330 12333 12330 12332 12328 12333 12334 12332 12335 12336 12334 12336 12335 12337 12334 12333 12335 12338 12339 12340 12341 12340 12339 12340 12341 12342 12339 12338 12343 12344 12345 12346 12345 12344 12347 12348 12347 12349 12350 12349 12351 12352 12351 12353 12354 12353 12355 12353 12354 12352 12351 12352 12350 12349 12350 12348 12347 12348 12345 12356 12357 12358 12359 12360 12357 12361 12362 12360 12363 12364 12362 12365 12366 12364 12367 12368 12366 12369 12370 12368 12362 12361 12363 12368 12367 12369 12358 12371 12356 12364 12363 12365 12357 12356 12359 12366 12365 12367 12372 12373 12371 12374 12375 12373 12376 12377 12370 12378 12379 12377 12375 12374 12379 12373 12372 12374 12379 12378 12375 12377 12376 12378 12370 12369 12376 12371 12358 12372 12360 12359 12361 12380 12381 12382 12383 12382 12384 12385 12386 12381 12387 12388 12389 12390 12389 12391 12392 12391 12393 12394 12395 12396 12397 12396 12398 12399 12384 12388 12400 12398 12386 12401 12393 12402 12393 12401 12392 12391 12392 12390 12389 12390 12387 12388 12387 12399 12384 12399 12383 12382 12383 12380 12381 12380 12385 12398 12400 12397 12396 12397 12394 12395 12394 12403 12402 12403 12401 12403 12402 12395 12386 12385 12400 12404 12405 12406 12407 12408 12405 12409 12410 12408 12411 12412 12413 12414 12413 12415 12406 12415 12404 12415 12406 12414 12408 12407 12409 12410 12409 12416 12416 12417 12410 12418 12419 12417 12420 12421 12419 12422 12423 12421 12417 12416 12418 12423 12422 12424 12425 12426 12412 12413 12414 12411 12412 12411 12425 12427 12424 12426 12426 12425 12427 12421 12420 12422 12405 12404 12407 12419 12418 12420 12424 12427 12423 12428 12429 12430 12431 12430 12429 12429 12428 12432 12430 12431 12433 12434 12435 12436 12437 12438 12439 12440 12439 12435 12441 12442 12443 12436 12443 12434 12435 12434 12440 12439 12440 12437 12438 12437 12444 12442 12441 12445 12443 12436 12441 12446 12447 12448 12449 12450 12451 12450 12449 12446 12447 12446 12449 12452 12453 12454 12453 12452 12455 12457 12454 12458 12454 12457 12452 12456 12455 12459 12455 12456 12453 12460 12461 12462 12462 12463 12460 12463 12462 12464 12461 12460 12465 12466 12467 12468 12467 12466 12469 12469 12470 12471 12470 12469 12466 12472 12473 12474 12475 12476 12477 12478 12479 12476 12473 12472 12480 12476 12475 12478 12474 12481 12472 12479 12478 12481 12481 12474 12479 12482 12483 12484 12485 12486 12483 12487 12488 12486 12489 12490 12488 12491 12492 12490 12492 12491 12493 12490 12489 12491 12483 12482 12485 12488 12487 12489 12486 12485 12487 12494 12495 12496 12495 12494 12497 12497 12498 12499 12498 12497 12494 12500 12501 12502 12501 12500 12503 12503 12504 12505 12504 12503 12500 12507 12506 12508 12509 12508 12510 12509 12510 12511 12511 12512 12509 12508 12509 12507 12513 12507 12514 12507 12513 12506 12515 12516 12517 12518 12519 12520 12521 12520 12522 12523 12522 12524 12522 12523 12521 12520 12521 12518 12519 12518 12525 12517 12525 12515 12516 12515 12526 12525 12517 12519 12527 12528 12529 12528 12527 12530 12530 12531 12532 12531 12530 12527 12533 12534 12535 12535 12536 12537 12534 12533 12538 12536 12535 12534 12539 12540 12541 12542 12543 12539 12543 12544 12545 12543 12542 12544 12540 12539 12546 12539 12541 12542 12547 12548 12549 12548 12547 12550 12551 12550 12552 12553 12552 12554 12555 12554 12556 12554 12555 12553 12552 12553 12551 12550 12551 12548 12557 12549 12558 12549 12557 12547 12559 12560 12561 12562 12563 12559 12560 12559 12563 12563 12562 12564 12567 12568 12569 12569 12571 12567 12568 12567 12570 12568 12570 12566 12571 12569 12572 12565 12566 12573 12566 12565 12568 12574 12575 12576 12575 12574 12577 12578 12577 12574 12577 12578 12579 12580 12581 12582 12581 12580 12583 12582 12584 12580 12582 12585 12584 12586 12587 12588 12585 12582 12586 12586 12588 12585 12587 12586 12589 12590 12591 12592 12593 12592 12594 12595 12594 12596 12597 12596 12598 12599 12598 12600 12598 12599 12597 12591 12590 12601 12592 12593 12590 12594 12595 12593 12596 12597 12595 12602 12603 12604 12604 12605 12606 12605 12604 12603 12603 12602 12607 12612 12611 12609 12613 12614 12615 12611 12610 12614 12611 12612 12610 12609 12608 12612 12609 12616 12608 12614 12613 12611 12617 12618 12619 12619 12620 12617 12621 12622 12623 12624 12623 12625 12626 12627 12628 12629 12630 12631 12632 12631 12633 12634 12635 12627 12636 12637 12638 12628 12638 12626 12627 12626 12634 12635 12634 12639 12633 12639 12632 12631 12632 12629 12630 12629 12618 12618 12617 12630 12640 12625 12637 12625 12640 12624 12637 12636 12640 12638 12628 12636 12623 12624 12621 12622 12621 12641 12620 12619 12622 12620 12622 12641 12639 12633 12635 12642 12643 12644 12645 12646 12647 12648 12649 12650 12651 12650 12652 12653 12652 12654 12655 12654 12656 12657 12656 12658 12644 12658 12642 12658 12644 12657 12656 12657 12655 12654 12655 12653 12652 12653 12651 12650 12651 12648 12649 12648 12659 12647 12659 12645 12646 12645 12660 12661 12660 12662 12663 12662 12664 12665 12664 12643 12660 12661 12646 12662 12663 12661 12664 12665 12663 12659 12647 12649 12643 12642 12665 12666 12667 12668 12669 12668 12670 12671 12672 12673 12674 12673 12675 12676 12677 12678 12679 12675 12680 12678 12680 12676 12677 12676 12681 12682 12681 12683 12684 12683 12685 12686 12685 12687 12688 12687 12667 12687 12688 12686 12680 12678 12679 12675 12679 12674 12673 12674 12671 12672 12671 12689 12670 12689 12669 12668 12669 12666 12667 12666 12688 12685 12686 12684 12683 12684 12682 12681 12682 12677 12689 12670 12672 12690 12691 12692 12693 12692 12694 12695 12694 12696 12697 12696 12698 12696 12697 12695 12694 12695 12693 12699 12700 12691 12701 12702 12700 12703 12704 12702 12704 12703 12705 12706 12707 12708 12709 12710 12707 12711 12712 12710 12713 12698 12712 12708 12705 12706 12707 12706 12709 12710 12709 12711 12702 12701 12703 12712 12711 12713 12692 12693 12690 12698 12713 12697 12691 12690 12699 12700 12699 12701 12705 12708 12704 12714 12715 12716 12717 12718 12715 12719 12720 12718 12721 12722 12720 12723 12724 12722 12725 12726 12724 12727 12728 12726 12729 12730 12728 12731 12732 12730 12733 12734 12732 12735 12736 12734 12737 12716 12736 12716 12737 12714 12736 12735 12737 12734 12733 12735 12732 12731 12733 12730 12729 12731 12728 12727 12729 12726 12725 12727 12724 12723 12725 12718 12717 12719 12715 12714 12717 12720 12719 12721 12722 12721 12723 12738 12740 12739 12738 12741 12740 12744 12739 12740 12747 12741 12742 12739 12744 12743 12748 12742 12739 12749 12739 12743 12750 12743 12744 12751 12744 12745 12752 12745 12741 12745 12752 12751 12744 12751 12750 12743 12750 12749 12739 12749 12748 12742 12748 12747 12741 12747 12746 12741 12746 12752 12740 12745 12744 12740 12741 12745 12738 12739 12742 12738 12742 12741 12753 12755 12754 12756 12757 12755 12758 12759 12757 12760 12761 12759 12761 12760 12762 12759 12758 12760 12757 12756 12758 12755 12753 12756 12763 12764 12765 12765 12766 12763 12764 12763 12767 12766 12765 12768 12771 12772 12770 12773 12774 12772 12774 12773 12775 12772 12771 12773 12770 12769 12771 12770 12776 12769 12776 12770 12777 12778 12779 12780 12781 12782 12779 12782 12781 12783 12779 12778 12781 12784 12785 12786 12787 12788 12785 12785 12784 12787 12788 12787 12789 12790 12791 12792 12793 12792 12794 12795 12794 12796 12797 12796 12798 12796 12797 12795 12794 12795 12793 12792 12793 12790 12791 12790 12799 12800 12801 12802 12803 12804 12801 12804 12803 12805 12801 12800 12803 12808 12809 12807 12810 12811 12809 12812 12813 12811 12809 12808 12810 12811 12810 12812 12813 12812 12814 12807 12806 12808 12815 12816 12817 12818 12819 12820 12819 12818 12816 12816 12815 12819 12821 12822 12823 12824 12825 12826 12827 12828 12829 12824 12830 12831 12823 12832 12833 12830 12824 12826 12831 12834 12821 12832 12823 12822 12835 12836 12837 12834 12831 12830 12822 12821 12834 12833 12838 12835 12839 12840 12841 12838 12833 12832 12836 12835 12838 12842 12836 12843 12844 12841 12825 12836 12842 12837 12829 12843 12827 12841 12844 12839 12825 12824 12844 12843 12829 12842 12828 12827 12840 12840 12839 12828 12845 12846 12847 12848 12849 12850 12851 12852 12853 12846 12845 12854 12855 12856 12851 12852 12848 12853 12857 12858 12859 12858 12854 12860 12861 12854 12862 12854 12858 12862 12863 12864 12861 12858 12857 12862 12864 12863 12865 12860 12854 12845 12854 12861 12864 12866 12865 12867 12867 12865 12863 12868 12865 12869 12871 12872 12868 12865 12870 12869 12865 12868 12872 12873 12872 12871 12873 12874 12875 12875 12874 12876 12876 12877 12878 12874 12873 12871 12877 12876 12880 12881 12878 12882 12879 12872 12883 12876 12874 12880 12878 12881 12876 12886 12885 12879 12872 12873 12883 12881 12882 12884 12885 12886 12884 12872 12879 12885 12887 12888 12889 12887 12885 12882 12885 12887 12889 12890 12888 12891 12890 12891 12892 12888 12890 12893 12892 12895 12896 12893 12898 12888 12894 12892 12891 12895 12892 12894 12897 12896 12899 12896 12900 12901 12898 12893 12902 12900 12896 12897 12901 12898 12902 12904 12903 12905 12903 12904 12906 12907 12904 12898 12904 12907 12906 12907 12898 12908 12908 12898 12900 12909 12904 12905 12904 12909 12910 12911 12912 12913 12912 12911 12914 12913 12912 12915 12918 12919 12916 12916 12913 12918 12913 12915 12918 12904 12916 12920 12919 12918 12921 12916 12904 12922 12916 12922 12917 12925 12926 12927 12928 12929 12926 12930 12925 12927 12924 12923 12931 12932 12924 12933 12929 12928 12934 12925 12930 12933 12935 12936 12919 12924 12932 12923 12933 12930 12932 12931 12923 12936 12936 12935 12931 12937 12938 12939 12941 12924 12942 12924 12941 12940 12939 12938 12943 12943 12924 12944 12924 12940 12945 12924 12943 12938 12942 12924 12931 12924 12945 12944 12946 12947 12948 12947 12938 12949 12948 12950 12946 12950 12948 12951 12952 12953 12950 12952 12950 12954 12955 12950 12951 12956 12957 12958 12950 12955 12954 12959 12951 12960 12957 12956 12960 12955 12951 12959 12961 12962 12963 12965 12957 12960 12960 12964 12966 12957 12965 12967 12960 12966 12968 12960 12968 12965 12969 12957 12970 12971 12957 12972 12957 12971 12970 12974 12975 12976 12975 12977 12978 12980 12958 12957 12981 12977 12982 12983 12982 12984 12958 12980 12979 12982 12983 12981 12985 12986 12987 12979 12980 12978 12977 12981 12988 12986 12985 12984 12977 12988 12979 12989 12982 12990 12982 12977 12991 12979 12978 12977 12982 12991 12990 12982 12989 12992 12993 12994 12995 12996 12997 12998 12994 12996 12998 12999 13000 12997 12994 12993 12996 12992 12998 12997 12999 12997 13001 13001 12997 13002 12998 12992 12989 12997 12996 13002 13003 13004 13005 13005 13004 13006 13006 13004 13007 13008 13004 13009 13010 13009 13000 13004 13008 13007 13008 13009 13011 13009 13010 13012 13009 13012 13011 13014 13015 13003 13003 13013 13014 13016 13017 13018 13017 13016 13019 13018 13017 13020 13020 13017 13021 13015 13021 13017 13017 13022 13023 13022 13017 13024 13027 13028 13029 13026 13023 13032 13033 13034 13035 13027 13029 13030 13030 13031 13025 13023 13025 13031 13032 13023 13036 13031 13030 13029 13035 13036 13033 13028 13027 13034 13034 13033 13028 13037 13038 13031 13037 13031 13029 13039 13038 13040 13041 13038 13042 13038 13041 13040 13038 13039 13043 13044 13045 13038 13038 13043 13046 13038 13046 13044 13048 13047 13049 13045 13048 13049 13050 13051 13052 13052 13053 13054 13053 13052 13051 13053 13055 13054 13055 13056 13057 13056 13055 13053 13049 13056 13045 13056 13049 13057 13038 13037 13042 13036 13035 13032 13023 13022 13036 13017 13019 13024 13004 13003 13015 13058 13010 13000 13000 12999 13058 12852 12851 12856 12975 12974 12977 12957 12973 12980 12957 12967 12972 12953 12952 13059 12947 12946 12938 12938 12937 12949 12926 12925 12928 12919 12921 12935 12904 12910 12922 12898 12901 12900 12888 12887 12891 12865 12866 12870 12864 12865 13060 12961 12850 12849 12961 13061 12847 13062 13063 13064 13065 13066 13067 13068 13069 13070 13071 13072 13073 12898 13075 12888 13076 13077 13078 12934 13079 12929 13080 13081 13076 13082 13083 13084 13085 13086 13087 12889 13090 12885 13075 12889 12888 12997 13091 13092 13093 13094 13095 13096 13097 13098 13099 13100 13101 13015 13102 13004 13103 13104 13105 13082 13106 13087 13107 13082 13080 12934 13107 13080 13108 13109 13107 13112 13113 13114 13115 13114 13113 13116 13115 13117 13118 13116 13117 13119 13120 13121 13122 13123 13124 13123 13087 13106 13125 13124 13119 13122 13126 12856 13118 13127 13128 13129 13130 13131 13132 13133 13134 12865 13135 13060 13088 13136 13137 13038 13138 13031 13117 13139 13129 13115 13140 13141 13142 13143 13113 13017 13144 13103 13023 13145 13146 12856 12855 13122 12848 12852 12849 12962 12847 12846 12850 12961 12963 12962 12961 12847 13147 13148 13149 13147 13150 12961 13150 13147 13149 13148 13147 13151 12961 13152 13061 12961 13153 13152 13153 12961 13150 13147 13064 13151 13154 13063 13062 13064 13147 13062 13063 13154 13155 13065 13067 13155 13154 13156 13155 13157 13158 13159 13154 13160 13161 13065 13155 13156 13162 13157 13163 13164 13160 13154 13156 13154 13161 13157 13162 13158 13165 13162 13163 13160 13164 13166 13162 13165 13065 13065 13167 13066 13065 13168 13167 13065 13169 13168 13169 13065 13165 13068 13170 13171 13172 13173 13174 13068 13073 13175 13176 13177 13178 13073 13068 13071 13069 13068 13175 13173 13171 13170 13158 13179 13159 13070 13170 13068 13173 13172 13171 13180 13181 13178 13178 13177 13180 13181 13182 13158 13177 13176 13070 13181 13180 13183 13182 13181 13183 13184 13158 13182 13158 13185 13179 13158 13184 13186 13185 13158 13186 13071 13187 13072 13188 13189 13190 13188 13191 13189 13071 13190 13192 13051 13191 13188 13190 13071 13188 13071 13193 13187 13191 13051 13074 13071 13194 13193 13194 13071 13192 13074 13051 13050 13075 12898 13195 12898 13196 13197 12904 13196 12898 13198 12898 13197 13196 12904 12920 12898 13198 13195 13077 13195 13198 13077 13076 13195 13080 13199 13200 13076 13199 13080 13079 13080 13200 13201 13076 13078 13079 12934 13080 13199 13076 13201 13080 13084 13081 13084 13080 13082 13087 13083 13082 13083 13087 13086 13085 13088 13202 13086 13085 13202 12872 13090 13089 13090 12872 12885 13089 13088 12872 13203 13095 13204 13205 13204 13095 13206 13092 13091 13000 13207 13208 13206 13205 13092 13207 13000 13009 12997 13208 13091 13208 12997 13000 13110 13094 13093 13209 13210 13211 13212 12986 13211 13213 13110 13209 13212 13211 13210 13214 13110 13215 13094 13110 13213 12986 13212 12987 13209 13214 13210 13214 13209 13110 13119 13216 13217 13119 13218 13216 13217 13219 13119 13218 13118 13101 13098 13217 13096 13097 13172 13174 13218 13119 13118 13219 13217 13098 13172 13097 13096 13051 13222 13053 13128 13101 13118 13051 13223 13222 13100 13221 13220 13101 13128 13099 13100 13099 13224 13188 13221 13225 13221 13100 13224 13221 13188 13220 13188 13223 13051 13223 13188 13225 13017 13226 13227 13015 13227 13102 13103 13228 13017 13226 13017 13228 13227 13015 13017 13229 13103 13105 13228 13103 13229 13093 13230 13142 13230 13093 13203 13231 13142 13230 13232 13142 13231 13103 13232 13104 13232 13103 13142 13082 13107 13106 13107 12934 13108 13110 13109 13108 13093 13112 13111 13112 13093 13142 13111 13110 13093 13113 13112 13142 13115 13116 13114 13119 13233 13118 13233 13119 13121 13116 13118 13233 13120 13119 13124 13124 13123 13120 13123 13122 13085 13087 13123 13085 13234 13164 13235 13234 13235 13236 13119 13237 13125 13164 13234 13166 13237 13236 13235 13238 13119 13219 13237 13238 13236 13238 13237 13119 13117 13239 13127 13117 13240 13239 13127 13118 13117 13241 13129 13131 13240 13129 13241 13038 13243 13242 13242 13129 13038 13045 13244 13038 13244 13045 13056 13108 13245 13110 13246 13110 13245 13246 13215 13110 13134 13246 13132 13133 12953 13059 13215 13246 13134 12953 13133 13132 12872 13247 13135 13088 13248 12872 13135 12865 12872 13249 13088 13137 13250 12872 13248 13248 13088 13249 13247 12872 13250 13122 13251 13085 13251 13122 12855 13252 13085 13251 13253 13085 13252 13088 13253 13136 13253 13088 13085 13129 13254 13038 13254 13129 13139 13138 13038 13254 13117 13141 13255 13141 13117 13115 13113 13140 13115 13140 13113 13143 13256 13142 13103 13143 13142 13256 13017 13146 13144 13146 13017 13023 13145 13031 13138 13145 13023 13031 13108 12934 12928 12960 12956 12959 12984 12985 12983 13257 13258 13259 13260 13261 13259 13260 13262 13261 13262 13260 13263 13264 13266 13267 13267 13268 13269 13267 13266 13268 13270 13268 13271 13273 13270 13271 13274 13273 13275 13276 13274 13275 13277 13276 13278 13277 13278 13279 13280 13279 13281 13282 13283 13284 13285 13286 13287 13288 13285 13289 13290 13289 13291 13291 13292 13290 13294 13295 13293 13282 13281 13283 13283 13299 13284 13300 13301 13299 13297 13302 13303 13302 13304 13303 13304 13305 13306 13306 13305 13307 13308 13309 13307 13308 13307 13305 13310 13311 13309 13310 13309 13312 13315 13301 13300 13316 13317 13319 13314 13320 13313 13320 13321 13322 13323 13324 13322 13324 13325 13326 13327 13326 13325 13328 13329 13326 13319 13330 13331 13330 13319 13317 13258 13257 13332 13333 13334 13332 13333 13335 13334 13337 13336 13338 13337 13287 13286 13287 13337 13338 13286 13285 13288 13316 13318 13317 13339 13340 13329 13341 13340 13339 13342 13343 13340 13342 13340 13341 13346 13345 13344 13345 13346 13347 13348 13349 13345 13350 13351 13349 13352 13351 13350 13353 13354 13352 13356 13357 13358 13356 13358 13353 13357 13360 13361 13361 13362 13363 13364 13363 13362 13365 13366 13364 13368 13369 13370 13368 13370 13365 13371 13372 13369 13372 13371 13373 13372 13373 13374 13374 13376 13375 13377 13378 13376 13379 13378 13380 13381 13378 13382 13385 13383 13384 13387 13388 13385 13389 13387 13390 13390 13391 13389 13391 13392 13393 13391 13390 13392 13387 13389 13386 13387 13386 13388 13383 13385 13388 13384 13383 13381 13378 13381 13383 13378 13379 13382 13378 13377 13380 13376 13374 13377 13374 13375 13372 13369 13368 13371 13367 13365 13370 13366 13365 13367 13363 13364 13366 13362 13361 13360 13360 13357 13359 13359 13357 13356 13355 13353 13358 13354 13353 13355 13351 13352 13354 13349 13348 13350 13345 13347 13348 13343 13344 13345 13343 13342 13344 13329 13328 13339 13326 13327 13328 13324 13323 13325 13320 13322 13324 13320 13314 13321 13314 13313 13311 13311 13310 13314 13309 13308 13312 13305 13304 13394 13304 13302 13394 13302 13297 13298 13298 13297 13294 13296 13294 13297 13295 13294 13296 13292 13293 13295 13292 13291 13293 13289 13290 13288 13336 13337 13335 13335 13333 13336 13332 13257 13333 13259 13258 13260 13262 13263 13264 13265 13264 13263 13266 13264 13265 13268 13270 13269 13270 13273 13272 13273 13274 13272 13274 13276 13395 13276 13277 13395 13279 13280 13277 13281 13282 13280 13299 13283 13300 13301 13315 13316 13318 13316 13315 13396 13397 13398 13401 13402 13403 13408 13409 13410 13411 13412 13413 13414 13415 13416 13417 13418 13419 13418 13420 13419 13420 13421 13422 13423 13424 13408 13425 13426 13427 13428 13429 13430 13431 13413 13432 13433 13431 13434 13431 13435 13434 13436 13437 13438 13439 13440 13441 13440 13442 13441 13442 13443 13444 13445 13444 13443 13446 13396 13417 13396 13446 13397 13446 13417 13447 13447 13417 13450 13449 13448 13417 13417 13448 13450 13400 13399 13451 13452 13396 13453 13451 13399 13452 13453 13396 13398 13396 13452 13399 13454 13401 13455 13456 13455 13457 13401 13454 13402 13455 13456 13458 13455 13458 13454 13460 13401 13403 13401 13459 13461 13405 13404 13461 13461 13459 13462 13463 13408 13464 13464 13408 13410 13407 13406 13423 13408 13463 13423 13407 13423 13465 13423 13463 13465 13466 13408 13411 13408 13466 13409 13433 13467 13411 13411 13467 13466 13412 13411 13468 13468 13411 13408 13415 13414 13413 13415 13413 13412 13396 13399 13469 13416 13399 13414 13399 13416 13469 13418 13417 13470 13396 13470 13417 13421 13423 13422 13423 13421 13424 13471 13472 13473 13425 13427 13474 13472 13471 13476 13439 13474 13427 13426 13475 13477 13476 13471 13478 13473 13472 13477 13477 13475 13473 13476 13478 13479 13480 13428 13481 13482 13483 13484 13429 13428 13485 13480 13481 13486 13429 13482 13430 13487 13457 13484 13483 13482 13488 13428 13480 13485 13484 13483 13487 13486 13481 13489 13457 13487 13456 13482 13429 13488 13413 13431 13411 13431 13433 13411 13490 13491 13438 13438 13491 13436 13492 13437 13436 13491 13490 13493 13491 13494 13495 13437 13492 13496 13494 13491 13493 13493 13490 13497 13498 13494 13439 13494 13498 13495 13498 13439 13427 13440 13439 13494 13442 13440 13443 13444 13445 13455 13445 13457 13455 13499 13500 13501 13500 13502 13501 13500 13499 13503 13504 13505 13506 13507 13502 13508 13500 13503 13509 13505 13509 13503 13502 13507 13457 13505 13504 13509 13502 13500 13508 13510 13400 13511 13414 13510 13432 13512 13400 13513 13514 13515 13516 13516 13515 13517 13518 13519 13517 13515 13514 13501 13515 13520 13521 13519 13518 13522 13520 13515 13501 13501 13514 13499 13521 13511 13512 13511 13521 13520 13523 13455 13524 13525 13455 13401 13455 13525 13524 13526 13442 13444 13526 13444 13523 13527 13441 13442 13441 13527 13528 13529 13439 13441 13530 13531 13532 13529 13441 13530 13532 13531 13533 13531 13530 13441 13534 13531 13535 13534 13535 13536 13537 13536 13535 13538 13537 13539 13537 13538 13536 13539 13540 13541 13540 13539 13537 13542 13537 13535 13543 13544 13542 13544 13543 13545 13546 13401 13461 13547 13461 13545 13461 13547 13546 13497 13548 13493 13548 13435 13493 13548 13497 13549 13550 13551 13552 13548 13549 13553 13551 13553 13549 13554 13434 13435 13551 13550 13553 13435 13548 13554 13555 13433 13434 13556 13557 13558 13559 13404 13558 13558 13557 13559 13404 13559 13560 13561 13562 13563 13563 13562 13564 13565 13566 13404 13566 13565 13562 13562 13561 13566 13567 13461 13568 13461 13567 13545 13568 13461 13566 13569 13570 13571 13572 13573 13574 13573 13572 13576 13570 13574 13573 13569 13571 13575 13575 13544 13577 13578 13544 13545 13578 13545 13579 13570 13569 13574 13544 13575 13571 13579 13545 13567 13576 13572 13567 13580 13537 13544 13581 13544 13571 13544 13581 13580 13582 13540 13583 13584 13540 13585 13540 13584 13583 13586 13540 13537 13540 13586 13585 13588 13587 13589 13540 13589 13587 13591 13540 13592 13540 13591 13590 13594 13587 13595 13593 13479 13596 13540 13594 13541 13596 13479 13597 13598 13594 13599 13587 13594 13540 13597 13479 13598 13594 13595 13599 13594 13598 13479 13600 13476 13593 13601 13602 13603 13603 13602 13604 13604 13472 13605 13606 13472 13476 13472 13604 13602 13472 13606 13605 13607 13608 13609 13610 13611 13612 13613 13614 13615 13615 13609 13616 13610 13612 13617 13609 13615 13614 13608 13616 13609 13609 13614 13618 13616 13608 13612 13617 13612 13608 13619 13492 13620 13618 13614 13621 13621 13602 13622 13611 13610 13623 13619 13620 13613 13602 13621 13614 13492 13619 13496 13614 13613 13620 13624 13623 13625 13623 13626 13625 13627 13623 13610 13628 13629 13630 13629 13628 13631 13629 13631 13632 13633 13634 13623 13633 13623 13635 13634 13633 13632 13636 13623 13634 13636 13634 13637 13637 13634 13638 13637 13638 13639 13637 13639 13640 13640 13641 13642 13643 13550 13552 13641 13640 13639 13550 13643 13641 13641 13643 13642 13644 13645 13646 13647 13646 13645 13646 13647 13639 13645 13644 13648 13649 13650 13651 13651 13650 13652 13652 13650 13653 13650 13649 13654 13653 13650 13655 13655 13645 13656 13657 13645 13648 13645 13655 13650 13645 13657 13658 13645 13658 13656 13659 13660 13661 13662 13650 13663 13663 13650 13664 13665 13666 13664 13667 13659 13668 13669 13433 13661 13660 13659 13670 13666 13665 13671 13667 13668 13662 13661 13660 13669 13664 13666 13663 13659 13667 13670 13672 13673 13674 13675 13676 13673 13674 13673 13676 13677 13678 13679 13673 13672 13680 13676 13671 13681 13678 13677 13406 13671 13676 13678 13679 13678 13675 13681 13671 13665 13676 13675 13678 13682 13406 13683 13683 13406 13677 13684 13423 13406 13684 13406 13685 13688 13423 13689 13688 13690 13686 13687 13686 13690 13691 13423 13692 13423 13688 13692 13686 13687 13693 13694 13695 13696 13697 13698 13422 13690 13688 13689 13694 13696 13698 13422 13691 13697 13423 13691 13422 13694 13698 13697 13695 13694 13686 13699 13419 13420 13699 13422 13698 13422 13699 13420 13704 13705 13700 13701 13700 13705 13702 13703 13704 13700 13701 13706 13709 13417 13419 13710 13419 13702 13705 13704 13703 13708 13700 13706 13711 13708 13712 13708 13711 13707 13419 13710 13709 13711 13417 13713 13708 13707 13700 13417 13709 13713 13714 13417 13712 13715 13449 13716 13716 13449 13717 13717 13449 13714 13449 13715 13718 13720 13719 13721 13720 13722 13723 13719 13720 13723 13724 13722 13725 13722 13724 13723 13722 13720 13726 13722 13726 13727 13725 13449 13728 13725 13728 13724 13729 13730 13731 13732 13730 13733 13730 13732 13731 13734 13735 13736 13737 13734 13736 13730 13729 13738 13735 13513 13739 13734 13737 13733 13738 13729 13740 13400 13739 13513 13738 13740 13722 13733 13737 13732 13741 13730 13742 13742 13730 13743 13743 13730 13738 13746 13745 13730 13730 13741 13746 13744 13745 13747 13745 13746 13747 13749 13750 13751 13745 13748 13750 13752 13753 13754 13754 13753 13755 13755 13753 13756 13757 13756 13753 13758 13757 13759 13756 13757 13758 13760 13751 13757 13761 13753 13762 13753 13752 13763 13764 13749 13760 13753 13763 13762 13751 13760 13749 13753 13761 13765 13766 13518 13767 13765 13761 13768 13766 13767 13764 13518 13766 13522 13769 13765 13770 13771 13765 13772 13765 13771 13770 13772 13765 13768 13773 13774 13775 13776 13775 13774 13777 13776 13765 13765 13769 13777 13773 13778 13774 13779 13780 13781 13779 13781 13782 13783 13784 13781 13775 13776 13785 13778 13773 13780 13784 13786 13787 13788 13781 13780 13776 13777 13785 13783 13781 13789 13790 13504 13506 13781 13788 13789 13504 13790 13782 13784 13783 13786 13791 13787 13792 13792 13787 13793 13794 13481 13428 13794 13428 13795 13796 13787 13797 13793 13787 13786 13795 13428 13796 13787 13791 13797 13787 13796 13428 13799 13489 13481 13801 13489 13802 13481 13800 13799 13404 13803 13558 13801 13803 13489 13489 13799 13802 13803 13404 13405 13803 13801 13804 13558 13803 13804 13481 13798 13800 13481 13794 13798 13782 13790 13779 13749 13764 13767 13750 13749 13745 13745 13744 13748 13735 13734 13513 13722 13727 13738 13449 13718 13728 13417 13714 13449 13417 13711 13712 13419 13699 13703 13423 13684 13689 13406 13682 13685 13650 13662 13668 13650 13654 13664 13639 13647 13641 13623 13636 13611 13632 13631 13634 13623 13624 13635 13608 13607 13805 13602 13601 13622 13476 13600 13606 13479 13593 13476 13537 13580 13586 13567 13572 13579 13404 13566 13461 13404 13560 13565 13433 13555 13661 13434 13554 13555 13401 13546 13525 13545 13543 13547 13537 13542 13544 13531 13534 13533 13441 13528 13531 13442 13526 13527 13455 13523 13444 13517 13519 13516 13400 13512 13511 13414 13432 13413 13510 13414 13399 13400 13510 13399 13520 13510 13511 13457 13507 13484 13457 13445 13502 13806 13807 13808 13808 13809 13806 13810 13811 13812 13815 13816 13817 13818 13817 13819 13821 13822 13819 13823 13824 13822 13823 13825 13824 13828 13829 13830 13830 13831 13828 13832 13833 13834 13835 13836 13837 13838 13839 13840 13843 13844 13845 13846 13847 13848 13849 13850 13851 13852 13850 13853 13852 13855 13854 13856 13857 13858 13861 13862 13863 13871 13872 13869 13873 13874 13875 13876 13878 13879 13880 13881 13882 13882 13883 13880 13885 13886 13887 13888 13889 13890 13891 13892 13893 13895 13896 13897 13898 13899 13896 13901 13902 13899 13903 13904 13905 13906 13903 13905 13907 13908 13909 13909 13910 13907 13913 13911 13912 13914 13915 13916 13919 13918 13920 13920 13921 13919 13922 13923 13921 13924 13925 13926 13924 13926 13927 13928 13929 13930 13931 13932 13929 13935 13936 13937 13938 13937 13936 13940 13941 13942 13943 13944 13945 13946 13947 13948 13951 13952 13953 13954 13955 13956 13957 13958 13959 13959 13960 13957 13962 13963 13964 13965 13966 13967 13968 13969 13970 13971 13972 13973 13974 13975 13976 13976 13977 13974 13976 13978 13977 13979 13980 13978 13983 13984 13985 13989 13990 13991 13990 13992 13991 13994 13995 13996 13999 14000 14001 14002 14003 14004 14002 14005 14003 14008 14009 14010 14010 14011 14008 14012 14013 14014 14015 14014 14016 14016 14018 14017 14020 14021 14022 14024 14025 14026 14026 14027 14024 14028 14029 14030 14031 13878 13881 13878 13876 13877 13881 13880 14031 13883 13882 13884 13885 13889 14032 13889 13885 13887 13884 14033 13883 14033 13884 13886 13886 13885 14033 14032 13889 13888 13893 14034 13891 14034 13893 14035 13890 14035 13888 14035 13890 14034 13892 13891 13894 13894 13897 13892 13897 13894 13895 13896 13895 13898 13900 13899 13898 13899 13900 13901 14036 14037 13904 14038 14039 14037 14039 14038 14040 14037 14036 14038 14039 13902 13901 13902 14039 14040 13904 13903 14036 13908 13906 13905 13906 13908 13907 13912 13910 13909 13910 13912 13911 13914 14041 14042 14041 13914 14043 14043 13913 14041 13913 14043 14044 14045 14046 14047 13915 13914 14042 13915 14048 13916 13918 14048 13915 14048 13918 13917 13918 13919 13917 13921 13920 13922 13923 13922 14051 13925 14051 13922 13925 13924 14051 14052 14053 14054 13930 13927 13928 13927 13930 13924 13929 13928 13931 13933 14058 13935 14058 13933 13934 13936 13935 14058 13940 13938 13939 13938 13940 14059 13937 13938 14059 13944 13942 13941 13942 13944 13943 13941 13940 13939 13943 13945 13946 13947 13946 13945 13950 13948 13947 13948 13950 13949 13949 13953 13952 13953 13949 13950 13952 13951 13954 13955 13954 13951 13958 13956 13955 13956 13958 13957 13961 13960 13959 13961 14060 13960 14060 13961 13963 13963 13962 14060 14061 14062 13966 14062 13962 13964 14062 14063 13962 14062 14061 14063 14064 13967 13969 13967 14064 13965 13966 13965 14061 13969 13968 14064 13972 14065 13968 13972 13968 13970 13972 13971 14065 13971 13973 14066 13975 14066 13973 13975 13974 14066 13978 13976 13979 13980 13979 13982 14067 13981 13982 13981 14067 14068 13982 13981 13980 14068 13985 13984 13985 14068 14067 13984 13983 14069 14069 13987 13986 14069 13983 13987 13989 14070 13988 13986 13987 14070 14070 13989 13986 13990 13989 13988 14071 14072 14073 14072 14071 13992 13992 13990 14072 14071 13993 13994 13993 14071 14073 13995 13994 13993 13997 13995 13998 13995 13997 13996 14000 13997 13998 14000 13999 13997 14001 14004 13999 14004 14001 14002 14074 14005 14002 14005 14007 14006 14007 14005 14074 14075 14076 14009 14007 14075 14006 14075 14007 14076 14009 14008 14075 14078 14077 14011 14011 14010 14078 14078 14079 14077 14012 14080 14013 14080 14079 14078 14080 14012 14079 14014 14015 14012 14016 14017 14015 14020 14018 14016 14019 14020 14022 14020 14019 14018 14021 14020 14023 14023 14081 14021 14081 14023 14025 14025 14024 14081 14082 14030 14027 14030 14082 14028 14027 14026 14082 14029 14028 14083 14052 14054 14084 14086 14087 14085 14089 14090 14091 14093 14094 14090 14095 14096 14097 14046 14095 14097 14095 14046 14098 14096 14095 14099 14094 14093 14096 14096 14099 14094 14090 14092 14093 14090 14089 14092 14100 14089 14091 14089 14100 14101 14101 14087 14088 14087 14101 14100 14087 14086 14088 14086 14085 14102 14084 14102 14085 14102 14084 14054 14053 14052 14103 14049 14053 14103 14049 14050 14053 14050 14049 14104 14106 14107 14108 14110 14111 14112 14113 14114 14115 14116 14117 14118 14121 14122 14123 13934 13932 13931 14124 14125 14057 14057 14126 14056 14134 14133 14135 14134 14135 14136 14137 14138 14139 14140 14141 14137 14046 14045 14098 14146 14147 14145 13932 13934 13933 14146 14104 14147 14083 14047 14029 14047 14083 14045 14104 14105 14050 14104 14146 14105 14144 14145 14147 14145 14144 14143 14148 14142 14143 14142 14148 14140 14143 14142 14145 14141 14140 14148 14138 14137 14141 14136 14139 14149 14149 14139 14138 14139 14136 14135 14133 14134 14132 14131 14150 14130 14150 14133 14132 14150 14151 14133 14150 14131 14151 14130 14152 14131 14152 14130 14129 14129 14128 14152 14129 14153 14128 14153 14129 14154 14127 14154 14126 14154 14127 14153 14126 14057 14127 14057 14056 14124 14125 14121 14123 14121 14125 14124 14122 14119 14120 14122 14121 14119 14116 14118 14155 14119 14156 14120 14156 14117 14116 14156 14119 14117 14118 14115 14155 14115 14118 14113 14114 14113 14157 14111 14157 14112 14157 14111 14114 14111 14110 14158 14158 14107 14109 14107 14158 14110 14108 14159 14106 14159 14108 14160 14107 14106 14109 14055 14160 13807 14160 14055 14159 13807 13806 14055 13809 13808 13811 13811 13810 13809 14161 14162 13810 14162 14163 14164 14162 14161 14163 13810 13812 14161 14163 13813 14164 13813 14163 13814 13817 13818 13815 13814 13815 13813 13815 13814 13816 13820 13819 13817 13819 13820 13821 13822 13821 13823 13825 13823 13827 13826 13827 13829 13827 13826 13825 13829 13828 13826 13831 13830 13833 13833 13832 13831 13839 13835 13837 13835 13839 14165 13832 13834 13836 13836 13835 13832 14165 13839 13838 13838 13840 13842 13842 13841 13838 13844 13842 13845 13842 13844 13841 13844 13843 14166 14166 13846 13848 13846 14166 13843 13847 13846 13849 13849 13851 13847 13850 13849 13853 13850 13852 13854 13855 13852 13857 13857 13856 13855 13858 13859 13856 13859 13858 13860 13861 13863 13864 13878 14031 13879 13860 14167 13859 13861 14168 13862 14168 13861 14167 14167 13860 14168 13863 13866 13864 13866 13863 13865 13865 14169 13866 14169 13865 14170 13867 14170 13868 14170 13867 14169 13867 13868 13870 13870 13869 13867 13871 13869 13870 13872 13871 13874 14171 13873 13875 13873 14171 14172 13874 13873 13872 14172 13877 13876 13877 14172 14171 13911 13913 14044 14175 14176 14177 14179 14180 14176 14180 14181 14182 14183 14182 14184 14184 14185 14186 14187 14188 14189 14187 14189 14190 14191 14193 14194 14195 14194 14193 14196 14195 14197 14199 14200 14201 14201 14203 14202 14204 14205 14203 14206 14207 14205 14209 14211 14212 14174 14213 14214 14174 14214 14173 14215 14217 14218 14218 14219 14220 14223 14222 14224 14225 14224 14226 14227 14226 14228 14229 14227 14228 14230 14231 14229 14232 14233 14234 14234 14233 14235 14238 14239 14240 14241 14242 14238 14242 14243 14244 14244 14243 14245 14246 14245 14243 14247 14246 14248 14249 14248 14250 14248 14249 14247 14245 14246 14247 14242 14241 14243 14238 14240 14241 14236 14239 14238 14239 14236 14237 14237 14235 14233 14237 14236 14235 14233 14232 14230 14231 14230 14232 14227 14229 14231 14225 14226 14227 14224 14225 14223 14221 14222 14223 14222 14220 14219 14222 14221 14220 14219 14218 14217 14217 14215 14216 14216 14215 14173 14174 14173 14215 14212 14213 14174 14213 14212 14211 14211 14209 14210 14207 14210 14209 14210 14207 14208 14207 14206 14208 14205 14204 14206 14203 14201 14204 14201 14202 14199 14198 14200 14199 14200 14198 14197 14196 14197 14198 14195 14196 14251 14194 14195 14251 14193 14191 14192 14192 14252 14189 14252 14192 14191 14190 14189 14252 14188 14186 14185 14188 14187 14186 14185 14184 14182 14182 14183 14180 14180 14179 14181 14178 14176 14175 14176 14178 14179 14254 14255 14177 14255 14254 14256 14257 14256 14254 14259 14260 14261 14259 14257 14260 14262 14261 14260 14261 14262 14263 14262 14264 14263 14262 14265 14264 14267 14268 14269 14267 14266 14268 14271 14269 14270 14269 14271 14272 14273 14274 14275 14276 14273 14272 14277 14275 14274 14277 14279 14278 14279 14280 14281 14282 14280 14283 14282 14284 14285 14282 14283 14284 14286 14287 14288 14286 14284 14287 14287 14289 14288 14289 14290 14291 14291 14290 14292 14293 14294 14292 14295 14294 14293 14294 14295 14296 14297 14295 14298 14298 14299 14300 14300 14299 14301 14301 14299 14302 14304 14303 14302 14305 14306 14307 14306 14305 14308 14308 14305 14309 14177 14255 14253 14257 14258 14256 14257 14259 14258 14265 14262 14266 14266 14267 14265 14270 14269 14268 14276 14272 14271 14273 14276 14274 14275 14277 14278 14279 14277 14310 14280 14279 14310 14280 14282 14281 14284 14286 14285 14289 14287 14290 14292 14294 14291 14295 14297 14296 14299 14298 14295 14302 14303 14301 14307 14303 14304 14307 14306 14303 14177 14253 14175 14315 14317 14318 14323 14324 14321 14324 14325 14326 14334 14330 14335 14335 14336 14334 14337 14336 14335 14338 14337 14339 14340 14341 14342 14342 14343 14340 14345 14346 14347 14348 14347 14346 14353 14354 14351 14355 14356 14357 14358 14355 14357 14359 14360 14361 14362 14360 14363 14339 14367 14338 14368 14369 14367 14369 14370 14371 14377 14345 14331 14379 14378 14380 14381 14382 14383 14381 14383 14384 14390 14391 14388 14392 14391 14393 14397 14398 14399 14401 14400 14402 14401 14403 14404 14404 14405 14406 14410 14411 14409 14415 14413 14416 14417 14418 14415 14424 14425 14426 14427 14424 14426 14430 14431 14429 14433 14432 14434 14434 14435 14433 14440 14442 14443 14444 14442 14445 14448 14449 14450 14451 14452 14448 14453 14452 14454 14453 14454 14455 14458 14456 14459 14458 14459 14460 14465 14463 14464 14462 14464 14463 14464 14462 14466 14461 14462 14460 14455 14457 14456 14457 14455 14454 14448 14450 14451 14449 14448 14446 14444 14447 14446 14447 14444 14445 14442 14444 14443 14442 14440 14441 14439 14441 14440 14441 14439 14467 14439 14438 14467 14438 14436 14437 14435 14437 14436 14428 14429 14431 14424 14427 14428 14425 14423 14422 14425 14424 14423 14422 14421 14420 14419 14420 14421 14417 14415 14416 14414 14413 14412 14408 14409 14411 14407 14406 14405 14403 14401 14402 14397 14399 14400 14395 14398 14397 14398 14395 14396 14394 14396 14395 14396 14394 14393 14393 14394 14392 14389 14386 14387 14386 14389 14388 14387 14386 14385 14382 14379 14380 14382 14381 14379 14373 14372 14374 14364 14366 14365 14363 14333 14362 14361 14360 14362 14354 14356 14355 14354 14353 14356 14352 14351 14349 14468 14350 14349 14350 14468 14348 14347 14348 14468 14345 14377 14346 14331 14332 14377 14332 14331 14375 14375 14328 14329 14329 14327 14326 14329 14328 14327 14324 14323 14325 14321 14322 14323 14321 14320 14322 14320 14318 14319 14319 14318 14317 14317 14315 14316 14311 14316 14315 14316 14311 14312 14312 14311 14314 14314 14313 14312 14314 14330 14313 14337 14338 14336 14367 14339 14368 14371 14370 14376 14343 14376 14370 14343 14344 14376 14343 14342 14344 14471 14472 14469 14473 14474 14475 14475 14476 14477 14476 14475 14474 14477 14478 14479 14480 14479 14478 14481 14482 14480 14483 14484 14481 14485 14486 14484 14485 14484 14483 14487 14486 14485 14488 14487 14489 14492 14488 14489 14493 14492 14494 14495 14496 14493 14495 14493 14494 14497 14498 14496 14499 14498 14497 14500 14501 14502 14500 14502 14499 14501 14503 14504 14504 14503 14505 14507 14505 14506 14505 14507 14508 14508 14509 14510 14511 14510 14512 14511 14513 14514 14517 14516 14518 14519 14517 14518 14520 14521 14519 14522 14523 14520 14524 14525 14522 14526 14527 14524 14527 14526 14528 14529 14530 14528 14529 14528 14526 14530 14531 14532 14534 14535 14532 14534 14532 14533 14536 14537 14535 14538 14537 14536 14539 14540 14541 14539 14541 14538 14543 14544 14545 14546 14542 14543 14542 14546 14547 14549 14550 14551 14551 14550 14552 14552 14553 14551 14554 14555 14553 14556 14554 14557 14558 14556 14557 14556 14558 14559 14559 14558 14560 14561 14562 14559 14561 14559 14560 14563 14564 14562 14565 14566 14564 14568 14566 14569 14566 14568 14570 14570 14568 14571 14469 14574 14575 14575 14576 14577 14577 14576 14578 14579 14578 14580 14581 14582 14580 14583 14584 14585 14586 14587 14588 14589 14573 14590 14591 14592 14589 14594 14595 14593 14596 14597 14595 14596 14595 14594 14598 14599 14600 14598 14600 14601 14598 14602 14603 14602 14604 14603 14605 14606 14604 14605 14604 14607 14606 14605 14608 14609 14608 14610 14611 14612 14613 14613 14614 14615 14614 14613 14612 14615 14617 14618 14617 14619 14618 14619 14617 14620 14617 14615 14616 14616 14615 14614 14612 14611 14609 14608 14609 14611 14608 14605 14610 14604 14602 14607 14602 14598 14601 14599 14598 14597 14597 14596 14599 14592 14593 14595 14592 14591 14593 14589 14590 14591 14573 14589 14572 14573 14572 14570 14570 14571 14573 14566 14567 14569 14566 14565 14567 14564 14563 14565 14562 14561 14563 14554 14556 14555 14553 14552 14554 14550 14549 14621 14547 14621 14549 14547 14548 14621 14547 14546 14548 14543 14542 14544 14586 14544 14622 14587 14586 14622 14587 14623 14588 14625 14626 14627 14629 14630 14628 14631 14632 14633 14634 14632 14631 14635 14636 14634 14638 14640 14641 14642 14643 14644 14645 14644 14643 14647 14646 14645 14649 14648 14650 14651 14652 14653 14653 14652 14654 14655 14654 14652 14657 14540 14658 14540 14539 14658 14537 14538 14541 14535 14534 14536 14533 14532 14531 14531 14530 14529 14525 14524 14527 14523 14522 14525 14521 14520 14523 14517 14519 14521 14516 14517 14515 14516 14515 14513 14513 14511 14516 14510 14511 14514 14510 14509 14512 14508 14507 14509 14506 14505 14503 14503 14501 14659 14501 14500 14659 14498 14499 14502 14496 14495 14497 14492 14493 14491 14492 14491 14488 14487 14488 14490 14486 14487 14490 14482 14481 14484 14479 14480 14482 14478 14477 14476 14474 14473 14471 14472 14471 14473 14470 14469 14472 14574 14469 14470 14576 14575 14574 14578 14579 14577 14581 14580 14578 14582 14581 14584 14584 14583 14582 14660 14661 14583 14662 14663 14664 14665 14666 14664 14665 14667 14668 14669 14670 14671 14672 14671 14670 14673 14671 14672 14623 14587 14624 14623 14624 14626 14626 14625 14623 14627 14674 14625 14674 14627 14628 14583 14585 14660 14660 14675 14661 14675 14660 14663 14662 14664 14666 14663 14662 14675 14665 14668 14666 14667 14670 14669 14670 14667 14665 14671 14673 14676 14629 14628 14627 14677 14633 14632 14630 14633 14677 14630 14629 14633 14632 14634 14636 14636 14635 14637 14637 14639 14638 14639 14637 14635 14640 14638 14639 14641 14640 14642 14643 14642 14640 14645 14646 14644 14646 14647 14648 14650 14648 14647 14648 14649 14651 14652 14651 14649 14656 14655 14657 14655 14656 14654 14540 14657 14655 14544 14586 14545 14678 14679 14680 14679 14678 14681 14681 14682 14683 14682 14681 14678 14684 14685 14686 14687 14686 14688 14686 14687 14684 14689 14690 14691 14690 14689 14692 14693 14692 14694 14695 14694 14685 14692 14693 14690 14694 14695 14693 14685 14684 14695 14696 14697 14698 14699 14700 14696 14700 14699 14701 14697 14696 14700 14702 14703 14704 14703 14702 14705 14705 14706 14707 14706 14705 14702 14708 14709 14710 14711 14712 14713 14712 14711 14714 14715 14716 14717 14718 14710 14716 14713 14719 14711 14709 14708 14719 14710 14718 14708 14716 14715 14718 14719 14713 14709 14720 14721 14722 14721 14720 14723 14724 14723 14720 14723 14724 14725 14726 14727 14728 14729 14730 14726 14730 14729 14731 14727 14726 14730 14732 14733 14734 14735 14736 14733 14737 14738 14736 14739 14740 14741 14742 14741 14743 14740 14739 14738 14741 14742 14739 14738 14737 14740 14736 14735 14737 14733 14732 14735 14744 14745 14746 14747 14746 14745 14745 14744 14748 14746 14747 14749 14750 14751 14752 14753 14754 14755 14754 14753 14750 14751 14750 14753 14756 14757 14758 14759 14758 14760 14761 14762 14757 14762 14761 14763 14757 14756 14761 14758 14759 14756 14760 14764 14759 14763 14765 14762 14764 14760 14766 14765 14763 14767 14768 14769 14770 14769 14768 14771 14772 14771 14768 14771 14772 14773 14774 14775 14776 14776 14777 14778 14775 14774 14779 14777 14776 14775 14780 14781 14782 14783 14782 14784 14785 14784 14786 14787 14786 14788 14789 14788 14790 14788 14789 14787 14786 14787 14785 14784 14785 14783 14782 14783 14780 14781 14780 14791 14792 14793 14794 14795 14796 14797 14793 14792 14795 14796 14795 14792 14798 14799 14800 14801 14802 14799 14803 14804 14802 14805 14806 14804 14802 14801 14803 14804 14803 14805 14806 14805 14807 14799 14798 14801 14808 14807 14809 14807 14808 14806 14810 14811 14812 14813 14814 14815 14811 14810 14813 14814 14813 14810 14817 14818 14816 14816 14820 14817 14820 14816 14821 14822 14819 14823 14818 14817 14819 14819 14822 14818 14824 14825 14826 14827 14828 14825 14829 14830 14828 14831 14832 14830 14825 14824 14827 14828 14827 14829 14830 14829 14831 14832 14831 14833 14834 14833 14835 14836 14835 14837 14838 14837 14839 14840 14839 14841 14842 14841 14843 14844 14843 14845 14846 14845 14847 14826 14847 14824 14847 14826 14846 14845 14846 14844 14843 14844 14842 14841 14842 14840 14839 14840 14838 14837 14838 14836 14835 14836 14834 14833 14834 14832 14848 14849 14850 14851 14852 14853 14854 14853 14855 14856 14855 14857 14858 14857 14859 14860 14859 14861 14862 14861 14863 14850 14863 14848 14853 14854 14851 14855 14856 14854 14857 14858 14856 14859 14860 14858 14861 14862 14860 14849 14848 14864 14865 14864 14866 14867 14866 14868 14869 14868 14870 14871 14870 14852 14870 14871 14869 14868 14869 14867 14866 14867 14865 14864 14865 14849 14852 14851 14871 14863 14850 14862 14872 14873 14874 14875 14876 14873 14877 14878 14876 14879 14880 14878 14881 14882 14880 14883 14884 14882 14885 14886 14884 14887 14888 14886 14889 14890 14888 14891 14892 14890 14893 14894 14892 14895 14874 14894 14874 14895 14872 14894 14893 14895 14892 14891 14893 14890 14889 14891 14888 14887 14889 14886 14885 14887 14884 14883 14885 14882 14881 14883 14880 14879 14881 14878 14877 14879 14873 14872 14875 14876 14875 14877 14896 14897 14898 14899 14898 14900 14901 14900 14902 14903 14902 14904 14905 14904 14906 14907 14906 14908 14909 14910 14911 14912 14911 14897 14913 14914 14910 14915 14916 14914 14917 14918 14916 14919 14908 14918 14908 14919 14907 14918 14917 14919 14916 14915 14917 14914 14913 14915 14910 14909 14913 14911 14912 14909 14897 14896 14912 14898 14899 14896 14900 14901 14899 14902 14903 14901 14904 14905 14903 14906 14907 14905 14920 14921 14922 14923 14922 14924 14925 14926 14921 14927 14928 14926 14929 14930 14931 14932 14933 14930 14930 14929 14932 14933 14932 14934 14924 14934 14923 14922 14923 14920 14921 14920 14925 14926 14925 14927 14928 14927 14935 14936 14935 14937 14938 14937 14939 14940 14939 14941 14942 14941 14943 14931 14943 14929 14943 14931 14942 14941 14942 14940 14939 14940 14938 14937 14938 14936 14935 14936 14928 14934 14924 14933 14944 14945 14946 14946 14947 14944 14948 14949 14947 14947 14946 14948 14950 14951 14949 14952 14953 14951 14954 14955 14945 14956 14957 14955 14958 14959 14957 14945 14944 14954 14955 14954 14956 14957 14956 14958 14959 14958 14960 14961 14960 14962 14953 14952 14963 14964 14965 14966 14963 14966 14953 14951 14950 14952 14949 14948 14950 14967 14962 14965 14966 14963 14964 14965 14964 14967 14962 14967 14961 14960 14961 14959 14973 14972 14974 14976 14968 14970 14977 14970 14972 14978 14972 14973 14979 14973 14974 14980 14974 14975 14969 14975 14968 14975 14969 14980 14974 14980 14979 14973 14979 14978 14972 14978 14977 14970 14977 14976 14968 14976 14969 14971 14972 14970 14971 14970 14968 14971 14968 14975 14971 14975 14974 14971 14974 14972 14982 14981 14983 14982 14985 14981 14981 14985 14984 14982 14986 14987 14982 14988 14986 14982 14983 14988 14983 14989 14990 14981 14991 14989 14985 14992 14991 14985 14993 14992 14987 14994 14993 14986 14995 14994 14986 14996 14995 14988 14990 14996 14990 14988 14983 14996 14986 14988 14994 14987 14986 14993 14985 14987 14985 14991 14984 14991 14981 14984 14989 14983 14981 14987 14985 14982 14997 14998 14999 15000 14999 15001 15002 15001 15003 15004 15003 15005 15006 15005 15007 15009 15008 14997 15009 14997 15000 15009 15004 15008 15009 15000 15004 15008 15010 14998 15008 15007 15010 15007 15008 15006 14998 14997 15008 14999 15000 14997 15006 15008 15004 15005 15006 15004 15002 15004 15000 15003 15004 15002 15001 15002 15000 15011 15012 15013 15014 15013 15015 15016 15017 15018 15019 15015 15020 15021 15020 15022 15023 15022 15024 15025 15024 15026 15018 15026 15016 15026 15018 15025 15024 15025 15023 15022 15023 15021 15020 15021 15019 15015 15019 15014 15013 15014 15011 15012 15011 15027 15028 15027 15029 15030 15029 15031 15032 15031 15033 15027 15028 15012 15029 15030 15028 15031 15032 15030 15033 15034 15032 15017 15016 15034 15034 15033 15017 15035 15036 15037 15038 15039 15036 15040 15041 15039 15042 15043 15041 15044 15045 15043 15046 15047 15045 15048 15049 15047 15050 15051 15049 15052 15053 15051 15054 15055 15053 15056 15057 15055 15057 15056 15058 15055 15054 15056 15053 15052 15054 15051 15050 15052 15049 15048 15050 15047 15046 15048 15045 15044 15046 15043 15042 15044 15041 15040 15042 15037 15058 15035 15036 15035 15038 15039 15038 15040 15058 15037 15057 15059 15060 15061 15062 15063 15064 15065 15066 15063 15067 15068 15066 15069 15070 15068 15063 15062 15065 15066 15065 15067 15068 15067 15069 15070 15069 15071 15072 15071 15073 15074 15073 15075 15076 15075 15077 15078 15077 15079 15080 15079 15081 15082 15081 15060 15061 15064 15059 15064 15061 15062 15060 15059 15082 15081 15082 15080 15079 15080 15078 15077 15078 15076 15075 15076 15074 15073 15074 15072 15071 15072 15070 15083 15084 15085 15086 15087 15084 15088 15089 15087 15090 15091 15089 15084 15083 15086 15087 15086 15088 15089 15088 15090 15091 15090 15092 15093 15092 15094 15095 15094 15096 15097 15096 15098 15099 15098 15100 15101 15100 15102 15103 15102 15104 15105 15104 15106 15085 15106 15083 15106 15085 15105 15104 15105 15103 15102 15103 15101 15100 15101 15099 15098 15099 15097 15096 15097 15095 15094 15095 15093 15092 15093 15091 15107 15108 15109 15110 15111 15108 15112 15113 15111 15114 15115 15113 15108 15107 15110 15111 15110 15112 15113 15112 15114 15115 15114 15116 15117 15116 15118 15119 15118 15120 15121 15120 15122 15123 15122 15124 15125 15124 15126 15127 15126 15128 15129 15128 15130 15109 15130 15107 15130 15109 15129 15128 15129 15127 15126 15127 15125 15124 15125 15123 15122 15123 15121 15120 15121 15119 15118 15119 15117 15116 15117 15115 15131 15132 15133 15132 15131 15134 15133 15135 15131 15135 15133 15136 15137 15138 15139 15139 15141 15137 15142 15143 15138 15143 15142 15144 15138 15145 15142 15138 15140 15145 15138 15137 15140 15146 15147 15148 15149 15150 15146 15150 15149 15151 15147 15146 15150 15152 15153 15154 15155 15154 15156 15154 15155 15152 15157 15158 15159 15160 15161 15158 15161 15160 15162 15158 15157 15160 15159 15163 15157 15153 15152 15163 15163 15159 15153 15164 15165 15166 15167 15166 15168 15166 15167 15164 15165 15164 15169 15169 15170 15165 15171 15172 15173 15174 15175 15176 15172 15171 15174 15175 15174 15171 15177 15178 15179 15178 15177 15180 15181 15180 15182 15180 15181 15178 15183 15184 15185 15183 15186 15184 15188 15187 15189 15186 15183 15187 15187 15190 15186 15187 15188 15190 15191 15192 15193 15192 15191 15194 15194 15195 15196 15195 15194 15191 15197 15198 15199 15200 15201 15202 15203 15202 15204 15205 15204 15206 15207 15206 15198 15202 15203 15200 15204 15205 15203 15206 15207 15205 15201 15200 15208 15198 15197 15207 15211 15210 15212 15213 15212 15214 15215 15216 15217 15212 15213 15211 15210 15211 15209 15217 15209 15215 15209 15217 15210 15218 15219 15220 15221 15220 15219 15219 15218 15222 15220 15221 15223 15224 15225 15226 15227 15228 15229 15225 15224 15228 15228 15227 15225 15230 15231 15232 15233 15232 15234 15235 15234 15236 15237 15236 15238 15236 15237 15235 15234 15235 15233 15232 15233 15230 15231 15230 15239 15240 15241 15242 15241 15240 15243 15243 15244 15245 15244 15243 15240 15246 15247 15248 15249 15250 15247 15251 15252 15250 15253 15254 15252 15255 15256 15254 15256 15255 15257 15254 15253 15255 15252 15251 15253 15250 15249 15251 15247 15246 15249 15259 15258 15260 15260 15261 15259 15262 15260 15263 15264 15263 15265 15260 15262 15261 15263 15264 15262 15265 15266 15264 15267 15268 15269 15269 15270 15271 15270 15269 15268 15268 15267 15272 15273 15274 15275 15274 15273 15276 15275 15277 15273 15277 15275 15278 15279 15280 15281 15282 15283 15280 15285 15286 15283 15287 15288 15286 15288 15287 15289 15286 15285 15287 15283 15284 15285 15283 15282 15284 15280 15279 15282 15290 15291 15292 15291 15290 15293 15293 15294 15295 15294 15293 15290 15296 15297 15298 15298 15299 15296 15300 15301 15299 15302 15303 15301 15304 15305 15303 15299 15298 15300 15301 15300 15302 15303 15302 15304 15305 15304 15306 15297 15296 15307 15310 15311 15309 15312 15309 15313 15309 15312 15308 15314 15315 15311 15315 15314 15316 15311 15310 15314 15309 15308 15310 15317 15318 15319 15318 15317 15320 15320 15321 15322 15321 15320 15317 15323 15324 15325 15326 15327 15328 15324 15323 15327 15327 15326 15324 15329 15330 15331 15333 15334 15330 15335 15336 15334 15336 15335 15337 15334 15333 15335 15330 15332 15333 15330 15329 15332 15338 15339 15340 15339 15338 15341 15341 15342 15343 15342 15341 15338 15344 15345 15346 15345 15344 15347 15347 15348 15345 15349 15350 15351 15352 15351 15353 15354 15353 15355 15350 15349 15348 15351 15352 15349 15348 15347 15350 15353 15354 15352 15356 15357 15358 15359 15358 15360 15361 15360 15362 15360 15361 15359 15358 15359 15356 15363 15364 15357 15357 15356 15363 15364 15363 15365 15366 15367 15368 15367 15366 15369 15370 15368 15367 15368 15370 15371 15372 15373 15374 15375 15376 15373 15377 15378 15376 15379 15380 15381 15382 15383 15384 15385 15384 15386 15387 15386 15388 15389 15388 15390 15391 15390 15378 15390 15391 15389 15388 15389 15387 15386 15387 15385 15384 15385 15382 15383 15382 15392 15381 15392 15379 15380 15379 15393 15394 15393 15395 15393 15394 15380 15378 15377 15391 15392 15381 15383 15376 15375 15377 15373 15372 15375 15374 15395 15372 15395 15374 15394 15396 15397 15398 15399 15398 15400 15401 15400 15402 15403 15402 15404 15405 15404 15406 15407 15406 15408 15409 15408 15410 15411 15410 15412 15413 15412 15414 15412 15413 15411 15410 15411 15409 15408 15409 15407 15406 15407 15405 15404 15405 15403 15402 15403 15401 15400 15401 15399 15398 15399 15396 15397 15396 15415 15416 15415 15417 15418 15417 15419 15414 15419 15413 15415 15416 15397 15417 15418 15416 15419 15414 15418 15420 15421 15422 15423 15424 15421 15425 15426 15424 15427 15428 15426 15429 15430 15428 15431 15432 15430 15433 15434 15432 15435 15436 15434 15437 15438 15436 15438 15437 15439 15436 15435 15437 15434 15433 15435 15432 15431 15433 15430 15429 15431 15428 15427 15429 15426 15425 15427 15424 15423 15425 15421 15420 15423 15422 15440 15420 15441 15442 15440 15443 15439 15442 15439 15443 15438 15442 15441 15443 15440 15422 15441 15444 15445 15446 15449 15450 15451 15451 15447 15449 15450 15449 15445 15447 15451 15448 15445 15444 15450 15452 15453 15454 15455 15456 15452 15456 15455 15457 15453 15452 15456 15458 15459 15460 15461 15462 15463 15464 15465 15462 15466 15467 15465 15467 15466 15468 15465 15464 15466 15462 15461 15464 15463 15469 15461 15459 15458 15469 15469 15463 15459 15470 15471 15472 15473 15472 15471 15472 15473 15474 15471 15470 15475 15476 15477 15478 15481 15480 15482 15483 15482 15484 15480 15479 15477 15480 15481 15479 15482 15483 15481 15477 15476 15480 15485 15486 15487 15488 15487 15489 15486 15485 15490 15487 15488 15485 15491 15492 15493 15495 15496 15497 15496 15495 15498 15493 15498 15491 15492 15491 15494 15498 15493 15496 15499 15500 15501 15500 15499 15502 15502 15503 15504 15503 15502 15499 15505 15506 15507 15508 15510 15509 15511 15512 15510 15512 15511 15513 15510 15508 15511 15509 15507 15508 15506 15505 15514 15507 15509 15505 15515 15516 15517 15518 15519 15516 15516 15515 15518 15519 15518 15520 15521 15522 15523 15524 15525 15526 15523 15527 15521 15527 15523 15528 15522 15521 15525 15525 15524 15522 15529 15530 15531 15531 15533 15529 15534 15532 15535 15533 15531 15532 15532 15534 15533 15530 15529 15536 15537 15538 15539 15538 15537 15540 15541 15540 15542 15540 15541 15538 15545 15544 15546 15543 15547 15544 15546 15548 15545 15544 15545 15543 15547 15543 15549 15549 15550 15547 15548 15546 15551 15550 15549 15552 15553 15554 15555 15556 15557 15558 15554 15553 15557 15557 15556 15554 15561 15560 15562 15559 15563 15560 15563 15559 15564 15560 15561 15559 15565 15566 15567 15568 15567 15569 15566 15565 15570 15567 15568 15565 15571 15573 15572 15574 15575 15573 15575 15574 15576 15573 15571 15574 15577 15578 15579 15580 15579 15581 15579 15580 15577 15578 15577 15582 15583 15584 15585 15586 15587 15584 15587 15586 15588 15584 15583 15586 15589 15590 15591 15592 15591 15593 15594 15593 15595 15596 15595 15597 15595 15596 15594 15593 15594 15592 15590 15589 15598 15591 15592 15589 15601 15602 15603 15599 15603 15600 15604 15600 15605 15600 15604 15599 15603 15599 15601 15606 15607 15608 15602 15601 15607 15607 15606 15602 15609 15610 15611 15611 15612 15609 15610 15609 15613 15612 15611 15614 15615 15617 15616 15618 15619 15620 15621 15620 15617 15617 15615 15621 15619 15618 15622 15620 15621 15618 15625 15626 15627 15625 15627 15628 15632 15633 15631 15631 15629 15632 15625 15628 15634 15630 15625 15634 15633 15634 15628 15633 15628 15627 15624 15627 15626 15625 15630 15623 15625 15623 15624 15627 15624 15629 15627 15629 15631 15634 15633 15630 15624 15626 15625 15627 15631 15633 15635 15637 15638 15635 15639 15637 15640 15641 15639 15635 15636 15642 15642 15644 15643 15636 15645 15644 15635 15643 15641 15646 15637 15639 15639 15635 15640 15641 15640 15635 15643 15635 15642 15644 15642 15636 15638 15636 15635 15636 15638 15645 15647 15648 15649 15652 15653 15651 15651 15650 15652 15654 15655 15656 15657 15656 15655 15659 15658 15660 15661 15660 15662 15663 15662 15664 15665 15664 15666 15667 15666 15668 15666 15667 15665 15662 15663 15661 15660 15661 15659 15669 15670 15671 15672 15673 15670 15674 15675 15673 15676 15677 15675 15678 15679 15677 15680 15681 15679 15682 15683 15681 15675 15674 15676 15681 15680 15682 15671 15684 15669 15679 15678 15680 15688 15689 15683 15690 15691 15689 15687 15686 15691 15685 15684 15686 15691 15690 15687 15689 15688 15690 15673 15672 15674 15692 15693 15694 15695 15694 15696 15697 15698 15693 15699 15700 15701 15702 15701 15703 15704 15703 15705 15706 15707 15708 15709 15708 15710 15711 15696 15700 15712 15710 15698 15713 15705 15714 15705 15713 15704 15703 15704 15702 15701 15702 15699 15700 15699 15711 15696 15711 15695 15694 15695 15692 15693 15692 15697 15710 15712 15709 15708 15709 15706 15707 15706 15715 15714 15715 15713 15715 15714 15707 15698 15697 15712 15716 15717 15718 15720 15721 15719 15719 15717 15720 15724 15725 15721 15727 15728 15726 15729 15730 15728 15723 15722 15731 15733 15730 15732 15732 15731 15733 15726 15725 15727 15734 15735 15736 15737 15736 15735 15735 15734 15738 15739 15740 15741 15742 15743 15744 15745 15746 15747 15741 15747 15739 15744 15740 15742 15743 15742 15748 15747 15741 15745 15749 15750 15751 15752 15753 15754 15753 15752 15749 15750 15749 15752 15756 15755 15757 15758 15759 15760 15760 15761 15758 15759 15758 15762 15764 15763 15765 15765 15766 15767 15766 15765 15763 15769 15768 15771 15772 15768 15770 15775 15776 15774 15777 15778 15776 15778 15777 15779 15776 15775 15777 15774 15773 15775 15781 15780 15782 15783 15782 15780 15784 15785 15786 15788 15787 15789 15789 15790 15788 15791 15792 15793 15794 15795 15796 15797 15796 15798 15799 15798 15800 15798 15799 15797 15795 15794 15801 15793 15801 15791 15792 15791 15802 15801 15793 15795 15803 15804 15805 15804 15803 15806 15806 15807 15808 15807 15806 15803 15810 15811 15812 15810 15809 15813 15814 15815 15816 15816 15818 15814 15819 15820 15818 15820 15819 15821 15818 15817 15819 15818 15816 15817 15822 15823 15824 15825 15823 15826 15827 15826 15828 15829 15828 15830 15826 15827 15825 15831 15824 15832 15824 15831 15822 15833 15834 15835 15836 15837 15833 15834 15833 15837 15837 15836 15838 15842 15841 15840 15843 15839 15844 15840 15839 15842 15846 15845 15847 15848 15847 15845 15851 15852 15850 15851 15853 15854 15850 15849 15851 15851 15854 15852 15855 15856 15857 15859 15858 15860 15861 15860 15862 15862 15863 15861 15857 15858 15855 15860 15861 15859 15864 15865 15866 15865 15864 15867 15868 15869 15870 15871 15872 15873 15871 15869 15872 15874 15875 15876 15876 15877 15874 15882 15883 15884 15885 15884 15886 15888 15889 15890 15887 15881 15891 15886 15891 15885 15884 15885 15882 15883 15882 15875 15875 15874 15883 15890 15880 15888 15879 15878 15877 15877 15876 15879 15891 15886 15887 15894 15895 15896 15897 15898 15899 15899 15900 15897 15896 15901 15894 15895 15894 15902 15905 15904 15906 15907 15906 15893 15902 15903 15895 15904 15905 15903 15906 15907 15905 15901 15896 15898 15893 15892 15907 15908 15909 15910 15911 15910 15912 15913 15914 15915 15916 15912 15917 15915 15917 15913 15914 15913 15918 15919 15918 15920 15917 15915 15916 15912 15916 15911 15910 15911 15908 15920 15921 15919 15918 15919 15914 15925 15924 15926 15926 15927 15925 15929 15930 15928 15931 15932 15930 15932 15931 15933 15934 15935 15936 15937 15938 15935 15939 15940 15938 15936 15933 15934 15935 15934 15937 15938 15937 15939 15930 15929 15931 15924 15925 15922 15928 15923 15929 15933 15936 15932 15941 15942 15943 15944 15945 15942 15946 15947 15945 15948 15949 15947 15950 15951 15949 15952 15953 15951 15956 15957 15955 15943 15958 15941 15955 15954 15956 15951 15950 15952 15945 15944 15946 15942 15941 15944 15947 15946 15948 15949 15948 15950 15959 15961 15960 15961 15962 15963 15959 15965 15962 15966 15959 15960 15967 15960 15961 15959 15966 15965 15960 15967 15966 15959 15964 15961 15962 15965 15969 15961 15968 15967 15961 15963 15968 15962 15964 15959 15962 15961 15964 15970 15971 15972 15974 15975 15971 15976 15977 15975 15977 15976 15978 15975 15974 15976 15971 15973 15974 15971 15970 15973 15979 15980 15981 15981 15982 15979 15984 15985 15983 15986 15987 15988 15989 15990 15987 15990 15989 15991 15987 15986 15989 15992 15993 15994 15995 15996 15993 15993 15992 15995 15996 15995 15997 15998 16000 15999 16003 16004 16001 16001 16000 16002 16001 16002 16003 16005 16006 16007 16008 16009 16010 16009 16008 16006 16006 16005 16009 16011 16012 16013 16014 16015 16016 16017 16018 16019 16014 16020 16021 16013 16022 16023 16020 16014 16016 16021 16024 16011 16022 16013 16012 16025 16026 16027 16024 16021 16020 16012 16011 16024 16023 16028 16025 16029 16030 16031 16028 16023 16022 16026 16025 16028 16032 16026 16033 16034 16031 16015 16026 16032 16027 16019 16033 16017 16031 16034 16029 16015 16014 16034 16033 16019 16032 16018 16017 16030 16030 16029 16018 16035 16036 16037 16038 16039 16040 16041 16042 16043 16044 16045 16041 16042 16038 16043 16047 16036 16048 16049 16036 16050 16036 16047 16050 16051 16052 16049 16047 16046 16050 16052 16051 16053 16048 16036 16035 16036 16049 16052 16054 16053 16055 16055 16053 16051 16056 16053 16057 16058 16053 16054 16053 16058 16057 16053 16056 16060 16061 16060 16062 16061 16062 16063 16063 16065 16066 16066 16067 16068 16064 16063 16062 16065 16063 16064 16070 16068 16071 16069 16060 16061 16066 16065 16067 16068 16070 16066 16072 16071 16073 16072 16073 16069 16060 16069 16073 16074 16075 16076 16074 16073 16071 16073 16074 16076 16077 16075 16078 16077 16078 16079 16075 16077 16080 16079 16081 16082 16083 16084 16085 16081 16079 16078 16082 16081 16084 16088 16083 16085 16075 16080 16086 16083 16088 16089 16089 16087 16090 16084 16083 16082 16087 16086 16090 16092 16091 16093 16091 16092 16094 16095 16092 16087 16092 16095 16094 16095 16087 16096 16096 16087 16088 16097 16092 16093 16092 16097 16098 16099 16100 16101 16101 16102 16103 16104 16105 16102 16102 16101 16104 16101 16100 16104 16092 16102 16106 16105 16104 16107 16102 16092 16108 16102 16108 16103 16111 16112 16113 16114 16115 16112 16116 16111 16113 16110 16109 16117 16118 16110 16119 16111 16116 16119 16107 16120 16105 16110 16118 16109 16119 16116 16118 16117 16109 16120 16120 16107 16117 16121 16122 16123 16124 16110 16125 16125 16110 16126 16122 16121 16127 16123 16122 16128 16128 16110 16129 16110 16128 16122 16126 16110 16117 16110 16130 16129 16131 16132 16133 16133 16134 16131 16134 16133 16135 16136 16137 16134 16139 16134 16135 16140 16141 16142 16134 16139 16138 16140 16135 16143 16141 16140 16143 16139 16135 16144 16135 16140 16144 16147 16143 16148 16143 16147 16149 16150 16141 16143 16141 16150 16151 16143 16149 16152 16143 16152 16150 16153 16141 16154 16156 16157 16158 16160 16142 16141 16161 16157 16162 16163 16162 16164 16158 16159 16165 16142 16160 16159 16162 16163 16161 16166 16167 16168 16159 16160 16165 16157 16161 16169 16167 16166 16164 16157 16169 16159 16170 16162 16171 16162 16157 16172 16159 16158 16157 16162 16172 16171 16162 16170 16173 16174 16175 16176 16177 16178 16179 16175 16177 16179 16180 16181 16178 16175 16174 16177 16173 16179 16178 16180 16178 16182 16182 16178 16183 16179 16173 16170 16178 16177 16183 16184 16185 16186 16186 16185 16187 16187 16185 16188 16189 16188 16181 16187 16188 16190 16188 16189 16191 16188 16191 16190 16193 16194 16184 16184 16192 16193 16195 16196 16197 16196 16195 16198 16197 16196 16199 16199 16196 16200 16194 16200 16196 16201 16196 16202 16196 16201 16203 16202 16196 16204 16206 16207 16208 16209 16210 16211 16205 16203 16212 16213 16214 16215 16206 16208 16209 16203 16205 16210 16212 16203 16201 16207 16214 16216 16210 16209 16208 16215 16201 16213 16207 16206 16214 16210 16205 16211 16214 16213 16216 16217 16218 16210 16217 16210 16208 16220 16218 16217 16218 16220 16219 16218 16219 16221 16222 16223 16218 16218 16221 16224 16218 16224 16222 16225 16226 16227 16226 16223 16228 16223 16226 16229 16230 16232 16233 16232 16230 16231 16233 16232 16234 16234 16235 16236 16235 16234 16232 16229 16235 16223 16235 16229 16236 16231 16230 16237 16226 16225 16229 16223 16222 16228 16201 16215 16212 16196 16198 16204 16194 16193 16200 16185 16184 16194 16238 16189 16181 16181 16180 16238 16042 16041 16045 16156 16155 16157 16141 16153 16160 16137 16136 16239 16132 16131 16122 16122 16127 16132 16112 16111 16114 16092 16098 16108 16087 16089 16088 16075 16074 16078 16071 16072 16070 16060 16059 16062 16052 16053 16240 16145 16040 16039 16145 16241 16037 16242 16243 16244 16245 16246 16247 16250 16251 16252 16087 16254 16075 16255 16256 16257 16114 16258 16115 16259 16260 16255 16261 16262 16263 16264 16265 16266 16254 16076 16075 16178 16270 16271 16272 16273 16274 16275 16276 16277 16278 16279 16280 16194 16281 16185 16282 16283 16284 16261 16285 16266 16286 16261 16259 16114 16286 16259 16287 16288 16286 16291 16292 16293 16294 16293 16292 16295 16294 16296 16280 16295 16296 16297 16298 16299 16300 16301 16302 16301 16266 16285 16300 16304 16045 16280 16305 16306 16307 16308 16309 16310 16311 16312 16053 16313 16240 16267 16314 16315 16218 16316 16210 16296 16317 16307 16294 16318 16319 16320 16321 16292 16196 16322 16282 16203 16323 16324 16114 16325 16287 16038 16042 16039 16146 16037 16036 16040 16145 16146 16146 16145 16037 16326 16327 16328 16326 16329 16145 16329 16326 16328 16331 16145 16329 16327 16326 16330 16145 16332 16241 16145 16333 16332 16333 16145 16331 16326 16334 16330 16326 16244 16334 16335 16243 16242 16244 16326 16242 16245 16247 16243 16335 16336 16243 16337 16338 16339 16335 16340 16341 16245 16243 16336 16344 16340 16335 16336 16335 16341 16337 16342 16338 16345 16342 16343 16340 16344 16346 16347 16342 16345 16342 16347 16245 16245 16348 16246 16245 16349 16348 16349 16245 16347 16248 16350 16351 16352 16353 16354 16248 16252 16355 16353 16351 16350 16356 16357 16358 16252 16248 16250 16249 16248 16355 16338 16359 16339 16249 16350 16248 16353 16352 16351 16357 16356 16249 16350 16249 16356 16358 16361 16360 16358 16362 16338 16358 16360 16363 16362 16358 16363 16364 16338 16362 16365 16338 16364 16338 16366 16359 16338 16367 16366 16250 16368 16251 16369 16370 16371 16369 16372 16370 16250 16371 16373 16231 16372 16369 16371 16250 16369 16250 16374 16368 16372 16231 16253 16250 16375 16374 16375 16250 16373 16253 16231 16237 16254 16087 16376 16087 16106 16377 16092 16106 16087 16087 16378 16376 16378 16087 16377 16256 16376 16378 16256 16255 16376 16259 16379 16380 16255 16379 16259 16258 16259 16380 16381 16255 16257 16258 16114 16259 16379 16255 16381 16259 16263 16260 16263 16259 16261 16266 16262 16261 16262 16266 16265 16264 16267 16382 16265 16264 16382 16060 16269 16268 16269 16060 16073 16268 16267 16060 16383 16274 16384 16384 16385 16386 16385 16387 16386 16385 16384 16274 16274 16383 16272 16387 16271 16270 16181 16188 16388 16387 16385 16271 16178 16388 16389 16388 16178 16181 16270 16178 16389 16289 16273 16272 16390 16391 16392 16393 16167 16392 16394 16289 16390 16393 16392 16391 16395 16289 16396 16273 16289 16394 16167 16393 16168 16390 16395 16391 16395 16390 16289 16297 16397 16398 16297 16399 16397 16398 16400 16297 16277 16398 16275 16276 16352 16354 16399 16297 16280 16400 16398 16277 16352 16276 16275 16401 16402 16403 16231 16404 16232 16231 16405 16404 16279 16402 16401 16280 16306 16278 16279 16278 16406 16369 16403 16405 16402 16279 16406 16403 16369 16401 16369 16405 16231 16196 16407 16408 16196 16409 16410 16194 16408 16281 16282 16409 16196 16408 16194 16196 16411 16282 16284 16409 16282 16411 16272 16412 16320 16412 16272 16383 16413 16320 16412 16414 16320 16413 16282 16414 16283 16414 16282 16320 16261 16286 16285 16286 16114 16287 16289 16288 16287 16272 16291 16290 16291 16272 16320 16290 16289 16272 16292 16291 16320 16294 16295 16293 16297 16415 16280 16415 16297 16299 16295 16280 16415 16298 16297 16302 16302 16301 16298 16301 16300 16264 16266 16301 16264 16416 16344 16417 16416 16417 16418 16297 16419 16303 16344 16416 16346 16419 16418 16417 16302 16303 16304 16420 16297 16400 16419 16420 16418 16420 16419 16297 16304 16300 16302 16296 16421 16305 16296 16422 16421 16305 16280 16296 16307 16422 16296 16423 16307 16309 16422 16307 16423 16218 16425 16424 16307 16424 16308 16218 16426 16425 16424 16307 16218 16223 16426 16218 16427 16223 16235 16426 16223 16427 16428 16287 16325 16287 16428 16289 16429 16289 16428 16429 16396 16289 16312 16429 16310 16311 16137 16239 16396 16429 16312 16137 16311 16310 16060 16430 16313 16267 16431 16060 16313 16053 16060 16432 16267 16315 16433 16060 16431 16431 16267 16432 16430 16060 16433 16300 16434 16264 16434 16300 16044 16435 16264 16434 16436 16264 16435 16267 16436 16314 16436 16267 16264 16307 16437 16218 16437 16307 16317 16316 16218 16437 16296 16319 16438 16319 16296 16294 16317 16296 16438 16292 16318 16294 16318 16292 16321 16439 16320 16282 16321 16320 16439 16196 16324 16322 16324 16196 16203 16323 16210 16316 16164 16166 16163 16440 16441 16442 16443 16444 16442 16443 16445 16444 16448 16449 16450 16450 16451 16452 16452 16451 16453 16454 16455 16456 16454 16453 16455 16458 16456 16455 16459 16458 16460 16461 16459 16460 16462 16461 16463 16462 16464 16465 16462 16463 16464 16465 16464 16466 16469 16470 16471 16470 16469 16472 16474 16475 16473 16476 16475 16477 16479 16480 16476 16481 16482 16483 16467 16466 16468 16468 16484 16467 16468 16485 16484 16486 16487 16485 16483 16482 16488 16489 16490 16488 16489 16488 16482 16490 16491 16492 16494 16495 16492 16494 16492 16493 16496 16497 16495 16497 16496 16498 16500 16502 16503 16498 16504 16497 16505 16498 16506 16507 16508 16506 16508 16509 16510 16511 16512 16510 16503 16513 16514 16513 16503 16502 16441 16440 16515 16516 16517 16515 16517 16516 16518 16519 16520 16517 16521 16522 16520 16521 16520 16519 16523 16521 16524 16525 16471 16470 16471 16525 16524 16502 16500 16501 16526 16527 16512 16529 16530 16531 16529 16531 16528 16532 16530 16533 16535 16534 16532 16536 16537 16534 16536 16538 16537 16539 16538 16540 16542 16543 16539 16544 16545 16542 16545 16546 16547 16547 16548 16549 16549 16551 16552 16553 16552 16551 16554 16555 16553 16556 16557 16554 16558 16559 16560 16558 16560 16556 16562 16563 16564 16565 16564 16566 16566 16567 16565 16568 16569 16567 16570 16569 16571 16569 16570 16572 16573 16572 16570 16574 16575 16576 16577 16576 16575 16578 16579 16580 16579 16578 16577 16581 16580 16582 16582 16583 16581 16584 16583 16585 16583 16584 16586 16583 16582 16585 16580 16581 16578 16576 16577 16578 16575 16574 16573 16572 16573 16574 16569 16568 16571 16567 16566 16568 16564 16565 16562 16563 16562 16559 16559 16561 16563 16559 16558 16561 16557 16556 16560 16555 16554 16557 16552 16553 16555 16551 16549 16550 16550 16549 16548 16548 16547 16546 16546 16545 16544 16543 16542 16545 16541 16539 16543 16538 16539 16541 16538 16536 16540 16534 16535 16536 16530 16532 16534 16530 16529 16533 16527 16528 16531 16527 16526 16528 16512 16511 16526 16510 16509 16511 16509 16508 16507 16505 16506 16508 16498 16505 16504 16495 16494 16496 16493 16492 16491 16490 16489 16491 16482 16481 16479 16480 16479 16481 16478 16476 16480 16475 16476 16478 16475 16474 16477 16474 16473 16470 16470 16472 16474 16523 16524 16525 16521 16523 16522 16517 16518 16519 16515 16440 16516 16443 16442 16441 16445 16443 16446 16446 16447 16445 16447 16446 16448 16449 16448 16446 16451 16450 16449 16453 16454 16452 16456 16458 16457 16458 16459 16457 16459 16461 16587 16461 16462 16587 16466 16467 16465 16485 16468 16486 16487 16486 16499 16487 16499 16500 16501 16500 16499 16588 16589 16590 16591 16592 16593 16594 16595 16596 16597 16598 16599 16602 16603 16604 16605 16606 16607 16608 16609 16610 16611 16612 16613 16614 16615 16616 16617 16618 16602 16619 16620 16621 16622 16623 16624 16625 16607 16626 16627 16625 16628 16625 16629 16628 16630 16631 16632 16633 16634 16635 16634 16636 16635 16636 16637 16638 16639 16638 16637 16640 16588 16611 16588 16640 16589 16640 16611 16641 16641 16611 16644 16643 16642 16611 16611 16642 16644 16592 16591 16645 16646 16588 16647 16645 16591 16646 16647 16588 16590 16588 16646 16591 16650 16649 16651 16594 16648 16595 16649 16650 16652 16649 16652 16648 16653 16594 16654 16654 16594 16596 16594 16653 16655 16598 16597 16655 16655 16653 16656 16655 16656 16598 16657 16602 16658 16658 16602 16604 16601 16600 16617 16602 16657 16617 16601 16617 16659 16617 16657 16659 16660 16602 16605 16602 16660 16603 16627 16661 16605 16605 16661 16660 16606 16605 16663 16663 16605 16602 16609 16608 16607 16609 16607 16606 16588 16591 16664 16610 16591 16608 16591 16610 16664 16612 16611 16665 16588 16665 16611 16615 16617 16616 16617 16615 16618 16620 16619 16666 16667 16668 16669 16619 16621 16670 16670 16633 16671 16672 16620 16666 16668 16667 16673 16633 16670 16621 16620 16672 16674 16673 16667 16675 16676 16668 16674 16674 16672 16676 16668 16676 16669 16677 16622 16678 16679 16680 16681 16623 16622 16677 16677 16678 16682 16683 16679 16624 16684 16651 16681 16680 16679 16685 16683 16624 16623 16681 16680 16684 16682 16678 16686 16651 16684 16650 16679 16683 16685 16607 16625 16605 16625 16627 16605 16687 16688 16632 16632 16688 16630 16689 16631 16630 16688 16687 16690 16688 16691 16692 16631 16689 16693 16691 16688 16690 16690 16687 16694 16695 16691 16633 16691 16695 16692 16695 16633 16621 16634 16633 16691 16636 16634 16637 16638 16639 16649 16639 16651 16649 16696 16697 16698 16697 16699 16698 16697 16696 16700 16701 16702 16703 16704 16699 16705 16697 16700 16706 16702 16706 16700 16699 16704 16651 16702 16701 16706 16699 16697 16705 16707 16593 16708 16608 16707 16626 16709 16593 16710 16711 16712 16713 16713 16712 16714 16715 16716 16714 16712 16711 16698 16712 16717 16718 16716 16715 16719 16717 16712 16698 16698 16711 16696 16718 16708 16709 16708 16718 16717 16720 16649 16721 16722 16649 16594 16649 16722 16721 16723 16636 16638 16723 16638 16720 16724 16635 16636 16635 16724 16725 16726 16633 16635 16727 16728 16729 16726 16635 16727 16729 16728 16730 16728 16727 16635 16731 16728 16732 16731 16732 16733 16733 16734 16735 16734 16733 16732 16736 16734 16737 16738 16737 16734 16739 16734 16732 16740 16741 16739 16743 16594 16655 16744 16655 16742 16655 16744 16743 16694 16745 16690 16745 16629 16690 16745 16694 16746 16747 16748 16749 16745 16746 16750 16748 16750 16746 16751 16628 16629 16748 16747 16750 16629 16745 16751 16752 16627 16628 16755 16597 16754 16756 16597 16757 16754 16753 16755 16597 16755 16757 16756 16760 16597 16760 16756 16759 16759 16758 16760 16761 16655 16762 16655 16761 16742 16762 16655 16760 16765 16766 16767 16764 16767 16770 16763 16768 16769 16769 16741 16771 16771 16741 16742 16764 16763 16767 16742 16772 16771 16773 16742 16761 16768 16763 16764 16742 16773 16772 16766 16765 16761 16767 16766 16770 16774 16734 16741 16775 16741 16768 16741 16775 16774 16776 16738 16777 16777 16738 16778 16779 16738 16734 16738 16779 16778 16780 16781 16782 16738 16782 16781 16783 16738 16784 16738 16783 16782 16785 16675 16787 16787 16675 16788 16789 16786 16790 16781 16786 16738 16788 16675 16789 16786 16781 16790 16786 16789 16675 16791 16673 16785 16794 16793 16795 16795 16793 16796 16796 16668 16797 16798 16668 16673 16668 16796 16793 16668 16798 16799 16668 16799 16797 16800 16801 16802 16803 16804 16805 16806 16807 16808 16808 16802 16809 16803 16805 16810 16805 16811 16810 16802 16808 16807 16801 16809 16802 16802 16807 16812 16809 16801 16805 16813 16689 16814 16812 16807 16815 16804 16803 16816 16813 16814 16806 16793 16815 16807 16689 16813 16693 16807 16806 16814 16816 16819 16818 16819 16816 16803 16820 16821 16822 16822 16821 16823 16821 16820 16824 16821 16824 16825 16828 16816 16827 16827 16829 16828 16829 16827 16830 16829 16830 16831 16829 16831 16832 16832 16833 16834 16835 16747 16749 16833 16832 16831 16747 16835 16833 16836 16837 16838 16839 16838 16837 16838 16839 16831 16841 16842 16840 16842 16841 16843 16841 16840 16844 16843 16841 16845 16845 16837 16846 16847 16837 16836 16837 16845 16841 16837 16847 16848 16837 16848 16846 16849 16850 16851 16852 16841 16853 16853 16841 16854 16855 16856 16854 16857 16849 16858 16859 16627 16851 16850 16849 16860 16856 16855 16861 16857 16858 16852 16851 16850 16859 16854 16856 16853 16627 16859 16662 16849 16857 16860 16862 16863 16864 16865 16866 16863 16864 16863 16866 16867 16868 16869 16863 16862 16870 16866 16861 16855 16868 16867 16600 16861 16866 16868 16869 16868 16865 16866 16865 16868 16871 16600 16872 16872 16600 16867 16873 16617 16600 16617 16873 16874 16873 16600 16875 16876 16877 16878 16879 16617 16880 16877 16876 16881 16617 16879 16883 16886 16887 16616 16888 16616 16882 16617 16883 16882 16881 16876 16880 16885 16878 16877 16884 16885 16887 16616 16888 16886 16880 16876 16879 16884 16887 16886 16885 16884 16878 16889 16613 16614 16889 16616 16887 16616 16889 16614 16892 16893 16894 16894 16895 16890 16891 16890 16895 16896 16897 16898 16899 16611 16613 16895 16894 16893 16897 16890 16891 16896 16898 16900 16893 16892 16613 16613 16892 16899 16896 16900 16901 16897 16896 16890 16611 16899 16901 16903 16611 16900 16905 16643 16906 16643 16905 16904 16906 16643 16902 16643 16904 16907 16909 16910 16911 16908 16909 16911 16912 16910 16913 16910 16912 16911 16910 16909 16914 16910 16914 16915 16913 16643 16916 16913 16916 16912 16919 16918 16920 16918 16919 16917 16921 16922 16923 16924 16921 16923 16918 16917 16925 16922 16710 16926 16926 16593 16592 16921 16924 16920 16925 16917 16910 16593 16926 16710 16920 16924 16919 16927 16918 16928 16928 16918 16929 16929 16918 16925 16932 16931 16918 16918 16927 16933 16930 16931 16934 16918 16933 16932 16931 16932 16934 16936 16937 16938 16931 16935 16939 16931 16939 16937 16940 16941 16942 16942 16941 16943 16944 16943 16941 16945 16944 16938 16943 16944 16945 16946 16938 16944 16941 16940 16949 16950 16936 16946 16941 16949 16948 16938 16946 16936 16941 16947 16951 16952 16715 16953 16951 16947 16954 16952 16953 16950 16715 16952 16719 16955 16951 16956 16956 16951 16957 16957 16951 16954 16959 16960 16961 16962 16960 16951 16951 16958 16963 16964 16965 16960 16966 16967 16968 16969 16968 16970 16971 16972 16968 16961 16960 16973 16951 16963 16962 16968 16969 16966 16960 16962 16973 16967 16966 16965 16971 16968 16975 16969 16701 16703 16965 16964 16967 16968 16967 16975 16701 16969 16970 16972 16971 16974 16976 16972 16977 16977 16972 16978 16979 16678 16622 16979 16622 16980 16981 16972 16982 16978 16972 16974 16980 16622 16981 16972 16976 16982 16972 16981 16622 16984 16686 16678 16984 16678 16985 16597 16987 16754 16988 16987 16686 16686 16984 16986 16987 16597 16599 16686 16986 16988 16987 16988 16989 16754 16987 16989 16678 16983 16985 16678 16979 16983 16936 16950 16953 16937 16936 16931 16931 16930 16935 16922 16921 16710 16910 16915 16925 16643 16907 16916 16611 16902 16643 16611 16901 16900 16613 16889 16893 16617 16874 16880 16600 16871 16875 16868 16600 16601 16841 16852 16858 16841 16844 16854 16831 16839 16833 16816 16828 16804 16825 16824 16827 16816 16817 16826 16793 16792 16815 16673 16791 16798 16675 16785 16673 16738 16776 16784 16734 16774 16779 16761 16765 16773 16597 16760 16655 16627 16752 16851 16628 16751 16752 16594 16743 16722 16742 16740 16744 16734 16739 16741 16728 16731 16730 16633 16726 16671 16635 16725 16728 16636 16723 16724 16649 16720 16638 16714 16716 16713 16593 16709 16708 16608 16626 16607 16707 16608 16591 16593 16707 16591 16717 16707 16708 16651 16704 16681 16651 16639 16699 16991 16992 16990 16993 16994 16995 17000 17001 17002 17005 17006 17003 17007 17008 17006 17009 17010 17008 17009 17011 17010 17012 17013 17014 17016 17017 17015 17023 17024 17022 17027 17028 17029 17027 17030 17031 17034 17035 17036 17037 17038 17039 17038 17040 17039 17041 17042 17043 17044 17043 17045 17048 17050 17051 17054 17055 17056 17059 17060 17057 17061 17062 17063 17064 17066 17067 17068 17066 17069 17069 17070 17068 17073 17074 17075 17076 17077 17078 17081 17082 17079 17083 17084 17085 17089 17090 17088 17091 17092 17093 17094 17091 17093 17096 17097 17095 17098 17099 17100 17101 17098 17100 17102 17103 17104 17105 17106 17107 17105 17107 17108 17108 17109 17105 17111 17112 17113 17116 17117 17118 17122 17123 17124 17125 17124 17123 17128 17129 17130 17133 17134 17135 17138 17139 17140 17141 17142 17143 17144 17145 17146 17146 17147 17144 17150 17151 17152 17155 17156 17157 17158 17159 17160 17162 17163 17161 17165 17166 17163 17169 17170 17171 17174 17175 17176 17180 17181 17182 17188 17189 17186 17192 17193 17194 17198 17199 17197 17200 17201 17202 17203 17202 17204 17204 17206 17205 17210 17209 17211 17212 17213 17214 17216 17217 17218 17066 17064 17065 17066 17068 17067 17070 17069 17219 17070 17072 17071 17070 17219 17072 17220 17075 17077 17073 17075 17220 17071 17072 17074 17074 17073 17071 17220 17077 17076 17221 17222 17079 17222 17221 17223 17079 17080 17221 17078 17223 17076 17223 17078 17222 17080 17079 17082 17081 17085 17082 17085 17081 17083 17084 17083 17086 17087 17084 17086 17084 17087 17088 17088 17087 17089 17224 17225 17092 17225 17224 17226 17225 17090 17089 17090 17225 17226 17092 17091 17224 17096 17094 17093 17094 17096 17095 17227 17097 17096 17097 17099 17098 17099 17097 17227 17228 17101 17229 17101 17228 17230 17231 17232 17217 17228 17233 17102 17233 17228 17229 17103 17102 17233 17234 17235 17236 17106 17104 17103 17104 17106 17105 17109 17108 17110 17109 17110 17237 17112 17237 17110 17112 17111 17237 17238 17239 17240 17111 17115 17114 17118 17115 17116 17115 17118 17114 17117 17116 17119 17243 17244 17245 17120 17121 17122 17123 17122 17121 17127 17125 17126 17125 17127 17246 17124 17125 17246 17129 17128 17127 17127 17126 17129 17247 17130 17129 17130 17247 17248 17248 17132 17131 17132 17248 17247 17131 17249 17133 17249 17131 17132 17134 17133 17249 17137 17135 17134 17135 17137 17136 17136 17140 17139 17140 17136 17137 17139 17138 17141 17142 17141 17138 17145 17143 17142 17143 17145 17144 17148 17147 17146 17147 17148 17149 17148 17250 17149 17250 17148 17151 17151 17150 17250 17153 17251 17154 17252 17253 17251 17253 17150 17152 17253 17252 17150 17251 17153 17252 17254 17154 17255 17154 17254 17153 17255 17256 17254 17256 17255 17156 17156 17155 17256 17159 17257 17155 17159 17155 17157 17159 17158 17257 17158 17160 17161 17162 17161 17160 17163 17162 17164 17163 17164 17165 17166 17165 17168 17171 17167 17168 17167 17171 17170 17168 17167 17166 17170 17169 17258 17169 17172 17258 17172 17169 17173 17175 17259 17176 17173 17260 17172 17260 17173 17259 17259 17175 17260 17175 17174 17177 17177 17178 17179 17178 17177 17174 17261 17182 17181 17182 17261 17262 17262 17261 17179 17179 17178 17262 17181 17180 17183 17180 17263 17183 17263 17180 17264 17265 17264 17185 17264 17265 17263 17185 17184 17265 17187 17184 17185 17187 17186 17184 17188 17186 17187 17188 17191 17189 17191 17188 17190 17190 17194 17191 17194 17190 17192 17266 17193 17192 17193 17196 17195 17196 17193 17266 17197 17267 17198 17196 17268 17195 17268 17196 17267 17267 17197 17268 17270 17269 17199 17199 17198 17270 17200 17271 17201 17271 17269 17270 17271 17200 17269 17202 17203 17200 17204 17205 17203 17208 17206 17204 17207 17208 17209 17208 17207 17206 17209 17208 17211 17210 17272 17273 17272 17210 17213 17209 17210 17273 17214 17215 17212 17213 17212 17272 17214 17218 17215 17218 17214 17216 17217 17216 17274 17238 17240 17275 17278 17279 17276 17278 17280 17279 17283 17284 17282 17285 17286 17284 17287 17288 17289 17232 17287 17289 17287 17232 17231 17288 17287 17290 17286 17285 17288 17288 17290 17286 17284 17283 17285 17282 17281 17283 17292 17291 17282 17282 17291 17281 17291 17280 17278 17280 17291 17292 17278 17276 17277 17277 17276 17293 17275 17293 17276 17293 17275 17240 17239 17238 17294 17234 17239 17294 17234 17236 17239 17235 17234 17295 17296 17295 17297 17300 17301 17302 17304 17305 17303 17306 17307 17308 17309 17310 17311 17312 17310 17313 17121 17117 17119 17314 17315 17244 17245 17316 17243 17317 17316 17245 17318 17319 17320 17327 17328 17329 17330 17331 17332 17333 17334 17335 17336 17337 17338 17339 17340 17341 17296 17339 17341 17117 17121 17120 17115 17111 17113 17217 17274 17231 17295 17296 17235 17296 17297 17339 17340 17339 17337 17337 17336 17340 17336 17342 17333 17342 17336 17338 17334 17333 17342 17335 17331 17330 17331 17335 17334 17329 17332 17343 17343 17332 17331 17332 17329 17328 17328 17327 17344 17323 17324 17326 17327 17326 17344 17326 17327 17325 17326 17325 17323 17322 17345 17321 17345 17324 17323 17345 17346 17324 17345 17322 17346 17318 17347 17348 17321 17349 17322 17349 17321 17347 17347 17318 17349 17320 17319 17350 17319 17318 17348 17350 17317 17320 17316 17317 17350 17244 17243 17314 17312 17315 17314 17315 17312 17313 17310 17312 17311 17310 17309 17351 17309 17352 17351 17352 17307 17306 17352 17309 17307 17306 17308 17305 17305 17304 17306 17304 17303 17302 17302 17301 17304 17301 17300 17353 17353 17299 17298 17299 17353 17300 17299 17354 17298 17354 17299 17355 17241 17355 17242 17355 17241 17354 17242 16990 17241 16990 17242 16991 16992 16991 16994 16997 16995 16996 16995 16997 16993 16994 16993 16992 16996 17356 16997 17356 16996 17357 17357 16998 17356 16998 17357 16999 17003 17002 17004 17002 17003 17000 16998 16999 17001 17001 17000 16998 17005 17003 17004 17006 17005 17007 17008 17007 17009 17011 17009 17013 17014 17358 17012 17358 17014 17016 17013 17012 17011 17016 17015 17358 17017 17016 17359 17359 17018 17017 17018 17359 17019 17360 17020 17021 17019 17361 17018 17361 17019 17021 17021 17020 17361 17360 17362 17020 17362 17023 17022 17023 17362 17360 17024 17023 17363 17025 17363 17026 17363 17025 17024 17028 17026 17029 17026 17028 17025 17028 17027 17031 17030 17027 17364 17033 17364 17032 17364 17033 17030 17033 17036 17035 17036 17033 17032 17035 17034 17037 17038 17037 17034 17040 17038 17042 17042 17041 17040 17043 17044 17041 17045 17046 17044 17046 17045 17047 17365 17049 17048 17365 17366 17367 17366 17365 17046 17049 17365 17367 17046 17047 17366 17050 17053 17051 17053 17050 17052 17050 17048 17049 17052 17368 17053 17368 17052 17055 17369 17055 17054 17055 17369 17368 17056 17057 17054 17057 17056 17058 17059 17057 17058 17060 17059 17062 17370 17061 17063 17062 17061 17060 17061 17065 17064 17065 17061 17370 17098 17101 17230 17373 17374 17375 17378 17377 17379 17382 17383 17384 17382 17384 17385 17386 17385 17384 17388 17387 17389 17390 17389 17391 17392 17391 17393 17394 17395 17392 17398 17397 17399 17401 17402 17372 17403 17404 17405 17406 17403 17405 17403 17407 17408 17411 17412 17413 17415 17416 17417 17417 17416 17418 17424 17423 17425 17425 17426 17424 17419 17422 17421 17420 17418 17416 17420 17419 17418 17411 17413 17414 17412 17411 17410 17410 17409 17407 17407 17409 17408 17407 17403 17406 17371 17404 17403 17372 17371 17401 17400 17402 17401 17400 17398 17399 17395 17394 17396 17391 17392 17390 17388 17389 17390 17386 17387 17427 17385 17386 17427 17381 17383 17382 17379 17380 17378 17374 17376 17377 17374 17373 17376 17428 17429 17375 17429 17428 17430 17431 17430 17428 17430 17431 17432 17432 17431 17433 17434 17433 17435 17436 17437 17435 17436 17438 17437 17436 17439 17438 17440 17439 17441 17443 17444 17445 17444 17443 17442 17446 17445 17444 17447 17445 17446 17450 17449 17451 17453 17452 17454 17454 17455 17453 17454 17456 17455 17458 17459 17457 17458 17460 17461 17464 17463 17465 17467 17468 17469 17468 17467 17470 17375 17429 17373 17433 17434 17432 17445 17447 17472 17448 17447 17473 17449 17448 17473 17449 17450 17448 17451 17452 17450 17457 17459 17456 17460 17462 17461 17469 17466 17465 17469 17468 17466 17467 17471 17470</p></triangles>
    </mesh></geometry>
  </library_geometries>
  <library_visual_scenes><visual_scene id="s">
    <node id="shoulder_link" name="shoulder_link"><instance_geometry url="#g"><bind_material><technique_common>
      <instance_material symbol="m0" target="#m0"/>
      <instance_material symbol="m1" target="#m1"/>
      <instance_material symbol="m2" target="#m2"/>
      <instance_material symbol="m3" target="#m3"/>
      <instance_material symbol="m4" target="#m4"/>
      <instance_material symbol="m5" target="#m5"/>
      <instance_material symbol="m6" target="#m6"/>
      <instance_material symbol="m7" target="#m7"/>
      <instance_material symbol="m8" target="#m8"/>
      <instance_material symbol="m9" target="#m9"/>
    </technique_common></bind_material></instance_geometry></node>
  </visual_scene></library_visual_scenes>
  <scene><instance_visual_scene url="#s"/></scene>
</COLLADA>
