<?xml version="1.0" encoding="utf-8"?>
<COLLADA xmlns="http://www.collada.org/2005/11/COLLADASchema" version="1.4.1">
  <asset><contributor><authoring_tool>scripts/cad/build_arm_description.py</authoring_tool></contributor><unit name="meter" meter="1"/><up_axis>Z_UP</up_axis></asset>
  <library_effects>
    <effect id="m0-fx"><profile_COMMON><technique sid="common"><phong><diffuse><color>0.7922 0.8196 0.9333 1</color></diffuse><specular><color>0.25 0.25 0.25 1</color></specular><shininess><float>30</float></shininess></phong></technique></profile_COMMON></effect>
    <effect id="m1-fx"><profile_COMMON><technique sid="common"><phong><diffuse><color>0.8667 0.9098 1 1</color></diffuse><specular><color>0.25 0.25 0.25 1</color></specular><shininess><float>30</float></shininess></phong></technique></profile_COMMON></effect>
    <effect id="m2-fx"><profile_COMMON><technique sid="common"><phong><diffuse><color>1 0.949 0.9098 1</color></diffuse><specular><color>0.25 0.25 0.25 1</color></specular><shininess><float>30</float></shininess></phong></technique></profile_COMMON></effect>
  </library_effects>
  <library_materials>
    <material id="m0"><instance_effect url="#m0-fx"/></material>
    <material id="m1"><instance_effect url="#m1-fx"/></material>
    <material id="m2"><instance_effect url="#m2-fx"/></material>
  </library_materials>
  <library_geometries>
    <geometry id="g" name="wrist_left_gear_link"><mesh>
        <source id="p"><float_array id="pa" count="12411">-0.0075 0.02 0.0005 -0.01 0.041 -0.0005 -0.01 0.02 -0.0005 -0.0075 0.041 0.0005 0 0.02 0.0075 -0.004 0.065 0.006 -0.004 0.02 0.006 0.006 0.02 0.004 0.0035 0.065 0.0065 0.0035 0.02 0.0065 -0.0035 0.02 -0.0065 0 0.065 -0.0075 0 0.02 -0.0075 0.0035 0.065 -0.0065 0.0035 0.02 -0.0065 0.006 0.065 -0.004 0.006 0.02 -0.004 -0.0065 0.065 0.0035 -0.0065 0.02 0.0035 0 0.065 0.0075 0.0075 0.065 -0.0005 0.0075 0.02 -0.0005 -0.0065 0.065 -0.0035 -0.006 0.041 -0.004 -0.0065 0.041 -0.0035 -0.0075 0.041 0 0.006 0.065 0.004 -0.0035 0.065 -0.0065 -0.006 0.02 -0.004 -0.0075 0.065 0 -0.0075 0.041 0.0005 -0.0075 0.02 0.0005 -0.006 0.041 -0.004 -0.0085 0.02 -0.0045 -0.0085 0.041 -0.0045 -0.006 0.02 -0.004 -0.01 0.02 -0.0005 -0.0085 0.041 -0.0045 -0.0085 0.02 -0.0045 -0.01 0.041 -0.0005 -0.0065 0.041 -0.0035 -0.01 0.041 -0.0005 -0.0075 0.041 0 -0.0085 0.041 -0.0045 -0.006 0.041 -0.004 -0.0075 0.041 0.0005 -0.0075 0.02 0.0005 -0.0085 0.02 -0.0045 -0.006 0.02 -0.004 -0.0035 0.02 -0.0065 0 0.02 -0.0075 -0.0065 0.02 0.0035 0.0035 0.02 -0.0065 0.006 0.02 -0.004 0.0035 0.02 0.0065 0 0.02 0.0075 -0.01 0.02 -0.0005 0.006 0.02 0.004 0.0075 0.02 -0.0005 -0.004 0.02 0.006 0.0035 0.065 -0.0065 0.0075 0.065 -0.0005 0.006 0.065 -0.004 -0.0065 0.065 -0.0035 -0.0035 0.065 -0.0065 0.0035 0.065 0.0065 0.006 0.065 0.004 -0.0075 0.065 0 0 0.065 -0.0075 -0.0065 0.065 0.0035 -0.004 0.065 0.006 0 0.065 0.0075 0.0075 0.02 -0.0005 0.006 0.065 0.004 0.006 0.02 0.004 0.0075 0.065 -0.0005 -0.0015 0.0635 -0.01 0.002 0.061 -0.01 0.002 0.0605 -0.01 0.01 0.0635 -0.0015 0.0075 0.0575 -0.0065 0.0075 0.0635 -0.0065 -0.0065 0.0575 -0.0075 -0.0065 0.0635 -0.0075 -0.01 0.0635 0.0015 -0.0075 0.0575 0.0065 -0.0075 0.0635 0.0065 -0.0035 0.0575 0.0095 -0.0035 0.0635 0.0095 0.0015 0.0575 0.01 0.0015 0.0635 0.01 0.0065 0.0575 0.0075 0.0065 0.0635 0.0075 0.0095 0.0575 0.0035 0.0095 0.0635 0.0035 -0.0095 0.0635 -0.0035 -0.0095 0.061 -0.004 -0.0095 0.0615 -0.0035 -0.0095 0.0575 -0.0035 -0.0095 0.0585 -0.003 -0.0095 0.0585 -0.0035 0.0035 0.0635 -0.0095 0.004 0.062 -0.0095 0.0035 0.062 -0.0095 0.0035 0.0575 -0.0095 0.003 0.059 -0.0095 0.0035 0.059 -0.0095 -0.0015 0.0575 -0.01 0.002 0.06 -0.01 0.0025 0.062 -0.0095 0.002 0.0615 -0.01 0.003 0.062 -0.0095 0.0025 0.0595 -0.0095 0.004 0.0595 -0.009 0.0045 0.06 -0.009 0.004 0.059 -0.0095 0.0045 0.061 -0.009 0.0045 0.0615 -0.009 0.005 0.0605 -0.009 0.004 0.062 -0.009 -0.01 0.0575 0.0015 -0.01 0.0595 -0.002 -0.01 0.059 -0.002 -0.0095 0.061 -0.0025 -0.01 0.0605 -0.002 -0.0095 0.061 -0.003 -0.01 0.06 -0.002 -0.0095 0.0585 -0.0025 -0.009 0.0585 -0.004 -0.009 0.059 -0.0045 -0.0095 0.0585 -0.004 -0.009 0.06 -0.0045 -0.009 0.0605 -0.0045 -0.009 0.0595 -0.0045 -0.009 0.06 -0.005 -0.009 0.061 -0.004 0.01 0.0575 -0.0015 -0.005 0.0475 -0.0055 -0.0015 0.0635 -0.0075 -0.005 0.0635 -0.0055 0.0055 0.0475 -0.005 0.0075 0.0635 -0.0015 0.0055 0.0635 -0.005 0.0075 0.0475 -0.0015 0.007 0.0635 0.0025 -0.007 0.0585 -0.003 -0.007 0.0475 -0.0025 -0.007 0.0585 -0.0035 0.005 0.0635 0.0055 0.007 0.0475 0.0025 0.005 0.0475 0.0055 0.0015 0.0635 0.0075 0.0015 0.0475 0.0075 -0.0025 0.0635 0.007 -0.0025 0.0475 0.007 -0.0055 0.0635 0.005 -0.0055 0.0475 0.005 -0.0075 0.0635 0.0015 -0.0075 0.0475 0.0015 -0.0015 0.0475 -0.0075 -0.007 0.0585 -0.0025 -0.007 0.0635 -0.0025 -0.007 0.061 -0.002 -0.007 0.0615 -0.0025 0.0025 0.0475 -0.007 0.003 0.059 -0.007 0.0025 0.059 -0.007 0.0025 0.0635 -0.007 0.002 0.062 -0.007 0.0025 0.062 -0.007 0.001 0.061 -0.0075 0.0015 0.0615 -0.0075 0.002 0.0595 -0.0075 0.0015 0.06 -0.0075 0.002 0.059 -0.007 0.001 0.06 -0.0075 0.001 0.0605 -0.0075 0.002 0.062 -0.0075 0.0035 0.062 -0.007 0.0035 0.0615 -0.0065 0.003 0.062 -0.007 0.004 0.06 -0.0065 0.0035 0.06 -0.0065 0.004 0.061 -0.0065 0.004 0.0605 -0.0065 0.0035 0.0595 -0.007 -0.0075 0.06 -0.001 -0.0075 0.0605 -0.0015 -0.0075 0.0585 -0.002 -0.0075 0.059 -0.0015 -0.007 0.0585 -0.002 -0.0075 0.0595 -0.001 -0.0075 0.061 -0.002 -0.007 0.061 -0.0035 -0.0065 0.0605 -0.0035 -0.007 0.061 -0.003 -0.0065 0.0595 -0.004 -0.0065 0.059 -0.0035 -0.0065 0.06 -0.004 -0.01 0.0635 0.0015 -0.007 0.0635 -0.0025 -0.0095 0.0635 -0.0035 0.0015 0.0635 0.0075 -0.0035 0.0635 0.0095 0.0015 0.0635 0.01 0.005 0.0635 0.0055 0.0065 0.0635 0.0075 -0.0015 0.0635 -0.01 0.0025 0.0635 -0.007 0.0035 0.0635 -0.0095 -0.0025 0.0635 0.007 0.007 0.0635 0.0025 0.0095 0.0635 0.0035 0.0075 0.0635 -0.0015 0.0075 0.0635 -0.0065 0.0055 0.0635 -0.005 -0.0075 0.0635 0.0065 -0.0055 0.0635 0.005 -0.005 0.0635 -0.0055 -0.0065 0.0635 -0.0075 0.01 0.0635 -0.0015 -0.0075 0.0635 0.0015 -0.0015 0.0635 -0.0075 0.018 0.056 0.006 0.018 0.049 0.005 0.018 0.056 0.005 0.018 0.049 0.006 0.018 0.056 0.006 0.018 0.049 0.006 0.0175 0.056 0.006 0.0175 0.049 0.006 0.017 0.056 0.007 0.0175 0.049 0.007 0.017 0.049 0.007 0.017 0.056 0.0065 0.017 0.049 0.0065 0.017 0.056 0.006 0.017 0.049 0.006 0.0175 0.056 0.006 0.0175 0.049 0.006 0.0175 0.056 0.007 0.0175 0.056 0.007 0.0175 0.049 0.0075 0.0175 0.049 0.007 0.017 0.056 0.0075 0.017 0.049 0.0075 0.0165 0.056 0.0085 0.0165 0.049 0.0085 0.016 0.056 0.0085 0.016 0.049 0.0085 0.016 0.056 0.008 0.016 0.049 0.008 0.0165 0.056 0.008 0.0165 0.049 0.008 0.0165 0.056 0.0075 0.0165 0.049 0.0075 0.017 0.056 0.0075 0.017 0.049 0.0075 0.0165 0.056 0.009 0.0165 0.049 0.009 0.0165 0.049 0.0085 0.0165 0.056 0.0085 0.0165 0.056 0.0095 0.0165 0.049 0.009 0.0165 0.056 0.009 0.0165 0.049 0.0095 0.016 0.056 0.0095 0.016 0.049 0.0095 0.0165 0.049 0.0095 0.0165 0.056 0.0095 0.0155 0.056 0.01 0.0155 0.049 0.0105 0.0155 0.049 0.01 0.0155 0.056 0.0095 0.0155 0.049 0.0095 0.016 0.056 0.0095 0.016 0.049 0.0095 0.0155 0.056 0.0105 0.0155 0.056 0.011 0.0155 0.049 0.0105 0.0155 0.056 0.0105 0.0155 0.049 0.011 0.015 0.056 0.011 0.015 0.049 0.011 0.0155 0.049 0.011 0.0155 0.056 0.011 0.014 0.056 0.0115 0.0145 0.049 0.012 0.014 0.049 0.0115 0.0145 0.056 0.011 0.0145 0.049 0.011 0.015 0.056 0.011 0.015 0.049 0.011 0.0145 0.056 0.012 0.014 0.056 0.0125 0.0145 0.049 0.012 0.0145 0.056 0.012 0.014 0.049 0.0125 0.013 0.056 0.013 0.013 0.049 0.0135 0.013 0.049 0.013 0.013 0.056 0.0125 0.013 0.049 0.0125 0.0135 0.056 0.0125 0.0135 0.049 0.0125 0.014 0.056 0.0125 0.014 0.049 0.0125 0.013 0.056 0.0135 0.013 0.056 0.0135 0.013 0.049 0.014 0.013 0.049 0.0135 0.0125 0.056 0.014 0.0125 0.049 0.014 0.0115 0.056 0.0145 0.0115 0.049 0.0145 0.0115 0.056 0.014 0.0115 0.049 0.014 0.012 0.056 0.0135 0.012 0.049 0.0135 0.012 0.056 0.014 0.012 0.049 0.014 0.0125 0.056 0.014 0.0125 0.049 0.014 0.0115 0.056 0.015 0.0115 0.049 0.015 0.0115 0.049 0.0145 0.0115 0.056 0.0145 0.011 0.049 0.015 0.0115 0.056 0.015 0.011 0.056 0.015 0.0115 0.049 0.015 0.011 0.056 0.015 0.011 0.049 0.0155 0.011 0.056 0.0155 0.011 0.049 0.015 0.01 0.056 0.0155 0.01 0.049 0.016 0.01 0.049 0.0155 0.01 0.056 0.015 0.01 0.049 0.015 0.0105 0.056 0.015 0.0105 0.049 0.015 0.011 0.056 0.015 0.011 0.049 0.015 0.01 0.056 0.016 0.0095 0.056 0.0165 0.01 0.049 0.016 0.01 0.056 0.016 0.0095 0.049 0.0165 0.0095 0.056 0.0165 0.0095 0.049 0.0165 0.0095 0.056 0.016 0.0095 0.049 0.016 0.008 0.056 0.0165 0.0085 0.049 0.017 0.008 0.049 0.0165 0.0085 0.056 0.016 0.0085 0.049 0.016 0.009 0.056 0.016 0.009 0.049 0.016 0.0095 0.056 0.016 0.0095 0.049 0.016 0.0085 0.056 0.017 0.0085 0.056 0.017 0.0085 0.049 0.017 0.008 0.056 0.017 0.008 0.049 0.017 0.0075 0.056 0.017 0.008 0.049 0.017 0.008 0.056 0.017 0.0075 0.049 0.017 0.0065 0.056 0.0175 0.0065 0.049 0.0175 0.0065 0.056 0.017 0.0065 0.049 0.017 0.007 0.056 0.0165 0.007 0.049 0.0165 0.007 0.056 0.017 0.007 0.049 0.017 0.0075 0.056 0.017 0.0075 0.049 0.017 0.0065 0.056 0.0175 0.006 0.049 0.018 0.0065 0.049 0.0175 0.006 0.056 0.018 0.0055 0.056 0.018 0.0055 0.049 0.018 0.006 0.049 0.018 0.006 0.056 0.018 0.0045 0.056 0.018 0.0045 0.049 0.018 0.0045 0.056 0.0175 0.0045 0.049 0.0175 0.005 0.056 0.0175 0.005 0.049 0.0175 0.0055 0.056 0.0175 0.0055 0.049 0.0175 0.0055 0.056 0.018 0.0055 0.049 0.018 0.0045 0.056 0.0185 0.0045 0.049 0.018 0.0045 0.056 0.018 0.0045 0.049 0.0185 0.004 0.049 0.0185 0.004 0.056 0.0185 0.0045 0.049 0.0185 0.0045 0.056 0.0185 0.0025 0.056 0.018 0.0025 0.049 0.0185 0.0025 0.049 0.018 0.003 0.056 0.018 0.003 0.049 0.018 0.0035 0.056 0.018 0.0035 0.049 0.018 0.004 0.056 0.0185 0.004 0.049 0.0185 0.0025 0.056 0.0185 0.002 0.056 0.0185 0.0025 0.049 0.0185 0.0025 0.056 0.0185 0.002 0.049 0.0185 0.001 0.056 0.0185 0.001 0.049 0.0185 0.001 0.056 0.018 0.001 0.049 0.018 0.0015 0.056 0.018 0.0015 0.049 0.018 0.002 0.056 0.0185 0.002 0.049 0.0185 0.0005 0.056 0.019 0.0005 0.049 0.019 0.0005 0.049 0.0185 0.0005 0.056 0.0185 0.001 0.049 0.0185 0.001 0.056 0.0185 0 0.056 0.019 0.0005 0.049 0.019 0.0005 0.056 0.019 0 0.049 0.019 0 0.056 0.0185 0 0.049 0.019 0 0.056 0.019 0 0.049 0.0185 -0.001 0.056 0.0185 -0.001 0.049 0.0185 -0.001 0.056 0.018 -0.001 0.049 0.018 -0.0005 0.056 0.018 -0.0005 0.049 0.018 0 0.056 0.0185 0 0.049 0.0185 -0.0015 0.056 0.019 -0.0015 0.049 0.019 -0.001 0.049 0.0185 -0.001 0.056 0.0185 -0.0015 0.056 0.019 -0.0015 0.049 0.019 -0.002 0.056 0.019 -0.002 0.049 0.019 -0.002 0.056 0.0185 -0.002 0.049 0.0185 -0.002 0.049 0.019 -0.002 0.056 0.019 -0.003 0.056 0.018 -0.003 0.049 0.0185 -0.003 0.049 0.018 -0.0025 0.056 0.018 -0.0025 0.049 0.018 -0.002 0.056 0.018 -0.002 0.049 0.018 -0.002 0.056 0.0185 -0.002 0.049 0.0185 -0.003 0.056 0.0185 -0.0035 0.056 0.0185 -0.003 0.049 0.0185 -0.003 0.056 0.0185 -0.0035 0.049 0.0185 -0.004 0.049 0.0185 -0.0035 0.056 0.0185 -0.004 0.056 0.0185 -0.0035 0.049 0.0185 -0.005 0.056 0.018 -0.005 0.049 0.018 -0.005 0.056 0.0175 -0.005 0.049 0.0175 -0.0045 0.056 0.0175 -0.0045 0.049 0.0175 -0.004 0.056 0.018 -0.004 0.049 0.018 -0.004 0.056 0.0185 -0.004 0.049 0.0185 -0.006 0.056 0.018 -0.005 0.049 0.018 -0.005 0.056 0.018 -0.006 0.049 0.018 -0.006 0.056 0.018 -0.006 0.049 0.018 -0.006 0.056 0.0175 -0.006 0.049 0.0175 -0.007 0.056 0.017 -0.007 0.049 0.0175 -0.007 0.049 0.017 -0.0065 0.056 0.017 -0.0065 0.049 0.017 -0.006 0.056 0.017 -0.006 0.049 0.017 -0.006 0.056 0.0175 -0.006 0.049 0.0175 -0.007 0.056 0.0175 -0.0075 0.056 0.017 -0.007 0.049 0.0175 -0.007 0.056 0.0175 -0.0075 0.049 0.017 -0.0085 0.056 0.0165 -0.0085 0.049 0.0165 -0.0085 0.056 0.016 -0.0085 0.049 0.016 -0.008 0.056 0.016 -0.008 0.049 0.016 -0.008 0.056 0.0165 -0.008 0.049 0.0165 -0.0075 0.056 0.0165 -0.0075 0.049 0.0165 -0.0075 0.056 0.017 -0.0075 0.049 0.017 -0.009 0.056 0.0165 -0.009 0.049 0.0165 -0.0085 0.049 0.0165 -0.0085 0.056 0.0165 -0.009 0.056 0.0165 -0.009 0.049 0.0165 -0.0095 0.056 0.0165 -0.0095 0.049 0.0165 -0.0095 0.056 0.016 -0.0095 0.049 0.016 -0.0095 0.049 0.0165 -0.0095 0.056 0.0165 -0.01 0.056 0.0155 -0.0105 0.049 0.0155 -0.01 0.049 0.0155 -0.0095 0.056 0.0155 -0.0095 0.049 0.0155 -0.0095 0.056 0.016 -0.0095 0.049 0.016 -0.0105 0.056 0.0155 -0.011 0.049 0.0155 -0.011 0.056 0.0155 -0.0105 0.049 0.0155 -0.0105 0.056 0.0155 -0.011 0.056 0.015 -0.011 0.049 0.015 -0.011 0.049 0.0155 -0.011 0.056 0.0155 -0.0115 0.056 0.014 -0.012 0.049 0.0145 -0.0115 0.049 0.014 -0.011 0.056 0.0145 -0.011 0.049 0.0145 -0.011 0.056 0.015 -0.011 0.049 0.015 -0.012 0.056 0.0145 -0.0125 0.056 0.014 -0.012 0.049 0.0145 -0.012 0.056 0.0145 -0.0125 0.049 0.014 -0.013 0.056 0.013 -0.0135 0.049 0.013 -0.013 0.049 0.013 -0.0125 0.056 0.013 -0.0125 0.049 0.013 -0.0125 0.056 0.0135 -0.0125 0.049 0.0135 -0.0125 0.056 0.014 -0.0125 0.049 0.014 -0.0135 0.056 0.013 -0.014 0.056 0.0125 -0.0135 0.049 0.013 -0.0135 0.056 0.013 -0.014 0.049 0.0125 -0.0145 0.056 0.0115 -0.0145 0.049 0.0115 -0.014 0.056 0.0115 -0.014 0.049 0.0115 -0.0135 0.056 0.012 -0.0135 0.049 0.012 -0.014 0.056 0.012 -0.014 0.049 0.012 -0.014 0.056 0.0125 -0.014 0.049 0.0125 -0.015 0.056 0.0115 -0.015 0.049 0.0115 -0.0145 0.049 0.0115 -0.0145 0.056 0.0115 -0.015 0.056 0.0115 -0.015 0.049 0.0115 -0.015 0.056 0.011 -0.015 0.049 0.011 -0.015 0.056 0.011 -0.0155 0.049 0.011 -0.0155 0.056 0.011 -0.015 0.049 0.011 -0.0155 0.056 0.01 -0.016 0.049 0.01 -0.0155 0.049 0.01 -0.015 0.056 0.01 -0.015 0.049 0.01 -0.015 0.056 0.0105 -0.015 0.049 0.0105 -0.015 0.056 0.011 -0.015 0.049 0.011 -0.016 0.056 0.01 -0.0165 0.049 0.0095 -0.016 0.056 0.0095 -0.0165 0.056 0.0095 -0.016 0.049 0.01 -0.016 0.056 0.01 -0.0165 0.056 0.0095 -0.0165 0.049 0.0095 -0.016 0.056 0.0095 -0.016 0.049 0.0095 -0.0165 0.056 0.008 -0.017 0.049 0.0085 -0.0165 0.049 0.008 -0.016 0.056 0.0085 -0.016 0.049 0.0085 -0.016 0.056 0.009 -0.016 0.049 0.009 -0.016 0.056 0.0095 -0.016 0.049 0.0095 -0.017 0.056 0.0085 -0.017 0.056 0.0085 -0.017 0.049 0.0085 -0.017 0.056 0.008 -0.017 0.049 0.008 -0.017 0.056 0.0075 -0.017 0.049 0.008 -0.017 0.056 0.008 -0.017 0.049 0.0075 -0.0175 0.056 0.0065 -0.0175 0.049 0.0065 -0.017 0.056 0.0065 -0.017 0.049 0.0065 -0.0165 0.056 0.007 -0.0165 0.049 0.007 -0.017 0.056 0.007 -0.017 0.049 0.007 -0.017 0.056 0.0075 -0.017 0.049 0.0075 -0.018 0.056 0.006 -0.0175 0.049 0.0065 -0.0175 0.056 0.0065 -0.018 0.049 0.006 -0.018 0.056 0.0055 -0.018 0.049 0.0055 -0.018 0.049 0.006 -0.018 0.056 0.006 -0.018 0.056 0.0045 -0.018 0.049 0.0045 -0.0175 0.056 0.0045 -0.0175 0.049 0.0045 -0.0175 0.056 0.005 -0.0175 0.049 0.005 -0.0175 0.056 0.0055 -0.0175 0.049 0.0055 -0.018 0.056 0.0055 -0.018 0.049 0.0055 -0.0185 0.056 0.0045 -0.018 0.049 0.0045 -0.018 0.056 0.0045 -0.0185 0.049 0.0045 -0.0185 0.056 0.0045 -0.0185 0.049 0.004 -0.0185 0.049 0.0045 -0.0185 0.056 0.004 -0.018 0.056 0.0025 -0.0185 0.049 0.0025 -0.018 0.049 0.0025 -0.018 0.056 0.003 -0.018 0.049 0.003 -0.018 0.056 0.0035 -0.018 0.049 0.0035 -0.0185 0.056 0.004 -0.0185 0.049 0.004 -0.0185 0.056 0.0025 -0.0185 0.049 0.002 -0.0185 0.056 0.0025 -0.0185 0.056 0.002 -0.0185 0.049 0.0025 -0.0185 0.056 0.001 -0.0185 0.049 0.001 -0.018 0.056 0.001 -0.018 0.049 0.001 -0.018 0.056 0.0015 -0.018 0.049 0.0015 -0.0185 0.056 0.002 -0.0185 0.049 0.002 -0.019 0.056 0.0005 -0.019 0.049 0.0005 -0.0185 0.049 0.0005 -0.0185 0.056 0.0005 -0.0185 0.049 0.001 -0.0185 0.056 0.001 -0.019 0.056 0 -0.019 0.049 0.0005 -0.019 0.056 0.0005 -0.019 0.049 0 -0.0185 0.056 0 -0.019 0.049 0 -0.019 0.056 0 -0.0185 0.049 0 -0.0185 0.056 -0.001 -0.0185 0.049 -0.001 -0.018 0.056 -0.001 -0.018 0.049 -0.001 -0.018 0.056 -0.0005 -0.018 0.049 -0.0005 -0.0185 0.056 0 -0.0185 0.049 0 -0.019 0.056 -0.0015 -0.019 0.049 -0.0015 -0.0185 0.049 -0.001 -0.0185 0.056 -0.001 -0.019 0.056 -0.002 -0.019 0.049 -0.0015 -0.019 0.056 -0.0015 -0.019 0.049 -0.002 -0.0185 0.056 -0.002 -0.0185 0.049 -0.002 -0.019 0.049 -0.002 -0.019 0.056 -0.002 -0.018 0.056 -0.003 -0.0185 0.049 -0.003 -0.018 0.049 -0.003 -0.018 0.056 -0.0025 -0.018 0.049 -0.0025 -0.018 0.056 -0.002 -0.018 0.049 -0.002 -0.0185 0.056 -0.002 -0.0185 0.049 -0.002 -0.0185 0.056 -0.003 -0.0185 0.056 -0.0035 -0.0185 0.049 -0.0035 -0.0185 0.049 -0.003 -0.0185 0.056 -0.003 -0.0185 0.049 -0.0035 -0.0185 0.056 -0.004 -0.0185 0.049 -0.004 -0.0185 0.056 -0.0035 -0.0175 0.056 -0.005 -0.018 0.049 -0.005 -0.0175 0.049 -0.005 -0.018 0.056 -0.005 -0.0175 0.056 -0.0045 -0.0175 0.049 -0.0045 -0.018 0.056 -0.004 -0.018 0.049 -0.004 -0.0185 0.056 -0.004 -0.0185 0.049 -0.004 -0.018 0.049 -0.006 -0.018 0.056 -0.0055 -0.018 0.056 -0.006 -0.018 0.049 -0.005 -0.018 0.056 -0.005 -0.018 0.056 -0.006 -0.018 0.049 -0.006 -0.0175 0.056 -0.006 -0.0175 0.049 -0.006 -0.017 0.056 -0.007 -0.0175 0.049 -0.007 -0.017 0.049 -0.007 -0.017 0.056 -0.0065 -0.017 0.049 -0.0065 -0.017 0.056 -0.006 -0.017 0.049 -0.006 -0.0175 0.056 -0.006 -0.0175 0.049 -0.006 -0.0175 0.056 -0.007 -0.017 0.056 -0.0075 -0.0175 0.049 -0.007 -0.0175 0.056 -0.007 -0.017 0.049 -0.0075 -0.0165 0.056 -0.0085 -0.0165 0.049 -0.0085 -0.016 0.056 -0.0085 -0.016 0.049 -0.0085 -0.016 0.056 -0.008 -0.016 0.049 -0.008 -0.0165 0.056 -0.008 -0.0165 0.049 -0.008 -0.0165 0.056 -0.0075 -0.0165 0.049 -0.0075 -0.017 0.056 -0.0075 -0.017 0.049 -0.0075 -0.0165 0.056 -0.009 -0.0165 0.049 -0.009 -0.0165 0.049 -0.0085 -0.0165 0.056 -0.0085 -0.0165 0.056 -0.0095 -0.0165 0.049 -0.009 -0.0165 0.056 -0.009 -0.0165 0.049 -0.0095 -0.016 0.056 -0.0095 -0.016 0.049 -0.0095 -0.0165 0.049 -0.0095 -0.0165 0.056 -0.0095 -0.0155 0.056 -0.01 -0.0155 0.049 -0.0105 -0.0155 0.049 -0.01 -0.0155 0.056 -0.0095 -0.0155 0.049 -0.0095 -0.016 0.056 -0.0095 -0.016 0.049 -0.0095 -0.0155 0.056 -0.0105 -0.0155 0.056 -0.0105 -0.0155 0.049 -0.011 -0.0155 0.049 -0.0105 -0.0155 0.056 -0.011 -0.015 0.056 -0.011 -0.015 0.049 -0.011 -0.0155 0.049 -0.011 -0.0155 0.056 -0.011 -0.014 0.056 -0.0115 -0.0145 0.049 -0.012 -0.014 0.049 -0.0115 -0.0145 0.056 -0.011 -0.0145 0.049 -0.011 -0.015 0.056 -0.011 -0.015 0.049 -0.011 -0.0145 0.056 -0.012 -0.014 0.049 -0.0125 -0.014 0.056 -0.0125 -0.0145 0.049 -0.012 -0.0145 0.056 -0.012 -0.013 0.056 -0.013 -0.013 0.049 -0.0135 -0.013 0.049 -0.013 -0.013 0.056 -0.0125 -0.013 0.049 -0.0125 -0.0135 0.056 -0.0125 -0.0135 0.049 -0.0125 -0.014 0.056 -0.0125 -0.014 0.049 -0.0125 -0.013 0.056 -0.0135 -0.0125 0.056 -0.014 -0.013 0.049 -0.0135 -0.013 0.056 -0.0135 -0.0125 0.049 -0.014 -0.0115 0.056 -0.0145 -0.0115 0.049 -0.0145 -0.0115 0.056 -0.014 -0.0115 0.049 -0.014 -0.012 0.056 -0.0135 -0.012 0.049 -0.0135 -0.012 0.056 -0.014 -0.012 0.049 -0.014 -0.0125 0.056 -0.014 -0.0125 0.049 -0.014 -0.0115 0.056 -0.015 -0.0115 0.049 -0.015 -0.0115 0.049 -0.0145 -0.0115 0.056 -0.0145 -0.011 0.056 -0.015 -0.0115 0.049 -0.015 -0.0115 0.056 -0.015 -0.011 0.049 -0.015 -0.011 0.056 -0.015 -0.011 0.049 -0.0155 -0.011 0.056 -0.0155 -0.011 0.049 -0.015 -0.01 0.056 -0.0155 -0.01 0.049 -0.016 -0.01 0.049 -0.0155 -0.01 0.056 -0.015 -0.01 0.049 -0.015 -0.0105 0.056 -0.015 -0.0105 0.049 -0.015 -0.011 0.056 -0.015 -0.011 0.049 -0.015 -0.01 0.056 -0.016 -0.01 0.056 -0.016 -0.0095 0.049 -0.016 -0.01 0.049 -0.016 -0.0095 0.056 -0.0165 -0.0095 0.049 -0.0165 -0.0095 0.056 -0.0165 -0.0095 0.049 -0.0165 -0.0095 0.056 -0.016 -0.0095 0.049 -0.016 -0.008 0.056 -0.0165 -0.0085 0.049 -0.017 -0.008 0.049 -0.0165 -0.0085 0.056 -0.016 -0.0085 0.049 -0.016 -0.009 0.056 -0.016 -0.009 0.049 -0.016 -0.0095 0.056 -0.016 -0.0095 0.049 -0.016 -0.0085 0.056 -0.017 -0.0085 0.056 -0.017 -0.0085 0.049 -0.017 -0.008 0.056 -0.017 -0.008 0.049 -0.017 -0.0075 0.049 -0.017 -0.008 0.056 -0.017 -0.0075 0.056 -0.017 -0.008 0.049 -0.017 -0.0065 0.056 -0.0175 -0.0065 0.049 -0.0175 -0.0065 0.056 -0.017 -0.0065 0.049 -0.017 -0.007 0.056 -0.0165 -0.007 0.049 -0.0165 -0.007 0.056 -0.017 -0.007 0.049 -0.017 -0.0075 0.056 -0.017 -0.0075 0.049 -0.017 -0.006 0.056 -0.018 -0.0065 0.049 -0.0175 -0.0065 0.056 -0.0175 -0.006 0.049 -0.018 -0.0055 0.056 -0.018 -0.0055 0.049 -0.018 -0.006 0.049 -0.018 -0.006 0.056 -0.018 -0.0045 0.056 -0.018 -0.0045 0.049 -0.018 -0.0045 0.056 -0.0175 -0.0045 0.049 -0.0175 -0.005 0.056 -0.0175 -0.005 0.049 -0.0175 -0.0055 0.056 -0.0175 -0.0055 0.049 -0.0175 -0.0055 0.056 -0.018 -0.0055 0.049 -0.018 -0.0045 0.056 -0.0185 -0.0045 0.049 -0.018 -0.0045 0.056 -0.018 -0.0045 0.049 -0.0185 -0.004 0.056 -0.0185 -0.0045 0.049 -0.0185 -0.0045 0.056 -0.0185 -0.004 0.049 -0.0185 -0.0025 0.056 -0.018 -0.0025 0.049 -0.0185 -0.0025 0.049 -0.018 -0.003 0.056 -0.018 -0.003 0.049 -0.018 -0.0035 0.056 -0.018 -0.0035 0.049 -0.018 -0.004 0.056 -0.0185 -0.004 0.049 -0.0185 -0.0025 0.056 -0.0185 -0.0025 0.056 -0.0185 -0.0025 0.049 -0.0185 -0.002 0.056 -0.0185 -0.002 0.049 -0.0185 -0.001 0.056 -0.0185 -0.001 0.049 -0.0185 -0.001 0.056 -0.018 -0.001 0.049 -0.018 -0.0015 0.056 -0.018 -0.0015 0.049 -0.018 -0.002 0.056 -0.0185 -0.002 0.049 -0.0185 -0.0005 0.056 -0.019 -0.0005 0.049 -0.019 -0.0005 0.049 -0.0185 -0.0005 0.056 -0.0185 -0.001 0.049 -0.0185 -0.001 0.056 -0.0185 0 0.049 -0.019 -0.0005 0.056 -0.019 0 0.056 -0.019 -0.0005 0.049 -0.019 0 0.056 -0.0185 0 0.049 -0.019 0 0.056 -0.019 0 0.049 -0.0185 0.001 0.056 -0.0185 0.001 0.049 -0.0185 0.001 0.056 -0.018 0.001 0.049 -0.018 0.0005 0.056 -0.018 0.0005 0.049 -0.018 0 0.056 -0.0185 0 0.049 -0.0185 0.0015 0.056 -0.019 0.0015 0.049 -0.019 0.001 0.049 -0.0185 0.001 0.056 -0.0185 0.002 0.056 -0.019 0.0015 0.049 -0.019 0.0015 0.056 -0.019 0.002 0.049 -0.019 0.002 0.056 -0.0185 0.002 0.049 -0.0185 0.002 0.049 -0.019 0.002 0.056 -0.019 0.003 0.056 -0.018 0.003 0.049 -0.0185 0.003 0.049 -0.018 0.0025 0.056 -0.018 0.0025 0.049 -0.018 0.002 0.056 -0.018 0.002 0.049 -0.018 0.002 0.056 -0.0185 0.002 0.049 -0.0185 0.003 0.056 -0.0185 0.0035 0.056 -0.0185 0.003 0.049 -0.0185 0.003 0.056 -0.0185 0.0035 0.049 -0.0185 0.004 0.056 -0.0185 0.0035 0.049 -0.0185 0.0035 0.056 -0.0185 0.004 0.049 -0.0185 0.005 0.056 -0.018 0.005 0.049 -0.018 0.005 0.056 -0.0175 0.005 0.049 -0.0175 0.0045 0.056 -0.0175 0.0045 0.049 -0.0175 0.004 0.056 -0.018 0.004 0.049 -0.018 0.004 0.056 -0.0185 0.004 0.049 -0.0185 0.005 0.056 -0.018 0.0055 0.049 -0.018 0.005 0.049 -0.018 0.006 0.056 -0.018 0.006 0.049 -0.018 0.006 0.056 -0.018 0.006 0.049 -0.018 0.006 0.056 -0.0175 0.006 0.049 -0.0175 0.007 0.056 -0.017 0.007 0.049 -0.0175 0.007 0.049 -0.017 0.0065 0.056 -0.017 0.0065 0.049 -0.017 0.006 0.056 -0.017 0.006 0.049 -0.017 0.006 0.056 -0.0175 0.006 0.049 -0.0175 0.007 0.056 -0.0175 0.0075 0.049 -0.017 0.0075 0.056 -0.0175 0.0075 0.056 -0.017 0.007 0.049 -0.0175 0.007 0.056 -0.0175 0.0085 0.056 -0.0165 0.0085 0.049 -0.0165 0.0085 0.056 -0.016 0.0085 0.049 -0.016 0.008 0.056 -0.016 0.008 0.049 -0.016 0.008 0.056 -0.0165 0.008 0.049 -0.0165 0.0075 0.056 -0.0165 0.0075 0.049 -0.0165 0.0075 0.056 -0.017 0.0075 0.049 -0.017 0.009 0.056 -0.0165 0.009 0.049 -0.0165 0.0085 0.049 -0.0165 0.0085 0.056 -0.0165 0.0095 0.056 -0.0165 0.009 0.049 -0.0165 0.009 0.056 -0.0165 0.0095 0.049 -0.0165 0.0095 0.056 -0.016 0.0095 0.049 -0.016 0.0095 0.049 -0.0165 0.0095 0.056 -0.0165 0.01 0.056 -0.0155 0.0105 0.049 -0.0155 0.01 0.049 -0.0155 0.0095 0.056 -0.0155 0.0095 0.049 -0.0155 0.0095 0.056 -0.016 0.0095 0.049 -0.016 0.0105 0.056 -0.0155 0.011 0.056 -0.0155 0.0105 0.049 -0.0155 0.0105 0.056 -0.0155 0.011 0.049 -0.0155 0.011 0.056 -0.015 0.011 0.049 -0.015 0.011 0.049 -0.0155 0.011 0.056 -0.0155 0.0115 0.056 -0.014 0.012 0.049 -0.0145 0.0115 0.049 -0.014 0.011 0.056 -0.0145 0.011 0.049 -0.0145 0.011 0.056 -0.015 0.011 0.049 -0.015 0.012 0.056 -0.0145 0.012 0.056 -0.0145 0.0125 0.049 -0.014 0.012 0.049 -0.0145 0.0125 0.056 -0.014 0.013 0.056 -0.013 0.0135 0.049 -0.013 0.013 0.049 -0.013 0.0125 0.056 -0.013 0.0125 0.049 -0.013 0.0125 0.056 -0.0135 0.0125 0.049 -0.0135 0.0125 0.056 -0.014 0.0125 0.049 -0.014 0.0135 0.056 -0.013 0.014 0.049 -0.0125 0.014 0.056 -0.013 0.014 0.056 -0.0125 0.0135 0.049 -0.013 0.0135 0.056 -0.013 0.0145 0.056 -0.0115 0.0145 0.049 -0.0115 0.014 0.056 -0.0115 0.014 0.049 -0.0115 0.0135 0.056 -0.012 0.0135 0.049 -0.012 0.014 0.056 -0.012 0.014 0.049 -0.012 0.014 0.056 -0.0125 0.014 0.049 -0.0125 0.015 0.056 -0.0115 0.015 0.049 -0.0115 0.0145 0.049 -0.0115 0.0145 0.056 -0.0115 0.015 0.056 -0.011 0.015 0.049 -0.0115 0.015 0.056 -0.0115 0.015 0.049 -0.011 0.015 0.056 -0.011 0.0155 0.049 -0.011 0.0155 0.056 -0.011 0.015 0.049 -0.011 0.0155 0.056 -0.01 0.016 0.049 -0.01 0.0155 0.049 -0.01 0.015 0.056 -0.01 0.015 0.049 -0.01 0.015 0.056 -0.0105 0.015 0.049 -0.0105 0.015 0.056 -0.011 0.015 0.049 -0.011 0.016 0.056 -0.01 0.0165 0.056 -0.0095 0.016 0.049 -0.01 0.016 0.056 -0.01 0.0165 0.049 -0.0095 0.0165 0.056 -0.0095 0.0165 0.049 -0.0095 0.016 0.056 -0.0095 0.016 0.049 -0.0095 0.0165 0.056 -0.008 0.017 0.049 -0.0085 0.0165 0.049 -0.008 0.016 0.056 -0.0085 0.016 0.049 -0.0085 0.016 0.056 -0.009 0.016 0.049 -0.009 0.016 0.056 -0.0095 0.016 0.049 -0.0095 0.017 0.056 -0.0085 0.017 0.056 -0.0085 0.017 0.049 -0.0085 0.017 0.056 -0.008 0.017 0.049 -0.008 0.017 0.056 -0.008 0.017 0.049 -0.008 0.017 0.056 -0.0075 0.017 0.049 -0.0075 0.0175 0.056 -0.0065 0.0175 0.049 -0.0065 0.017 0.056 -0.0065 0.017 0.049 -0.0065 0.0165 0.056 -0.007 0.0165 0.049 -0.007 0.017 0.056 -0.007 0.017 0.049 -0.007 0.017 0.056 -0.0075 0.017 0.049 -0.0075 0.018 0.049 -0.006 0.018 0.056 -0.006 0.0175 0.049 -0.0065 0.0175 0.056 -0.0065 0.018 0.056 -0.0055 0.018 0.049 -0.0055 0.018 0.049 -0.006 0.018 0.056 -0.006 0.018 0.056 -0.0045 0.018 0.049 -0.0045 0.0175 0.056 -0.0045 0.0175 0.049 -0.0045 0.0175 0.056 -0.005 0.0175 0.049 -0.005 0.0175 0.056 -0.0055 0.0175 0.049 -0.0055 0.018 0.056 -0.0055 0.018 0.049 -0.0055 0.0185 0.056 -0.0045 0.018 0.049 -0.0045 0.018 0.056 -0.0045 0.0185 0.049 -0.0045 0.0185 0.056 -0.004 0.0185 0.049 -0.0045 0.0185 0.056 -0.0045 0.0185 0.049 -0.004 0.018 0.056 -0.0025 0.0185 0.049 -0.0025 0.018 0.049 -0.0025 0.018 0.056 -0.003 0.018 0.049 -0.003 0.018 0.056 -0.0035 0.018 0.049 -0.0035 0.0185 0.056 -0.004 0.0185 0.049 -0.004 0.0185 0.056 -0.0025 0.0185 0.056 -0.002 0.0185 0.049 -0.0025 0.0185 0.056 -0.0025 0.0185 0.049 -0.002 0.0185 0.056 -0.001 0.0185 0.049 -0.001 0.018 0.056 -0.001 0.018 0.049 -0.001 0.018 0.056 -0.0015 0.018 0.049 -0.0015 0.0185 0.056 -0.002 0.0185 0.049 -0.002 0.019 0.056 -0.0005 0.019 0.049 -0.0005 0.0185 0.049 -0.0005 0.0185 0.056 -0.0005 0.0185 0.049 -0.001 0.0185 0.056 -0.001 0.019 0.056 0 0.019 0.049 -0.0005 0.019 0.056 -0.0005 0.019 0.049 0 0.0185 0.056 0 0.019 0.049 0 0.019 0.056 0 0.0185 0.049 0 0.0185 0.056 0.001 0.0185 0.049 0.001 0.018 0.056 0.001 0.018 0.049 0.001 0.018 0.056 0.0005 0.018 0.049 0.0005 0.0185 0.056 0 0.0185 0.049 0 0.019 0.056 0.0015 0.019 0.049 0.0015 0.0185 0.049 0.001 0.0185 0.056 0.001 0.019 0.049 0.002 0.019 0.056 0.0015 0.019 0.056 0.002 0.019 0.049 0.0015 0.0185 0.056 0.002 0.0185 0.049 0.002 0.019 0.049 0.002 0.019 0.056 0.002 0.018 0.056 0.003 0.0185 0.049 0.003 0.018 0.049 0.003 0.018 0.056 0.0025 0.018 0.049 0.0025 0.018 0.056 0.002 0.018 0.049 0.002 0.0185 0.056 0.002 0.0185 0.049 0.002 0.0185 0.056 0.003 0.0185 0.056 0.0035 0.0185 0.049 0.003 0.0185 0.056 0.003 0.0185 0.049 0.0035 0.0185 0.056 0.004 0.0185 0.049 0.0035 0.0185 0.056 0.0035 0.0185 0.049 0.004 0.018 0.049 0.005 0.018 0.056 0.005 0.0175 0.056 0.005 0.0175 0.049 0.005 0.0175 0.056 0.0045 0.0175 0.049 0.0045 0.018 0.056 0.004 0.018 0.049 0.004 0.0185 0.056 0.004 0.0185 0.049 0.004 -0.017 0.049 0.0075 -0.0175 0.049 0.0065 0.002 0.049 -0.0185 0.0115 0.049 -0.015 0.012 0.049 -0.0145 -0.0055 0.049 -0.018 -0.0045 0.049 -0.018 -0.0045 0.049 -0.0185 0.014 0.049 -0.012 0.0145 0.049 -0.0115 0.017 0.049 -0.009 0.015 0.049 -0.011 0.016 0.049 -0.01 0.0185 0.049 -0.005 0.018 0.049 -0.006 0.018 0.049 -0.0055 0.018 0.049 -0.0045 0.019 0.049 -0.0015 0.0185 0.049 -0.002 0.0185 0.049 -0.001 0.0185 0.049 -0.004 0.0185 0.049 -0.0025 0.019 0.049 0.0025 0.0185 0.049 0.002 0.0185 0.049 0.003 0.0185 0.049 0.004 0.018 0.049 0.005 0.017 0.049 0.0075 0.0165 0.049 0.0085 0.0165 0.049 0.009 0.016 0.049 0.01 0.0155 0.049 0.0105 0.0105 0.049 0.016 0.0125 0.049 0.014 0.015 0.049 0.011 0.0145 0.049 0.012 0.01 0.049 0.016 0.0095 0.049 0.0165 0.0085 0.049 0.017 0.008 0.049 0.017 -0.017 0.049 0.009 -0.017 0.049 0.0085 0.0035 0.049 0.0185 0.004 0.049 0.0185 0.0025 0.049 0.0185 0.002 0.049 0.0185 0.0005 0.049 0.019 -0.002 0.049 0.0185 -0.0095 0.049 0.016 -0.0105 0.049 0.0155 -0.012 0.049 0.0145 -0.0115 0.049 0.015 -0.011 0.049 0.015 -0.0145 0.049 0.012 -0.014 0.049 0.0125 -0.016 0.049 0.0095 -0.0185 0.049 0.005 -0.0185 0.049 0 -0.019 0.049 -0.0015 -0.015 0.049 -0.011 -0.0145 0.049 -0.012 0.011 0.049 -0.015 0.0125 0.049 -0.014 0.0135 0.049 -0.013 0.014 0.049 -0.0125 0.0145 0.049 -0.012 0.015 0.049 -0.0115 0.0155 0.049 -0.011 0.0165 0.049 -0.0095 0.017 0.049 -0.0075 0.017 0.049 -0.0065 0.017 0.049 -0.0085 0.0185 0.049 -0.0045 -0.011 0.049 0.0155 -0.0005 0.049 0.019 0.0065 0.049 0.0175 0.007 0.049 0.0175 0.0075 0.049 0.017 0.011 0.049 0.0155 0.011 0.049 0.015 0.016 0.049 0.0095 0.018 0.049 0.0065 0.018 0.049 0.006 0.0185 0.049 0 0.019 0.049 0.0015 0.0175 0.049 -0.0065 -0.0165 0.049 0.0095 0 0.049 0.019 0 0.049 0.0185 0.0135 0.049 0.013 0.0155 0.049 0.011 0.019 0.049 0 -0.018 0.049 0.0055 0.0055 0.049 0.018 0.0045 0.049 0.0185 -0.0075 0.049 -0.017 -0.0065 0.049 -0.0175 0.018 0.049 -0.001 0.019 0.049 -0.0005 0.0185 0.049 -0.0005 0.018 0.049 -0.0035 0.018 0.049 -0.0025 0.019 0.049 0.002 0.0185 0.049 0.001 0.0165 0.049 0.0095 0.014 0.049 0.0125 0.0115 0.049 0.015 0.006 0.049 0.018 0.0045 0.049 0.018 -0.0045 0.049 0.0185 -0.004 0.049 0.0185 -0.006 0.049 0.018 -0.007 0.049 0.0175 -0.0115 0.049 0.014 -0.0125 0.049 0.014 -0.018 0.049 0.006 -0.017 0.049 0.0065 -0.0185 0.049 -0.004 -0.018 0.049 -0.005 -0.0125 0.049 -0.014 -0.0115 0.049 -0.015 0.0115 0.049 -0.014 0.0175 0.049 -0.0055 0.0175 0.049 -0.005 0.018 0.049 0.002 0.018 0.049 0.003 0.0155 0.049 0.01 0.014 0.049 0.0115 0.01 0.049 0.0155 0.007 0.049 0.0165 0.0065 0.049 0.017 0.0035 0.049 0.018 0.0025 0.049 0.018 0.001 0.049 0.0185 0.0005 0.049 0.0185 -0.003 0.049 0.0185 -0.0085 0.049 0.017 -0.0085 0.049 0.0165 -0.009 0.049 0.0165 -0.0095 0.049 0.0165 -0.01 0.049 0.0155 -0.0145 0.049 0.0115 -0.019 0.049 0.0015 -0.0185 0.049 0.002 -0.0185 0.049 -0.001 -0.007 0.049 -0.0175 0.0095 0.049 -0.016 0.0105 0.049 -0.0155 -0.014 0.049 -0.0115 -0.005 0.049 -0.0175 -0.0045 0.049 -0.0175 0.014 0.049 -0.0115 0.016 0.049 -0.0085 0.0165 0.049 -0.008 0.0175 0.049 -0.0045 0.018 0.049 0.0005 0.0185 0.049 0.0035 0.0175 0.049 0.005 0.0175 0.049 0.007 0.013 0.049 0.0135 0.0115 0.049 0.0145 0.007 0.049 0.017 0.0045 0.049 0.0175 0.001 0.049 0.018 -0.001 0.049 0.0185 -0.011 0.049 0.0145 -0.0135 0.049 0.013 -0.014 0.049 0.0115 -0.015 0.049 0.011 -0.016 0.049 0.009 -0.0165 0.049 0.008 -0.0165 0.049 0.007 -0.018 0.049 -0.0065 -0.018 0.049 -0.0005 -0.0095 0.049 -0.016 -0.0085 0.049 -0.017 -0.0115 0.049 -0.0145 0.0005 0.049 -0.019 0 0.049 -0.019 0 0.049 -0.0185 0.003 0.049 -0.0185 0.011 0.049 -0.0145 -0.0055 0.049 -0.0175 0.0135 0.049 -0.012 0.016 0.049 -0.0095 0.018 0.049 -0.0015 0.018 0.049 0.004 0.0155 0.049 0.0095 0.0115 0.049 0.014 0.0145 0.049 0.011 0.0085 0.049 0.016 0.008 0.049 0.0165 -0.0005 0.049 0.018 -0.0015 0.049 0.019 -0.003 0.049 0.018 -0.0095 0.049 0.0155 -0.015 0.049 0.0115 -0.0155 0.049 0.011 -0.016 0.049 0.01 -0.017 0.049 0.007 -0.018 0.049 0.0035 -0.018 0.049 0.003 -0.019 0.049 -0.0025 -0.019 0.049 0 -0.016 0.049 -0.01 -0.016 0.049 -0.0095 -0.0135 0.049 -0.013 -0.013 0.049 -0.0135 -0.0115 0.049 -0.014 -0.002 0.049 -0.0185 0.006 0.049 -0.018 0.007 0.049 -0.0175 -0.0145 0.049 -0.011 0.013 0.049 -0.013 0.015 0.049 -0.0105 0.015 0.049 -0.01 0.0165 0.049 -0.007 0.016 0.049 -0.009 0.0095 0.049 -0.0165 0.0085 0.049 -0.017 0.009 0.049 -0.0165 -0.01 0.049 -0.015 -0.0105 0.049 -0.015 0.0085 0.049 -0.0165 0.0075 0.049 -0.017 0.0085 0.049 -0.016 0.008 0.049 -0.0165 0.0075 0.049 -0.0165 0.0055 0.049 -0.018 0.0045 0.049 -0.0185 0.005 0.049 -0.018 0.0045 0.049 -0.0175 0.005 0.049 -0.0175 0.004 0.049 -0.018 0.004 0.049 -0.0185 -0.01 0.049 -0.0155 0.008 0.049 -0.016 -0.011 0.049 -0.015 0.011 0.049 -0.0155 -0.017 0.049 -0.0075 -0.0165 0.049 -0.009 0.002 0.049 -0.019 0.0015 0.049 -0.019 0.001 0.049 -0.018 0.0005 0.049 -0.018 0.001 0.049 -0.0185 -0.0035 0.049 -0.018 -0.004 0.049 -0.0185 -0.006 0.049 -0.018 -0.007 0.049 -0.017 -0.0065 0.049 -0.017 -0.0095 0.049 -0.0165 -0.0105 0.049 -0.016 -0.01 0.049 -0.016 -0.0155 0.049 -0.011 -0.0155 0.049 -0.0105 -0.0165 0.049 -0.0095 -0.0175 0.049 -0.007 -0.015 0.049 0.01 -0.015 0.049 0.0105 -0.001 0.049 -0.0185 -0.001 0.049 -0.018 -0.0015 0.049 -0.018 -0.0025 0.049 -0.0185 -0.0035 0.049 -0.0185 -0.008 0.049 -0.017 -0.0135 0.049 -0.0125 -0.013 0.049 -0.013 -0.017 0.049 -0.0065 -0.0175 0.049 -0.006 -0.017 0.049 -0.006 -0.0165 0.049 -0.0085 -0.016 0.049 -0.0085 -0.0165 0.049 -0.0075 -0.0185 0.049 -0.0035 -0.018 0.049 -0.0025 -0.0185 0.049 -0.002 -0.019 0.049 0.0005 -0.0155 0.049 0.01 -0.008 0.049 0.016 -0.0075 0.049 0.017 -0.008 0.049 0.0165 -0.0075 0.049 0.0165 0.0025 0.049 -0.018 0.002 0.049 -0.018 0.0065 0.049 -0.017 0.006 0.049 -0.0175 0.006 0.049 -0.017 -0.0025 0.049 -0.018 -0.003 0.049 -0.018 -0.007 0.049 -0.0165 -0.011 0.049 -0.0155 -0.013 0.049 -0.0125 -0.014 0.049 -0.0125 -0.0155 0.049 -0.01 -0.0155 0.049 -0.0095 -0.017 0.049 -0.007 -0.016 0.049 -0.008 -0.0165 0.049 -0.008 -0.018 0.049 -0.002 -0.0185 0.049 0.001 -0.018 0.049 0.001 -0.018 0.049 0.0015 -0.0185 0.049 0.0025 -0.0185 0.049 0.004 -0.0185 0.049 0.0045 -0.0085 0.049 0.016 -0.0045 0.049 0.0175 -0.005 0.049 0.018 -0.004 0.049 0.018 0.01 0.049 -0.0155 0.0095 0.049 -0.0155 0.007 0.049 -0.017 -0.0005 0.049 -0.019 -0.0175 0.049 -0.0045 -0.0175 0.049 -0.005 -0.018 0.049 -0.004 -0.018 0.049 -0.003 -0.0175 0.049 0.005 -0.0175 0.049 0.0055 -0.005 0.049 0.0175 0.0175 0.049 0.0075 0.017 0.049 0.007 0.0175 0.049 0.006 0.017 0.049 0.0065 0.017 0.049 0.006 0.003 0.049 -0.018 -0.008 0.049 -0.0165 -0.0085 0.049 -0.016 -0.009 0.049 -0.016 -0.018 0.049 -0.006 -0.018 0.049 0.0045 -0.0175 0.049 0.0045 -0.0125 0.049 0.013 -0.0125 0.049 0.0135 -0.007 0.049 0.017 -0.006 0.049 0.0175 -0.0065 0.049 0.017 -0.006 0.049 0.017 0.012 0.049 0.0135 0.013 0.049 0.0125 0.0135 0.049 0.0125 0.0125 0.049 -0.013 -0.0005 0.049 -0.0185 -0.012 0.049 -0.014 -0.0185 0.049 -0.003 -0.019 0.049 -0.002 -0.0185 0.049 0.0005 -0.002 0.049 0.018 -0.002 0.049 0.019 -0.001 0.049 0.018 0.009 0.049 0.016 0.012 0.049 0.014 0.013 0.049 0.014 0.0175 0.049 0.0045 -0.012 0.049 -0.0135 -0.018 0.049 -0.001 -0.016 0.049 0.0085 -0.014 0.049 0.012 0.0015 0.049 0.018 0.005 0.049 0.0175 0.0055 0.049 0.0175 0.01 0.049 0.015 0.016 0.049 0.0085 0.0165 0.049 0.008 0.018 0.049 0.001 -0.018 0.049 0.0025 -0.0135 0.049 0.012 0.0095 0.049 0.016 0.016 0.049 0.008 0.0165 0.049 0.0075 0.017 0.049 -0.007 0.0125 0.0475 -0.016 0.0025 0.0475 -0.007 0.005 0.0475 -0.0195 0.0145 0.0475 0.014 0.007 0.0475 0.0025 0.019 0.0475 0.007 -0.009 0.0475 0.018 -0.0055 0.0475 0.005 -0.0025 0.0475 0.007 0.0055 0.0475 -0.005 0.0175 0.0475 -0.0095 -0.007 0.0475 -0.0025 -0.02 0.0475 -0.003 -0.019 0.0475 -0.007 0.0015 0.0475 0.0075 0.0075 0.0475 0.0185 -0.0005 0.0475 0.02 0.02 0.0475 -0.0015 0.0075 0.0475 -0.0015 -0.011 0.0475 -0.0165 -0.0015 0.0475 -0.0075 -0.005 0.0475 -0.0055 -0.0075 0.0475 0.0015 -0.019 0.0475 0.0055 -0.0155 0.0475 0.013 0.005 0.0475 0.0055 -0.0035 0.0475 -0.0195 -0.017 0.0475 -0.0105 -0.019 0.0475 -0.007 -0.017 0.0485 -0.0105 -0.017 0.0475 -0.0105 -0.019 0.0485 -0.007 -0.02 0.0475 -0.003 -0.02 0.0485 -0.003 -0.011 0.0485 -0.0165 -0.011 0.0475 -0.0165 -0.0035 0.0485 -0.0195 -0.0035 0.0475 -0.0195 0.005 0.0485 -0.0195 0.005 0.0475 -0.0195 0.0125 0.0485 -0.016 0.0125 0.0475 -0.016 0.0175 0.0485 -0.0095 0.0175 0.0475 -0.0095 0.02 0.0485 -0.0015 0.02 0.0475 -0.0015 -0.019 0.0475 0.0055 -0.0155 0.0475 0.013 -0.019 0.0485 0.0055 -0.009 0.0475 0.018 -0.0155 0.0485 0.013 -0.0005 0.0475 0.02 -0.009 0.0485 0.018 0.0075 0.0475 0.0185 -0.0005 0.0485 0.02 0.0145 0.0475 0.014 0.0075 0.0485 0.0185 0.019 0.0475 0.007 0.0145 0.0485 0.014 0.019 0.0485 0.007 -0.01 0.06 -0.002 -0.0075 0.0605 -0.0015 -0.0075 0.06 -0.001 -0.0095 0.061 -0.0025 -0.007 0.061 -0.002 -0.0075 0.061 -0.002 -0.0095 0.061 -0.004 -0.007 0.0615 -0.0025 -0.0095 0.0615 -0.0035 -0.009 0.0605 -0.0045 -0.007 0.061 -0.0035 -0.009 0.061 -0.004 -0.009 0.06 -0.005 -0.0065 0.06 -0.004 -0.009 0.06 -0.0045 -0.009 0.0595 -0.0045 -0.0065 0.059 -0.0035 -0.0065 0.0595 -0.004 -0.009 0.059 -0.0045 -0.007 0.0585 -0.0035 -0.009 0.0585 -0.004 -0.007 0.0585 -0.003 -0.0095 0.0585 -0.003 -0.007 0.0585 -0.0025 -0.0095 0.0585 -0.0035 -0.01 0.059 -0.002 -0.0075 0.0585 -0.002 -0.0095 0.0585 -0.0025 -0.0075 0.0595 -0.001 -0.01 0.0595 -0.002 -0.0075 0.059 -0.0015 -0.007 0.0585 -0.002 -0.0095 0.0585 -0.004 -0.0065 0.0605 -0.0035 -0.007 0.061 -0.003 -0.0095 0.061 -0.003 -0.01 0.0605 -0.002 0.01 0.0575 -0.0015 0.02 0.0575 0.003 0.019 0.0575 -0.0055 0.0035 0.0575 -0.0095 0.0005 0.0575 -0.02 -0.0015 0.0575 -0.01 -0.0075 0.0575 -0.0185 -0.0095 0.0575 -0.0035 -0.02 0.0575 0.0015 -0.01 0.0575 0.0015 -0.0175 0.0575 0.0095 -0.0075 0.0575 0.0065 -0.0035 0.0575 0.0095 -0.0125 0.0575 0.016 -0.005 0.0575 0.0195 0.0095 0.0575 0.0035 0.019 0.0575 0.007 0.0075 0.0575 -0.0065 0.0155 0.0575 -0.013 -0.0065 0.0575 -0.0075 -0.0145 0.0575 -0.014 -0.019 0.0575 -0.007 0.009 0.0575 -0.018 0.0015 0.0575 0.01 0.0035 0.0575 0.0195 0.011 0.0575 0.0165 0.0065 0.0575 0.0075 0.017 0.0575 0.0105 0.0115 0.056 0.0145 0.0125 0.056 0.014 0.018 0.056 0.005 0.0185 0.056 0.004 0.0005 0.056 -0.019 0 0.056 -0.0185 0 0.056 -0.019 -0.0005 0.056 -0.0185 -0.002 0.056 -0.0185 -0.004 0.056 -0.0185 -0.0035 0.056 -0.0185 -0.0025 0.056 -0.0185 -0.0185 0.056 0.0025 -0.0185 0.056 0.004 0.007 0.056 0.0175 0.0095 0.056 0.0165 0.0135 0.056 0.013 0.013 0.056 0.0135 0.015 0.056 0.011 0.0145 0.056 0.012 0.0185 0.056 0.001 0.0185 0.056 0 0.019 0.056 0 0.0185 0.056 -0.005 0.018 0.056 -0.0055 0.018 0.056 -0.006 0.0035 0.056 -0.0185 0.003 0.056 -0.0185 -0.0005 0.056 -0.019 -0.0035 0.056 -0.018 -0.0135 0.056 0.013 -0.0125 0.056 0.014 0.0075 0.056 0.017 0.0115 0.056 0.015 0.007 0.056 -0.0175 0.006 0.056 -0.018 -0.0085 0.056 -0.017 -0.0095 0.056 -0.0165 -0.0045 0.056 -0.018 -0.0055 0.056 -0.018 -0.006 0.056 -0.018 -0.017 0.056 0.009 -0.017 0.056 0.0085 0.0035 0.056 0.0185 0.004 0.056 0.0185 0.0045 0.056 0.018 0.0055 0.056 0.018 0.006 0.056 0.018 0.0065 0.056 0.0175 0.0085 0.056 0.017 0.0085 0.056 0.016 0.009 0.056 0.016 0.008 0.056 0.017 0.01 0.056 0.016 0.011 0.056 0.015 0.0105 0.056 0.016 0.014 0.056 0.0125 0.011 0.056 0.0155 -0.015 0.056 0.01 -0.015 0.056 0.0105 -0.0155 0.056 0.01 -0.0075 0.056 0.0165 -0.0085 0.056 0.016 -0.008 0.056 0.0165 -0.016 0.056 0.01 -0.014 0.056 0.0115 -0.014 0.056 0.0125 -0.01 0.056 -0.015 -0.0105 0.056 -0.015 -0.01 0.056 -0.0155 -0.007 0.056 0.0175 -0.0085 0.056 0.017 -0.0075 0.056 0.017 -0.008 0.056 0.016 -0.0095 0.056 0.0155 -0.0095 0.056 0.016 -0.01 0.056 0.0155 -0.0135 0.056 0.012 -0.0145 0.056 0.0115 -0.015 0.056 0.011 -0.016 0.056 0.0095 -0.0165 0.056 0.0095 -0.01 0.056 -0.016 -0.007 0.056 -0.0165 -0.0075 0.056 -0.017 -0.0065 0.056 -0.017 0.015 0.056 -0.01 0.015 0.056 -0.011 0.0155 0.056 -0.01 -0.0005 0.056 0.018 -0.001 0.056 0.0185 -0.001 0.056 0.018 -0.006 0.056 0.017 -0.006 0.056 0.0175 -0.0065 0.056 0.017 -0.007 0.056 0.017 -0.0085 0.056 0.0165 -0.0105 0.056 0.0155 -0.0145 0.056 0.012 -0.016 0.056 0.0085 -0.016 0.056 0.009 -0.0165 0.056 0.008 -0.017 0.056 0.007 -0.017 0.056 0.0075 -0.0165 0.056 0.007 -0.018 0.056 -0.002 -0.0185 0.056 -0.002 -0.018 0.056 -0.0025 -0.0145 0.056 -0.011 -0.015 0.056 -0.011 -0.014 0.056 -0.0115 -0.007 0.056 -0.017 -0.0065 0.056 -0.0175 0.004 0.056 -0.018 0.005 0.056 -0.018 0.0045 0.056 -0.0175 0 0.056 0.0185 -0.006 0.056 0.018 -0.0095 0.056 0.0165 -0.011 0.056 0.0155 -0.0115 0.056 0.015 -0.015 0.056 0.0115 -0.017 0.056 0.0065 -0.0175 0.056 0.0065 -0.018 0.056 -0.001 -0.0185 0.056 -0.001 -0.0145 0.056 -0.012 -0.013 0.056 -0.0125 -0.014 0.056 -0.0125 -0.013 0.056 -0.013 -0.0105 0.056 -0.016 0.005 0.056 -0.0175 0.0125 0.056 -0.013 -0.0045 0.056 0.0185 -0.005 0.056 0.018 -0.011 0.056 0.0145 -0.011 0.056 0.015 -0.0115 0.056 0.014 -0.0175 0.056 0.0055 -0.018 0.056 0.0055 -0.0175 0.056 0.005 -0.0175 0.056 0.0045 -0.019 0.056 0.0015 -0.0185 0.056 0.002 -0.019 0.056 -0.0015 -0.019 0.056 0 -0.019 0.056 -0.0025 -0.018 0.056 -0.003 -0.0185 0.056 -0.003 -0.0155 0.056 -0.011 -0.016 0.056 -0.01 -0.013 0.056 -0.0135 -0.011 0.056 -0.015 -0.008 0.056 -0.017 -0.007 0.056 -0.0175 0.006 0.056 -0.017 0.006 0.056 -0.0175 0.0065 0.056 -0.017 0.007 0.056 -0.017 0.0075 0.056 -0.0165 0.0075 0.056 -0.017 0.008 0.056 -0.0165 0.0085 0.056 -0.0165 0.011 0.056 -0.015 0.0115 0.056 -0.014 0.011 0.056 -0.0145 0.013 0.056 -0.013 0.0125 0.056 -0.014 0.014 0.056 -0.013 0.0145 0.056 -0.012 0.014 0.056 -0.0125 0.014 0.056 -0.012 0.0145 0.056 -0.0115 0.0135 0.056 -0.012 0.014 0.056 -0.0115 0.016 0.056 -0.01 0.0165 0.056 -0.007 0.017 0.056 -0.0075 0.017 0.056 -0.0065 0.002 0.056 0.0185 0.001 0.056 0.0185 0.0015 0.056 0.018 0.0005 0.056 0.019 -0.0005 0.056 0.019 0 0.056 0.019 -0.002 0.056 0.019 -0.002 0.056 0.0185 -0.004 0.056 0.0185 -0.003 0.056 0.018 -0.002 0.056 0.018 -0.004 0.056 0.018 -0.0045 0.056 0.0175 -0.009 0.056 0.0165 -0.012 0.056 0.0145 -0.014 0.056 0.012 -0.018 0.056 0.0045 -0.018 0.056 0.0015 -0.0185 0.056 0.001 -0.019 0.056 -0.002 -0.018 0.056 -0.0005 -0.0185 0.056 0 -0.0165 0.056 -0.0075 -0.017 0.056 -0.0075 -0.0165 0.056 -0.008 -0.0165 0.056 -0.0085 -0.0165 0.056 -0.009 -0.0165 0.056 -0.0095 -0.0155 0.056 -0.0095 -0.016 0.056 -0.0095 -0.0155 0.056 -0.01 -0.0155 0.056 -0.0105 0.004 0.056 -0.0185 0.0045 0.056 -0.0185 0.008 0.056 -0.016 0.0085 0.056 -0.016 0.012 0.056 -0.0145 0.0135 0.056 -0.013 0.017 0.056 -0.009 0.0165 0.056 -0.0095 0.017 0.056 -0.007 0.0175 0.056 -0.0065 0.016 0.056 -0.0085 0.017 0.056 -0.0085 0.0165 0.056 -0.008 0.0185 0.056 -0.0025 0.0185 0.056 -0.004 0.019 0.056 -0.0015 0.0185 0.056 -0.002 0.018 0.056 -0.0015 0.0185 0.056 -0.001 0.018 0.056 0.0005 0.018 0.056 0.001 0.018 0.056 0.003 0.018 0.056 0.002 0.0185 0.056 0.003 0.017 0.056 0.006 0.0175 0.056 0.006 0.017 0.056 0.0065 0.017 0.056 0.007 0.017 0.056 0.0075 0.018 0.056 0.0065 0.0165 0.056 0.009 0.0165 0.056 0.0075 0.0165 0.056 0.008 0.016 0.056 0.0085 0.0165 0.056 0.0085 0.001 0.056 0.018 -0.0015 0.056 0.019 -0.003 0.056 0.0185 -0.005 0.056 0.0175 -0.0155 0.056 0.011 -0.0185 0.056 0.005 -0.018 0.056 0.006 -0.018 0.056 0.001 -0.019 0.056 0.0005 -0.018 0.056 -0.004 -0.018 0.056 -0.005 -0.0175 0.056 -0.0045 -0.017 0.056 -0.006 -0.0175 0.056 -0.006 -0.017 0.056 -0.0065 -0.017 0.056 -0.007 -0.016 0.056 -0.008 -0.016 0.056 -0.0085 -0.0135 0.056 -0.013 -0.0115 0.056 -0.015 -0.0125 0.056 -0.014 0.0095 0.056 -0.0155 0.0095 0.056 -0.016 0.01 0.056 -0.0155 0.0105 0.056 -0.0155 0.0115 0.056 -0.015 0.011 0.056 -0.0155 0.015 0.056 -0.0115 0.016 0.056 -0.009 0.0175 0.056 -0.0055 0.0175 0.056 -0.005 0.018 0.056 -0.0045 0.018 0.056 -0.001 0.018 0.056 -0.0035 0.0185 0.056 0.002 0.0175 0.056 0.007 0.016 0.056 0.008 0.0155 0.056 0.0095 0.016 0.056 0.0095 0.0155 0.056 0.01 0.005 0.056 0.0175 0.0045 0.056 0.0175 -0.0185 0.056 0.0045 -0.0185 0.056 -0.004 -0.0175 0.056 -0.005 -0.018 0.056 -0.0065 -0.018 0.056 -0.006 -0.0175 0.056 -0.007 -0.011 0.056 -0.0155 0.002 0.056 -0.018 0.002 0.056 -0.0185 0.0025 0.056 -0.018 0.0085 0.056 -0.017 0.0155 0.056 -0.011 0.0175 0.056 -0.0045 0.0185 0.056 -0.0045 0.018 0.056 -0.0025 0.019 0.056 0.0015 0.019 0.056 0.0025 0.019 0.056 0.002 0.018 0.056 0.006 0.0155 0.056 0.0105 0.0055 0.056 0.0175 -0.0125 0.056 0.013 0.0005 0.056 0.0185 -0.0185 0.056 0.0005 -0.0055 0.056 -0.0175 -0.005 0.056 -0.0175 -0.0045 0.056 -0.0175 0.0005 0.056 -0.018 0.001 0.056 -0.0185 0.002 0.056 -0.019 0.0075 0.056 -0.0175 0.0095 0.056 -0.0165 0.016 0.056 -0.0095 0.0185 0.056 -0.0005 0.0185 0.056 0.0035 0.016 0.056 0.01 0.0165 0.056 0.0095 0.013 0.056 0.0125 0.0105 0.056 0.015 0.01 0.056 0.015 0.0065 0.056 0.017 0.007 0.056 0.0165 -0.0125 0.056 0.0135 0.0035 0.056 0.018 0.0025 0.056 0.0185 0.0025 0.056 0.018 -0.018 0.056 0.0035 -0.018 0.056 0.003 -0.0185 0.056 -0.0035 -0.0085 0.056 -0.016 -0.0095 0.056 -0.016 -0.008 0.056 -0.0165 -0.0115 0.056 -0.014 -0.0115 0.056 -0.0145 0.001 0.056 -0.018 0.0015 0.056 -0.019 0.003 0.056 -0.018 0.0145 0.056 0.011 0.014 0.056 0.0115 0.013 0.056 0.013 0.0115 0.056 0.014 0.0045 0.056 0.0185 -0.018 0.056 0.0025 0.009 0.056 -0.0165 0.018 0.056 0.004 0.0175 0.056 0.0045 0.012 0.056 0.0135 0.008 0.056 0.0165 0.007 0.056 0.017 -0.012 0.056 -0.0135 -0.0045 0.056 -0.0185 -0.0015 0.056 -0.018 -0.001 0.056 -0.0185 0.019 0.056 -0.0005 0.0175 0.056 0.005 0.0155 0.056 0.011 -0.012 0.056 -0.014 -0.003 0.056 -0.018 -0.001 0.056 -0.018 0.012 0.056 0.014 -0.0025 0.056 -0.018 0.0095 0.056 0.016 -0.019 0.0565 -0.007 -0.0145 0.0575 -0.014 -0.0145 0.0565 -0.014 -0.0075 0.0575 -0.0185 -0.0075 0.0565 -0.0185 0.0005 0.0575 -0.02 0.0005 0.0565 -0.02 0.009 0.0575 -0.018 0.009 0.0565 -0.018 0.0155 0.0575 -0.013 0.0155 0.0565 -0.013 0.019 0.0575 -0.0055 0.019 0.0565 -0.0055 0.02 0.0575 0.003 0.02 0.0565 0.003 0.017 0.0575 0.0105 0.019 0.0565 0.007 0.019 0.0575 0.007 0.017 0.0565 0.0105 0.011 0.0575 0.0165 0.011 0.0565 0.0165 0.0035 0.0575 0.0195 0.0035 0.0565 0.0195 -0.005 0.0575 0.0195 -0.005 0.0565 0.0195 -0.0125 0.0575 0.016 -0.0125 0.0565 0.016 -0.0175 0.0575 0.0095 -0.0175 0.0565 0.0095 -0.02 0.0575 0.0015 -0.02 0.0565 0.0015 -0.019 0.0575 -0.007 0.001 0.061 -0.0075 0.002 0.0605 -0.01 0.002 0.061 -0.01 0.001 0.0605 -0.0075 0.002 0.062 -0.0075 0.002 0.0615 -0.01 0.0025 0.062 -0.0095 0.002 0.062 -0.007 0.003 0.062 -0.0095 0.0025 0.062 -0.007 0.0035 0.062 -0.0095 0.004 0.062 -0.0095 0.003 0.062 -0.007 0.004 0.062 -0.009 0.0035 0.062 -0.007 0.0015 0.0615 -0.0075 0.0045 0.0615 -0.009 0.005 0.0605 -0.009 0.004 0.061 -0.0065 0.0045 0.061 -0.009 0.0045 0.06 -0.009 0.0035 0.06 -0.0065 0.004 0.06 -0.0065 0.0035 0.0595 -0.007 0.004 0.0595 -0.009 0.003 0.059 -0.007 0.003 0.059 -0.0095 0.0025 0.059 -0.007 0.0035 0.059 -0.0095 0.002 0.06 -0.01 0.002 0.0595 -0.0075 0.0025 0.0595 -0.0095 0.001 0.06 -0.0075 0.0015 0.06 -0.0075 0.002 0.059 -0.007 0.004 0.059 -0.0095 0.004 0.0605 -0.0065 0.0035 0.0615 -0.0065 0.019 0.0565 0.007 0.019 0.056 0.0025 0.02 0.0565 0.003 0.019 0.0565 -0.0055 0.019 0.056 -0.0015 0.0185 0.056 -0.005 0.0155 0.0565 -0.013 0.017 0.056 -0.009 0.0145 0.056 -0.012 0.009 0.0565 -0.018 0.0115 0.056 -0.015 0.0085 0.056 -0.017 0.0005 0.0565 -0.02 0.0045 0.056 -0.0185 0.0005 0.056 -0.019 -0.0075 0.0565 -0.0185 -0.0035 0.056 -0.0185 -0.007 0.056 -0.0175 -0.0145 0.0565 -0.014 -0.0105 0.056 -0.016 -0.0135 0.056 -0.013 -0.019 0.0565 -0.007 -0.016 0.056 -0.01 -0.018 0.056 -0.0065 -0.02 0.0565 0.0015 -0.019 0.056 -0.0025 -0.019 0.056 0.0015 -0.0175 0.0565 0.0095 -0.0185 0.056 0.005 -0.017 0.056 0.009 -0.0125 0.0565 0.016 -0.0145 0.056 0.012 -0.0115 0.056 0.015 -0.005 0.0565 0.0195 -0.0085 0.056 0.017 -0.0045 0.056 0.0185 0.0035 0.0565 0.0195 -0.0005 0.056 0.019 0.0035 0.056 0.0185 0.011 0.0565 0.0165 0.007 0.056 0.0175 0.0105 0.056 0.016 0.017 0.0565 0.0105 0.0135 0.056 0.013 0.016 0.056 0.01 0.018 0.056 0.0065 -0.011 0.0485 -0.0165 -0.0135 0.049 -0.013 -0.0105 0.049 -0.016 -0.0035 0.0485 -0.0195 -0.007 0.049 -0.0175 -0.0035 0.049 -0.0185 -0.017 0.0485 -0.0105 0.005 0.0485 -0.0195 0.0005 0.049 -0.019 0.0045 0.049 -0.0185 0.0125 0.0485 -0.016 0.0085 0.049 -0.017 0.0115 0.049 -0.015 0.0175 0.0485 -0.0095 0.0145 0.049 -0.012 0.017 0.049 -0.009 0.02 0.0485 -0.0015 0.0185 0.049 -0.005 0.019 0.049 -0.0015 0.019 0.0485 0.007 0.019 0.049 0.0025 0.018 0.049 0.0065 0.0145 0.0485 0.014 0.016 0.049 0.01 0.0135 0.049 0.013 -0.02 0.0485 -0.003 -0.018 0.049 -0.0065 -0.019 0.0485 -0.007 -0.019 0.049 -0.0025 -0.019 0.0485 0.0055 -0.019 0.049 0.0015 -0.0185 0.049 0.005 -0.017 0.049 0.009 -0.0155 0.0485 0.013 -0.0145 0.049 0.012 -0.0115 0.049 0.015 -0.009 0.0485 0.018 -0.0085 0.049 0.017 -0.0005 0.0485 0.02 -0.0045 0.049 0.0185 -0.0005 0.049 0.019 0.0075 0.0485 0.0185 0.0035 0.049 0.0185 0.007 0.049 0.0175 0.0105 0.049 0.016 -0.016 0.049 -0.01 0.0095 0.02 0.013 0.011 0.02 0.006 0.014 0.02 0.0075 -0.015 0.02 0.0065 -0.0125 0.02 0.001 -0.0105 0.02 0.007 -0.0105 0.02 -0.007 -0.0095 0.02 -0.013 -0.0055 0.02 -0.011 0.003 0.02 0.016 0.0065 0.02 0.0105 0.0005 0.02 -0.0125 -0.003 0.02 -0.016 0.004 0.02 -0.0155 -0.014 0.02 -0.008 -0.016 0.02 0 -0.0105 0.02 0.012 -0.006 0.02 0.011 0.0125 0.02 0 0.016 0.02 0.0005 -0.004 0.02 0.0155 0.0005 0.02 0.0125 0.0105 0.02 -0.012 0.011 0.02 -0.006 0.0065 0.02 -0.0105 0.015 0.02 -0.0065 -0.0145 0.02 -0.007 -0.016 0.02 -0.001 -0.0155 0.02 -0.004 0.013 0.0195 -0.01 0.011 0.0195 -0.012 0.011 0.02 -0.012 0.0115 0.019 -0.0125 0.0135 0.019 -0.0105 0.013 0.018 -0.013 0.014 0.0175 -0.0125 0.014 0.018 -0.012 0.012 0.0185 -0.0125 0.0135 0.0175 -0.013 0.0115 0.0195 -0.0125 0.014 0.018 -0.0115 0.0135 0.0185 -0.011 0.013 0.02 -0.01 0.015 0.02 -0.0065 0.0135 0.02 -0.009 0.0135 0.0195 -0.009 0.014 0.0195 -0.009 0.0155 0.018 -0.009 0.0165 0.0175 -0.0085 0.0165 0.018 -0.008 0.015 0.0185 -0.009 0.016 0.0175 -0.009 0.015 0.0195 -0.0065 0.0145 0.019 -0.009 0.016 0.0185 -0.0075 0.0155 0.019 -0.007 0.0105 0.02 -0.012 0.0075 0.02 -0.0145 0.004 0.02 -0.0155 0.0065 0.0195 -0.015 0.004 0.019 -0.0165 0.0065 0.019 -0.0155 0.005 0.018 -0.0175 0.0065 0.0175 -0.0175 0.0065 0.018 -0.017 0.0045 0.0185 -0.017 0.0055 0.0175 -0.0175 0.004 0.0195 -0.0165 0.0065 0.0185 -0.0165 0.0065 0.02 -0.015 0.007 0.02 -0.015 0.008 0.0195 -0.0145 0.01 0.0195 -0.013 0.0075 0.0195 -0.0145 0.008 0.019 -0.015 0.0105 0.019 -0.0135 0.009 0.018 -0.0155 0.0105 0.0175 -0.0155 0.0105 0.018 -0.015 0.0085 0.0185 -0.0155 0.01 0.0175 -0.016 0.008 0.0195 -0.015 0.0105 0.0185 -0.014 0.01 0.02 -0.013 0.0105 0.02 -0.013 0.0035 0.02 -0.016 -0.0005 0.02 -0.0165 -0.003 0.02 -0.016 -0.0015 0.0195 -0.0165 -0.002 0.019 -0.017 -0.0035 0.0175 -0.018 -0.0025 0.018 -0.018 0.0155 0.02 0.006 0.016 0.02 0.0025 0.0155 0.02 0.0055 -0.002 0.0185 -0.0175 -0.0015 0.02 -0.0165 0 0.0195 -0.0165 0.0025 0.0195 -0.0165 -0.0005 0.0195 -0.0165 0 0.019 -0.017 0.0025 0.019 -0.017 0.0005 0.018 -0.018 0.0015 0.0175 -0.0185 0.002 0.018 -0.018 0 0.0185 -0.0175 0.001 0.0175 -0.0185 0 0.0195 -0.017 0.0025 0.0185 -0.0175 0.0025 0.0195 -0.016 0.003 0.02 -0.016 0.004 0.0195 -0.016 -0.0045 0.02 -0.016 -0.0085 0.02 -0.014 -0.008 0.02 -0.014 -0.0095 0.02 -0.013 -0.0095 0.0195 -0.0135 -0.009 0.0195 -0.0135 -0.0095 0.019 -0.014 -0.011 0.018 -0.0145 -0.01 0.0185 -0.0145 -0.009 0.02 -0.0135 0.016 0.019 -0.0055 0.0175 0.0185 -0.003 0.017 0.019 -0.003 -0.008 0.0195 -0.0145 -0.0055 0.0195 -0.0155 -0.008 0.019 -0.015 -0.006 0.019 -0.016 -0.008 0.018 -0.016 -0.0075 0.0175 -0.017 -0.007 0.018 -0.017 -0.0085 0.0185 -0.0155 -0.008 0.0175 -0.0165 -0.0065 0.0185 -0.0165 -0.0055 0.02 -0.0155 -0.0045 0.0195 -0.016 -0.0045 0.0195 -0.0165 -0.0045 0.019 -0.0165 -0.004 0.0185 -0.017 -0.004 0.018 -0.0175 0.0165 0.0195 -0.0025 0.016 0.0195 -0.0055 0.014 0.02 0.0075 0.015 0.02 0.0065 0.0155 0.0195 0.0055 0.017 0.0185 0.0035 0.0165 0.0185 0.0055 0.017 0.019 0.003 0.0175 0.018 0.0055 0.016 0.019 0.0055 0.0165 0.0195 0.003 0.018 0.0175 0.005 0.0175 0.018 0.004 0.018 0.0175 0.0045 0.016 0.0195 0.003 0.016 0.02 0.0005 0.0165 0.02 0.002 0.0165 0.02 0.0015 0.0165 0.0195 0.0015 0.0175 0.0185 0.001 0.018 0.018 0.001 0.017 0.019 0.0015 0.0185 0.018 0.001 0.0185 0.0175 0.0005 0.01 0.0195 0.0135 0.0095 0.02 0.013 0.01 0.0195 0.013 0.01 0.02 0.013 0.0105 0.02 0.0125 0.013 0.02 0.01 0.011 0.0195 0.0125 0.0135 0.0185 0.0115 0.012 0.0185 0.013 0.013 0.019 0.011 0.0125 0.018 0.013 0.0115 0.019 0.0125 0.013 0.0195 0.0105 0.013 0.018 0.013 0.013 0.0175 0.013 0.0135 0.018 0.012 0.0135 0.0175 0.0125 0.0135 0.02 0.0095 0.0135 0.0195 0.0095 0.0105 0.02 -0.0125 0.018 0.018 -0.0005 0.0175 0.0185 -0.001 0.017 0.019 -0.001 0.017 0.0195 -0.001 0.0165 0.0195 -0.001 0.0165 0.0195 -0.0015 0.0165 0.02 -0.0015 0.016 0.02 -0.0025 0.0155 0.02 -0.0055 0.016 0.0195 -0.0025 0.017 0.0185 -0.005 0.018 0.018 -0.0035 0.015 0.0185 0.0095 0.0155 0.018 0.0095 0.014 0.019 0.0095 0.0165 0.0175 0.009 0.016 0.0175 0.0095 0.0035 0.0195 0.016 0.0065 0.02 0.015 0.003 0.02 0.016 0.0035 0.02 0.016 0.0065 0.0185 0.0165 0.0045 0.0185 0.017 0.0065 0.019 0.016 0.0045 0.018 0.0175 0.004 0.019 0.0165 0.0065 0.0195 0.0155 0.005 0.018 0.0175 0.005 0.0175 0.018 0.006 0.018 0.017 0.006 0.0175 0.0175 0.0065 0.0195 0.015 0.018 0.018 -0.004 0.0155 0.0195 -0.0055 0.018 0.0175 -0.004 0.0175 0.018 -0.005 0.018 0.0175 -0.005 0.016 0.0185 0.0075 0.0155 0.019 0.0075 0.016 0.018 0.008 0.0155 0.0195 0.007 0.015 0.0195 0.007 0.007 0.02 0.0145 0.0075 0.02 0.0145 0.0075 0.0195 0.0145 0.01 0.0185 0.0145 0.0085 0.0185 0.0155 0.01 0.019 0.014 0.009 0.018 0.016 0.008 0.019 0.015 0.0095 0.0175 0.016 0.01 0.018 0.015 0.01 0.0175 0.0155 -0.0045 0.019 0.0165 -0.002 0.019 0.017 -0.0045 0.0185 0.017 -0.0025 0.0185 0.0175 -0.0045 0.018 0.0175 -0.004 0.02 0.0155 -0.002 0.0195 0.0165 -0.004 0.018 0.018 -0.004 0.0175 0.018 -0.003 0.018 0.018 -0.0035 0.0175 0.0185 -0.0015 0.02 0.0165 -0.001 0.02 0.0165 0.0025 0.02 0.016 -0.0005 0.02 0.0165 -0.0005 0.0195 0.0165 0.002 0.0185 0.0175 0 0.0185 0.0175 0.002 0.019 0.017 0 0.018 0.018 -0.0005 0.019 0.017 0.002 0.0195 0.0165 0.0005 0.018 0.0185 0.0025 0.0195 0.0165 0.0005 0.0175 0.0185 0.0015 0.018 0.018 0.0015 0.0175 0.0185 -0.011 0.018 0.0145 -0.012 0.0175 0.014 -0.0105 0.02 0.012 -0.0105 0.0185 0.014 -0.01 0.019 0.014 -0.01 0.0195 0.0135 -0.0095 0.0195 0.0135 -0.0095 0.02 0.0135 -0.0085 0.02 0.014 -0.0055 0.02 0.0155 -0.0085 0.0195 0.014 -0.0065 0.0185 0.0165 -0.0085 0.0185 0.0155 -0.0065 0.019 0.016 -0.0085 0.018 0.016 -0.0085 0.019 0.015 -0.006 0.0195 0.0155 -0.0085 0.0175 0.0165 -0.007 0.018 0.0165 -0.0075 0.0175 0.017 0.0185 0.0175 0 -0.0115 0.0175 0.0145 -0.015 0.02 0.0065 -0.016 0.0185 0.0075 -0.0165 0.0185 0.007 -0.0145 0.02 -0.0075 -0.014 0.02 -0.008 -0.0165 0.02 -0.0005 -0.0165 0.02 0 -0.0165 0.02 0.0005 -0.016 0.02 -0.0005 -0.016 0.02 0 -0.016 0.02 0.0035 -0.016 0.0195 0.0045 -0.0165 0.019 0.005 -0.0165 0.018 0.007 -0.0175 0.0175 0.0065 -0.0175 0.018 0.006 -0.017 0.0175 0.007 -0.017 0.018 0.006 -0.017 0.0185 0.0055 -0.016 0.02 0.0045 -0.016 0.0195 0.0035 -0.0165 0.0195 0.0005 -0.017 0.019 0.003 -0.017 0.019 0.0005 -0.018 0.018 0.003 -0.0185 0.0175 0.0015 -0.018 0.018 0.0015 -0.0175 0.0185 0.003 -0.0185 0.0175 0.0025 -0.0165 0.0195 0.003 -0.0175 0.0185 0.001 -0.016 0.02 -0.001 -0.0155 0.02 -0.004 -0.0155 0.02 -0.0045 -0.0145 0.02 -0.007 -0.0165 0.0195 -0.001 -0.016 0.0195 -0.0035 -0.017 0.019 -0.001 -0.0165 0.019 -0.0035 -0.018 0.018 -0.0015 -0.0185 0.0175 -0.003 -0.018 0.018 -0.003 -0.0175 0.0185 -0.0015 -0.0185 0.0175 -0.002 -0.017 0.0195 -0.001 -0.0175 0.0185 -0.0035 -0.016 0.02 -0.004 -0.0155 0.0195 -0.005 -0.0145 0.0195 -0.0075 -0.016 0.019 -0.0055 -0.0155 0.019 -0.0075 -0.016 0.0195 -0.005 -0.017 0.018 -0.006 -0.017 0.0175 -0.0075 -0.0165 0.018 -0.0075 -0.0165 0.0185 -0.0055 -0.0175 0.0175 -0.0065 -0.016 0.0185 -0.0075 -0.012 0.018 -0.0135 -0.0115 0.0175 -0.0145 -0.014 0.02 -0.0085 -0.0115 0.02 -0.0115 -0.014 0.0195 -0.0085 -0.0125 0.0195 -0.011 -0.0145 0.019 -0.009 -0.013 0.019 -0.011 -0.015 0.018 -0.01 -0.0145 0.0175 -0.0115 -0.0145 0.018 -0.0115 -0.0145 0.0185 -0.0095 -0.015 0.0175 -0.011 -0.0145 0.0195 -0.009 -0.014 0.018 -0.0115 -0.0135 0.0185 -0.0115 -0.012 0.0195 -0.011 -0.012 0.02 -0.011 -0.0115 0.0195 -0.012 -0.0115 0.019 -0.0125 -0.012 0.0185 -0.013 -0.012 0.0175 -0.014 -0.0145 0.02 0.0075 -0.0125 0.02 0.011 -0.0125 0.02 0.0105 -0.0115 0.0195 0.0115 -0.012 0.019 0.012 -0.0125 0.018 0.0135 -0.0125 0.0175 0.014 -0.012 0.0185 0.0125 -0.0115 0.02 0.0115 -0.012 0.02 0.0115 -0.0125 0.0195 0.0105 -0.014 0.0195 0.0085 -0.013 0.019 0.011 -0.0145 0.019 0.009 -0.0145 0.018 0.011 -0.0155 0.0175 0.0105 -0.0155 0.018 0.01 -0.0135 0.0185 0.011 -0.015 0.0175 0.011 -0.013 0.0195 0.011 -0.015 0.018 0.01 -0.015 0.0185 0.0095 -0.014 0.02 0.008 -0.015 0.0195 0.007 -0.015 0.0195 0.0075 -0.0155 0.019 0.0075 -0.0045 0.0195 0.016 -0.0045 0.0195 0.0155 -0.005 0.02 0.0155 -0.003 0.0175 -0.0185 0.0125 0.041 0 0.0205 0.041 -0.0055 0.011 0.041 -0.006 -0.0055 0.041 0.0205 -0.006 0.041 0.011 -0.013 0.041 0.0165 0.0065 0.041 0.0105 0.0175 0.041 0.0115 0.011 0.041 0.006 0.0205 0.041 0.0035 0.0065 0.041 -0.0105 0.0165 0.041 -0.013 0.0095 0.041 -0.0185 -0.0055 0.041 -0.011 -0.015 0.041 -0.015 -0.0105 0.041 -0.007 -0.0125 0.041 0.001 -0.0185 0.041 0.0095 -0.0105 0.041 0.007 0.0005 0.041 0.0125 0.0035 0.041 0.0205 0.0115 0.041 0.0175 0.0055 0.041 -0.0205 0.0005 0.041 -0.0125 -0.0075 0.041 -0.0195 -0.014 0.041 -0.008 -0.0165 0.041 0 -0.0195 0.041 -0.0075 -0.021 0.041 0.001 0.001 0.041 -0.021 -0.0105 0.02 -0.007 -0.0055 0.041 -0.011 -0.0105 0.041 -0.007 0.0005 0.02 -0.0125 0.0065 0.041 -0.0105 0.0005 0.041 -0.0125 0.0065 0.02 -0.0105 0.011 0.041 -0.006 0.011 0.02 -0.006 0.0125 0.041 0 0.0125 0.02 0 0.011 0.041 0.006 0.011 0.02 0.006 0.0065 0.041 0.0105 0.0065 0.02 0.0105 0.0005 0.041 0.0125 0.0005 0.02 0.0125 -0.006 0.041 0.011 -0.006 0.02 0.011 -0.0105 0.041 0.007 -0.0105 0.02 0.007 -0.0125 0.041 0.001 -0.0125 0.02 0.001 -0.0055 0.02 -0.011 -0.0185 0.0175 0.0015 -0.026 0.0245 0.0035 -0.0265 0.0245 0.0025 -0.0185 0.0175 0.0025 -0.0245 0.0245 0.01 -0.0175 0.0175 0.0065 -0.017 0.0175 0.007 -0.025 0.0245 0.009 -0.021 0.0245 0.0155 -0.0155 0.0175 0.0105 -0.015 0.0175 0.011 -0.022 0.0245 0.015 -0.012 0.0175 0.014 -0.0165 0.0245 0.0205 -0.0175 0.0245 0.02 -0.0125 0.0175 0.014 -0.0115 0.0175 0.0145 -0.011 0.0245 0.024 -0.0085 0.0175 0.0165 -0.0075 0.0175 0.017 -0.012 0.0245 0.0235 -0.004 0.0175 0.018 -0.0045 0.0245 0.026 -0.006 0.0245 0.026 -0.0035 0.0175 0.0185 0.002 0.0245 0.0265 0.0005 0.0175 0.0185 0.0015 0.0175 0.0185 0.001 0.0245 0.0265 0.0085 0.0245 0.025 0.005 0.0175 0.018 0.006 0.0175 0.0175 0.0075 0.0245 0.0255 0.0095 0.0175 0.016 0.0145 0.0245 0.022 0.0135 0.0245 0.0225 0.01 0.0175 0.0155 0.0195 0.0245 0.018 0.013 0.0175 0.013 0.0135 0.0175 0.0125 0.0185 0.0245 0.0185 0.0235 0.0245 0.0125 0.016 0.0175 0.0095 0.0165 0.0175 0.009 0.0225 0.0245 0.0135 0.018 0.0175 0.0045 0.0255 0.0245 0.0075 0.018 0.0175 0.005 0.0255 0.0245 0.0065 0.0185 0.0175 0.0005 0.0265 0.0245 -0.0005 0.0265 0.0245 0.001 0.0185 0.0175 0 0.0255 0.0245 -0.007 0.018 0.0175 -0.004 0.018 0.0175 -0.005 0.026 0.0245 -0.006 0.0165 0.0175 -0.0085 0.023 0.0245 -0.013 0.0235 0.0245 -0.012 0.016 0.0175 -0.009 0.014 0.0175 -0.0125 0.019 0.0245 -0.0185 0.02 0.0245 -0.0175 0.0135 0.0175 -0.013 0.014 0.0245 -0.0225 0.0105 0.0175 -0.0155 0.01 0.0175 -0.016 0.015 0.0245 -0.022 0.008 0.0245 -0.025 0.0065 0.0175 -0.0175 0.0055 0.0175 -0.0175 0.009 0.0245 -0.025 0.0015 0.0245 -0.0265 0.0015 0.0175 -0.0185 0.001 0.0175 -0.0185 0.0025 0.0245 -0.0265 -0.0035 0.0175 -0.018 -0.004 0.0245 -0.026 -0.003 0.0175 -0.0185 -0.005 0.0245 -0.026 -0.0105 0.0245 -0.024 -0.008 0.0175 -0.0165 -0.0115 0.0245 -0.024 -0.0075 0.0175 -0.017 -0.017 0.0245 -0.02 -0.0115 0.0175 -0.0145 -0.012 0.0175 -0.014 -0.016 0.0245 -0.021 -0.0215 0.0245 -0.0155 -0.0145 0.0175 -0.0115 -0.015 0.0175 -0.011 -0.021 0.0245 -0.016 -0.017 0.0175 -0.0075 -0.0245 0.0245 -0.0095 -0.024 0.0245 -0.0105 -0.0175 0.0175 -0.0065 -0.026 0.0245 -0.003 -0.0185 0.0175 -0.003 -0.0185 0.0175 -0.002 -0.026 0.0245 -0.004 0.0025 0.028 0.023 -0.0005 0.0265 0.0245 0.003 0.026 0.0245 0.0105 0.028 0.0205 0.0105 0.0275 0.021 0.0195 0.0245 0.018 0.018 0.025 0.0185 0.0185 0.0245 0.0185 0.0215 0.028 0.008 0.022 0.0275 0.0085 0.022 0.0275 0.008 0.0265 0.0245 -0.0005 0.0255 0.025 0.0015 0.0265 0.0245 0.001 0.021 0.028 -0.0085 0.022 0.0275 -0.008 0.0215 0.0275 -0.009 0.019 0.0245 -0.0185 0.0195 0.025 -0.0165 0.02 0.0245 -0.0175 0.01 0.028 -0.0205 0.0105 0.0275 -0.0205 0.01 0.0275 -0.021 0.002 0.028 -0.023 0.003 0.025 -0.0255 0.0025 0.0245 -0.0265 -0.0065 0.028 -0.022 -0.0065 0.0275 -0.0225 -0.006 0.028 0.022 -0.0065 0.0265 0.0235 -0.0195 0.028 -0.012 -0.02 0.0275 -0.012 -0.0225 0.028 -0.004 -0.0255 0.025 -0.0045 -0.026 0.0245 -0.004 -0.0245 0.0265 0.001 -0.024 0.0265 0.0045 -0.023 0.0275 0.0045 -0.0225 0.028 0.0045 -0.0235 0.0275 0.0005 -0.0235 0.0275 -0.001 -0.0245 0.0265 -0.0015 -0.0255 0.025 -0.0025 -0.026 0.0245 -0.003 -0.025 0.026 -0.002 -0.017 0.0265 0.0175 -0.0145 0.0265 0.0195 -0.0135 0.0275 0.019 -0.0195 0.028 0.0125 -0.021 0.026 0.0135 -0.0215 0.026 0.0135 -0.014 0.028 -0.018 -0.0155 0.025 -0.0205 -0.016 0.0245 -0.021 -0.0255 0.025 0.004 -0.0265 0.0245 0.0025 -0.026 0.0245 0.0035 -0.0255 0.025 0.002 -0.025 0.026 0.0015 -0.0245 0.026 0.0045 -0.0205 0.0275 -0.011 -0.0225 0.0275 -0.0055 -0.021 0.0275 -0.0105 -0.0225 0.0275 -0.007 -0.0235 0.025 -0.0105 -0.024 0.025 -0.0085 -0.0235 0.026 -0.008 -0.023 0.0265 -0.0075 -0.0225 0.026 -0.011 -0.022 0.0265 -0.011 -0.0245 0.0245 -0.0095 -0.024 0.0245 -0.0105 -0.0225 0.0275 -0.0065 -0.023 0.0275 -0.005 -0.0245 0.026 -0.005 -0.024 0.0265 -0.005 -0.017 0.0275 -0.0155 -0.0175 0.0275 -0.0155 -0.0165 0.0275 -0.017 -0.0165 0.0265 -0.0175 -0.017 0.025 -0.0195 -0.017 0.0245 -0.02 -0.017 0.026 -0.0185 -0.0165 0.0275 -0.0165 -0.02 0.0275 -0.0125 -0.0185 0.0265 -0.016 -0.0205 0.0265 -0.013 -0.0215 0.025 -0.0145 -0.021 0.0245 -0.016 -0.0215 0.0245 -0.0155 -0.02 0.025 -0.016 -0.019 0.026 -0.016 -0.021 0.026 -0.0135 -0.0075 0.0275 -0.022 -0.013 0.0275 -0.0195 -0.008 0.0275 -0.022 -0.0115 0.0275 -0.0205 -0.0085 0.0265 -0.023 -0.0115 0.0265 -0.0215 -0.0115 0.025 -0.023 -0.0105 0.0245 -0.024 -0.0115 0.0245 -0.024 -0.0095 0.025 -0.024 -0.009 0.026 -0.0235 -0.012 0.026 -0.022 -0.0115 0.0275 -0.02 -0.012 0.0275 -0.02 -0.0145 0.026 -0.0205 -0.014 0.0265 -0.02 -0.002 0.0275 -0.023 -0.002 0.0275 -0.0235 -0.0005 0.0275 -0.0235 0 0.0265 -0.0245 0.001 0.025 -0.0255 0.0015 0.0245 -0.0265 0.0005 0.026 -0.025 -0.006 0.0275 -0.0225 -0.0025 0.0265 -0.024 -0.006 0.0265 -0.0235 -0.0055 0.025 -0.025 -0.004 0.0245 -0.026 -0.005 0.0245 -0.026 -0.0035 0.025 -0.0255 -0.003 0.026 -0.025 -0.006 0.026 -0.0245 0.0095 0.0275 -0.0215 0.006 0.028 -0.022 0.0095 0.0275 -0.021 0.004 0.0275 -0.023 0.0055 0.0275 -0.023 0.0095 0.0265 -0.0225 0.006 0.0265 -0.0235 0.007 0.025 -0.0245 0.009 0.0245 -0.025 0.008 0.0245 -0.025 0.009 0.025 -0.024 0.0095 0.026 -0.023 0.0065 0.026 -0.024 0.0055 0.0275 -0.0225 0.005 0.0275 -0.0225 0.0035 0.0275 -0.023 0.0035 0.026 -0.025 0.0035 0.0265 -0.024 0.0145 0.0275 -0.018 0.0145 0.0275 -0.0185 0.0165 0.028 -0.0155 0.016 0.0275 -0.0175 0.0165 0.0265 -0.0175 0.018 0.025 -0.018 0.0175 0.026 -0.018 0.0155 0.0275 -0.0175 0.011 0.0275 -0.021 0.011 0.0275 -0.0205 0.0145 0.0265 -0.0195 0.0115 0.0265 -0.0215 0.013 0.025 -0.022 0.015 0.0245 -0.022 0.014 0.0245 -0.0225 0.015 0.025 -0.021 0.015 0.026 -0.02 0.0125 0.026 -0.022 0.0185 0.0275 -0.014 0.0215 0.0275 -0.0095 0.0195 0.0275 -0.013 0.022 0.0265 -0.01 0.0205 0.0265 -0.013 0.022 0.025 -0.013 0.0235 0.0245 -0.012 0.023 0.0245 -0.013 0.023 0.025 -0.011 0.0225 0.026 -0.0105 0.0215 0.026 -0.013 0.0185 0.0275 -0.0145 0.0195 0.026 -0.016 0.019 0.0265 -0.015 0.023 0.0275 -0.0035 0.023 0.028 -0.0005 0.0235 0.0275 -0.0015 0.0235 0.0275 -0.002 0.024 0.0265 -0.0015 0.0255 0.025 -0.001 0.025 0.026 -0.001 0.023 0.0275 -0.002 0.0225 0.0275 -0.0075 0.022 0.0275 -0.0075 0.024 0.0265 -0.004 0.023 0.0265 -0.0075 0.0235 0.0275 -0.0035 0.0245 0.025 -0.007 0.026 0.0245 -0.006 0.0255 0.0245 -0.007 0.025 0.025 -0.005 0.0245 0.026 -0.0045 0.024 0.026 -0.0075 0.023 0.0275 0.0025 0.023 0.0275 0.004 0.023 0.0265 0.008 0.024 0.0265 0.0045 0.025 0.025 0.0055 0.0255 0.0245 0.0075 0.0255 0.0245 0.0065 0.0245 0.025 0.0075 0.024 0.026 0.008 0.0245 0.026 0.005 0.023 0.0275 0.0035 0.0235 0.0275 0.0025 0.0235 0.0275 0.002 0.025 0.026 0.002 0.024 0.0265 0.002 0.019 0.0275 0.0135 0.017 0.028 0.015 0.0185 0.0275 0.015 0.0185 0.0275 0.0145 0.0185 0.0265 0.0155 0.0195 0.025 0.017 0.019 0.026 0.016 0.0195 0.0275 0.013 0.0215 0.0275 0.01 0.0215 0.0275 0.0095 0.0195 0.0275 0.0135 0.02 0.0265 0.0135 0.022 0.0265 0.0105 0.023 0.025 0.0115 0.0225 0.0245 0.0135 0.0235 0.0245 0.0125 0.022 0.025 0.0135 0.021 0.026 0.0135 0.0225 0.026 0.011 0.015 0.0275 0.0175 0.014 0.0275 0.019 0.0125 0.025 0.0225 0.0145 0.025 0.0215 0.0145 0.026 0.0205 0.012 0.026 0.022 0.0145 0.0265 0.0195 0.011 0.0265 0.0215 0.0135 0.0245 0.0225 0.0145 0.0245 0.022 0.014 0.0275 0.0185 0.0155 0.0275 0.0175 0.017 0.026 0.0185 0.016 0.0265 0.018 0.01 0.0275 0.021 0.0045 0.0275 0.023 0.005 0.0275 0.023 0.003 0.0275 0.0235 0.003 0.0275 0.023 0.003 0.0265 0.024 0.0035 0.0275 0.023 0.009 0.0275 0.022 0.009 0.0275 0.0215 0.0055 0.0265 0.0235 0.009 0.0265 0.0225 0.0085 0.025 0.024 0.0075 0.0245 0.0255 0.0085 0.0245 0.025 0.0065 0.025 0.025 0.006 0.026 0.0245 0.009 0.026 0.0235 -0.001 0.0275 0.0235 -0.0025 0.0275 0.0235 -0.0065 0.026 0.024 -0.0035 0.026 0.025 -0.003 0.0265 0.024 -0.004 0.025 0.0255 -0.006 0.0245 0.026 -0.0045 0.0245 0.026 -0.006 0.025 0.025 -0.0025 0.0275 0.023 0.0005 0.025 0.026 0.0025 0.025 0.0255 0.003 0.026 0.025 0 0.026 0.025 0.001 0.0245 0.0265 0.002 0.0245 0.0265 -0.007 0.0275 0.0225 -0.012 0.0275 0.02 -0.0135 0.028 0.0185 -0.013 0.0275 0.019 -0.0085 0.0275 0.022 -0.012 0.0265 0.021 -0.009 0.0265 0.0225 -0.01 0.025 0.0235 -0.012 0.0245 0.0235 -0.011 0.0245 0.024 -0.012 0.025 0.0225 -0.012 0.026 0.022 -0.0095 0.026 0.023 -0.008 0.0275 0.022 -0.0065 0.0275 0.0225 -0.017 0.0275 0.016 -0.0165 0.0275 0.0165 -0.018 0.0275 0.015 -0.0215 0.025 0.014 -0.0205 0.025 0.016 -0.0195 0.026 0.0155 -0.0185 0.0265 0.0155 -0.022 0.0245 0.015 -0.021 0.0245 0.0155 -0.0175 0.0275 0.015 -0.0175 0.0275 0.0155 -0.016 0.025 0.0205 -0.0175 0.0245 0.02 -0.0165 0.0245 0.0205 -0.0175 0.025 0.019 -0.0175 0.026 0.018 -0.015 0.026 0.02 -0.0205 0.0275 0.0115 -0.02 0.0275 0.0115 -0.0225 0.0275 0.006 -0.0225 0.0275 0.0065 -0.023 0.0275 0.005 -0.021 0.0275 0.0105 -0.0235 0.0265 0.007 -0.022 0.0265 0.0105 -0.0235 0.025 0.01 -0.025 0.0245 0.009 -0.0245 0.0245 0.01 -0.0245 0.025 0.008 -0.024 0.026 0.0075 -0.023 0.026 0.0105 -0.02 0.0275 0.012 -0.0205 0.0275 0.012 -0.021 0.0265 0.0125 0.021 0.028 -0.0085 0.0165 0.028 -0.013 0.0205 0.028 -0.0055 0.0215 0.028 0.008 0.0175 0.028 0.0115 0.017 0.028 0.015 0.0035 0.028 0.0205 0.0105 0.028 0.0205 0.0115 0.028 0.0175 -0.0135 0.028 0.0185 -0.0055 0.028 0.0205 -0.013 0.028 0.0165 -0.0195 0.028 0.0125 -0.0185 0.028 0.0095 -0.0225 0.028 0.0045 -0.0225 0.028 -0.004 -0.021 0.028 0.001 -0.0195 0.028 -0.0075 0.0095 0.028 -0.0185 0.0165 0.028 -0.0155 0.01 0.028 -0.0205 -0.006 0.028 0.022 -0.0195 0.028 -0.012 -0.0065 0.028 -0.022 0.001 0.028 -0.021 0.002 0.028 -0.023 0.023 0.028 -0.0005 0.0205 0.028 0.0035 0.0025 0.028 0.023 -0.014 0.028 -0.018 -0.0075 0.028 -0.0195 0.006 0.028 -0.022 -0.015 0.028 -0.015 -0.0255 0.025 -0.0045 -0.0185 0.0175 -0.003 -0.026 0.0245 -0.004 -0.016 0.0195 -0.0035 -0.024 0.0265 -0.005 -0.023 0.0275 -0.005 -0.0165 0.019 -0.0035 -0.0245 0.026 -0.005 -0.018 0.018 -0.003 -0.0175 0.0185 -0.0035 -0.023 0.0265 -0.0075 -0.016 0.0195 -0.005 -0.0225 0.0275 -0.007 -0.0235 0.026 -0.008 -0.017 0.018 -0.006 -0.0165 0.0185 -0.0055 -0.0175 0.0175 -0.0065 -0.024 0.025 -0.0085 -0.0245 0.0245 -0.0095 -0.016 0.019 -0.0055 -0.016 0.02 -0.004 -0.0225 0.0275 -0.0055 -0.023 0.0275 -0.005 -0.016 0.0195 -0.0035 -0.0155 0.02 -0.0045 -0.0225 0.0275 -0.0065 -0.0155 0.0195 -0.005 -0.0225 0.0275 -0.007 -0.016 0.0195 -0.005 -0.016 0.02 -0.004 -0.0225 0.0275 -0.0065 -0.0155 0.02 -0.0045 -0.0225 0.0275 -0.0055 -0.0155 0.019 -0.0075 -0.0225 0.026 -0.011 -0.022 0.0265 -0.011 -0.0145 0.0195 -0.0075 -0.021 0.0275 -0.0105 -0.0165 0.018 -0.0075 -0.016 0.0185 -0.0075 -0.017 0.0175 -0.0075 -0.0235 0.025 -0.0105 -0.024 0.0245 -0.0105 -0.0145 0.019 -0.009 -0.021 0.026 -0.0135 -0.0145 0.0185 -0.0095 -0.015 0.018 -0.01 -0.0215 0.025 -0.0145 -0.015 0.0175 -0.011 -0.0215 0.0245 -0.0155 -0.014 0.0195 -0.0085 -0.0205 0.0265 -0.013 -0.0145 0.0195 -0.009 -0.02 0.0275 -0.0125 -0.0205 0.0275 -0.011 -0.0145 0.02 -0.0075 -0.021 0.0275 -0.0105 -0.0145 0.0195 -0.0075 -0.02 0.0275 -0.0125 -0.014 0.0195 -0.0085 -0.02 0.0275 -0.012 -0.014 0.02 -0.0085 -0.02 0.0275 -0.012 -0.0145 0.02 -0.0075 -0.0205 0.0275 -0.011 -0.014 0.02 -0.0085 -0.019 0.026 -0.016 -0.014 0.018 -0.0115 -0.02 0.025 -0.016 -0.013 0.019 -0.011 -0.0135 0.0185 -0.0115 -0.0125 0.0195 -0.011 -0.0185 0.0265 -0.016 -0.0175 0.0275 -0.0155 -0.0145 0.0175 -0.0115 -0.0145 0.018 -0.0115 -0.021 0.0245 -0.016 -0.012 0.018 -0.0135 -0.017 0.026 -0.0185 -0.017 0.025 -0.0195 -0.0115 0.0195 -0.012 -0.0165 0.0265 -0.0175 -0.0115 0.019 -0.0125 -0.0165 0.0275 -0.017 -0.012 0.0185 -0.013 -0.012 0.0175 -0.014 -0.017 0.0245 -0.02 -0.0175 0.0275 -0.0155 -0.012 0.02 -0.011 -0.012 0.0195 -0.011 -0.0125 0.0195 -0.011 -0.017 0.0275 -0.0155 -0.0115 0.0195 -0.012 -0.0165 0.0275 -0.017 -0.0115 0.02 -0.0115 -0.0165 0.0275 -0.0165 -0.012 0.02 -0.011 -0.0165 0.0275 -0.0165 -0.0115 0.02 -0.0115 -0.017 0.0275 -0.0155 -0.011 0.018 -0.0145 -0.0145 0.026 -0.0205 -0.01 0.0185 -0.0145 -0.0095 0.019 -0.014 -0.0095 0.0195 -0.0135 -0.014 0.0265 -0.02 -0.013 0.0275 -0.0195 -0.0155 0.025 -0.0205 -0.0115 0.0175 -0.0145 -0.016 0.0245 -0.021 -0.008 0.0175 -0.0165 -0.0115 0.025 -0.023 -0.0115 0.0245 -0.024 -0.008 0.018 -0.016 -0.012 0.026 -0.022 -0.0085 0.0185 -0.0155 -0.008 0.019 -0.015 -0.0115 0.0265 -0.0215 -0.008 0.0195 -0.0145 -0.0115 0.0275 -0.0205 -0.009 0.02 -0.0135 -0.013 0.0275 -0.0195 -0.009 0.0195 -0.0135 -0.0095 0.0195 -0.0135 -0.008 0.0195 -0.0145 -0.0115 0.0275 -0.0205 -0.008 0.02 -0.014 -0.0115 0.0275 -0.02 -0.0085 0.02 -0.014 -0.012 0.0275 -0.02 -0.009 0.02 -0.0135 -0.012 0.0275 -0.02 -0.0085 0.02 -0.014 -0.013 0.0275 -0.0195 -0.007 0.018 -0.017 -0.0095 0.025 -0.024 -0.0085 0.0265 -0.023 -0.0055 0.0195 -0.0155 -0.006 0.019 -0.016 -0.009 0.026 -0.0235 -0.0065 0.0185 -0.0165 -0.0075 0.0175 -0.017 -0.0105 0.0245 -0.024 -0.008 0.0275 -0.022 -0.0045 0.0195 -0.0165 -0.006 0.0265 -0.0235 -0.0045 0.019 -0.0165 -0.0055 0.025 -0.025 -0.0035 0.0175 -0.018 -0.004 0.018 -0.0175 -0.006 0.026 -0.0245 -0.004 0.0185 -0.017 -0.0045 0.0195 -0.016 -0.006 0.0275 -0.0225 -0.005 0.0245 -0.026 -0.0055 0.02 -0.0155 -0.0075 0.0275 -0.022 -0.008 0.0275 -0.022 -0.0055 0.0195 -0.0155 -0.0045 0.02 -0.016 -0.0065 0.0275 -0.0225 -0.006 0.0275 -0.0225 -0.0045 0.0195 -0.016 -0.0055 0.02 -0.0155 -0.0065 0.0275 -0.0225 -0.0045 0.02 -0.016 -0.0075 0.0275 -0.022 -0.003 0.0175 -0.0185 -0.0035 0.025 -0.0255 -0.0025 0.018 -0.018 -0.004 0.0245 -0.026 -0.0025 0.0265 -0.024 -0.0015 0.0195 -0.0165 -0.002 0.019 -0.017 -0.003 0.026 -0.025 -0.002 0.0185 -0.0175 -0.002 0.0275 -0.0235 0 0.0195 -0.017 0 0.0265 -0.0245 0 0.019 -0.017 0.001 0.025 -0.0255 0.001 0.0175 -0.0185 0.0005 0.018 -0.018 0.0005 0.026 -0.025 0 0.0185 -0.0175 0 0.0195 -0.0165 -0.0005 0.0275 -0.0235 0.0015 0.0245 -0.0265 -0.002 0.0275 -0.0235 -0.0015 0.0195 -0.0165 -0.0015 0.02 -0.0165 -0.002 0.0275 -0.023 0 0.0195 -0.0165 -0.0005 0.0275 -0.0235 -0.0005 0.0195 -0.0165 -0.0005 0.02 -0.0165 -0.0005 0.0275 -0.0235 -0.0015 0.02 -0.0165 -0.002 0.0275 -0.023 -0.0005 0.02 -0.0165 0.0025 0.0195 -0.0165 0.0035 0.0265 -0.024 0.0035 0.0275 -0.023 0.0035 0.026 -0.025 0.0025 0.019 -0.017 0.0025 0.0185 -0.0175 0.002 0.018 -0.018 0.003 0.025 -0.0255 0.0015 0.0175 -0.0185 0.0025 0.0245 -0.0265 0.0055 0.0175 -0.0175 0.007 0.025 -0.0245 0.008 0.0245 -0.025 0.0065 0.026 -0.024 0.005 0.018 -0.0175 0.0045 0.0185 -0.017 0.004 0.019 -0.0165 0.006 0.0265 -0.0235 0.004 0.0195 -0.016 0.0055 0.0275 -0.023 0.004 0.0195 -0.0165 0.004 0.0275 -0.023 0.003 0.02 -0.016 0.0025 0.0195 -0.016 0.0025 0.0195 -0.0165 0.0035 0.0275 -0.023 0.0055 0.0275 -0.023 0.004 0.0195 -0.016 0.0055 0.0275 -0.0225 0.0035 0.02 -0.016 0.005 0.0275 -0.0225 0.003 0.02 -0.016 0.005 0.0275 -0.0225 0.0035 0.02 -0.016 0.004 0.0275 -0.023 0.0065 0.0195 -0.015 0.0095 0.0265 -0.0225 0.0095 0.0275 -0.0215 0.0065 0.0175 -0.0175 0.009 0.025 -0.024 0.0065 0.018 -0.017 0.0095 0.026 -0.023 0.0065 0.019 -0.0155 0.0065 0.0185 -0.0165 0.009 0.0245 -0.025 0.013 0.025 -0.022 0.01 0.0175 -0.016 0.009 0.018 -0.0155 0.0125 0.026 -0.022 0.0085 0.0185 -0.0155 0.008 0.019 -0.015 0.0115 0.0265 -0.0215 0.008 0.0195 -0.0145 0.011 0.0275 -0.021 0.008 0.0195 -0.015 0.014 0.0245 -0.0225 0.0095 0.0275 -0.0215 0.007 0.02 -0.015 0.0065 0.02 -0.015 0.0065 0.0195 -0.015 0.0095 0.0275 -0.021 0.011 0.0275 -0.021 0.008 0.0195 -0.0145 0.011 0.0275 -0.0205 0.0075 0.0195 -0.0145 0.0075 0.02 -0.0145 0.0105 0.0275 -0.0205 0.0075 0.02 -0.0145 0.01 0.0275 -0.021 0.0105 0.0275 -0.0205 0.007 0.02 -0.015 0.0095 0.0275 -0.021 0.015 0.025 -0.021 0.0105 0.0175 -0.0155 0.015 0.0245 -0.022 0.0105 0.018 -0.015 0.0145 0.0265 -0.0195 0.01 0.0195 -0.013 0.0105 0.019 -0.0135 0.015 0.026 -0.02 0.0105 0.0185 -0.014 0.0145 0.0275 -0.0185 0.018 0.025 -0.018 0.0135 0.0175 -0.013 0.013 0.018 -0.013 0.0175 0.026 -0.018 0.012 0.0185 -0.0125 0.0115 0.019 -0.0125 0.0165 0.0265 -0.0175 0.011 0.0195 -0.012 0.016 0.0275 -0.0175 0.0115 0.0195 -0.0125 0.019 0.0245 -0.0185 0.0145 0.0275 -0.0185 0.0105 0.02 -0.013 0.01 0.02 -0.013 0.01 0.0195 -0.013 0.0145 0.0275 -0.018 0.016 0.0275 -0.0175 0.011 0.0195 -0.012 0.0155 0.0275 -0.0175 0.011 0.02 -0.012 0.0105 0.02 -0.0125 0.0155 0.0275 -0.0175 0.011 0.02 -0.012 0.0145 0.0275 -0.018 0.0105 0.02 -0.013 0.019 0.0265 -0.015 0.013 0.0195 -0.01 0.0135 0.019 -0.0105 0.014 0.0175 -0.0125 0.0195 0.025 -0.0165 0.014 0.018 -0.012 0.014 0.018 -0.0115 0.0195 0.026 -0.016 0.0135 0.0185 -0.011 0.0185 0.0275 -0.0145 0.02 0.0245 -0.0175 0.022 0.025 -0.013 0.016 0.0175 -0.009 0.0155 0.018 -0.009 0.0215 0.026 -0.013 0.015 0.0185 -0.009 0.0145 0.019 -0.009 0.0205 0.0265 -0.013 0.014 0.0195 -0.009 0.0195 0.0275 -0.013 0.023 0.0245 -0.013 0.0185 0.0275 -0.014 0.013 0.02 -0.01 0.013 0.0195 -0.01 0.0185 0.0275 -0.0145 0.0195 0.0275 -0.013 0.014 0.0195 -0.009 0.0135 0.0195 -0.009 0.0135 0.02 -0.009 0.0195 0.0275 -0.013 0.013 0.02 -0.01 0.0185 0.0275 -0.014 0.0135 0.02 -0.009 0.023 0.025 -0.011 0.0165 0.0175 -0.0085 0.0235 0.0245 -0.012 0.0225 0.026 -0.0105 0.0155 0.019 -0.007 0.016 0.0185 -0.0075 0.0165 0.018 -0.008 0.015 0.0195 -0.0065 0.022 0.0265 -0.01 0.0215 0.0275 -0.0095 0.0245 0.025 -0.007 0.018 0.0175 -0.005 0.0175 0.018 -0.005 0.024 0.026 -0.0075 0.017 0.0185 -0.005 0.016 0.019 -0.0055 0.023 0.0265 -0.0075 0.0155 0.0195 -0.0055 0.0225 0.0275 -0.0075 0.016 0.0195 -0.0055 0.0255 0.0245 -0.007 0.0215 0.0275 -0.009 0.015 0.02 -0.0065 0.015 0.0195 -0.0065 0.0215 0.0275 -0.0095 0.0225 0.0275 -0.0075 0.0155 0.0195 -0.0055 0.022 0.0275 -0.0075 0.0155 0.02 -0.0055 0.022 0.0275 -0.008 0.015 0.02 -0.0065 0.022 0.0275 -0.008 0.0155 0.02 -0.0055 0.0215 0.0275 -0.009 0.0165 0.0195 -0.0025 0.024 0.0265 -0.004 0.0235 0.0275 -0.0035 0.017 0.019 -0.003 0.0245 0.026 -0.0045 0.018 0.018 -0.0035 0.0175 0.0185 -0.003 0.018 0.0175 -0.004 0.025 0.025 -0.005 0.018 0.018 -0.004 0.026 0.0245 -0.006 0.0255 0.025 -0.001 0.0185 0.0175 0 0.018 0.018 -0.0005 0.025 0.026 -0.001 0.0175 0.0185 -0.001 0.017 0.019 -0.001 0.024 0.0265 -0.0015 0.0165 0.0195 -0.001 0.0235 0.0275 -0.0015 0.017 0.0195 -0.001 0.0265 0.0245 -0.0005 0.023 0.0275 -0.0035 0.016 0.02 -0.0025 0.016 0.0195 -0.0025 0.0165 0.0195 -0.0025 0.0235 0.0275 -0.0035 0.0235 0.0275 -0.0015 0.0165 0.0195 -0.001 0.0235 0.0275 -0.002 0.0165 0.0195 -0.0015 0.0165 0.02 -0.0015 0.023 0.0275 -0.002 0.023 0.0275 -0.002 0.016 0.02 -0.0025 0.023 0.0275 -0.0035 0.0165 0.02 -0.0015 0.0165 0.0195 0.0015 0.024 0.0265 0.002 0.0235 0.0275 0.002 0.017 0.019 0.0015 0.025 0.026 0.002 0.018 0.018 0.001 0.0175 0.0185 0.001 0.0255 0.025 0.0015 0.0185 0.0175 0.0005 0.0185 0.018 0.001 0.0265 0.0245 0.001 0.025 0.025 0.0055 0.018 0.0175 0.0045 0.0175 0.018 0.004 0.0245 0.026 0.005 0.017 0.0185 0.0035 0.017 0.019 0.003 0.024 0.0265 0.0045 0.0165 0.0195 0.003 0.023 0.0275 0.004 0.0255 0.0245 0.0065 0.023 0.0275 0.0025 0.0165 0.02 0.002 0.0165 0.02 0.0015 0.0235 0.0275 0.0025 0.0165 0.0195 0.0015 0.0235 0.0275 0.002 0.023 0.0275 0.004 0.016 0.0195 0.003 0.016 0.02 0.0025 0.023 0.0275 0.0035 0.0165 0.0195 0.003 0.023 0.0275 0.0035 0.0165 0.02 0.002 0.023 0.0275 0.0025 0.016 0.02 0.0025 0.0155 0.0195 0.0055 0.023 0.0265 0.008 0.022 0.0275 0.008 0.016 0.019 0.0055 0.024 0.026 0.008 0.0175 0.018 0.0055 0.0165 0.0185 0.0055 0.018 0.0175 0.005 0.0245 0.025 0.0075 0.0255 0.0245 0.0075 0.023 0.025 0.0115 0.0165 0.0175 0.009 0.016 0.018 0.008 0.0225 0.026 0.011 0.016 0.0185 0.0075 0.0155 0.019 0.0075 0.022 0.0265 0.0105 0.015 0.0195 0.007 0.0215 0.0275 0.01 0.0155 0.0195 0.007 0.0235 0.0245 0.0125 0.022 0.0275 0.008 0.0155 0.02 0.006 0.0155 0.02 0.0055 0.0155 0.0195 0.0055 0.022 0.0275 0.0085 0.0215 0.0275 0.01 0.015 0.0195 0.007 0.0215 0.0275 0.0095 0.015 0.02 0.0065 0.0155 0.02 0.006 0.0215 0.0275 0.0095 0.015 0.02 0.0065 0.022 0.0275 0.0085 0.021 0.026 0.0135 0.0155 0.018 0.0095 0.022 0.025 0.0135 0.014 0.019 0.0095 0.02 0.0265 0.0135 0.0135 0.0195 0.0095 0.0195 0.0275 0.013 0.016 0.0175 0.0095 0.0225 0.0245 0.0135 0.015 0.0185 0.0095 0.019 0.026 0.016 0.0135 0.018 0.012 0.0135 0.0185 0.0115 0.013 0.019 0.011 0.0185 0.0265 0.0155 0.013 0.0195 0.0105 0.0185 0.0275 0.015 0.0195 0.025 0.017 0.0135 0.0175 0.0125 0.0195 0.0245 0.018 0.0195 0.0275 0.013 0.0135 0.0195 0.0095 0.0195 0.0275 0.0135 0.0135 0.02 0.0095 0.019 0.0275 0.0135 0.013 0.0195 0.0105 0.0185 0.0275 0.0145 0.013 0.02 0.01 0.0185 0.0275 0.015 0.0185 0.0275 0.0145 0.0135 0.02 0.0095 0.019 0.0275 0.0135 0.013 0.02 0.01 0.013 0.018 0.013 0.018 0.025 0.0185 0.0125 0.018 0.013 0.013 0.0175 0.013 0.0185 0.0245 0.0185 0.017 0.026 0.0185 0.0115 0.019 0.0125 0.016 0.0265 0.018 0.011 0.0195 0.0125 0.0155 0.0275 0.0175 0.012 0.0185 0.013 0.0145 0.026 0.0205 0.01 0.019 0.014 0.0145 0.0265 0.0195 0.0145 0.025 0.0215 0.01 0.0175 0.0155 0.01 0.018 0.015 0.01 0.0185 0.0145 0.01 0.0195 0.0135 0.014 0.0275 0.019 0.0145 0.0245 0.022 0.0105 0.02 0.0125 0.0155 0.0275 0.0175 0.015 0.0275 0.0175 0.011 0.0195 0.0125 0.01 0.0195 0.013 0.014 0.0275 0.019 0.01 0.0195 0.0135 0.014 0.0275 0.0185 0.01 0.02 0.013 0.014 0.0275 0.0185 0.0105 0.02 0.0125 0.015 0.0275 0.0175 0.01 0.02 0.013 0.0095 0.0175 0.016 0.0125 0.025 0.0225 0.009 0.018 0.016 0.008 0.019 0.015 0.012 0.026 0.022 0.011 0.0265 0.0215 0.0135 0.0245 0.0225 0.0085 0.0185 0.0155 0.0075 0.0195 0.0145 0.0105 0.0275 0.021 0.009 0.026 0.0235 0.006 0.018 0.017 0.0065 0.0185 0.0165 0.0065 0.019 0.016 0.009 0.0265 0.0225 0.0065 0.0195 0.0155 0.009 0.0275 0.022 0.006 0.0175 0.0175 0.0085 0.025 0.024 0.0085 0.0245 0.025 0.0075 0.0195 0.0145 0.0105 0.0275 0.021 0.0075 0.02 0.0145 0.007 0.02 0.0145 0.01 0.0275 0.021 0.009 0.0275 0.022 0.0065 0.0195 0.0155 0.009 0.0275 0.0215 0.0065 0.02 0.015 0.0065 0.0195 0.015 0.007 0.02 0.0145 0.009 0.0275 0.0215 0.0065 0.02 0.015 0.01 0.0275 0.021 0.005 0.018 0.0175 0.0065 0.025 0.025 0.0045 0.018 0.0175 0.006 0.026 0.0245 0.0045 0.0185 0.017 0.004 0.019 0.0165 0.0055 0.0265 0.0235 0.0035 0.0195 0.016 0.005 0.0275 0.023 0.005 0.0175 0.018 0.0075 0.0245 0.0255 0.0015 0.0175 0.0185 0.0025 0.025 0.0255 0.002 0.0245 0.0265 0.0015 0.018 0.018 0.003 0.026 0.025 0.002 0.0185 0.0175 0.003 0.026 0.0245 0.002 0.0195 0.0165 0.003 0.0265 0.024 0.002 0.019 0.017 0.0025 0.0195 0.0165 0.003 0.0275 0.0235 0.005 0.0275 0.023 0.0035 0.0195 0.016 0.0035 0.02 0.016 0.0045 0.0275 0.023 0.0025 0.0195 0.0165 0.003 0.0275 0.023 0.0025 0.02 0.016 0.0035 0.0275 0.023 0.003 0.0275 0.0235 0.0045 0.0275 0.023 0.0025 0.02 0.016 0.0035 0.02 0.016 0.0035 0.0275 0.023 -0.0005 0.019 0.017 0 0.026 0.025 -0.0005 0.0265 0.0245 0 0.018 0.018 0 0.0185 0.0175 0.0005 0.0175 0.0185 0.0005 0.025 0.026 0.0005 0.018 0.0185 0.001 0.0245 0.0265 -0.0005 0.0195 0.0165 -0.001 0.0275 0.0235 -0.003 0.018 0.018 -0.0035 0.026 0.025 -0.004 0.025 0.0255 -0.002 0.019 0.017 -0.0025 0.0185 0.0175 -0.003 0.0265 0.024 -0.002 0.0195 0.0165 -0.0025 0.0275 0.0235 -0.0035 0.0175 0.0185 -0.0045 0.0245 0.026 -0.001 0.0275 0.0235 -0.001 0.02 0.0165 -0.0005 0.02 0.0165 -0.0005 0.0195 0.0165 -0.0015 0.02 0.0165 -0.0025 0.0275 0.023 -0.002 0.0195 0.0165 -0.0025 0.0275 0.0235 -0.0025 0.0275 0.023 -0.001 0.02 0.0165 -0.001 0.0275 0.0235 -0.0015 0.02 0.0165 -0.004 0.0175 0.018 -0.006 0.025 0.025 -0.004 0.018 0.018 -0.0045 0.0195 0.016 -0.0065 0.0265 0.0235 -0.0065 0.0275 0.0225 -0.0045 0.019 0.0165 -0.0065 0.026 0.024 -0.0045 0.0185 0.017 -0.0045 0.018 0.0175 -0.006 0.0245 0.026 -0.0095 0.026 0.023 -0.0065 0.019 0.016 -0.009 0.0265 0.0225 -0.006 0.0195 0.0155 -0.0085 0.0275 0.022 -0.01 0.025 0.0235 -0.0075 0.0175 0.017 -0.007 0.018 0.0165 -0.0065 0.0185 0.0165 -0.011 0.0245 0.024 -0.0045 0.0195 0.016 -0.0065 0.0275 0.0225 -0.007 0.0275 0.0225 -0.005 0.02 0.0155 -0.0045 0.0195 0.0155 -0.008 0.0275 0.022 -0.0055 0.02 0.0155 -0.006 0.0195 0.0155 -0.0085 0.0275 0.022 -0.008 0.0275 0.022 -0.005 0.02 0.0155 -0.007 0.0275 0.0225 -0.0055 0.02 0.0155 -0.012 0.026 0.022 -0.0085 0.018 0.016 -0.012 0.025 0.0225 -0.0085 0.0175 0.0165 -0.012 0.0245 0.0235 -0.0085 0.019 0.015 -0.0085 0.0185 0.0155 -0.012 0.0265 0.021 -0.0085 0.0195 0.014 -0.012 0.0275 0.02 -0.011 0.018 0.0145 -0.015 0.026 0.02 -0.016 0.025 0.0205 -0.01 0.019 0.014 -0.0105 0.0185 0.014 -0.0095 0.0195 0.0135 -0.0145 0.0265 0.0195 -0.01 0.0195 0.0135 -0.0135 0.0275 0.019 -0.0115 0.0175 0.0145 -0.0165 0.0245 0.0205 -0.012 0.0275 0.02 -0.0085 0.02 0.014 -0.0085 0.0195 0.014 -0.0095 0.02 0.0135 -0.0135 0.0275 0.019 -0.0095 0.0195 0.0135 -0.013 0.0275 0.019 -0.0095 0.02 0.0135 -0.012 0.0275 0.02 -0.013 0.0275 0.019 -0.0085 0.02 0.014 -0.0175 0.026 0.018 -0.012 0.019 0.012 -0.012 0.0185 0.0125 -0.017 0.0265 0.0175 -0.0115 0.0195 0.0115 -0.0175 0.025 0.019 -0.0125 0.0175 0.014 -0.0175 0.0245 0.02 -0.0125 0.018 0.0135 -0.0165 0.0275 0.0165 -0.0205 0.025 0.016 -0.015 0.0175 0.011 -0.0145 0.018 0.011 -0.0195 0.026 0.0155 -0.0135 0.0185 0.011 -0.013 0.019 0.011 -0.0185 0.0265 0.0155 -0.021 0.0245 0.0155 -0.0125 0.0195 0.0105 -0.018 0.0275 0.015 -0.013 0.0195 0.011 -0.0115 0.0195 0.0115 -0.0165 0.0275 0.0165 -0.012 0.02 0.0115 -0.017 0.0275 0.016 -0.0115 0.02 0.0115 -0.018 0.0275 0.015 -0.0125 0.02 0.0105 -0.0175 0.0275 0.015 -0.0125 0.0195 0.0105 -0.0175 0.0275 0.0155 -0.0125 0.02 0.011 -0.0125 0.02 0.011 -0.017 0.0275 0.016 -0.0175 0.0275 0.0155 -0.012 0.02 0.0115 -0.021 0.026 0.0135 -0.0145 0.019 0.009 -0.015 0.0185 0.0095 -0.0215 0.026 0.0135 -0.0215 0.025 0.014 -0.0155 0.0175 0.0105 -0.022 0.0245 0.015 -0.0155 0.018 0.01 -0.015 0.018 0.01 -0.021 0.0265 0.0125 -0.014 0.0195 0.0085 -0.0205 0.0275 0.012 -0.0165 0.0185 0.007 -0.0235 0.025 0.01 -0.0165 0.018 0.007 -0.023 0.026 0.0105 -0.017 0.0175 0.007 -0.0245 0.0245 0.01 -0.016 0.0185 0.0075 -0.0155 0.019 0.0075 -0.022 0.0265 0.0105 -0.015 0.0195 0.007 -0.021 0.0275 0.0105 -0.015 0.0195 0.0075 -0.02 0.0275 0.012 -0.014 0.0195 0.0085 -0.014 0.02 0.008 -0.02 0.0275 0.0115 -0.0205 0.0275 0.0115 -0.0205 0.0275 0.012 -0.0145 0.02 0.0075 -0.021 0.0275 0.0105 -0.015 0.0195 0.007 -0.0145 0.02 0.0075 -0.0205 0.0275 0.0115 -0.021 0.0275 0.0105 -0.014 0.02 0.008 -0.0235 0.0265 0.007 -0.016 0.0195 0.0045 -0.0165 0.019 0.005 -0.024 0.026 0.0075 -0.017 0.0185 0.0055 -0.017 0.018 0.006 -0.0245 0.025 0.008 -0.0175 0.0175 0.0065 -0.025 0.0245 0.009 -0.0175 0.018 0.006 -0.0225 0.0275 0.0065 -0.0255 0.025 0.004 -0.0185 0.0175 0.0025 -0.018 0.018 0.003 -0.0245 0.026 0.0045 -0.0175 0.0185 0.003 -0.017 0.019 0.003 -0.024 0.0265 0.0045 -0.016 0.0195 0.0035 -0.023 0.0275 0.0045 -0.0165 0.0195 0.003 -0.026 0.0245 0.0035 -0.016 0.0195 0.0045 -0.0225 0.0275 0.0065 -0.016 0.02 0.0045 -0.0225 0.0275 0.006 -0.023 0.0275 0.0045 -0.016 0.0195 0.0035 -0.023 0.0275 0.005 -0.016 0.02 0.0035 -0.023 0.0275 0.005 -0.016 0.02 0.0045 -0.0225 0.0275 0.006 -0.016 0.02 0.0035 -0.025 0.026 0.0015 -0.017 0.019 0.0005 -0.0175 0.0185 0.001 -0.018 0.018 0.0015 -0.0255 0.025 0.002 -0.0185 0.0175 0.0015 -0.0265 0.0245 0.0025 -0.0245 0.0265 0.001 -0.0165 0.0195 0.0005 -0.0235 0.0275 0.0005 -0.0255 0.025 -0.0025 -0.0185 0.0175 -0.002 -0.018 0.018 -0.0015 -0.025 0.026 -0.002 -0.017 0.019 -0.001 -0.0245 0.0265 -0.0015 -0.026 0.0245 -0.003 -0.0175 0.0185 -0.0015 -0.0165 0.0195 -0.001 -0.017 0.0195 -0.001 -0.0235 0.0275 -0.001 -0.0165 0.02 0.0005 -0.0235 0.0275 0.0005 -0.0165 0.0195 0.0005 -0.0165 0.02 0 -0.0235 0.0275 -0.001 -0.0165 0.02 -0.0005 -0.0165 0.0195 -0.001 -0.0165 0.02 0 -0.0235 0.0275 -0.001 -0.0165 0.02 -0.0005 -0.0235 0.0275 0.0005 0.0175 0.028 0.0115 0.0115 0.041 0.0175 0.0115 0.028 0.0175 0.0035 0.041 0.0205 0.0035 0.028 0.0205 -0.0055 0.041 0.0205 -0.0055 0.028 0.0205 0.0175 0.041 0.0115 0.0205 0.028 0.0035 0.0205 0.041 0.0035 0.0205 0.028 -0.0055 0.0205 0.041 -0.0055 0.0165 0.028 -0.013 0.0165 0.041 -0.013 0.0095 0.028 -0.0185 0.0095 0.041 -0.0185 0.001 0.028 -0.021 0.0055 0.041 -0.0205 -0.013 0.041 0.0165 -0.0185 0.041 0.0095 -0.013 0.028 0.0165 -0.0185 0.028 0.0095 -0.021 0.041 0.001 -0.021 0.028 0.001 -0.0195 0.041 -0.0075 -0.015 0.041 -0.015 -0.0195 0.028 -0.0075 -0.0075 0.041 -0.0195 -0.015 0.028 -0.015 0.001 0.041 -0.021 -0.0075 0.028 -0.0195 -0.016 0.02 -0.0005 -0.0165 0.041 0 -0.0165 0.02 0 -0.016 0.02 -0.001 -0.014 0.041 -0.008 -0.0145 0.02 -0.0075 -0.014 0.02 -0.008 -0.0145 0.02 -0.007 -0.0125 0.041 0.001 -0.016 0.02 0 -0.0165 0.041 0 -0.0165 0.02 0 -0.0125 0.02 0.001 -0.0105 0.041 -0.007 -0.014 0.02 -0.008 -0.0105 0.02 -0.007 -0.014 0.041 -0.008</float_array><technique_common><accessor source="#pa" count="4137" stride="3"><param name="X" type="float"/><param name="Y" type="float"/><param name="Z" type="float"/></accessor></technique_common></source>
        <source id="n"><float_array id="na" count="12411">-0.37 0 0.93 -0.37 0 0.93 -0.37 0 0.93 -0.37 0 0.93 -0.17 0 0.99 -0.46 0 0.89 -0.59 0 0.81 0.71 0 0.71 0.58 0 0.82 0.43 0 0.9 -0.47 0 -0.88 -0.09 0 -1 0.09 0 -1 0.43 0 -0.9 0.58 0 -0.82 0.79 0 -0.61 0.87 0 -0.5 -0.83 0 0.55 -0.87 0 0.5 0.05 0 1 0.92 0 -0.39 0.92 0 -0.39 -0.89 0 -0.46 -0.71 0 -0.71 -0.94 0 -0.35 -0.97 0 -0.26 0.71 0 0.71 -0.56 0 -0.83 -0.71 0 -0.71 -1 0 0 -0.96 0 0.29 -0.95 0 0.32 0.2 0 -0.98 0.2 0 -0.98 0.2 0 -0.98 0.2 0 -0.98 -0.94 0 -0.35 -0.94 0 -0.35 -0.94 0 -0.35 -0.94 0 -0.35 0 1 0 0 1 0 0 1 0 0 1 0 0 1 0 0 1 0 0 -1 0 0 -1 0 0 -1 0 0 -1 0 0 -1 0 0 -1 0 0 -1 0 0 -1 0 0 -1 0 0 -1 0 0 -1 0 0 -1 0 0 -1 0 0 -1 0 0 1 0 0 1 0 0 1 0 0 1 0 0 1 0 0 1 0 0 1 0 0 1 0 0 1 0 0 1 0 0 1 0 0 1 0 0.95 0 0.32 0.95 0 0.32 0.95 0 0.32 0.95 0 0.32 -0.29 0.01 -0.96 0 0 -1 0 0 -1 0.96 0 -0.29 0.82 -0.02 -0.57 0.78 0.03 -0.63 -0.56 -0.02 -0.83 -0.64 0.03 -0.77 -0.96 0.01 0.27 -0.82 0 0.57 -0.72 0 0.69 -0.45 0 0.89 -0.27 0 0.96 0.1 0 1 0.29 0 0.96 0.57 0 0.82 0.69 0 0.72 0.89 0 0.45 0.96 0 0.27 -0.93 -0.03 -0.36 -0.62 0.15 -0.77 -1 0 0 -0.93 0.07 -0.36 -1 0 0 -1 0 0 0.36 -0.04 -0.93 0.69 0.23 -0.69 0 0 -1 0.37 0.04 -0.93 0 0 -1 0 0 -1 -0.19 -0.02 -0.98 0.24 -0.34 -0.91 0.16 0.11 -0.98 0.2 0.35 -0.91 0 0 -1 0.16 -0.09 -0.98 0.6 -0.08 -0.79 0.38 -0.38 -0.84 0.8 -0.27 -0.53 0.49 0.25 -0.84 0.51 0.26 -0.82 0.65 0 -0.76 0.6 0.09 -0.79 -0.98 -0.02 0.22 -1 0 0 -0.91 -0.38 -0.16 -0.98 0.07 -0.16 -0.91 0.32 -0.27 -1 0 0 -1 0 0 -0.98 -0.15 -0.15 -0.79 -0.13 -0.6 -0.8 -0.27 -0.53 -0.67 -0.33 -0.67 -0.88 0.34 -0.34 -0.85 0.24 -0.47 -0.82 -0.26 -0.51 -0.76 0 -0.65 -0.79 0.06 -0.61 1 0 -0.1 0.63 0.01 0.78 0.36 -0.01 0.93 0.61 -0.02 0.79 -0.77 0.01 0.63 -0.95 0 0.3 -0.8 -0.02 0.6 -1 0 0.09 -0.96 0 -0.26 0.89 0.04 0.45 0.95 0.01 0.3 0.71 0 0.71 -0.73 0 -0.68 -0.91 0 -0.41 -0.61 0 -0.79 -0.3 0 -0.95 -0.09 0 -1 0.26 0 -0.96 0.41 0 -0.91 0.68 0 -0.73 0.79 0 -0.61 0.94 -0.01 -0.34 0.99 0.01 -0.13 0.13 0.01 0.99 1 0 0 0.95 -0.04 0.31 0.97 -0.13 0.22 1 0 0 -0.3 0.01 0.95 -0.45 0.04 0.89 0 0 1 -0.32 -0.25 0.91 -0.69 0.23 0.69 0 0 1 0 0 1 0 0 1 -0.53 0.15 0.84 0 0 1 -0.21 0.03 0.98 0 0 1 0 0 1 -0.17 -0.17 0.97 -0.6 -0.13 0.79 -0.64 0.06 0.77 0 0 1 -0.62 0.02 0.78 -0.69 -0.02 0.72 -0.47 -0.23 0.85 -0.71 0 0.71 -0.71 0 0.71 1 0 0 1 0 0 0.78 0.19 0.59 1 0 0 0.98 0.03 0.22 1 0 0 0.81 -0.47 0.34 0.71 0 0.71 0.76 0.05 0.65 0.88 -0.18 0.45 0.78 0.02 0.63 0.73 -0.02 0.68 0.89 -0.21 0.41 0 1 0 0 1 0 0 1 0 0 1 0 0 1 0 0 1 0 0 1 0 0 1 0 0 1 0 0 1 0 0 1 0 0 1 0 0 1 0 0 1 0 0 1 0 0 1 0 0 1 0 0 1 0 0 1 0 0 1 0 0 1 0 0 1 0 0 1 0 0 1 0 1 0 0 1 0 0 1 0 0 1 0 0 0 0 1 0 0 1 0 0 1 0 0 1 0.45 0 -0.89 0 0 -1 0.89 0 -0.45 1 0 0 1 0 0 0.89 0 0.45 0.45 0 0.89 0 0 1 0 0 1 0 0 -1 0.89 0.03 0.45 0.71 0.03 0.71 1 0 0 0.45 0.03 0.89 0 0 1 0 0 -1 0 0 -1 0.45 0 -0.89 0.89 0 -0.45 0.89 0 0.45 0.45 0 0.89 0.45 0 0.89 0.89 0 0.45 0.89 0 0.45 0.45 0 0.89 0 0 1 0 0 1 1 0 0 1 0 0 1 0 0 1 0 0 1 0 0 1 0 0 1 0 0 1 0 0 0 0 1 0 0 1 0 0 1 0 0 1 1 0 0 1 0 0 1 0 0 0.89 0 0.45 0.45 0 0.89 0 0 1 0 0 1 1 0 0 1 0 0 1 0 0 1 0 0 1 0 0 0 0 1 0 0 1 0 0 1 0 0 1 0.95 0 -0.32 0.71 0 -0.71 0.95 0 0.32 0.55 0 0.83 0.32 0 0.95 0 0 1 0 0 1 0.71 0 -0.71 0.71 0 0.71 0.71 0 0.71 0.71 0 0.71 0.71 0 0.71 1 0 0 1 0 0 1 0 0 0.89 0 0.45 0.45 0 0.89 0 0 1 0 0 1 0 0 1 0 0 1 1 0 0 0.89 0.03 0.45 0.71 0.03 0.71 1 0 0 0.45 0.03 0.89 0 0 1 1 0 0 1 0 0 0.95 0 0.32 0.83 0 0.55 0.45 0 0.89 -0.71 0 0.71 -0.89 0 0.45 -0.45 0 0.89 0 0 1 0 0 1 1 0 0 1 0 0 1 0 0 1 0 0 0 0 1 0 0 1 0 0 1 0 0 1 -1 0 0 -1 0 0 1 0 0 1 0 0 1 0 0 1 0 0 1 0 0 0.89 0 0.45 0.45 0 0.89 0 0 1 0 0 1 0 0 1 0 0 1 1 0 0 0.71 0 0.71 0.71 0 0.71 0.71 0 0.71 0.71 0 0.71 -1 0 0 -1 0 0 -1 0 0 -1 0 0 0.95 0 -0.32 0.71 0 -0.71 0.95 0 0.32 0.55 0 0.83 0.32 0 0.95 0 0 1 0 0 1 0 0 1 0 0 1 0.71 0 -0.71 0 0 1 0 0 1 0 0 1 0 0 1 0 0 1 0 0 1 0 0 1 0 0 1 1 0 0 1 0 0 0.95 0 0.32 0.83 0 0.55 0.45 0 0.89 -0.71 0 0.71 -0.89 0 0.45 -0.45 0 0.89 0 0 1 0 0 1 0.71 0 0.71 0.71 0 0.71 0.71 0 0.71 0.71 0 0.71 0 0 1 0 0 1 0 0 1 0 0 1 1 0 0 1 0 0 0.89 0 0.45 0.45 0 0.89 0 0 1 0 0 1 -0.45 0 0.89 -0.89 0 0.45 -1 0 0 -1 0 0 1 0 0 1 0 0 1 0 0 1 0 0 0 0 1 0 0 1 0 0 1 0 0 1 0.89 0 0.45 1 0 0 0.45 0 0.89 0 0 1 0 0 1 -0.32 0 0.95 -0.55 0 0.83 -0.71 0 0.71 -0.71 0 0.71 1 0 0 0 0 1 0 0 1 0 0 1 0 0 1 1 0 0 1 0 0 0.89 0 0.45 0.45 0 0.89 -0.32 0 0.95 -0.55 0 0.83 -0.71 0 0.71 -0.71 0 0.71 1 0 0 1 0 0 0.89 0 0.45 0.45 0 0.89 0 0 1 0 0 1 0 0 1 0 0 1 0 0 1 0 0 1 -1 0 0 -1 0 0 -1 0 0 -1 0 0 1 0 0 1 0 0 0.89 0 0.45 0.45 0 0.89 -0.32 0 0.95 -0.55 0 0.83 -0.71 0 0.71 -0.71 0 0.71 0.71 0 0.71 0.71 0 0.71 0.71 0 0.71 0.71 0 0.71 0 0 1 0 0 1 0 0 1 0 0 1 -1 0 0 -1 0 0 -1 0 0 -1 0 0 0.89 0 0.45 1 0 0 0.45 0 0.89 0 0 1 0 0 1 -0.45 0 0.89 -0.89 0 0.45 -1 0 0 -1 0 0 1 0 0 0 0 1 0 0 1 0 0 1 0 0 1 0 0 1 0 0 1 0 0 1 0 0 1 1 0 0 1 0 0 0.89 0 0.45 0.45 0 0.89 -0.32 0 0.95 -0.55 0 0.83 -0.83 0 0.55 -0.95 0 0.32 -1 0 0 -1 0 0 0 0 1 0 0 1 0 0 1 0 0 1 -1 0 0 -1 0 0 -1 0 0 -1 0 0 0.89 0 0.45 1 0 0 0.45 0 0.89 0 0 1 0 0 1 -0.45 0 0.89 -0.89 0 0.45 -1 0 0 -1 0 0 1 0 0 -0.71 0 0.71 -0.71 0 0.71 -0.71 0 0.71 -0.71 0 0.71 1 0 0 1 0 0 0.89 0 0.45 0.45 0 0.89 -0.45 0 0.89 -0.89 0 0.45 -0.89 0 0.45 -0.45 0 0.89 -0.45 0 0.89 -0.89 0 0.45 -1 0 0 -1 0 0 0 0 1 0 0 1 0 0 1 0 0 1 0 0 1 0 0 1 0 0 1 0 0 1 -1 0 0 -1 0 0 -1 0 0 -1 0 0 0 0 1 0 0 1 0 0 1 -0.45 0 0.89 -0.89 0 0.45 -1 0 0 -1 0 0 0 0 1 0 0 1 0 0 1 0 0 1 0 0 1 -1 0 0 -1 0 0 -1 0 0 -1 0 0 0.32 0 0.95 0.71 0 0.71 -0.32 0 0.95 -0.83 0 0.55 -0.95 0 0.32 -1 0 0 -1 0 0 0.71 0 0.71 -0.71 0 0.71 -0.71 0 0.71 -0.71 0 0.71 -0.71 0 0.71 0 0 1 0 0 1 0 0 1 -0.45 0 0.89 -0.89 0 0.45 -1 0 0 -1 0 0 -1 0 0 -1 0 0 0 0 1 -0.71 0 0.71 -0.71 0 0.71 -0.71 0 0.71 -0.71 0 0.71 0 0 1 0 0 1 -0.32 0 0.95 -0.55 0 0.83 -0.89 0 0.45 -0.71 0 -0.71 -0.45 0 -0.89 -0.89 0 -0.45 -1 0 0 -1 0 0 0 0 1 0 0 1 0 0 1 0 0 1 -1 0 0 -1 0 0 -1 0 0 -1 0 0 0 0 -1 0 0 -1 0 0 1 0 0 1 0 0 1 0 0 1 0 0 1 -0.45 0 0.89 -0.89 0 0.45 -1 0 0 -1 0 0 -1 0 0 -1 0 0 0 0 1 -0.45 0.03 0.89 -0.71 0.03 0.71 0 0 1 -0.89 0.03 0.45 -1 0 0 0 0 -1 0 0 -1 0 0 -1 0 0 -1 0.32 0 0.95 0.71 0 0.71 -0.32 0 0.95 -0.83 0 0.55 -0.95 0 0.32 -1 0 0 -1 0 0 -1 0 0 -1 0 0 0.71 0 0.71 -1 0 0 -1 0 0 -1 0 0 -1 0 0 -1 0 0 -1 0 0 -1 0 0 -1 0 0 0 0 1 0 0 1 -0.32 0 0.95 -0.55 0 0.83 -0.89 0 0.45 -0.71 0 -0.71 -0.45 0 -0.89 -0.89 0 -0.45 -1 0 0 -1 0 0 -0.71 0 0.71 -0.71 0 0.71 -0.71 0 0.71 -0.71 0 0.71 -1 0 0 -1 0 0 -1 0 0 -1 0 0 0 0 1 0 0 1 -0.45 0 0.89 -0.89 0 0.45 -1 0 0 -1 0 0 -0.89 0 -0.45 -0.45 0 -0.89 0 0 -1 0 0 -1 0 0 1 0 0 1 0 0 1 0 0 1 -1 0 0 -1 0 0 -1 0 0 -1 0 0 -0.45 0 0.89 0 0 1 -0.89 0 0.45 -1 0 0 -1 0 0 -0.95 0 -0.32 -0.83 0 -0.55 -0.71 0 -0.71 -0.71 0 -0.71 0 0 1 -1 0 0 -1 0 0 -1 0 0 -1 0 0 0 0 1 0 0 1 -0.45 0 0.89 -0.89 0 0.45 -0.95 0 -0.32 -0.83 0 -0.55 -0.71 0 -0.71 -0.71 0 -0.71 0 0 1 0 0 1 -0.45 0 0.89 -0.89 0 0.45 -1 0 0 -1 0 0 -1 0 0 -1 0 0 -1 0 0 -1 0 0 0 0 -1 0 0 -1 0 0 -1 0 0 -1 0 0 1 0 0 1 -0.45 0 0.89 -0.89 0 0.45 -0.95 0 -0.32 -0.83 0 -0.55 -0.71 0 -0.71 -0.71 0 -0.71 -0.71 0 0.71 -0.71 0 0.71 -0.71 0 0.71 -0.71 0 0.71 -1 0 0 -1 0 0 -1 0 0 -1 0 0 0 0 -1 0 0 -1 0 0 -1 0 0 -1 -0.45 0 0.89 0 0 1 -0.89 0 0.45 -1 0 0 -1 0 0 -0.89 0 -0.45 -0.45 0 -0.89 0 0 -1 0 0 -1 0 0 1 -1 0 0 -1 0 0 -1 0 0 -1 0 0 -1 0 0 -1 0 0 -1 0 0 -1 0 0 -0.45 0 0.89 0 0 1 -0.89 0 0.45 0 0 1 -0.95 0 -0.32 -0.83 0 -0.55 -0.55 0 -0.83 -0.32 0 -0.95 0 0 -1 0 0 -1 -1 0 0 -1 0 0 -1 0 0 -1 0 0 -1 0 0 0 0 -1 0 0 -1 0 0 -1 0 0 -1 -0.45 0 0.89 0 0 1 -0.89 0 0.45 -1 0 0 -1 0 0 -0.89 0 -0.45 -0.45 0 -0.89 0 0 -1 0 0 -1 0 0 1 -0.71 0 -0.71 -0.71 0 -0.71 -0.71 0 -0.71 -0.71 0 -0.71 0 0 1 0 0 1 -0.45 0 0.89 -0.89 0 0.45 -0.89 0 -0.45 -0.45 0 -0.89 -0.45 0 -0.89 -0.89 0 -0.45 -0.89 0 -0.45 -0.45 0 -0.89 0 0 -1 0 0 -1 -1 0 0 -1 0 0 -1 0 0 -1 0 0 -1 0 0 -1 0 0 -1 0 0 -1 0 0 0 0 -1 0 0 -1 0 0 -1 0 0 -1 -1 0 0 -1 0 0 -1 0 0 -0.89 0 -0.45 -0.45 0 -0.89 0 0 -1 0 0 -1 -1 0 0 -1 0 0 -1 0 0 -1 0 0 -1 0 0 0 0 -1 0 0 -1 0 0 -1 0 0 -1 -0.95 0 0.32 -0.71 0 0.71 -0.95 0 -0.32 -0.55 0 -0.83 -0.32 0 -0.95 0 0 -1 0 0 -1 -0.71 0 0.71 -0.71 0 -0.71 -0.71 0 -0.71 -0.71 0 -0.71 -0.71 0 -0.71 -1 0 0 -1 0 0 -1 0 0 -0.89 0 -0.45 -0.45 0 -0.89 0 0 -1 0 0 -1 0 0 -1 0 0 -1 -1 0 0 -0.71 0 -0.71 -0.71 0 -0.71 -0.71 0 -0.71 -0.71 0 -0.71 -1 0 0 -1 0 0 -0.95 0 -0.32 -0.83 0 -0.55 -0.45 0 -0.89 0.71 0 -0.71 0.89 0 -0.45 0.45 0 -0.89 0 0 -1 0 0 -1 -1 0 0 -1 0 0 -1 0 0 -1 0 0 0 0 -1 0 0 -1 0 0 -1 0 0 -1 1 0 0 1 0 0 -1 0 0 -1 0 0 -1 0 0 -1 0 0 -1 0 0 -0.89 0 -0.45 -0.45 0 -0.89 0 0 -1 0 0 -1 0 0 -1 0 0 -1 -1 0 0 -0.45 -0.03 -0.89 -0.71 -0.03 -0.71 0 0 -1 -0.89 -0.03 -0.45 -1 0 0 1 0 0 1 0 0 1 0 0 1 0 0 -0.95 0 0.32 -0.71 0 0.71 -0.95 0 -0.32 -0.55 0 -0.83 -0.32 0 -0.95 0 0 -1 0 0 -1 0 0 -1 0 0 -1 -0.71 0 0.71 0 0 -1 0 0 -1 0 0 -1 0 0 -1 0 0 -1 0 0 -1 0 0 -1 0 0 -1 -1 0 0 -1 0 0 -0.95 0 -0.32 -0.83 0 -0.55 -0.45 0 -0.89 0.71 0 -0.71 0.89 0 -0.45 0.45 0 -0.89 0 0 -1 0 0 -1 -0.71 0 -0.71 -0.71 0 -0.71 -0.71 0 -0.71 -0.71 0 -0.71 0 0 -1 0 0 -1 0 0 -1 0 0 -1 -1 0 0 -1 0 0 -0.89 0 -0.45 -0.45 0 -0.89 0 0 -1 0 0 -1 0.45 0 -0.89 0.89 0 -0.45 1 0 0 1 0 0 -1 0 0 -1 0 0 -1 0 0 -1 0 0 0 0 -1 0 0 -1 0 0 -1 0 0 -1 -0.89 0 -0.45 -1 0 0 -0.45 0 -0.89 0 0 -1 0 0 -1 0.32 0 -0.95 0.55 0 -0.83 0.71 0 -0.71 0.71 0 -0.71 -1 0 0 0 0 -1 0 0 -1 0 0 -1 0 0 -1 -1 0 0 -1 0 0 -0.89 0 -0.45 -0.45 0 -0.89 0.32 0 -0.95 0.55 0 -0.83 0.71 0 -0.71 0.71 0 -0.71 -1 0 0 -1 0 0 -0.89 0 -0.45 -0.45 0 -0.89 0 0 -1 0 0 -1 0 0 -1 0 0 -1 0 0 -1 0 0 -1 1 0 0 1 0 0 1 0 0 1 0 0 -1 0 0 -1 0 0 -0.89 0 -0.45 -0.45 0 -0.89 0.32 0 -0.95 0.55 0 -0.83 0.71 0 -0.71 0.71 0 -0.71 -0.71 0 -0.71 -0.71 0 -0.71 -0.71 0 -0.71 -0.71 0 -0.71 0 0 -1 0 0 -1 0 0 -1 0 0 -1 1 0 0 1 0 0 1 0 0 1 0 0 -0.89 0 -0.45 -1 0 0 -0.45 0 -0.89 0 0 -1 0 0 -1 0.45 0 -0.89 0.89 0 -0.45 1 0 0 1 0 0 -1 0 0 0 0 -1 0 0 -1 0 0 -1 0 0 -1 0 0 -1 0 0 -1 0 0 -1 0 0 -1 -1 0 0 -1 0 0 -0.89 0 -0.45 -0.45 0 -0.89 0.32 0 -0.95 0.55 0 -0.83 0.83 0 -0.55 0.95 0 -0.32 1 0 0 1 0 0 0 0 -1 0 0 -1 0 0 -1 0 0 -1 0 0 -1 1 0 0 1 0 0 1 0 0 1 0 0 -0.89 0 -0.45 -1 0 0 -0.45 0 -0.89 0 0 -1 0 0 -1 0.45 0 -0.89 0.89 0 -0.45 1 0 0 1 0 0 -1 0 0 0.89 -0.03 -0.45 0.71 -0.03 -0.71 1 0 0 0.45 -0.03 -0.89 0 0 -1 -1 0 0 -1 0 0 -0.89 0 -0.45 -0.45 0 -0.89 0.45 0 -0.89 0.89 0 -0.45 0.89 0 -0.45 0.45 0 -0.89 0.45 0 -0.89 0.89 0 -0.45 1 0 0 1 0 0 0 0 -1 0 0 -1 0 0 -1 0 0 -1 0 0 -1 0 0 -1 0 0 -1 0 0 -1 1 0 0 1 0 0 1 0 0 1 0 0 0 0 -1 0 0 -1 0 0 -1 0.45 0 -0.89 0.89 0 -0.45 1 0 0 1 0 0 0 0 -1 0 0 -1 0 0 -1 0 0 -1 0 0 -1 1 0 0 1 0 0 1 0 0 1 0 0 -0.32 0 -0.95 -0.71 0 -0.71 0.32 0 -0.95 0.83 0 -0.55 0.95 0 -0.32 1 0 0 1 0 0 -0.71 0 -0.71 0.71 0 -0.71 0.71 0 -0.71 0.71 0 -0.71 0.71 0 -0.71 0 0 -1 0 0 -1 0 0 -1 0.45 0 -0.89 0.89 0 -0.45 1 0 0 1 0 0 1 0 0 1 0 0 0 0 -1 0.89 -0.03 -0.45 0.71 -0.03 -0.71 1 0 0 0.45 -0.03 -0.89 0 0 -1 0 0 -1 0 0 -1 0.32 0 -0.95 0.55 0 -0.83 0.89 0 -0.45 0.71 0 0.71 0.45 0 0.89 0.89 0 0.45 1 0 0 1 0 0 0 0 -1 0 0 -1 0 0 -1 0 0 -1 1 0 0 1 0 0 1 0 0 1 0 0 0 0 1 0 0 1 0 0 -1 0 0 -1 0 0 -1 0 0 -1 0 0 -1 0.45 0 -0.89 0.89 0 -0.45 1 0 0 1 0 0 1 0 0 1 0 0 0 0 -1 0.71 0 -0.71 0.71 0 -0.71 0.71 0 -0.71 0.71 0 -0.71 0 0 1 0 0 1 0 0 1 0 0 1 -0.32 0 -0.95 -0.71 0 -0.71 0.32 0 -0.95 0.83 0 -0.55 0.95 0 -0.32 1 0 0 1 0 0 1 0 0 1 0 0 -0.71 0 -0.71 1 0 0 1 0 0 1 0 0 1 0 0 1 0 0 1 0 0 1 0 0 1 0 0 0 0 -1 0 0 -1 0.32 0 -0.95 0.55 0 -0.83 0.89 0 -0.45 0.71 0 0.71 0.45 0 0.89 0.89 0 0.45 1 0 0 1 0 0 0.71 0 -0.71 0.71 0 -0.71 0.71 0 -0.71 0.71 0 -0.71 1 0 0 1 0 0 1 0 0 1 0 0 0 0 -1 0 0 -1 0.45 0 -0.89 0.89 0 -0.45 1 0 0 1 0 0 0.89 0 0.45 0.45 0 0.89 0 0 1 0 0 1 0 0 -1 0 0 -1 0 0 -1 0 0 -1 1 0 0 1 0 0 1 0 0 1 0 0 0.45 0 -0.89 0 0 -1 0.89 0 -0.45 1 0 0 1 0 0 0.95 0 0.32 0.83 0 0.55 0.71 0 0.71 0.71 0 0.71 0 0 -1 1 0 0 1 0 0 1 0 0 1 0 0 0 0 -1 0 0 -1 0.45 0 -0.89 0.89 0 -0.45 0.95 0 0.32 0.83 0 0.55 0.71 0 0.71 0.71 0 0.71 0 0 -1 0 0 -1 0.45 0 -0.89 0.89 0 -0.45 1 0 0 1 0 0 1 0 0 1 0 0 1 0 0 1 0 0 0 0 1 0 0 1 0 0 1 0 0 1 0 0 -1 0 0 -1 0.45 0 -0.89 0.89 0 -0.45 0.95 0 0.32 0.83 0 0.55 0.71 0 0.71 0.71 0 0.71 0.71 0 -0.71 0.71 0 -0.71 0.71 0 -0.71 0.71 0 -0.71 1 0 0 1 0 0 1 0 0 1 0 0 0 0 1 0 0 1 0 0 1 0 0 1 0.45 0 -0.89 0 0 -1 0.89 0 -0.45 1 0 0 1 0 0 0.89 0 0.45 0.45 0 0.89 0 0 1 0 0 1 0 0 -1 1 0 0 1 0 0 1 0 0 1 0 0 1 0 0 1 0 0 1 0 0 1 0 0 0 0 -1 0 0 -1 0.45 0 -0.89 0.89 0 -0.45 0.95 0 0.32 0.83 0 0.55 0.55 0 0.83 0.32 0 0.95 0 0 1 0 0 1 0 1 0 0 1 0 0 1 0 0 1 0 0 1 0 0 1 0 0 1 0 0 0 1 0 1 0 0 1 0 0 1 0 0 1 0 0 1 0 0 1 0 0 0 1 0 1 0 0 1 0 0 1 0 0 1 0 0 1 0 0 1 0 0 1 0 0 1 0 0 1 0 0 1 0 0 1 0 0 1 0 0 1 0 0 1 0 0 1 0 0 -1 0 0 1 0 0 1 0 0 1 0 0 1 0 0 1 0 0 1 0 0 1 0 0 1 0 0 1 0 0 1 0 0 1 0 0 -1 0 0 1 0 0 1 0 0 1 0 0 1 0 0 1 0 0 1 0 0 0 1 0 1 0 0 1 0 0 1 0 0 1 0 0 1 0 0 1 0 0 1 0 0 1 0 0 1 0 0 1 0 0 1 0 0 1 0 0 1 0 0 1 0 0 1 0 0 1 0 0 0 1 0 0 1 0 1 0 0 1 0 0 1 0 0 1 0 0 1 0 0 0 1 0 1 0 0 1 0 0 0 1 0 1 0 0 0 1 0 1 0 0 1 0 0 1 0 0 1 0 0 1 0 0 1 0 0 1 0 0 1 0 0 1 0 0 1 0 0 -1 0 0 1 0 0 1 0 0 1 0 0 1 0 0 0 1 0 1 0 0 1 0 0 1 0 0 1 0 0 1 0 0 1 0 0 1 0 0 1 0 0 1 0 0 0 1 0 1 0 0 1 0 0 -1 0 0 1 0 0 1 0 0 1 0 0 1 0 0 1 0 0 1 0 0 1 0 0 0 1 0 1 0 0 1 0 0 1 0 0 1 0 0 1 0 0 1 0 0 1 0 0 1 0 0 1 0 0 1 0 0 1 0 0 1 0 0 1 0 0 1 0 0 1 0 0 1 0 0 1 0 0 1 0 0 1 0 0 1 0 0 1 0 0 1 0 0 1 0 0 1 0 0 1 0 0 1 0 0 1 0 0 1 0 0 1 0 0 1 0 0 1 0 0 0 1 0 1 0 0 1 0 0 1 0 0 1 0 0 1 0 0 1 0 0 1 0 0 1 0 0 1 0 0 1 0 0 1 0 0 1 0 0 1 0 0 1 0 0 1 0 0 1 0 0 1 0 0 1 0 0 1 0 0 1 0 0 1 0 0 1 0 0 1 0 0 1 0 0 1 0 0 1 0 0 1 0 0 1 0 0 1 0 0 1 0 0 1 0 0 1 0 0 1 0 0 1 0 0 1 0 0 1 0 0 1 0 0 1 0 0 1 0 0 1 0 0 1 0 0 1 0 0 1 0 0 1 0 0 1 0 0 1 0 0 1 0 0 1 0 0 0 1 0 0 1 0 1 0 0 -1 0 0 1 0 0 1 0 0 1 0 0 1 0 0 -1 0 0 1 0 0 -1 0 0 1 0 0 1 0 0 1 0 0 1 0 0 1 0 0 1 0 0 1 0 0 1 0 0 1 0 0 1 0 0 1 0 0 1 0 0 1 0 0 1 0 0 1 0 0 1 0 0 1 0 0 1 0 0 1 0 0 0 1 0 1 0 0 1 0 0 1 0 0 1 0 0 1 0 0 1 0 0 1 0 0 1 0 0 1 0 0 1 0 0 1 0 0 0 1 0 1 0 0 1 0 0 1 0 0 1 0 0 1 0 0 1 0 0 1 0 0 1 0 0 1 0 0 -1 0 0 1 0 0 1 0 0 1 0 0 1 0 0 1 0 0 1 0 0 1 0 0 0 1 0 1 0 0 1 0 0 1 0 0 1 0 0 1 0 0 1 0 0 1 0 0 -1 0 0 0 1 0 1 0 0 1 0 0 1 0 0 1 0 0 1 0 0 1 0 0 1 0 0 1 0 0 1 0 0 1 0 0 1 0 0 1 0 0 1 0 0 1 0 0 1 0 0 0 1 0 1 0 0 1 0 0 1 0 0 1 0 0 1 0 0 1 0 0 1 0 0 1 0 0 1 0 0 0 1 0 1 0 0 1 0 0 1 0 0 1 0 0 1 0 0 1 0 0 0 1 0 1 0 0 1 0 0 1 0 0 1 0 0 1 0 0 1 0 0 1 0 0 1 0 0 1 0 0 1 0 0 1 0 0 1 0 0 1 0 0 1 0 0 1 0 0 1 0 0 1 0 0 1 0 0 1 0 0 1 0 0 1 0 0 1 0 0 -1 0 0 1 0 0 1 0 0 1 0 0 1 0 0 1 0 0 1 0 0 1 0 0 1 0 0 1 0 0 1 0 0 1 0 0 1 0 0 1 0 0 1 0 0 1 0 0 1 0 0 1 0 0 1 0 0 1 0 0 1 0 0 1 0 0 1 0 0 1 0 0 1 0 0 1 0 0 1 0 0 1 0 0 1 0 0 1 0 0 1 0 0 1 0 0 -1 0 0 1 0 0 1 0 0 1 0 0 1 0 0 1 0 0 1 0 0 1 0 0 1 0 0 1 0 0 1 0 0 0 1 0 1 0 0 1 0 0 1 0 0 1 0 0 1 0 0 1 0 0 -1 0 0 -1 0 0 -1 0 0 -1 0 0 -1 0 0 -1 0 0 -1 0 0 -1 0 0 -1 0 0 -1 0 0 -1 0 0 -1 0 0 -1 0 0 -1 0 0 -1 0 0 -1 0 0 -1 0 0 -1 0 0 -1 0 0 -1 0 0 -1 0 0 -1 0 0 -1 0 0 -1 0 0 -1 0 0 -1 0 0 -1 0 0 -1 0 0 -1 0 -0.91 0 -0.41 -0.79 0 -0.61 -0.74 0 -0.67 -0.94 0 -0.33 -1 0 -0.06 -1 0 0.05 -0.61 0 -0.79 -0.5 0 -0.87 -0.25 0 -0.97 -0.12 0 -0.99 0.14 0 -0.99 0.29 0 -0.96 0.56 0 -0.83 0.69 0 -0.73 0.86 0 -0.51 0.91 0 -0.41 0.99 0 -0.16 1 0 -0.02 -0.98 0 0.22 -0.83 0 0.56 -0.95 0 0.32 -0.49 0 0.87 -0.73 0 0.69 -0.1 0 1 -0.36 0 0.93 0.31 0 0.95 0.04 0 1 0.65 0 0.76 0.43 0 0.9 0.91 0 0.41 0.76 0 0.65 0.97 0 0.26 0.32 -0.23 -0.92 0.22 -0.54 -0.81 0.34 -0.42 -0.84 0.09 -0.94 -0.34 0.16 -0.9 -0.41 0.14 -0.77 -0.63 -0.25 -0.74 0.62 0 -1 0 0 -1 0 -0.31 -0.37 0.87 -0.22 -0.73 0.65 -0.09 -0.92 0.37 -0.29 0 0.96 -0.21 -0.69 0.69 -0.21 -0.69 0.69 -0.22 0.54 0.81 -0.29 0.4 0.87 -0.22 0.54 0.81 -0.31 0.37 0.87 -0.22 0.73 0.65 -0.09 0.92 0.37 0 1 0 0 1 0 0 1 0 0 1 0 0.17 0.57 -0.8 0.14 0.77 -0.63 0.09 0.94 -0.34 0.35 0.3 -0.89 0.3 0.3 -0.9 0.22 0.54 -0.81 0 1 0 0 1 0 -0.29 -0.4 0.87 -0.16 -0.9 0.41 0.22 -0.81 -0.54 0.17 -0.57 -0.8 0 1 0 0 1 0 0 1 0 0 1 0 0 1 0 0 1 0 0 1 0 0 1 0 0 1 0 0 1 0 0 1 0 0 1 0 0 1 0 0 1 0 0 1 0 0 1 0 0 1 0 0 1 0 0 1 0 0 1 0 0 1 0 0 1 0 0 1 0 0 1 0 0 1 0 0 1 0 0 1 0 0 1 0 0 -1 0 0 -1 0 0 -1 0 0 -1 0 0 -1 0 0 -1 0 0 -1 0 0 -1 0 0 -1 0 0 -1 0 0 1 0 0 -1 0 0 -1 0 0 -1 0 0 0 1 0 -1 0 0 1 0 0 -1 0 0 -1 0 0 -1 0 0 -1 0 0 -1 0 0 -1 0 0 -1 0 0 -1 0 0 0 1 0 -1 0 0 -1 0 0 -1 0 0 -1 0 0 -1 0 0 -1 0 0 -1 0 0 -1 0 0 -1 0 0 -1 0 0 -1 0 0 -1 0 0 -1 0 0 -1 0 0 1 0 0 -1 0 0 -1 0 0 1 0 0 -1 0 0 -1 0 0 -1 0 0 1 0 0 -1 0 0 -1 0 0 -1 0 0 -1 0 0 -1 0 0 -1 0 0 -1 0 0 -1 0 0 -1 0 0 0 1 0 -1 0 0 -1 0 0 -1 0 0 -1 0 0 -1 0 0 0 1 0 -1 0 0 -1 0 0 -1 0 0 -1 0 0 -1 0 0 -1 0 0 -1 0 0 -1 0 0 -1 0 0 -1 0 0 -1 0 0 -1 0 0 -1 0 0 -1 0 0 -1 0 0 -1 0 0 -1 0 0 0 1 0 -1 0 0 -1 0 0 -1 0 0 -1 0 0 -1 0 0 -1 0 0 -1 0 0 -1 0 0 -1 0 0 -1 0 0 -1 0 0 -1 0 0 -1 0 0 -1 0 0 -1 0 0 -1 0 0 -1 0 0 -1 0 0 -1 0 0 -1 0 0 1 0 0 -1 0 0 -1 0 0 -1 0 0 -1 0 0 -1 0 0 -1 0 0 -1 0 0 -1 0 0 1 0 0 -1 0 0 -1 0 0 -1 0 0 -1 0 0 -1 0 0 -1 0 0 -1 0 0 0 1 0 -1 0 0 0 1 0 -1 0 0 -1 0 0 -1 0 0 -1 0 0 -1 0 0 -1 0 0 -1 0 0 -1 0 0 -1 0 0 -1 0 0 -1 0 0 -1 0 0 -1 0 0 -1 0 0 -1 0 0 -1 0 0 -1 0 0 -1 0 0 -1 0 0 -1 0 0 -1 0 0 -1 0 0 -1 0 0 -1 0 0 -1 0 0 -1 0 0 -1 0 0 -1 0 0 -1 0 0 -1 0 0 -1 0 0 0 1 0 -1 0 0 -1 0 0 -1 0 0 -1 0 0 -1 0 0 -1 0 0 -1 0 0 0 1 0 -1 0 0 -1 0 0 -1 0 0 -1 0 0 -1 0 0 -1 0 0 1 0 0 -1 0 0 -1 0 0 -1 0 0 -1 0 0 -1 0 0 -1 0 0 -1 0 0 -1 0 0 -1 0 0 -1 0 0 -1 0 0 -1 0 0 -1 0 0 -1 0 0 -1 0 0 -1 0 0 -1 0 0 -1 0 0 -1 0 0 -1 0 0 -1 0 0 -1 0 0 -1 0 0 -1 0 0 -1 0 0 1 0 0 -1 0 0 -1 0 0 -1 0 0 -1 0 0 -1 0 0 -1 0 0 -1 0 0 -1 0 0 0 1 0 -1 0 0 1 0 0 0 1 0 -1 0 0 -1 0 0 -1 0 0 -1 0 0 -1 0 0 -1 0 0 -1 0 0 -1 0 0 -1 0 0 0 1 0 -1 0 0 -1 0 0 1 0 0 -1 0 0 -1 0 0 -1 0 0 -1 0 0 -1 0 0 -1 0 0 -1 0 0 -1 0 0 -1 0 0 -1 0 0 -1 0 0 -1 0 0 -1 0 0 -1 0 0 -1 0 0 -1 0 0 -1 0 0 -1 0 0 -1 0 0 -1 0 0 -1 0 0 -1 0 0 -1 0 0 0 1 0 -1 0 0 -1 0 0 -1 0 0 -1 0 0 -1 0 0 -1 0 0 0 1 0 -1 0 0 0 1 0 -1 0 0 -1 0 0 -1 0 0 -1 0 0 -1 0 0 -1 0 0 -1 0 0 -1 0 0 -1 0 0 -1 0 0 -1 0 0 1 0 0 -1 0 0 -1 0 0 -1 0 0 -1 0 0 -1 0 0 -1 0 0 -1 0 0 0 1 0 0 1 0 -1 0 0 -1 0 0 -1 0 0 -1 0 0 -1 0 0 -1 0 0 -1 0 0 -1 0 0 -1 0 0 -1 0 0 -1 0 0 -1 0 0 -1 0 0 -1 0 0 -1 0 0 -1 0 0 -1 0 0 -1 0 0 -1 0 0 -1 0 0 0 1 0 -1 0 0 -1 0 0 -1 0 0 -1 0 0 0 1 0 -1 0 0 -1 0 0 -1 0 0 -1 0 0 -1 0 0 -1 0 0 -1 0 0 -1 0 0 -1 0 0 -1 0 0 -1 0 0 -1 0 0 -1 0 0 -1 0 0 -1 0 0 -1 0 0 -1 0 0 1 0 0 -1 0 0 -1 0 0 -1 0 0 -1 0 0 -1 0 0 1 0 0 0 1 0 -1 0 0 -1 0 0 -1 0 0 -1 0 0 -1 0 0 -1 0 0 -1 0 0 -1 0 0 -1 0 0 -1 0 0 -1 0 0 -1 0 0 -1 0 0 -1 0 0 -1 0 0 -1 0 0 -1 0 0 -1 0 0 -1 0 0 -1 0 0 -1 0 0 -1 0 0 -1 0 0 -1 0 0 -1 0 0 -1 0 0 -1 0 0 -1 0 0 -1 0 0 -1 0 0 -1 0 0 -1 0 0 -1 0 0 -1 0 0 -1 0 0 -1 0 0 -1 0 0 -1 0 0 -1 0 0 -1 0 0 -1 0 0 -1 0 0 -1 0 0 -1 0 0 -1 0 -0.91 0 -0.41 -0.76 0 -0.65 -0.65 0 -0.76 -0.43 0 -0.9 -0.31 0 -0.95 -0.04 0 -1 0.1 0 -1 0.36 0 -0.93 0.49 0 -0.87 0.73 0 -0.69 0.83 0 -0.56 0.95 0 -0.32 0.98 0 -0.22 1 0 -0.05 1 0 0.06 0.79 0 0.61 0.91 0 0.41 0.94 0 0.33 0.74 0 0.67 0.61 0 0.79 0.5 0 0.87 0.25 0 0.97 0.12 0 0.99 -0.14 0 0.99 -0.29 0 0.96 -0.56 0 0.83 -0.69 0 0.73 -0.86 0 0.51 -0.91 0 0.41 -0.99 0 0.16 -1 0 0.02 -0.97 0 -0.26 0.89 -0.3 0.35 0.93 0 0.37 0.9 -0.3 0.3 0.93 0 0.37 0.63 -0.77 0.14 0.8 -0.57 0.17 0.34 -0.94 0.09 0 -1 0 0 -1 0 0 -1 0 0 -1 0 0 -1 0 0 -1 0 -0.37 -0.92 -0.09 -0.65 -0.73 -0.22 0.81 -0.54 0.22 -0.87 -0.37 -0.31 -0.96 0 -0.29 -0.81 -0.54 -0.22 -0.81 -0.54 -0.22 -0.65 0.74 -0.18 -0.57 0.79 -0.23 -0.69 0.69 -0.21 -0.77 0.59 -0.24 -0.77 0.59 -0.24 -0.62 0.76 -0.21 0.31 0.94 0.13 0 1 0 0 1 0 0.67 0.72 0.19 0.75 0.64 0.17 0.74 0.63 0.23 0.84 0.42 0.34 0.45 0.89 0.09 0.62 0.76 0.21 -0.38 0.91 -0.15 -0.93 0 -0.37 -0.87 -0.4 -0.29 0.39 -0.91 0.14 0.42 -0.91 0.07 0.55 -0.83 0 0.7 -0.69 -0.19 0.62 -0.78 -0.06 0.61 -0.77 -0.16 0.38 -0.87 -0.32 0.53 -0.8 -0.27 0.25 -0.94 -0.23 0.22 -0.86 -0.46 0.27 -0.9 -0.33 0.18 -0.91 -0.37 0.01 -0.84 -0.55 0.13 -0.85 -0.52 0 -0.89 -0.45 -0.2 -0.84 -0.51 -0.09 -0.87 -0.48 -0.14 -0.91 -0.39 -0.34 -0.88 -0.33 -0.27 -0.87 -0.41 -0.25 -0.94 -0.23 -0.47 -0.86 -0.17 -0.35 -0.91 -0.23 -0.38 -0.91 -0.15 -0.62 -0.78 0.05 -0.53 -0.84 -0.06 -0.45 -0.89 0.03 -0.54 -0.79 0.29 -0.62 -0.76 0.18 -0.51 -0.81 0.29 -0.28 -0.9 0.34 -0.35 -0.89 0.3 -0.21 -0.94 0.26 -0.12 -0.85 0.52 -0.19 -0.9 0.4 -0.1 -0.91 0.4 0.11 -0.81 0.58 0 -0.83 0.55 0.09 -0.89 0.45 0.34 -0.8 0.5 0.21 -0.8 0.56 0.33 -0.81 0.48 0.37 -0.88 0.29 0.38 -0.85 0.37 0.34 -0.91 0.23 0.37 -0.91 0.17 -0.34 0.8 -0.5 -0.38 0.85 -0.37 -0.33 0.81 -0.48 -0.11 0.81 -0.58 -0.21 0.8 -0.56 -0.09 0.89 -0.45 -0.37 0.87 -0.31 0.12 0.85 -0.52 0 0.83 -0.55 0.1 0.91 -0.4 0.28 0.9 -0.34 0.19 0.9 -0.4 0.21 0.94 -0.26 0.54 0.79 -0.29 0.35 0.89 -0.3 0.51 0.81 -0.29 0.62 0.78 -0.05 0.62 0.76 -0.18 0.45 0.89 -0.03 0.47 0.86 0.17 0.53 0.84 0.06 0.38 0.91 0.15 0.34 0.88 0.33 0.35 0.91 0.23 0.25 0.94 0.23 -0.52 0.86 -0.03 -0.39 0.91 -0.14 -0.37 0.91 -0.17 -0.43 0.9 -0.05 -0.7 0.69 0.19 -0.62 0.78 0.06 -0.61 0.77 0.16 -0.53 0.8 0.27 -0.38 0.87 0.32 -0.25 0.94 0.23 -0.27 0.9 0.33 -0.22 0.86 0.46 -0.18 0.91 0.37 -0.01 0.84 0.55 -0.13 0.85 0.52 0 0.89 0.45 0.2 0.84 0.51 0.09 0.87 0.48 0.14 0.91 0.39 0.27 0.87 0.41 -0.34 0.91 -0.22 0 -1 0 0 -1 0 0 -1 0 0 -1 0 0 -1 0 0 -1 0 0 -1 0 0 -1 0 0 -1 0 0 -1 0 0 -1 0 0 -1 0 0 -1 0 0 -1 0 0 -1 0 0 -1 0 0 -1 0 0 -1 0 0 -1 0 0 -1 0 0 -1 0 0 -1 0 0 -1 0 0 -1 0 0 -1 0 0 -1 0 0 -1 0 0 -1 0 0 -1 0 -0.61 -0.58 0.54 -0.41 -0.82 0.41 -0.3 -0.9 0.3 -0.61 -0.58 0.54 -0.49 -0.73 0.49 -0.44 -0.79 0.44 -0.58 -0.58 0.58 -0.37 -0.88 0.29 -0.4 -0.84 0.36 -0.58 -0.58 0.58 -0.51 -0.81 0.3 -0.36 -0.89 0.27 -0.52 -0.68 0.52 -0.32 -0.89 0.32 -0.26 -0.95 0.15 -0.85 0.17 0.51 -0.62 -0.62 0.49 -0.67 -0.67 0.33 -0.58 -0.58 0.58 -0.58 -0.58 0.58 -0.54 -0.7 0.47 -0.57 -0.71 0.42 -0.58 -0.58 0.58 -0.75 -0.59 0.32 -0.6 -0.75 0.3 -0.55 -0.77 0.33 -0.53 -0.8 0.27 0 -1 0 -0.16 -0.95 0.27 -0.06 -0.98 0.17 -0.34 -0.56 0.75 -0.28 -0.7 0.66 -0.22 -0.81 0.54 -0.18 -0.65 0.74 -0.17 -0.51 0.85 -0.2 -0.73 0.66 -0.17 -0.75 0.64 0 0 1 -0.33 -0.67 0.67 -0.17 -0.81 0.56 -0.19 0.19 0.96 0 -1 0 0 -1 0 -0.47 -0.55 0.69 -0.46 -0.46 0.76 -0.44 -0.67 0.6 -0.34 -0.74 0.57 -0.29 -0.68 0.68 -0.27 -0.8 0.53 -0.3 -0.73 0.61 -0.34 -0.78 0.53 -0.3 -0.9 0.3 -0.58 -0.58 0.58 -0.35 -0.78 0.51 -0.28 -0.84 0.47 0 -1 0 -0.41 -0.82 0.41 -0.06 -0.92 0.39 0.09 -0.87 0.48 0.12 -0.49 0.86 0 -0.71 0.71 0.26 -0.66 0.7 0.23 -0.69 0.69 0 -1 0 -0.28 -0.96 -0.05 -0.97 0.16 -0.16 0 -0.71 0.71 0.27 -0.53 0.8 0 -1 0 -0.09 -0.7 0.7 0 0 1 -0.04 -0.6 0.8 0 -0.71 0.71 0 -0.71 0.71 0 -0.71 0.71 0 -0.71 0.71 0 -0.71 0.71 0 -0.71 0.71 -0.14 -0.7 0.7 0 -0.71 0.71 -0.23 -0.57 0.79 -0.12 -0.58 0.81 0 -0.71 0.71 0 -0.71 0.71 0 -1 0 0.32 -0.7 0.64 0.29 -0.87 0.39 0 -0.71 0.71 0.41 -0.41 0.82 0 -0.71 0.71 0.46 -0.71 0.53 0.27 -0.72 0.63 0.71 0 0.71 -0.71 -0.67 0.21 -0.6 -0.78 0.18 -0.62 -0.74 0.25 0.27 -0.68 0.68 0.34 -0.61 0.72 0.27 -0.77 0.57 0.27 -0.8 0.53 0.65 -0.39 0.65 0.58 -0.58 0.58 0.47 -0.62 0.62 0.36 -0.72 0.6 0.58 -0.58 0.58 0.27 -0.8 0.53 0.21 -0.91 0.35 0.23 -0.69 0.69 0 -0.71 0.71 0 -0.45 0.89 0.21 -0.64 0.74 0.18 -0.65 0.74 -0.66 -0.74 0.15 -0.7 -0.7 0.12 -0.34 -0.92 -0.19 -0.58 -0.58 -0.58 -0.78 -0.59 -0.22 -0.67 -0.73 -0.12 -0.67 -0.72 -0.2 -0.74 -0.62 -0.27 -0.58 -0.81 -0.06 -0.68 -0.68 -0.27 -0.44 -0.88 -0.18 -0.71 -0.71 0 -0.71 -0.71 0 -0.71 -0.71 0 -0.64 -0.76 -0.13 -0.46 -0.89 0 0 -1 0 -0.82 -0.41 0.41 -0.87 -0.44 0.22 -0.71 -0.71 0 -0.22 -0.44 -0.87 -0.71 -0.71 0 -0.64 -0.76 0.13 -0.69 -0.69 0.22 -0.29 -0.76 -0.58 -0.11 -0.98 -0.18 -0.58 -0.58 -0.58 0 -0.71 -0.71 -0.38 -0.84 -0.38 -0.21 -0.95 -0.21 -0.58 -0.58 -0.58 -0.46 -0.75 -0.46 -0.46 -0.76 -0.46 -0.49 -0.72 -0.49 -0.38 -0.77 -0.51 -0.49 -0.73 -0.49 -0.58 -0.58 -0.58 -0.62 -0.62 -0.47 -0.8 -0.27 -0.53 -0.81 -0.32 -0.49 -0.58 -0.58 -0.58 -0.78 -0.59 -0.2 -0.85 -0.42 -0.32 0 -1 0 -0.71 -0.71 0 -0.71 -0.71 0 -0.86 -0.43 -0.29 -0.69 -0.69 -0.23 -0.24 -0.94 0.24 -0.96 -0.19 -0.19 -0.55 -0.82 -0.14 -0.45 -0.89 0.07 -0.48 -0.88 0.08 -0.71 -0.71 0 -0.56 -0.81 0.15 -0.58 -0.81 0.12 -0.52 -0.79 -0.33 -0.6 -0.73 -0.32 -0.51 -0.77 -0.38 -0.63 -0.74 -0.23 -0.58 -0.58 -0.58 -0.19 -0.64 -0.74 -0.19 -0.76 -0.62 -0.1 -0.95 -0.3 0 0 1 -0.19 -0.69 -0.69 -0.16 -0.72 -0.67 -0.13 -0.73 -0.67 -0.13 -0.76 -0.64 -0.13 -0.76 -0.64 -0.07 -0.89 -0.45 -0.27 -0.68 -0.68 -0.33 -0.67 -0.67 -0.36 -0.6 -0.72 -0.33 -0.67 -0.67 -0.23 -0.69 -0.69 -0.75 -0.6 0.3 -0.69 -0.69 0.23 -0.87 -0.44 0.22 -0.8 -0.53 0.27 -0.71 -0.71 0 -0.42 -0.57 -0.71 -0.37 -0.56 -0.74 -0.65 -0.71 -0.26 -0.41 -0.82 -0.41 -0.53 -0.8 -0.27 0 -1 0 -0.51 -0.51 -0.69 -0.33 -0.67 -0.67 -0.42 -0.71 -0.57 -0.33 -0.77 -0.55 -0.3 -0.75 -0.6 -0.47 -0.7 -0.54 -0.27 -0.8 -0.53 -0.58 -0.58 -0.58 -0.58 -0.58 -0.58 -0.58 -0.58 -0.58 0.13 -0.72 -0.68 0.15 -0.73 -0.67 0.16 -0.72 -0.67 0.16 -0.8 -0.58 0.21 -0.83 -0.52 0.09 -0.94 -0.33 0.27 -0.53 -0.8 0.13 -0.76 -0.64 0.27 -0.53 -0.8 0.15 -0.62 -0.77 0.41 -0.82 -0.41 0.3 -0.6 -0.75 0 -1 0 -0.03 -0.92 -0.39 -0.16 -0.16 -0.97 -0.04 -0.59 -0.81 0 -0.79 -0.62 0 -0.71 -0.71 0 -0.71 -0.71 0.1 -0.87 -0.48 0 -0.71 -0.71 0 -0.71 -0.71 -0.13 -0.76 -0.64 0 -0.71 -0.71 -0.22 -0.44 -0.87 -0.29 -0.43 -0.86 0 -0.71 -0.71 0.49 -0.72 -0.49 0.39 -0.7 -0.6 0.26 -0.92 -0.27 0.45 -0.72 -0.54 0.68 -0.57 -0.46 0.41 -0.82 -0.41 0.58 -0.58 -0.58 0.56 -0.74 -0.37 0.17 -0.92 -0.35 0.16 -0.94 -0.29 0.37 -0.64 -0.67 0.33 -0.6 -0.73 0.33 -0.67 -0.67 0.29 -0.78 -0.55 0.3 -0.6 -0.75 0.27 -0.8 -0.53 0.37 -0.69 -0.62 0.25 -0.74 -0.62 0.27 -0.63 -0.72 0.27 -0.8 -0.53 -0.71 -0.71 0 0.58 -0.58 -0.58 0.4 -0.9 -0.17 0.57 -0.68 -0.46 0.67 -0.67 -0.32 0.71 -0.71 0 0 -1 0 0.3 -0.9 0.3 0 -1 0 -0.58 -0.58 -0.58 0 -1 0 0.26 -0.96 -0.04 0.46 -0.89 -0.04 0.8 -0.53 -0.27 0.64 -0.76 -0.13 0.65 -0.39 -0.65 0.58 -0.58 -0.58 0.62 -0.62 -0.47 0.58 -0.58 -0.58 0.71 -0.71 0 0.69 -0.69 -0.2 0.67 -0.67 -0.33 0.76 -0.64 -0.13 0.71 -0.71 -0.06 0.71 -0.71 0 0.71 -0.71 0 0.71 -0.71 0 0.71 -0.71 0 0.71 -0.71 0 0.71 -0.71 0 0.71 -0.71 0 0.45 -0.89 0 0.71 -0.71 0 0.67 -0.73 0.11 0 -1 0 0.78 -0.54 0.31 0.8 -0.53 0.27 0.47 -0.87 0.16 0.8 -0.57 0.15 0.7 -0.7 0.15 0.55 -0.83 0.11 0.71 -0.71 0 0.71 -0.71 0 0.71 -0.71 0 0.71 -0.71 0 0.71 -0.71 0 0.68 -0.68 0.27 0.58 -0.81 0.04 0.65 -0.76 0 0.57 -0.79 0.23 0.68 -0.68 0.27 0.65 -0.73 0.23 0.55 -0.82 0.14 0.51 -0.81 0.3 0.61 -0.76 0.23 0.62 -0.74 0.25 0.66 -0.73 0.2 0.66 -0.72 0.18 0.53 -0.8 0.27 0.7 -0.7 0.17 0.48 -0.69 0.55 0.58 -0.58 0.58 0.37 -0.88 0.29 0.42 -0.71 0.57 0.51 -0.81 0.3 0.54 -0.71 0.46 0.67 -0.54 0.5 0.54 -0.74 0.4 0.72 -0.62 0.31 0.82 -0.41 0.41 0.57 -0.77 0.29 0.59 -0.75 0.32 0.41 -0.82 0.41 0.41 -0.82 0.41 0.42 -0.85 0.32 0.63 -0.68 0.37 0.58 -0.58 0.58 0.42 -0.84 0.34 0.47 -0.62 0.62 0.49 -0.73 0.49 0.44 -0.74 0.51 0.58 -0.58 0.58 0.67 -0.67 -0.33 0 -1 0 0.8 0.27 -0.53 0.58 -0.58 -0.58 0.49 -0.73 -0.49 0.35 -0.77 -0.53 0 -0.71 -0.71 0.63 -0.72 -0.27 0.41 0.41 -0.82 0 -1 0 0.46 -0.81 -0.35 0.66 -0.63 -0.41 0.62 -0.66 -0.43 0.46 -0.81 -0.35 0.5 -0.7 -0.5 0.58 -0.58 -0.58 0.42 -0.85 -0.32 0.5 -0.75 -0.44 0.58 -0.58 -0.58 0.57 -0.79 -0.23 0.49 -0.81 -0.32 0.53 -0.69 -0.48 0.76 -0.46 -0.46 0.58 -0.58 -0.58 0.41 -0.82 -0.41 0.67 -0.67 -0.33 0.41 -0.82 -0.41 0.41 -0.41 -0.82 0 0 -1 0.41 -0.82 0.41 0 1 0 0 1 0 0 1 0 0 1 0 0 1 0 0 1 0 0 1 0 0 1 0 0 1 0 0 1 0 0 1 0 0 1 0 0 1 0 0 1 0 0 1 0 0 1 0 0 1 0 0 1 0 0 1 0 0 1 0 0 1 0 0 1 0 0 1 0 0 1 0 0 1 0 0 1 0 0 1 0 0 1 0 0 1 0 0 1 0 0.62 0 0.78 0.51 0 0.86 0.62 0 0.78 -0.14 0 0.99 -0.46 0 0.89 0.06 0 1 -0.59 0 0.81 -0.82 0 0.57 -0.91 0 0.41 -1 0 0.08 -1 0 -0.08 -0.91 0 -0.41 -0.82 0 -0.57 -0.59 0 -0.81 -0.46 0 -0.89 -0.13 0 -0.99 0.05 0 -1 0.37 0 -0.93 0.52 0 -0.85 0.79 0 -0.62 0.88 0 -0.47 0.95 0 -0.32 0.95 0 -0.32 0.38 0 0.92 -0.65 -0.74 0.16 -0.65 -0.74 0.16 -0.61 -0.74 0.3 -0.68 -0.73 0 -0.56 -0.74 0.37 -0.56 -0.74 0.37 -0.49 -0.73 0.49 -0.6 -0.75 0.3 -0.39 -0.72 0.58 -0.39 -0.72 0.58 -0.49 -0.73 0.49 -0.32 -0.7 0.64 -0.3 -0.74 0.6 -0.37 -0.75 0.55 -0.22 -0.73 0.65 0 -0.65 0.76 -0.47 -0.74 0.47 -0.3 -0.75 0.6 -0.3 -0.75 0.6 -0.3 -0.75 0.6 -0.3 -0.75 0.6 -0.16 -0.75 0.64 -0.16 -0.75 0.64 0 -0.75 0.66 -0.54 -0.65 0.54 0 -0.75 0.66 0 -0.75 0.66 0 -0.75 0.66 0 -0.75 0.66 0.3 -0.75 0.6 0.3 -0.75 0.6 0.3 -0.75 0.6 0.3 -0.75 0.6 0.37 -0.74 0.56 0.37 -0.74 0.56 0.3 -0.74 0.61 0.47 -0.74 0.47 0.37 -0.74 0.56 0.37 -0.74 0.56 0.46 -0.76 0.46 0.31 -0.73 0.62 0.49 -0.73 0.49 0.49 -0.73 0.49 0.49 -0.73 0.49 0.49 -0.73 0.49 0.68 -0.73 0 0.68 -0.73 0 0.68 -0.73 0 0.68 -0.73 0 0.66 -0.75 0 0.66 -0.75 0 0.66 -0.75 0 0.66 -0.75 0 0.64 -0.75 -0.16 0.64 -0.75 -0.16 0.68 -0.73 0 0.59 -0.75 -0.29 0.55 -0.75 -0.37 0.55 -0.75 -0.37 0.6 -0.75 -0.3 0.47 -0.74 -0.47 0.47 -0.74 -0.47 0.47 -0.74 -0.47 0.47 -0.74 -0.47 0.47 -0.74 -0.47 0.37 -0.74 -0.56 0.37 -0.74 -0.56 0.49 -0.73 -0.49 0.3 -0.75 -0.6 0 -0.73 -0.68 0 -0.73 -0.68 0 -0.73 -0.68 0 -0.73 -0.68 0 -0.75 -0.66 0 -0.75 -0.66 0 -0.75 -0.66 0 -0.75 -0.66 -0.21 -0.74 -0.64 -0.21 -0.74 -0.64 -0.54 -0.65 -0.54 0 -0.75 -0.66 -0.21 -0.75 -0.63 -0.21 -0.75 -0.63 0 -0.73 -0.68 -0.5 -0.71 -0.5 -0.47 -0.74 -0.47 -0.47 -0.74 -0.47 -0.47 -0.74 -0.47 -0.47 -0.74 -0.47 -0.47 -0.74 -0.47 -0.47 -0.74 -0.47 -0.47 -0.74 -0.47 -0.47 -0.74 -0.47 -0.61 -0.74 -0.3 -0.61 -0.74 -0.3 -0.61 -0.74 -0.3 -0.61 -0.74 -0.3 -0.68 -0.73 0 -0.68 -0.73 0 -0.68 -0.73 0 -0.68 -0.73 0 0.05 0.73 0.69 0.06 0.71 0.7 0.12 0.71 0.69 0.28 0.8 0.53 0.39 0.59 0.71 0.47 0.73 0.49 0.52 0.71 0.48 0.41 0.41 0.82 0.51 0.83 0.2 0.59 0.78 0.2 0.7 0.7 0.17 0.68 0.73 0 0.72 0.69 0.05 0.45 0.89 0 0.46 0.87 -0.19 0.51 0.85 -0.17 0.45 0.86 -0.23 0.45 0.77 -0.45 0.49 0.72 -0.49 0.3 0.9 -0.3 0.3 0.84 -0.46 0.41 0.41 -0.82 0.33 0.67 -0.67 0.03 0.71 -0.71 0.12 0.66 -0.74 0 0.73 -0.68 -0.18 0.75 -0.64 -0.23 0.69 -0.69 -0.16 0.78 0.6 -0.09 0.72 0.69 -0.54 0.77 -0.35 -0.51 0.79 -0.34 -0.61 0.78 -0.1 -0.71 0.71 0 -0.71 0.71 0 -0.69 0.72 0.1 -0.7 0.7 0.1 -0.7 0.71 0.09 -0.56 0.82 0.1 -0.56 0.83 0.04 -0.62 0.78 -0.08 -0.67 0.74 -0.1 -0.73 0.67 -0.13 -0.71 0.71 0 -0.72 0.65 -0.25 -0.42 0.74 0.52 -0.41 0.75 0.51 -0.43 0.69 0.59 -0.54 0.76 0.37 -0.82 0.55 -0.14 -0.59 0.64 0.49 -0.4 0.76 -0.51 -0.51 0.69 -0.51 -0.4 0.71 -0.58 -0.73 0.68 0.08 -0.55 0.83 0.09 -0.82 0.41 0.41 -0.71 0.71 0 -0.76 0.64 0.09 -0.7 0.7 0.11 -0.47 0.86 -0.19 -0.69 0.69 -0.23 -0.66 0.71 -0.24 -0.59 0.76 -0.25 -0.73 0.65 -0.22 -0.72 0.66 -0.18 -0.73 0.65 -0.22 -0.69 0.69 -0.23 -0.69 0.69 -0.22 -0.66 0.73 -0.19 -0.59 0.78 -0.2 -0.67 0.67 -0.33 -0.41 0.9 -0.15 -0.58 0.81 -0.12 -0.71 0.71 0 -0.71 0.71 0 -0.38 0.85 -0.36 -0.43 0.82 -0.37 -0.39 0.65 -0.65 -0.51 0.69 -0.51 -0.42 0.69 -0.58 -0.58 0.58 -0.58 -0.43 0.77 -0.47 -0.24 0.97 -0.08 -0.55 0.73 -0.41 -0.58 0.69 -0.43 -0.61 0.68 -0.41 -0.52 0.71 -0.47 -0.41 0.82 -0.41 -0.41 0.82 -0.41 -0.51 0.69 -0.51 -0.57 0.66 -0.49 -0.55 0.73 -0.42 -0.24 0.84 -0.49 -0.38 0.77 -0.51 -0.24 0.8 -0.56 -0.24 0.81 -0.53 -0.29 0.75 -0.6 -0.31 0.72 -0.62 -0.33 0.63 -0.71 -0.2 0.78 -0.59 0 0.89 -0.45 -0.36 0.6 -0.72 -0.34 0.64 -0.69 -0.32 0.71 -0.63 0 1 0 -0.21 0.86 -0.47 -0.55 0.7 -0.45 -0.37 0.74 -0.56 -0.05 0.85 -0.52 -0.14 0.71 -0.69 -0.04 0.8 -0.59 0 0.71 -0.71 -0.07 0.68 -0.73 0 0.89 -0.45 0.18 0.63 -0.76 -0.16 0.61 -0.77 -0.12 0.76 -0.64 -0.09 0.8 -0.6 -0.15 0.58 -0.8 -0.09 0.83 -0.55 0 0.89 -0.45 -0.19 0.63 -0.75 -0.14 0.66 -0.74 -0.1 0.78 -0.61 0.24 0.76 -0.6 0.18 0.79 -0.59 0.71 0 -0.71 0.22 0.57 -0.79 0.22 0.7 -0.68 0.23 0.66 -0.71 0.21 0.64 -0.74 0.19 0.68 -0.71 0.09 0.85 -0.51 0 0.71 -0.71 0.15 0.77 -0.62 0.23 0.61 -0.76 0.23 0.66 -0.72 -0.41 0.82 -0.41 0.3 0.3 -0.9 0.21 0.64 -0.74 0 0.71 -0.71 0.37 0.74 -0.56 0.27 0.9 -0.34 0.33 0.83 -0.46 0.43 0.8 -0.41 0.67 0.67 -0.33 0.51 0.69 -0.51 0.51 0.69 -0.51 0.61 0.72 -0.33 0.1 0.95 -0.29 0.41 0.7 -0.59 0.23 0.86 -0.46 0.4 0.72 -0.57 0.37 0.74 -0.56 0.4 0.65 -0.65 0.22 0.87 -0.44 0.22 0.87 -0.44 0.29 0.77 -0.57 0.46 0.6 -0.66 0.42 0.71 -0.56 0.43 0.86 -0.29 0.64 0.68 -0.36 0.51 0.81 -0.29 0.63 0.71 -0.32 0.57 0.77 -0.29 0.69 0.66 -0.31 0.44 0.87 -0.22 0.44 0.87 -0.22 0.62 0.72 -0.31 0.75 0.58 -0.32 0.63 0.72 -0.27 0.44 0.74 -0.51 0.38 0.71 -0.59 0.53 0.75 -0.4 0.46 0.88 -0.1 0.67 0.74 -0.01 0.85 0.51 0.17 0.24 0.94 -0.24 0.73 0.64 -0.24 0.73 0.64 -0.24 0.71 0.71 0 0.69 0.69 -0.23 0.66 0.73 -0.18 0.38 0.92 -0.08 0.74 0.65 -0.19 0.69 0.69 -0.2 0.66 0.74 -0.16 0.72 0.67 -0.17 0.39 0.91 -0.13 0.44 0.87 -0.22 0.62 0.77 -0.15 0.83 0.54 -0.16 0.69 0.71 -0.14 0.31 0.94 0.16 0.66 0.73 0.17 0.62 0.77 0.16 0.63 0.75 0.18 0.78 0.6 0.15 0.51 0.85 0.09 0.71 0.71 0 0.72 0.66 0.18 0.76 0.64 0.15 0.66 0.74 0.13 0.59 0.8 0.09 0.14 0.98 0.14 0.88 0.48 -0.08 0.71 0.71 0 0.7 0.7 0.14 0.38 0.9 0.24 0.44 0.79 0.42 0.23 0.69 0.69 0.35 0.93 0.12 0.36 0.6 0.72 0.55 0.73 0.41 0.56 0.74 0.37 0.68 0.57 0.46 0.64 0.64 0.43 0.35 0.91 0.21 0 1 0 0.6 0.69 0.4 0.61 0.68 0.41 0.63 0.68 0.37 0.49 0.81 0.32 0.3 0.9 0.3 0.67 0.67 0.33 0.62 0.7 0.35 0.56 0.75 0.35 0.25 0.89 0.38 0.37 0.71 0.6 0.37 0.62 0.69 0.33 0.67 0.67 0.35 0.7 0.62 0.31 0.79 0.53 0.35 0.71 0.61 0.34 0.73 0.59 0.33 0.67 0.67 0.33 0.67 0.67 0.35 0.86 0.38 0.51 0.73 0.45 0.47 0.77 0.44 0.41 0.75 0.51 0.27 0.53 0.8 0.16 0.79 0.6 0.18 0.76 0.63 0 0.71 0.71 0.58 0.58 0.58 0 0.55 0.83 0 0 1 0.2 0.63 0.75 0.21 0.83 0.52 0.19 0.71 0.68 0.2 0.69 0.69 0.31 0.61 0.73 0.22 0.87 0.44 0.22 0.87 0.44 0.31 0.72 0.62 0.27 0.65 0.71 0.19 0.77 0.6 -0.03 0.81 0.58 -0.17 0.74 0.65 -0.18 0.72 0.66 -0.21 0.76 0.62 -0.15 0.73 0.67 -0.18 0.68 0.71 -0.08 0.84 0.54 0 0.71 0.71 -0.15 0.77 0.62 -0.05 0.88 0.47 0.1 0.64 0.76 0.16 0.64 0.75 0.08 0.73 0.68 0 0.71 0.71 0.09 0.83 0.55 0 0.89 0.45 -0.17 0.85 0.51 -0.29 0.79 0.53 -0.38 0.77 0.51 -0.53 0.27 0.8 -0.35 0.67 0.65 -0.32 0.71 0.63 -0.33 0.67 0.67 -0.31 0.66 0.69 -0.22 0.87 0.44 -0.22 0.87 0.44 -0.33 0.67 0.67 -0.31 0.64 0.7 -0.26 0.75 0.61 -0.19 0.91 0.38 0 0.71 0.71 -0.41 0.82 0.41 -0.45 0.74 0.49 -0.51 0.73 0.45 -0.61 0.67 0.43 -0.57 0.74 0.35 -0.52 0.69 0.5 -0.51 0.69 0.51 -0.53 0.74 0.42 -0.41 -0.41 0.82 -0.58 0.58 0.58 -0.67 -0.67 0.33 -0.47 0.68 0.55 -0.42 0.74 0.53 -0.41 0.41 0.82 -0.51 0.69 0.51 -0.46 0.71 0.53 -0.4 0.77 0.5 -0.71 0 0.71 -0.58 -0.58 0.58 -0.56 0.8 0.21 -0.55 0.81 0.2 -0.59 0.78 0.2 -0.63 0.74 0.25 -0.6 0.77 0.24 -0.58 0.77 0.25 -0.73 0.61 0.31 -0.44 0.87 0.22 -0.44 0.87 0.22 -0.62 0.72 0.31 -0.78 0.54 0.3 -0.67 0.7 0.24 -0.41 0.82 -0.41 -0.56 0.74 0.37 -0.64 0.64 0.43 0 1 0 0 1 0 0 1 0 0 1 0 0 1 0 0 1 0 0 1 0 0 1 0 0 1 0 0 1 0 0 1 0 0 1 0 0 1 0 0 1 0 0 1 0 0 1 0 0 1 0 0 1 0 0 1 0 0 1 0 0 1 0 0 1 0 0 1 0 0 1 0 0 1 0 0 1 0 0 1 0 0 1 0 0 1 0 0 1 0 0 1 0 0 1 0 0 1 0 -0.14 -0.33 -0.93 -0.15 -0.32 -0.94 -0.34 -0.48 -0.81 0.1 -0.1 -0.99 0.1 -0.1 -0.99 0.1 -0.1 -0.99 0.09 -0.11 -0.99 -0.08 -0.28 -0.96 -0.14 -0.33 -0.93 -0.12 -0.3 -0.95 -0.56 -0.3 0.77 -0.58 -0.31 0.75 -0.49 -0.18 0.85 -0.46 -0.16 0.87 -0.52 -0.22 0.82 -0.4 -0.06 0.92 -0.64 -0.37 0.67 -0.59 -0.31 0.75 -0.69 -0.45 0.57 -0.5 -0.22 0.84 -0.56 -0.6 -0.58 -0.56 -0.6 -0.56 -0.56 -0.6 -0.58 -0.55 -0.59 -0.59 -0.75 -0.6 0.3 -0.73 -0.68 0 -0.53 -0.27 0.8 -0.67 -0.46 0.58 0 0.24 0.97 -0.7 -0.68 -0.23 -0.7 -0.68 -0.23 -0.54 -0.65 -0.54 -0.76 -0.65 0 0.2 -0.27 -0.94 0.13 -0.32 -0.94 0.31 -0.15 -0.94 0.33 -0.12 -0.94 0.43 0.02 -0.9 0.09 -0.33 -0.94 0.24 -0.24 -0.94 0.21 -0.21 -0.96 0.08 -0.32 -0.94 0.21 -0.21 -0.96 -0.7 -0.22 0.68 -0.71 -0.24 0.66 -0.72 -0.28 0.64 -0.75 -0.34 0.57 -0.78 -0.45 0.43 -0.79 -0.55 0.28 -0.79 -0.55 0.28 -0.64 -0.11 0.76 -0.63 -0.1 0.77 -0.64 -0.12 0.76 -0.62 -0.08 0.78 -0.53 -0.67 -0.53 -0.26 -0.54 -0.8 -0.26 -0.54 -0.8 0.42 0 -0.91 -0.8 -0.6 0 -0.8 -0.42 0.42 -0.8 -0.42 0.42 -0.5 0 0.86 -0.66 -0.68 -0.33 -0.66 -0.68 -0.33 -0.66 -0.68 -0.33 -0.66 -0.68 -0.33 0.41 -0.24 -0.88 0.26 -0.35 -0.9 0.27 -0.34 -0.9 0.48 -0.2 -0.85 0.53 -0.11 -0.84 0.48 -0.2 -0.85 0.45 -0.23 -0.86 0.54 -0.13 -0.83 0.31 -0.31 -0.9 0.32 -0.32 -0.89 0.2 -0.39 -0.9 -0.88 -0.34 0.34 -0.85 -0.23 0.47 -0.88 -0.34 0.34 -0.86 -0.28 0.42 -0.85 -0.25 0.46 -0.82 -0.17 0.54 -0.85 -0.24 0.47 -0.82 -0.14 0.55 -0.88 -0.34 0.34 -0.88 -0.34 0.34 0.19 -0.39 -0.9 0.31 -0.31 -0.9 0.3 -0.3 -0.9 0 -0.49 -0.87 0 -0.51 -0.86 -0.88 -0.34 0.34 -0.88 -0.43 0.21 -0.88 -0.43 0.21 -0.83 -0.55 0 -0.62 -0.67 -0.41 -0.62 -0.67 -0.41 -0.51 -0.69 -0.51 -0.68 -0.65 -0.34 0.36 -0.45 -0.81 0.53 -0.32 -0.79 0.49 -0.34 -0.8 0.82 0.03 -0.58 0.77 -0.09 -0.63 0.76 -0.09 -0.64 0.63 -0.27 -0.73 0.53 -0.34 -0.78 0.63 -0.26 -0.74 0.76 -0.11 -0.64 -0.94 -0.28 0.19 -0.93 -0.36 0.1 -0.94 -0.31 0.15 -0.9 -0.44 -0.01 -0.94 -0.24 0.24 -0.94 -0.24 0.24 -0.85 0.05 0.52 -0.93 -0.12 0.36 -0.94 -0.24 0.24 -0.94 -0.24 0.24 0.83 0 -0.55 0.41 -0.41 -0.82 0.41 -0.41 -0.82 0 -0.6 -0.8 -0.94 -0.24 0.24 -0.94 -0.31 0.15 -0.85 -0.51 -0.16 -0.33 -0.68 -0.66 0 -0.62 -0.78 0 -0.62 -0.78 -0.4 -0.69 -0.61 -0.4 -0.69 -0.61 -0.53 -0.67 -0.53 -0.32 -0.69 -0.65 0.77 -0.29 -0.57 0.6 -0.44 -0.66 0.86 -0.16 -0.49 0.88 -0.12 -0.46 0.8 -0.25 -0.55 0.82 -0.23 -0.53 0.8 -0.25 -0.55 0.38 -0.57 -0.72 0.3 -0.61 -0.74 0.91 -0.05 -0.41 -0.99 -0.11 0.11 -0.99 -0.11 0.09 -0.96 -0.27 -0.05 -0.87 -0.43 -0.22 -0.85 -0.46 -0.26 -0.92 -0.36 -0.13 -0.95 -0.3 -0.08 -0.93 -0.36 -0.11 -0.99 -0.12 0.08 -0.99 -0.1 0.1 -0.87 -0.44 -0.22 0.48 -0.48 -0.74 0 -0.65 -0.76 0.48 -0.48 -0.74 0.93 0 -0.36 -0.59 -0.59 -0.55 0 -0.65 -0.76 -0.59 -0.59 -0.55 -0.97 0 0.22 -0.33 -0.67 -0.67 -0.33 -0.67 -0.67 -0.33 -0.67 -0.67 -0.33 -0.67 -0.67 0.82 -0.37 -0.45 0.85 -0.32 -0.42 0.85 -0.32 -0.42 0.82 -0.37 -0.45 0.88 -0.29 -0.38 0.86 -0.31 -0.4 0.93 -0.21 -0.31 0.92 -0.22 -0.33 0.94 -0.17 -0.3 0.89 -0.26 -0.37 -1 0 0 -0.94 -0.25 -0.23 -0.96 -0.18 -0.21 -0.88 -0.32 -0.35 -0.87 -0.33 -0.36 -0.85 -0.35 -0.39 -0.9 -0.28 -0.32 -0.94 -0.2 -0.27 -0.96 -0.21 -0.18 -0.94 -0.25 -0.22 -0.91 -0.29 -0.31 1 0.03 -0.03 1 0 -0.07 1 0.03 -0.03 1 0.07 0 0 -0.66 -0.75 -0.55 -0.55 -0.63 -0.55 -0.55 -0.63 -1 0 0 -0.15 -0.66 -0.73 -0.15 -0.66 -0.73 -0.24 -0.64 -0.73 0 -0.68 -0.73 1 -0.07 0.07 1 -0.08 0.06 1 -0.07 0.07 0.96 -0.26 -0.12 1 -0.08 0.06 0.94 -0.3 -0.17 0.86 -0.42 -0.29 0.88 -0.41 -0.26 0.86 -0.43 -0.28 0.88 -0.4 -0.24 -0.56 -0.5 -0.66 -0.7 -0.4 -0.6 -0.57 -0.49 -0.65 -0.82 -0.26 -0.5 -0.78 -0.31 -0.54 -0.8 -0.28 -0.53 -0.84 -0.23 -0.49 -0.9 -0.15 -0.4 -0.93 -0.11 -0.35 -0.87 -0.22 -0.44 -0.98 0.14 -0.14 0.33 -0.66 -0.68 0.59 -0.59 -0.55 0.58 -0.58 -0.56 0.99 -0.12 0 0.58 -0.58 -0.58 -0.98 0.18 0 -0.8 -0.28 -0.53 -0.58 -0.46 -0.68 -0.29 -0.58 -0.76 0 -0.65 -0.76 0.23 -0.67 -0.7 0.23 -0.67 -0.7 0 -0.65 -0.76 0.33 -0.67 -0.67 0.96 -0.2 0.2 0.96 -0.2 0.2 0.96 -0.2 0.2 0.97 -0.2 0.14 0.95 -0.29 0.05 0.95 -0.3 0.06 0.95 -0.29 0.09 0.96 -0.23 0.17 0.96 -0.24 0.16 0.97 -0.23 0.11 -0.58 -0.35 -0.74 -0.56 -0.37 -0.74 -0.55 -0.37 -0.75 -0.61 -0.32 -0.72 -0.64 -0.28 -0.72 -0.7 -0.24 -0.68 -0.79 -0.16 -0.59 -0.89 0 -0.45 -0.82 -0.14 -0.55 -0.94 0.24 -0.24 -0.56 -0.37 -0.74 0.81 -0.52 -0.26 0.54 -0.65 -0.54 0.64 -0.64 -0.44 0.91 0 0.42 0.95 -0.32 0 -0.94 0.35 0 -0.68 -0.26 -0.68 -0.55 -0.36 -0.75 -0.42 -0.42 -0.8 -0.43 -0.43 -0.79 0 -0.62 -0.78 0.54 -0.65 -0.54 0.41 -0.66 -0.62 0.54 -0.65 -0.54 0.33 -0.67 -0.67 0 -0.62 -0.78 0.9 -0.34 0.27 0.9 -0.36 0.24 0.9 -0.39 0.2 0.9 -0.34 0.27 0.86 -0.08 0.51 0.88 -0.15 0.45 0.83 -0.01 0.56 0.9 -0.25 0.36 0.9 -0.35 0.24 0.9 -0.3 0.3 -0.48 -0.27 -0.84 -0.47 -0.28 -0.84 -0.48 -0.26 -0.84 -0.49 -0.25 -0.84 -0.46 -0.28 -0.84 -0.5 -0.23 -0.83 -0.57 -0.17 -0.8 -0.58 -0.18 -0.8 -0.5 -0.25 -0.83 -0.71 0 -0.71 -0.53 -0.23 -0.82 0.79 -0.58 -0.18 0.53 -0.67 -0.53 0.66 -0.66 -0.36 0.77 0 0.63 0.88 -0.47 0 0 -0.57 -0.82 -0.37 -0.37 -0.85 -0.37 -0.37 -0.85 -0.77 0 -0.63 0.52 -0.67 -0.52 0.41 -0.68 -0.61 0.51 -0.69 -0.51 0.53 -0.67 -0.53 0.88 -0.47 0 0.73 -0.13 0.67 0.67 -0.05 0.74 0.78 -0.24 0.57 0.81 -0.33 0.49 0.82 -0.35 0.45 0.83 -0.5 0.25 0.8 -0.26 0.54 0.79 -0.24 0.56 0.77 -0.22 0.6 0.67 -0.04 0.74 0.79 -0.29 0.54 -0.27 -0.27 -0.92 -0.21 -0.32 -0.92 -0.31 -0.23 -0.92 -0.27 -0.27 -0.93 -0.26 -0.26 -0.93 -0.23 -0.3 -0.92 -0.24 -0.3 -0.92 -0.27 -0.27 -0.92 -0.27 -0.27 -0.92 -0.18 -0.35 -0.92 0.84 -0.38 0.38 0.59 0 0.81 0.84 -0.38 0.38 0.82 -0.57 0 -0.26 -0.26 -0.93 0 -0.45 -0.89 -0.26 -0.26 -0.93 -0.55 0 -0.83 0.58 -0.68 -0.44 0.58 -0.68 -0.44 0.53 -0.67 -0.53 0.65 -0.69 -0.32 0.67 -0.34 0.67 0.72 -0.44 0.54 0.71 -0.42 0.57 0.57 -0.18 0.8 0.59 -0.2 0.78 0.59 -0.2 0.78 0.62 -0.25 0.75 0.57 -0.16 0.81 0.57 -0.17 0.8 0.55 -0.14 0.82 -0.02 -0.26 -0.97 -0.11 -0.17 -0.98 -0.03 -0.26 -0.96 0.04 -0.33 -0.94 0.06 -0.37 -0.93 0.02 -0.3 -0.95 -0.14 -0.14 -0.98 -0.14 -0.14 -0.98 -0.18 -0.09 -0.98 -0.14 -0.14 -0.98 -0.09 -0.18 -0.98 0.75 -0.47 0.47 0.36 0 0.93 0.75 -0.47 0.47 0.78 -0.63 0 0 -0.24 -0.97 -0.14 -0.14 -0.98 0.31 -0.48 -0.82 0.51 -0.61 -0.61 0.76 -0.65 0 0.66 -0.68 -0.33 0.66 -0.68 -0.33 0.66 -0.68 -0.33 0.66 -0.68 -0.33 0.43 -0.28 0.86 0.45 -0.3 0.84 0.4 -0.24 0.88 0.38 -0.22 0.9 0.4 -0.21 0.89 0.55 -0.38 0.75 0.34 -0.13 0.93 0.48 -0.34 0.81 0.52 -0.38 0.77 0.63 -0.55 0.55 0.54 -0.4 0.74 0.19 -0.28 -0.94 0.31 -0.4 -0.86 0.23 -0.29 -0.93 0.18 -0.21 -0.96 0.24 -0.24 -0.94 0.14 -0.18 -0.97 0.09 -0.15 -0.98 -0.03 -0.03 -1 -0.05 -0.02 -1 -0.04 -0.04 -1 0.26 -0.37 -0.89 0.04 0.09 1 0.14 0 0.99 0.07 0.07 1 0 0.12 0.99 0 0.12 0.99 0.75 -0.66 0 0.75 -0.66 0 0.6 -0.56 -0.56 0.6 -0.56 -0.56 -0.03 -0.03 -1 0 -0.07 -1 0.73 -0.67 -0.15 0.73 -0.67 -0.15 0.73 -0.68 0 0.7 -0.63 -0.35 -0.04 -0.03 1 -0.03 -0.03 1 -0.05 -0.02 1 0.1 -0.19 0.98 0.14 -0.24 0.96 0.11 -0.21 0.97 0.17 -0.3 0.94 0.29 -0.37 0.88 0.37 -0.45 0.82 0.38 -0.44 0.82 0.26 -0.37 0.89 0.52 -0.38 -0.77 0.58 -0.45 -0.68 0.45 -0.29 -0.84 0.5 -0.34 -0.8 0.57 -0.42 -0.71 0.45 -0.27 -0.85 0.33 -0.14 -0.93 0.26 -0.07 -0.96 0.32 -0.15 -0.94 0.63 -0.52 -0.58 0.58 -0.58 0.58 0.76 -0.65 0 0.37 -0.43 0.83 0.39 -0.44 0.81 0.58 -0.58 0.58 0.75 -0.66 0 0.64 -0.5 -0.58 0.49 -0.32 -0.81 0.73 -0.62 -0.31 0.73 -0.68 0 0 0.12 -0.99 0.71 -0.66 0.24 0.71 -0.66 0.24 0.76 -0.65 0 0.56 -0.6 0.56 -0.17 -0.17 0.97 -0.15 -0.19 0.97 -0.17 -0.17 0.97 -0.14 -0.19 0.97 -0.05 -0.26 0.96 0.09 -0.37 0.92 -0.13 -0.19 0.97 0.07 -0.37 0.93 0.09 -0.38 0.92 -0.11 -0.23 0.97 0.67 -0.33 -0.67 0.71 -0.42 -0.57 0.68 -0.33 -0.66 0.57 -0.15 -0.81 0.57 -0.12 -0.81 0.57 -0.15 -0.81 0.58 -0.16 -0.8 0.45 0 -0.89 0.55 -0.14 -0.82 0.6 -0.17 -0.78 0.71 -0.42 -0.57 0.65 -0.68 0.34 0.76 -0.65 0 0.48 -0.62 0.62 -0.36 0 0.93 0.76 -0.65 0 0.78 -0.63 0 0.79 -0.55 -0.28 0.79 -0.55 -0.28 0.75 -0.47 -0.47 0.61 -0.68 0.41 0.61 -0.68 0.41 0.53 -0.67 0.53 0.66 -0.68 0.33 -0.22 -0.31 0.92 -0.27 -0.27 0.92 -0.27 -0.27 0.92 -0.2 -0.33 0.92 -0.38 -0.16 0.91 -0.49 -0.04 0.87 -0.6 0.1 0.8 -0.27 -0.27 0.92 -0.27 -0.27 0.92 -0.21 -0.32 0.92 0.75 -0.18 -0.63 0.8 -0.31 -0.51 0.77 -0.21 -0.6 0.74 -0.15 -0.65 0.79 -0.23 -0.57 0.83 -0.31 -0.47 0.81 -0.26 -0.52 0.81 -0.37 -0.45 0.82 -0.47 -0.31 0.82 -0.51 -0.25 0.8 -0.6 0 0.43 -0.64 0.64 0.23 -0.58 0.78 -0.27 -0.27 0.92 0 -0.47 0.88 0.85 -0.47 -0.23 0.85 -0.47 -0.23 0.84 -0.38 -0.38 0.82 -0.57 0 0.61 -0.68 0.41 0.61 -0.68 0.41 0.67 -0.67 0.33 0.51 -0.69 0.51 -0.38 -0.38 0.84 -0.38 -0.38 0.85 -0.32 -0.42 0.85 -0.51 -0.26 0.82 -0.37 -0.37 0.85 -0.5 -0.28 0.82 -0.57 -0.23 0.79 -0.59 -0.2 0.78 -0.62 -0.16 0.77 -0.73 -0.02 0.69 -0.58 -0.19 0.79 0.9 -0.33 -0.27 0.9 -0.35 -0.26 0.88 -0.2 -0.42 0.9 -0.3 -0.3 0.9 -0.3 -0.3 0.9 -0.3 -0.3 0.9 -0.3 -0.3 0.84 -0.08 -0.54 0.76 0.06 -0.64 0.9 -0.3 -0.3 -0.22 -0.44 0.87 -0.22 -0.44 0.87 0 -0.55 0.83 -0.35 -0.35 0.87 0.92 -0.34 -0.17 0.89 -0.45 0 0.89 -0.45 0 0.92 -0.27 -0.27 0.81 0 -0.59 0.53 -0.67 0.53 0.53 -0.67 0.53 0.53 -0.67 0.53 0.53 -0.67 0.53 -0.35 -0.53 0.77 -0.57 -0.39 0.73 -0.73 -0.23 0.64 -0.7 -0.28 0.66 -0.73 -0.23 0.64 -0.73 -0.25 0.63 -0.28 -0.56 0.78 -0.78 -0.17 0.61 -0.81 -0.16 0.57 -0.82 -0.14 0.55 0.94 -0.35 0.03 0.91 -0.4 0.08 0.92 -0.38 0.08 0.97 -0.19 -0.15 0.97 -0.17 -0.17 0.97 -0.14 -0.21 0.97 -0.12 -0.23 0.97 -0.2 -0.14 0.96 -0.29 -0.05 0.97 -0.23 -0.11 -0.91 0 0.42 -0.28 -0.56 0.78 -0.47 -0.47 0.75 0 -0.65 0.76 0 -0.65 0.76 0.95 -0.3 0 0.95 -0.3 0 0.97 -0.22 -0.11 0.93 0 -0.36 0.97 -0.17 -0.17 0.41 -0.68 0.61 0.41 -0.68 0.61 0.54 -0.65 0.54 0.32 -0.69 0.65 -0.81 -0.34 0.48 -0.76 -0.36 0.54 -0.85 -0.27 0.45 -0.91 -0.17 0.38 -0.93 -0.14 0.33 -0.86 -0.26 0.45 -0.87 -0.22 0.43 -0.85 -0.26 0.46 -0.87 -0.22 0.44 -0.81 -0.31 0.5 -0.57 -0.49 0.65 0.95 -0.26 0.14 0.94 -0.3 0.17 0.89 -0.37 0.26 0.93 -0.32 0.19 0.9 -0.36 0.23 0.95 -0.27 0.14 1 -0.08 -0.05 0.81 -0.48 0.34 0.98 -0.19 0.08 1 -0.07 -0.07 0.91 -0.33 0.25 1 -0.02 -0.05 -0.52 -0.52 0.67 -0.98 0 0.21 -0.52 -0.52 0.67 0 -0.68 0.73 0.9 -0.32 0.28 0.6 -0.53 0.6 1 -0.07 -0.07 0.82 -0.42 0.39 1 -0.06 0 0 -0.68 0.73 0 -0.68 0.73 0 -0.68 0.73 0 -0.68 0.73 -0.9 -0.3 0.3 -0.92 -0.27 0.28 -0.94 -0.24 0.23 -0.93 -0.26 0.27 -0.94 -0.24 0.24 -0.9 -0.3 0.3 -0.88 -0.33 0.33 -0.82 -0.42 0.39 -0.82 -0.41 0.41 -0.97 -0.17 0.15 -0.94 -0.25 0.22 0.85 -0.32 0.42 0.87 -0.29 0.4 0.85 -0.32 0.42 0.93 -0.19 0.32 0.81 -0.35 0.46 0.94 -0.17 0.3 0.95 -0.14 0.26 0.89 -0.26 0.37 0.82 -0.37 0.45 0.82 -0.37 0.45 -0.58 -0.58 0.58 0 -0.68 0.73 -0.58 -0.58 0.58 -1 0 -0.07 0.52 -0.52 0.68 0.81 -0.34 0.48 0.81 -0.34 0.48 1 0.06 0 -0.18 -0.66 0.72 -0.18 -0.66 0.72 -0.24 -0.66 0.71 0 -0.65 0.76 -0.98 -0.14 -0.14 -0.94 -0.34 0.1 -0.81 -0.52 0.29 -0.98 -0.14 -0.14 -0.98 -0.14 -0.14 -0.98 -0.14 -0.14 -0.98 -0.14 -0.14 -0.97 -0.22 -0.03 -0.98 -0.14 -0.14 -0.91 -0.39 0.16 -0.98 -0.18 -0.09 0.82 -0.17 0.54 0.87 -0.1 0.48 0.81 -0.2 0.55 0.82 -0.19 0.54 0.84 -0.16 0.52 0.74 -0.28 0.61 0.67 -0.35 0.66 0.75 -0.26 0.61 0.83 -0.14 0.54 0.57 -0.42 0.71 -0.97 -0.24 0 -0.58 -0.62 0.52 0 -0.68 0.73 -0.34 -0.68 0.65 -0.81 -0.49 0.32 0.28 -0.56 0.78 0.48 -0.48 0.74 0.28 -0.56 0.78 0 -0.63 0.78 -0.23 -0.69 0.69 -0.23 -0.69 0.69 -0.32 -0.69 0.65 0 -0.65 0.76 -0.94 -0.24 -0.24 -0.94 -0.21 -0.28 -0.94 -0.24 -0.24 -0.94 -0.29 -0.19 -0.94 -0.31 -0.16 -0.94 -0.29 -0.18 -0.94 -0.24 -0.24 -0.94 -0.28 -0.19 -0.94 -0.27 -0.2 -0.94 -0.24 -0.24 0.61 -0.23 0.76 0.64 -0.19 0.74 0.51 -0.32 0.8 0.75 -0.06 0.66 0.61 -0.24 0.75 0.49 -0.34 0.8 0.68 -0.14 0.72 0.75 -0.09 0.66 0.61 -0.22 0.76 0.41 -0.41 0.82 0.41 -0.41 0.82 -0.86 0 -0.5 -0.86 0 -0.5 -0.86 0 -0.5 0.4 -0.4 0.83 0.4 -0.4 0.83 0.81 0 0.59 0 -0.59 0.81 -0.45 -0.67 0.6 -0.45 -0.67 0.6 -0.54 -0.65 0.54 -0.33 -0.68 0.66 -0.84 -0.24 -0.48 -0.78 -0.09 -0.61 -0.84 -0.28 -0.46 -0.77 -0.06 -0.64 -0.78 -0.09 -0.61 -0.87 -0.38 -0.3 -0.87 -0.4 -0.27 -0.87 -0.44 -0.22 -0.86 -0.3 -0.41 -0.81 -0.16 -0.56 0.33 -0.33 0.88 0.08 -0.51 0.86 0.39 -0.26 0.88 0.34 -0.29 0.89 0.24 -0.35 0.9 0.31 -0.31 0.9 0.53 -0.11 0.84 -0.15 -0.62 0.77 0.68 0.06 0.73 0.67 0.04 0.74 0.68 0.06 0.73 -0.71 0 -0.71 -0.58 -0.67 0.46 -0.34 -0.65 0.68 -0.53 -0.67 0.53 -0.67 -0.67 0.33 0.31 -0.31 0.9 -0.47 -0.66 0.59 -0.53 -0.67 0.53 0.63 0 0.77 -0.83 -0.55 0 -0.83 -0.55 0 -0.53 -0.67 0.53 -0.53 -0.67 0.53 -0.53 -0.67 0.53 -0.53 -0.67 0.53 -0.71 -0.26 -0.65 -0.73 -0.32 -0.6 -0.64 -0.12 -0.76 -0.68 -0.23 -0.69 -0.72 -0.27 -0.64 -0.77 -0.38 -0.51 -0.76 -0.35 -0.55 -0.64 -0.12 -0.76 -0.69 -0.23 -0.69 -0.7 -0.3 -0.65 -0.59 -0.14 -0.8 -0.58 -0.12 -0.81 -0.12 -0.49 0.86 0.13 -0.29 0.95 0.27 -0.14 0.95 -0.03 -0.41 0.91 0.16 -0.24 0.96 0.13 -0.27 0.95 -0.17 -0.5 0.85 0.17 -0.23 0.96 0.3 -0.13 0.95 0.45 0 0.89 0.24 -0.24 0.94 0.57 0.23 0.79 -0.76 -0.34 -0.56 -0.63 -0.14 -0.77 -0.77 -0.63 0.06 -0.53 -0.67 0.53 0 -0.42 0.91 0 0.4 -0.92 -0.26 -0.54 0.8 -0.26 -0.54 0.8 -0.26 -0.54 0.8 -0.6 -0.69 0.4 -0.6 -0.69 0.4 -0.65 -0.69 0.32 -0.51 -0.69 0.51 -0.46 -0.19 -0.87 -0.44 -0.15 -0.89 -0.53 -0.28 -0.8 -0.54 -0.31 -0.79 -0.61 -0.39 -0.69 -0.48 -0.25 -0.84 -0.55 -0.35 -0.76 -0.66 -0.5 -0.56 -0.65 -0.49 -0.57 -0.52 -0.29 -0.81 -0.38 -0.08 -0.92 -0.26 -0.4 0.88 -0.34 -0.48 0.81 -0.15 -0.31 0.94 -0.01 -0.19 0.98 0.1 -0.1 0.99 0.1 -0.1 0.99 -0.03 -0.21 0.98 -0.13 -0.28 0.95 0.07 -0.07 1 -0.22 -0.43 0.88 -0.34 -0.48 0.81 -0.29 0 -0.96 -0.72 -0.49 -0.49 -0.72 -0.49 -0.49 -0.76 -0.65 0 -0.75 -0.66 0 -0.55 -0.59 0.59 -0.55 -0.59 0.59 0.21 0 0.98 -0.71 -0.68 0.18 -0.71 -0.68 0.18 -0.68 -0.65 0.34 -0.73 -0.68 0 -0.4 -0.35 -0.84 -0.33 -0.27 -0.9 -0.44 -0.38 -0.82 -0.3 -0.24 -0.92 -0.27 -0.2 -0.94 -0.22 -0.15 -0.96 -0.33 -0.25 -0.91 -0.26 -0.21 -0.94 -0.18 -0.14 -0.97 -0.25 -0.22 -0.94 -0.42 -0.32 0.85 -0.45 -0.37 0.82 -0.31 -0.22 0.92 -0.34 -0.27 0.9 -0.38 -0.32 0.87 -0.26 -0.21 0.94 -0.45 -0.37 0.82 -0.27 -0.2 0.94 -0.21 -0.17 0.96 -0.03 0.03 1 -0.25 -0.22 0.94 -0.6 -0.56 -0.56 -0.6 -0.56 -0.56 0 0 -1 -0.73 -0.68 0 -0.63 -0.55 0.55 -0.63 -0.55 0.55 -0.63 -0.55 0.55 -0.73 -0.68 0 -0.73 -0.68 0 -0.73 -0.68 0 -0.73 -0.68 0 0.8 0 0.6 0.6 0 0.8 0.48 0 0.88 0.23 0 0.97 0.11 0 0.99 -0.15 0 0.99 -0.32 0 0.95 0.88 0 0.48 0.97 0 0.23 0.99 0 0.11 0.99 0 -0.15 0.95 0 -0.32 0.81 0 -0.59 0.72 0 -0.7 0.5 -0.02 -0.86 0.56 0 -0.83 0.07 -0.02 -1 0.28 -0.03 -0.96 -0.59 0 0.81 -0.86 0 0.51 -0.7 0 0.72 -0.92 0 0.4 -0.99 0 0.14 -1 0 -0.02 -0.96 0 -0.29 -0.76 0 -0.65 -0.91 0 -0.41 -0.41 0 -0.91 -0.65 0 -0.76 -0.12 0 -0.99 -0.29 0 -0.96 0.89 0.01 0.45 0.95 0.01 0.32 0.71 0 0.71 0.96 0 0.27 0.96 0 0.29 0.89 -0.01 0.45 0.71 0 0.71 0.97 -0.01 0.22 0.26 0 -0.97 0.24 0 -0.97 0.22 0.01 -0.98 0 0 -1 0.27 0 -0.96 -0.27 0 0.96 -0.27 0 0.96 -0.27 0 0.96 -0.27 0 0.96</float_array><technique_common><accessor source="#na" count="4137" stride="3"><param name="X" type="float"/><param name="Y" type="float"/><param name="Z" type="float"/></accessor></technique_common></source>
        <vertices id="v"><input semantic="POSITION" source="#p"/><input semantic="NORMAL" source="#n"/></vertices>
        <triangles material="m0" count="60"><input semantic="VERTEX" source="#v" offset="0"/><p>0 1 2 1 0 3 4 5 6 7 8 9 10 11 12 12 13 14 14 15 16 6 17 18 9 19 4 16 20 21 22 23 24 25 22 24 8 7 26 19 9 8 5 4 19 17 6 5 11 10 27 13 12 11 15 14 13 20 16 15 23 22 27 23 10 28 10 23 27 22 25 29 30 18 17 30 29 25 29 30 17 18 30 31 32 33 34 33 32 35 36 37 38 37 36 39 40 41 42 43 40 44 42 41 45 41 40 43 46 47 48 46 49 50 51 52 53 53 54 55 52 46 50 47 46 56 57 53 58 46 52 51 59 53 55 53 57 54 49 46 48 53 59 51 60 61 62 63 61 64 61 65 66 61 63 67 61 60 68 61 69 70 65 61 71 64 61 68 69 61 67 71 61 70 72 73 74 73 72 75</p></triangles>
        <triangles material="m1" count="1801"><input semantic="VERTEX" source="#v" offset="0"/><p>76 77 78 79 80 81 76 82 83 84 85 86 86 87 88 88 89 90 90 91 92 92 93 94 95 96 97 98 99 100 101 102 103 104 105 106 76 109 110 101 109 76 111 101 103 109 101 111 77 76 110 107 78 108 78 107 76 112 107 108 104 112 105 112 104 107 80 113 114 104 113 80 115 104 106 113 104 115 81 116 117 80 118 81 118 80 114 116 81 118 119 81 117 101 119 102 119 101 81 120 121 122 84 123 124 95 123 84 125 95 97 123 95 125 84 126 120 126 84 124 121 120 126 127 120 122 98 127 99 127 98 120 82 128 129 98 128 82 130 98 100 128 98 130 83 131 132 82 133 134 133 82 129 83 134 131 134 83 82 135 83 132 95 135 96 135 95 83 93 92 91 91 90 89 89 88 87 87 86 85 136 94 93 80 79 136 82 76 107 85 84 120 94 136 79 137 138 139 140 141 142 143 144 141 145 146 137 145 137 147 148 149 150 151 150 152 153 152 154 155 154 156 157 156 158 138 137 159 141 140 143 144 143 149 146 145 160 161 162 163 164 165 166 167 168 169 138 170 171 159 172 173 159 174 172 174 164 166 138 175 176 175 159 173 175 138 159 170 138 176 177 138 171 167 177 168 177 167 138 142 178 179 167 178 142 180 167 169 178 167 180 140 181 182 142 183 184 183 142 179 142 181 140 181 142 184 185 140 182 165 140 185 165 164 140 157 186 187 158 188 189 158 190 188 146 190 158 190 146 160 164 174 159 157 191 186 191 158 189 191 157 158 192 157 187 157 162 161 162 157 192 139 193 194 139 195 193 195 161 163 195 139 161 137 196 197 198 139 194 139 196 137 196 139 198 156 157 155 149 148 144 150 151 148 152 153 151 154 155 153 147 137 197 199 200 201 202 203 204 205 204 206 207 208 209 204 205 202 203 202 210 211 206 212 206 211 205 212 213 211 214 208 215 216 210 217 201 218 219 208 214 209 220 215 213 210 216 203 216 221 199 218 201 200 207 218 222 215 220 214 213 212 220 221 216 217 200 199 221 218 207 219 208 207 222 223 224 225 224 223 226 228 229 230 229 228 227 231 232 233 234 233 235 236 235 237 238 237 239 237 238 236 235 236 234 233 234 231 232 231 240 241 242 243 244 242 241 242 244 245 248 247 249 250 249 251 252 251 253 254 253 255 256 255 257 255 256 254 253 254 252 251 252 250 249 250 248 247 248 246 258 260 261 260 258 259 262 263 264 263 262 265 266 268 269 268 266 267 270 271 272 273 272 274 275 274 276 274 275 273 272 273 270 271 270 277 278 279 280 279 278 281 282 284 285 284 282 283 286 287 288 289 288 290 291 290 292 290 291 289 288 289 286 287 286 293 294 295 296 295 294 297 298 299 300 301 300 302 303 302 304 305 304 306 304 305 303 302 303 301 300 301 298 299 298 307 308 309 310 311 309 308 309 311 312 315 314 316 317 316 318 319 318 320 321 320 322 320 321 319 318 319 317 316 317 315 314 315 313 323 325 326 325 323 324 327 328 329 328 327 330 331 332 333 333 334 331 334 333 332 332 331 334 335 336 337 338 337 339 340 339 341 342 341 343 341 342 340 339 340 338 337 338 335 336 335 344 345 346 347 346 345 348 350 351 352 351 350 349 353 354 355 356 355 357 358 357 359 360 359 361 359 360 358 357 358 356 355 356 353 354 353 362 364 365 366 365 364 363 367 368 369 368 367 370 373 372 374 375 374 376 377 376 378 379 378 380 378 379 377 376 377 375 374 375 373 372 373 371 381 382 383 384 382 381 385 387 388 387 385 386 391 390 392 393 392 394 395 394 396 397 396 398 396 397 395 394 395 393 392 393 391 390 391 389 399 400 401 400 399 402 404 405 406 404 403 405 407 408 409 410 409 411 412 411 413 414 413 415 413 414 412 411 412 410 409 410 407 408 407 416 417 418 419 418 417 420 423 422 424 425 424 426 427 426 428 426 427 425 424 425 423 422 423 421 429 431 432 432 433 434 433 432 431 431 429 430 435 436 437 436 435 438 439 440 441 440 439 442 445 444 446 447 446 448 449 448 450 448 449 447 446 447 445 444 445 443 451 453 454 453 451 452 456 457 458 456 455 457 459 461 462 461 459 460 463 464 465 466 465 467 468 467 469 470 469 471 469 470 468 467 468 466 465 466 463 464 463 472 473 474 475 474 473 476 477 478 479 480 478 477 483 482 484 485 484 486 487 486 488 489 488 490 488 489 487 486 487 485 484 485 483 482 483 481 491 492 493 492 491 494 496 497 498 497 496 495 499 500 501 502 501 503 504 503 505 506 505 507 505 506 504 503 504 502 501 502 499 500 499 508 509 510 511 510 509 512 515 514 516 517 516 518 519 518 520 521 520 522 523 522 524 522 523 521 520 521 519 518 519 517 516 517 515 514 515 513 525 527 528 527 525 526 530 531 532 530 529 531 533 535 536 535 533 534 537 538 539 540 539 541 542 541 543 541 542 540 539 540 537 538 537 544 546 547 548 546 545 547 549 551 552 551 549 550 553 554 555 556 555 557 558 557 559 557 558 556 555 556 553 554 553 560 561 562 563 562 561 564 565 566 567 568 567 569 570 569 571 572 571 573 571 572 570 569 570 568 567 568 565 566 565 574 575 576 577 576 575 578 581 580 582 583 582 584 585 584 586 587 586 588 586 587 585 584 585 583 582 583 581 580 581 579 589 591 592 591 589 590 595 594 593 594 595 596 597 598 599 599 600 597 600 599 598 598 597 600 601 602 603 604 603 605 606 605 607 608 607 609 607 608 606 605 606 604 603 604 601 602 601 610 611 612 613 614 612 611 612 614 615 617 618 619 618 617 616 620 621 622 623 622 624 625 624 626 627 626 628 626 627 625 624 625 623 622 623 620 621 620 629 631 632 633 632 631 630 634 635 636 635 634 637 640 639 641 642 641 643 644 643 645 646 645 647 645 646 644 643 644 642 641 642 640 639 640 638 648 649 650 649 648 651 652 654 655 654 652 653 658 657 659 660 659 661 662 661 663 664 663 665 663 664 662 661 662 660 659 660 658 657 658 656 666 667 668 667 666 669 670 671 672 673 671 670 674 675 676 677 676 678 679 678 680 681 680 682 680 681 679 678 679 677 676 677 674 675 674 683 684 685 686 687 685 684 690 689 691 692 691 693 694 693 695 693 694 692 691 692 690 689 690 688 696 698 699 699 700 701 700 699 698 698 696 697 702 703 704 703 702 705 706 707 708 707 706 709 712 711 713 714 713 715 716 715 717 715 716 714 713 714 712 711 712 710 718 720 721 720 718 719 722 723 724 723 722 725 726 728 729 728 726 727 730 731 732 733 732 734 735 734 736 737 736 738 736 737 735 734 735 733 732 733 730 731 730 739 740 742 743 742 740 741 744 745 746 745 744 747 748 749 750 752 750 753 754 753 755 756 755 757 755 756 754 749 748 751 750 752 748 753 754 752 758 759 760 761 759 758 759 761 762 764 765 766 765 764 763 767 768 769 770 769 771 772 771 773 774 773 775 773 774 772 771 772 770 769 770 767 768 767 776 777 778 779 778 777 780 783 782 784 785 784 786 787 786 788 789 788 790 791 790 792 790 791 789 788 789 787 786 787 785 784 785 783 782 783 781 793 795 796 795 793 794 797 798 799 798 797 800 801 803 804 803 801 802 805 806 807 808 807 809 810 809 811 809 810 808 807 808 805 806 805 812 813 814 815 814 813 816 817 819 820 819 817 818 821 822 823 824 823 825 826 825 827 825 826 824 823 824 821 822 821 828 831 830 829 830 831 832 833 834 835 836 835 837 838 837 839 840 839 841 839 840 838 837 838 836 835 836 833 834 833 842 843 844 845 844 843 846 849 848 850 851 850 852 853 852 854 855 854 856 854 855 853 852 853 851 850 851 849 848 849 847 857 859 860 859 857 858 861 862 863 862 861 864 865 866 867 867 868 865 868 867 866 866 865 868 869 870 871 872 871 873 874 873 875 876 875 877 875 876 874 873 874 872 871 872 869 870 869 878 879 880 881 880 882 883 880 879 882 885 886 887 886 885 884 888 889 890 891 890 892 893 892 894 895 894 896 894 895 893 892 893 891 890 891 888 889 888 897 899 900 901 900 899 898 902 903 904 905 903 902 908 907 909 910 909 911 912 911 913 914 913 915 913 914 912 911 912 910 909 910 908 907 908 906 916 917 918 917 916 919 920 922 923 922 920 921 926 925 927 928 927 929 930 929 931 932 931 933 931 932 930 929 930 928 927 928 926 925 926 924 934 935 936 935 934 937 938 939 940 939 938 941 942 943 944 945 944 946 947 946 948 949 948 950 948 949 947 946 947 945 944 945 942 943 942 951 954 953 952 953 954 955 958 957 959 960 959 961 962 961 963 961 962 960 959 960 958 957 958 956 964 966 967 967 968 969 968 967 966 966 964 965 970 971 972 973 971 970 974 975 976 975 974 977 980 979 981 982 981 983 984 983 985 983 984 982 981 982 980 979 980 978 986 988 989 988 986 987 990 991 992 991 990 993 994 996 997 996 994 995 998 999 1000 1001 1000 1002 1003 1002 1004 1005 1004 1006 1004 1005 1003 1002 1003 1001 1000 1001 998 999 998 1007 1008 1009 1010 1009 1008 1011 1012 1013 1014 1013 1012 1015 1018 1017 1019 1020 1019 1021 1022 1021 1023 1024 1023 1025 1023 1024 1022 1021 1022 1020 1019 1020 1018 1017 1018 1016 1026 1027 1028 1027 1029 1030 1027 1026 1029 1032 1033 1034 1033 1032 1031 1035 1036 1037 1038 1037 1039 1040 1039 1041 1042 1041 1043 1041 1042 1040 1039 1040 1038 1037 1038 1035 1036 1035 1044 1045 1046 1047 1048 1046 1045 1046 1048 1049 1052 1051 1053 1054 1053 1055 1056 1055 1057 1058 1057 1059 1060 1059 1061 1059 1060 1058 1057 1058 1056 1055 1056 1054 1053 1054 1052 1051 1052 1050 1062 1064 1065 1064 1062 1063 1066 1067 1068 1067 1066 1069 1070 1072 1073 1072 1070 1071 1074 1075 1076 1077 1076 1078 1079 1078 1080 1078 1079 1077 1076 1077 1074 1075 1074 1081 1082 1083 1084 1083 1082 1085 1086 1088 1089 1088 1086 1087 1090 1091 1092 1093 1092 1094 1095 1094 1096 1094 1095 1093 1092 1093 1090 1091 1090 1097 1098 1099 1100 1099 1098 1101 1102 1103 1104 1105 1104 1106 1107 1106 1108 1109 1108 1110 1108 1109 1107 1106 1107 1105 1104 1105 1102 1103 1102 1111 1112 1113 1114 1113 1115 1116 1113 1112 1115 1119 1118 1120 1121 1120 1122 1123 1122 1124 1125 1124 1126 1124 1125 1123 1122 1123 1121 1120 1121 1119 1118 1119 1117 1127 1129 1130 1129 1127 1128 1131 1132 1133 1132 1131 1134 1135 1136 1137 1137 1138 1135 1138 1137 1136 1136 1135 1138 1139 1140 1141 1142 1141 1143 1144 1143 1145 1146 1145 1147 1145 1146 1144 1143 1144 1142 1141 1142 1139 1140 1139 1148 1149 1150 1151 1150 1149 1152 1154 1155 1156 1155 1154 1153 1157 1158 1159 1160 1159 1161 1162 1161 1163 1164 1163 1165 1163 1164 1162 1161 1162 1160 1159 1160 1157 1158 1157 1166 1168 1169 1170 1169 1168 1167 1173 1172 1171 1172 1173 1174 1177 1176 1178 1179 1178 1180 1181 1180 1182 1183 1182 1184 1182 1183 1181 1180 1181 1179 1178 1179 1177 1176 1177 1175 1187 1186 1185 1186 1187 1188 1189 1191 1192 1191 1189 1190 1195 1194 1196 1197 1196 1198 1199 1198 1200 1201 1200 1202 1200 1201 1199 1198 1199 1197 1196 1197 1195 1194 1195 1193 1203 1204 1205 1204 1203 1206 1207 1208 1209 1208 1207 1210 1211 1212 1213 1214 1213 1215 1216 1215 1217 1218 1217 1219 1217 1218 1216 1215 1216 1214 1213 1214 1211 1212 1211 1220 1221 1222 1223 1222 1221 1224 1227 1226 1228 1229 1228 1230 1231 1230 1232 1230 1231 1229 1228 1229 1227 1226 1227 1225 1233 1235 1236 1236 1237 1238 1237 1236 1235 1235 1233 1234 1239 1240 1241 1240 1239 1242 1243 1244 1245 1244 1243 1246 1249 1248 1250 1251 1250 1252 1253 1252 1254 1252 1253 1251 1250 1251 1249 1248 1249 1247 1255 1257 1258 1257 1255 1256 1259 1260 1261 1262 1260 1259 1263 1265 1266 1265 1263 1264 1267 1268 1269 1270 1269 1271 1272 1271 1273 1274 1273 1275 1273 1274 1272 1271 1272 1270 1269 1270 1267 1268 1267 1276 1277 1278 1279 1278 1277 1280 1281 1282 1283 1282 1281 1284 1285 1287 1286 1288 1289 1287 1290 1291 1289 1292 1293 1291 1293 1292 1294 1291 1290 1292 1289 1288 1290 1287 1285 1288 1302 1300 1301 1308 1309 1310 1314 1312 1313 1322 1323 1324 1332 1333 1334 1345 1346 1347 1299 1298 1356 1306 1307 1362 1367 1308 1311 1346 1368 1347 1370 1371 1372 1327 1373 1374 1311 1308 1310 1305 1306 1362 1304 1360 1359 1369 1382 1383 1384 1385 1329 1360 1304 1361 1393 1312 1394 1395 1396 1316 1317 1397 1318 1378 1398 1379 1319 1317 1318 1325 1399 1375 1326 1325 1375 1331 1327 1374 1347 1408 1345 1295 1411 1296 1356 1416 1299 1303 1304 1359 1380 1364 1365 1366 1305 1363 1312 1314 1394 1419 1420 1319 1320 1321 1376 1375 1421 1326 1325 1385 1384 1329 1422 1330 1374 1423 1331 1424 1425 1370 1388 1337 1402 1389 1388 1403 1426 1427 1339 1431 1432 1433 1346 1434 1343 1343 1435 1344 1436 1348 1349 1350 1335 1381 1351 1296 1410 1387 1351 1410 1354 1443 1355 1300 1444 1445 1360 1306 1305 1447 1448 1366 1305 1380 1308 1417 1418 1310 1449 1310 1418 1308 1315 1312 1312 1316 1313 1395 1316 1315 1451 1317 1319 1385 1325 1326 1373 1327 1374 1327 1332 1371 1371 1334 1372 1370 1372 1456 1341 1340 1429 1459 1369 1383 1346 1344 1368 1335 1350 1336 1464 1465 1336 1295 1296 1351 1295 1466 1411 1472 1473 1474 1301 1300 1445 1304 1478 1446 1306 1360 1361 1479 1366 1363 1309 1308 1380 1311 1310 1449 1315 1316 1312 1314 1480 1392 1379 1386 1378 1319 1318 1419 1481 1321 1320 1376 1324 1325 1329 1330 1384 1401 1328 1455 1327 1401 1374 1332 1327 1331 1332 1334 1371 1485 1486 1333 1424 1370 1456 1371 1402 1337 1340 1341 1369 1342 1489 1430 1408 1347 1460 1464 1336 1350 1335 1295 1351 1466 1295 1494 1353 1352 1439 1415 1414 1471 1416 1356 1476 1357 1508 1358 1477 1444 1300 1478 1304 1303 1307 1509 1510 1307 1305 1362 1364 1511 1365 1364 1380 1305 1513 1514 1515 1514 1513 1298 1518 1519 1520 1521 1519 1522 1523 1524 1525 1525 1526 1527 1528 1525 1529 1520 1519 1531 1524 1523 1505 1517 1530 1532 1298 1442 1533 1519 1521 1531 1505 1506 1514 1524 1505 1514 1525 1528 1526 1517 1516 1530 1534 1535 1467 1441 1298 1513 1515 1514 1518 1514 1519 1518 1514 1506 1519 1539 1540 1474 1543 1440 1391 1532 1530 1548 1547 1532 1548 1549 1499 1550 1551 1499 1535 1472 1536 1524 1539 1538 1540 1555 1504 1556 1440 1543 1559 1390 1440 1560 1560 1547 1470 1547 1469 1546 1354 1355 1501 1467 1535 1499 1566 1534 1567 1412 1497 1569 1574 1575 1576 1578 1297 1579 1525 1524 1529 1583 1542 1584 1542 1541 1584 1300 1302 1559 1545 1544 1585 1547 1560 1440 1532 1547 1586 1562 1561 1587 1499 1549 1501 1589 1500 1590 1564 1563 1591 1567 1534 1592 1534 1568 1593 1497 1412 1467 1570 1571 1594 1595 1438 1596 1438 1437 1598 1554 1573 1463 1432 1575 1601 1575 1577 1576 1605 1441 1606 1581 1580 1607 1504 1557 1556 1559 1504 1472 1390 1545 1391 1547 1415 1532 1561 1562 1588 1413 1609 1610 1611 1413 1412 1535 1534 1566 1564 1565 1563 1534 1593 1592 1353 1498 1352 1351 1598 1437 1614 1613 1387 1554 1553 1573 1575 1574 1601 1406 1404 1603 1603 1602 1615 1604 1603 1405 1616 1376 1453 1617 1618 1619 1297 1578 1621 1581 1582 1580 1524 1536 1297 1504 1608 1472 1542 1583 1558 1300 1559 1543 1586 1547 1532 1564 1552 1625 1412 1413 1467 1571 1570 1612 1438 1597 1596 1626 1387 1627 1463 1573 1493 1628 1461 1629 1630 1631 1632 1431 1575 1432 1404 1406 1431 1603 1604 1602 1483 1455 1634 1635 1454 1636 1376 1616 1322 1581 1506 1505 1298 1533 1356 1540 1472 1474 1608 1504 1638 1639 1471 1414 1624 1470 1469 1413 1611 1609 1499 1551 1500 1564 1591 1552 1569 1497 1640 1571 1612 1640 1497 1571 1640 1437 1595 1642 1387 1613 1627 1629 1461 1409 1406 1407 1431 1487 1459 1383 1634 1455 1647 1648 1384 1454 1636 1454 1400 1376 1322 1324 1618 1620 1619 1508 1357 1637 1581 1607 1506 1472 1540 1537 1391 1440 1390 1471 1639 1650 1588 1562 1502 1501 1549 1354 1500 1589 1550 1470 1624 1623 1439 1468 1651 1468 1439 1352 1552 1467 1625 1497 1641 1571 1572 1437 1642 1600 1351 1626 1495 1496 1599 1463 1493 1492 1348 1491 1463 1653 1436 1349 1431 1433 1434 1631 1633 1632 1431 1407 1575 1489 1342 1643 1369 1644 1404 1487 1645 1459 1458 1428 1654 1654 1428 1340 1457 1403 1655 1655 1403 1656 1333 1646 1485 1423 1374 1657 1384 1648 1328 1323 1322 1658 1618 1617 1453 1376 1618 1453 1321 1649 1452 1398 1450 1660 1450 1398 1378 1447 1366 1512 1441 1605 1442 1471 1650 1503 1550 1499 1500 1623 1622 1470 1595 1437 1438 1598 1599 1661 1348 1463 1335 1436 1653 1662 1435 1343 1490 1431 1434 1346 1631 1407 1406 1603 1404 1405 1656 1403 1388 1402 1371 1370 1646 1333 1663 1647 1455 1328 1421 1375 1482 1658 1322 1664 1659 1322 1665 1618 1376 1377 1321 1481 1649 1320 1317 1451 1480 1314 1313 1512 1366 1479 1511 1364 1666 1509 1307 1306 1443 1354 1507 1297 1621 1475 1469 1470 1546 1626 1351 1387 1661 1599 1496 1464 1652 1465 1492 1493 1463 1491 1348 1436 1436 1662 1462 1631 1630 1407 1404 1644 1342 1488 1369 1459 1337 1340 1369 1426 1339 1338 1388 1389 1337 1663 1333 1332 1422 1329 1484 1399 1325 1324 1322 1659 1664 1317 1320 1376 1667 1668 1669 1670 1671 1672 1673 1674 1675 1676 1667 1677 1678 1679 1680 1681 1682 1683 1684 1671 1685 1686 1687 1688 1679 1689 1690 1690 1674 1691 1683 1675 1681 1671 1670 1692 1671 1684 1672 1677 1685 1676 1669 1687 1693 1668 1667 1676 1692 1682 1681 1688 1694 1686 1687 1686 1693 1687 1669 1668 1694 1678 1680 1685 1677 1684 1682 1692 1670 1675 1683 1673 1674 1673 1691 1674 1690 1689 1689 1679 1678 1694 1688 1678 1695 1696 1697 1698 1699 1700 1697 1701 1702 1702 1703 1704 1704 1705 1706 1706 1707 1708 1708 1709 1710 1710 1711 1712 1696 1695 1698 1713 1700 1699 1714 1715 1713 1716 1717 1714 1718 1719 1716 1720 1721 1718 1722 1723 1720 1724 1725 1722 1725 1724 1726 1723 1722 1725 1721 1720 1723 1719 1718 1721 1717 1716 1719 1715 1714 1717 1700 1713 1715 1699 1698 1695 1701 1697 1696 1703 1702 1701 1705 1704 1703 1707 1706 1705 1709 1708 1707 1711 1710 1709 1726 1712 1711 1712 1726 1724 1727 1728 1729 1730 1731 1732 1733 1734 1735 1736 1737 1738 1739 1740 1741 1742 1743 1744 1745 1746 1743 1747 1748 1746 1749 1750 1751 1752 1753 1754 1727 1755 1756 1756 1757 1752 1757 1756 1755 1755 1727 1729 1753 1752 1757 1754 1758 1749 1758 1754 1753 1750 1749 1758 1759 1750 1748 1750 1759 1751 1748 1747 1759 1746 1745 1747 1739 1744 1740 1744 1739 1742 1743 1742 1745 1741 1760 1736 1760 1741 1740 1737 1736 1760 1738 1761 1733 1761 1738 1737 1734 1733 1761 1762 1734 1731 1734 1762 1735 1731 1730 1762 1732 1763 1730 1728 1727 1763 1763 1732 1728 1764 1765 1766 1767 1768 1769 1770 1769 1768 1771 1772 1773 1773 1774 1775 1776 1777 1778 1765 1779 1780 1781 1766 1782 1770 1783 1769 1771 1784 1785 1774 1773 1772 1777 1775 1774 1766 1781 1764 1781 1786 1767 1784 1771 1783 1777 1776 1775 1786 1781 1782 1772 1771 1785 1787 1778 1788 1787 1789 1790 1768 1767 1786 1789 1787 1788 1790 1791 1779 1778 1787 1776 1791 1790 1789 1779 1791 1780 1765 1764 1779 1783 1770 1784 1796 1797 1798 1812 1813 1814 1815 1816 1817 1796 1818 1819 1824 1806 1840 1841 1842 1843 1847 1849 1846 1850 1851 1852 1853 1854 1855 1852 1851 1856 1859 1860 1861 1862 1863 1864 1855 1854 1865 1869 1858 1857 1857 1858 1870 1872 1833 1873 1861 1860 1874 1875 1876 1877 1878 1879 1880 1883 1881 1882 1884 1885 1886 1886 1885 1887 1854 1853 1864 1868 1867 1889 1856 1871 1890 1833 1872 1856 1891 1892 1893 1894 1895 1896 1897 1898 1899 1900 1901 1902 1876 1875 1903 1877 1876 1904 1882 1881 1908 1887 1885 1862 1863 1862 1909 1864 1888 1854 1910 1863 1889 1867 1868 1866 1890 1871 1913 1893 1892 1834 1896 1895 1914 1914 1895 1915 1902 1901 1918 1919 1920 1921 1905 1906 1907 1907 1906 1923 1863 1909 1925 1925 1909 1926 1912 1911 1889 1927 1928 1929 1856 1851 1871 1833 1856 1890 1930 1931 1932 1932 1931 1933 1804 1934 1935 1899 1898 1939 1939 1898 1940 1941 1942 1918 1921 1920 1943 1922 1829 1874 1945 1946 1876 1947 1948 1949 1949 1948 1950 1951 1952 1953 1955 1956 1957 1960 1961 1962 1963 1964 1965 1880 1879 1967 1968 1969 1970 1971 1972 1973 1977 1925 1978 1978 1980 1981 1982 1926 1983 1863 1910 1984 1911 1912 1928 1929 1928 1985 1858 1869 1986 1917 1916 1991 1993 1994 1995 1997 1942 1998 1942 1941 2002 1874 1860 1944 1946 1904 1876 1950 1948 1826 1906 1905 2003 2004 1906 2003 1953 1952 2005 1952 1954 2006 1956 1955 2007 1959 1958 1924 1961 1960 2008 1965 1964 1966 1969 1968 2011 1970 1969 2012 2015 2013 2014 2016 2017 2018 2024 2025 2026 2027 2028 2029 2029 2028 2030 2031 2032 2033 2034 2031 2035 2036 2031 2037 1973 1972 2038 1925 1977 1975 1980 1978 2040 1983 1926 2041 1864 1863 1888 1912 1889 1863 1856 1871 2042 1858 1890 1870 1833 1872 1873 1915 2043 2044 1931 1987 1933 1934 1804 2043 1988 1935 2045 1935 1989 2045 1990 1938 1898 2050 2051 2052 2052 2051 2053 1995 1994 2054 1994 1996 2055 1942 1997 1994 2001 2000 2002 1941 1918 1901 1944 1922 1874 1946 1945 1922 1802 1832 1946 1946 1832 1904 1952 2006 2005 2062 2063 2064 1958 1959 2008 2065 1961 1879 2016 2018 2019 2020 2019 2070 2019 2021 2070 1812 2022 1813 2072 2026 2025 2030 2028 2073 2035 2031 2074 1975 1974 1971 1975 2039 1882 1862 1885 1909 1910 1889 1867 1856 2042 1871 1890 1913 1870 1834 1892 1872 2043 1987 1931 1992 1936 1991 2081 1938 2048 2047 2048 2049 2049 2048 2082 2053 2051 2085 1994 2055 2054 2000 2001 1999 2057 1922 1944 1922 1944 2086 2087 2088 2089 1826 1827 2004 2061 2060 2062 2064 2063 1955 2009 1879 1961 2009 1967 2091 2014 2013 2066 1816 2069 2092 2094 2071 2016 1812 2023 2022 1794 1795 2096 2031 2036 2074 2077 2076 2099 1837 2079 2078 1872 1833 1834 2043 1895 1833 2043 1915 1895 1987 2043 2080 1998 1942 2000 2104 1831 2105 2105 1831 2106 2109 1796 1819 2004 1827 1906 2110 2090 1952 2060 2061 2059 2063 2062 2111 1964 1963 1962 1879 2009 2091 2014 2066 2112 2009 2014 2010 2012 1969 2009 1816 2092 2068 2018 2017 1815 2096 1795 2114 2032 2028 2098 2033 2115 2116 2076 2077 2075 2120 2121 1840 1837 2078 2100 2125 2123 2124 1908 1975 1882 1926 1982 1979 1940 1938 2128 1938 2081 2128 2048 2047 2081 2083 2048 1938 2083 2051 2084 2129 2130 2131 2056 1918 1942 1922 1945 1828 2108 2107 1797 2107 2108 2134 2089 2088 2136 2136 2088 1819 1826 1948 1827 2090 2110 1826 1952 2090 1954 1964 1961 2065 1815 1817 2012 2097 2096 2072 2032 1794 2096 2137 1810 2138 2118 1845 2119 1822 2101 2122 1979 1925 1926 1888 1863 1984 1928 1912 1985 2142 1805 1804 1935 1934 2103 1898 1938 1940 2000 1942 2002 1831 1830 2106 2109 1819 2088 2063 2111 2090 2090 2111 2143 1955 2063 2007 1962 1961 1964 1967 1879 2091 2068 2067 1816 2019 2018 2113 2016 2071 2017 2144 1794 2145 2072 2096 2026 2037 2031 2033 2115 2033 2032 2138 1810 1811 1848 2139 2117 1792 2140 2146 2147 1842 1841 1824 1840 2148 1837 2100 1838 1835 2141 1839 1975 1971 1835 1971 1974 2102 1805 2142 2127 1934 2046 2103 2051 2083 2085 1994 1997 1996 1922 2086 1944 1800 1820 1799 2090 1826 2004 2090 2143 1954 1815 2012 2009 1816 1815 2069 2069 1815 2093 2145 1794 2154 1812 1814 2095 2028 2032 2073 2155 1808 1810 2139 1848 1809 1793 1825 1792 1845 2118 1846 1847 1845 1846 1806 1807 1847 1847 1807 1845 1840 2121 2148 1822 2122 1823 1975 1908 1976 2043 1931 2044 1937 1936 1992 2131 2130 1828 2058 2057 2156 1821 1801 2157 2151 1800 2158 1800 2152 2158 1820 1800 1802 2014 2112 2010 2096 2114 2026 2116 2115 2076 2076 2115 2099 1808 2155 2115 2115 2155 2099 1808 1811 1810 1792 2146 2159 1825 1847 1846 1844 1807 1806 1841 1807 1844 2124 2123 1836 2127 2126 1805 1942 1994 2083 2149 2057 2133 2156 2057 2149 1802 2150 1832 2160 1801 1803 1796 1820 1802 2108 1796 2135 1844 1806 1824 1807 1841 2161 2161 1841 1843 1840 1806 1839 2133 2132 2149 1801 2160 2157 1797 1796 2108 2004 1818 1796 2062 2060 2111 1794 2144 1795 1792 2159 1793 1849 1847 1846 1835 1839 1806 1839 2141 1837 1828 2130 1829 1832 2150 1830 2018 2153 2113 2162 2163 2164 2164 2165 2166 2166 2167 2168 2168 2169 2170 2170 2171 2172 2172 2173 2174 2174 2175 2176 2177 2178 2179 2180 2181 2182 2182 2183 2184 2184 2185 2186 2186 2187 2188 2188 2189 2190 2190 2191 2192 2192 2193 2162 2193 2192 2191 2191 2190 2189 2189 2188 2187 2187 2186 2185 2185 2184 2183 2183 2182 2181 2181 2180 2177 2176 2179 2178 2179 2176 2175 2178 2177 2180 2175 2174 2173 2173 2172 2171 2171 2170 2169 2169 2168 2167 2167 2166 2165 2165 2164 2163 2163 2162 2193 2194 2195 2196 2195 2194 2197 2198 2199 2200 2201 2200 2202 2203 2202 2204 2202 2203 2201 2203 2205 2206 2206 2207 2208 2207 2206 2205 2196 2209 2194 2199 2198 2209 2200 2201 2198 2205 2203 2204 2210 2208 2207 2211 2212 2213 2214 2215 2216 2214 2217 2215 2218 2219 2217 2220 2221 2222 2223 2224 2225 2195 2226 2223 2227 2223 2226 2226 2195 2197 2224 2223 2227 2225 2228 2220 2228 2225 2224 2221 2220 2228 2229 2221 2219 2221 2229 2222 2219 2218 2229 2217 2214 2218 2211 2216 2230 2216 2211 2214 2213 2231 2210 2231 2213 2212 2212 2211 2230 2208 2210 2231 2209 2196 2199 2232 2233 2234 2235 2236 2237 2238 2239 2240 2241 2242 2243 2244 2245 2246 2247 2248 2249 2250 2251 2252 2253 2254 2255 2256 2257 2258 2259 2260 2261 2262 2263 2264 2265 2266 2267 2268 2269 2270 2271 2272 2273 2274 2275 2276 2274 2277 2232 2277 2274 2276 2271 2275 2274 2275 2271 2273 2272 2268 2270 2272 2271 2268 2269 2265 2267 2269 2268 2265 2262 2266 2265 2266 2262 2264 2259 2263 2262 2263 2259 2261 2256 2260 2259 2260 2256 2258 2257 2253 2255 2257 2256 2253 2250 2254 2253 2254 2250 2252 2251 2247 2249 2251 2250 2247 2248 2244 2246 2248 2247 2244 2241 2245 2244 2245 2241 2243 2238 2242 2241 2242 2238 2240 2233 2232 2277 2236 2234 2233 2234 2236 2235 2239 2238 2235 2239 2235 2237 2278 2279 2280 2281 2282 2283 2284 2279 2278 2285 2286 2287 2288 2289 2290 2291 2292 2293 2294 2295 2296 2297 2298 2299 2300 2301 2302 2303 2304 2305 2304 2303 2306 2307 2308 2303 2308 2307 2309 2310 2311 2312 2310 2307 2311 2313 2314 2315 2313 2311 2314 2316 2317 2314 2317 2316 2318 2319 2320 2316 2320 2319 2321 2300 2322 2319 2322 2300 2302 2301 2297 2299 2301 2300 2297 2294 2298 2297 2298 2294 2296 2295 2291 2293 2295 2294 2291 2292 2288 2290 2292 2291 2288 2285 2289 2288 2289 2285 2287 2281 2286 2285 2286 2281 2283 2282 2278 2280 2282 2281 2278 2319 2322 2321 2316 2320 2318 2314 2317 2315 2311 2313 2312 2307 2310 2309 2323 2305 2304 2279 2284 2323 2303 2308 2306 2305 2323 2284</p></triangles>
        <triangles material="m2" count="1490"><input semantic="VERTEX" source="#v" offset="0"/><p>2324 2325 2326 2327 2328 2329 2330 2331 2332 2333 2334 2324 2335 2336 2337 2331 2330 2338 2328 2327 2339 2340 2329 2341 2326 2342 2343 2340 2341 2344 2344 2345 2333 2342 2326 2325 2346 2347 2348 2329 2340 2327 2345 2344 2341 2334 2333 2345 2349 2342 2347 2337 2348 2335 2342 2349 2343 2347 2346 2349 2348 2337 2346 2336 2332 2331 2332 2336 2335 2325 2324 2334 2350 2351 2352 2354 2353 2355 2356 2357 2353 2358 2359 2360 2358 2360 2361 2359 2358 2362 2363 2353 2354 2364 2361 2360 2356 2353 2363 2356 2365 2357 2365 2361 2364 2361 2365 2356 2355 2353 2366 2367 2366 2368 2366 2367 2355 2367 2369 2370 2369 2367 2368 2371 2372 2373 2371 2373 2374 2372 2371 2375 2370 2376 2367 2377 2376 2370 2377 2378 2379 2378 2374 2373 2374 2378 2377 2384 2385 2383 2386 2387 2388 2386 2388 2389 2387 2386 2390 2383 2391 2384 2391 2383 2382 2384 2392 2385 2392 2389 2388 2389 2392 2384 2382 2383 2393 2382 2381 2380 2394 2382 2393 2381 2382 2394 2396 2397 2395 2397 2396 2381 2398 2399 2396 2400 2401 2402 2400 2402 2403 2401 2400 2404 2405 2396 2395 2398 2396 2405 2398 2406 2399 2406 2403 2402 2403 2406 2398 2381 2396 2407 2380 2407 2408 2407 2380 2381 2411 2413 2412 2414 2415 2411 2416 2417 2418 2411 2419 2413 2419 2411 2415 2411 2412 2420 2411 2410 2382 2410 2411 2420 2423 2422 2410 2424 2425 2422 2426 2427 2428 2426 2428 2429 2427 2426 2430 2431 2422 2421 2424 2422 2431 2424 2432 2425 2432 2429 2428 2429 2432 2424 2410 2433 2434 2433 2410 2422 2382 2434 2409 2410 2434 2382 2411 2437 2438 2439 2440 2441 2439 2444 2442 2444 2439 2443 2439 2441 2445 2446 2447 2448 2449 2450 2438 2451 2452 2450 2453 2454 2455 2453 2455 2456 2454 2453 2457 2451 2450 2449 2451 2458 2452 2458 2456 2455 2456 2458 2451 2438 2450 2459 2411 2459 2436 2438 2459 2411 2460 2411 2436 2461 2411 2460 2462 2411 2461 2411 2463 2464 2463 2411 2462 2464 2414 2411 2446 2465 2466 2417 2416 2467 2417 2469 2418 2470 2471 2472 2471 2470 2473 2472 2471 2474 2472 2469 2475 2476 2477 2478 2477 2473 2470 2477 2476 2473 2475 2469 2479 2472 2474 2469 2479 2469 2417 2417 2480 2481 2481 2480 2482 2480 2417 2467 2480 2483 2482 2484 2480 2485 2480 2484 2486 2485 2480 2487 2487 2480 2488 2480 2486 2483 2489 2490 2491 2491 2490 2492 2493 2490 2494 2490 2493 2492 2494 2495 2493 2496 2497 2498 2497 2496 2499 2498 2497 2500 2498 2495 2501 2499 2496 2502 2503 2504 2505 2504 2502 2496 2504 2503 2502 2498 2500 2495 2501 2495 2494 2494 2467 2506 2467 2494 2490 2355 2380 2508 2380 2355 2367 2509 2488 2480 2510 2480 2511 2480 2510 2509 2511 2480 2512 2512 2480 2513 2514 2480 2515 2480 2514 2513 2516 2480 2517 2480 2516 2515 2518 2517 2465 2517 2518 2516 2519 2447 2446 2435 2382 2409 2447 2519 2520 2467 2507 2506 2521 2467 2522 2467 2521 2523 2522 2524 2525 2524 2522 2467 2467 2523 2507 2527 2526 2528 2528 2526 2529 2530 2531 2532 2531 2530 2533 2532 2531 2534 2532 2526 2535 2533 2530 2536 2537 2538 2539 2538 2536 2530 2538 2537 2536 2532 2534 2526 2520 2519 2541 2466 2465 2542 2543 2544 2545 2544 2541 2519 2544 2543 2541 2446 2448 2465 2542 2465 2517 2367 2517 2480 2546 2467 2547 2467 2546 2548 2547 2467 2549 2549 2467 2550 2550 2467 2468 2439 2437 2411 2540 2526 2527 2526 2540 2535 2527 2490 2551 2551 2490 2552 2490 2527 2528 2490 2553 2552 2554 2555 2556 2555 2554 2557 2556 2555 2558 2489 2553 2490 2553 2489 2556 2559 2560 2561 2560 2557 2554 2560 2559 2557 2556 2558 2553 2562 2563 2564 2565 2564 2563 2564 2565 2566 2563 2567 2568 2566 2565 2569 2570 2571 2572 2571 2569 2565 2571 2570 2569 2568 2567 2573 2574 2567 2575 2574 2575 2576 2567 2574 2573 2575 2577 2576 2578 2579 2580 2579 2578 2581 2580 2579 2582 2580 2577 2583 2581 2578 2584 2586 2587 2588 2587 2584 2578 2587 2586 2584 2580 2582 2577 2585 2577 2575 2528 2575 2567 2589 2590 2591 2592 2591 2593 2591 2592 2589 2593 2591 2594 2594 2591 2595 2595 2591 2596 2597 2591 2598 2591 2597 2596 2598 2599 2597 2600 2601 2602 2601 2600 2603 2602 2601 2604 2602 2599 2605 2606 2607 2608 2607 2603 2600 2382 2435 2391 2377 2379 2376 2488 2509 2609 2467 2548 2524 2563 2562 2567 2590 2589 2610 2611 2612 2613 2617 2616 2619 2611 2623 2622 2624 2625 2626 2624 2626 2613 2625 2624 2627 2628 2613 2626 2611 2629 2623 2613 2629 2611 2629 2613 2628 2611 2622 2630 2611 2621 2620 2621 2611 2630 2631 2632 2621 2633 2634 2632 2635 2636 2637 2635 2637 2638 2636 2635 2639 2640 2632 2631 2633 2632 2640 2633 2641 2634 2641 2638 2637 2638 2641 2633 2620 2618 2617 2621 2632 2620 2618 2620 2632 2619 2616 2642 2643 2644 2645 2642 2646 2647 2646 2642 2616 2648 2649 2647 2650 2651 2652 2650 2652 2653 2651 2650 2654 2655 2647 2646 2648 2647 2655 2648 2656 2649 2656 2653 2652 2653 2656 2648 2642 2647 2657 2643 2657 2644 2657 2643 2642 2658 2659 2644 2660 2661 2659 2662 2659 2658 2663 2664 2665 2663 2665 2666 2664 2663 2667 2607 2606 2603 2660 2659 2662 2660 2668 2661 2668 2666 2665 2666 2668 2660 2659 2645 2644 2614 2645 2659 2669 2670 2443 2615 2671 2439 2673 2674 2671 2675 2676 2674 2677 2678 2679 2677 2679 2680 2678 2677 2681 2682 2674 2673 2683 2680 2679 2675 2674 2682 2675 2684 2676 2684 2680 2683 2680 2684 2675 2671 2685 2686 2685 2671 2674 2439 2686 2672 2686 2439 2671 2687 2439 2672 2688 2439 2687 2439 2669 2443 2689 2439 2688 2669 2439 2689 2670 2669 2690 2615 2614 2671 2611 2692 2693 2591 2695 2694 2590 2696 2591 2696 2590 2697 2591 2698 2695 2698 2591 2696 2591 2694 2699 2591 2692 2611 2700 2591 2699 2692 2591 2700 2701 2702 2693 2703 2704 2702 2705 2706 2707 2705 2707 2708 2706 2705 2709 2710 2702 2701 2711 2708 2707 2703 2702 2710 2703 2712 2704 2712 2708 2711 2708 2712 2703 2693 2702 2713 2611 2713 2691 2693 2713 2611 2714 2611 2691 2715 2611 2714 2716 2611 2715 2612 2611 2716 2567 2562 2717 2567 2718 2719 2718 2567 2717 2567 2598 2591 2605 2599 2598 2602 2604 2599 2415 2414 2720 2721 2722 2723 2724 2725 2726 2727 2728 2729 2729 2730 2721 2722 2721 2730 2731 2732 2733 2734 2735 2736 2737 2738 2739 2724 2740 2725 2727 2741 2742 2730 2729 2728 2732 2731 2723 2743 2731 2733 2744 2745 2734 2736 2735 2746 2747 2748 2749 2738 2737 2747 2741 2727 2740 2723 2722 2732 2731 2743 2744 2735 2734 2745 2748 2747 2746 2726 2739 2738 2744 2743 2750 2748 2746 2735 2728 2727 2742 2738 2747 2749 2745 2744 2750 2740 2724 2741 2739 2726 2725 2751 2752 2753 2754 2755 2756 2757 2758 2755 2759 2760 2758 2761 2762 2760 2763 2764 2762 2765 2766 2764 2767 2768 2766 2769 2770 2768 2771 2772 2770 2772 2771 2773 2770 2769 2771 2768 2767 2769 2766 2765 2767 2764 2763 2765 2762 2761 2763 2760 2759 2761 2758 2757 2759 2755 2754 2757 2756 2774 2754 2752 2751 2774 2774 2756 2752 2775 2776 2777 2776 2775 2778 2779 2780 2781 2780 2779 2782 2783 2784 2785 2784 2783 2786 2787 2788 2789 2787 2789 2790 2788 2787 2791 2792 2793 2794 2793 2792 2795 2796 2797 2798 2797 2796 2799 2800 2801 2802 2801 2800 2803 2804 2805 2806 2805 2804 2807 2808 2809 2810 2809 2808 2811 2812 2813 2814 2813 2812 2815 2816 2817 2818 2817 2816 2819 2820 2821 2822 2821 2820 2823 2824 2825 2826 2825 2824 2827 2828 2829 2830 2829 2828 2831 2832 2833 2834 2833 2832 2835 2836 2837 2838 2837 2836 2839 2840 2841 2842 2841 2840 2843 2844 2845 2846 2845 2844 2847 2848 2849 2850 2849 2848 2851 2852 2853 2854 2853 2852 2855 2856 2857 2858 2857 2856 2859 2860 2861 2862 2861 2860 2863 2864 2865 2866 2865 2864 2867 2868 2869 2870 2869 2868 2871 2872 2873 2874 2873 2872 2875 2876 2877 2878 2881 2882 2883 2884 2885 2886 2887 2888 2889 2890 2891 2892 2893 2894 2895 2896 2897 2898 2899 2900 2901 2908 2909 2910 2911 2912 2913 2908 2917 2916 2910 2918 2908 2918 2910 2919 2908 2920 2917 2920 2908 2918 2908 2915 2914 2915 2908 2916 2921 2922 2923 2924 2925 2926 2927 2928 2929 2930 2931 2932 2933 2930 2934 2931 2930 2933 2915 2913 2914 2913 2915 2911 2911 2935 2912 2935 2934 2930 2934 2935 2911 2936 2906 2907 2936 2908 2906 2938 2939 2936 2940 2941 2942 2938 2943 2939 2944 2942 2943 2945 2943 2938 2944 2943 2945 2942 2944 2940 2940 2946 2941 2946 2940 2947 2936 2939 2948 2908 2948 2937 2936 2948 2908 2949 2908 2937 2908 2950 2909 2951 2908 2949 2950 2908 2951 2906 2952 2953 2927 2955 2954 2929 2956 2927 2956 2929 2957 2927 2958 2955 2958 2927 2956 2959 2927 2954 2927 2952 2906 2952 2927 2959 2961 2962 2960 2963 2964 2965 2966 2963 2967 2964 2963 2966 2961 2960 2953 2961 2968 2962 2968 2967 2963 2967 2968 2961 2907 2953 2960 2953 2907 2906 2902 2969 2927 2969 2902 2903 2971 2972 2969 2973 2974 2972 2975 2976 2977 2978 2975 2979 2976 2975 2978 2973 2972 2971 2973 2980 2974 2980 2979 2975 2979 2980 2973 2969 2972 2981 2927 2982 2970 2969 2982 2927 2982 2969 2981 2927 2983 2928 2984 2927 2970 2983 2927 2984 2902 2985 2986 2899 2988 2987 2901 2989 2899 2989 2901 2990 2899 2991 2988 2991 2899 2989 2899 2985 2902 2985 2899 2987 2993 2994 2992 2995 2996 2997 2998 2995 2999 2996 2995 2998 2993 2992 2986 2993 3000 2994 3000 2999 2995 2999 3000 2993 2902 2992 2903 2992 2902 2986 2896 3001 3002 3003 2896 2898 3001 2896 3003 3006 3007 3005 3008 3009 3010 3011 3008 3012 3009 3008 3011 3006 3005 3001 3006 3013 3007 3013 3012 3008 3012 3013 3006 3005 3002 3001 3002 3005 3014 3002 3004 2899 3015 3002 3014 3004 3002 3015 2899 3004 3016 2899 3017 2900 3018 2899 3016 3017 2899 3018 2896 3019 3020 3021 3023 3022 3024 3021 2893 3021 3025 3023 3025 3021 3024 3026 3021 3022 3021 3019 2896 3019 3021 3026 3020 3027 3028 3029 3030 3027 3031 3032 3033 3034 3031 3035 3032 3031 3034 3029 3027 3020 3029 3036 3030 3036 3035 3031 3035 3036 3029 3020 3028 2896 2897 2896 3028 3039 2892 3038 2890 2892 3039 3040 3041 3039 3042 3043 3044 3045 3042 3046 3043 3042 3045 3040 3039 3038 3040 3047 3041 3047 3046 3042 3046 3047 3040 3021 3039 3037 2890 3039 3021 3048 3021 3037 3021 3049 2894 3050 3021 3048 3049 3021 3050 2894 2893 3021 3052 3053 3054 3052 3055 3053 3056 3052 2887 3052 3057 3055 3057 3052 3056 3052 3054 3058 3052 3051 2890 3051 3052 3058 3051 3059 3060 3061 3062 3059 3063 3059 3051 3064 3065 3066 3067 3064 3068 3065 3064 3067 3061 3059 3063 3061 3069 3062 3069 3068 3064 3068 3069 3061 2890 3060 2891 3060 2890 3051 2886 3071 2884 3072 3073 3071 3074 3075 3076 3077 3074 3078 3075 3074 3077 3072 3071 2886 3072 3079 3073 3079 3078 3074 3078 3079 3072 3052 3080 3070 3080 2884 3071 3080 3052 2884 3081 3052 3070 3082 3052 3081 3052 3083 2888 3084 3052 3082 3083 3052 3084 2888 2887 3052 3086 3087 3088 3086 3089 3087 3090 3086 2881 3086 3091 3089 3091 3086 3090 3086 3085 2884 3085 3086 3088 3092 3093 3094 3095 3094 3085 3092 3094 3095 3096 3097 3093 3098 3099 3100 3101 3098 3102 3099 3098 3101 3096 3093 3092 3096 3103 3097 3103 3102 3098 3102 3103 3096 2884 3094 2885 3094 2884 3085 3106 3107 3108 2880 3105 2879 3109 3108 3110 3111 3110 2880 3109 3110 3111 3108 3109 3106 3105 2880 3110 3107 3112 3113 3112 3107 3106 3114 2879 3105 3086 3114 3104 3114 3086 2879 3115 3086 3104 3086 3116 2882 3117 3086 3115 3116 3086 3117 2882 2881 3086 2879 3118 2880 2879 3119 3120 2876 3121 3122 2876 3123 3121 3123 2876 2878 3124 2876 3122 2876 3119 2879 3119 2876 3124 3120 3125 3126 3127 3128 3125 3129 3130 3131 3132 3129 3133 3130 3129 3132 3127 3125 3120 3127 3134 3128 3134 3133 3129 3133 3134 3127 2879 3126 3118 3126 2879 3120 3137 3138 3139 3139 2905 3137 2904 3139 3136 3139 2904 2905 3140 3141 3142 3143 3140 3137 3141 3140 3143 3138 3137 3140 3144 2904 3136 2876 3144 3135 3144 2876 2904 3145 3146 3147 3147 3148 3145 3148 3147 2877 3146 3149 3150 3149 3146 3145 2878 2877 3147 2877 2876 3135 3153 3152 2904 3154 3153 2923 3152 3153 3154 3156 3157 3155 3158 3159 3160 3161 3158 3162 3159 3158 3161 3156 3155 3152 3156 3163 3157 3163 3162 3158 3162 3163 3156 3164 3152 3155 2904 3164 3151 3164 2904 3152 3165 2904 3151 2905 2904 3165 3153 3166 3167 3169 3170 3171 2924 3172 3168 3171 2926 3169 2924 3171 3172 3171 2924 2926 3170 3173 3174 3173 3170 3169 2924 3175 3176 3175 2924 3168 2924 3166 3153 3166 2924 3176 3177 3178 3179 3180 3177 3181 3178 3177 3180 2921 3153 3167 3153 2921 2923 2921 3182 2922 3182 3181 3177 3181 3182 2921 2924 3183 3184 2924 3185 3186 3187 2914 2913 2914 3187 3185 3185 2924 2914 3189 3190 3188 3191 3192 3193 3194 3191 3195 3192 3191 3194 3189 3188 3186 3189 3196 3190 3196 3195 3191 3195 3196 3189 2924 3188 3183 3188 2924 3186 3197 2924 3184 3198 2924 3197 2924 3199 2925 3199 2924 3198 3200 3201 3202 3203 3204 3205 3206 3207 3208 3209 3210 3211 3211 3212 3209 3213 3214 3212 3215 3216 3217 3218 3219 3220 3214 3213 3216 3210 3209 3221 3205 3208 3207 3215 3217 3222 3223 3224 3225 3201 3200 3219 3202 3226 3200 3227 3203 3226 3208 3205 3204 3216 3215 3214 3204 3203 3227 3219 3218 3201 3207 3206 3228 3229 3230 3223 3224 3231 3225 3210 3228 3206 3222 3232 3229 3224 3223 3230 3231 3218 3220 3226 3202 3227 3228 3210 3221 3212 3211 3213 3232 3222 3217 3231 3224 3218 3230 3229 3232 3233 3234 3235 3236 3237 3238 3239 3240 3237 3241 3240 3242 3237 3236 3239 3234 3233 3241 3240 3239 3242 3240 3241 3233 3243 3244 3245 3246 3247 3248 3249 3250 3251 3247 3246 3250 3252 3246 3248 3244 3243 3252 3246 3252 3243 3250 3249 3247 3255 3253 3256 3253 3255 3254 3259 3260 3261 3260 3257 3258 3257 3260 3259 3262 3263 3264 3263 3262 3265 3266 3267 3268 3269 3268 3270 3271 3267 3272 3273 3274 3271 3274 3273 3275 3267 3271 3274 3267 3266 3272 3268 3269 3266 3276 3277 3278 3279 3277 3280 3281 3280 3282 3283 3284 3285 3285 3284 3276 3284 3283 3286 3277 3276 3284 3277 3279 3278 3280 3281 3279 3289 3288 3290 3288 3289 3287 3291 3292 3293 3294 3293 3292 3295 3296 3297 3296 3295 3298 3299 3300 3301 3299 3302 3303 3304 3305 3306 3302 3299 3305 3300 3299 3303 3307 3301 3308 3308 3301 3300 3301 3307 3309 3305 3304 3302 3310 3311 3312 3313 3314 3315 3314 3313 3316 3311 3315 3314 3311 3310 3317 3312 3318 3310 3315 3311 3317 3318 3312 3319 3320 3322 3323 3320 3321 3322 3321 3320 3324 3327 3326 3325 3326 3327 3328 3329 3330 3331 3330 3329 3332 3333 3334 3335 3334 3336 3335 3337 3338 3339 3336 3334 3338 3340 3341 3342 3334 3333 3340 3341 3340 3333 3338 3337 3336 3343 3344 3345 3344 3343 3346 3347 3346 3348 3347 3349 3350 3350 3351 3352 3351 3350 3349 3349 3347 3348 3346 3347 3344 3354 3355 3356 3354 3353 3355 3359 3358 3357 3360 3361 3362 3361 3360 3359 3358 3359 3360 3363 3364 3365 3364 3363 3366 3369 3370 3371 3372 3371 3373 3372 3367 3368 3368 3374 3375 3370 3369 3376 3374 3368 3367 3367 3372 3373 3371 3372 3369 3377 3378 3379 3380 3381 3382 3383 3382 3384 3383 3379 3378 3378 3385 3386 3381 3380 3387 3385 3378 3377 3379 3383 3384 3382 3383 3380 3390 3388 3391 3388 3390 3389 3392 3394 3395 3394 3392 3393 3396 3397 3398 3397 3396 3399 3400 3401 3402 3401 3400 3403 3404 3405 3406 3402 3407 3408 3406 3407 3404 3405 3404 3409 3407 3406 3408 3407 3402 3401 3410 3411 3412 3413 3414 3415 3416 3415 3417 3416 3412 3411 3411 3418 3419 3414 3413 3420 3418 3411 3410 3412 3416 3417 3415 3416 3413 3421 3423 3422 3423 3421 3424 3427 3426 3425 3428 3426 3427 3429 3430 3431 3430 3429 3432 3433 3434 3435 3436 3437 3438 3436 3439 3440 3440 3441 3442 3441 3440 3439 3439 3436 3438 3437 3436 3434 3434 3433 3437 3443 3444 3445 3446 3447 3448 3446 3449 3450 3450 3451 3452 3453 3450 3449 3451 3450 3453 3449 3446 3448 3447 3446 3444 3444 3443 3447 3456 3458 3454 3458 3456 3457 3454 3455 3456 3459 3460 3461 3462 3461 3460 3461 3462 3463 3464 3465 3466 3465 3464 3467 3468 3469 3470 3471 3472 3473 3474 3473 3472 3474 3475 3476 3473 3474 3476 3475 3474 3469 3472 3471 3477 3469 3468 3475 3478 3479 3480 3481 3480 3482 3481 3483 3484 3484 3485 3486 3487 3484 3483 3485 3484 3487 3483 3481 3482 3480 3481 3478 3479 3478 3488 3489 3490 3491 3489 3491 3492 3490 3489 3493 3494 3495 3496 3498 3496 3497 3496 3498 3499 3497 3496 3495 3500 3501 3502 3501 3503 3504 3501 3500 3503 3505 3506 3507 3509 3510 3511 3508 3512 3513 3511 3512 3509 3510 3509 3514 3506 3505 3508 3512 3508 3505 3512 3511 3513 3515 3516 3517 3518 3517 3519 3518 3520 3521 3521 3522 3523 3524 3521 3520 3522 3521 3524 3520 3518 3519 3517 3518 3515 3516 3515 3525 3526 3527 3528 3526 3528 3529 3527 3526 3530 3531 3532 3533 3534 3533 3532 3535 3536 3537 3535 3538 3536 3538 3535 3539 3540 3541 3542 3543 3544 3545 3546 3547 3548 3542 3547 3540 3541 3540 3549 3544 3543 3550 3547 3542 3548 3547 3546 3544 3545 3544 3546 3551 3552 3553 3554 3553 3555 3554 3556 3557 3557 3558 3559 3558 3557 3556 3556 3554 3555 3553 3554 3551 3552 3551 3560 3563 3564 3561 3561 3562 3563 3568 3565 3567 3567 3565 3566 3569 3570 3571 3570 3569 3572 3573 3574 3575 3576 3577 3578 3574 3573 3579 3579 3576 3578 3580 3581 3582 3581 3580 3577 3576 3579 3573 3577 3576 3581 3583 3584 3585 3586 3585 3587 3586 3588 3589 3589 3590 3591 3592 3589 3588 3590 3589 3592 3588 3586 3587 3585 3586 3583 3584 3583 3593 3596 3597 3594 3594 3595 3596 3598 3599 3600 3601 3600 3599 3600 3601 3602 3603 3604 3605 3604 3603 3606 3607 3608 3609 3610 3611 3608 3612 3611 3613 3614 3615 3616 3611 3610 3613 3615 3614 3617 3611 3612 3615 3608 3607 3610 3616 3615 3612 3618 3619 3620 3621 3620 3622 3621 3623 3624 3624 3625 3626 3627 3624 3623 3625 3624 3627 3623 3621 3622 3620 3621 3618 3619 3618 3628 3632 3633 3629 3629 3631 3632 3629 3630 3631 3634 3635 3636 3638 3636 3637 3636 3638 3639 3637 3636 3635 3640 3641 3642 3641 3640 3643 3644 3645 3646 3647 3648 3645 3649 3648 3650 3645 3644 3647 3648 3647 3650 3648 3649 3651 3652 3651 3653 3653 3651 3649 3651 3652 3654 3655 3656 3657 3658 3657 3659 3658 3660 3661 3661 3662 3663 3662 3661 3660 3660 3658 3659 3657 3658 3655 3656 3655 3664 3665 3666 3667 3669 3670 3668 3668 3667 3669 3667 3668 3665 3673 3671 3672 3671 3673 3674 3672 3671 3675 3676 3677 3678 3677 3676 3679 3680 3681 3682 3683 3684 3681 3685 3684 3686 3684 3683 3686 3687 3688 3685 3688 3687 3689 3684 3685 3688 3681 3680 3683 3690 3691 3692 3693 3692 3694 3693 3695 3696 3696 3697 3698 3699 3696 3695 3697 3696 3699 3695 3693 3694 3692 3693 3690 3691 3690 3700 3701 3702 3703 3702 3701 3705 3701 3703 3704 3706 3707 3708 3709 3708 3707 3710 3711 3712 3711 3710 3713 3714 3715 3716 3717 3714 3718 3719 3718 3720 3721 3716 3715 3716 3721 3722 3715 3714 3723 3714 3717 3723 3718 3719 3717 3724 3725 3726 3724 3727 3728 3728 3729 3730 3729 3728 3727 3731 3732 3725 3727 3724 3726 3725 3724 3731 3732 3731 3733 3736 3737 3735 3735 3734 3736 3737 3736 3738 3741 3740 3739 3742 3739 3740 3743 3744 3745 3744 3743 3746 3747 3748 3749 3748 3750 3751 3752 3749 3748 3753 3752 3754 3750 3748 3747 3755 3754 3756 3749 3752 3757 3752 3753 3757 3754 3755 3753 3758 3759 3760 3761 3762 3763 3758 3763 3764 3760 3765 3766 3765 3760 3759 3759 3758 3764 3763 3758 3761 3762 3761 3767 3768 3769 3770 3769 3768 3771 3772 3773 3774 3776 3775 3772 3773 3772 3775 3777 3778 3779 3778 3777 3780 3781 3782 3783 3784 3785 3786 3782 3781 3787 3785 3783 3782 3785 3784 3788 3783 3785 3788 3786 3789 3784 3789 3786 3790 3791 3792 3793 3791 3794 3795 3795 3796 3797 3798 3799 3800 3792 3791 3799 3794 3791 3793 3799 3798 3792 3796 3795 3794 3802 3803 3801 3804 3802 3805 3802 3804 3803 3806 3807 3808 3810 3808 3807 3809 3808 3810 3811 3812 3813 3812 3811 3814 3815 3816 3817 3818 3817 3816 3817 3818 3819 3820 3818 3821 3822 3821 3823 3818 3820 3819 3824 3816 3815 3816 3824 3825 3821 3822 3820 3826 3827 3828 3827 3826 3829 3830 3829 3831 3831 3832 3830 3833 3834 3835 3836 3834 3833 3832 3835 3834 3834 3836 3837 3829 3830 3827 3835 3832 3831 3838 3840 3839 3840 3838 3841 3846 3842 3843 3844 3845 3842 3843 3842 3845 3847 3848 3849 3848 3847 3850 3851 3852 3853 3854 3852 3855 3856 3857 3858 3858 3857 3854 3857 3856 3859 3852 3854 3857 3852 3851 3855 3853 3860 3851 3860 3853 3861 3862 3863 3864 3865 3863 3866 3867 3868 3869 3868 3867 3865 3864 3870 3862 3863 3862 3866 3863 3865 3867 3870 3864 3871 3872 3873 3874 3872 3874 3875 3876 3877 3878 3879 3878 3877 3880 3881 3882 3881 3880 3883 3884 3885 3886 3887 3888 3889 3890 3891 3888 3891 3890 3892 3886 3885 3893 3885 3884 3894 3888 3887 3890 3891 3893 3885 3893 3891 3892 3895 3896 3897 3897 3898 3899 3898 3897 3896 3900 3901 3902 3896 3895 3903 3902 3895 3900 3901 3900 3904 3895 3902 3903 3906 3909 3905 3908 3906 3907 3906 3908 3909 3911 3910 3912 3913 3912 3910 3914 3915 3916 3915 3914 3917 3918 3919 3920 3920 3921 3922 3918 3923 3924 3919 3918 3924 3923 3918 3925 3926 3925 3927 3925 3926 3923 3921 3920 3919 3928 3929 3930 3931 3929 3932 3933 3934 3935 3935 3934 3931 3934 3933 3936 3929 3931 3934 3929 3928 3932 3937 3930 3938 3930 3937 3928 3939 3940 3941 3942 3943 3944 3943 3942 3945 3946 3947 3948 3947 3946 3949 3950 3951 3952 3953 3954 3951 3951 3950 3953 3955 3956 3957 3958 3950 3952 3956 3955 3958 3950 3958 3955 3954 3953 3959 3960 3961 3962 3963 3962 3964 3963 3965 3966 3965 3963 3964 3962 3963 3960 3961 3960 3967 3966 3968 3969 3970 3966 3965 3968 3966 3970 3973 3972 3974 3972 3975 3971 3972 3973 3975 3976 3977 3978 3977 3976 3979 3981 3980 3977 3978 3977 3980 3982 3983 3984 3983 3982 3985 3986 3987 3988 3988 3989 3986 3990 3991 3992 3993 3990 3994 3991 3990 3993 3989 3994 3990 3994 3989 3988 3987 3986 3995 3996 3995 3997 3995 3996 3987 3998 3999 4000 3999 3998 4001 3999 4002 4000 4002 3999 4003 4001 3998 4004 4001 4005 4006 4006 4007 4008 4009 4006 4005 4007 4006 4009 4005 4001 4004 4010 4012 4011 4012 4010 4013 4012 4013 4014 4011 4015 4010 4016 4017 4018 4019 4020 4021 4020 4019 4022 4023 4024 4025 4026 4025 4027 4026 4028 4029 4029 4030 4031 4032 4029 4028 4030 4029 4032 4028 4026 4027 4025 4026 4023 4024 4023 4033 4034 4035 4036 4037 4036 4038 4037 4039 4040 4040 4041 4042 4043 4040 4039 4041 4040 4043 4039 4037 4038 4036 4037 4034 4035 4034 4044 4046 4047 4045 4047 4046 4048 4049 4050 4051 4052 4051 4050 4053 4054 4055 4054 4053 4056 4057 4058 4059 4057 4060 4061 4061 4062 4063 4062 4061 4060 4060 4057 4059 4058 4057 4064 4065 4064 4066 4064 4065 4058 4067 4068 4069 4070 4071 4072 4068 4067 4073 4069 4070 4067 4071 4070 4074 4075 4072 4076 4076 4072 4071 4072 4075 4077 4070 4069 4074 4079 4078 4080 4079 4081 4078 4083 4082 4084 4085 4086 4087 4086 4085 4088 4089 4090 4091 4091 4092 4093 4093 4094 4095 4094 4093 4092 4092 4091 4090 4090 4089 4096 4096 4097 4098 4098 4099 4100 4100 4101 4102 4102 4103 4104 4105 4106 4103 4107 4095 4094 4108 4109 4107 4095 4107 4109 4109 4108 4110 4110 4111 4112 4111 4110 4108 4113 4112 4111 4114 4115 4113 4116 4117 4114 4118 4119 4116 4106 4105 4118 4097 4096 4089 4099 4098 4097 4101 4100 4099 4103 4102 4101 4103 4106 4104 4119 4118 4105 4117 4116 4119 4112 4113 4115 4115 4114 4117 4120 4121 4122 4123 4124 4121 4124 4125 4126 4121 4120 4123 4125 4124 4127 4124 4123 4127 4128 4129 4130 4130 4129 4131 4129 4128 4132 4133 4134 4135 4134 4133 4136</p></triangles>
    </mesh></geometry>
  </library_geometries>
  <library_visual_scenes><visual_scene id="s">
    <node id="wrist_left_gear_link" name="wrist_left_gear_link"><instance_geometry url="#g"><bind_material><technique_common>
      <instance_material symbol="m0" target="#m0"/>
      <instance_material symbol="m1" target="#m1"/>
      <instance_material symbol="m2" target="#m2"/>
    </technique_common></bind_material></instance_geometry></node>
  </visual_scene></library_visual_scenes>
  <scene><instance_visual_scene url="#s"/></scene>
</COLLADA>
