<?xml version="1.0" encoding="utf-8"?>
<COLLADA xmlns="http://www.collada.org/2005/11/COLLADASchema" version="1.4.1">
  <asset><contributor><authoring_tool>scripts/cad/build_arm_description.py</authoring_tool></contributor><unit name="meter" meter="1"/><up_axis>Z_UP</up_axis></asset>
  <library_effects>
    <effect id="m0-fx"><profile_COMMON><technique sid="common"><phong><diffuse><color>0.7922 0.8196 0.9333 1</color></diffuse><specular><color>0.25 0.25 0.25 1</color></specular><shininess><float>30</float></shininess></phong></technique></profile_COMMON></effect>
    <effect id="m1-fx"><profile_COMMON><technique sid="common"><phong><diffuse><color>0.8667 0.9098 1 1</color></diffuse><specular><color>0.25 0.25 0.25 1</color></specular><shininess><float>30</float></shininess></phong></technique></profile_COMMON></effect>
    <effect id="m2-fx"><profile_COMMON><technique sid="common"><phong><diffuse><color>1 0.949 0.9098 1</color></diffuse><specular><color>0.25 0.25 0.25 1</color></specular><shininess><float>30</float></shininess></phong></technique></profile_COMMON></effect>
  </library_effects>
  <library_materials>
    <material id="m0"><instance_effect url="#m0-fx"/></material>
    <material id="m1"><instance_effect url="#m1-fx"/></material>
    <material id="m2"><instance_effect url="#m2-fx"/></material>
  </library_materials>
  <library_geometries>
    <geometry id="g" name="wrist_right_gear_link"><mesh>
        <source id="p"><float_array id="pa" count="12330">0.0055 -0.021 -0.005 0.007 -0.0415 -0.007 0.007 -0.021 -0.007 0.0055 -0.0415 -0.005 0.005 -0.021 0.005 0.007 -0.066 0.002 0.007 -0.021 0.002 -0.0015 -0.021 0.007 0.002 -0.066 0.007 0.002 -0.021 0.007 -0.0015 -0.021 -0.007 -0.005 -0.066 -0.0055 -0.005 -0.021 -0.0055 -0.007 -0.066 -0.002 -0.007 -0.021 -0.002 -0.007 -0.066 0.0015 -0.007 -0.021 0.0015 0.007 -0.066 -0.002 0.007 -0.021 -0.002 0.005 -0.066 0.005 -0.0055 -0.066 0.005 -0.0055 -0.021 0.005 0.002 -0.066 -0.007 0.0015 -0.0415 -0.007 0.002 -0.0415 -0.007 0.005 -0.0415 -0.005 -0.0015 -0.066 0.007 -0.0015 -0.066 -0.007 0.0015 -0.021 -0.007 0.005 -0.066 -0.005 0.0055 -0.0415 -0.005 0.0055 -0.021 -0.005 0.0015 -0.0415 -0.007 0.003 -0.021 -0.0095 0.003 -0.0415 -0.0095 0.0015 -0.021 -0.007 0.007 -0.021 -0.007 0.003 -0.0415 -0.0095 0.003 -0.021 -0.0095 0.007 -0.0415 -0.007 0.002 -0.0415 -0.007 0.007 -0.0415 -0.007 0.005 -0.0415 -0.005 0.003 -0.0415 -0.0095 0.0015 -0.0415 -0.007 0.0055 -0.0415 -0.005 0.0055 -0.021 -0.005 0.003 -0.021 -0.0095 0.0015 -0.021 -0.007 -0.0015 -0.021 -0.007 -0.005 -0.021 -0.0055 0.007 -0.021 -0.002 -0.007 -0.021 -0.002 -0.007 -0.021 0.0015 0.002 -0.021 0.007 0.005 -0.021 0.005 0.007 -0.021 -0.007 -0.0015 -0.021 0.007 -0.0055 -0.021 0.005 0.007 -0.021 0.002 -0.007 -0.066 -0.002 -0.0055 -0.066 0.005 -0.007 -0.066 0.0015 0.002 -0.066 -0.007 -0.0015 -0.066 -0.007 0.002 -0.066 0.007 -0.0015 -0.066 0.007 0.005 -0.066 -0.005 -0.005 -0.066 -0.0055 0.007 -0.066 -0.002 0.007 -0.066 0.002 0.005 -0.066 0.005 -0.0055 -0.021 0.005 -0.0015 -0.066 0.007 -0.0015 -0.021 0.007 -0.0055 -0.066 0.005 -0.009 -0.0645 -0.005 -0.01 -0.0615 -0.001 -0.005 -0.0645 0.009 -0.0085 -0.0585 0.005 -0.0085 -0.0645 0.005 -0.005 -0.0585 -0.0085 -0.005 -0.0645 -0.0085 0.005 -0.0645 -0.009 0.0085 -0.0585 -0.005 0.0085 -0.0645 -0.005 0.01 -0.0585 -0.0005 0.01 -0.0645 -0.0005 0.009 -0.0585 0.005 0.009 -0.0645 0.005 0.005 -0.0585 0.0085 0.005 -0.0645 0.0085 0.0005 -0.0585 0.01 0.0005 -0.0645 0.01 -0.0005 -0.0645 -0.01 -0.0005 -0.062 -0.01 -0.0005 -0.0585 -0.01 0 -0.059 -0.01 -0.0005 -0.059 -0.01 -0.01 -0.0645 0.0005 -0.01 -0.063 0.0005 -0.01 -0.0585 0.0005 -0.01 -0.06 0 -0.01 -0.06 0.0005 -0.009 -0.0585 -0.005 -0.01 -0.061 -0.001 -0.01 -0.0605 -0.001 -0.01 -0.0625 -0.0005 -0.01 -0.062 -0.001 -0.01 -0.063 0 -0.01 -0.06 -0.0005 -0.01 -0.06 0.001 -0.01 -0.0605 0.0015 -0.01 -0.0615 0.0015 -0.01 -0.062 0.0015 -0.01 -0.0615 0.002 -0.01 -0.061 0.0015 -0.01 -0.0625 0.001 0.005 -0.0585 -0.009 0.001 -0.06 -0.01 0.0005 -0.062 -0.01 0.001 -0.0615 -0.01 0 -0.062 -0.01 0.001 -0.0605 -0.01 0.001 -0.061 -0.01 0.0005 -0.0595 -0.01 -0.001 -0.0595 -0.01 -0.0015 -0.06 -0.01 -0.0015 -0.061 -0.01 -0.0015 -0.0615 -0.01 -0.002 -0.0605 -0.01 -0.001 -0.062 -0.01 -0.005 -0.0585 0.009 -0.004 -0.0485 -0.0065 -0.0065 -0.0645 -0.0035 -0.004 -0.0645 -0.0065 -0.0065 -0.0485 0.004 -0.0035 -0.0645 0.0065 -0.0065 -0.0645 0.004 -0.0035 -0.0485 0.0065 0 -0.0645 0.0075 -0.0005 -0.059 -0.0075 0 -0.0485 -0.0075 -0.001 -0.0595 -0.0075 0.004 -0.0645 0.0065 0 -0.0485 0.0075 0.004 -0.0485 0.0065 0.0065 -0.0645 0.0035 0.0065 -0.0485 0.0035 0.0075 -0.0645 0 0.0075 -0.0485 0 0.0065 -0.0645 -0.004 0.0065 -0.0485 -0.004 0.0035 -0.0645 -0.0065 0.0035 -0.0485 -0.0065 -0.0065 -0.0485 -0.0035 0 -0.059 -0.0075 0 -0.0645 -0.0075 0 -0.062 -0.0075 -0.0075 -0.0485 0 -0.0075 -0.06 0.0005 -0.0075 -0.06 0 -0.0075 -0.0645 0 -0.0075 -0.063 0 -0.0075 -0.0615 -0.001 -0.0075 -0.062 -0.001 -0.0075 -0.06 -0.0005 -0.0075 -0.0605 -0.001 -0.0075 -0.061 -0.001 -0.0075 -0.0615 -0.0015 -0.0075 -0.0625 -0.0005 -0.0075 -0.0625 0.001 -0.0075 -0.062 0.0015 -0.0075 -0.063 0.0005 -0.0075 -0.061 0.0015 -0.0075 -0.0605 0.0015 -0.0075 -0.0615 0.0015 -0.0075 -0.06 0.001 0.001 -0.061 -0.0075 0.001 -0.0615 -0.0075 0.0005 -0.0595 -0.0075 0.001 -0.06 -0.0075 0.0015 -0.0605 -0.0075 0.0005 -0.062 -0.0075 -0.001 -0.062 -0.0075 -0.0015 -0.0615 -0.0075 -0.0005 -0.062 -0.0075 -0.0015 -0.06 -0.0075 -0.0015 -0.061 -0.0075 -0.0015 -0.0605 -0.0075 0.005 -0.0645 -0.009 0 -0.0645 -0.0075 -0.0005 -0.0645 -0.01 0.0065 -0.0645 0.0035 0.01 -0.0645 -0.0005 0.009 -0.0645 0.005 0.004 -0.0645 0.0065 0.005 -0.0645 0.0085 -0.009 -0.0645 -0.005 -0.0075 -0.0645 0 -0.01 -0.0645 0.0005 0.0075 -0.0645 0 0 -0.0645 0.0075 0.0005 -0.0645 0.01 -0.0035 -0.0645 0.0065 -0.0085 -0.0645 0.005 -0.0065 -0.0645 0.004 0.0085 -0.0645 -0.005 0.0065 -0.0645 -0.004 -0.004 -0.0645 -0.0065 -0.005 -0.0645 -0.0085 -0.005 -0.0645 0.009 0.0035 -0.0645 -0.0065 -0.0065 -0.0645 -0.0035 -0.001 -0.057 0.019 -0.001 -0.05 0.019 -0.001 -0.05 0.0185 -0.001 -0.057 0.0185 0 -0.057 0.019 -0.001 -0.05 0.019 -0.001 -0.057 0.019 0 -0.05 0.019 0 -0.057 0.0185 0 -0.05 0.019 0 -0.057 0.019 0 -0.05 0.0185 0.001 -0.057 0.0185 0.001 -0.05 0.0185 0.001 -0.057 0.018 0.001 -0.05 0.018 0.0005 -0.057 0.018 0.0005 -0.05 0.018 0 -0.057 0.018 0 -0.05 0.018 0 -0.057 0.0185 0 -0.05 0.0185 0.001 -0.057 0.019 0.001 -0.05 0.019 0.001 -0.05 0.0185 0.001 -0.057 0.0185 0.001 -0.057 0.019 0.0015 -0.05 0.019 0.001 -0.05 0.019 0.002 -0.057 0.019 0.002 -0.05 0.019 0.002 -0.057 0.0185 0.002 -0.05 0.0185 0.002 -0.05 0.019 0.002 -0.057 0.019 0.003 -0.057 0.018 0.003 -0.05 0.0185 0.003 -0.05 0.018 0.0025 -0.057 0.018 0.0025 -0.05 0.018 0.002 -0.057 0.018 0.002 -0.05 0.018 0.002 -0.057 0.0185 0.002 -0.05 0.0185 0.003 -0.057 0.0185 0.0035 -0.057 0.0185 0.003 -0.05 0.0185 0.003 -0.057 0.0185 0.0035 -0.05 0.0185 0.004 -0.057 0.0185 0.004 -0.05 0.0185 0.0035 -0.05 0.0185 0.0035 -0.057 0.0185 0.005 -0.057 0.018 0.005 -0.05 0.018 0.0045 -0.057 0.0175 0.0045 -0.05 0.0175 0.004 -0.057 0.0175 0.004 -0.05 0.0175 0.004 -0.057 0.018 0.004 -0.05 0.018 0.004 -0.057 0.0185 0.004 -0.05 0.0185 0.0055 -0.057 0.018 0.005 -0.05 0.018 0.005 -0.057 0.018 0.0055 -0.05 0.018 0.0065 -0.057 0.017 0.007 -0.05 0.0175 0.0065 -0.05 0.017 0.006 -0.057 0.017 0.006 -0.05 0.017 0.006 -0.057 0.0175 0.006 -0.05 0.0175 0.0055 -0.057 0.0175 0.0055 -0.05 0.0175 0.0055 -0.057 0.018 0.0055 -0.05 0.018 0.007 -0.057 0.0175 0.0075 -0.057 0.0175 0.007 -0.05 0.0175 0.007 -0.057 0.0175 0.0075 -0.05 0.0175 0.0075 -0.057 0.017 0.0075 -0.05 0.017 0.0075 -0.05 0.0175 0.0075 -0.057 0.0175 0.0085 -0.057 0.0165 0.0085 -0.05 0.0165 0.008 -0.057 0.0165 0.008 -0.05 0.0165 0.0075 -0.057 0.0165 0.0075 -0.05 0.0165 0.0075 -0.057 0.017 0.0075 -0.05 0.017 0.0085 -0.057 0.0165 0.0085 -0.05 0.0165 0.009 -0.057 0.0165 0.009 -0.05 0.0165 0.009 -0.057 0.0165 0.009 -0.05 0.0165 0.0095 -0.057 0.0165 0.0095 -0.05 0.0165 0.0095 -0.057 0.0165 0.0095 -0.05 0.0165 0.0095 -0.057 0.016 0.0095 -0.05 0.016 0.01 -0.057 0.0155 0.01 -0.05 0.0155 0.0095 -0.057 0.0155 0.0095 -0.05 0.0155 0.009 -0.057 0.0155 0.009 -0.05 0.0155 0.009 -0.057 0.016 0.009 -0.05 0.016 0.0095 -0.057 0.016 0.0095 -0.05 0.016 0.0105 -0.057 0.0155 0.0105 -0.05 0.0155 0.01 -0.05 0.0155 0.01 -0.057 0.0155 0.011 -0.05 0.0155 0.0105 -0.057 0.0155 0.011 -0.057 0.0155 0.0105 -0.05 0.0155 0.011 -0.057 0.015 0.011 -0.05 0.0155 0.011 -0.057 0.0155 0.011 -0.05 0.015 0.0115 -0.057 0.0145 0.012 -0.05 0.0145 0.0115 -0.05 0.0145 0.0115 -0.057 0.014 0.0115 -0.05 0.014 0.011 -0.057 0.0145 0.011 -0.05 0.0145 0.011 -0.057 0.015 0.011 -0.05 0.015 0.012 -0.057 0.0145 0.0125 -0.057 0.014 0.012 -0.05 0.0145 0.012 -0.057 0.0145 0.0125 -0.05 0.014 0.013 -0.057 0.013 0.0135 -0.05 0.013 0.013 -0.05 0.013 0.0125 -0.057 0.013 0.0125 -0.05 0.013 0.0125 -0.057 0.0135 0.0125 -0.05 0.0135 0.0125 -0.057 0.014 0.0125 -0.05 0.014 0.0135 -0.057 0.013 0.014 -0.057 0.013 0.0135 -0.05 0.013 0.0135 -0.057 0.013 0.014 -0.05 0.013 0.014 -0.057 0.0125 0.014 -0.05 0.0125 0.014 -0.05 0.013 0.014 -0.057 0.013 0.0145 -0.057 0.0115 0.0145 -0.05 0.0115 0.014 -0.057 0.0115 0.014 -0.05 0.0115 0.0135 -0.057 0.012 0.0135 -0.05 0.012 0.0135 -0.057 0.0125 0.0135 -0.05 0.0125 0.014 -0.057 0.0125 0.014 -0.05 0.0125 0.0145 -0.057 0.0115 0.0145 -0.05 0.0115 0.015 -0.057 0.0115 0.015 -0.05 0.0115 0.015 -0.057 0.0115 0.015 -0.05 0.0115 0.015 -0.057 0.011 0.015 -0.05 0.011 0.0155 -0.057 0.01 0.0155 -0.05 0.01 0.015 -0.057 0.01 0.015 -0.05 0.01 0.015 -0.057 0.0105 0.015 -0.05 0.0105 0.015 -0.057 0.011 0.015 -0.05 0.011 0.016 -0.057 0.01 0.016 -0.05 0.01 0.0155 -0.05 0.01 0.0155 -0.057 0.01 0.016 -0.05 0.0095 0.016 -0.057 0.01 0.016 -0.057 0.0095 0.016 -0.05 0.01 0.0165 -0.057 0.0085 0.0165 -0.05 0.0085 0.016 -0.057 0.0085 0.016 -0.05 0.0085 0.016 -0.057 0.009 0.016 -0.05 0.009 0.016 -0.057 0.0095 0.016 -0.05 0.0095 0.017 -0.057 0.0085 0.017 -0.05 0.0085 0.0165 -0.05 0.0085 0.0165 -0.057 0.0085 0.017 -0.057 0.008 0.017 -0.05 0.0085 0.017 -0.057 0.0085 0.017 -0.05 0.008 0.017 -0.057 0.0075 0.017 -0.05 0.0075 0.017 -0.05 0.008 0.017 -0.057 0.008 0.017 -0.057 0.0065 0.0175 -0.05 0.0065 0.017 -0.05 0.0065 0.017 -0.057 0.007 0.017 -0.05 0.007 0.0165 -0.057 0.007 0.0165 -0.05 0.007 0.0165 -0.057 0.0075 0.0165 -0.05 0.0075 0.017 -0.057 0.0075 0.017 -0.05 0.0075 0.0175 -0.057 0.0065 0.018 -0.057 0.006 0.0175 -0.05 0.0065 0.0175 -0.057 0.0065 0.018 -0.05 0.006 0.018 -0.057 0.0045 0.018 -0.05 0.005 0.018 -0.05 0.0045 0.0175 -0.057 0.005 0.0175 -0.05 0.005 0.0175 -0.057 0.0055 0.0175 -0.05 0.0055 0.018 -0.057 0.006 0.018 -0.05 0.006 0.018 -0.057 0.005 0.018 -0.057 0.0045 0.018 -0.05 0.0045 0.018 -0.05 0.005 0.018 -0.057 0.005 0.0185 -0.057 0.0045 0.0185 -0.05 0.0045 0.0185 -0.057 0.0045 0.0185 -0.05 0.0045 0.0185 -0.057 0.004 0.0185 -0.05 0.004 0.018 -0.057 0.003 0.0185 -0.05 0.003 0.018 -0.05 0.003 0.018 -0.057 0.0035 0.018 -0.05 0.0035 0.018 -0.057 0.004 0.018 -0.05 0.004 0.0185 -0.057 0.004 0.0185 -0.05 0.004 0.0185 -0.057 0.003 0.0185 -0.057 0.003 0.0185 -0.05 0.003 0.0185 -0.057 0.0025 0.0185 -0.05 0.0025 0.0185 -0.05 0.002 0.0185 -0.057 0.0025 0.0185 -0.057 0.002 0.0185 -0.05 0.0025 0.0185 -0.057 0.001 0.0185 -0.05 0.001 0.018 -0.057 0.001 0.018 -0.05 0.001 0.018 -0.057 0.0015 0.018 -0.05 0.0015 0.018 -0.057 0.002 0.018 -0.05 0.002 0.0185 -0.057 0.002 0.0185 -0.05 0.002 0.019 -0.057 0.001 0.019 -0.05 0.001 0.0185 -0.05 0.001 0.0185 -0.057 0.001 0.019 -0.057 0 0.019 -0.05 0.001 0.019 -0.057 0.001 0.019 -0.05 0 0.0185 -0.057 0 0.019 -0.05 0 0.019 -0.057 0 0.0185 -0.05 0 0.0185 -0.057 -0.001 0.0185 -0.05 -0.001 0.018 -0.057 -0.001 0.018 -0.05 -0.001 0.018 -0.057 -0.0005 0.018 -0.05 -0.0005 0.018 -0.057 0 0.018 -0.05 0 0.0185 -0.057 0 0.0185 -0.05 0 0.019 -0.057 -0.001 0.019 -0.05 -0.001 0.0185 -0.05 -0.001 0.0185 -0.057 -0.001 0.019 -0.057 -0.002 0.019 -0.05 -0.001 0.019 -0.057 -0.001 0.019 -0.05 -0.002 0.0185 -0.057 -0.002 0.0185 -0.05 -0.002 0.019 -0.05 -0.002 0.019 -0.057 -0.002 0.018 -0.057 -0.003 0.0185 -0.05 -0.003 0.018 -0.05 -0.003 0.018 -0.057 -0.0025 0.018 -0.05 -0.0025 0.018 -0.057 -0.002 0.018 -0.05 -0.002 0.0185 -0.057 -0.002 0.0185 -0.05 -0.002 0.0185 -0.057 -0.003 0.0185 -0.057 -0.003 0.0185 -0.05 -0.0035 0.0185 -0.05 -0.003 0.0185 -0.057 -0.0035 0.0185 -0.057 -0.004 0.0185 -0.05 -0.004 0.0185 -0.05 -0.0035 0.0185 -0.057 -0.0035 0.018 -0.057 -0.005 0.018 -0.05 -0.005 0.0175 -0.057 -0.0045 0.0175 -0.05 -0.0045 0.0175 -0.057 -0.004 0.0175 -0.05 -0.004 0.018 -0.057 -0.004 0.018 -0.05 -0.004 0.0185 -0.057 -0.004 0.0185 -0.05 -0.004 0.018 -0.05 -0.0055 0.018 -0.057 -0.0055 0.018 -0.05 -0.005 0.018 -0.057 -0.005 0.017 -0.057 -0.0065 0.0175 -0.05 -0.007 0.017 -0.05 -0.0065 0.017 -0.057 -0.006 0.017 -0.05 -0.006 0.0175 -0.057 -0.006 0.0175 -0.05 -0.006 0.0175 -0.057 -0.0055 0.0175 -0.05 -0.0055 0.018 -0.057 -0.0055 0.018 -0.05 -0.0055 0.0175 -0.057 -0.007 0.0175 -0.057 -0.0075 0.0175 -0.05 -0.007 0.0175 -0.057 -0.007 0.0175 -0.05 -0.0075 0.017 -0.057 -0.0075 0.017 -0.05 -0.0075 0.0175 -0.05 -0.0075 0.0175 -0.057 -0.0075 0.0165 -0.057 -0.0085 0.0165 -0.05 -0.0085 0.0165 -0.057 -0.008 0.0165 -0.05 -0.008 0.0165 -0.057 -0.0075 0.0165 -0.05 -0.0075 0.017 -0.057 -0.0075 0.017 -0.05 -0.0075 0.0165 -0.057 -0.0085 0.0165 -0.05 -0.0085 0.0165 -0.057 -0.009 0.0165 -0.05 -0.009 0.0165 -0.057 -0.0095 0.0165 -0.05 -0.009 0.0165 -0.057 -0.009 0.0165 -0.05 -0.0095 0.0165 -0.057 -0.0095 0.0165 -0.05 -0.0095 0.016 -0.057 -0.0095 0.016 -0.05 -0.0095 0.0155 -0.057 -0.01 0.0155 -0.05 -0.01 0.0155 -0.057 -0.0095 0.0155 -0.05 -0.0095 0.0155 -0.057 -0.009 0.0155 -0.05 -0.009 0.016 -0.057 -0.009 0.016 -0.05 -0.009 0.016 -0.057 -0.0095 0.016 -0.05 -0.0095 0.0155 -0.057 -0.0105 0.0155 -0.05 -0.0105 0.0155 -0.05 -0.01 0.0155 -0.057 -0.01 0.0155 -0.057 -0.0105 0.0155 -0.05 -0.0105 0.0155 -0.057 -0.011 0.0155 -0.05 -0.011 0.015 -0.057 -0.011 0.0155 -0.05 -0.011 0.0155 -0.057 -0.011 0.015 -0.05 -0.011 0.0145 -0.057 -0.0115 0.0145 -0.05 -0.012 0.0145 -0.05 -0.0115 0.014 -0.057 -0.0115 0.014 -0.05 -0.0115 0.0145 -0.057 -0.011 0.0145 -0.05 -0.011 0.015 -0.057 -0.011 0.015 -0.05 -0.011 0.0145 -0.057 -0.012 0.014 -0.05 -0.0125 0.0145 -0.057 -0.0125 0.014 -0.057 -0.0125 0.0145 -0.05 -0.012 0.0145 -0.057 -0.012 0.013 -0.057 -0.013 0.013 -0.05 -0.0135 0.013 -0.05 -0.013 0.013 -0.057 -0.0125 0.013 -0.05 -0.0125 0.0135 -0.057 -0.0125 0.0135 -0.05 -0.0125 0.014 -0.057 -0.0125 0.014 -0.05 -0.0125 0.013 -0.057 -0.0135 0.013 -0.057 -0.014 0.013 -0.05 -0.0135 0.013 -0.057 -0.0135 0.013 -0.05 -0.014 0.0125 -0.057 -0.014 0.0125 -0.05 -0.014 0.013 -0.05 -0.014 0.013 -0.057 -0.014 0.0115 -0.057 -0.0145 0.0115 -0.05 -0.0145 0.0115 -0.057 -0.014 0.0115 -0.05 -0.014 0.012 -0.057 -0.0135 0.012 -0.05 -0.0135 0.0125 -0.057 -0.0135 0.0125 -0.05 -0.0135 0.0125 -0.057 -0.014 0.0125 -0.05 -0.014 0.0115 -0.057 -0.0145 0.0115 -0.05 -0.0145 0.0115 -0.057 -0.015 0.0115 -0.05 -0.015 0.011 -0.057 -0.015 0.0115 -0.05 -0.015 0.0115 -0.057 -0.015 0.011 -0.05 -0.015 0.01 -0.057 -0.0155 0.01 -0.05 -0.0155 0.01 -0.057 -0.015 0.01 -0.05 -0.015 0.0105 -0.057 -0.015 0.0105 -0.05 -0.015 0.011 -0.057 -0.015 0.011 -0.05 -0.015 0.01 -0.057 -0.016 0.01 -0.05 -0.016 0.01 -0.05 -0.0155 0.01 -0.057 -0.0155 0.01 -0.057 -0.016 0.01 -0.05 -0.016 0.0095 -0.057 -0.016 0.0095 -0.05 -0.016 0.0085 -0.057 -0.0165 0.0085 -0.05 -0.0165 0.0085 -0.057 -0.016 0.0085 -0.05 -0.016 0.009 -0.057 -0.016 0.009 -0.05 -0.016 0.0095 -0.057 -0.016 0.0095 -0.05 -0.016 0.0085 -0.057 -0.017 0.0085 -0.05 -0.017 0.0085 -0.05 -0.0165 0.0085 -0.057 -0.0165 0.008 -0.05 -0.017 0.008 -0.057 -0.017 0.0085 -0.05 -0.017 0.0085 -0.057 -0.017 0.0075 -0.057 -0.017 0.0075 -0.05 -0.017 0.008 -0.05 -0.017 0.008 -0.057 -0.017 0.0065 -0.057 -0.017 0.0065 -0.05 -0.0175 0.0065 -0.05 -0.017 0.007 -0.057 -0.017 0.007 -0.05 -0.017 0.007 -0.057 -0.0165 0.007 -0.05 -0.0165 0.0075 -0.057 -0.0165 0.0075 -0.05 -0.0165 0.0075 -0.057 -0.017 0.0075 -0.05 -0.017 0.0065 -0.057 -0.0175 0.006 -0.057 -0.018 0.0065 -0.05 -0.0175 0.0065 -0.057 -0.0175 0.006 -0.05 -0.018 0.0045 -0.057 -0.018 0.005 -0.05 -0.018 0.0045 -0.05 -0.018 0.005 -0.057 -0.0175 0.005 -0.05 -0.0175 0.0055 -0.057 -0.0175 0.0055 -0.05 -0.0175 0.006 -0.057 -0.018 0.006 -0.05 -0.018 0.005 -0.057 -0.018 0.0045 -0.057 -0.018 0.0045 -0.05 -0.018 0.005 -0.05 -0.018 0.005 -0.057 -0.018 0.0045 -0.057 -0.0185 0.0045 -0.05 -0.0185 0.004 -0.057 -0.0185 0.0045 -0.05 -0.0185 0.0045 -0.057 -0.0185 0.004 -0.05 -0.0185 0.003 -0.057 -0.018 0.003 -0.05 -0.0185 0.003 -0.05 -0.018 0.0035 -0.057 -0.018 0.0035 -0.05 -0.018 0.004 -0.057 -0.018 0.004 -0.05 -0.018 0.004 -0.057 -0.0185 0.004 -0.05 -0.0185 0.003 -0.057 -0.0185 0.0025 -0.057 -0.0185 0.003 -0.05 -0.0185 0.003 -0.057 -0.0185 0.0025 -0.05 -0.0185 0.0025 -0.05 -0.0185 0.002 -0.057 -0.0185 0.002 -0.05 -0.0185 0.0025 -0.057 -0.0185 0.001 -0.057 -0.018 0.001 -0.05 -0.0185 0.001 -0.05 -0.018 0.001 -0.057 -0.0185 0.0015 -0.057 -0.018 0.0015 -0.05 -0.018 0.002 -0.057 -0.018 0.002 -0.05 -0.018 0.002 -0.057 -0.0185 0.002 -0.05 -0.0185 0.001 -0.057 -0.019 0.001 -0.05 -0.019 0.001 -0.05 -0.0185 0.001 -0.057 -0.0185 0 -0.05 -0.019 0.0005 -0.057 -0.019 0 -0.057 -0.019 0.001 -0.05 -0.019 0.001 -0.057 -0.019 0 -0.057 -0.0185 0 -0.05 -0.019 0 -0.057 -0.019 0 -0.05 -0.0185 -0.001 -0.057 -0.0185 -0.001 -0.05 -0.0185 -0.001 -0.057 -0.018 -0.001 -0.05 -0.018 -0.0005 -0.057 -0.018 -0.0005 -0.05 -0.018 0 -0.057 -0.018 0 -0.05 -0.018 0 -0.057 -0.0185 0 -0.05 -0.0185 -0.001 -0.057 -0.019 -0.001 -0.05 -0.019 -0.001 -0.05 -0.0185 -0.001 -0.057 -0.0185 -0.002 -0.057 -0.019 -0.001 -0.05 -0.019 -0.001 -0.057 -0.019 -0.002 -0.05 -0.019 -0.002 -0.057 -0.0185 -0.002 -0.05 -0.0185 -0.002 -0.05 -0.019 -0.002 -0.057 -0.019 -0.003 -0.057 -0.018 -0.003 -0.05 -0.0185 -0.003 -0.05 -0.018 -0.0025 -0.057 -0.018 -0.0025 -0.05 -0.018 -0.002 -0.057 -0.018 -0.002 -0.05 -0.018 -0.002 -0.057 -0.0185 -0.002 -0.05 -0.0185 -0.003 -0.057 -0.0185 -0.0035 -0.057 -0.0185 -0.003 -0.05 -0.0185 -0.003 -0.057 -0.0185 -0.0035 -0.05 -0.0185 -0.004 -0.057 -0.0185 -0.004 -0.05 -0.0185 -0.0035 -0.05 -0.0185 -0.0035 -0.057 -0.0185 -0.005 -0.057 -0.018 -0.005 -0.05 -0.018 -0.0045 -0.057 -0.0175 -0.0045 -0.05 -0.0175 -0.004 -0.057 -0.0175 -0.004 -0.05 -0.0175 -0.004 -0.057 -0.018 -0.004 -0.05 -0.018 -0.004 -0.057 -0.0185 -0.004 -0.05 -0.0185 -0.005 -0.057 -0.018 -0.0055 -0.05 -0.018 -0.005 -0.05 -0.018 -0.0055 -0.057 -0.018 -0.0065 -0.057 -0.017 -0.007 -0.05 -0.0175 -0.0065 -0.05 -0.017 -0.006 -0.057 -0.017 -0.006 -0.05 -0.017 -0.006 -0.057 -0.0175 -0.006 -0.05 -0.0175 -0.0055 -0.057 -0.0175 -0.0055 -0.05 -0.0175 -0.0055 -0.057 -0.018 -0.0055 -0.05 -0.018 -0.007 -0.057 -0.0175 -0.0075 -0.05 -0.0175 -0.007 -0.057 -0.0175 -0.0075 -0.057 -0.0175 -0.007 -0.05 -0.0175 -0.0075 -0.057 -0.017 -0.0075 -0.05 -0.017 -0.0075 -0.05 -0.0175 -0.0075 -0.057 -0.0175 -0.0085 -0.057 -0.0165 -0.0085 -0.05 -0.0165 -0.008 -0.057 -0.0165 -0.008 -0.05 -0.0165 -0.0075 -0.057 -0.0165 -0.0075 -0.05 -0.0165 -0.0075 -0.057 -0.017 -0.0075 -0.05 -0.017 -0.0085 -0.057 -0.0165 -0.0085 -0.05 -0.0165 -0.009 -0.057 -0.0165 -0.009 -0.05 -0.0165 -0.0095 -0.057 -0.0165 -0.009 -0.05 -0.0165 -0.009 -0.057 -0.0165 -0.0095 -0.05 -0.0165 -0.0095 -0.057 -0.0165 -0.0095 -0.05 -0.0165 -0.0095 -0.057 -0.016 -0.0095 -0.05 -0.016 -0.01 -0.057 -0.0155 -0.01 -0.05 -0.0155 -0.0095 -0.057 -0.0155 -0.0095 -0.05 -0.0155 -0.009 -0.057 -0.0155 -0.009 -0.05 -0.0155 -0.009 -0.057 -0.016 -0.009 -0.05 -0.016 -0.0095 -0.057 -0.016 -0.0095 -0.05 -0.016 -0.0105 -0.057 -0.0155 -0.0105 -0.05 -0.0155 -0.01 -0.05 -0.0155 -0.01 -0.057 -0.0155 -0.011 -0.057 -0.0155 -0.0105 -0.05 -0.0155 -0.0105 -0.057 -0.0155 -0.011 -0.05 -0.0155 -0.011 -0.057 -0.015 -0.011 -0.05 -0.0155 -0.011 -0.057 -0.0155 -0.011 -0.05 -0.015 -0.0115 -0.057 -0.0145 -0.012 -0.05 -0.0145 -0.0115 -0.05 -0.0145 -0.0115 -0.057 -0.014 -0.0115 -0.05 -0.014 -0.011 -0.057 -0.0145 -0.011 -0.05 -0.0145 -0.011 -0.057 -0.015 -0.011 -0.05 -0.015 -0.012 -0.057 -0.0145 -0.012 -0.057 -0.0145 -0.0125 -0.05 -0.0145 -0.012 -0.05 -0.0145 -0.0125 -0.057 -0.014 -0.0125 -0.05 -0.014 -0.013 -0.057 -0.013 -0.0135 -0.05 -0.013 -0.013 -0.05 -0.013 -0.0125 -0.057 -0.013 -0.0125 -0.05 -0.013 -0.0125 -0.057 -0.0135 -0.0125 -0.05 -0.0135 -0.0125 -0.057 -0.014 -0.0125 -0.05 -0.014 -0.0135 -0.057 -0.013 -0.014 -0.05 -0.013 -0.0135 -0.057 -0.013 -0.014 -0.057 -0.013 -0.0135 -0.05 -0.013 -0.014 -0.057 -0.0125 -0.014 -0.05 -0.0125 -0.014 -0.05 -0.013 -0.014 -0.057 -0.013 -0.0145 -0.057 -0.0115 -0.0145 -0.05 -0.0115 -0.014 -0.057 -0.0115 -0.014 -0.05 -0.0115 -0.0135 -0.057 -0.012 -0.0135 -0.05 -0.012 -0.0135 -0.057 -0.0125 -0.0135 -0.05 -0.0125 -0.014 -0.057 -0.0125 -0.014 -0.05 -0.0125 -0.0145 -0.057 -0.0115 -0.0145 -0.05 -0.0115 -0.015 -0.057 -0.0115 -0.015 -0.05 -0.0115 -0.015 -0.057 -0.011 -0.015 -0.05 -0.0115 -0.015 -0.057 -0.0115 -0.015 -0.05 -0.011 -0.0155 -0.057 -0.01 -0.0155 -0.05 -0.01 -0.015 -0.057 -0.01 -0.015 -0.05 -0.01 -0.015 -0.057 -0.0105 -0.015 -0.05 -0.0105 -0.015 -0.057 -0.011 -0.015 -0.05 -0.011 -0.016 -0.057 -0.01 -0.016 -0.05 -0.01 -0.0155 -0.05 -0.01 -0.0155 -0.057 -0.01 -0.016 -0.057 -0.0095 -0.016 -0.05 -0.01 -0.016 -0.057 -0.01 -0.016 -0.05 -0.0095 -0.0165 -0.057 -0.0085 -0.0165 -0.05 -0.0085 -0.016 -0.057 -0.0085 -0.016 -0.05 -0.0085 -0.016 -0.057 -0.009 -0.016 -0.05 -0.009 -0.016 -0.057 -0.0095 -0.016 -0.05 -0.0095 -0.017 -0.057 -0.0085 -0.017 -0.05 -0.0085 -0.0165 -0.05 -0.0085 -0.0165 -0.057 -0.0085 -0.017 -0.057 -0.0085 -0.017 -0.05 -0.008 -0.017 -0.05 -0.0085 -0.017 -0.057 -0.008 -0.017 -0.057 -0.0075 -0.017 -0.05 -0.0075 -0.017 -0.05 -0.008 -0.017 -0.057 -0.008 -0.017 -0.057 -0.0065 -0.0175 -0.05 -0.0065 -0.017 -0.05 -0.0065 -0.017 -0.057 -0.007 -0.017 -0.05 -0.007 -0.0165 -0.057 -0.007 -0.0165 -0.05 -0.007 -0.0165 -0.057 -0.0075 -0.0165 -0.05 -0.0075 -0.017 -0.057 -0.0075 -0.017 -0.05 -0.0075 -0.0175 -0.057 -0.0065 -0.018 -0.05 -0.006 -0.018 -0.057 -0.0065 -0.018 -0.057 -0.006 -0.0175 -0.05 -0.0065 -0.0175 -0.057 -0.0065 -0.018 -0.057 -0.0045 -0.018 -0.05 -0.005 -0.018 -0.05 -0.0045 -0.0175 -0.057 -0.005 -0.0175 -0.05 -0.005 -0.0175 -0.057 -0.0055 -0.0175 -0.05 -0.0055 -0.018 -0.057 -0.006 -0.018 -0.05 -0.006 -0.018 -0.057 -0.005 -0.018 -0.057 -0.0045 -0.018 -0.05 -0.0045 -0.018 -0.05 -0.005 -0.018 -0.057 -0.005 -0.0185 -0.057 -0.0045 -0.0185 -0.05 -0.0045 -0.0185 -0.057 -0.004 -0.0185 -0.05 -0.0045 -0.0185 -0.057 -0.0045 -0.0185 -0.05 -0.004 -0.018 -0.057 -0.003 -0.0185 -0.05 -0.003 -0.018 -0.05 -0.003 -0.018 -0.057 -0.0035 -0.018 -0.05 -0.0035 -0.018 -0.057 -0.004 -0.018 -0.05 -0.004 -0.0185 -0.057 -0.004 -0.0185 -0.05 -0.004 -0.0185 -0.057 -0.003 -0.0185 -0.057 -0.003 -0.0185 -0.05 -0.003 -0.0185 -0.057 -0.0025 -0.0185 -0.05 -0.0025 -0.0185 -0.057 -0.002 -0.0185 -0.05 -0.0025 -0.0185 -0.057 -0.0025 -0.0185 -0.05 -0.002 -0.0185 -0.057 -0.001 -0.0185 -0.05 -0.001 -0.018 -0.057 -0.001 -0.018 -0.05 -0.001 -0.018 -0.057 -0.0015 -0.018 -0.05 -0.0015 -0.018 -0.057 -0.002 -0.018 -0.05 -0.002 -0.0185 -0.057 -0.002 -0.0185 -0.05 -0.002 -0.019 -0.057 -0.001 -0.019 -0.05 -0.001 -0.0185 -0.05 -0.001 -0.0185 -0.057 -0.001 -0.019 -0.057 -0.001 -0.019 -0.05 -0.0005 -0.019 -0.05 -0.001 -0.019 -0.057 0 -0.019 -0.05 0 -0.0185 -0.057 0 -0.019 -0.05 0 -0.019 -0.057 0 -0.0185 -0.05 0 -0.0185 -0.057 0.001 -0.0185 -0.05 0.001 -0.018 -0.057 0.001 -0.018 -0.05 0.001 -0.018 -0.057 0.0005 -0.018 -0.05 0.0005 -0.018 -0.057 0 -0.018 -0.05 0 -0.0185 -0.057 0 -0.0185 -0.05 0 -0.019 -0.057 0.001 -0.019 -0.05 0.001 -0.0185 -0.05 0.001 -0.0185 -0.057 0.001 -0.019 -0.05 0.002 -0.019 -0.057 0.0015 -0.019 -0.057 0.002 -0.019 -0.05 0.001 -0.019 -0.057 0.001 -0.0185 -0.057 0.002 -0.0185 -0.05 0.002 -0.019 -0.05 0.002 -0.019 -0.057 0.002 -0.018 -0.057 0.003 -0.0185 -0.05 0.003 -0.018 -0.05 0.003 -0.018 -0.057 0.0025 -0.018 -0.05 0.0025 -0.018 -0.057 0.002 -0.018 -0.05 0.002 -0.0185 -0.057 0.002 -0.0185 -0.05 0.002 -0.0185 -0.057 0.003 -0.0185 -0.057 0.0035 -0.0185 -0.05 0.003 -0.0185 -0.057 0.003 -0.0185 -0.05 0.0035 -0.0185 -0.057 0.004 -0.0185 -0.05 0.004 -0.0185 -0.05 0.0035 -0.0185 -0.057 0.0035 -0.018 -0.057 0.005 -0.018 -0.05 0.005 -0.0175 -0.057 0.0045 -0.0175 -0.05 0.0045 -0.0175 -0.057 0.004 -0.0175 -0.05 0.004 -0.018 -0.057 0.004 -0.018 -0.05 0.004 -0.0185 -0.057 0.004 -0.0185 -0.05 0.004 -0.018 -0.057 0.0055 -0.018 -0.05 0.005 -0.018 -0.057 0.005 -0.018 -0.05 0.0055 -0.017 -0.057 0.0065 -0.0175 -0.05 0.007 -0.017 -0.05 0.0065 -0.017 -0.057 0.006 -0.017 -0.05 0.006 -0.0175 -0.057 0.006 -0.0175 -0.05 0.006 -0.0175 -0.057 0.0055 -0.0175 -0.05 0.0055 -0.018 -0.057 0.0055 -0.018 -0.05 0.0055 -0.0175 -0.057 0.007 -0.0175 -0.057 0.007 -0.0175 -0.05 0.007 -0.0175 -0.057 0.0075 -0.0175 -0.05 0.0075 -0.017 -0.057 0.0075 -0.017 -0.05 0.0075 -0.0175 -0.05 0.0075 -0.0175 -0.057 0.0075 -0.0165 -0.057 0.0085 -0.0165 -0.05 0.0085 -0.0165 -0.057 0.008 -0.0165 -0.05 0.008 -0.0165 -0.057 0.0075 -0.0165 -0.05 0.0075 -0.017 -0.057 0.0075 -0.017 -0.05 0.0075 -0.0165 -0.057 0.0085 -0.0165 -0.05 0.0085 -0.0165 -0.057 0.009 -0.0165 -0.05 0.009 -0.0165 -0.05 0.0095 -0.0165 -0.057 0.009 -0.0165 -0.057 0.0095 -0.0165 -0.05 0.009 -0.0165 -0.057 0.0095 -0.0165 -0.05 0.0095 -0.016 -0.057 0.0095 -0.016 -0.05 0.0095 -0.0155 -0.057 0.01 -0.0155 -0.05 0.01 -0.0155 -0.057 0.0095 -0.0155 -0.05 0.0095 -0.0155 -0.057 0.009 -0.0155 -0.05 0.009 -0.016 -0.057 0.009 -0.016 -0.05 0.009 -0.016 -0.057 0.0095 -0.016 -0.05 0.0095 -0.0155 -0.057 0.0105 -0.0155 -0.05 0.0105 -0.0155 -0.05 0.01 -0.0155 -0.057 0.01 -0.0155 -0.057 0.011 -0.0155 -0.05 0.0105 -0.0155 -0.057 0.0105 -0.0155 -0.05 0.011 -0.015 -0.057 0.011 -0.0155 -0.05 0.011 -0.0155 -0.057 0.011 -0.015 -0.05 0.011 -0.0145 -0.057 0.0115 -0.0145 -0.05 0.012 -0.0145 -0.05 0.0115 -0.014 -0.057 0.0115 -0.014 -0.05 0.0115 -0.0145 -0.057 0.011 -0.0145 -0.05 0.011 -0.015 -0.057 0.011 -0.015 -0.05 0.011 -0.0145 -0.057 0.012 -0.014 -0.057 0.0125 -0.0145 -0.05 0.012 -0.0145 -0.057 0.012 -0.014 -0.05 0.0125 -0.013 -0.057 0.013 -0.013 -0.05 0.0135 -0.013 -0.05 0.013 -0.013 -0.057 0.0125 -0.013 -0.05 0.0125 -0.0135 -0.057 0.0125 -0.0135 -0.05 0.0125 -0.014 -0.057 0.0125 -0.014 -0.05 0.0125 -0.013 -0.057 0.0135 -0.013 -0.057 0.0135 -0.013 -0.05 0.0135 -0.013 -0.057 0.014 -0.013 -0.05 0.014 -0.0125 -0.057 0.014 -0.0125 -0.05 0.014 -0.013 -0.05 0.014 -0.013 -0.057 0.014 -0.0115 -0.057 0.0145 -0.0115 -0.05 0.0145 -0.0115 -0.057 0.014 -0.0115 -0.05 0.014 -0.012 -0.057 0.0135 -0.012 -0.05 0.0135 -0.0125 -0.057 0.0135 -0.0125 -0.05 0.0135 -0.0125 -0.057 0.014 -0.0125 -0.05 0.014 -0.0115 -0.057 0.0145 -0.0115 -0.05 0.0145 -0.0115 -0.057 0.015 -0.0115 -0.05 0.015 -0.011 -0.05 0.015 -0.0115 -0.057 0.015 -0.011 -0.057 0.015 -0.0115 -0.05 0.015 -0.01 -0.057 0.0155 -0.01 -0.05 0.0155 -0.01 -0.057 0.015 -0.01 -0.05 0.015 -0.0105 -0.057 0.015 -0.0105 -0.05 0.015 -0.011 -0.057 0.015 -0.011 -0.05 0.015 -0.01 -0.057 0.016 -0.01 -0.05 0.016 -0.01 -0.05 0.0155 -0.01 -0.057 0.0155 -0.0095 -0.057 0.016 -0.01 -0.05 0.016 -0.01 -0.057 0.016 -0.0095 -0.05 0.016 -0.0085 -0.057 0.0165 -0.0085 -0.05 0.0165 -0.0085 -0.057 0.016 -0.0085 -0.05 0.016 -0.009 -0.057 0.016 -0.009 -0.05 0.016 -0.0095 -0.057 0.016 -0.0095 -0.05 0.016 -0.0085 -0.057 0.017 -0.0085 -0.05 0.017 -0.0085 -0.05 0.0165 -0.0085 -0.057 0.0165 -0.008 -0.057 0.017 -0.0085 -0.05 0.017 -0.0085 -0.057 0.017 -0.008 -0.05 0.017 -0.0075 -0.057 0.017 -0.0075 -0.05 0.017 -0.008 -0.05 0.017 -0.008 -0.057 0.017 -0.0065 -0.057 0.017 -0.0065 -0.05 0.0175 -0.0065 -0.05 0.017 -0.007 -0.057 0.017 -0.007 -0.05 0.017 -0.007 -0.057 0.0165 -0.007 -0.05 0.0165 -0.0075 -0.057 0.0165 -0.0075 -0.05 0.0165 -0.0075 -0.057 0.017 -0.0075 -0.05 0.017 -0.0065 -0.057 0.0175 -0.006 -0.057 0.018 -0.0065 -0.05 0.0175 -0.0065 -0.057 0.0175 -0.006 -0.05 0.018 -0.0045 -0.057 0.018 -0.005 -0.05 0.018 -0.0045 -0.05 0.018 -0.005 -0.057 0.0175 -0.005 -0.05 0.0175 -0.0055 -0.057 0.0175 -0.0055 -0.05 0.0175 -0.006 -0.057 0.018 -0.006 -0.05 0.018 -0.005 -0.057 0.018 -0.0045 -0.057 0.018 -0.0045 -0.05 0.018 -0.005 -0.05 0.018 -0.005 -0.057 0.018 -0.0045 -0.057 0.0185 -0.0045 -0.05 0.0185 -0.004 -0.05 0.0185 -0.0045 -0.057 0.0185 -0.004 -0.057 0.0185 -0.0045 -0.05 0.0185 -0.003 -0.057 0.018 -0.003 -0.05 0.0185 -0.003 -0.05 0.018 -0.0035 -0.057 0.018 -0.0035 -0.05 0.018 -0.004 -0.057 0.018 -0.004 -0.05 0.018 -0.004 -0.057 0.0185 -0.004 -0.05 0.0185 -0.003 -0.057 0.0185 -0.003 -0.057 0.0185 -0.003 -0.05 0.0185 -0.0025 -0.057 0.0185 -0.0025 -0.05 0.0185 -0.002 -0.057 0.0185 -0.0025 -0.05 0.0185 -0.0025 -0.057 0.0185 -0.002 -0.05 0.0185 -0.001 -0.05 0.0185 -0.001 -0.057 0.0185 -0.001 -0.057 0.018 -0.001 -0.05 0.018 -0.0015 -0.057 0.018 -0.0015 -0.05 0.018 -0.002 -0.057 0.018 -0.002 -0.05 0.018 -0.002 -0.057 0.0185 -0.002 -0.05 0.0185 0.0125 -0.05 -0.014 0.0115 -0.05 -0.0145 -0.0185 -0.05 -0.004 -0.0185 -0.05 -0.003 -0.0185 -0.05 -0.0025 -0.018 -0.05 0.0065 -0.0175 -0.05 0.007 -0.015 -0.05 -0.011 -0.0155 -0.05 -0.01 -0.016 -0.05 -0.01 -0.016 -0.05 0.009 -0.0155 -0.05 0.01 -0.014 -0.05 0.013 -0.0155 -0.05 0.011 -0.015 -0.05 0.011 -0.0145 -0.05 0.012 -0.0105 -0.05 0.0155 -0.011 -0.05 0.015 -0.01 -0.05 0.0155 -0.01 -0.05 0.016 -0.0075 -0.05 0.0175 -0.008 -0.05 0.017 -0.0075 -0.05 0.017 -0.0065 -0.05 0.0175 -0.0095 -0.05 0.016 -0.0085 -0.05 0.0165 -0.0085 -0.05 0.017 -0.0035 -0.05 0.0185 -0.004 -0.05 0.0185 -0.003 -0.05 0.0185 -0.002 -0.05 0.0185 -0.001 -0.05 0.019 0.002 -0.05 0.0185 0.003 -0.05 0.0185 0.0045 -0.05 0.0185 0.005 -0.05 0.018 0.0115 -0.05 0.015 0.0095 -0.05 0.0165 0.0055 -0.05 0.018 0.007 -0.05 0.0175 0.012 -0.05 0.0145 0.0125 -0.05 0.014 0.0135 -0.05 0.013 0.014 -0.05 -0.013 0.013 -0.05 -0.0135 0.0165 -0.05 0.009 0.016 -0.05 0.0095 0.0165 -0.05 0.0085 0.017 -0.05 0.0075 0.0175 -0.05 0.0065 0.0185 -0.05 0.004 0.0185 -0.05 0.003 0.0185 -0.05 0.0025 0.0185 -0.05 -0.004 0.018 -0.05 -0.005 0.0175 -0.05 -0.007 0.018 -0.05 -0.0065 0.018 -0.05 -0.0055 0.016 -0.05 -0.01 0.0165 -0.05 -0.0095 0.014 -0.05 -0.0125 0.0105 -0.05 -0.0155 0.006 -0.05 -0.018 0.0045 -0.05 -0.018 0.0045 -0.05 -0.0185 -0.0055 -0.05 -0.018 -0.007 -0.05 -0.0175 -0.018 -0.05 0.0055 -0.017 -0.05 0.0075 -0.0165 -0.05 0.0085 -0.016 -0.05 0.0095 -0.0165 -0.05 0.0095 -0.016 -0.05 0.01 -0.0155 -0.05 0.0105 -0.014 -0.05 0.0125 -0.0125 -0.05 0.0135 -0.0115 -0.05 0.014 -0.013 -0.05 0.0135 0.018 -0.05 0.0055 0.017 -0.05 0.008 0.0145 -0.05 0.0115 0.0145 -0.05 0.0125 0.014 -0.05 0.0125 0.011 -0.05 0.0155 0.011 -0.05 0.015 0.004 -0.05 0.0185 0.0005 -0.05 0.019 0 -0.05 0.019 -0.006 -0.05 0.018 -0.0045 -0.05 0.018 -0.0045 -0.05 0.0185 -0.0115 -0.05 0.0145 -0.013 -0.05 0.014 0.018 -0.05 0.006 0.008 -0.05 0.017 0.011 -0.05 -0.015 0.0115 -0.05 -0.015 0.015 -0.05 0.011 0.016 -0.05 0.01 -0.014 -0.05 -0.0125 -0.0145 -0.05 -0.0115 -0.0065 -0.05 0.017 -0.009 -0.05 0.016 -0.005 -0.05 0.018 -0.001 -0.05 0.0185 0.0075 -0.05 0.0175 0.0105 -0.05 0.0155 0.014 -0.05 0.013 0.019 -0.05 0.0015 0.0185 -0.05 0.002 0.0185 -0.05 0 0.019 -0.05 -0.001 0.017 -0.05 -0.0065 0.0175 -0.05 -0.0075 0.013 -0.05 -0.014 0.0125 -0.05 -0.0135 0.0115 -0.05 -0.014 0.002 -0.05 -0.0185 0.001 -0.05 -0.019 -0.0095 -0.05 -0.0165 -0.0105 -0.05 -0.0155 -0.017 -0.05 0.0065 -0.0125 -0.05 0.014 -0.01 -0.05 0.015 -0.0035 -0.05 0.018 -0.003 -0.05 0.018 0.0075 -0.05 0.017 0.0065 -0.05 0.017 0.0115 -0.05 0.0145 0.0135 -0.05 0.012 0.014 -0.05 0.0115 0.0155 -0.05 0.01 0.016 -0.05 0.0085 0.017 -0.05 0.0085 0.019 -0.05 -0.0025 0.0185 -0.05 -0.003 0.017 -0.05 -0.0075 0.0155 -0.05 -0.01 0.0075 -0.05 -0.0175 0.008 -0.05 -0.017 0.0075 -0.05 -0.017 0.005 -0.05 -0.018 -0.0145 -0.05 -0.0125 -0.0185 -0.05 0.004 -0.018 -0.05 0.005 -0.0065 -0.05 -0.017 -0.0175 -0.05 0.0075 -0.015 -0.05 -0.01 -0.014 -0.05 0.0115 -0.0145 -0.05 0.0115 -0.013 -0.05 0.0125 -0.0115 -0.05 0.015 -0.005 -0.05 0.0175 -0.001 -0.05 0.018 0.001 -0.05 0.0185 0.001 -0.05 0.019 0.0085 -0.05 0.0165 0.01 -0.05 0.0155 0.0135 -0.05 0.0125 0.015 -0.05 0.0115 0.015 -0.05 0.01 0.017 -0.05 0.0065 0.018 -0.05 0.005 0.0185 -0.05 -0.001 0.0185 -0.05 -0.0035 0.017 -0.05 -0.006 0.0175 -0.05 -0.006 0.0165 -0.05 -0.0085 0.0155 -0.05 -0.011 0.0135 -0.05 -0.0125 0.013 -0.05 -0.013 0.012 -0.05 -0.0135 -0.0005 -0.05 -0.019 0.005 -0.05 -0.0175 -0.0125 -0.05 -0.014 -0.0135 -0.05 -0.013 -0.01 -0.05 -0.0155 -0.018 -0.05 -0.0055 -0.018 -0.05 -0.006 -0.017 -0.05 0.006 -0.0165 -0.05 0.009 -0.0155 -0.05 0.009 -0.007 -0.05 0.0165 -0.007 -0.05 0.017 -0.0085 -0.05 0.016 -0.004 -0.05 0.018 0 -0.05 0.0185 0.003 -0.05 0.018 0.0045 -0.05 0.0175 0.004 -0.05 0.018 0.004 -0.05 0.0175 0.006 -0.05 0.017 0.006 -0.05 0.0175 0.0115 -0.05 0.014 0.0125 -0.05 0.013 0.016 -0.05 0.009 0.0175 -0.05 0.005 0.018 -0.05 0.0045 0.018 -0.05 0.003 0.019 -0.05 0 0.0175 -0.05 -0.0045 0.018 -0.05 -0.004 0.0175 -0.05 -0.004 0.0175 -0.05 -0.0055 0.016 -0.05 -0.0095 0.0155 -0.05 -0.0105 0.0145 -0.05 -0.012 0.0085 -0.05 -0.016 0.0035 -0.05 -0.0185 -0.0045 -0.05 -0.0185 -0.004 -0.05 -0.0185 -0.008 -0.05 -0.017 -0.0085 -0.05 -0.0165 -0.017 -0.05 -0.008 -0.017 -0.05 -0.0075 -0.0185 -0.05 0 -0.019 -0.05 0.001 -0.006 -0.05 -0.017 -0.006 -0.05 -0.0175 -0.0175 -0.05 0.0055 -0.0175 -0.05 0.006 -0.0145 -0.05 0.011 -0.012 -0.05 0.0135 -0.0135 -0.05 0.0125 -0.0075 -0.05 0.0165 -0.0185 -0.05 0.0035 -0.019 -0.05 0.0025 -0.0185 -0.05 0.003 -0.011 -0.05 -0.0145 -0.018 -0.05 0.003 -0.0185 -0.05 0.002 -0.018 -0.05 0.0025 -0.018 -0.05 0.002 -0.019 -0.05 -0.0015 -0.019 -0.05 -0.001 -0.0185 -0.05 -0.001 -0.018 -0.05 -0.0015 -0.018 -0.05 -0.001 -0.0185 -0.05 -0.002 -0.0115 -0.05 -0.014 -0.011 -0.05 -0.015 -0.019 -0.05 0 -0.018 -0.05 -0.002 -0.0115 -0.05 -0.0145 -0.002 -0.05 -0.019 -0.003 -0.05 -0.0185 -0.019 -0.05 0.002 -0.0185 -0.05 -0.0045 -0.0175 -0.05 -0.005 -0.0175 -0.05 -0.0055 -0.018 -0.05 -0.005 -0.016 -0.05 -0.0085 -0.016 -0.05 -0.0095 -0.015 -0.05 -0.0115 -0.0135 -0.05 -0.012 -0.014 -0.05 -0.0115 -0.0135 -0.05 -0.0125 -0.0115 -0.05 -0.015 -0.0125 -0.05 -0.0145 -0.012 -0.05 -0.0145 -0.005 -0.05 -0.018 -0.001 -0.05 -0.019 0.0145 -0.05 -0.011 -0.018 -0.05 -0.0045 -0.017 -0.05 -0.0065 -0.0165 -0.05 -0.007 -0.0165 -0.05 -0.0075 -0.0165 -0.05 -0.009 -0.017 -0.05 -0.0085 -0.014 -0.05 -0.013 -0.009 -0.05 -0.0165 -0.0075 -0.05 -0.0165 -0.008 -0.05 -0.0165 -0.0075 -0.05 -0.017 -0.001 -0.05 -0.0185 -0.001 -0.05 -0.018 0 -0.05 -0.0185 -0.0005 -0.05 -0.018 0 -0.05 -0.018 -0.003 -0.05 -0.018 -0.002 -0.05 -0.0185 -0.0025 -0.05 -0.018 -0.002 -0.05 -0.018 0.003 -0.05 -0.018 0.004 -0.05 -0.018 0.0065 -0.05 -0.0175 0.014 -0.05 -0.0115 0.015 -0.05 -0.011 0.018 -0.05 -0.0025 0.0185 -0.05 -0.002 0.018 -0.05 -0.002 -0.018 -0.05 -0.004 -0.018 -0.05 0.001 -0.018 -0.05 0.0005 -0.018 -0.05 0 -0.017 -0.05 -0.007 -0.0165 -0.05 -0.0085 -0.011 -0.05 -0.0155 -0.0075 -0.05 -0.0175 -0.0045 -0.05 -0.0175 -0.004 -0.05 -0.018 0.0065 -0.05 -0.017 0.007 -0.05 -0.0165 0.0085 -0.05 -0.017 0.0095 -0.05 -0.016 0.01 -0.05 -0.016 0.0145 -0.05 -0.0115 0.018 -0.05 -0.003 0.018 -0.05 0.0015 0.0185 -0.05 0.001 0.018 -0.05 0.002 -0.018 -0.05 -0.003 -0.0175 -0.05 0.0045 -0.018 -0.05 0.004 -0.0185 -0.05 0.001 -0.0175 -0.05 -0.0065 0.001 -0.05 -0.0185 0.0015 -0.05 -0.018 0.001 -0.05 -0.018 0.003 -0.05 -0.0185 0.004 -0.05 -0.0185 0.007 -0.05 -0.017 0.0075 -0.05 -0.0165 0.01 -0.05 -0.015 0.019 -0.05 0.001 0.018 -0.05 0.001 0.001 -0.05 0.018 0.0005 -0.05 0.018 0 -0.05 0.018 -0.004 -0.05 -0.0175 -0.0125 -0.05 -0.013 -0.0125 -0.05 -0.0135 0.002 -0.05 -0.018 0.01 -0.05 -0.0155 0.0165 -0.05 -0.0075 0.018 -0.05 -0.001 0.018 -0.05 -0.0005 0.018 -0.05 0 0.0185 -0.05 0.0045 0.009 -0.05 0.0155 0.0075 -0.05 0.0165 0.002 -0.05 0.019 -0.0165 -0.05 0.0075 -0.0165 -0.05 0.008 -0.0175 -0.05 0.004 -0.009 -0.05 -0.016 -0.0095 -0.05 -0.016 0 -0.05 -0.019 0.0085 -0.05 -0.0165 0.0165 -0.05 -0.009 0.018 -0.05 0.004 0.0175 -0.05 0.0055 0.0125 -0.05 0.0135 0.009 -0.05 0.016 0.009 -0.05 0.0165 -0.0015 -0.05 0.018 -0.009 -0.05 -0.0155 0.0055 -0.05 -0.0175 0.013 -0.05 -0.0125 0.016 -0.05 -0.009 0.019 -0.05 -0.002 0.017 -0.05 0.007 0.0165 -0.05 0.007 0.0165 -0.05 0.0075 0.015 -0.05 0.0105 0.011 -0.05 0.0145 0.0025 -0.05 0.018 -0.002 -0.05 0.018 -0.0055 -0.05 0.0175 -0.0055 -0.05 -0.0175 0.0155 -0.05 -0.009 0.0055 -0.05 0.0175 0.0095 -0.05 0.016 0.002 -0.05 0.018 -0.019 -0.0485 0.0065 -0.0075 -0.0485 0 -0.02 -0.0485 -0.0015 0.0085 -0.0485 0.018 0 -0.0485 0.0075 0.0005 -0.0485 0.02 0.02 -0.0485 -0.0025 0.0065 -0.0485 -0.004 0.0075 -0.0485 0 -0.0065 -0.0485 0.004 -0.0145 -0.0485 0.014 0 -0.0485 -0.0075 0.0035 -0.0485 -0.0195 -0.0005 -0.0485 -0.02 0.0065 -0.0485 0.0035 0.015 -0.0485 0.013 0.019 -0.0485 0.0055 -0.0075 -0.0485 0.0185 -0.0035 -0.0485 0.0065 -0.012 -0.0485 -0.016 -0.0065 -0.0485 -0.0035 -0.004 -0.0485 -0.0065 0.0035 -0.0485 -0.0065 0.0115 -0.0485 -0.0165 0.017 -0.0485 -0.0105 0.004 -0.0485 0.0065 -0.0175 -0.0485 -0.0095 -0.0045 -0.0485 -0.0195 -0.0005 -0.0485 -0.02 -0.0045 -0.0495 -0.0195 -0.0045 -0.0485 -0.0195 -0.0005 -0.0495 -0.02 0.0035 -0.0485 -0.0195 0.0035 -0.0495 -0.0195 -0.012 -0.0495 -0.016 -0.012 -0.0485 -0.016 -0.0175 -0.0495 -0.0095 -0.0175 -0.0485 -0.0095 -0.02 -0.0495 -0.0015 -0.02 -0.0485 -0.0015 -0.019 -0.0495 0.0065 -0.019 -0.0485 0.0065 -0.0145 -0.0495 0.014 -0.0145 -0.0485 0.014 -0.0075 -0.0495 0.0185 -0.0075 -0.0485 0.0185 0.0115 -0.0485 -0.0165 0.017 -0.0485 -0.0105 0.0115 -0.0495 -0.0165 0.02 -0.0485 -0.0025 0.017 -0.0495 -0.0105 0.019 -0.0485 0.0055 0.02 -0.0495 -0.0025 0.015 -0.0485 0.013 0.019 -0.0495 0.0055 0.0085 -0.0485 0.018 0.015 -0.0495 0.013 0.0005 -0.0485 0.02 0.0085 -0.0495 0.018 0.0005 -0.0495 0.02 0.001 -0.061 -0.01 0.001 -0.0615 -0.0075 0.001 -0.061 -0.0075 0.0005 -0.062 -0.01 0 -0.062 -0.0075 0.0005 -0.062 -0.0075 -0.0005 -0.062 -0.01 -0.0015 -0.0615 -0.01 -0.001 -0.062 -0.0075 -0.001 -0.062 -0.01 -0.002 -0.0605 -0.01 -0.0015 -0.061 -0.0075 -0.0015 -0.061 -0.01 -0.0015 -0.06 -0.01 -0.0015 -0.06 -0.0075 -0.001 -0.0595 -0.0075 -0.001 -0.0595 -0.01 -0.0005 -0.059 -0.0075 0 -0.059 -0.01 0 -0.059 -0.0075 -0.0005 -0.059 -0.01 0.001 -0.06 -0.01 0.0005 -0.0595 -0.0075 0.0005 -0.0595 -0.01 0.001 -0.0605 -0.01 0.001 -0.06 -0.0075 0.0015 -0.0605 -0.0075 -0.0015 -0.0605 -0.0075 -0.0015 -0.0615 -0.0075 -0.0005 -0.062 -0.0075 0 -0.062 -0.01 0.001 -0.0615 -0.01 -0.005 -0.0585 0.009 -0.0035 -0.0585 0.0195 -0.0115 -0.0585 0.0165 -0.01 -0.0585 0.0005 -0.019 -0.0585 -0.0055 -0.009 -0.0585 -0.005 -0.015 -0.0585 -0.013 -0.0005 -0.0585 -0.01 0.0075 -0.0585 -0.0185 0.005 -0.0585 -0.009 0.0145 -0.0585 -0.014 0.0085 -0.0585 -0.005 0.01 -0.0585 -0.0005 0.019 -0.0585 -0.0065 0.02 -0.0585 0.0015 0.0005 -0.0585 0.01 0.0005 -0.0585 0.02 -0.0085 -0.0585 0.005 -0.017 -0.0585 0.0105 -0.005 -0.0585 -0.0085 -0.0085 -0.0585 -0.018 -0.0005 -0.0585 -0.02 -0.02 -0.0585 0.0025 0.009 -0.0585 0.005 0.0175 -0.0585 0.0095 0.012 -0.0585 0.016 0.005 -0.0585 0.0085 0.0045 -0.0585 0.0195 0.0105 -0.057 0.0155 0.0095 -0.057 0.0165 -0.001 -0.057 0.0185 -0.002 -0.057 0.0185 -0.018 -0.057 -0.0055 -0.018 -0.057 -0.006 -0.0175 -0.057 -0.0065 -0.017 -0.057 -0.0075 -0.016 -0.057 -0.0095 -0.0165 -0.057 -0.009 -0.0165 -0.057 -0.0085 0.0085 -0.057 -0.0165 0.0095 -0.057 -0.016 0.0145 -0.057 0.0125 0.0125 -0.057 0.014 0.008 -0.057 0.017 0.0085 -0.057 0.0165 0.0055 -0.057 0.018 0.007 -0.057 0.0175 -0.005 -0.057 0.018 -0.006 -0.057 0.018 -0.0105 -0.057 0.0155 -0.011 -0.057 0.015 -0.0185 -0.057 -0.003 -0.017 -0.057 -0.008 0.0165 -0.057 -0.0085 0.0175 -0.057 -0.0075 -0.017 -0.057 -0.0085 0.014 -0.057 0.0125 -0.0185 -0.057 0.001 -0.019 -0.057 0 -0.0135 -0.057 -0.013 -0.0125 -0.057 -0.014 -0.016 -0.057 -0.01 -0.015 -0.057 -0.011 0.014 -0.057 -0.013 0.013 -0.057 -0.0135 0.0165 -0.057 0.009 0.016 -0.057 0.0095 0.016 -0.057 0.01 0.015 -0.057 0.011 0.0145 -0.057 0.0115 0.0135 -0.057 0.013 0.0125 -0.057 0.013 0.0125 -0.057 0.0135 0.012 -0.057 0.0145 0.011 -0.057 0.015 0.011 -0.057 0.0155 0.0115 -0.057 0.015 0.009 -0.057 0.0165 0.0095 -0.057 0.016 0.0075 -0.057 0.017 0.0145 -0.057 -0.011 0.014 -0.057 -0.0115 0.018 -0.057 -0.002 0.018 -0.057 -0.0025 0.0145 -0.057 -0.0115 0.015 -0.057 -0.011 0.0145 -0.057 -0.012 0.0155 -0.057 -0.0095 0.016 -0.057 -0.0095 0.0155 -0.057 -0.01 -0.011 -0.057 -0.0145 -0.0115 -0.057 -0.014 0.019 -0.057 -0.001 0.019 -0.057 -0.0025 0.019 -0.057 -0.002 0.0175 -0.057 -0.004 0.0185 -0.057 -0.004 0.0175 -0.057 -0.0045 0.018 -0.057 -0.005 0.0155 -0.057 -0.009 0.0155 -0.057 -0.011 0.0145 -0.057 -0.0125 0.014 -0.057 -0.0125 -0.0115 -0.057 -0.0145 -0.011 -0.057 -0.015 -0.012 -0.057 -0.0145 -0.0135 -0.057 -0.012 -0.014 -0.057 -0.0125 -0.014 -0.057 -0.0115 -0.0145 -0.057 0.011 -0.015 -0.057 0.011 -0.014 -0.057 0.0115 0.0175 -0.057 0.0055 0.018 -0.057 0.005 0.0175 -0.057 0.005 0.018 -0.057 0.0045 0.018 -0.057 -0.0005 0.0185 -0.057 0 0.018 -0.057 -0.001 0.0185 -0.057 -0.001 0.0185 -0.057 -0.002 0.018 -0.057 -0.003 0.0185 -0.057 -0.003 0.016 -0.057 -0.01 0.013 -0.057 -0.0125 0.0135 -0.057 -0.0125 0.013 -0.057 -0.013 0.012 -0.057 -0.0135 0.0125 -0.057 -0.014 0.0035 -0.057 -0.018 0.004 -0.057 -0.0185 -0.006 -0.057 -0.017 -0.0055 -0.057 -0.018 -0.0065 -0.057 -0.017 -0.0145 -0.057 -0.0115 -0.0185 -0.057 -0.002 -0.0185 -0.057 -0.001 -0.018 -0.057 -0.002 -0.018 -0.057 -0.0015 -0.0145 -0.057 0.0115 0.019 -0.057 0 0.018 -0.057 0 0.0185 -0.057 -0.0035 0.018 -0.057 -0.0055 0.018 -0.057 -0.0065 0.0155 -0.057 -0.0105 0.0115 -0.057 -0.014 0.0115 -0.057 -0.0145 0.005 -0.057 -0.0175 0.005 -0.057 -0.018 0.003 -0.057 -0.018 -0.006 -0.057 -0.0175 -0.007 -0.057 -0.0175 -0.0075 -0.057 -0.017 -0.0075 -0.057 -0.0165 -0.008 -0.057 -0.0165 -0.0115 -0.057 -0.015 -0.018 -0.057 -0.001 -0.0165 -0.057 0.0075 -0.0165 -0.057 0.008 0.019 -0.057 0.0015 0.019 -0.057 0.001 0.017 -0.057 -0.006 0.017 -0.057 -0.0065 0.0165 -0.057 -0.0095 0.011 -0.057 -0.015 0.01 -0.057 -0.015 0.008 -0.057 -0.017 0.0075 -0.057 -0.0175 0.0045 -0.057 -0.0185 0.006 -0.057 -0.018 0.0035 -0.057 -0.0185 0.0045 -0.057 -0.018 0.003 -0.057 -0.0185 -0.0045 -0.057 -0.0185 -0.0085 -0.057 -0.0165 -0.0145 -0.057 -0.0125 -0.014 -0.057 -0.013 -0.018 -0.057 0.0005 -0.0185 -0.057 0 -0.018 -0.057 0.001 -0.018 -0.057 0.002 -0.0185 -0.057 0.002 -0.018 -0.057 0.0025 -0.018 -0.057 0.003 -0.0185 -0.057 0.003 -0.0175 -0.057 0.0055 -0.017 -0.057 0.0065 -0.0175 -0.057 0.006 -0.017 -0.057 0.006 -0.017 -0.057 0.0075 -0.0165 -0.057 0.0085 -0.0165 -0.057 0.009 -0.016 -0.057 0.01 -0.0165 -0.057 0.0095 -0.016 -0.057 0.009 -0.0155 -0.057 0.01 -0.0155 -0.057 0.009 -0.0145 -0.057 0.012 -0.012 -0.057 0.0135 -0.0125 -0.057 0.0135 -0.0115 -0.057 0.014 0.017 -0.057 0.0075 0.0175 -0.057 0.0065 0.0165 -0.057 0.0075 0.017 -0.057 0.0065 0.0165 -0.057 0.007 0.018 -0.057 0.0055 0.018 -0.057 0.006 0.0185 -0.057 0.004 0.0185 -0.057 0.0025 0.0185 -0.057 0.002 0.018 -0.057 0.004 0.018 -0.057 0.003 0.018 -0.057 0.002 0.0185 -0.057 0.001 0.018 -0.057 0.0015 0.0175 -0.057 -0.006 0.0175 -0.057 -0.007 0.0165 -0.057 -0.009 0.016 -0.057 -0.009 0.01 -0.057 -0.0155 0.0085 -0.057 -0.017 0.0075 -0.057 -0.017 0.007 -0.057 -0.0165 0.0075 -0.057 -0.0165 0.0065 -0.057 -0.017 0.0065 -0.057 -0.0175 -0.002 -0.057 -0.018 -0.002 -0.057 -0.0185 -0.0025 -0.057 -0.018 -0.003 -0.057 -0.018 -0.003 -0.057 -0.0185 -0.004 -0.057 -0.0175 -0.004 -0.057 -0.0185 -0.0045 -0.057 -0.0175 -0.005 -0.057 -0.018 -0.0135 -0.057 -0.0125 -0.018 -0.057 0 -0.019 -0.057 -0.0015 -0.018 -0.057 0.0055 -0.0175 -0.057 0.007 -0.014 -0.057 0.013 -0.014 -0.057 0.0125 -0.0125 -0.057 0.014 -0.0115 -0.057 0.0145 -0.013 -0.057 0.0125 -0.013 -0.057 0.0135 -0.0085 -0.057 0.017 -0.0095 -0.057 0.016 -0.0075 -0.057 0.0175 -0.0075 -0.057 0.017 -0.007 -0.057 0.0165 -0.0075 -0.057 0.0165 -0.0065 -0.057 0.017 -0.0065 -0.057 0.0175 -0.0055 -0.057 0.0175 -0.005 -0.057 0.0175 -0.0035 -0.057 0.018 -0.003 -0.057 0.018 -0.003 -0.057 0.0185 0.0005 -0.057 0.018 0 -0.057 0.0185 0.001 -0.057 0.018 0.001 -0.057 0.0185 0.002 -0.057 0.019 0.0005 -0.057 0.019 0.003 -0.057 0.0185 0.002 -0.057 0.018 0.002 -0.057 0.0185 0.0025 -0.057 0.018 0.003 -0.057 0.018 0.0185 -0.057 0.0045 0.0185 -0.057 0.003 0.018 -0.057 0.001 0.0125 -0.057 -0.0135 0.0115 -0.057 -0.015 0.0105 -0.057 -0.0155 0.007 -0.057 -0.017 0.0055 -0.057 -0.0175 0.002 -0.057 -0.0185 0.001 -0.057 -0.0185 0.002 -0.057 -0.018 0.0015 -0.057 -0.018 -0.0005 -0.057 -0.018 0 -0.057 -0.0185 -0.001 -0.057 -0.018 -0.001 -0.057 -0.0185 -0.0055 -0.057 -0.0175 -0.008 -0.057 -0.017 -0.0075 -0.057 -0.0175 -0.0105 -0.057 -0.0155 -0.0095 -0.057 -0.0165 -0.015 -0.057 -0.0115 -0.019 -0.057 0.001 -0.0175 -0.057 0.004 -0.0185 -0.057 0.004 -0.0175 -0.057 0.0045 -0.018 -0.057 0.005 -0.018 -0.057 0.0065 -0.0155 -0.057 0.0105 -0.0155 -0.057 0.011 -0.0135 -0.057 0.0125 -0.01 -0.057 0.0155 -0.008 -0.057 0.017 -0.007 -0.057 0.017 -0.0085 -0.057 0.016 -0.009 -0.057 0.016 -0.0045 -0.057 0.018 -0.004 -0.057 0.018 -0.001 -0.057 0.019 0 -0.057 0.018 0.004 -0.057 0.0175 0.004 -0.057 0.0185 0.0045 -0.057 0.0175 0.005 -0.057 0.018 0.015 -0.057 0.0105 0.0155 -0.057 0.01 0.015 -0.057 0.01 0.017 -0.057 0.007 0.013 -0.057 -0.014 0.01 -0.057 -0.016 0.004 -0.057 -0.018 0.001 -0.057 -0.019 0.001 -0.057 -0.018 -0.0005 -0.057 -0.019 0 -0.057 -0.019 0 -0.057 -0.018 -0.009 -0.057 -0.0165 -0.011 -0.057 -0.0155 -0.018 -0.057 -0.0035 -0.0185 -0.057 -0.004 -0.019 -0.057 -0.001 -0.019 -0.057 0.0025 -0.0175 -0.057 0.0075 -0.016 -0.057 0.0095 -0.013 -0.057 0.014 -0.01 -0.057 0.015 -0.01 -0.057 0.016 -0.0085 -0.057 0.0165 -0.0045 -0.057 0.0185 -0.0035 -0.057 0.0185 -0.004 -0.057 0.0185 0 -0.057 0.019 0.001 -0.057 0.019 0.0165 -0.057 -0.0075 0.0175 -0.057 -0.0055 -0.015 -0.057 -0.01 -0.0175 -0.057 -0.0055 -0.018 -0.057 -0.005 -0.0175 -0.057 -0.005 -0.018 -0.057 -0.0045 -0.018 -0.057 -0.003 -0.019 -0.057 0.002 -0.0115 -0.057 0.015 0.0045 -0.057 0.0185 0.0075 -0.057 0.0165 0.008 -0.057 0.0165 0.011 -0.057 0.0145 0.0115 -0.057 0.0145 0.0115 -0.057 0.014 0.014 -0.057 0.0115 0.0135 -0.057 0.012 0.017 -0.057 -0.0075 0.016 -0.057 0.009 0.0165 -0.057 0.0085 0.016 -0.057 0.0085 0.0085 -0.057 -0.016 -0.0125 -0.057 -0.013 -0.013 -0.057 -0.013 -0.0155 -0.057 -0.01 -0.0185 -0.057 -0.0045 -0.0185 -0.057 0.0035 0.006 -0.057 0.017 0.0065 -0.057 0.017 0.01 -0.057 0.0155 0.017 -0.057 0.0085 0.017 -0.057 0.008 -0.002 -0.057 0.018 -0.0015 -0.057 0.018 0.006 -0.057 0.0175 0.0075 -0.057 0.0175 0.009 -0.057 0.0155 0.0135 -0.057 0.0125 -0.009 -0.057 -0.0155 -0.016 -0.057 -0.0085 -0.0165 -0.057 -0.007 -0.0165 -0.057 -0.0075 -0.017 -0.057 -0.0065 -0.018 -0.057 -0.0065 -0.001 -0.057 0.018 -0.001 -0.057 -0.019 -0.002 -0.057 -0.019 -0.0095 -0.057 -0.016 -0.009 -0.057 -0.016 -0.017 -0.057 -0.007 -0.018 -0.057 -0.004 -0.0185 -0.057 -0.0025 0.009 -0.057 0.016 0.0055 -0.057 0.0175 0.014 -0.057 0.013 0.015 -0.057 0.0115 -0.0005 -0.0575 -0.02 -0.0085 -0.0585 -0.018 -0.0085 -0.0575 -0.018 -0.015 -0.0585 -0.013 -0.015 -0.0575 -0.013 -0.019 -0.0585 -0.0055 -0.019 -0.0575 -0.0055 -0.02 -0.0585 0.0025 -0.02 -0.0575 0.0025 -0.017 -0.0585 0.0105 -0.017 -0.0575 0.0105 -0.0115 -0.0585 0.0165 -0.0115 -0.0575 0.0165 -0.0035 -0.0585 0.0195 -0.0035 -0.0575 0.0195 0.0045 -0.0585 0.0195 0.0005 -0.0575 0.02 0.0005 -0.0585 0.02 0.0045 -0.0575 0.0195 0.012 -0.0585 0.016 0.012 -0.0575 0.016 0.0175 -0.0585 0.0095 0.0175 -0.0575 0.0095 0.02 -0.0585 0.0015 0.02 -0.0575 0.0015 0.019 -0.0585 -0.0065 0.019 -0.0575 -0.0065 0.0145 -0.0585 -0.014 0.0145 -0.0575 -0.014 0.0075 -0.0585 -0.0185 0.0075 -0.0575 -0.0185 -0.0005 -0.0585 -0.02 -0.0075 -0.0615 -0.001 -0.01 -0.0615 -0.001 -0.0075 -0.0615 -0.0015 -0.0075 -0.0625 -0.0005 -0.01 -0.062 -0.001 -0.01 -0.0625 -0.0005 -0.0075 -0.063 0 -0.01 -0.063 0 -0.01 -0.063 0.0005 -0.0075 -0.063 0.0005 -0.01 -0.0625 0.001 -0.0075 -0.0625 0.001 -0.0075 -0.062 -0.001 -0.01 -0.062 0.0015 -0.01 -0.0615 0.002 -0.0075 -0.0615 0.0015 -0.01 -0.0615 0.0015 -0.01 -0.061 0.0015 -0.0075 -0.0605 0.0015 -0.0075 -0.061 0.0015 -0.01 -0.0605 0.0015 -0.0075 -0.06 0.001 -0.01 -0.06 0.001 -0.0075 -0.06 0.0005 -0.01 -0.06 0 -0.0075 -0.06 0 -0.01 -0.06 0.0005 -0.01 -0.0605 -0.001 -0.0075 -0.06 -0.0005 -0.01 -0.06 -0.0005 -0.0075 -0.061 -0.001 -0.01 -0.061 -0.001 -0.0075 -0.0605 -0.001 -0.0075 -0.062 0.0015 0.0005 -0.0575 0.02 -0.0035 -0.057 0.0185 -0.0035 -0.0575 0.0195 -0.0115 -0.0575 0.0165 -0.0075 -0.057 0.0175 -0.0105 -0.057 0.0155 -0.017 -0.0575 0.0105 -0.014 -0.057 0.013 -0.016 -0.057 0.01 -0.02 -0.0575 0.0025 -0.018 -0.057 0.0065 -0.019 -0.057 0.0025 -0.019 -0.0575 -0.0055 -0.019 -0.057 -0.0015 -0.018 -0.057 -0.0055 -0.015 -0.0575 -0.013 -0.0165 -0.057 -0.009 -0.0145 -0.057 -0.0125 -0.0085 -0.0575 -0.018 -0.0115 -0.057 -0.015 -0.008 -0.057 -0.017 -0.0005 -0.0575 -0.02 -0.0045 -0.057 -0.0185 -0.0005 -0.057 -0.019 0.0075 -0.0575 -0.0185 0.0035 -0.057 -0.0185 0.0075 -0.057 -0.0175 0.0145 -0.0575 -0.014 0.0105 -0.057 -0.0155 0.014 -0.057 -0.013 0.019 -0.0575 -0.0065 0.016 -0.057 -0.01 0.018 -0.057 -0.0065 0.02 -0.0575 0.0015 0.019 -0.057 -0.0025 0.019 -0.057 0.0015 0.0175 -0.0575 0.0095 0.018 -0.057 0.0055 0.0165 -0.057 0.009 0.012 -0.0575 0.016 0.0145 -0.057 0.0125 0.0115 -0.057 0.015 0.0045 -0.0575 0.0195 0.008 -0.057 0.017 0.0045 -0.057 0.0185 0.0005 -0.057 0.019 -0.012 -0.0495 -0.016 -0.008 -0.05 -0.017 -0.0115 -0.05 -0.015 -0.0175 -0.0495 -0.0095 -0.0145 -0.05 -0.0125 -0.0165 -0.05 -0.009 -0.0045 -0.0495 -0.0195 -0.02 -0.0495 -0.0015 -0.018 -0.05 -0.0055 -0.019 -0.05 -0.0015 -0.019 -0.0495 0.0065 -0.019 -0.05 0.0025 -0.018 -0.05 0.0065 -0.0145 -0.0495 0.014 -0.016 -0.05 0.01 -0.014 -0.05 0.013 -0.0075 -0.0495 0.0185 -0.0105 -0.05 0.0155 -0.0075 -0.05 0.0175 0.0005 -0.0495 0.02 -0.0035 -0.05 0.0185 0.0005 -0.05 0.019 0.0085 -0.0495 0.018 0.0045 -0.05 0.0185 0.008 -0.05 0.017 0.0035 -0.0495 -0.0195 -0.0005 -0.05 -0.019 -0.0005 -0.0495 -0.02 0.0035 -0.05 -0.0185 0.0115 -0.0495 -0.0165 0.0075 -0.05 -0.0175 0.0105 -0.05 -0.0155 0.014 -0.05 -0.013 0.017 -0.0495 -0.0105 0.016 -0.05 -0.01 0.018 -0.05 -0.0065 0.02 -0.0495 -0.0025 0.019 -0.05 -0.0025 0.019 -0.0495 0.0055 0.019 -0.05 0.0015 0.018 -0.05 0.0055 0.015 -0.0495 0.013 0.0165 -0.05 0.009 0.0145 -0.05 0.0125 0.0115 -0.05 0.015 -0.0045 -0.05 -0.0185 0.002 -0.021 0.016 -0.0035 -0.021 0.012 -0.005 -0.021 0.0155 0.015 -0.021 -0.0055 0.0095 -0.021 -0.008 0.0125 -0.021 -0.0025 0.0025 -0.021 -0.012 -0.002 -0.021 -0.016 -0.0035 -0.021 -0.012 0.009 -0.021 0.0135 0.003 -0.021 0.012 -0.009 -0.021 -0.0085 -0.009 -0.021 -0.0135 -0.014 -0.021 -0.0085 0.0045 -0.021 -0.0155 0.0115 -0.021 -0.0115 0.016 -0.021 0.0015 0.012 -0.021 0.004 -0.009 -0.021 0.0085 -0.011 -0.021 0.0115 0.014 -0.021 0.0085 0.0085 -0.021 0.009 -0.016 -0.021 -0.0015 -0.012 -0.021 0.003 -0.012 -0.021 -0.003 -0.015 -0.021 0.0055 0.0055 -0.021 -0.015 0.011 -0.021 -0.012 0.0085 -0.021 -0.014 -0.0165 -0.0205 0.002 -0.0165 -0.0205 -0.001 -0.017 -0.02 -0.001 -0.017 -0.02 0.0015 -0.018 -0.019 -0.0005 -0.0185 -0.0185 0.001 -0.0175 -0.0195 -0.0005 -0.0185 -0.0185 0 -0.018 -0.019 0.001 -0.0175 -0.0195 0.0015 -0.015 -0.021 0.0055 -0.016 -0.0205 0.003 -0.0175 -0.019 0.004 -0.018 -0.0185 0.0055 -0.0175 -0.0185 0.0055 -0.017 -0.0195 0.004 -0.018 -0.0185 0.0045 -0.0155 -0.0205 0.006 -0.0165 -0.02 0.0035 -0.017 -0.019 0.0055 -0.0165 -0.0195 0.006 -0.016 -0.02 0.006 -0.016 -0.021 -0.0015 -0.0155 -0.0205 -0.0055 -0.0155 -0.0205 -0.005 -0.014 -0.021 -0.0085 -0.0155 -0.0205 -0.0065 -0.015 -0.0205 -0.0065 -0.0145 -0.02 -0.009 -0.0155 -0.02 -0.0065 -0.0155 -0.019 -0.009 -0.0165 -0.0185 -0.008 -0.015 -0.0195 -0.009 -0.0165 -0.0185 -0.009 -0.0165 -0.019 -0.0075 -0.016 -0.0195 -0.007 -0.015 -0.0205 -0.006 -0.0165 -0.0205 -0.0025 -0.0165 -0.02 -0.005 -0.017 -0.02 -0.0025 -0.0175 -0.019 -0.005 -0.018 -0.0185 -0.004 -0.018 -0.0185 -0.0035 -0.017 -0.0195 -0.005 -0.018 -0.0185 -0.0045 -0.016 -0.02 -0.005 -0.018 -0.019 -0.0035 -0.0175 -0.0195 -0.003 -0.0165 -0.0205 -0.002 -0.0135 -0.0205 -0.009 -0.014 -0.0205 -0.009 -0.011 -0.0205 -0.012 -0.009 -0.021 -0.0135 -0.0105 -0.0205 -0.013 -0.0105 -0.02 -0.0135 -0.01 -0.0185 -0.0155 -0.0105 -0.0185 -0.015 -0.007 -0.0205 0.015 -0.0095 -0.0205 0.013 -0.0105 -0.019 -0.0145 -0.0105 -0.0195 -0.014 -0.0105 -0.0205 -0.0125 -0.0115 -0.0205 -0.012 -0.013 -0.0205 -0.01 -0.012 -0.02 -0.0125 -0.0135 -0.02 -0.0105 -0.013 -0.019 -0.0125 -0.014 -0.0185 -0.012 -0.014 -0.0185 -0.0115 -0.0125 -0.0195 -0.0125 -0.0135 -0.0185 -0.0125 -0.0115 -0.02 -0.012 -0.014 -0.019 -0.0115 -0.014 -0.0195 -0.011 -0.013 -0.0205 -0.0095 -0.0135 -0.0205 -0.0095 -0.0075 -0.0205 -0.0145 -0.008 -0.0205 -0.0145 -0.004 -0.0205 -0.016 -0.002 -0.021 -0.016 -0.003 -0.0205 -0.0165 -0.003 -0.0205 -0.016 -0.0025 -0.02 -0.017 -0.0025 -0.019 -0.018 -0.002 -0.0185 -0.018 -0.0025 -0.0195 -0.0175 -0.0155 -0.02 0.0075 -0.0145 -0.0195 0.0095 -0.014 -0.02 0.0095 -0.007 -0.0205 -0.015 -0.0045 -0.02 -0.0165 -0.007 -0.02 -0.0155 -0.0055 -0.019 -0.0175 -0.0065 -0.0185 -0.0175 -0.0065 -0.0185 -0.017 -0.005 -0.0195 -0.017 -0.006 -0.0185 -0.0175 -0.0065 -0.019 -0.017 -0.007 -0.0195 -0.016 -0.008 -0.02 -0.0145 -0.0085 -0.02 -0.015 -0.009 -0.0195 -0.015 -0.0095 -0.019 -0.0155 -0.0135 -0.0205 0.0095 -0.015 -0.02 0.0075 -0.005 -0.021 0.0155 -0.006 -0.0205 0.015 -0.01 -0.0195 0.0145 -0.008 -0.0195 0.0155 -0.01 -0.02 0.014 -0.0085 -0.019 0.016 -0.0075 -0.02 0.015 -0.0075 -0.0205 0.015 -0.01 -0.02 0.0135 -0.009 -0.0185 0.016 -0.0095 -0.0205 0.0135 -0.01 -0.019 0.015 -0.01 -0.0185 0.0155 -0.01 -0.0205 0.013 -0.011 -0.021 0.0115 -0.0105 -0.0205 0.0125 -0.012 -0.0195 0.013 -0.0125 -0.019 0.013 -0.011 -0.02 0.013 -0.0125 -0.0185 0.0135 -0.013 -0.0185 0.0135 -0.011 -0.0205 0.0125 0.002 -0.0205 0.0165 0.002 -0.021 0.016 0.001 -0.0205 0.0165 -0.002 -0.0205 0.0165 -0.0015 -0.0195 0.0175 0.0005 -0.0195 0.0175 -0.002 -0.02 0.017 0 -0.019 0.018 0.0005 -0.02 0.017 -0.002 -0.02 0.0165 0 -0.0185 0.0185 -0.0005 -0.0185 0.0185 -0.0015 -0.019 0.018 -0.001 -0.0185 0.0185 -0.0025 -0.0205 0.016 -0.003 -0.0205 0.016 -0.0035 -0.0205 0.016 -0.0165 -0.0205 -0.0015 -0.0135 -0.019 0.012 -0.013 -0.0195 0.0115 -0.013 -0.02 0.011 -0.0125 -0.0205 0.0105 -0.015 -0.0205 0.007 -0.013 -0.0205 0.0105 -0.0155 -0.0195 0.008 -0.0155 -0.019 0.0095 -0.004 -0.0195 0.017 -0.0045 -0.019 0.0175 -0.0035 -0.02 0.0165 -0.0045 -0.0185 0.0175 -0.0055 -0.0185 0.0175 -0.005 -0.0185 0.018 0.0085 -0.0205 0.014 0.006 -0.0205 0.0155 0.009 -0.021 0.0135 0.007 -0.0195 0.016 0.009 -0.0195 0.015 0.0065 -0.02 0.016 0.009 -0.019 0.016 0.009 -0.02 0.0145 0.0065 -0.02 0.0155 0.0085 -0.0185 0.016 0.0085 -0.0185 0.0165 0.0075 -0.019 0.0165 0.008 -0.0185 0.017 -0.0155 -0.0185 0.0095 -0.016 -0.0185 0.0095 -0.016 -0.019 0.0085 -0.016 -0.0185 0.009 -0.015 -0.0205 0.006 -0.006 -0.0195 0.0165 -0.006 -0.02 0.016 -0.006 -0.019 0.017 -0.006 -0.02 0.0155 -0.006 -0.0205 0.0155 0.005 -0.0205 0.0155 0.005 -0.0205 0.016 0.0025 -0.0195 0.0175 0.0045 -0.0195 0.017 0.0025 -0.02 0.017 0.0045 -0.019 0.0175 0.005 -0.02 0.0165 0.0025 -0.02 0.0165 0.0045 -0.0185 0.0175 0.0045 -0.0185 0.018 0.003 -0.019 0.018 0.0035 -0.0185 0.018 0.015 -0.0195 0.009 0.0135 -0.02 0.0105 0.014 -0.0195 0.011 0.0155 -0.019 0.0095 0.014 -0.021 0.0085 0.013 -0.02 0.0105 0.0155 -0.0185 0.01 0.013 -0.0205 0.0105 0.0145 -0.019 0.011 0.015 -0.0185 0.011 0.0125 -0.0205 0.0105 0.012 -0.0205 0.011 0.0095 -0.0205 0.0135 0.012 -0.0205 0.0115 0.0105 -0.0195 0.014 0.0125 -0.0195 0.0125 0.01 -0.02 0.0135 0.0125 -0.019 0.013 0.012 -0.02 0.012 0.0125 -0.0185 0.0135 0.01 -0.0205 0.0135 0.0125 -0.0185 0.014 0.0115 -0.019 0.014 0.012 -0.0185 0.0145 0.009 -0.0205 0.014 0.018 -0.019 0.0025 0.0185 -0.0185 0.0015 0.016 -0.021 0.0015 0.0175 -0.0195 0.003 0.017 -0.02 0.003 0.0165 -0.02 0.003 0.0165 -0.0205 0.003 0.016 -0.0205 0.003 0.016 -0.0205 0.004 0.015 -0.0205 0.007 0.016 -0.0205 0.0035 0.016 -0.0205 0.0045 0.016 -0.0195 0.007 0.017 -0.0195 0.005 0.0155 -0.02 0.007 0.017 -0.019 0.0055 0.0165 -0.02 0.0045 0.0175 -0.0185 0.0055 0.0175 -0.0185 0.006 0.0165 -0.019 0.007 0.0175 -0.0185 0.007 -0.0135 -0.0185 0.013 0.0185 -0.0185 0.0025 0.015 -0.021 -0.0055 0.0165 -0.0195 -0.006 0.017 -0.019 -0.006 0.005 -0.0205 -0.0155 0.0045 -0.0205 -0.0155 0.0115 -0.0205 -0.012 0.0115 -0.0205 -0.0115 0.012 -0.0205 -0.011 0.011 -0.0205 -0.0115 0.0115 -0.021 -0.0115 0.014 -0.0205 -0.0085 0.0145 -0.0205 -0.0075 0.015 -0.02 -0.008 0.017 -0.019 -0.0065 0.017 -0.0185 -0.0075 0.0165 -0.0185 -0.0075 0.017 -0.0185 -0.007 0.0165 -0.019 -0.008 0.016 -0.0195 -0.008 0.0145 -0.0205 -0.008 0.014 -0.0205 -0.009 0.0145 -0.02 -0.0095 0.0125 -0.02 -0.0115 0.015 -0.019 -0.0105 0.0145 -0.0185 -0.0115 0.014 -0.0185 -0.0115 0.0145 -0.0195 -0.01 0.015 -0.0185 -0.011 0.014 -0.02 -0.009 0.014 -0.019 -0.0115 0.0135 -0.0195 -0.0115 0.011 -0.021 -0.012 0.0085 -0.021 -0.014 0.008 -0.0205 -0.0145 0.0055 -0.021 -0.015 0.009 -0.0205 -0.014 0.0115 -0.02 -0.0125 0.0095 -0.02 -0.014 0.012 -0.019 -0.014 0.011 -0.0185 -0.015 0.011 -0.0185 -0.0145 0.0115 -0.0195 -0.013 0.012 -0.0185 -0.0145 0.0105 -0.019 -0.0145 0.01 -0.0195 -0.0145 0.0055 -0.0205 -0.0155 0.008 -0.02 -0.015 0.0055 -0.02 -0.016 0.008 -0.019 -0.0165 0.007 -0.0185 -0.017 0.008 -0.0195 -0.0155 0.008 -0.0185 -0.017 0.0065 -0.019 -0.017 0.006 -0.0195 -0.0165 -0.001 -0.019 -0.018 -0.002 -0.0185 -0.0185 0.0045 -0.021 -0.0155 0.004 -0.0205 -0.016 0.0045 -0.0205 -0.016 0 -0.0205 -0.0165 0.0015 -0.0205 -0.0165 0.004 -0.02 -0.0165 0.0015 -0.02 -0.017 0.0035 -0.019 -0.0175 0.0025 -0.0185 -0.0185 0.0025 -0.0185 -0.018 0.004 -0.0195 -0.017 0.0035 -0.0185 -0.0185 0.002 -0.019 -0.018 0.002 -0.0195 -0.0175 0.001 -0.0205 -0.0165 0 -0.02 -0.017 -0.0005 -0.0195 -0.0175 -0.001 -0.0185 -0.0185 0.0155 -0.0205 -0.005 0.0165 -0.0205 -0.001 0.0165 -0.0205 0.0005 0.0165 -0.0205 0 0.017 -0.02 0.0005 0.0185 -0.0185 0.001 0.018 -0.019 0.001 0.0175 -0.0195 0.0005 0.016 -0.0205 -0.004 0.017 -0.02 -0.0015 0.0165 -0.02 -0.004 0.018 -0.019 -0.002 0.0185 -0.0185 -0.003 0.018 -0.0185 -0.0035 0.0175 -0.0195 -0.0015 0.0185 -0.0185 -0.0025 0.017 -0.02 -0.001 0.018 -0.019 -0.0035 0.017 -0.0195 -0.0035 0.016 -0.02 -0.0055 0.0145 -0.0205 0.007 0.0145 -0.0205 0.008 0.0145 -0.02 0.0085 -0.009 -0.042 0.0085 -0.0185 -0.042 0.01 -0.012 -0.042 0.003 0.018 -0.042 0.011 0.012 -0.042 0.004 0.021 -0.042 0.0025 0.003 -0.042 0.012 -0.0045 -0.042 0.0205 -0.0035 -0.042 0.012 -0.0125 -0.042 0.017 -0.012 -0.042 -0.003 -0.021 -0.042 0.002 -0.02 -0.042 -0.007 -0.0035 -0.042 -0.012 0.0005 -0.042 -0.021 0.0025 -0.042 -0.012 0.0095 -0.042 -0.008 0.02 -0.042 -0.006 0.0125 -0.042 -0.0025 0.0085 -0.042 0.009 0.012 -0.042 0.017 0.004 -0.042 0.0205 -0.018 -0.042 -0.011 -0.009 -0.042 -0.0085 -0.008 -0.042 -0.0195 0.0045 -0.042 -0.0155 0.0115 -0.042 -0.0115 0.009 -0.042 -0.019 0.016 -0.042 -0.014 -0.0155 -0.042 -0.0145 0.0025 -0.021 -0.012 -0.0035 -0.042 -0.012 0.0025 -0.042 -0.012 -0.009 -0.021 -0.0085 -0.012 -0.042 -0.003 -0.009 -0.042 -0.0085 -0.012 -0.021 -0.003 -0.012 -0.042 0.003 -0.012 -0.021 0.003 -0.009 -0.042 0.0085 -0.009 -0.021 0.0085 -0.0035 -0.042 0.012 -0.0035 -0.021 0.012 0.003 -0.042 0.012 0.003 -0.021 0.012 0.0085 -0.042 0.009 0.0085 -0.021 0.009 0.012 -0.042 0.004 0.012 -0.021 0.004 0.0125 -0.042 -0.0025 0.0125 -0.021 -0.0025 0.0095 -0.042 -0.008 0.0095 -0.021 -0.008 -0.0035 -0.021 -0.012 0.0145 -0.0185 -0.0115 0.0215 -0.0255 -0.0155 0.0205 -0.0255 -0.0165 0.015 -0.0185 -0.011 0.0245 -0.0255 -0.01 0.017 -0.0185 -0.0075 0.017 -0.0185 -0.007 0.024 -0.0255 -0.011 0.026 -0.0255 -0.0035 0.0185 -0.0185 -0.003 0.0185 -0.0185 -0.0025 0.026 -0.0255 -0.0045 0.0185 -0.0185 0.0015 0.026 -0.0255 0.003 0.0265 -0.0255 0.002 0.0185 -0.0185 0.0025 0.0245 -0.0255 0.0095 0.0175 -0.0185 0.006 0.0175 -0.0185 0.007 0.025 -0.0255 0.0085 0.0155 -0.0185 0.01 0.0215 -0.0255 0.0155 0.022 -0.0255 0.0145 0.015 -0.0185 0.011 0.017 -0.0255 0.0205 0.0125 -0.0185 0.014 0.012 -0.0185 0.0145 0.0175 -0.0255 0.0195 0.0115 -0.0255 0.024 0.0085 -0.0185 0.0165 0.008 -0.0185 0.017 0.0125 -0.0255 0.0235 0.0045 -0.0185 0.018 0.005 -0.0255 0.026 0.006 -0.0255 0.0255 0.0035 -0.0185 0.018 -0.0015 -0.0255 0.0265 -0.0005 -0.0185 0.0185 -0.001 -0.0185 0.0185 -0.0005 -0.0255 0.0265 -0.008 -0.0255 0.025 -0.005 -0.0185 0.018 -0.0055 -0.0185 0.0175 -0.007 -0.0255 0.0255 -0.01 -0.0185 0.0155 -0.013 -0.0255 0.023 -0.009 -0.0185 0.016 -0.014 -0.0255 0.0225 -0.013 -0.0185 0.0135 -0.019 -0.0255 0.018 -0.0185 -0.0255 0.019 -0.0135 -0.0185 0.013 -0.023 -0.0255 0.013 -0.016 -0.0185 0.0095 -0.016 -0.0185 0.009 -0.0225 -0.0255 0.014 -0.018 -0.0185 0.0055 -0.0255 -0.0255 0.0065 -0.0255 -0.0255 0.0075 -0.018 -0.0185 0.0045 -0.0185 -0.0185 0.001 -0.0265 -0.0255 0 -0.0265 -0.0255 0.001 -0.0185 -0.0185 0 -0.0255 -0.0255 -0.0065 -0.018 -0.0185 -0.004 -0.018 -0.0185 -0.0045 -0.026 -0.0255 -0.0055 -0.023 -0.0255 -0.0125 -0.0165 -0.0185 -0.008 -0.0165 -0.0185 -0.009 -0.0235 -0.0255 -0.0115 -0.0195 -0.0255 -0.018 -0.014 -0.0185 -0.012 -0.0135 -0.0185 -0.0125 -0.02 -0.0255 -0.017 -0.01 -0.0185 -0.0155 -0.015 -0.0255 -0.0215 -0.0105 -0.0185 -0.015 -0.014 -0.0255 -0.022 -0.0095 -0.0255 -0.0245 -0.006 -0.0185 -0.0175 -0.0085 -0.0255 -0.025 -0.0065 -0.0185 -0.0175 -0.002 -0.0255 -0.0265 -0.002 -0.0185 -0.0185 -0.001 -0.0185 -0.0185 -0.003 -0.0255 -0.0265 0.005 -0.0255 -0.026 0.0025 -0.0185 -0.0185 0.0035 -0.0185 -0.0185 0.004 -0.0255 -0.026 0.007 -0.0185 -0.017 0.011 -0.0255 -0.024 0.01 -0.0255 -0.0245 0.008 -0.0185 -0.017 0.017 -0.0255 -0.0205 0.011 -0.0185 -0.015 0.012 -0.0185 -0.0145 0.016 -0.0255 -0.021 0.014 -0.029 0.018 0.0175 -0.0275 0.017 0.015 -0.027 0.02 0.0065 -0.029 0.022 0.007 -0.0285 0.0225 -0.0015 -0.0255 0.0265 0 -0.026 0.026 -0.0005 -0.0255 0.0265 -0.01 -0.029 0.0205 -0.01 -0.0285 0.021 -0.019 -0.0255 0.018 -0.0175 -0.026 0.019 -0.0185 -0.0255 0.019 -0.021 -0.029 0.0085 -0.021 -0.0285 0.0095 -0.0215 -0.0285 0.0085 -0.0265 -0.0255 0 -0.0255 -0.026 0.0015 -0.0265 -0.0255 0.001 -0.0215 -0.029 -0.008 -0.022 -0.0285 -0.0075 -0.022 -0.0285 -0.008 -0.017 -0.029 -0.015 -0.02 -0.026 -0.0165 -0.02 -0.0255 -0.017 -0.0105 -0.029 -0.0205 -0.011 -0.0285 -0.0205 0.0195 -0.029 0.012 0.021 -0.0275 0.0125 0.021 -0.027 0.0125 0.006 -0.029 -0.022 0.006 -0.0285 -0.0225 0.0135 -0.029 -0.0185 0.015 -0.026 -0.021 0.016 -0.0255 -0.021 0.018 -0.0275 -0.016 0.0205 -0.0275 -0.0135 0.02 -0.0285 -0.0125 0.0195 -0.029 -0.0125 0.017 -0.0285 -0.016 0.016 -0.0285 -0.017 0.0165 -0.0275 -0.018 0.017 -0.026 -0.0195 0.017 -0.0255 -0.0205 0.0165 -0.027 -0.0185 0.0175 -0.0285 -0.016 0.0245 -0.0275 0.0005 0.024 -0.0275 0.004 0.023 -0.0285 0.0045 0.0225 -0.029 -0.0045 0.0245 -0.027 -0.005 0.0245 -0.0265 -0.005 -0.0025 -0.029 -0.023 -0.0035 -0.026 -0.0255 -0.003 -0.0255 -0.0265 0.021 -0.026 -0.015 0.0205 -0.0255 -0.0165 0.0215 -0.0255 -0.0155 0.02 -0.026 -0.0165 0.019 -0.027 -0.0165 0.021 -0.027 -0.014 0.007 -0.0285 -0.022 0.0075 -0.0285 -0.022 0.0125 -0.0285 -0.0195 0.0115 -0.0285 -0.0205 0.0095 -0.026 -0.024 0.0115 -0.026 -0.023 0.0115 -0.027 -0.0225 0.0075 -0.0285 -0.0225 0.0115 -0.0275 -0.0215 0.0085 -0.027 -0.0235 0.008 -0.0275 -0.023 0.011 -0.0255 -0.024 0.01 -0.0255 -0.0245 0.013 -0.0285 -0.0195 0.0145 -0.027 -0.0205 0.0135 -0.0275 -0.02 0.0015 -0.0285 -0.0235 0 -0.0285 -0.0235 -0.0005 -0.0275 -0.0245 -0.001 -0.026 -0.0255 -0.002 -0.0255 -0.0265 -0.0005 -0.027 -0.025 0.0005 -0.0285 -0.0235 0.002 -0.0285 -0.0235 0.006 -0.0285 -0.023 0.002 -0.0275 -0.024 0.0055 -0.0275 -0.0235 0.0055 -0.026 -0.025 0.004 -0.0255 -0.026 0.005 -0.0255 -0.026 0.003 -0.026 -0.0255 0.0025 -0.027 -0.025 0.0055 -0.027 -0.0245 -0.01 -0.0285 -0.021 -0.0045 -0.0285 -0.023 -0.004 -0.0285 -0.023 -0.0095 -0.0285 -0.0215 -0.006 -0.0285 -0.023 -0.006 -0.0285 -0.0225 -0.01 -0.0275 -0.0225 -0.0065 -0.0275 -0.0235 -0.0075 -0.026 -0.0245 -0.0095 -0.0255 -0.0245 -0.0085 -0.0255 -0.025 -0.0095 -0.026 -0.024 -0.0095 -0.027 -0.023 -0.007 -0.027 -0.024 -0.0055 -0.0285 -0.0225 -0.0035 -0.027 -0.025 -0.004 -0.0275 -0.024 -0.015 -0.0285 -0.018 -0.016 -0.0285 -0.017 -0.017 -0.0275 -0.0175 -0.0185 -0.026 -0.018 -0.0195 -0.0255 -0.018 -0.0175 -0.027 -0.018 -0.0155 -0.0285 -0.017 -0.0145 -0.0285 -0.0185 -0.0115 -0.0285 -0.0205 -0.0145 -0.0285 -0.018 -0.015 -0.0275 -0.019 -0.012 -0.0275 -0.021 -0.0135 -0.026 -0.022 -0.015 -0.0255 -0.0215 -0.014 -0.0255 -0.022 -0.015 -0.026 -0.021 -0.015 -0.027 -0.02 -0.0125 -0.027 -0.0215 -0.0215 -0.0285 -0.0085 -0.0195 -0.029 -0.012 -0.019 -0.0285 -0.0135 -0.019 -0.0285 -0.014 -0.0215 -0.0285 -0.009 -0.02 -0.0285 -0.0125 -0.0225 -0.0275 -0.0095 -0.0205 -0.0275 -0.0125 -0.0225 -0.026 -0.013 -0.0235 -0.0255 -0.0115 -0.023 -0.0255 -0.0125 -0.0235 -0.026 -0.011 -0.023 -0.027 -0.01 -0.0215 -0.027 -0.013 -0.0195 -0.0285 -0.0125 -0.0195 -0.0285 -0.013 -0.0195 -0.027 -0.0155 -0.0195 -0.0275 -0.015 -0.023 -0.0285 -0.003 -0.023 -0.029 0.0005 -0.0235 -0.0285 -0.0015 -0.0245 -0.0275 -0.001 -0.026 -0.026 -0.0005 -0.025 -0.027 -0.001 -0.0235 -0.0285 -0.002 -0.023 -0.0285 -0.0035 -0.0225 -0.0285 -0.007 -0.024 -0.0275 -0.0035 -0.023 -0.0275 -0.007 -0.0235 -0.0285 -0.0035 -0.025 -0.026 -0.007 -0.026 -0.0255 -0.0055 -0.0255 -0.0255 -0.0065 -0.0255 -0.026 -0.0045 -0.0245 -0.027 -0.004 -0.024 -0.027 -0.007 -0.023 -0.0285 0.003 -0.022 -0.0285 0.0085 -0.023 -0.0285 0.0045 -0.023 -0.0275 0.0085 -0.024 -0.0275 0.005 -0.025 -0.026 0.006 -0.0255 -0.0255 0.0075 -0.0255 -0.0255 0.0065 -0.0245 -0.026 0.008 -0.0235 -0.027 0.008 -0.0245 -0.027 0.0055 -0.023 -0.0285 0.004 -0.0235 -0.0285 0.0025 -0.023 -0.0285 0.0025 -0.025 -0.027 0.002 -0.024 -0.0275 0.0025 -0.019 -0.0285 0.0135 -0.0165 -0.029 0.0155 -0.018 -0.0285 0.015 -0.0185 -0.0275 0.0155 -0.019 -0.026 0.0175 -0.019 -0.027 0.0165 -0.018 -0.0285 0.0145 -0.0215 -0.0285 0.01 -0.021 -0.0285 0.01 -0.02 -0.0275 0.0135 -0.022 -0.0275 0.0105 -0.0195 -0.0285 0.0135 -0.023 -0.026 0.012 -0.0225 -0.0255 0.014 -0.023 -0.0255 0.013 -0.0215 -0.026 0.014 -0.021 -0.027 0.014 -0.0225 -0.027 0.0115 -0.015 -0.0285 0.018 -0.0105 -0.0285 0.021 -0.014 -0.0285 0.019 -0.011 -0.0275 0.0215 -0.014 -0.0275 0.02 -0.014 -0.026 0.0215 -0.013 -0.0255 0.023 -0.014 -0.0255 0.0225 -0.0125 -0.026 0.0225 -0.0115 -0.027 0.022 -0.014 -0.027 0.0205 -0.014 -0.0285 0.0185 -0.0155 -0.0285 0.018 -0.0165 -0.027 0.0185 -0.016 -0.0275 0.0185 -0.0045 -0.0285 0.023 -0.002 -0.029 0.023 -0.003 -0.0285 0.0235 -0.0025 -0.0275 0.024 -0.002 -0.026 0.0255 -0.0025 -0.027 0.025 -0.003 -0.0285 0.023 -0.005 -0.0285 0.023 -0.0085 -0.0285 0.022 -0.005 -0.0275 0.0235 -0.0085 -0.0275 0.0225 -0.0085 -0.026 0.0245 -0.007 -0.0255 0.0255 -0.008 -0.0255 0.025 -0.0065 -0.026 0.025 -0.0055 -0.027 0.0245 -0.0085 -0.027 0.0235 -0.0085 -0.0285 0.0215 -0.009 -0.0285 0.0215 0.0015 -0.0285 0.0235 0.003 -0.0285 0.0235 0.0065 -0.026 0.025 0.0045 -0.026 0.0255 0.004 -0.027 0.0245 0.0065 -0.027 0.024 0.0035 -0.0275 0.024 0.007 -0.0275 0.0235 0.006 -0.0255 0.0255 0.005 -0.0255 0.026 0.003 -0.0285 0.023 0.0025 -0.0285 0.023 0.001 -0.0285 0.0235 0.0005 -0.027 0.025 0.001 -0.0275 0.0245 0.007 -0.0285 0.022 0.0125 -0.0285 0.0195 0.0125 -0.0285 0.02 0.014 -0.0285 0.019 0.0145 -0.0275 0.0195 0.0135 -0.0285 0.019 0.0085 -0.0285 0.022 0.0125 -0.0275 0.021 0.009 -0.0275 0.0225 0.0105 -0.026 0.0235 0.0125 -0.0255 0.0235 0.0115 -0.0255 0.024 0.0125 -0.026 0.0225 0.0125 -0.027 0.0215 0.01 -0.027 0.023 0.017 -0.0285 0.016 0.018 -0.0285 0.015 0.0215 -0.027 0.013 0.0195 -0.027 0.0155 0.019 -0.0275 0.015 0.0205 -0.026 0.0155 0.022 -0.0255 0.0145 0.0215 -0.0255 0.0155 0.022 -0.026 0.0135 0.017 -0.0285 0.0165 0.0175 -0.026 0.0185 0.016 -0.026 0.02 0.0155 -0.027 0.02 0.0175 -0.027 0.018 0.0175 -0.0255 0.0195 0.017 -0.0255 0.0205 0.0205 -0.0285 0.011 0.0205 -0.0285 0.0115 0.0225 -0.0285 0.006 0.0225 -0.029 0.004 0.0215 -0.0285 0.01 0.021 -0.0285 0.01 0.0235 -0.0275 0.0065 0.022 -0.0275 0.01 0.024 -0.026 0.01 0.025 -0.0255 0.0085 0.0245 -0.0255 0.0095 0.0245 -0.026 0.008 0.024 -0.027 0.007 0.023 -0.027 0.01 0.0235 -0.0285 0 0.0235 -0.0285 -0.0015 0.0255 -0.026 -0.005 0.0255 -0.026 -0.003 0.025 -0.027 -0.0025 0.024 -0.0275 -0.002 0.026 -0.0255 -0.0045 0.026 -0.0255 -0.0035 0.0235 -0.0285 -0.001 0.0235 -0.0285 0.0005 0.0255 -0.026 0.0035 0.0265 -0.0255 0.002 0.026 -0.0255 0.003 0.0255 -0.026 0.0015 0.025 -0.027 0.001 0.0245 -0.027 0.004 0.0225 -0.0285 -0.006 0.0225 -0.0285 -0.0055 0.0205 -0.0285 -0.011 0.02 -0.0285 -0.012 0.021 -0.0285 -0.011 0.0225 -0.0285 -0.0075 0.0215 -0.0275 -0.011 0.023 -0.0275 -0.008 0.024 -0.026 -0.009 0.024 -0.0255 -0.011 0.0245 -0.0255 -0.01 0.0235 -0.026 -0.011 0.0225 -0.027 -0.011 0.0235 -0.027 -0.0085 0.022 -0.0285 -0.007 0.0225 -0.0285 -0.007 0.023 -0.0285 -0.0055 0.0235 -0.0275 -0.0055 -0.021 -0.029 0.0085 -0.021 -0.029 0.002 -0.0185 -0.029 0.01 -0.01 -0.029 0.0205 -0.0045 -0.029 0.0205 -0.002 -0.029 0.023 0.012 -0.029 0.017 0.0065 -0.029 0.022 0.004 -0.029 0.0205 0.0225 -0.029 0.004 0.018 -0.029 0.011 0.021 -0.029 0.0025 0.0225 -0.029 -0.0045 0.02 -0.029 -0.006 0.0195 -0.029 -0.0125 0.0135 -0.029 -0.0185 0.016 -0.029 -0.014 0.009 -0.029 -0.019 -0.02 -0.029 -0.007 -0.023 -0.029 0.0005 -0.0215 -0.029 -0.008 0.0195 -0.029 0.012 0.006 -0.029 -0.022 -0.0105 -0.029 -0.0205 -0.0155 -0.029 -0.0145 -0.017 -0.029 -0.015 -0.0165 -0.029 0.0155 -0.0125 -0.029 0.017 0.014 -0.029 0.018 -0.0025 -0.029 -0.023 -0.008 -0.029 -0.0195 -0.0195 -0.029 -0.012 0.0005 -0.029 -0.021 0.015 -0.026 -0.021 0.011 -0.0185 -0.015 0.016 -0.0255 -0.021 0.009 -0.0205 -0.014 0.0135 -0.0275 -0.02 0.013 -0.0285 -0.0195 0.0095 -0.02 -0.014 0.0145 -0.027 -0.0205 0.0105 -0.019 -0.0145 0.01 -0.0195 -0.0145 0.011 -0.0185 -0.0145 0.0115 -0.0275 -0.0215 0.008 -0.0205 -0.0145 0.0115 -0.0285 -0.0205 0.0115 -0.027 -0.0225 0.008 -0.019 -0.0165 0.008 -0.0195 -0.0155 0.008 -0.0185 -0.017 0.0115 -0.026 -0.023 0.011 -0.0255 -0.024 0.008 -0.02 -0.015 0.009 -0.0205 -0.014 0.0125 -0.0285 -0.0195 0.013 -0.0285 -0.0195 0.009 -0.0205 -0.014 0.0115 -0.0285 -0.0205 0.008 -0.0205 -0.0145 0.0125 -0.0285 -0.0195 0.0055 -0.02 -0.016 0.0085 -0.027 -0.0235 0.008 -0.0275 -0.023 0.0055 -0.0205 -0.0155 0.0075 -0.0285 -0.0225 0.0065 -0.019 -0.017 0.006 -0.0195 -0.0165 0.007 -0.0185 -0.017 0.0095 -0.026 -0.024 0.01 -0.0255 -0.0245 0.004 -0.02 -0.0165 0.0055 -0.027 -0.0245 0.004 -0.0195 -0.017 0.0035 -0.019 -0.0175 0.0055 -0.026 -0.025 0.0035 -0.0185 -0.0185 0.005 -0.0255 -0.026 0.004 -0.0205 -0.016 0.0055 -0.0275 -0.0235 0.006 -0.0285 -0.023 0.0075 -0.0285 -0.022 0.005 -0.0205 -0.0155 0.0055 -0.0205 -0.0155 0.0075 -0.0285 -0.0225 0.007 -0.0285 -0.022 0.006 -0.0285 -0.023 0.004 -0.0205 -0.016 0.006 -0.0285 -0.0225 0.0045 -0.0205 -0.016 0.006 -0.0285 -0.0225 0.005 -0.0205 -0.0155 0.007 -0.0285 -0.022 0.0045 -0.0205 -0.016 0.0025 -0.027 -0.025 0.002 -0.019 -0.018 0.003 -0.026 -0.0255 0.0015 -0.02 -0.017 0.002 -0.0195 -0.0175 0.0015 -0.0205 -0.0165 0.002 -0.0275 -0.024 0.002 -0.0285 -0.0235 0.0025 -0.0185 -0.0185 0.0025 -0.0185 -0.018 0.004 -0.0255 -0.026 -0.001 -0.019 -0.018 -0.0005 -0.027 -0.025 -0.001 -0.026 -0.0255 0 -0.0205 -0.0165 -0.0005 -0.0275 -0.0245 0 -0.02 -0.017 0 -0.0285 -0.0235 -0.0005 -0.0195 -0.0175 -0.001 -0.0185 -0.0185 -0.002 -0.0255 -0.0265 0.0015 -0.0285 -0.0235 0.001 -0.0205 -0.0165 0.002 -0.0285 -0.0235 0.0015 -0.0205 -0.0165 0 -0.0205 -0.0165 0 -0.0285 -0.0235 0.0005 -0.0285 -0.0235 0.001 -0.0205 -0.0165 0.0005 -0.0285 -0.0235 0 -0.0205 -0.0165 0.0015 -0.0285 -0.0235 -0.0025 -0.019 -0.018 -0.0035 -0.027 -0.025 -0.0025 -0.0195 -0.0175 -0.0025 -0.02 -0.017 -0.003 -0.0205 -0.0165 -0.004 -0.0275 -0.024 -0.004 -0.0285 -0.023 -0.002 -0.0185 -0.018 -0.0035 -0.026 -0.0255 -0.002 -0.0185 -0.0185 -0.003 -0.0255 -0.0265 -0.006 -0.0185 -0.0175 -0.0075 -0.026 -0.0245 -0.0085 -0.0255 -0.025 -0.0055 -0.019 -0.0175 -0.007 -0.027 -0.024 -0.005 -0.0195 -0.017 -0.0045 -0.02 -0.0165 -0.0065 -0.0275 -0.0235 -0.004 -0.0205 -0.016 -0.006 -0.0285 -0.023 -0.003 -0.0205 -0.016 -0.004 -0.0285 -0.023 -0.0045 -0.0285 -0.023 -0.003 -0.0205 -0.0165 -0.004 -0.0205 -0.016 -0.006 -0.0285 -0.023 -0.006 -0.0285 -0.0225 -0.0055 -0.0285 -0.0225 -0.003 -0.0205 -0.016 -0.0055 -0.0285 -0.0225 -0.004 -0.0205 -0.016 -0.0045 -0.0285 -0.023 -0.0065 -0.0185 -0.017 -0.0095 -0.026 -0.024 -0.0065 -0.019 -0.017 -0.01 -0.0275 -0.0225 -0.007 -0.0205 -0.015 -0.007 -0.02 -0.0155 -0.0095 -0.027 -0.023 -0.007 -0.0195 -0.016 -0.0065 -0.0185 -0.0175 -0.0095 -0.0255 -0.0245 -0.0095 -0.0285 -0.0215 -0.008 -0.02 -0.0145 -0.012 -0.0275 -0.021 -0.0085 -0.02 -0.015 -0.0135 -0.026 -0.022 -0.01 -0.0185 -0.0155 -0.0095 -0.019 -0.0155 -0.0125 -0.027 -0.0215 -0.009 -0.0195 -0.015 -0.008 -0.0205 -0.0145 -0.0115 -0.0285 -0.0205 -0.014 -0.0255 -0.022 -0.007 -0.0205 -0.015 -0.01 -0.0285 -0.021 -0.0095 -0.0285 -0.0215 -0.0075 -0.0205 -0.0145 -0.011 -0.0285 -0.0205 -0.008 -0.0205 -0.0145 -0.0115 -0.0285 -0.0205 -0.007 -0.0205 -0.015 -0.011 -0.0285 -0.0205 -0.0075 -0.0205 -0.0145 -0.01 -0.0285 -0.021 -0.0105 -0.0185 -0.015 -0.015 -0.026 -0.021 -0.015 -0.0255 -0.0215 -0.0105 -0.019 -0.0145 -0.015 -0.0275 -0.019 -0.0105 -0.0205 -0.013 -0.0105 -0.02 -0.0135 -0.015 -0.027 -0.02 -0.0105 -0.0195 -0.014 -0.0145 -0.0285 -0.0185 -0.0115 -0.02 -0.012 -0.017 -0.0275 -0.0175 -0.012 -0.02 -0.0125 -0.0185 -0.026 -0.018 -0.0135 -0.0185 -0.0125 -0.013 -0.019 -0.0125 -0.0175 -0.027 -0.018 -0.0125 -0.0195 -0.0125 -0.0115 -0.0205 -0.012 -0.016 -0.0285 -0.017 -0.0195 -0.0255 -0.018 -0.0145 -0.0285 -0.018 -0.0105 -0.0205 -0.013 -0.0145 -0.0285 -0.0185 -0.0105 -0.0205 -0.0125 -0.015 -0.0285 -0.018 -0.0115 -0.0205 -0.012 -0.016 -0.0285 -0.017 -0.011 -0.0205 -0.012 -0.0155 -0.0285 -0.017 -0.0155 -0.0285 -0.017 -0.0105 -0.0205 -0.0125 -0.015 -0.0285 -0.018 -0.011 -0.0205 -0.012 -0.013 -0.0205 -0.01 -0.0195 -0.0275 -0.015 -0.019 -0.0285 -0.014 -0.0195 -0.027 -0.0155 -0.0135 -0.02 -0.0105 -0.014 -0.0195 -0.011 -0.014 -0.019 -0.0115 -0.02 -0.026 -0.0165 -0.014 -0.0185 -0.012 -0.02 -0.0255 -0.017 -0.014 -0.0185 -0.0115 -0.0165 -0.0185 -0.009 -0.0225 -0.026 -0.013 -0.023 -0.0255 -0.0125 -0.0215 -0.027 -0.013 -0.0155 -0.019 -0.009 -0.015 -0.0195 -0.009 -0.0145 -0.02 -0.009 -0.0205 -0.0275 -0.0125 -0.014 -0.0205 -0.009 -0.02 -0.0285 -0.0125 -0.019 -0.0285 -0.014 -0.0135 -0.0205 -0.0095 -0.013 -0.0205 -0.0095 -0.013 -0.0205 -0.01 -0.019 -0.0285 -0.0135 -0.02 -0.0285 -0.0125 -0.014 -0.0205 -0.009 -0.0195 -0.0285 -0.0125 -0.0135 -0.0205 -0.009 -0.0195 -0.0285 -0.013 -0.0135 -0.0205 -0.0095 -0.0195 -0.0285 -0.013 -0.0135 -0.0205 -0.009 -0.019 -0.0285 -0.0135 -0.0155 -0.0205 -0.0065 -0.0225 -0.0275 -0.0095 -0.0215 -0.0285 -0.009 -0.0165 -0.0185 -0.008 -0.0235 -0.026 -0.011 -0.0165 -0.019 -0.0075 -0.023 -0.027 -0.01 -0.0155 -0.02 -0.0065 -0.016 -0.0195 -0.007 -0.0235 -0.0255 -0.0115 -0.025 -0.026 -0.007 -0.018 -0.0185 -0.0045 -0.0175 -0.019 -0.005 -0.024 -0.027 -0.007 -0.017 -0.0195 -0.005 -0.0165 -0.02 -0.005 -0.023 -0.0275 -0.007 -0.0155 -0.0205 -0.005 -0.0225 -0.0285 -0.007 -0.016 -0.02 -0.005 -0.0255 -0.0255 -0.0065 -0.0215 -0.0285 -0.0085 -0.015 -0.0205 -0.006 -0.0215 -0.0285 -0.009 -0.015 -0.0205 -0.0065 -0.0155 -0.0205 -0.0065 -0.0225 -0.0285 -0.007 -0.0155 -0.0205 -0.005 -0.022 -0.0285 -0.0075 -0.0155 -0.0205 -0.0055 -0.0155 -0.0205 -0.0055 -0.022 -0.0285 -0.008 -0.022 -0.0285 -0.0075 -0.015 -0.0205 -0.006 -0.0215 -0.0285 -0.0085 -0.0255 -0.026 -0.0045 -0.018 -0.0185 -0.004 -0.026 -0.0255 -0.0055 -0.018 -0.0185 -0.0035 -0.018 -0.019 -0.0035 -0.024 -0.0275 -0.0035 -0.0165 -0.0205 -0.0025 -0.017 -0.02 -0.0025 -0.0245 -0.027 -0.004 -0.0175 -0.0195 -0.003 -0.0235 -0.0285 -0.0035 -0.026 -0.026 -0.0005 -0.0185 -0.0185 0 -0.018 -0.019 -0.0005 -0.025 -0.027 -0.001 -0.0175 -0.0195 -0.0005 -0.017 -0.02 -0.001 -0.0245 -0.0275 -0.001 -0.0165 -0.0205 -0.001 -0.0235 -0.0285 -0.0015 -0.0265 -0.0255 0 -0.023 -0.0285 -0.003 -0.0165 -0.0205 -0.002 -0.0165 -0.0205 -0.0025 -0.0235 -0.0285 -0.0035 -0.023 -0.0285 -0.0035 -0.0235 -0.0285 -0.0015 -0.0165 -0.0205 -0.001 -0.0235 -0.0285 -0.002 -0.0165 -0.0205 -0.0015 -0.0235 -0.0285 -0.002 -0.0165 -0.0205 -0.001 -0.023 -0.0285 -0.003 -0.0165 -0.0205 -0.002 -0.024 -0.0275 0.0025 -0.0165 -0.0205 0.002 -0.017 -0.02 0.0015 -0.0185 -0.0185 0.001 -0.0255 -0.026 0.0015 -0.018 -0.019 0.001 -0.025 -0.027 0.002 -0.0175 -0.0195 0.0015 -0.0235 -0.0285 0.0025 -0.0265 -0.0255 0.001 -0.025 -0.026 0.006 -0.018 -0.0185 0.0045 -0.0175 -0.019 0.004 -0.0245 -0.027 0.0055 -0.017 -0.0195 0.004 -0.0165 -0.02 0.0035 -0.024 -0.0275 0.005 -0.016 -0.0205 0.003 -0.023 -0.0285 0.0045 -0.0255 -0.0255 0.0065 -0.023 -0.0285 0.003 -0.0165 -0.0205 0.002 -0.023 -0.0285 0.0025 -0.0235 -0.0285 0.0025 -0.023 -0.0285 0.0045 -0.016 -0.0205 0.003 -0.023 -0.0285 0.004 -0.023 -0.0285 0.004 -0.0165 -0.0205 0.002 -0.023 -0.0285 0.003 -0.016 -0.0205 0.003 -0.0245 -0.026 0.008 -0.018 -0.0185 0.0055 -0.0255 -0.0255 0.0075 -0.0235 -0.027 0.008 -0.016 -0.02 0.006 -0.0165 -0.0195 0.006 -0.0175 -0.0185 0.0055 -0.017 -0.019 0.0055 -0.0155 -0.0205 0.006 -0.023 -0.0275 0.0085 -0.022 -0.0285 0.0085 -0.023 -0.026 0.012 -0.016 -0.0185 0.009 -0.016 -0.019 0.0085 -0.0225 -0.027 0.0115 -0.0155 -0.0195 0.008 -0.0155 -0.02 0.0075 -0.022 -0.0275 0.0105 -0.015 -0.0205 0.007 -0.0215 -0.0285 0.01 -0.015 -0.02 0.0075 -0.023 -0.0255 0.013 -0.0215 -0.0285 0.0085 -0.015 -0.0205 0.006 -0.0155 -0.0205 0.006 -0.022 -0.0285 0.0085 -0.0215 -0.0285 0.01 -0.015 -0.0205 0.007 -0.021 -0.0285 0.01 -0.021 -0.0285 0.0095 -0.015 -0.0205 0.006 -0.021 -0.0285 0.0095 -0.015 -0.0205 0.007 -0.0215 -0.0285 0.0085 -0.0135 -0.0205 0.0095 -0.02 -0.0275 0.0135 -0.0195 -0.0285 0.0135 -0.014 -0.02 0.0095 -0.021 -0.027 0.014 -0.0155 -0.019 0.0095 -0.0145 -0.0195 0.0095 -0.016 -0.0185 0.0095 -0.0215 -0.026 0.014 -0.0155 -0.0185 0.0095 -0.0225 -0.0255 0.014 -0.019 -0.026 0.0175 -0.0135 -0.0185 0.013 -0.0135 -0.019 0.012 -0.019 -0.027 0.0165 -0.013 -0.0195 0.0115 -0.013 -0.02 0.011 -0.0185 -0.0275 0.0155 -0.0125 -0.0205 0.0105 -0.018 -0.0285 0.015 -0.019 -0.0255 0.018 -0.019 -0.0285 0.0135 -0.0135 -0.0205 0.0095 -0.0195 -0.0285 0.0135 -0.018 -0.0285 0.015 -0.0125 -0.0205 0.0105 -0.018 -0.0285 0.0145 -0.013 -0.0205 0.0105 -0.018 -0.0285 0.0145 -0.0135 -0.0205 0.0095 -0.019 -0.0285 0.0135 -0.013 -0.0205 0.0105 -0.011 -0.0205 0.0125 -0.016 -0.0275 0.0185 -0.0155 -0.0285 0.018 -0.011 -0.02 0.013 -0.0165 -0.027 0.0185 -0.0125 -0.019 0.013 -0.012 -0.0195 0.013 -0.0175 -0.026 0.019 -0.013 -0.0185 0.0135 -0.0125 -0.0185 0.0135 -0.0185 -0.0255 0.019 -0.014 -0.026 0.0215 -0.01 -0.0185 0.0155 -0.01 -0.019 0.015 -0.014 -0.027 0.0205 -0.01 -0.0195 0.0145 -0.01 -0.02 0.014 -0.014 -0.0275 0.02 -0.0095 -0.0205 0.0135 -0.014 -0.0285 0.019 -0.01 -0.02 0.0135 -0.014 -0.0255 0.0225 -0.015 -0.0285 0.018 -0.0105 -0.0205 0.0125 -0.0155 -0.0285 0.018 -0.011 -0.0205 0.0125 -0.014 -0.0285 0.019 -0.0095 -0.0205 0.0135 -0.0095 -0.0205 0.013 -0.014 -0.0285 0.0185 -0.01 -0.0205 0.013 -0.014 -0.0285 0.0185 -0.0105 -0.0205 0.0125 -0.015 -0.0285 0.018 -0.01 -0.0205 0.013 -0.0075 -0.0205 0.015 -0.011 -0.0275 0.0215 -0.0105 -0.0285 0.021 -0.0075 -0.02 0.015 -0.0115 -0.027 0.022 -0.0085 -0.019 0.016 -0.008 -0.0195 0.0155 -0.009 -0.0185 0.016 -0.0125 -0.026 0.0225 -0.013 -0.0255 0.023 -0.0085 -0.026 0.0245 -0.0055 -0.0185 0.0175 -0.006 -0.019 0.017 -0.0085 -0.027 0.0235 -0.006 -0.0195 0.0165 -0.006 -0.02 0.016 -0.0085 -0.0275 0.0225 -0.006 -0.0205 0.0155 -0.0085 -0.0285 0.022 -0.006 -0.02 0.0155 -0.008 -0.0255 0.025 -0.01 -0.0285 0.021 -0.007 -0.0205 0.015 -0.0105 -0.0285 0.021 -0.0075 -0.0205 0.015 -0.0085 -0.0285 0.022 -0.006 -0.0205 0.0155 -0.0085 -0.0285 0.0215 -0.006 -0.0205 0.015 -0.009 -0.0285 0.0215 -0.007 -0.0205 0.015 -0.009 -0.0285 0.0215 -0.006 -0.0205 0.015 -0.01 -0.0285 0.021 -0.0055 -0.027 0.0245 -0.0045 -0.019 0.0175 -0.0065 -0.026 0.025 -0.0035 -0.02 0.0165 -0.005 -0.0275 0.0235 -0.0035 -0.0205 0.016 -0.005 -0.0285 0.023 -0.005 -0.0185 0.018 -0.0045 -0.0185 0.0175 -0.007 -0.0255 0.0255 -0.004 -0.0195 0.017 -0.0025 -0.027 0.025 -0.0015 -0.019 0.018 -0.0015 -0.0195 0.0175 -0.002 -0.02 0.017 -0.0025 -0.0275 0.024 -0.002 -0.0205 0.0165 -0.003 -0.0285 0.0235 -0.002 -0.02 0.0165 -0.002 -0.026 0.0255 -0.001 -0.0185 0.0185 -0.0015 -0.0255 0.0265 -0.005 -0.0285 0.023 -0.0035 -0.0205 0.016 -0.0045 -0.0285 0.023 -0.003 -0.0205 0.016 -0.002 -0.0205 0.0165 -0.003 -0.0285 0.0235 -0.003 -0.0285 0.023 -0.0025 -0.0205 0.016 -0.003 -0.0285 0.023 -0.003 -0.0205 0.016 -0.0045 -0.0285 0.023 -0.0025 -0.0205 0.016 0 -0.0185 0.0185 0 -0.026 0.026 0 -0.019 0.018 -0.0005 -0.0185 0.0185 -0.0005 -0.0255 0.0265 0.0005 -0.027 0.025 0.0005 -0.02 0.017 0.001 -0.0275 0.0245 0.001 -0.0205 0.0165 0.001 -0.0285 0.0235 0.0005 -0.0195 0.0175 0.004 -0.027 0.0245 0.0025 -0.02 0.017 0.0035 -0.0275 0.024 0.0045 -0.026 0.0255 0.0035 -0.0185 0.018 0.003 -0.019 0.018 0.0025 -0.0195 0.0175 0.002 -0.0205 0.0165 0.003 -0.0285 0.0235 0.0025 -0.02 0.0165 0.005 -0.0255 0.026 0.001 -0.0205 0.0165 0.001 -0.0285 0.0235 0.0015 -0.0285 0.0235 0.002 -0.0205 0.0165 0.003 -0.0285 0.0235 0.003 -0.0285 0.023 0.0025 -0.0285 0.023 0.0025 -0.0285 0.023 0.001 -0.0205 0.0165 0.0015 -0.0285 0.0235 0.002 -0.0205 0.0165 0.0045 -0.0185 0.018 0.0065 -0.026 0.025 0.0045 -0.0185 0.0175 0.005 -0.02 0.0165 0.0065 -0.027 0.024 0.007 -0.0275 0.0235 0.006 -0.0255 0.0255 0.0045 -0.019 0.0175 0.0045 -0.0195 0.017 0.005 -0.0205 0.016 0.007 -0.0285 0.0225 0.01 -0.027 0.023 0.0075 -0.019 0.0165 0.007 -0.0195 0.016 0.0065 -0.02 0.016 0.009 -0.0275 0.0225 0.006 -0.0205 0.0155 0.0085 -0.0285 0.022 0.008 -0.0185 0.017 0.0105 -0.026 0.0235 0.0115 -0.0255 0.024 0.0065 -0.02 0.0155 0.005 -0.0205 0.0155 0.007 -0.0285 0.0225 0.005 -0.0205 0.016 0.007 -0.0285 0.022 0.005 -0.0205 0.0155 0.0085 -0.0285 0.022 0.006 -0.0205 0.0155 0.007 -0.0285 0.022 0.0085 -0.0185 0.016 0.0125 -0.026 0.0225 0.009 -0.019 0.016 0.0125 -0.027 0.0215 0.009 -0.0195 0.015 0.009 -0.02 0.0145 0.0125 -0.0275 0.021 0.0085 -0.0205 0.014 0.0125 -0.0285 0.02 0.0085 -0.0185 0.0165 0.0125 -0.0255 0.0235 0.012 -0.0185 0.0145 0.016 -0.026 0.02 0.017 -0.0255 0.0205 0.0115 -0.019 0.014 0.0155 -0.027 0.02 0.0105 -0.0195 0.014 0.015 -0.027 0.02 0.01 -0.02 0.0135 0.0145 -0.0275 0.0195 0.01 -0.0205 0.0135 0.014 -0.0285 0.019 0.0125 -0.0285 0.02 0.0085 -0.0205 0.014 0.009 -0.0205 0.014 0.0125 -0.0285 0.0195 0.0095 -0.0205 0.0135 0.014 -0.0285 0.019 0.0135 -0.0285 0.019 0.01 -0.0205 0.0135 0.0125 -0.0285 0.0195 0.0095 -0.0205 0.0135 0.009 -0.0205 0.014 0.0135 -0.0285 0.019 0.012 -0.02 0.012 0.0175 -0.027 0.018 0.0175 -0.0275 0.017 0.0125 -0.019 0.013 0.0125 -0.0195 0.0125 0.0125 -0.0185 0.014 0.0175 -0.026 0.0185 0.0125 -0.0185 0.0135 0.0175 -0.0255 0.0195 0.012 -0.0205 0.0115 0.017 -0.0285 0.0165 0.0145 -0.019 0.011 0.0195 -0.027 0.0155 0.0205 -0.026 0.0155 0.0135 -0.02 0.0105 0.014 -0.0195 0.011 0.019 -0.0275 0.015 0.013 -0.0205 0.0105 0.018 -0.0285 0.015 0.013 -0.02 0.0105 0.015 -0.0185 0.011 0.0215 -0.0255 0.0155 0.017 -0.0285 0.016 0.012 -0.0205 0.011 0.012 -0.0205 0.0115 0.017 -0.0285 0.0165 0.0125 -0.0205 0.0105 0.018 -0.0285 0.015 0.013 -0.0205 0.0105 0.018 -0.0285 0.015 0.012 -0.0205 0.011 0.017 -0.0285 0.016 0.0125 -0.0205 0.0105 0.0155 -0.0185 0.01 0.022 -0.026 0.0135 0.0145 -0.0205 0.008 0.021 -0.0275 0.0125 0.0205 -0.0285 0.0115 0.015 -0.0195 0.009 0.0215 -0.027 0.013 0.021 -0.027 0.0125 0.0155 -0.019 0.0095 0.022 -0.0255 0.0145 0.0145 -0.02 0.0085 0.023 -0.027 0.01 0.0155 -0.02 0.007 0.022 -0.0275 0.01 0.015 -0.0205 0.007 0.0215 -0.0285 0.01 0.024 -0.026 0.01 0.0175 -0.0185 0.007 0.0165 -0.019 0.007 0.016 -0.0195 0.007 0.0245 -0.0255 0.0095 0.0145 -0.0205 0.008 0.0205 -0.0285 0.0115 0.0205 -0.0285 0.011 0.021 -0.0285 0.01 0.015 -0.0205 0.007 0.0215 -0.0285 0.01 0.0145 -0.0205 0.007 0.021 -0.0285 0.01 0.0145 -0.0205 0.008 0.0205 -0.0285 0.011 0.0145 -0.0205 0.007 0.024 -0.027 0.007 0.017 -0.019 0.0055 0.0245 -0.026 0.008 0.0175 -0.0185 0.006 0.025 -0.0255 0.0085 0.0175 -0.0185 0.0055 0.0165 -0.02 0.0045 0.017 -0.0195 0.005 0.0235 -0.0275 0.0065 0.016 -0.0205 0.0045 0.0225 -0.0285 0.006 0.018 -0.019 0.0025 0.0245 -0.027 0.004 0.0255 -0.026 0.0035 0.017 -0.02 0.003 0.0175 -0.0195 0.003 0.0165 -0.0205 0.003 0.024 -0.0275 0.004 0.0165 -0.02 0.003 0.023 -0.0285 0.0045 0.0185 -0.0185 0.0025 0.026 -0.0255 0.003 0.0225 -0.0285 0.006 0.016 -0.0205 0.004 0.016 -0.0205 0.0045 0.016 -0.0205 0.003 0.023 -0.0285 0.0045 0.016 -0.0205 0.0035 0.0165 -0.0205 0.003 0.016 -0.0205 0.0035 0.0225 -0.0285 0.006 0.023 -0.0285 0.0045 0.016 -0.0205 0.004 0.025 -0.027 0.001 0.017 -0.02 0.0005 0.0175 -0.0195 0.0005 0.0245 -0.0275 0.0005 0.0165 -0.0205 0.0005 0.0255 -0.026 0.0015 0.0185 -0.0185 0.0015 0.0265 -0.0255 0.002 0.018 -0.019 0.001 0.0185 -0.0185 0.001 0.0235 -0.0285 0.0005 0.0255 -0.026 -0.003 0.0185 -0.0185 -0.0025 0.018 -0.019 -0.002 0.025 -0.027 -0.0025 0.0175 -0.0195 -0.0015 0.017 -0.02 -0.0015 0.024 -0.0275 -0.002 0.026 -0.0255 -0.0035 0.0165 -0.0205 -0.001 0.0235 -0.0285 -0.0015 0.017 -0.02 -0.001 0.0165 -0.0205 0 0.0235 -0.0285 0.0005 0.0235 -0.0285 0 0.0165 -0.0205 0.0005 0.0235 -0.0285 -0.0015 0.0165 -0.0205 -0.001 0.0235 -0.0285 -0.001 0.0165 -0.0205 -0.001 0.0235 -0.0285 0 0.0235 -0.0285 -0.001 0.0165 -0.0205 0 0.0245 -0.027 -0.005 0.0165 -0.02 -0.004 0.017 -0.0195 -0.0035 0.0245 -0.0265 -0.005 0.0255 -0.026 -0.005 0.0185 -0.0185 -0.003 0.026 -0.0255 -0.0045 0.018 -0.0185 -0.0035 0.018 -0.019 -0.0035 0.0235 -0.0275 -0.0055 0.016 -0.0205 -0.004 0.023 -0.0285 -0.0055 0.017 -0.019 -0.006 0.024 -0.026 -0.009 0.017 -0.019 -0.0065 0.0235 -0.027 -0.0085 0.017 -0.0185 -0.007 0.0245 -0.0255 -0.01 0.0165 -0.0195 -0.006 0.016 -0.02 -0.0055 0.023 -0.0275 -0.008 0.0155 -0.0205 -0.005 0.0225 -0.0285 -0.0075 0.023 -0.0285 -0.0055 0.016 -0.0205 -0.004 0.0225 -0.0285 -0.0055 0.0225 -0.0285 -0.006 0.0155 -0.0205 -0.005 0.0225 -0.0285 -0.007 0.022 -0.0285 -0.007 0.0225 -0.0285 -0.0075 0.0155 -0.0205 -0.005 0.0225 -0.0285 -0.006 0.0225 -0.0285 -0.007 0.016 -0.0205 -0.004 0.0215 -0.0275 -0.011 0.0145 -0.0205 -0.0075 0.015 -0.02 -0.008 0.0225 -0.027 -0.011 0.016 -0.0195 -0.008 0.0165 -0.019 -0.008 0.0235 -0.026 -0.011 0.017 -0.0185 -0.0075 0.024 -0.0255 -0.011 0.0165 -0.0185 -0.0075 0.021 -0.0285 -0.011 0.021 -0.026 -0.015 0.015 -0.0185 -0.011 0.015 -0.019 -0.0105 0.021 -0.027 -0.014 0.0145 -0.0195 -0.01 0.0145 -0.02 -0.0095 0.0205 -0.0275 -0.0135 0.014 -0.0205 -0.009 0.02 -0.0285 -0.0125 0.014 -0.02 -0.009 0.0215 -0.0255 -0.0155 0.0145 -0.0205 -0.008 0.021 -0.0285 -0.011 0.0205 -0.0285 -0.011 0.0145 -0.0205 -0.0075 0.02 -0.0285 -0.0125 0.014 -0.0205 -0.009 0.014 -0.0205 -0.0085 0.02 -0.0285 -0.012 0.02 -0.0285 -0.012 0.0145 -0.0205 -0.008 0.0205 -0.0285 -0.011 0.014 -0.0205 -0.0085 0.019 -0.027 -0.0165 0.0125 -0.02 -0.0115 0.0135 -0.0195 -0.0115 0.014 -0.019 -0.0115 0.02 -0.026 -0.0165 0.0145 -0.0185 -0.0115 0.0205 -0.0255 -0.0165 0.014 -0.0185 -0.0115 0.018 -0.0275 -0.016 0.012 -0.0205 -0.011 0.0175 -0.0285 -0.016 0.017 -0.026 -0.0195 0.012 -0.0185 -0.0145 0.012 -0.019 -0.014 0.0165 -0.027 -0.0185 0.0115 -0.02 -0.0125 0.0165 -0.0275 -0.018 0.017 -0.0255 -0.0205 0.0115 -0.0195 -0.013 0.0115 -0.0205 -0.012 0.016 -0.0285 -0.017 0.012 -0.0205 -0.011 0.017 -0.0285 -0.016 0.0175 -0.0285 -0.016 0.012 -0.0205 -0.011 0.016 -0.0285 -0.017 0.0115 -0.0205 -0.012 0.017 -0.0285 -0.016 -0.0045 -0.029 0.0205 0.004 -0.042 0.0205 0.004 -0.029 0.0205 0.012 -0.042 0.017 0.012 -0.029 0.017 0.018 -0.042 0.011 0.018 -0.029 0.011 -0.0045 -0.042 0.0205 -0.0125 -0.029 0.017 -0.0125 -0.042 0.017 -0.0185 -0.029 0.01 -0.0185 -0.042 0.01 -0.021 -0.029 0.002 -0.021 -0.042 0.002 -0.02 -0.029 -0.007 -0.02 -0.042 -0.007 -0.0155 -0.029 -0.0145 -0.018 -0.042 -0.011 0.021 -0.042 0.0025 0.02 -0.042 -0.006 0.021 -0.029 0.0025 0.02 -0.029 -0.006 0.016 -0.042 -0.014 0.016 -0.029 -0.014 0.009 -0.042 -0.019 0.0005 -0.042 -0.021 0.009 -0.029 -0.019 -0.008 -0.042 -0.0195 0.0005 -0.029 -0.021 -0.0155 -0.042 -0.0145 -0.008 -0.029 -0.0195 0.011 -0.0205 -0.0115 0.0115 -0.042 -0.0115 0.0115 -0.0205 -0.0115 0.011 -0.021 -0.012 0.0045 -0.042 -0.0155 0.005 -0.0205 -0.0155 0.0045 -0.0205 -0.0155 0.0055 -0.021 -0.015 0.0095 -0.042 -0.008 0.0115 -0.021 -0.0115 0.0115 -0.042 -0.0115 0.0095 -0.021 -0.008 0.0025 -0.042 -0.012 0.0045 -0.021 -0.0155 0.0025 -0.021 -0.012 0.0045 -0.042 -0.0155</float_array><technique_common><accessor source="#pa" count="4110" stride="3"><param name="X" type="float"/><param name="Y" type="float"/><param name="Z" type="float"/></accessor></technique_common></source>
        <source id="n"><float_array id="na" count="12330">0.8 0 0.6 0.8 0 0.6 0.8 0 0.6 0.8 0 0.6 0.75 0 0.66 0.93 0 0.37 0.98 0 0.18 0 0 1 0.2 0 0.98 0.39 0 0.92 -0.26 0 -0.97 -0.59 0 -0.81 -0.75 0 -0.66 -0.93 0 -0.36 -0.98 0 -0.19 -0.99 0 0.14 -0.96 0 0.27 0.98 0 -0.2 0.97 0 -0.25 0.66 0 0.75 -0.92 0 0.39 -0.92 0 0.39 0.37 0 -0.93 0 0 -1 0.5 0 -0.87 0.52 0 -0.85 0 0 1 -0.18 0 -0.98 0 0 -1 0.67 -0.01 -0.74 0.86 0 -0.51 0.89 0 -0.45 -0.86 0 -0.51 -0.86 0 -0.51 -0.86 0 -0.51 -0.86 0 -0.51 0.53 0 -0.85 0.53 0 -0.85 0.53 0 -0.85 0.53 0 -0.85 0 -1 0 0 -1 0 0 -1 0 0 -1 0 0 -1 0 0 -1 0 0 1 0 0 1 0 0 1 0 0 1 0 0 1 0 0 1 0 0 1 0 0 1 0 0 1 0 0 1 0 0 1 0 0 1 0 0 1 0 0 1 0 0 -1 0 0 -1 0 0 -1 0 0 -1 0 0 -1 0 0 -1 0 0 -1 0 0 -1 0 0 -1 0 0 -1 0 0 -1 0 0 -1 0 -0.45 0 0.89 -0.45 0 0.89 -0.45 0 0.89 -0.45 0 0.89 -0.82 -0.01 -0.57 -0.97 0 -0.24 -0.58 0 0.81 -0.82 0.02 0.57 -0.86 -0.03 0.52 -0.58 0.02 -0.81 -0.5 -0.03 -0.86 0.55 -0.01 -0.83 0.83 0 -0.56 0.89 0 -0.45 0.99 0 -0.14 1 0 0.03 0.92 0 0.38 0.81 0 0.58 0.56 0 0.83 0.45 0 0.89 0.14 0 0.99 -0.03 0 1 -0.04 -0.06 -1 0 0 -1 -0.05 0.16 -0.99 0 0 -1 0 0 -1 -1 -0.08 0.05 -1 0 0 -0.99 0.1 0.04 -1 0 0 -1 0 0 -0.88 0.02 -0.48 -0.97 0 -0.24 -0.98 0.1 -0.2 -0.98 -0.1 -0.17 -0.98 -0.09 -0.19 -1 0 0 -0.98 0.12 -0.16 -0.95 0.14 0.28 -0.94 0.16 0.31 -0.95 -0.22 0.22 -0.94 -0.15 0.3 -0.92 0 0.4 -0.94 0.15 0.3 -0.95 -0.11 0.28 0.5 0.02 -0.87 0.2 0.1 -0.97 0.16 -0.08 -0.98 0.18 -0.09 -0.98 0 0 -1 0.24 0 -0.97 0.24 0 -0.97 0.18 0.18 -0.97 -0.29 0.19 -0.94 -0.28 0.28 -0.92 -0.27 -0.14 -0.95 -0.28 -0.14 -0.95 -0.4 0 -0.92 -0.27 -0.09 -0.96 -0.38 0 0.92 0.57 -0.01 0.82 0.83 0.01 0.56 0.57 0.01 0.82 0.82 -0.01 -0.57 0.53 0 -0.85 0.81 0.01 -0.59 0.41 0 -0.91 0.09 0 -1 0.2 -0.02 0.98 0 -0.01 1 0.07 -0.07 0.99 -0.43 0 -0.9 -0.09 0 -1 -0.61 0 -0.79 -0.85 0 -0.53 -0.91 0 -0.41 -1 0 -0.09 -1 0 0.09 -0.9 0 0.43 -0.79 0 0.61 -0.55 0.01 0.83 -0.44 -0.01 0.9 0.9 -0.01 0.43 -0.22 -0.01 0.98 0 0.02 1 -0.22 0.04 0.98 1 -0.01 0 0.98 -0.02 -0.2 0.98 -0.01 0.22 1 0.09 0 1 0 0 0.97 0.18 0.18 0.96 0.13 0.26 1 -0.08 0.04 0.99 -0.06 0.12 0.92 -0.01 0.38 0.89 0 0.45 0.97 0.09 0.24 0.97 0.13 -0.22 0.96 0.13 -0.26 1 0 0 0.93 0 -0.37 0.99 -0.06 -0.12 0.93 0 -0.37 1 -0.08 -0.04 -0.23 0.11 0.97 -0.24 0.12 0.96 -0.07 -0.07 0.99 -0.35 -0.02 0.94 -0.45 0 0.89 -0.12 0.24 0.96 0.12 0.24 0.96 0.24 0.12 0.96 0.2 0.08 0.98 0.33 -0.01 0.94 0.37 0 0.93 0.37 0 0.93 0 -1 0 0 -1 0 0 -1 0 0 -1 0 0 -1 0 0 -1 0 0 -1 0 0 -1 0 0 -1 0 0 -1 0 0 -1 0 0 -1 0 0 -1 0 0 -1 0 0 -1 0 0 -1 0 0 -1 0 0 -1 0 0 -1 0 0 -1 0 0 -1 0 0 -1 0 0 -1 0 0 -1 0 -1 0 0 -1 0 0 -1 0 0 -1 0 0 0 0 1 0 0 1 0 0 1 0 0 1 1 0 0 1 0 0 1 0 0 1 0 0 -1 0 0 -1 0 0 -0.89 0 0.45 -0.45 0 0.89 0 0 1 0 0 1 0.45 0 0.89 0.89 0 0.45 1 0 0 1 0 0 -1 0 0 -1 0 0 -1 0 0 -1 0 0 0 0 1 0 0 1 0 0 1 0 0 1 0 0 1 1 0 0 1 0 0 1 0 0 1 0 0 -0.89 0 0.45 -1 0 0 -0.45 0 0.89 0 0 1 0 0 1 0.45 0 0.89 0.89 0 0.45 1 0 0 1 0 0 -1 0 0 0 0 1 0 0 1 0 0 1 0 0 1 0 0 1 0 0 1 0 0 1 0 0 1 -0.71 0 0.71 -0.71 0 0.71 -0.55 0 0.83 -0.32 0 0.95 0.45 0 0.89 0.89 0 0.45 1 0 0 1 0 0 1 0 0 1 0 0 0 0 1 0 0 1 0 0 1 0 0 1 -0.55 0 0.83 -0.71 0 0.71 -0.32 0 0.95 0.45 0 0.89 0.89 0 0.45 0.89 0 0.45 0.45 0 0.89 0.45 0 0.89 0.89 0 0.45 1 0 0 1 0 0 -0.71 0 0.71 0 0 1 0 0 1 0 0 1 0 0 1 1 0 0 1 0 0 1 0 0 1 0 0 0 0 1 0 0 1 0 0 1 0 0 1 0.45 0 0.89 0.89 0 0.45 1 0 0 1 0 0 0 0 1 0 0 1 0 0 1 0 0 1 0 0 1 0 0 1 0 0 1 0 0 1 1 0 0 1 0 0 1 0 0 1 0 0 0 0 1 0 0 1 0 0 1 0 0 1 0.45 0 0.89 0.89 0 0.45 0.89 0 -0.45 0.45 0 -0.89 0 0 -1 0 0 -1 0 0 1 0 0 1 0 0 1 0 0 1 0 0 1 0 0 1 0 0 1 0 0 1 1 0 0 1 0 0 1 0 0 1 0 0 -0.45 0 0.89 0 0 1 -0.89 0 0.45 -0.71 0 0.71 0.45 0 0.89 0.83 0 0.55 0.95 0 0.32 1 0 0 1 0 0 0 0 1 0.71 0 0.71 0.71 0 0.71 0.71 0 0.71 0.71 0 0.71 0 0 1 0 0 1 0 0 1 0.45 0 0.89 0.89 0 0.45 1 0 0 1 0 0 1 0 0 1 0 0 0 0 1 0 0 1 0 0 1 0 0 1 0 0 1 1 0 0 1 0 0 1 0 0 1 0 0 0 0 1 0 0 1 0.32 0 0.95 0.55 0 0.83 0.83 0 0.55 0.95 0 0.32 0.89 0 -0.45 0.45 0 -0.89 0 0 -1 0 0 -1 0 0 1 0 0 1 0 0 1 0 0 1 1 0 0 1 0 0 1 0 0 1 0 0 0 0 1 0 0 1 0.45 0 0.89 0.89 0 0.45 1 0 0 1 0 0 1 0 0 1 0 0 0 0 1 0 0 1 0 0 1 0 0 1 1 0 0 1 0 0 1 0 0 1 0 0 0 0 1 0 0 1 0.45 0 0.89 0.89 0 0.45 1 0 0 1 0 0 1 0 0 1 0 0 0 0 1 0 0 1 0 0 1 0 0 1 1 0 0 1 0 0 1 0 0 1 0 0 1 0 0 1 0 0 1 0 0 1 0 0 0.45 0 0.89 0 0 1 0.89 0 0.45 0.89 0 0.45 0.45 0 0.89 0.45 0 0.89 0.89 0 0.45 0.89 0 -0.45 0.45 0 -0.89 0 0 -1 0 0 -1 0 0 1 0.71 0 0.71 0.71 0 0.71 0.71 0 0.71 0.71 0 0.71 -0.71 0 0.71 -1 0 0 0.45 0 0.89 0.83 0 0.55 0.95 0 0.32 0.95 0 -0.32 0.83 0 -0.55 0.71 0 -0.71 0.71 0 -0.71 -1 0 0 0.89 0 0.45 0.45 0 0.89 1 0 0 1 0 0 0 0 1 0 0 1 1 0 0 1 0 0 1 0 0 1 0 0 0.45 0 0.89 0 0 1 0.89 0 0.45 1 0 0 1 0 0 0.89 0 -0.45 0.45 0 -0.89 0 0 -1 0 0 -1 0 0 1 1 0 0 1 0 0 1 0 0 1 0 0 1 0 0 1 0 0 1 0 0 1 0 0 0 0 1 0 0 1 0.45 0 0.89 0.89 0 0.45 1 0 0 1 0 0 0.89 0 -0.45 0.45 0 -0.89 0 0 -1 0 0 -1 0 0 1 0 0 1 0 0 1 0 0 1 1 0 0 1 0 0 1 0 0 1 0 0 0 0 -1 0 0 -1 0 0 -1 0 0 -1 0 0 1 0 0 1 0.45 0 0.89 0.89 0 0.45 1 0 0 1 0 0 0.89 0 -0.45 0.45 0 -0.89 0 0 -1 0 0 -1 0 0 1 0 0 1 0 0 1 0 0 1 1 0 0 1 0 0 1 0 0 1 0 0 0 0 -1 0 0 -1 0 0 -1 0 0 -1 0.45 0 0.89 0 0 1 0.89 0 0.45 1 0 0 1 0 0 0.89 0 -0.45 0.45 0 -0.89 0 0 -1 0 0 -1 0 0 1 1 0 0 1 0 0 1 0 0 1 0 0 1 0 0 1 0 0 1 0 0 1 0 0 0.71 0 0.71 0.71 0 0.71 0.83 0 0.55 0.95 0 0.32 0.89 0 -0.45 0.45 0 -0.89 0 0 -1 0 0 -1 0 0 -1 0 0 -1 1 0 0 1 0 0 1 0 0 1 0 0 0.83 0 0.55 0.71 0 0.71 0.95 0 0.32 0.89 0 -0.45 0.45 0 -0.89 0.45 0 -0.89 0.89 0 -0.45 0.89 0 -0.45 0.45 0 -0.89 0 0 -1 0 0 -1 0.71 0 0.71 1 0 0 1 0 0 1 0 0 1 0 0 0 0 -1 0 0 -1 0 0 -1 0 0 -1 1 0 0 1 0 0 1 0 0 1 0 0 0.89 0 -0.45 0.45 0 -0.89 0 0 -1 0 0 -1 1 0 0 1 0 0 1 0 0 1 0 0 1 0 0 1 0 0 1 0 0 1 0 0 0 0 -1 0 0 -1 0 0 -1 0 0 -1 1 0 0 1 0 0 1 0 0 1 0 0 0.89 0 -0.45 0.45 0 -0.89 -0.45 0 -0.89 -0.89 0 -0.45 -1 0 0 -1 0 0 1 0 0 1 0 0 1 0 0 1 0 0 1 0 0 1 0 0 1 0 0 1 0 0 0 0 -1 0 0 -1 0 0 -1 0 0 -1 0.89 0 0.45 1 0 0 0.45 0 0.89 0.71 0 0.71 0.89 0 -0.45 0.55 0 -0.83 0.32 0 -0.95 0 0 -1 0 0 -1 1 0 0 0.45 0.03 -0.89 0.71 0.03 -0.71 0 0 -1 0.89 0.03 -0.45 1 0 0 1 0 0 1 0 0 1 0 0 0.89 0 -0.45 0.45 0 -0.89 0 0 -1 0 0 -1 0 0 -1 0 0 -1 1 0 0 1 0 0 1 0 0 1 0 0 1 0 0 0 0 -1 0 0 -1 0 0 -1 0 0 -1 1 0 0 1 0 0 0.95 0 -0.32 0.83 0 -0.55 0.55 0 -0.83 0.32 0 -0.95 -0.45 0 -0.89 -0.89 0 -0.45 -1 0 0 -1 0 0 1 0 0 1 0 0 1 0 0 1 0 0 0 0 -1 0 0 -1 0 0 -1 0 0 -1 1 0 0 1 0 0 0.89 0 -0.45 0.45 0 -0.89 0 0 -1 0 0 -1 0 0 -1 0 0 -1 1 0 0 1 0 0 1 0 0 1 0 0 0 0 -1 0 0 -1 0 0 -1 0 0 -1 1 0 0 1 0 0 0.89 0 -0.45 0.45 0 -0.89 0 0 -1 0 0 -1 0 0 -1 0 0 -1 1 0 0 1 0 0 1 0 0 1 0 0 0 0 -1 0 0 -1 0 0 -1 0 0 -1 0 0 -1 0 0 -1 0 0 -1 0 0 -1 0.89 0 -0.45 1 0 0 0.45 0 -0.89 0.45 0 -0.89 0.89 0 -0.45 0.89 0 -0.45 0.45 0 -0.89 -0.45 0 -0.89 -0.89 0 -0.45 -1 0 0 -1 0 0 1 0 0 0.71 0 -0.71 0.71 0 -0.71 0.71 0 -0.71 0.71 0 -0.71 0.71 0 0.71 0 0 1 0.89 0 -0.45 0.55 0 -0.83 0.32 0 -0.95 -0.32 0 -0.95 -0.55 0 -0.83 -0.71 0 -0.71 -0.71 0 -0.71 0 0 1 0.45 0 -0.89 0.89 0 -0.45 0 0 -1 0 0 -1 1 0 0 1 0 0 0 0 -1 0 0 -1 0 0 -1 0 0 -1 0.89 0 -0.45 1 0 0 0.45 0 -0.89 0 0 -1 0 0 -1 -0.45 0 -0.89 -0.89 0 -0.45 -1 0 0 -1 0 0 1 0 0 0 0 -1 0 0 -1 0 0 -1 0 0 -1 0 0 -1 0 0 -1 0 0 -1 0 0 -1 0.89 0 -0.45 1 0 0 0.45 0 -0.89 1 0 0 0 0 -1 0 0 -1 -0.45 0 -0.89 -0.89 0 -0.45 -1 0 0 -1 0 0 1 0 0 1 0 0 1 0 0 1 0 0 0 0 -1 0 0 -1 0 0 -1 0 0 -1 0 0 -1 -1 0 0 -1 0 0 -1 0 0 -1 0 0 1 0 0 1 0 0 0.89 0 -0.45 0.45 0 -0.89 0 0 -1 0 0 -1 -0.45 0 -0.89 -0.89 0 -0.45 -1 0 0 -1 0 0 1 0 0 1 0 0 1 0 0 1 0 0 0 0 -1 0 0 -1 0 0 -1 0 0 -1 -1 0 0 -1 0 0 -1 0 0 -1 0 0 0.89 0 -0.45 1 0 0 0.45 0 -0.89 0 0 -1 0 0 -1 -0.45 0 -0.89 -0.89 0 -0.45 -1 0 0 -1 0 0 1 0 0 0 0 -1 0 0 -1 0 0 -1 0 0 -1 0 0 -1 0 0 -1 0 0 -1 0 0 -1 0.71 0 -0.71 0.71 0 -0.71 0.55 0 -0.83 0.32 0 -0.95 -0.45 0 -0.89 -0.89 0 -0.45 -1 0 0 -1 0 0 -1 0 0 -1 0 0 0 0 -1 0 0 -1 0 0 -1 0 0 -1 0.55 0 -0.83 0.71 0 -0.71 0.32 0 -0.95 -0.45 0 -0.89 -0.89 0 -0.45 -0.89 0 -0.45 -0.45 0 -0.89 -0.45 0 -0.89 -0.89 0 -0.45 -1 0 0 -1 0 0 0.71 0 -0.71 0 0 -1 0 0 -1 0 0 -1 0 0 -1 -1 0 0 -1 0 0 -1 0 0 -1 0 0 0 0 -1 0 0 -1 0 0 -1 0 0 -1 -0.45 0 -0.89 -0.89 0 -0.45 -1 0 0 -1 0 0 0 0 -1 0 0 -1 0 0 -1 0 0 -1 0 0 -1 0 0 -1 0 0 -1 0 0 -1 -1 0 0 -1 0 0 -1 0 0 -1 0 0 0 0 -1 0 0 -1 0 0 -1 0 0 -1 -0.45 0 -0.89 -0.89 0 -0.45 -0.89 0 0.45 -0.45 0 0.89 0 0 1 0 0 1 0 0 -1 0 0 -1 0 0 -1 0 0 -1 0 0 -1 0 0 -1 0 0 -1 0 0 -1 -1 0 0 -1 0 0 -1 0 0 -1 0 0 0.45 0 -0.89 0 0 -1 0.89 0 -0.45 0.71 0 -0.71 -0.45 0 -0.89 -0.83 0 -0.55 -0.95 0 -0.32 -1 0 0 -1 0 0 0 0 -1 -0.45 -0.03 -0.89 -0.71 -0.03 -0.71 0 0 -1 -0.89 -0.03 -0.45 -1 0 0 0 0 -1 0 0 -1 0 0 -1 -0.45 0 -0.89 -0.89 0 -0.45 -1 0 0 -1 0 0 -1 0 0 -1 0 0 0 0 -1 0 0 -1 0 0 -1 0 0 -1 0 0 -1 -1 0 0 -1 0 0 -1 0 0 -1 0 0 0 0 -1 0 0 -1 -0.32 0 -0.95 -0.55 0 -0.83 -0.83 0 -0.55 -0.95 0 -0.32 -0.89 0 0.45 -0.45 0 0.89 0 0 1 0 0 1 0 0 -1 0 0 -1 0 0 -1 0 0 -1 -1 0 0 -1 0 0 -1 0 0 -1 0 0 0 0 -1 0 0 -1 -0.45 0 -0.89 -0.89 0 -0.45 -1 0 0 -1 0 0 -1 0 0 -1 0 0 0 0 -1 0 0 -1 0 0 -1 0 0 -1 -1 0 0 -1 0 0 -1 0 0 -1 0 0 0 0 -1 0 0 -1 -0.45 0 -0.89 -0.89 0 -0.45 -1 0 0 -1 0 0 -1 0 0 -1 0 0 0 0 -1 0 0 -1 0 0 -1 0 0 -1 -1 0 0 -1 0 0 -1 0 0 -1 0 0 -1 0 0 -1 0 0 -1 0 0 -1 0 0 -0.45 0 -0.89 0 0 -1 -0.89 0 -0.45 -0.89 0 -0.45 -0.45 0 -0.89 -0.45 0 -0.89 -0.89 0 -0.45 -0.89 0 0.45 -0.45 0 0.89 0 0 1 0 0 1 0 0 -1 -0.89 0.03 -0.45 -0.71 0.03 -0.71 -1 0 0 -0.45 0.03 -0.89 0 0 -1 0.71 0 -0.71 1 0 0 -0.45 0 -0.89 -0.83 0 -0.55 -0.95 0 -0.32 -0.95 0 0.32 -0.83 0 0.55 -0.71 0 0.71 -0.71 0 0.71 1 0 0 -0.89 0 -0.45 -0.45 0 -0.89 -1 0 0 -1 0 0 0 0 -1 0 0 -1 -1 0 0 -1 0 0 -1 0 0 -1 0 0 -0.45 0 -0.89 0 0 -1 -0.89 0 -0.45 -1 0 0 -1 0 0 -0.89 0 0.45 -0.45 0 0.89 0 0 1 0 0 1 0 0 -1 -1 0 0 -1 0 0 -1 0 0 -1 0 0 -1 0 0 -1 0 0 -1 0 0 -1 0 0 0 0 -1 0 0 -1 -0.45 0 -0.89 -0.89 0 -0.45 -1 0 0 -1 0 0 -0.89 0 0.45 -0.45 0 0.89 0 0 1 0 0 1 0 0 -1 0 0 -1 0 0 -1 0 0 -1 -1 0 0 -1 0 0 -1 0 0 -1 0 0 -1 0 0 0 0 1 0 0 1 0 0 1 0 0 1 0 0 -1 0 0 -1 -0.45 0 -0.89 -0.89 0 -0.45 -1 0 0 -1 0 0 -0.89 0 0.45 -0.45 0 0.89 0 0 1 0 0 1 0 0 -1 0 0 -1 0 0 -1 0 0 -1 -1 0 0 -1 0 0 -1 0 0 -1 0 0 -1 0 0 0 0 1 0 0 1 0 0 1 0 0 1 -0.45 0 -0.89 0 0 -1 -0.89 0 -0.45 -1 0 0 -1 0 0 -0.89 0 0.45 -0.45 0 0.89 0 0 1 0 0 1 0 0 -1 -1 0 0 -1 0 0 -1 0 0 -1 0 0 -1 0 0 -1 0 0 -1 0 0 -1 0 0 -0.71 0 -0.71 -0.71 0 -0.71 -0.83 0 -0.55 -0.95 0 -0.32 -0.89 0 0.45 -0.45 0 0.89 0 0 1 0 0 1 0 0 1 0 0 1 -1 0 0 -1 0 0 -1 0 0 -1 0 0 -0.83 0 -0.55 -0.71 0 -0.71 -0.95 0 -0.32 -0.89 0 0.45 -0.45 0 0.89 -0.45 0 0.89 -0.89 0 0.45 -0.89 0 0.45 -0.45 0 0.89 0 0 1 0 0 1 -0.71 0 -0.71 -1 0 0 -1 0 0 -1 0 0 -1 0 0 0 0 1 0 0 1 0 0 1 0 0 1 -1 0 0 -1 0 0 -1 0 0 -1 0 0 -0.89 0 0.45 -0.45 0 0.89 0 0 1 0 0 1 -1 0 0 -1 0 0 -1 0 0 -1 0 0 -1 0 0 -1 0 0 -1 0 0 -1 0 0 0 0 1 0 0 1 0 0 1 0 0 1 -1 0 0 -1 0 0 -1 0 0 -1 0 0 -0.89 0 0.45 -0.45 0 0.89 0.45 0 0.89 0.89 0 0.45 1 0 0 1 0 0 -1 0 0 -1 0 0 -1 0 0 -1 0 0 -1 0 0 -1 0 0 -1 0 0 -1 0 0 0 0 1 0 0 1 0 0 1 0 0 1 -0.89 0 -0.45 -1 0 0 -0.45 0 -0.89 -0.71 0 -0.71 -0.89 0 0.45 -0.55 0 0.83 -0.32 0 0.95 0 0 1 0 0 1 -1 0 0 -0.71 0 0.71 -0.71 0 0.71 -0.71 0 0.71 -0.71 0 0.71 -1 0 0 -1 0 0 -1 0 0 -0.89 0 0.45 -0.45 0 0.89 0 0 1 0 0 1 0 0 1 0 0 1 -1 0 0 -1 0 0 -1 0 0 -1 0 0 -1 0 0 0 0 1 0 0 1 0 0 1 0 0 1 -1 0 0 -1 0 0 -0.95 0 0.32 -0.83 0 0.55 -0.55 0 0.83 -0.32 0 0.95 0.45 0 0.89 0.89 0 0.45 1 0 0 1 0 0 -1 0 0 -1 0 0 -1 0 0 -1 0 0 0 0 1 0 0 1 0 0 1 0 0 1 -1 0 0 -1 0 0 -0.89 0 0.45 -0.45 0 0.89 0 0 1 0 0 1 0 0 1 0 0 1 -1 0 0 -1 0 0 -1 0 0 -1 0 0 0 0 1 0 0 1 0 0 1 0 0 1 -1 0 0 -1 0 0 -0.89 0 0.45 -0.45 0 0.89 0 0 1 0 0 1 0 0 1 0 0 1 -1 0 0 -1 0 0 -1 0 0 -1 0 0 0 0 1 0 0 1 0 0 1 0 0 1 0 0 1 0 0 1 0 0 1 0 0 1 -0.89 0 0.45 -1 0 0 -0.45 0 0.89 -0.45 0 0.89 -0.89 0 0.45 -0.89 0 0.45 -0.45 0 0.89 0.45 0 0.89 0.89 0 0.45 1 0 0 1 0 0 -1 0 0 -0.71 0 0.71 -0.71 0 0.71 -0.71 0 0.71 -0.71 0 0.71 -0.71 0 -0.71 0 0 -1 -0.89 0 0.45 -0.55 0 0.83 -0.32 0 0.95 0.32 0 0.95 0.55 0 0.83 0.71 0 0.71 0.71 0 0.71 0 0 -1 -0.45 0 0.89 -0.89 0 0.45 0 0 1 0 0 1 -1 0 0 -1 0 0 0 0 1 0 0 1 0 0 1 0 0 1 -0.89 0 0.45 -1 0 0 -0.45 0 0.89 0 0 1 0 0 1 0.45 0 0.89 0.89 0 0.45 1 0 0 1 0 0 -1 0 0 0 0 1 0 0 1 0 0 1 0 0 1 0 0 1 0 0 1 0 0 1 0 0 1 -1 0 0 -1 0 0 -0.89 0 0.45 -0.45 0 0.89 0 0 1 0 0 1 0.45 0 0.89 0.89 0 0.45 1 0 0 1 0 0 0 -1 0 0 -1 0 0 -1 0 0 -1 0 0 -1 0 0 -1 0 0 -1 0 0 -1 0 0 -1 0 0 -1 0 0 -1 0 0 -1 0 0 -1 0 0 -1 0 0 -1 0 0 -1 0 0 -1 0 0 -1 0 0 -1 0 0 0 1 0 -1 0 0 -1 0 0 -1 0 0 -1 0 0 -1 0 0 -1 0 0 -1 0 0 1 0 0 -1 0 0 -1 0 0 -1 0 0 1 0 0 -1 0 0 -1 0 0 -1 0 0 -1 0 0 0 1 0 -1 0 0 -1 0 0 -1 0 0 -1 0 0 -1 0 0 -1 0 0 -1 0 0 -1 0 0 -1 0 0 -1 0 0 -1 0 0 -1 0 0 -1 0 0 -1 0 0 -1 0 0 -1 0 0 -1 0 0 -1 0 0 -1 0 0 -1 0 0 -1 0 0 -1 0 0 -1 0 0 -1 0 0 1 0 0 -1 0 0 -1 0 0 -1 0 0 -1 0 0 -1 0 0 -1 0 0 -1 0 0 -1 0 0 -1 0 0 -1 0 0 -1 0 0 -1 0 0 -1 0 0 -1 0 0 -1 0 0 -1 0 0 1 0 0 0 1 0 -1 0 0 -1 0 0 -1 0 0 0 1 0 -1 0 0 -1 0 0 -1 0 0 -1 0 0 -1 0 0 -1 0 0 -1 0 0 -1 0 0 1 0 0 -1 0 0 1 0 0 -1 0 0 -1 0 0 -1 0 0 -1 0 0 -1 0 0 -1 0 0 -1 0 0 -1 0 0 -1 0 0 -1 0 0 0 1 0 -1 0 0 0 1 0 -1 0 0 -1 0 0 -1 0 0 -1 0 0 -1 0 0 -1 0 0 -1 0 0 -1 0 0 -1 0 0 -1 0 0 1 0 0 -1 0 0 -1 0 0 -1 0 0 -1 0 0 -1 0 0 -1 0 0 -1 0 0 -1 0 0 -1 0 0 -1 0 0 -1 0 0 -1 0 0 -1 0 0 -1 0 0 0 1 0 -1 0 0 -1 0 0 -1 0 0 -1 0 0 -1 0 0 -1 0 0 -1 0 0 -1 0 0 -1 0 0 -1 0 0 -1 0 0 -1 0 0 -1 0 0 -1 0 0 -1 0 0 1 0 0 -1 0 0 -1 0 0 -1 0 0 -1 0 0 -1 0 0 -1 0 0 -1 0 0 -1 0 0 -1 0 0 -1 0 0 -1 0 0 -1 0 0 -1 0 0 -1 0 0 -1 0 0 -1 0 0 1 0 0 -1 0 0 -1 0 0 -1 0 0 -1 0 0 -1 0 0 -1 0 0 -1 0 0 0 1 0 -1 0 0 -1 0 0 1 0 0 -1 0 0 -1 0 0 -1 0 0 -1 0 0 -1 0 0 0 1 0 -1 0 0 -1 0 0 -1 0 0 -1 0 0 -1 0 0 -1 0 0 -1 0 0 -1 0 0 1 0 0 -1 0 0 -1 0 0 -1 0 0 -1 0 0 -1 0 0 -1 0 0 -1 0 0 -1 0 0 -1 0 0 -1 0 0 0 1 0 -1 0 0 -1 0 0 -1 0 0 -1 0 0 1 0 0 -1 0 0 -1 0 0 1 0 0 -1 0 0 0 1 0 -1 0 0 -1 0 0 -1 0 0 -1 0 0 1 0 0 -1 0 0 0 1 0 -1 0 0 -1 0 0 -1 0 0 -1 0 0 -1 0 0 -1 0 0 -1 0 0 -1 0 0 -1 0 0 -1 0 0 -1 0 0 -1 0 0 -1 0 0 -1 0 0 -1 0 0 -1 0 0 -1 0 0 -1 0 0 -1 0 0 -1 0 0 -1 0 0 -1 0 0 -1 0 0 1 0 0 -1 0 0 -1 0 0 -1 0 0 -1 0 0 -1 0 0 -1 0 0 -1 0 0 -1 0 0 -1 0 0 -1 0 0 -1 0 0 -1 0 0 -1 0 0 1 0 0 -1 0 0 -1 0 0 -1 0 0 -1 0 0 -1 0 0 -1 0 0 -1 0 0 -1 0 0 -1 0 0 0 1 0 0 1 0 -1 0 0 -1 0 0 -1 0 0 -1 0 0 -1 0 0 -1 0 0 -1 0 0 -1 0 0 -1 0 0 -1 0 0 -1 0 0 -1 0 0 -1 0 0 -1 0 0 -1 0 0 -1 0 0 -1 0 0 -1 0 0 -1 0 0 -1 0 0 -1 0 0 -1 0 0 -1 0 0 -1 0 0 -1 0 0 -1 0 0 -1 0 0 0 1 0 0 1 0 -1 0 0 -1 0 0 -1 0 0 -1 0 0 -1 0 0 -1 0 0 0 1 0 -1 0 0 -1 0 0 -1 0 0 -1 0 0 -1 0 0 -1 0 0 -1 0 0 -1 0 0 -1 0 0 -1 0 0 -1 0 0 -1 0 0 -1 0 0 -1 0 0 -1 0 0 -1 0 0 -1 0 0 -1 0 0 -1 0 0 -1 0 0 -1 0 0 -1 0 0 -1 0 0 -1 0 0 -1 0 0 -1 0 0 -1 0 0 -1 0 0 -1 0 0 -1 0 0 -1 0 0 -1 0 0 -1 0 0 -1 0 0 -1 0 0 1 0 0 -1 0 0 -1 0 0 -1 0 0 -1 0 0 -1 0 0 -1 0 0 -1 0 0 1 0 0 -1 0 0 -1 0 0 -1 0 0 -1 0 0 -1 0 0 -1 0 0 -1 0 0 -1 0 0 -1 0 0 -1 0 0 -1 0 0 0 1 0 -1 0 0 -1 0 0 -1 0 0 -1 0 0 -1 0 0 -1 0 0 -1 0 0 0 1 0 -1 0 0 0 1 0 -1 0 0 -1 0 0 1 0 0 1 0 0 1 0 0 1 0 0 1 0 0 1 0 0 1 0 0 1 0 0 1 0 0 1 0 0 1 0 0 1 0 0 1 0 0 1 0 0 1 0 0 1 0 0 1 0 0 1 0 0 1 0 0 1 0 0 1 0 0 1 0 0 1 0 0 1 0 0 1 0 0 1 0 0 1 0 0 1 0 -0.04 0 -1 -0.28 0 -0.96 -0.37 0 -0.93 0.04 0 -1 0.24 0 -0.97 0.31 0 -0.95 -0.55 0 -0.84 -0.67 0 -0.75 -0.84 0 -0.54 -0.91 0 -0.42 -0.99 0 -0.16 -1 0 -0.02 -0.96 0 0.27 -0.92 0 0.4 -0.77 0 0.63 -0.67 0 0.75 -0.43 0 0.9 -0.31 0 0.95 0.49 0 -0.87 0.82 0 -0.57 0.62 0 -0.78 0.98 0 -0.2 0.89 0 -0.46 0.97 0 0.25 1 0 -0.04 0.81 0 0.59 0.93 0 0.36 0.5 0 0.87 0.72 0 0.7 0.1 0 0.99 0.37 0 0.93 -0.04 0 1 -1 0 0 -0.95 0.32 0 -0.95 0.32 0.06 -0.32 0.95 0 0 1 0 -0.55 0.83 0 0 1 0 0.83 0.55 0 0.55 0.83 0 0.32 0.95 0 1 0 -0.1 0.95 0.32 -0.06 0.95 0.32 0 0.71 -0.71 0 0.83 -0.55 -0.06 0.71 -0.71 0 0.71 -0.71 0 0.55 -0.83 0 -0.45 -0.89 0 -0.45 -0.89 0 0.32 -0.95 0 -0.83 -0.55 0 -0.71 -0.71 0 -0.71 -0.71 0 -1 0 0.1 -0.83 -0.55 0.06 -0.98 0 0.2 0.98 0 -0.2 0.95 0.32 0 0 1 0 0 1 0 -0.83 0.55 0 0 -1 0 0 -1 0 0 -1 0 0 -1 0 0 -1 0 0 -1 0 0 -1 0 0 -1 0 0 -1 0 0 -1 0 0 -1 0 0 -1 0 0 -1 0 0 -1 0 0 -1 0 0 -1 0 0 -1 0 0 -1 0 0 -1 0 0 -1 0 0 -1 0 0 -1 0 0 -1 0 0 -1 0 0 -1 0 0 -1 0 0 -1 0 0 -1 0 0 -1 0 0 -1 0 0 1 0 0 1 0 0 1 0 0 1 0 0 1 0 0 1 0 0 1 0 0 1 0 0 1 0 0 1 0 0 1 0 0 1 0 0 1 0 0 0 1 0 1 0 0 1 0 0 1 0 0 1 0 0 1 0 0 -1 0 0 1 0 0 -1 0 0 -1 0 0 1 0 0 1 0 0 0 1 0 1 0 0 1 0 0 1 0 0 1 0 0 1 0 0 1 0 0 1 0 0 1 0 0 1 0 0 1 0 0 1 0 0 1 0 0 1 0 0 1 0 0 1 0 0 1 0 0 1 0 0 1 0 0 1 0 0 0 1 0 1 0 0 1 0 0 1 0 0 1 0 0 1 0 0 1 0 0 1 0 0 1 0 0 1 0 0 1 0 0 1 0 0 1 0 0 1 0 0 1 0 0 1 0 0 1 0 0 1 0 0 1 0 0 1 0 0 1 0 0 1 0 0 1 0 0 1 0 0 1 0 0 1 0 0 0 1 0 1 0 0 1 0 0 1 0 0 1 0 0 1 0 0 1 0 0 1 0 0 1 0 0 1 0 0 1 0 0 1 0 0 1 0 0 1 0 0 1 0 0 1 0 0 1 0 0 1 0 0 1 0 0 1 0 0 1 0 0 1 0 0 1 0 0 1 0 0 1 0 0 1 0 0 1 0 0 1 0 0 1 0 0 1 0 0 1 0 0 1 0 0 1 0 0 1 0 0 1 0 0 1 0 0 1 0 0 1 0 0 1 0 0 1 0 0 1 0 0 1 0 0 1 0 0 1 0 0 1 0 0 1 0 0 1 0 0 1 0 0 1 0 0 1 0 0 0 1 0 1 0 0 1 0 0 1 0 0 1 0 0 1 0 0 1 0 0 1 0 0 1 0 0 1 0 0 1 0 0 1 0 0 1 0 0 0 1 0 1 0 0 1 0 0 1 0 0 1 0 0 1 0 0 1 0 0 -1 0 0 1 0 0 1 0 0 1 0 0 1 0 0 1 0 0 0 1 0 1 0 0 1 0 0 1 0 0 1 0 0 1 0 0 1 0 0 1 0 0 1 0 0 1 0 0 1 0 0 0 1 0 1 0 0 1 0 0 1 0 0 1 0 0 1 0 0 0 1 0 1 0 0 1 0 0 1 0 0 1 0 0 1 0 0 1 0 0 1 0 0 1 0 0 1 0 0 1 0 0 0 1 0 1 0 0 -1 0 0 1 0 0 1 0 0 1 0 0 1 0 0 1 0 0 1 0 0 1 0 0 1 0 0 1 0 0 0 1 0 1 0 0 1 0 0 1 0 0 1 0 0 1 0 0 1 0 0 1 0 0 1 0 0 1 0 0 1 0 0 1 0 0 1 0 0 1 0 0 1 0 0 1 0 0 1 0 0 1 0 0 1 0 0 1 0 0 1 0 0 1 0 0 1 0 0 1 0 0 1 0 0 1 0 0 1 0 0 1 0 0 1 0 0 1 0 0 1 0 0 1 0 0 1 0 0 1 0 0 1 0 0 1 0 0 1 0 0 1 0 0 1 0 0 1 0 0 1 0 0 1 0 0 1 0 0 1 0 0 1 0 0 1 0 0 1 0 0 1 0 0 -1 0 0 1 0 0 1 0 0 1 0 0 1 0 0 1 0 0 1 0 0 1 0 0 1 0 0 1 0 0 1 0 0 1 0 0 -1 0 0 1 0 0 1 0 0 1 0 0 1 0 0 1 0 0 1 0 0 1 0 0 1 0 0 1 0 0 1 0 0 1 0 0 -1 0 0 0 1 0 1 0 0 0 1 0 1 0 0 1 0 0 1 0 0 1 0 0 1 0 0 1 0 0 1 0 0 1 0 0 1 0 0 1 0 0 1 0 0 1 0 0 1 0 0 1 0 0 1 0 0 1 0 0 1 0 0 1 0 0 1 0 0 1 0 0 1 0 0 1 0 0 1 0 0 1 0 0 1 0 0 1 0 0 -1 0 0 1 0 0 0 1 0 1 0 0 1 0 0 1 0 0 -1 0 0 1 0 0 1 0 0 1 0 0 0 1 0 1 0 0 1 0 0 1 0 0 1 0 0 1 0 0 1 0 0 -1 0 0 1 0 0 1 0 0 1 0 0 1 0 0 -1 0 0 1 0 0 1 0 0 1 0 0 1 0 0 1 0 0 1 0 0 1 0 0 1 0 0 1 0 0 1 0 0 1 0 0 1 0 0 1 0 0 1 0 0 1 0 0 1 0 0 1 0 0 1 0 0 1 0 0 1 0 0 1 0 0 1 0 0 1 0 0 1 0 0 1 0 0 1 0 0 1 0 0 1 0 0 1 0 0 1 0 0 1 0 0 1 0 0 1 0 0 1 0 0 0 1 0 0 1 0 1 0 0 1 0 0 0 1 0 0 1 0 1 0 0 1 0 0 1 0 0 1 0 0 1 0 0 1 0 0 1 0 0 -1 0 0 1 0 0 1 0 0 1 0 0 1 0 0 1 0 0 1 0 0 1 0 0 1 0 0 1 0 0 1 0 0 0 1 0 1 0 -0.1 0 -0.99 -0.37 0 -0.93 -0.5 0 -0.87 -0.72 0 -0.7 -0.81 0 -0.59 -0.93 0 -0.36 -0.97 0 -0.25 -1 0 0.04 -0.98 0 0.2 -0.89 0 0.46 -0.82 0 0.57 -0.62 0 0.78 -0.49 0 0.87 -0.31 0 0.95 -0.24 0 0.97 0.28 0 0.96 0.04 0 1 -0.04 0 1 0.37 0 0.93 0.55 0 0.84 0.67 0 0.75 0.84 0 0.54 0.91 0 0.42 0.99 0 0.16 1 0 0.02 0.96 0 -0.27 0.92 0 -0.4 0.77 0 -0.63 0.67 0 -0.75 0.43 0 -0.9 0.31 0 -0.95 0.04 0 -1 0 0.71 0.71 0.05 0 1 0.2 0 0.98 0 0.71 0.71 0 0.55 0.83 0 0.71 0.71 0 0.89 0.45 0 0.89 0.45 0 0.95 -0.32 0 0.83 -0.55 0 0.71 -0.71 0 0.71 -0.71 0 0.32 0.95 0 0.55 -0.83 -0.1 0 -1 -0.09 0.45 -0.89 0 0.45 -0.89 0 -0.32 -0.95 0 -0.32 -0.95 -0.06 -0.32 -0.95 0 -0.55 -0.83 0 -0.83 -0.55 0 -0.95 -0.32 0 -1 0 0 -1 0 0 -1 0 0 -1 0 0 -0.55 0.83 0 -0.83 0.55 0 -0.95 0.32 0.06 -0.32 0.95 0 0 1 0 -0.32 0.95 0 0.32 -0.95 -0.02 0.89 0.45 -0.07 0.89 0.45 -0.15 0.82 0.55 -0.3 0.85 0.44 -0.2 0.85 0.49 -0.19 0.94 0.28 -0.5 0.81 0.3 -0.35 0.87 0.34 -0.35 0.91 0.21 -0.6 0.8 0.07 -0.52 0.83 0.2 -0.45 0.89 0.06 -0.57 0.8 -0.19 -0.55 0.83 -0.07 -0.44 0.88 -0.15 -0.49 0.77 -0.41 -0.53 0.8 -0.27 -0.44 0.82 -0.37 -0.25 0.82 -0.51 -0.33 0.82 -0.46 -0.18 0.91 -0.37 -0.01 0.83 -0.55 -0.14 0.84 -0.53 0 0.89 -0.45 0.19 0.87 -0.46 0.09 0.86 -0.49 0.19 0.88 -0.44 0.34 0.88 -0.33 0.26 0.88 -0.39 0.3 0.9 -0.3 0.52 0.83 -0.19 0.44 0.86 -0.27 0.44 0.88 -0.18 0.55 0.83 0.06 0.55 0.83 -0.07 0.45 0.89 0.06 0.5 0.82 0.27 0.47 0.87 0.15 0.37 0.91 0.18 0.33 0.83 0.44 0.44 0.82 0.37 0.23 0.91 0.34 0.15 0.87 0.46 0.21 0.87 0.44 0.12 0.89 0.44 0.02 0.89 0.45 -0.33 -0.83 -0.44 -0.21 -0.87 -0.44 -0.23 -0.91 -0.34 -0.5 -0.82 -0.27 -0.44 -0.82 -0.37 -0.37 -0.91 -0.18 -0.17 -0.87 -0.47 -0.55 -0.83 -0.06 -0.47 -0.87 -0.15 -0.45 -0.89 -0.06 -0.52 -0.83 0.19 -0.55 -0.83 0.07 -0.44 -0.88 0.18 -0.34 -0.88 0.33 -0.44 -0.86 0.27 -0.3 -0.9 0.3 -0.19 -0.87 0.46 -0.26 -0.88 0.39 -0.19 -0.88 0.44 0.01 -0.83 0.55 -0.09 -0.86 0.49 0 -0.89 0.45 0.25 -0.82 0.51 0.14 -0.84 0.53 0.18 -0.91 0.37 0.13 -0.84 -0.53 0.02 -0.89 -0.45 -0.02 -0.89 -0.45 0.08 -0.89 -0.45 0.3 -0.85 -0.44 0.2 -0.85 -0.49 0.19 -0.94 -0.28 0.35 -0.87 -0.34 0.5 -0.81 -0.3 0.35 -0.91 -0.21 0.52 -0.83 -0.2 0.6 -0.8 -0.07 0.45 -0.89 -0.06 0.57 -0.8 0.19 0.55 -0.83 0.07 0.44 -0.88 0.15 0.49 -0.77 0.41 0.53 -0.8 0.27 0.44 -0.82 0.37 0.33 -0.82 0.46 -0.1 -0.89 -0.45 0 1 0 0 1 0 0 1 0 0 1 0 0 1 0 0 1 0 0 1 0 0 1 0 0 1 0 0 1 0 0 1 0 0 1 0 0 1 0 0 1 0 0 1 0 0 1 0 0 1 0 0 1 0 0 1 0 0 1 0 0 1 0 0 1 0 0 1 0 0 1 0 0 1 0 0 1 0 0 1 0 0 1 0 0 1 0 0.56 0.83 -0.03 0.55 0.83 -0.04 0.71 0.71 0 0.71 0.71 0 0.71 0.71 0 0.71 0.71 0 0.71 0.71 0 0.71 0.71 0 0.71 0.71 0 0.71 0.71 0 0.54 0.83 -0.17 0.72 0.67 -0.16 0.52 0.83 -0.21 0.37 0.91 -0.18 0.53 0.8 -0.27 0.69 0.69 -0.2 0.71 0.71 0 0.64 0.75 -0.15 0.67 0.73 -0.13 0.74 0.64 -0.21 0.7 0.7 -0.16 0.7 0.7 -0.14 0.65 0.76 0.07 0.73 0.64 0.23 0.64 0.74 0.21 0.63 0.67 0.39 0.75 0.59 0.32 0.16 0.97 -0.16 0.73 0.58 0.36 0.78 0.54 0.31 0.55 0.82 0.14 0.63 0.71 0.32 0.64 0.68 0.36 0.45 0.89 0 0.61 0.69 0.38 0.58 0.76 0.27 0.82 -0.41 0.41 0.5 0.84 0.2 0.57 0.81 0.16 0.67 0.73 0.13 0.71 0.71 0 0.71 0.71 0 0.84 0.48 0.24 0.74 0.64 0.21 0.71 0.71 0 0.43 0.86 0.26 0.77 0.55 0.33 0.65 0.75 0.15 0.53 0.83 0.15 0.71 0 0.71 0.33 0.67 0.67 0.54 0.64 0.54 0.37 0.72 0.59 0.41 0.82 0.41 0.43 0.64 0.64 0.57 0.64 0.51 0.5 0.65 0.57 0.21 0.9 -0.37 0.3 0.84 -0.46 0.43 0.64 0.64 0.43 0.64 0.64 0.44 0.87 0.22 0.62 0.62 0.47 0.29 0.91 0.29 0.36 0.86 0.36 0.46 0.81 0.35 0.6 0.75 0.3 0.53 0.8 0.27 0.66 0.53 0.53 0.62 0.49 0.62 0.58 0.58 0.58 0.35 0.81 0.46 0.6 0.36 0.72 0.53 0.69 0.48 0 -1 0 0.76 -0.13 0.64 0.41 0.41 0.82 0.49 0.49 0.73 0.19 0.79 0.58 0.04 0.74 0.67 0.17 0.85 0.51 0.33 0.67 0.67 0 0.71 0.71 -0.46 0.57 0.68 0.05 0.68 0.73 0 0.71 0.71 0.57 0.73 -0.37 0.58 0.7 -0.41 0.62 0.62 -0.47 0.24 0.75 0.61 0.25 0.74 0.62 0.27 0.68 0.68 0.49 0.81 0.32 0.41 0.82 0.41 0.42 0.71 0.57 0.3 0.75 0.6 0 0 1 0.21 0.64 0.74 0.27 0.76 0.58 0 0.71 0.71 0.12 0.81 0.58 0.33 0.67 0.67 0.4 0.7 0.6 0.45 0.85 -0.26 0.57 0.79 -0.23 0.22 0.67 -0.7 0.45 0 -0.89 0.36 0.68 -0.64 0.27 0.76 -0.58 0.31 0.71 -0.63 0.38 0.69 -0.61 0.31 0.54 -0.78 0.39 0.71 -0.58 0.41 0.82 -0.41 0.43 0.6 -0.68 0.25 0.91 -0.33 0.33 0.67 -0.67 0.33 0.67 -0.67 0.39 0.69 -0.61 0.43 0.81 -0.39 0.27 0.8 -0.53 0.5 0.76 -0.42 0.71 0 0.71 0.49 0.73 -0.49 -0.41 0.41 -0.82 0.41 0.75 -0.51 0.41 0.82 -0.41 -0.23 0.69 -0.69 -0.07 0.78 -0.63 0.04 0.71 -0.71 0.05 0.75 -0.65 0 0.71 -0.71 0 0.71 -0.71 0.04 0.82 -0.57 0 0.71 -0.71 0 0.71 -0.71 0.12 0.7 -0.7 0 0.71 -0.71 0 0.71 -0.71 0 0.71 -0.71 0 0.71 -0.71 0.08 0.76 -0.64 0 0.71 -0.71 0 0.71 -0.71 0.71 0.71 0 0.52 0.76 -0.38 0.54 0.72 -0.45 0.49 0.73 -0.49 0.58 0.58 -0.58 0.49 0.82 -0.29 0.41 0.82 -0.41 0.62 0.69 -0.37 0.69 0.69 -0.23 0 0.71 -0.71 0.46 0.57 -0.68 0 0.71 -0.71 0.26 0.65 -0.71 0.05 0.68 -0.73 0 1 0 -0.32 0.71 -0.63 -0.27 0.72 -0.64 -0.35 0.74 -0.57 -0.3 0.65 -0.7 -0.33 0.71 -0.62 -0.28 0.77 -0.57 -0.16 0.66 -0.74 -0.34 0.74 -0.57 -0.23 0.79 -0.57 -0.36 0.6 -0.72 -0.44 0.87 -0.22 -0.48 0.84 -0.24 -0.41 0.82 -0.41 0.57 0.71 -0.42 0.41 0.82 -0.41 0.32 0.81 -0.49 1 0 0 0.82 0.41 -0.41 0.33 0.67 -0.67 0.56 0.74 -0.37 0.18 0.65 -0.74 0.58 0.58 -0.58 0.33 0.67 -0.67 -0.22 0.87 -0.44 -0.07 0.81 -0.59 -0.21 0.64 -0.74 -0.17 0.67 -0.72 -0.09 0.79 -0.61 -0.11 0.44 -0.89 -0.15 0.66 -0.74 -0.06 0.71 -0.71 -0.31 0.72 -0.62 -0.27 0.8 -0.53 -0.35 0.81 -0.46 0 0 -1 -0.64 0.7 -0.32 -0.54 0.73 -0.42 -0.6 0.73 -0.34 -0.61 0.69 -0.38 -0.7 0.55 -0.45 -0.58 0.58 -0.58 -0.68 0.6 -0.43 -0.62 0.62 -0.47 -0.67 0.67 -0.33 -0.67 0.67 -0.33 -0.18 0.91 -0.37 -0.43 0.79 -0.43 -0.47 0.74 -0.47 -0.42 0.77 -0.48 -0.43 0.74 -0.52 -0.38 0.77 -0.51 -0.48 0.66 -0.58 -0.47 0.62 -0.62 -0.4 0.74 -0.54 -0.49 0.78 -0.39 -0.58 0.58 -0.58 -0.44 0.87 -0.22 -0.44 0.88 -0.15 -0.41 0.82 -0.41 -0.33 0.67 -0.67 -0.71 0.71 0 -0.71 0.71 0 -0.64 0.76 -0.06 -0.71 0.71 0 -0.43 0.86 -0.29 -0.69 0.69 -0.23 -0.71 0.71 0 -0.3 0.9 -0.3 -0.5 0.85 -0.14 -0.36 0.92 -0.16 -1 0 0 -0.62 0.74 -0.25 -0.72 0.62 -0.31 -0.67 0.67 -0.31 -0.65 0.71 -0.27 -0.77 0.55 -0.33 -0.62 0.74 -0.25 -0.65 0.74 -0.18 -0.45 0.89 0 -0.55 0.83 -0.09 -0.45 0.89 0 0.41 0.82 -0.41 -0.71 0.71 0 -0.56 0.8 0.19 -0.71 0.71 0 -0.73 0.66 0.19 0 0.89 0.45 -0.71 0.71 0 -0.51 0.69 0.51 -0.41 0.82 0.41 -0.51 0.75 0.41 -0.41 0.82 -0.41 -0.63 0.66 0.42 -0.52 0.78 0.35 -0.67 0.67 0.33 -0.44 0.83 0.33 0 0.95 0.32 -0.41 0.82 0.41 -0.73 0.49 0.49 -1 0 0 -0.91 0.34 0.23 -0.62 0.76 0.21 -0.53 0.8 0.27 -0.58 0.58 0.58 -0.4 0.87 0.3 -0.41 0.82 0.41 -0.23 0.79 0.57 -0.27 0.8 0.53 -0.46 0.68 0.57 -0.64 0.57 0.51 -0.58 0.58 0.58 -0.51 0.81 0.3 -0.82 0.41 0.41 -0.55 0.71 0.44 -0.58 0.58 0.58 -0.4 0.52 0.75 -0.29 0.61 0.74 -0.25 0.62 0.74 -0.51 0.54 0.67 -0.48 0.66 0.58 -0.42 0.71 0.57 0.1 0.87 0.48 0 0.89 0.45 -0.09 0.85 0.51 -0.4 0.7 0.6 -0.33 0.67 0.67 -0.58 0.58 0.58 -0.48 0.69 0.53 -0.26 0.68 0.68 -0.27 0.71 0.65 -0.25 0.74 0.62 0.14 0.82 0.55 -0.16 0.74 0.66 -0.26 0.74 0.61 0 0.71 0.71 -0.38 0.69 0.61 -0.27 0.76 0.58 0.19 0.69 0.69 0.22 0.87 0.44 -0.1 0.68 0.73 -0.08 0.78 0.63 -0.41 0.82 0.41 0 0.71 0.71 -0.13 0.73 0.67 -0.14 0.72 0.68 -0.13 0.73 0.67 0.13 0.91 0.39 0.16 0.94 0.31 -0.13 0.64 0.76 -0.22 0.6 0.77 0 0.89 0.45 -0.27 0.53 0.8 -0.16 0.72 0.67 -0.06 0.88 0.47 0 0.71 0.71 0 0.71 0.71 0 0.71 0.71 -0.78 0.59 0.2 -0.56 0.82 0.08 -0.71 0.71 0 -0.71 0.71 0 -0.71 0.71 0 -0.71 0.71 0 -0.71 0.71 0 -0.71 0.71 0 -0.65 0.75 0.13 -0.7 0.7 0.14 -0.74 0.66 0.15 -0.48 0.84 0.24 -0.44 0.87 0.22 -0.75 0.65 0.11 -0.68 0.73 0.1 -0.71 0.71 0 -0.66 0.75 0.09 -0.71 0.71 0 -0.62 0.77 0.14 -0.71 0.71 0 -0.71 0.67 -0.22 -0.78 0.59 -0.2 -0.89 0.45 0 0 -1 0 0 -1 0 0 -1 0 0 -1 0 0 -1 0 0 -1 0 0 -1 0 0 -1 0 0 -1 0 0 -1 0 0 -1 0 0 -1 0 0 -1 0 0 -1 0 0 -1 0 0 -1 0 0 -1 0 0 -1 0 0 -1 0 0 -1 0 0 -1 0 0 -1 0 0 -1 0 0 -1 0 0 -1 0 0 -1 0 0 -1 0 0 -1 0 0 -1 0 0 -1 0 0 0 1 0.2 0 0.98 0 0 1 0.78 0 0.62 0.94 0 0.33 0.67 0 0.75 0.99 0 0.17 0.99 0 -0.17 0.94 0 -0.33 0.78 0 -0.62 0.67 0 -0.75 0.37 0 -0.93 0.19 0 -0.98 -0.16 0 -0.99 -0.32 0 -0.95 -0.6 0 -0.8 -0.72 0 -0.69 -0.91 0 -0.41 -0.97 0 -0.24 -0.99 0 0.11 -0.95 0 0.3 -0.88 0 0.48 -0.88 0 0.48 0.38 0 0.92 0.47 0.74 -0.47 0.47 0.74 -0.47 0.47 0.74 -0.47 0.47 0.74 -0.47 0.63 0.75 -0.21 0.63 0.75 -0.21 0.68 0.73 0 0.6 0.75 -0.3 0.68 0.73 0 0.68 0.73 0 0.68 0.73 0 0.68 0.73 0 0.66 0.74 0.16 0.66 0.74 0.16 0.62 0.73 0.31 0.68 0.73 0 0.66 0.74 0.16 0.66 0.74 0.16 0.71 0.71 0 0.6 0.75 0.3 0.6 0.75 0.3 0.6 0.75 0.3 0.6 0.75 0.3 0.6 0.75 0.3 0.57 0.72 0.38 0.57 0.72 0.38 0.47 0.74 0.47 0.64 0.7 0.32 0.37 0.75 0.55 0.37 0.75 0.55 0.49 0.73 0.49 0.29 0.75 0.59 0.16 0.75 0.64 0.16 0.75 0.64 0.31 0.73 0.62 0 0.75 0.66 0 0.75 0.66 0 0.75 0.66 0 0.75 0.66 0 0.75 0.66 -0.38 0.73 0.57 -0.38 0.73 0.57 -0.5 0.71 0.5 -0.3 0.74 0.61 -0.29 0.75 0.59 -0.29 0.75 0.59 -0.29 0.75 0.59 -0.29 0.75 0.59 -0.57 0.73 0.38 -0.57 0.73 0.38 -0.62 0.73 0.31 -0.49 0.73 0.49 -0.64 0.74 0.21 -0.64 0.74 0.21 -0.71 0.71 0 -0.6 0.75 0.3 -0.68 0.73 0 -0.68 0.73 0 -0.68 0.73 0 -0.68 0.73 0 -0.66 0.75 0 -0.66 0.75 0 -0.66 0.75 0 -0.66 0.75 0 -0.63 0.75 -0.21 -0.63 0.75 -0.21 -0.68 0.73 0 -0.6 0.75 -0.3 -0.67 0.73 -0.17 -0.67 0.73 -0.17 -0.73 0.68 0 -0.6 0.75 -0.3 -0.55 0.75 -0.37 -0.55 0.75 -0.37 -0.46 0.76 -0.46 -0.61 0.74 -0.3 -0.37 0.74 -0.56 -0.37 0.74 -0.56 -0.47 0.74 -0.47 -0.3 0.74 -0.61 -0.21 0.74 -0.64 -0.21 0.74 -0.64 -0.3 0.75 -0.6 0 0.71 -0.71 0 0.75 -0.66 0 0.75 -0.66 0 0.75 -0.66 0 0.75 -0.66 0 0.73 -0.68 0 0.73 -0.68 0 0.73 -0.68 0 0.73 -0.68 0.16 0.74 -0.65 0.16 0.74 -0.65 0.29 0.75 -0.59 0 0.71 -0.71 0.3 0.74 -0.61 0.3 0.74 -0.61 0.3 0.74 -0.61 0.3 0.74 -0.61 0.38 -0.79 0.48 0.42 -0.75 0.52 0.39 -0.78 0.49 0.17 -0.85 0.51 0.17 -0.67 0.72 -0.17 -0.69 0.71 0 -0.71 0.71 0 -0.71 0.71 -0.24 -0.84 0.49 -0.28 -0.78 0.56 -0.49 -0.73 0.47 -0.52 -0.73 0.45 -0.44 -0.87 0.22 -0.46 -0.87 0.2 -0.56 -0.78 0.28 -0.58 -0.58 0.58 -0.69 -0.71 0.16 -0.73 -0.68 0.07 -0.45 -0.89 0 -0.71 -0.67 -0.2 -0.55 -0.83 -0.11 -0.67 -0.67 -0.33 -0.46 -0.77 -0.44 -0.42 -0.71 -0.57 -0.49 -0.73 -0.47 -0.32 -0.75 -0.57 -0.37 -0.69 -0.62 0.54 -0.77 0.35 0.36 -0.6 0.72 0.55 -0.74 0.39 0.16 -0.79 -0.59 0.13 -0.88 -0.46 0.38 -0.76 -0.52 0.51 -0.69 -0.51 0.41 -0.72 -0.56 0.53 -0.72 -0.45 0.46 -0.76 -0.46 0.63 -0.59 -0.5 0.54 -0.76 -0.35 0.35 -0.86 -0.37 0.44 -0.75 -0.49 0.44 -0.7 -0.56 0.45 -0.73 -0.52 0.22 -0.87 -0.44 0.47 -0.7 -0.54 0.62 -0.62 -0.47 0.7 -0.71 0.1 0.72 -0.69 0.1 0.69 -0.72 0.1 0.62 -0.77 -0.12 0.71 -0.71 0 0.68 -0.71 -0.18 -0.07 -0.73 -0.68 -0.18 -0.66 -0.72 0 -0.73 -0.69 0.62 -0.62 -0.47 0.53 -0.74 -0.42 0.41 -0.82 -0.41 0.64 -0.64 -0.43 0.55 -0.73 -0.42 0.48 -0.77 -0.41 0.26 -0.76 -0.59 0.08 -0.97 -0.25 0.49 -0.49 -0.73 0.25 -0.83 -0.49 0.3 -0.63 -0.71 0.36 -0.6 -0.72 0.26 -0.68 -0.68 0.3 -0.72 -0.63 0.28 -0.71 -0.64 0.22 -0.77 -0.6 0.3 -0.66 -0.69 0.27 -0.8 -0.53 0.27 -0.8 -0.53 0.42 -0.71 -0.57 0.37 -0.74 -0.56 0.23 -0.69 -0.69 0.07 -0.85 -0.52 0 -0.71 -0.71 0 -0.71 -0.71 0.05 -0.68 -0.73 0 -0.89 -0.45 -0.2 -0.59 -0.78 0 -0.71 -0.71 0.08 -0.74 -0.66 0.11 -0.59 -0.8 0.1 -0.69 -0.72 0.1 -0.69 -0.72 0.13 -0.62 -0.78 0.08 -0.84 -0.54 0 -0.89 -0.45 0.15 -0.65 -0.75 0.13 -0.66 -0.74 0.1 -0.79 -0.6 -0.22 -0.71 -0.66 -0.2 -0.78 -0.59 -0.21 -0.64 -0.74 -0.18 -0.89 -0.43 -0.23 -0.74 -0.63 0 -1 0 -0.25 -0.67 -0.7 -0.21 -0.64 -0.74 -0.23 -0.67 -0.7 -0.2 -0.78 -0.59 -0.22 -0.87 -0.44 -0.17 -0.7 -0.7 -0.26 -0.59 -0.76 -0.27 -0.63 -0.73 -0.2 -0.81 -0.55 0 -0.71 -0.71 -0.31 -0.72 -0.62 -0.39 -0.79 -0.47 -0.41 -0.82 -0.41 -0.46 -0.76 -0.46 -0.57 -0.72 -0.39 -0.44 -0.87 -0.22 -0.59 -0.71 -0.38 -0.58 -0.58 -0.58 -0.37 -0.74 -0.56 -0.41 -0.67 -0.62 0 -1 0 -0.4 -0.69 -0.6 -0.41 -0.68 -0.61 -0.4 -0.65 -0.65 -0.42 -0.57 -0.71 -0.41 -0.41 -0.82 -0.43 -0.64 -0.64 -0.36 -0.74 -0.57 -0.33 -0.78 -0.53 -0.64 -0.71 -0.3 -0.62 -0.7 -0.36 -0.44 -0.83 -0.33 -0.41 -0.82 -0.41 -0.56 -0.8 -0.24 -0.63 -0.7 -0.33 -0.59 -0.74 -0.32 -0.58 -0.71 -0.39 -0.7 -0.62 -0.35 -0.82 -0.41 -0.41 -0.82 -0.41 -0.41 -0.72 -0.6 -0.36 -0.63 -0.71 -0.32 -0.52 -0.8 -0.28 -0.58 -0.58 -0.58 -0.67 -0.67 -0.33 -0.45 -0.7 -0.55 -0.42 -0.71 -0.57 -0.54 -0.83 -0.12 -0.66 -0.75 0.04 -0.71 -0.71 0 -0.71 -0.71 0 -0.71 -0.71 0 -0.71 -0.71 0 -0.35 -0.93 -0.12 0 -1 0 -0.68 -0.71 -0.19 -0.75 -0.64 -0.2 -0.69 -0.69 -0.2 -0.69 -0.69 -0.2 -0.68 -0.72 -0.14 -0.65 -0.74 -0.18 -0.82 -0.41 -0.41 -0.64 -0.76 -0.13 -0.68 -0.73 -0.12 -0.6 -0.79 -0.12 -1 0 0 -0.59 -0.79 0.17 -0.59 -0.79 0.15 -0.68 -0.71 0.19 -0.63 -0.75 0.18 -0.69 -0.69 0.2 -0.55 -0.83 0.09 -0.71 -0.71 0 -0.62 -0.77 0.15 -0.76 -0.59 0.26 -0.73 -0.63 0.27 -0.51 -0.85 0.11 -0.71 -0.71 0 -0.24 -0.94 0.24 -0.71 -0.71 0 -0.72 -0.68 0.14 -0.35 -0.91 0.22 -0.44 -0.8 0.41 -0.42 -0.74 0.53 -0.56 -0.74 0.37 -0.27 -0.68 0.68 -0.43 -0.77 0.47 -0.49 -0.81 0.32 -0.6 -0.71 0.37 0 -1 0 -0.6 -0.71 0.37 -0.56 -0.74 0.37 -0.66 -0.66 0.37 -0.66 -0.61 0.44 -0.49 -0.81 0.32 -0.67 -0.67 0.33 -0.62 -0.62 0.47 -0.62 -0.67 0.4 -0.49 -0.82 0.3 -0.08 -0.97 0.24 -0.36 -0.68 0.64 -0.33 -0.74 0.59 -0.36 -0.66 0.66 -0.33 -0.67 0.67 -0.36 -0.73 0.59 -0.28 -0.84 0.47 -0.22 -0.87 0.44 -0.37 -0.74 0.56 -0.37 -0.71 0.6 -0.35 -0.7 0.62 -0.25 -0.91 0.32 -0.56 -0.74 0.37 -0.54 -0.7 0.47 -0.69 -0.6 0.41 -0.15 -0.83 0.53 -0.05 -0.74 0.67 0 -0.71 0.71 -0.36 -0.6 0.72 -0.19 -0.63 0.75 0 -0.71 0.71 -0.27 -0.53 0.8 -0.23 -0.53 0.82 -0.21 -0.64 0.74 -0.2 -0.7 0.68 -0.2 -0.69 0.69 -0.22 -0.66 0.72 -0.23 -0.69 0.69 -0.41 -0.41 0.82 -0.18 -0.66 0.72 -0.19 -0.76 0.62 -0.17 -0.84 0.52 0 -1 0 -0.25 -0.68 0.68 0.1 -0.95 0.29 0.14 -0.74 0.66 0.16 -0.7 0.7 0.19 -0.72 0.67 0.15 -0.73 0.67 0.13 -0.7 0.7 0.14 -0.64 0.75 0.1 -0.69 0.72 0.23 -0.69 0.69 0.27 -0.8 0.53 -0.11 -0.99 0.11 0.08 -0.82 0.57 0 -0.71 0.71 0 -0.71 0.71 0 -0.71 0.71 0.3 -0.3 0.9 0.24 -0.88 0.41 0.25 -0.85 0.46 0.56 -0.74 0.37 0.51 -0.69 0.51 0.17 -0.85 0.51 0.29 -0.68 0.67 0.31 -0.69 0.66 0.28 -0.71 0.65 0.33 -0.72 0.61 0.22 -0.87 0.44 0.22 -0.87 0.44 0.29 -0.77 0.57 0.39 -0.62 0.68 0.33 -0.72 0.61 0.28 -0.94 0.19 0.46 -0.81 0.37 0.52 -0.77 0.37 0.56 -0.7 0.44 0.58 -0.73 0.36 0.59 -0.67 0.45 0.49 -0.81 0.32 0.44 -0.87 0.22 0.6 -0.65 0.45 0.4 -0.74 0.54 0.62 -0.48 0.62 0.54 -0.69 0.49 0.54 -0.63 0.57 0.58 -0.58 0.58 0.39 -0.86 0.31 0.37 -0.91 0.18 0.59 -0.78 0.2 0.55 -0.77 0.33 0.54 -0.82 0.17 0.56 -0.82 0.09 0.66 -0.72 0.22 0.41 -0.9 0.16 0.66 -0.72 0.23 0.68 -0.68 0.29 0.72 -0.66 0.22 0.69 -0.69 0.23 0.82 -0.41 0.41 0.72 -0.66 0.18 0.69 -0.69 0.21 0.58 -0.79 0.21 0.45 -0.89 0 0.8 -0.57 -0.17 0.68 -0.72 -0.12 0.81 -0.58 0 0.68 -0.72 -0.14 0.71 -0.71 0 0.71 -0.71 0 0.71 -0.71 0 0.45 -0.89 0 0.68 -0.73 0.09 0.73 -0.68 0.08 0.55 -0.83 0.09 0.82 -0.41 0.41 0.71 -0.71 0 0.76 -0.64 0.09 0.7 -0.7 0.11 1 0 0 0.41 -0.82 -0.41 0.48 -0.85 -0.2 0.8 -0.53 -0.27 0.68 -0.68 -0.29 0.66 -0.69 -0.3 0.69 -0.65 -0.32 0.67 -0.67 -0.33 0.7 -0.67 -0.23 0.59 -0.78 -0.2 0.44 -0.87 -0.22 0.7 -0.7 -0.17 0.66 -0.72 -0.23 0.61 -0.75 -0.26 0 0 1 0.38 -0.91 -0.15 0.71 -0.71 0 0.73 -0.64 -0.24 0 -1 0 0 -1 0 0 -1 0 0 -1 0 0 -1 0 0 -1 0 0 -1 0 0 -1 0 0 -1 0 0 -1 0 0 -1 0 0 -1 0 0 -1 0 0 -1 0 0 -1 0 0 -1 0 0 -1 0 0 -1 0 0 -1 0 0 -1 0 0 -1 0 0 -1 0 0 -1 0 0 -1 0 0 -1 0 0 -1 0 0 -1 0 0 -1 0 0 -1 0 0 -1 0 0 -1 0 0 -1 0 0 -1 0 -0.63 0.26 -0.73 -0.55 0.32 -0.77 -0.26 0.52 -0.82 -0.66 0.2 -0.73 -0.62 0.25 -0.75 -0.76 0.06 -0.64 -0.59 0.28 -0.76 -0.65 0.22 -0.73 -0.61 0.27 -0.74 -0.61 0.24 -0.75 -0.77 0.14 -0.63 0.94 0.26 0.21 0.94 0.24 0.24 0.94 0.24 0.24 0.94 0.25 0.21 0.94 0.24 0.24 0.95 0.27 0.18 0.9 0.43 -0.01 0.93 0.34 0.11 0.84 0.52 -0.16 0.94 0.26 0.2 0 0.57 -0.82 0 0.57 -0.82 0 0.57 -0.82 0.46 0.64 -0.61 0.46 0.64 -0.61 0.34 0.65 -0.68 0.55 0.62 -0.55 -0.88 0.13 -0.46 -0.76 0.29 -0.59 -0.89 0.12 -0.43 -0.93 0.06 -0.37 -0.86 0.2 -0.47 -0.68 0.36 -0.64 -0.8 0.25 -0.55 -0.68 0.36 -0.63 -0.68 0.36 -0.64 -0.8 0.25 -0.55 0.99 0.12 0.09 0.98 0.2 0.01 0.93 0.33 -0.14 0.97 0.25 0 0.97 0.25 0.01 0.94 0.32 -0.08 0.88 0.43 -0.22 0.96 0.28 -0.07 0.97 0.22 -0.02 0.91 0.37 -0.17 -0.38 0.52 -0.76 0 0.63 -0.78 -0.66 0.37 -0.66 -0.97 -0.24 0 0 0.63 -0.78 0.97 0.24 0 0.57 0.6 -0.57 0.57 0.6 -0.57 0 0.63 -0.78 0.43 0.62 -0.65 0.43 0.62 -0.65 0.34 0.64 -0.69 0.58 0.58 -0.58 -0.92 0.24 -0.32 -0.9 0.27 -0.35 -0.77 0.41 -0.49 -0.93 0.23 -0.3 -0.94 0.2 -0.27 -1 -0.03 -0.04 -0.98 0.08 -0.16 -1 -0.02 -0.05 -0.74 0.43 -0.52 -0.82 0.38 -0.44 -0.58 0.54 -0.62 0.93 0.27 -0.26 0.91 0.3 -0.3 0.89 0.33 -0.33 0.97 0.14 -0.18 0.98 0.1 -0.15 0.97 0.14 -0.18 0.94 0.22 -0.25 0.82 0.41 -0.41 0.87 0.33 -0.36 0.73 0.47 -0.5 0 0.66 -0.75 0 0.66 -0.75 0 0.66 -0.75 0 0.66 -0.75 0 0.66 -0.75 0 0.66 -0.75 0 0.66 -0.75 0 0.66 -0.75 0 0.66 -0.75 0 0.66 -0.75 0 0.66 -0.75 -0.98 0.21 -0.07 -0.98 0.17 -0.03 -1 0.07 0.07 -0.92 0.35 -0.2 -0.97 0.23 -0.09 -0.94 0.3 -0.14 -1 0.07 0.07 -0.81 0.49 -0.32 -0.94 0.32 -0.16 -0.92 0.36 -0.19 -0.88 0.4 -0.24 0.56 0.5 -0.66 0.7 0.4 -0.6 0.57 0.49 -0.65 0.78 0.31 -0.54 0.82 0.26 -0.5 0.8 0.28 -0.53 0.8 0.28 -0.53 0.83 0.24 -0.5 0.84 0.23 -0.49 0.86 0.2 -0.47 -0.58 0.58 -0.58 -0.58 0.58 -0.58 0 0.66 -0.75 -0.99 0.12 0 0.66 0.37 -0.66 0.97 -0.24 0 0.66 0.37 -0.66 0 0.63 -0.78 -0.18 0.65 -0.73 -0.18 0.65 -0.73 0 0.63 -0.78 -0.34 0.65 -0.68 -0.96 0.2 0.2 -0.96 0.2 0.2 -0.95 0.3 0.07 -0.96 0.19 0.19 -0.94 0.03 0.35 -0.94 0.34 0.02 -0.93 0.36 -0.01 -0.93 0.37 -0.06 -0.95 0.27 0.13 -0.96 0.21 0.21 -0.91 -0.05 0.41 0.77 0.14 -0.63 0.78 0.12 -0.61 0.66 0.27 -0.7 0.56 0.37 -0.74 0.45 0.45 -0.77 0.65 0.3 -0.7 0.68 0.26 -0.69 0.65 0.3 -0.7 0.81 0.08 -0.58 0.8 0.1 -0.6 0.45 0.45 -0.77 -0.55 0.62 -0.55 -0.55 0.62 -0.55 -0.55 0.62 -0.55 0 0.6 -0.8 0 0.6 -0.8 0 0.6 -0.8 0 0.6 -0.8 -0.42 0.65 -0.63 -0.42 0.65 -0.63 -0.54 0.64 -0.54 -0.34 0.64 -0.69 -0.9 0.3 0.3 -0.9 0.3 0.3 -0.9 0.3 0.3 -0.9 0.3 0.3 -0.88 0.2 0.42 -0.84 0.08 0.54 -0.9 0.35 0.26 -0.9 0.33 0.27 -0.9 0.3 0.3 -0.76 -0.06 0.64 0.71 0 -0.71 0.65 0.08 -0.76 0.61 0.13 -0.78 0.33 0.41 -0.85 0.29 0.43 -0.85 0.37 0.37 -0.85 0.46 0.29 -0.84 0.37 0.37 -0.85 0.6 0.14 -0.78 0.58 0.18 -0.8 0.23 0.47 -0.85 -0.71 0.6 -0.36 -0.89 0.45 0 -0.89 0.45 0 -0.54 0.64 -0.54 0 0.57 -0.82 0 0.53 -0.85 0 0.53 -0.85 0 0.53 -0.85 0 0.53 -0.85 -0.64 0.64 -0.43 -0.64 0.64 -0.43 -0.69 0.63 -0.35 -0.54 0.64 -0.54 -0.72 0.19 0.67 -0.75 0.24 0.62 -0.74 0.25 0.62 -0.78 0.25 0.57 -0.73 0.17 0.66 -0.77 0.21 0.6 -0.78 0.24 0.58 -0.8 0.31 0.51 -0.82 0.51 0.25 -0.82 0.41 0.41 -0.83 0.4 0.4 0.01 0.46 -0.89 0.12 0.38 -0.92 -0.2 0.58 -0.79 0.32 0.2 -0.92 0.24 0.29 -0.93 0.26 0.26 -0.93 0.35 0.16 -0.92 0.36 0.14 -0.92 0.29 0.2 -0.94 0.33 0.16 -0.93 -0.67 0.67 -0.33 -0.53 0.66 -0.53 -0.52 0.68 -0.52 -0.8 0.6 0 -0.82 0.57 0 0 0.4 -0.92 0 0.4 -0.92 -0.36 0.59 -0.72 -0.54 0.64 -0.54 -0.8 0.6 0 -0.68 0.65 -0.34 -0.68 0.65 -0.34 -0.8 0.6 0 -0.54 0.64 -0.54 -0.42 0.03 0.91 -0.47 0.09 0.88 -0.42 0.03 0.91 -0.73 0.49 0.49 -0.7 0.41 0.58 -0.66 0.34 0.67 -0.61 0.26 0.75 -0.55 0.18 0.82 -0.57 0.22 0.79 -0.73 0.49 0.49 -0.1 0.37 -0.93 -0.28 0.53 -0.8 0.02 0.26 -0.97 0.12 0.15 -0.98 0.14 0.14 -0.98 0.09 0.18 -0.98 0.12 0.15 -0.98 0.16 0.11 -0.98 0.18 0.09 -0.98 0.09 0.18 -0.98 -0.28 0.53 -0.8 -0.78 0.63 0 -0.78 0.63 0 -0.77 0.51 0.39 -0.67 0.33 0.67 0 -0.3 0.95 -0.55 0.62 -0.55 -0.68 0.65 -0.34 -0.68 0.65 -0.34 -0.78 0.63 0 -0.68 0.65 -0.34 -0.63 0.65 -0.42 -0.78 0.63 0 -0.55 0.62 -0.55 -0.55 0.62 -0.55 -0.49 0.41 0.77 -0.65 0.63 0.43 -0.6 0.56 0.58 -0.63 0.55 0.55 -0.33 0.21 0.92 -0.22 0.08 0.97 -0.08 -0.05 1 -0.37 0.23 0.9 -0.41 0.28 0.87 -0.48 0.34 0.81 -0.09 -0.05 0.99 -0.31 0.35 -0.88 -0.38 0.44 -0.82 -0.21 0.26 -0.94 -0.17 0.21 -0.96 -0.2 0.27 -0.94 -0.15 0.17 -0.97 -0.11 0.13 -0.98 -0.15 0.17 -0.97 -0.22 0.25 -0.94 -0.38 0.44 -0.82 -0.78 0.63 0 -0.78 0.63 0 -0.64 0.44 0.64 0 -0.12 0.99 -0.74 0.56 0.37 -0.75 0.66 0 -0.75 0.66 0 -0.75 0.66 0 -0.74 0.65 -0.18 -0.72 0.65 -0.24 -0.75 0.66 0 -0.73 0.64 -0.24 -0.78 0.63 0 -0.19 0.28 0.94 -0.15 0.22 0.96 -0.22 0.31 0.92 -0.17 0.22 0.96 -0.2 0.27 0.94 -0.23 0.3 0.93 -0.24 0.32 0.92 -0.2 0.27 0.94 0.05 0.02 1 -0.29 0.33 0.9 -0.48 0.27 -0.84 -0.5 0.31 -0.81 -0.38 0.17 -0.91 -0.4 0.21 -0.89 -0.33 0.14 -0.93 -0.49 0.32 -0.81 -0.42 0.23 -0.88 -0.4 0.2 -0.9 -0.34 0.12 -0.93 -0.5 0.31 -0.81 -0.78 0.63 0 -0.6 0.53 0.6 -0.6 0.53 0.6 0 0.06 1 -0.75 0.66 0 -0.75 0.66 0 -0.75 0.66 0 -0.74 0.65 0.18 -0.74 0.65 0.18 -0.78 0.63 0 -0.69 0.64 0.34 0.03 0.28 0.96 -0.15 0.43 0.89 -0.2 0.46 0.86 -0.05 0.33 0.94 -0.01 0.31 0.95 -0.11 0.35 0.93 0.11 0.22 0.97 0.03 0.27 0.96 0.17 0.17 0.97 0.04 0.28 0.96 0.17 0.17 0.97 -0.71 0.41 -0.58 -0.75 0.55 -0.37 -0.62 0.25 -0.74 -0.66 0.29 -0.69 -0.68 0.32 -0.66 -0.67 0.33 -0.66 -0.63 0.26 -0.73 -0.63 0.27 -0.72 -0.55 0.14 -0.82 -0.57 0.22 -0.79 -0.75 0.59 -0.29 0 0.3 0.95 0 0.3 0.95 0 0.3 0.95 0 0.3 0.95 0 -0.35 -0.94 -0.68 0.26 -0.68 -0.68 0.26 -0.68 -0.8 0.6 0 -0.75 0.64 0.19 -0.75 0.64 0.19 -0.8 0.6 0 -0.68 0.65 0.34 0.33 0.22 0.92 0.39 0.17 0.91 0.37 0.18 0.91 0.37 0.2 0.91 0.35 0.24 0.9 0.35 0.26 0.9 0.23 0.35 0.91 0.14 0.43 0.89 0.31 0.31 0.9 0.3 0.3 0.9 0.2 0.39 0.9 -0.85 0.41 -0.33 -0.85 0.44 -0.3 -0.83 0.34 -0.44 -0.81 0.29 -0.51 -0.77 0.22 -0.6 -0.78 0.24 -0.57 -0.73 0.13 -0.67 -0.67 0.05 -0.74 -0.67 0.04 -0.74 -0.84 0.38 -0.38 0 0.45 0.89 0 0.45 0.89 0 0.45 0.89 -0.82 0.57 0 -0.54 0.64 0.54 -0.54 0.64 0.54 0 0.45 0.89 -0.62 0.64 0.46 -0.62 0.64 0.46 -0.54 0.64 0.54 -0.7 0.62 0.35 0.82 -0.1 0.56 0.74 0.03 0.68 0.74 0.04 0.67 0.53 0.25 0.81 0.43 0.35 0.83 0.67 0.13 0.73 0.3 0.44 0.85 0.54 0.26 0.8 0.17 0.51 0.84 0.72 0.03 0.69 0.24 0.48 0.85 -0.92 0.3 -0.24 -0.92 0.32 -0.21 -0.92 0.27 -0.27 -0.92 0.27 -0.27 -0.92 0.27 -0.27 -0.92 0.32 -0.21 -0.9 0.17 -0.4 -0.85 0.06 -0.52 -0.9 0.3 -0.3 -0.77 -0.14 -0.63 -0.92 0.35 -0.18 0 0.57 0.82 0 0.57 0.82 0 0.57 0.82 0 0.57 0.82 -0.87 0.49 0 -0.87 0.49 0 -0.69 0.63 0.35 -0.53 0.66 0.53 0 0.57 0.82 -0.42 0.65 0.63 -0.42 0.65 0.63 -0.34 0.65 0.68 -0.54 0.64 0.54 0.83 0.09 0.55 0.81 0.12 0.57 0.81 0.12 0.57 0.8 0.14 0.59 0.73 0.21 0.65 0.65 0.3 0.7 0.78 0.17 0.61 0.65 0.3 0.7 0.65 0.3 0.7 0.78 0.17 0.61 -0.92 0.4 0.06 -0.8 0.55 0.25 -0.96 0.29 -0.05 -0.97 0.18 -0.15 -0.97 0.17 -0.17 -0.97 0.22 -0.11 -0.97 0.17 -0.17 -0.96 0.09 -0.26 -0.97 0.12 -0.23 -0.97 0.17 -0.17 -0.8 0.55 0.25 0 0.6 0.8 0 0.6 0.8 0 0.6 0.8 0 0.6 0.8 -0.95 0.3 0 -0.95 0.3 0 -0.75 0.54 0.38 -0.55 0.62 0.55 0 0.63 0.78 -0.18 0.65 0.74 -0.18 0.65 0.74 0 0.63 0.78 -0.34 0.64 0.69 0.81 0.32 0.49 0.79 0.34 0.51 0.76 0.36 0.54 0.92 0.15 0.35 0.97 0.02 0.22 0.99 -0.08 0.12 0.99 -0.07 0.13 0.74 0.37 0.56 0.81 0.3 0.51 0.81 0.31 0.5 0.81 0.32 0.49 -0.96 0.24 0.14 -0.93 0.31 0.21 -0.94 0.3 0.17 -0.97 0.22 0.13 -0.98 0.16 0.08 -0.95 0.26 0.18 -0.91 0.33 0.25 -1 0.03 -0.03 -0.88 0.38 0.29 -0.86 0.4 0.31 -0.89 0.37 0.26 0 0.66 0.75 0 0.66 0.75 0 0.66 0.75 0 0.66 0.75 -0.81 0.43 0.4 -0.99 0.12 0 -0.81 0.43 0.4 -0.59 0.55 0.59 0 0.66 0.75 0 0.66 0.75 0 0.66 0.75 0 0.66 0.75 0.82 0.41 0.41 0.88 0.35 0.32 0.94 0.24 0.23 0.58 0.6 0.56 0.82 0.44 0.38 0.92 0.29 0.26 0.9 0.32 0.28 0.94 0.25 0.22 0.97 0.17 0.15 1 0 0 0.94 0.24 0.24 -0.91 0.18 0.37 -0.96 0.09 0.26 -0.84 0.3 0.44 -0.84 0.3 0.44 -0.71 0.44 0.54 -0.84 0.29 0.45 -0.93 0.13 0.34 -0.79 0.36 0.5 -0.88 0.24 0.4 -0.81 0.35 0.46 -0.81 0.35 0.46 0 0.66 0.75 0 0.66 0.75 0 0.66 0.75 -0.64 0.44 0.64 -0.99 -0.12 0 -0.64 0.44 0.64 0 0.63 0.78 0.19 0.64 0.75 0.19 0.64 0.75 0.35 0.63 0.69 0 0.63 0.78 0.87 0.44 0.22 0.97 0.25 -0.01 0.98 0.13 -0.13 0.89 0.41 0.18 0.95 0.31 0.07 0.97 0.25 -0.01 0.81 0.5 0.31 0.98 0.12 -0.15 0.93 0.35 0.11 0.98 0.14 -0.14 0.98 0.14 -0.14 -0.7 0.32 0.64 -0.81 0.2 0.55 -0.67 0.34 0.66 -0.67 0.35 0.66 -0.74 0.28 0.61 -0.74 0.29 0.61 -0.84 0.16 0.52 -0.67 0.35 0.66 -0.74 0.28 0.61 -0.57 0.42 0.71 -0.8 0.25 0.55 0.97 0.24 0 0.97 0.24 0 0.97 0.24 0 0.97 0.24 0 0 0.63 0.78 0 0.63 0.78 0 0.63 0.78 0 0.63 0.78 0.78 0.59 0.2 0.92 0.38 -0.11 0.93 0.35 -0.12 0.94 0.26 -0.22 0.94 0.28 -0.19 0.92 0.09 -0.39 0.92 0.14 -0.37 0.91 0.11 -0.41 0.93 0.26 -0.26 0.91 0.38 -0.13 0.92 0.35 -0.18 -0.63 0.21 0.74 -0.62 0.23 0.75 -0.54 0.29 0.79 -0.52 0.33 0.79 -0.34 0.45 0.82 -0.4 0.4 0.82 -0.64 0.21 0.74 -0.76 0.07 0.65 -0.76 0.06 0.64 -0.77 0.05 0.63 -0.76 0.06 0.64 0.54 0.64 0.54 0 0.6 0.8 0.54 0.64 0.54 0.92 0.4 0 0 0.57 0.82 0 0.57 0.82 0 0.57 0.82 0 0.57 0.82 0.43 0.64 0.64 0.43 0.64 0.64 0.55 0.62 0.55 0.34 0.64 0.69 0.85 0.3 -0.44 0.85 0.27 -0.44 0.83 0.27 -0.48 0.87 0.3 -0.4 0.82 0.14 -0.55 0.86 0.48 -0.16 0.87 0.38 -0.3 0.87 0.44 -0.22 0.87 0.44 -0.22 0.78 0.14 -0.6 0.71 0 -0.71 -0.31 0.31 0.9 -0.49 0.15 0.86 -0.27 0.34 0.9 -0.58 0.06 0.81 -0.53 0.11 0.84 -0.43 0.21 0.88 -0.38 0.25 0.89 -0.31 0.31 0.9 -0.3 0.3 0.9 -0.24 0.36 0.9 -0.2 0.39 0.9 0.85 0.53 0 0.85 0.53 0 0.85 0.53 0 0.85 0.53 0 0 0.49 0.87 0 0.49 0.87 0 0.49 0.87 0.53 0.66 0.53 0.53 0.66 0.53 0.53 0.66 0.53 0.53 0.66 0.53 0.78 0.52 -0.35 0.75 0.37 -0.55 0.75 0.33 -0.58 0.73 0.28 -0.62 0.73 0.27 -0.63 0.64 0.16 -0.75 0.63 0.14 -0.77 0.63 0.14 -0.77 0.67 0.2 -0.72 0.79 0.55 -0.28 0.69 0.23 -0.69 -0.18 0.22 0.96 -0.17 0.23 0.96 -0.2 0.2 0.96 -0.25 0.16 0.96 -0.27 0.14 0.95 -0.07 0.32 0.95 0.04 0.4 0.92 -0.18 0.22 0.96 -0.2 0.2 0.96 0.26 0.54 0.8 0.8 0.6 0 0.8 0.6 0 0.8 0.6 0 0 0.35 0.94 0 0.35 0.94 0 0.35 0.94 0 0.35 0.94 0.74 0.65 0.18 0.74 0.65 0.18 0.69 0.64 0.34 0.78 0.63 0 0.59 0.37 -0.72 0.55 0.3 -0.78 0.57 0.33 -0.75 0.67 0.47 -0.57 0.53 0.28 -0.8 0.55 0.25 -0.8 0.43 0.16 -0.89 0.61 0.39 -0.69 0.36 0.1 -0.93 0.29 0.03 -0.96 0.35 0.11 -0.93 0.17 0.3 0.94 0.13 0.26 0.96 0.17 0.3 0.94 -0.05 0.08 1 0.18 0.29 0.94 0.11 0.25 0.96 0.05 0.19 0.98 -0.07 0.07 1 0.16 0.31 0.94 0.18 0.29 0.94 0.37 0.45 0.82 0.78 0.63 0 0.78 0.63 0 0.78 0.63 0 0.57 0.6 0.57 0.57 0.6 0.57 0.75 0.66 0 0 0.18 0.98 0.73 0.65 0.18 0.73 0.65 0.18 0.72 0.66 0.24 0.78 0.63 0 0.32 0.28 -0.9 0.17 0.15 -0.97 0.27 0.2 -0.94 0.12 0.12 -0.98 0 0 -1 0.35 0.31 -0.88 0.5 0.47 -0.73 0.31 0.29 -0.91 0.3 0.24 -0.92 0.45 0.37 -0.82 0 0 -1 0.42 0.32 0.85 0.45 0.37 0.82 0.42 0.32 0.85 0.33 0.22 0.92 0.3 0.17 0.94 0.39 0.28 0.88 0.38 0.28 0.88 0.45 0.37 0.82 0.26 0.14 0.95 0.37 0.26 0.89 0.48 0.34 0.81 0.75 0.66 0 0.75 0.66 0 0.75 0.66 0 0.75 0.66 0 0.75 0.66 0 0.75 0.66 0 0.75 0.66 0 0.75 0.66 0 0.75 0.66 0 0.75 0.66 0 0.75 0.66 0 0.21 0.38 -0.9 0.19 0.36 -0.91 0.07 0.26 -0.96 -0.09 0.12 -0.99 0.18 0.37 -0.91 0.42 0.58 -0.7 0.31 0.5 -0.81 0.32 0.49 -0.81 -0.09 0.12 -0.99 0.03 0.22 -0.98 -0.12 0.08 -0.99 -0.13 0.07 -0.99 0.52 0.2 0.83 0.67 0.43 0.61 0.73 0.62 0.31 0.48 0.14 0.87 0.68 0.49 0.55 0.67 0.47 0.57 0.4 0.06 0.92 0.55 0.25 0.8 0.53 0.22 0.82 0.52 0.2 0.83 0.5 0.17 0.85 0 0.18 -0.98 0.58 0.58 -0.58 0.58 0.58 -0.58 0.78 0.63 0 0.75 0.66 0 0.75 0.66 0 0 0 1 0.75 0.66 0 0.73 0.66 -0.18 0.73 0.66 -0.18 0.75 0.66 0 0.69 0.64 -0.34 -0.34 0.1 -0.94 -0.45 0 -0.89 -0.28 0.14 -0.95 -0.17 0.24 -0.96 -0.16 0.24 -0.96 -0.1 0.31 -0.95 -0.09 0.33 -0.94 -0.15 0.31 -0.94 -0.24 0.24 -0.94 0.22 0.57 -0.79 -0.31 0.16 -0.94 0.78 0.34 0.53 0.74 0.26 0.63 0.77 0.34 0.54 0.75 0.3 0.6 0.72 0.28 0.64 0.72 0.25 0.65 0.69 0.18 0.7 0.7 0.22 0.68 0.73 0.27 0.63 0.65 0.11 0.75 0.64 0.11 0.76 0.54 0.64 -0.54 0.54 0.64 -0.54 0 0.35 -0.94 0.78 0.63 0 0.8 0.6 0 0.8 0.6 0 0.8 0.6 0 0.8 0.6 0 0.63 0.65 -0.42 0.63 0.65 -0.42 0.69 0.64 -0.34 0.54 0.64 -0.54 -0.35 0.31 -0.88 -0.46 0.2 -0.86 -0.26 0.39 -0.88 -0.39 0.29 -0.87 -0.34 0.34 -0.88 -0.21 0.43 -0.88 -0.34 0.34 -0.88 -0.33 0.33 -0.89 -0.54 0.12 -0.83 -0.56 0.1 -0.82 -0.45 0.23 -0.86 0.87 0.29 0.41 0.87 0.4 0.27 0.84 0.2 0.5 0.85 0.23 0.47 0.88 0.34 0.34 0.86 0.23 0.45 0.87 0.44 0.22 0.86 0.24 0.45 0.85 0.2 0.48 0.83 0.13 0.54 0 0.53 -0.85 0 0.53 -0.85 0 0.53 -0.85 0.61 0.65 -0.46 0.61 0.65 -0.46 0.7 0.62 -0.35 0.53 0.66 -0.53 -0.14 0 0.99 0.14 0 0.99 0.27 0 0.96 0.51 0 0.86 0.61 0 0.79 0.81 0 0.59 0.89 0 0.46 -0.27 0 0.96 -0.54 0 0.84 -0.66 0 0.75 -0.83 0 0.55 -0.9 0 0.43 -0.99 0 0.16 -1 0 0.02 -0.96 0.01 -0.28 -0.97 0 -0.22 -0.74 0.01 -0.67 -0.86 0.01 -0.51 0.98 0 0.19 0.97 0 -0.23 1 0 0.04 0.94 0 -0.34 0.81 0 -0.58 0.71 0 -0.71 0.47 0 -0.88 0.1 0 -1 0.35 0 -0.94 -0.31 0 -0.95 -0.04 0 -1 -0.61 0 -0.79 -0.44 0 -0.9 -0.7 -0.02 0.72 -0.51 0.01 0.86 0 0 1 -0.51 0 0.86 -0.49 0.01 0.87 -0.44 0.01 0.9 0 0 1 -0.5 0 0.86 -0.87 0 -0.5 -0.87 0 -0.5 -0.87 0 -0.5 -0.87 0 -0.5 0.87 0 0.5 0.87 0 0.5 0.87 0 0.5 0.87 0 0.5</float_array><technique_common><accessor source="#na" count="4110" stride="3"><param name="X" type="float"/><param name="Y" type="float"/><param name="Z" type="float"/></accessor></technique_common></source>
        <vertices id="v"><input semantic="POSITION" source="#p"/><input semantic="NORMAL" source="#n"/></vertices>
        <triangles material="m0" count="60"><input semantic="VERTEX" source="#v" offset="0"/><p>0 1 2 1 0 3 4 5 6 7 8 9 10 11 12 12 13 14 14 15 16 6 17 18 9 19 4 16 20 21 22 23 24 25 22 24 8 7 26 19 9 8 5 4 19 17 6 5 11 10 27 13 12 11 15 14 13 20 16 15 23 22 27 23 10 28 10 23 27 22 25 29 30 18 17 30 29 25 29 30 17 18 30 31 32 33 34 33 32 35 36 37 38 37 36 39 40 41 42 43 40 44 42 41 45 41 40 43 46 47 48 46 49 50 51 52 53 53 54 55 52 46 50 47 46 56 57 53 58 46 52 51 59 53 55 53 57 54 49 46 48 53 59 51 60 61 62 63 61 64 61 65 66 61 63 67 61 60 68 61 69 70 65 61 71 64 61 68 69 61 67 71 61 70 72 73 74 73 72 75</p></triangles>
        <triangles material="m1" count="1847"><input semantic="VERTEX" source="#v" offset="0"/><p>78 79 80 76 81 82 83 84 85 85 86 87 87 88 89 89 90 91 91 92 93 96 97 98 101 102 103 104 105 106 76 107 108 99 107 76 109 99 100 107 99 109 77 76 108 104 77 105 77 104 76 110 104 106 101 110 102 110 101 104 79 111 112 101 111 79 111 101 103 80 113 114 79 115 80 116 79 112 115 79 116 113 80 115 117 80 114 99 117 100 117 99 80 83 120 121 94 120 83 122 94 95 120 94 122 83 123 118 124 83 121 123 83 124 119 118 123 125 118 119 125 96 118 81 126 127 96 126 81 126 96 98 82 128 129 81 127 130 82 130 128 130 82 81 131 82 129 94 131 95 131 94 82 92 91 90 90 89 88 88 87 86 86 85 84 132 93 92 79 78 132 81 76 104 84 83 118 93 132 78 133 134 135 136 137 138 139 140 137 141 142 133 141 133 143 144 145 146 147 146 148 149 148 150 151 150 152 153 152 154 134 133 155 137 136 139 140 139 145 142 141 156 159 160 161 134 164 165 155 166 167 155 161 166 134 168 169 168 155 167 168 134 155 164 134 169 170 134 165 162 170 163 170 162 134 138 171 172 162 171 138 173 162 163 171 162 173 136 174 175 176 138 172 138 174 136 174 138 176 177 136 175 160 136 177 160 159 136 153 178 179 154 180 181 154 156 180 142 156 154 159 161 155 153 181 182 181 153 154 178 153 182 183 153 179 153 158 157 158 153 183 135 184 185 135 186 184 186 157 158 186 135 157 135 188 189 188 135 185 135 187 133 187 135 189 152 153 151 145 144 140 146 147 144 148 149 147 150 151 149 143 133 187 190 191 192 193 194 195 196 195 197 198 199 200 195 196 193 194 193 201 202 197 203 197 202 196 203 204 202 205 199 206 207 201 208 192 209 210 199 205 200 211 206 204 201 207 194 207 212 190 209 192 191 198 209 213 206 211 205 204 203 211 212 207 208 191 190 212 209 198 210 199 198 213 214 216 217 216 214 215 218 219 220 219 218 221 222 223 224 223 222 225 228 227 229 230 229 231 232 231 233 234 233 235 233 234 232 231 232 230 229 230 228 227 228 226 236 238 239 238 236 237 240 241 242 243 241 240 241 243 244 245 247 248 247 245 246 249 250 251 252 251 253 254 253 255 256 255 257 255 256 254 253 254 252 251 252 249 250 249 258 259 260 261 260 259 262 263 265 266 265 263 264 269 268 270 271 270 272 273 272 274 275 274 276 274 275 273 272 273 271 270 271 269 268 269 267 277 278 279 278 277 280 281 282 283 284 283 285 286 285 287 288 287 289 290 289 291 289 290 288 287 288 286 285 286 284 283 284 281 282 281 292 293 294 295 294 293 296 297 299 300 299 297 298 303 302 304 305 304 306 307 306 308 306 307 305 304 305 303 302 303 301 310 311 312 311 310 309 315 314 313 314 315 316 318 319 320 319 318 317 323 322 324 325 324 326 327 326 328 329 328 330 328 329 327 326 327 325 324 325 323 322 323 321 331 333 334 333 331 332 335 336 337 336 335 338 339 340 341 340 339 342 343 344 345 346 345 347 348 347 349 350 349 351 349 350 348 347 348 346 345 346 343 344 343 352 353 354 355 354 353 356 357 358 359 360 359 361 362 361 363 364 363 365 363 364 362 361 362 360 359 360 357 358 357 366 367 368 369 368 367 370 371 373 374 373 371 372 377 376 378 379 378 380 381 380 382 383 382 384 382 383 381 380 381 379 378 379 377 376 377 375 386 387 388 387 386 385 391 390 389 390 391 392 395 394 396 397 396 398 399 398 400 398 399 397 396 397 395 394 395 393 401 403 404 403 401 402 405 406 407 406 405 408 411 410 412 413 412 414 415 414 416 414 415 413 412 413 411 410 411 409 417 419 420 419 417 418 421 422 423 422 421 424 425 427 428 427 425 426 429 430 431 432 431 433 434 433 435 436 435 437 438 437 439 437 438 436 435 436 434 433 434 432 431 432 429 430 429 440 441 442 443 442 441 444 445 446 447 448 447 449 450 449 451 452 451 453 451 452 450 449 450 448 447 448 445 446 445 454 455 457 458 457 455 456 456 459 460 459 456 455 462 463 464 462 461 463 465 466 467 468 467 469 470 469 471 472 471 473 471 472 470 469 470 468 467 468 465 466 465 474 476 477 478 477 476 475 479 480 481 482 480 479 485 484 486 487 486 488 489 488 490 491 490 492 490 491 489 488 489 487 486 487 485 484 485 483 493 495 496 495 493 494 497 498 499 498 497 500 501 502 503 502 501 504 507 506 508 509 508 510 511 510 512 513 512 514 512 513 511 510 511 509 508 509 507 506 507 505 515 517 518 517 515 516 519 520 521 520 519 522 523 525 526 525 523 524 527 528 529 530 529 531 532 531 533 534 533 535 533 534 532 531 532 530 529 530 527 528 527 536 537 538 539 538 537 540 541 543 544 543 541 542 547 546 548 549 548 550 551 550 552 553 552 554 552 553 551 550 551 549 548 549 547 546 547 545 556 557 558 556 555 557 559 560 561 562 561 563 564 563 565 566 565 567 568 567 569 567 568 566 565 566 564 563 564 562 561 562 559 560 559 570 571 572 573 572 571 574 575 577 578 577 575 576 581 580 582 583 582 584 585 584 586 584 585 583 582 583 581 580 581 579 588 589 590 589 588 587 591 592 593 592 591 594 596 597 598 597 596 595 601 600 602 603 602 604 605 604 606 607 606 608 606 607 605 604 605 603 602 603 601 600 601 599 609 611 612 611 609 610 615 614 613 614 615 616 617 618 619 618 617 620 621 622 623 624 623 625 626 625 627 628 627 629 627 628 626 625 626 624 623 624 621 622 621 630 631 632 633 634 632 631 632 634 635 636 637 638 639 638 640 641 640 642 643 642 644 642 643 641 640 641 639 638 639 636 637 636 645 646 647 648 647 646 649 650 652 653 652 650 651 656 655 657 658 657 659 660 659 661 662 661 663 661 662 660 659 660 658 657 658 656 655 656 654 665 666 667 666 665 664 668 669 670 669 668 671 674 673 675 676 675 677 678 677 679 677 678 676 675 676 674 673 674 672 680 682 683 682 680 681 686 685 684 685 686 687 690 689 691 692 691 693 694 693 695 693 694 692 691 692 690 689 690 688 696 698 699 698 696 697 702 701 700 701 702 703 704 706 707 706 704 705 708 709 710 711 710 712 713 712 714 715 714 716 717 716 718 716 717 715 714 715 713 712 713 711 710 711 708 709 708 719 720 721 722 721 720 723 724 725 726 727 726 728 729 728 730 731 730 732 730 731 729 728 729 727 726 727 724 725 724 733 734 736 737 736 734 735 735 738 739 738 735 734 740 741 742 741 740 743 744 745 746 747 746 748 749 748 750 751 750 752 750 751 749 748 749 747 746 747 744 745 744 753 754 755 756 755 754 757 758 759 760 759 758 761 762 763 764 766 764 767 768 767 769 770 769 771 763 762 765 764 766 762 767 768 766 769 770 768 772 774 775 774 772 773 776 777 778 779 777 776 777 779 780 781 782 783 782 781 784 787 786 788 789 788 790 791 790 792 793 792 794 792 793 791 790 791 789 788 789 787 786 787 785 795 797 798 797 795 796 799 800 801 800 799 802 803 805 806 805 803 804 807 808 809 810 809 811 812 811 813 814 813 815 813 814 812 811 812 810 809 810 807 808 807 816 817 818 819 818 817 820 821 823 824 823 821 822 827 826 828 829 828 830 831 830 832 833 832 834 832 833 831 830 831 829 828 829 827 826 827 825 835 836 837 836 835 838 839 840 841 842 841 843 844 843 845 846 845 847 848 847 849 847 848 846 845 846 844 843 844 842 841 842 839 840 839 850 851 852 853 854 852 851 855 857 858 857 855 856 861 860 862 863 862 864 865 864 866 864 865 863 862 863 861 860 861 859 868 869 870 869 868 867 871 872 873 872 871 874 876 877 878 877 876 875 881 880 882 883 882 884 885 884 886 887 886 888 886 887 885 884 885 883 882 883 881 880 881 879 889 891 892 891 889 890 893 894 895 894 893 896 897 898 899 898 897 900 901 902 903 904 903 905 906 905 907 908 907 909 907 908 906 905 906 904 903 904 901 902 901 910 911 912 913 912 914 915 912 911 914 916 917 918 919 918 920 921 920 922 923 922 924 922 923 921 920 921 919 918 919 916 917 916 925 926 927 928 929 927 926 930 932 933 932 930 931 936 935 937 938 937 939 940 939 941 942 941 943 941 942 940 939 940 938 937 938 936 935 936 934 945 946 947 946 945 944 948 949 950 949 948 951 954 953 955 956 955 957 958 957 959 957 958 956 955 956 954 953 954 952 960 962 963 962 960 961 964 965 966 965 964 967 970 969 971 972 971 973 974 973 975 973 974 972 971 972 970 969 970 968 976 978 979 978 976 977 980 981 982 983 981 980 984 986 987 986 984 985 988 989 990 991 990 992 993 992 994 995 994 996 997 996 998 996 997 995 994 995 993 992 993 991 990 991 988 989 988 999 1000 1001 1002 1003 1001 1000 1001 1003 1004 1005 1006 1007 1008 1007 1009 1010 1009 1011 1012 1011 1013 1011 1012 1010 1009 1010 1008 1007 1008 1005 1006 1005 1014 1015 1017 1018 1017 1015 1016 1016 1019 1020 1019 1016 1015 1021 1022 1023 1022 1021 1024 1025 1026 1027 1028 1027 1029 1030 1029 1031 1032 1031 1033 1031 1032 1030 1029 1030 1028 1027 1028 1025 1026 1025 1034 1036 1037 1038 1037 1036 1035 1039 1040 1041 1040 1039 1042 1045 1044 1046 1047 1046 1048 1049 1048 1050 1051 1050 1052 1050 1051 1049 1048 1049 1047 1046 1047 1045 1044 1045 1043 1053 1055 1056 1055 1053 1054 1057 1058 1059 1058 1060 1061 1058 1057 1060 1062 1063 1064 1063 1062 1065 1068 1067 1069 1070 1069 1071 1072 1071 1073 1074 1073 1075 1073 1074 1072 1071 1072 1070 1069 1070 1068 1067 1068 1066 1076 1078 1079 1078 1076 1077 1080 1081 1082 1083 1081 1080 1081 1083 1084 1085 1087 1088 1087 1085 1086 1089 1090 1091 1092 1091 1093 1094 1093 1095 1096 1095 1097 1095 1096 1094 1093 1094 1092 1091 1092 1089 1090 1089 1098 1099 1100 1101 1100 1099 1102 1103 1105 1106 1105 1103 1104 1109 1108 1110 1111 1110 1112 1113 1112 1114 1115 1114 1116 1114 1115 1113 1112 1113 1111 1110 1111 1109 1108 1109 1107 1117 1118 1119 1118 1117 1120 1121 1122 1123 1124 1123 1125 1126 1125 1127 1128 1127 1129 1130 1129 1131 1129 1130 1128 1127 1128 1126 1125 1126 1124 1123 1124 1121 1122 1121 1132 1134 1135 1136 1134 1133 1135 1137 1139 1140 1139 1137 1138 1143 1142 1144 1145 1144 1146 1147 1146 1148 1146 1147 1145 1144 1145 1143 1142 1143 1141 1150 1151 1152 1151 1150 1149 1153 1154 1155 1154 1153 1156 1158 1159 1160 1159 1158 1157 1163 1162 1164 1165 1164 1166 1167 1166 1168 1169 1168 1170 1168 1169 1167 1166 1167 1165 1164 1165 1163 1162 1163 1161 1171 1173 1174 1173 1171 1172 1175 1176 1177 1176 1175 1178 1179 1180 1181 1180 1179 1182 1183 1184 1185 1186 1185 1187 1188 1187 1189 1190 1189 1191 1189 1190 1188 1187 1188 1186 1185 1186 1183 1184 1183 1192 1193 1194 1195 1194 1193 1196 1197 1198 1199 1200 1199 1201 1202 1201 1203 1204 1203 1205 1203 1204 1202 1201 1202 1200 1199 1200 1197 1198 1197 1206 1209 1208 1207 1208 1209 1210 1211 1213 1214 1213 1211 1212 1217 1216 1218 1219 1218 1220 1221 1220 1222 1223 1222 1224 1222 1223 1221 1220 1221 1219 1218 1219 1217 1216 1217 1215 1226 1227 1228 1227 1226 1225 1229 1230 1231 1232 1230 1229 1235 1234 1236 1237 1236 1238 1239 1238 1240 1238 1239 1237 1236 1237 1235 1234 1235 1233 1241 1243 1244 1243 1241 1242 1245 1246 1247 1246 1245 1248 1251 1250 1252 1253 1252 1254 1255 1254 1256 1254 1255 1253 1252 1253 1251 1250 1251 1249 1257 1259 1260 1259 1257 1258 1261 1262 1263 1262 1261 1264 1265 1267 1268 1267 1265 1266 1269 1270 1271 1272 1271 1273 1274 1273 1275 1276 1275 1277 1278 1277 1279 1277 1278 1276 1275 1276 1274 1273 1274 1272 1271 1272 1269 1270 1269 1280 1281 1282 1283 1282 1281 1284 1285 1286 1287 1288 1287 1289 1290 1289 1291 1292 1291 1293 1291 1292 1290 1289 1290 1288 1287 1288 1285 1286 1285 1294 1295 1297 1298 1297 1295 1296 1296 1299 1300 1299 1296 1295 1301 1302 1303 1304 1302 1301 1305 1306 1307 1308 1307 1309 1310 1309 1311 1312 1311 1313 1311 1312 1310 1309 1310 1308 1307 1308 1305 1306 1305 1314 1316 1317 1318 1317 1316 1315 1319 1320 1321 1320 1319 1322 1323 1325 1324 1326 1327 1325 1328 1329 1327 1330 1331 1329 1331 1330 1332 1329 1328 1330 1327 1326 1328 1325 1323 1326 1340 1341 1342 1353 1354 1355 1356 1353 1355 1380 1378 1379 1388 1389 1390 1395 1396 1397 1339 1338 1400 1403 1344 1404 1405 1344 1406 1347 1348 1346 1349 1351 1352 1411 1412 1381 1413 1414 1415 1369 1416 1417 1421 1422 1423 1357 1358 1359 1351 1349 1350 1344 1405 1404 1333 1334 1429 1368 1367 1418 1373 1369 1417 1414 1440 1415 1390 1445 1388 1394 1447 1333 1448 1449 1334 1400 1454 1339 1343 1344 1403 1424 1455 1409 1410 1345 1407 1457 1458 1362 1363 1364 1419 1364 1363 1437 1367 1371 1427 1459 1427 1438 1371 1460 1372 1417 1461 1373 1462 1463 1413 1430 1464 1431 1466 1378 1380 1469 1391 1446 1470 1391 1392 1394 1429 1428 1448 1334 1333 1471 1472 1473 1398 1478 1399 1405 1346 1345 1348 1481 1482 1345 1484 1349 1349 1357 1353 1353 1359 1354 1435 1358 1357 1421 1423 1360 1485 1422 1436 1419 1487 1488 1371 1367 1368 1427 1372 1438 1370 1490 1439 1369 1374 1414 1414 1375 1440 1413 1491 1462 1492 1414 1413 1411 1382 1426 1443 1496 1444 1389 1497 1386 1376 1393 1377 1502 1503 1377 1333 1429 1394 1448 1504 1449 1506 1396 1474 1452 1509 1453 1401 1402 1479 1338 1513 1405 1341 1340 1480 1346 1405 1406 1345 1348 1407 1455 1424 1425 1408 1409 1455 1345 1410 1425 1484 1345 1424 1350 1349 1484 1351 1350 1456 1357 1349 1352 1357 1359 1353 1356 1515 1516 1362 1518 1457 1519 1419 1420 1365 1520 1366 1419 1366 1367 1521 1522 1523 1371 1372 1427 1369 1439 1416 1417 1526 1461 1374 1375 1414 1491 1413 1415 1414 1430 1378 1378 1431 1379 1380 1528 1465 1529 1530 1495 1441 1385 1442 1383 1531 1384 1386 1387 1389 1533 1534 1535 1498 1536 1499 1389 1446 1391 1537 1470 1392 1391 1470 1538 1502 1377 1393 1376 1447 1394 1510 1546 1547 1454 1552 1553 1513 1338 1402 1404 1405 1513 1514 1344 1343 1348 1345 1346 1408 1555 1409 1425 1424 1345 1356 1557 1515 1434 1356 1516 1558 1559 1560 1559 1558 1338 1562 1563 1564 1564 1563 1565 1568 1569 1570 1561 1572 1573 1476 1477 1338 1549 1574 1548 1568 1571 1575 1576 1573 1572 1568 1575 1569 1577 1578 1505 1563 1562 1560 1559 1563 1560 1335 1510 1580 1340 1475 1586 1587 1588 1589 1591 1590 1592 1573 1576 1592 1590 1573 1592 1398 1542 1593 1338 1558 1476 1559 1579 1563 1510 1335 1566 1582 1583 1511 1598 1547 1599 1546 1600 1601 1475 1340 1600 1589 1588 1432 1602 1475 1508 1590 1591 1507 1452 1544 1603 1604 1605 1606 1398 1399 1544 1505 1578 1542 1594 1505 1607 1608 1609 1610 1610 1609 1611 1612 1613 1614 1395 1471 1618 1595 1619 1620 1625 1548 1626 1626 1548 1627 1568 1566 1571 1580 1510 1596 1583 1582 1581 1629 1585 1584 1340 1342 1600 1586 1475 1433 1590 1508 1475 1475 1602 1432 1573 1590 1630 1452 1453 1590 1544 1452 1590 1544 1399 1631 1542 1398 1544 1633 1632 1543 1609 1608 1607 1613 1615 1614 1541 1450 1505 1471 1395 1541 1472 1471 1636 1637 1636 1394 1639 1620 1619 1640 1622 1621 1622 1623 1621 1643 1642 1442 1646 1645 1476 1548 1625 1647 1566 1568 1567 1335 1337 1566 1547 1598 1628 1600 1546 1510 1600 1342 1585 1432 1588 1433 1590 1453 1630 1603 1544 1545 1545 1606 1605 1543 1632 1593 1649 1650 1651 1617 1616 1653 1635 1473 1655 1394 1636 1471 1394 1638 1637 1642 1641 1658 1487 1519 1659 1660 1519 1661 1476 1645 1477 1566 1337 1571 1581 1596 1583 1600 1585 1629 1632 1633 1662 1649 1450 1665 1613 1612 1578 1613 1578 1577 1450 1451 1505 1395 1397 1541 1473 1635 1654 1666 1428 1656 1620 1639 1539 1496 1443 1668 1669 1443 1670 1622 1640 1468 1467 1622 1468 1444 1532 1443 1642 1643 1641 1659 1519 1660 1675 1676 1401 1624 1644 1335 1645 1646 1677 1547 1597 1648 1510 1648 1511 1678 1509 1679 1544 1631 1606 1664 1508 1507 1649 1665 1650 1653 1616 1652 1636 1637 1681 1539 1376 1501 1682 1391 1469 1497 1467 1468 1668 1443 1669 1683 1531 1383 1411 1671 1383 1672 1490 1686 1419 1674 1366 1549 1548 1647 1433 1475 1432 1509 1678 1689 1508 1664 1663 1451 1450 1649 1607 1505 1609 1473 1634 1618 1394 1666 1638 1376 1539 1393 1620 1539 1501 1391 1538 1501 1692 1470 1537 1391 1682 1392 1500 1469 1667 1411 1383 1441 1684 1495 1426 1694 1382 1695 1696 1382 1381 1375 1685 1527 1526 1417 1698 1427 1687 1370 1489 1459 1673 1520 1365 1699 1419 1519 1487 1437 1688 1486 1700 1437 1363 1483 1410 1556 1554 1348 1347 1338 1339 1479 1478 1398 1550 1702 1550 1398 1601 1600 1629 1545 1544 1606 1593 1542 1543 1690 1474 1395 1618 1471 1473 1391 1501 1376 1470 1692 1703 1682 1469 1500 1534 1533 1386 1467 1497 1389 1467 1693 1622 1642 1441 1442 1671 1411 1530 1495 1684 1529 1382 1694 1494 1412 1378 1466 1464 1697 1493 1685 1375 1374 1460 1371 1524 1704 1524 1371 1686 1490 1705 1427 1370 1369 1427 1459 1489 1522 1521 1418 1699 1365 1706 1437 1700 1688 1701 1436 1421 1421 1353 1356 1557 1356 1355 1556 1410 1407 1348 1554 1481 1401 1676 1402 1338 1479 1402 1512 1454 1553 1552 1454 1400 1550 1702 1551 1335 1644 1336 1679 1509 1452 1474 1690 1506 1505 1680 1609 1666 1394 1428 1681 1637 1540 1447 1376 1377 1502 1691 1503 1446 1389 1388 1445 1390 1498 1536 1498 1390 1386 1533 1387 1441 1642 1657 1383 1385 1441 1382 1696 1695 1378 1412 1411 1528 1380 1379 1464 1430 1697 1430 1431 1378 1414 1492 1430 1524 1704 1525 1439 1369 1370 1705 1490 1370 1687 1427 1489 1418 1521 1368 1366 1674 1365 1360 1363 1419 1518 1362 1361 1436 1701 1485 1358 1435 1517 1353 1421 1360 1707 1708 1709 1710 1711 1712 1713 1714 1715 1716 1707 1717 1718 1719 1720 1721 1722 1723 1724 1711 1725 1726 1727 1728 1719 1729 1730 1730 1714 1731 1723 1715 1721 1711 1710 1732 1711 1724 1712 1717 1725 1716 1709 1727 1733 1708 1707 1716 1732 1722 1721 1728 1734 1726 1727 1726 1733 1727 1709 1708 1734 1718 1720 1725 1717 1724 1722 1732 1710 1715 1723 1713 1714 1713 1731 1714 1730 1729 1729 1719 1718 1734 1728 1718 1735 1736 1737 1738 1739 1740 1737 1741 1742 1742 1743 1744 1744 1745 1746 1746 1747 1748 1748 1749 1750 1750 1751 1752 1736 1735 1738 1753 1740 1739 1754 1755 1753 1756 1757 1754 1758 1759 1756 1760 1761 1758 1762 1763 1760 1764 1765 1762 1765 1764 1766 1763 1762 1765 1761 1760 1763 1759 1758 1761 1757 1756 1759 1755 1754 1757 1740 1753 1755 1739 1738 1735 1741 1737 1736 1743 1742 1741 1745 1744 1743 1747 1746 1745 1749 1748 1747 1751 1750 1749 1766 1752 1751 1752 1766 1764 1767 1768 1769 1770 1771 1772 1774 1775 1776 1777 1778 1779 1780 1782 1781 1783 1784 1782 1785 1786 1787 1788 1789 1790 1791 1792 1788 1792 1791 1793 1789 1788 1792 1790 1786 1785 1786 1790 1789 1787 1786 1784 1784 1783 1787 1782 1780 1783 1777 1781 1794 1781 1777 1780 1779 1795 1774 1795 1779 1778 1778 1777 1794 1775 1774 1795 1776 1796 1773 1796 1776 1775 1771 1773 1796 1771 1797 1773 1771 1770 1797 1772 1798 1770 1791 1769 1793 1769 1791 1767 1768 1767 1798 1798 1772 1768 1799 1800 1801 1802 1803 1804 1805 1804 1803 1806 1807 1808 1808 1809 1810 1811 1812 1813 1800 1814 1815 1816 1801 1817 1805 1818 1804 1806 1819 1820 1809 1808 1807 1812 1810 1809 1801 1816 1799 1816 1821 1802 1819 1806 1818 1812 1811 1810 1821 1816 1817 1807 1806 1820 1822 1813 1823 1822 1824 1825 1803 1802 1821 1824 1822 1823 1825 1826 1814 1813 1822 1811 1826 1825 1824 1814 1826 1815 1800 1799 1814 1818 1805 1819 1835 1836 1837 1851 1833 1834 1836 1854 1837 1855 1840 1868 1869 1870 1871 1842 1876 1843 1827 1877 1828 1883 1884 1885 1886 1887 1888 1894 1895 1896 1896 1895 1897 1884 1883 1880 1898 1887 1886 1900 1862 1901 1902 1903 1904 1905 1906 1907 1908 1909 1910 1911 1912 1913 1917 1916 1918 1893 1892 1919 1882 1881 1919 1920 1919 1921 1880 1879 1884 1885 1899 1922 1862 1900 1885 1923 1924 1925 1903 1902 1890 1907 1906 1933 1934 1935 1936 1910 1909 1938 1914 1913 1912 1916 1915 1940 1919 1920 1882 1941 1892 1897 1922 1899 1944 1925 1924 1863 1926 1927 1945 1945 1927 1946 1928 1929 1949 1931 1930 1950 1932 1931 1951 1890 1889 1903 1936 1935 1937 1937 1935 1956 1916 1917 1915 1941 1897 1895 1922 1887 1963 1888 1887 1944 1862 1885 1922 1968 1969 1970 1947 1948 1971 1949 1929 1972 1931 1973 1951 1931 1932 1930 1952 1954 1953 1858 1975 1976 1979 1978 1856 1980 1981 1982 1983 1981 1984 1985 1986 1987 1958 1957 1989 1958 1989 1990 1991 1992 1993 1994 1995 1996 1938 1909 1997 1998 1999 2000 2001 2002 2003 2004 2005 2002 2002 2006 2007 2009 2008 1959 2009 1959 2010 2013 2014 2015 1892 1941 1921 1942 1961 2016 1962 1942 2017 1852 1853 1943 2018 1922 1963 1887 1898 2019 1839 2021 1838 1967 1966 2021 2022 2023 2024 2025 2022 2026 1971 1969 1968 2027 2028 2029 2030 2028 2031 2032 2033 2034 2034 2033 2035 1973 1931 2035 1952 1974 1954 1906 1905 2036 1975 1933 1906 1978 1977 2037 2038 1935 1934 1981 1983 1982 1986 1988 1987 1986 2039 2040 1997 2041 2042 2000 2043 2044 2047 2048 2049 2050 2051 2052 2053 2050 2054 2055 1846 2056 2058 2057 2059 2062 2061 2063 2064 2065 2066 2067 2068 2069 2069 2068 2070 2003 2002 2005 1912 1911 2007 1959 2008 2006 2006 2008 2071 2012 2008 2072 2014 2013 2010 2015 2014 2073 1919 1892 1921 1943 1897 1892 1942 1962 1961 1943 1853 2017 1922 2018 1943 1885 1884 1899 1887 1922 1944 1927 1926 2074 2075 2076 1964 1964 2020 1965 2021 1839 2076 1967 2021 2076 2023 2022 2077 1970 1969 1967 1967 1969 2026 1969 1971 2078 2079 2080 2081 2085 2084 2086 2028 2030 2029 1931 1950 2087 1951 2088 2089 2090 2091 1955 1903 1955 1904 1975 1858 1955 1836 1861 1975 1975 1861 2092 1978 1979 1977 1857 2093 1856 2094 2095 2096 2096 2095 2097 2099 1992 2100 2047 2049 2103 2051 2050 2104 2056 1846 2107 2108 2059 2057 1830 2109 1829 2061 2060 2110 2064 2066 2068 2070 2068 2066 2111 2112 2113 2113 2112 2114 2115 2116 2117 2005 2004 2118 1863 1924 1901 1863 1862 2119 2119 2076 1927 2076 2020 1964 2076 1839 2120 2078 1971 1948 1929 1928 2121 2079 1970 2122 2081 2080 2082 2082 2080 2123 2084 2083 2126 2127 2088 2091 2090 1955 2128 1955 1903 2128 1976 1975 1906 1935 2038 2131 2133 2098 1990 1992 1991 2098 1992 2134 1993 1995 2134 2099 2041 2100 1992 2041 1997 2100 2046 2045 2101 1849 2102 2136 2137 1848 2048 2109 1830 2140 2061 2062 2060 1867 2116 2115 2006 2071 1914 1939 1891 1918 1942 2016 2145 1901 1862 1863 2076 2119 1862 2076 2075 1927 2020 2076 2120 1966 1967 2022 1948 1947 2078 2084 2085 2083 1952 2088 1974 1955 2091 2088 2088 2127 1974 1975 2092 1933 2147 2148 2149 2150 2149 2148 2130 1831 1850 2129 2130 2151 2098 2097 2095 1986 1985 2039 2098 2133 2040 2098 1991 1990 1995 1994 2134 2046 2101 2042 2041 2046 2042 2044 2135 2041 2153 1848 1849 2049 2048 1848 2106 2138 2105 2155 1878 2156 1873 1872 2157 2157 2158 2159 2160 2161 1868 1866 1864 1865 2162 1852 2144 2163 2164 2165 2012 2011 2008 1918 1916 1939 1943 2018 1852 1927 2075 1946 2124 2122 1970 2167 1859 2168 2088 1951 1973 1831 2130 2170 2151 2130 1850 1981 2132 1984 2171 2098 2095 2000 1999 2043 2041 2135 2046 2102 1849 2137 1846 2055 1847 2059 2108 2141 2065 2109 2140 2156 1878 1843 2116 1867 1866 2175 1864 2176 2010 1959 2014 1942 1943 2017 2022 1967 2026 2033 1973 2035 1861 2169 2146 1856 1978 1857 2152 2132 1981 2098 2171 2132 2132 2171 1984 2039 2098 2040 2134 1992 2099 1997 1909 2100 2103 2049 2050 2050 2049 2054 2138 2106 2048 2177 1829 2178 2140 2139 1847 2063 2065 2143 2154 2066 2065 1844 2172 2179 2173 1844 1845 1845 1842 2180 2182 1868 2161 1864 1866 1867 2006 2176 1864 1959 1960 2014 1839 1838 2166 2084 2124 2086 2088 1952 2089 1860 1836 1835 1834 2185 2186 2187 1834 1833 1990 1989 2133 1848 2153 2041 2054 2049 1847 1829 2177 1830 2178 1829 2189 1847 2139 2107 2061 2065 2063 1844 2173 2172 1875 1872 1873 1840 1841 1875 2176 2006 2001 2079 2122 2080 2124 2084 2125 2168 1859 1858 2191 1973 2028 2091 2090 2192 2192 2090 2193 2169 1861 1860 2185 1834 2194 1833 1851 1836 1831 2188 1833 2148 2147 1832 2130 2129 2195 2196 2038 1934 2041 2153 2044 2138 2048 2047 2140 1847 2049 2112 2154 2114 1842 1844 2154 2154 1844 2114 1842 1845 1844 2174 2181 2197 1827 1828 1842 1827 1875 1874 1869 1841 1840 2164 2163 1865 2124 2190 2086 1973 2191 2124 2193 2090 2183 1836 1860 1861 1836 1851 1854 1831 1833 1836 1831 2170 2150 2065 2061 2142 1844 2179 2198 2174 1877 1827 1842 1828 1876 1869 1840 2199 1841 1869 1871 1868 2182 1855 2200 1840 1867 1865 1864 2164 1835 1837 2184 2038 2196 1831 2044 2043 2135 2180 1842 1878 1878 1842 1843 2174 2197 1877 1875 1827 1842 1874 1875 1873 2199 1840 1855 1864 1867 1840 1840 2200 1868 1852 2162 1853 1864 2175 2164 1831 2196 1850 2201 2202 2203 2203 2204 2205 2205 2206 2207 2207 2208 2209 2209 2210 2211 2211 2212 2213 2213 2214 2215 2216 2217 2218 2219 2220 2221 2221 2222 2223 2223 2224 2225 2225 2226 2227 2227 2228 2229 2229 2230 2231 2231 2232 2201 2232 2231 2230 2230 2229 2228 2228 2227 2226 2226 2225 2224 2224 2223 2222 2222 2221 2220 2220 2219 2216 2215 2218 2217 2218 2215 2214 2217 2216 2219 2214 2213 2212 2212 2211 2210 2210 2209 2208 2208 2207 2206 2206 2205 2204 2204 2203 2202 2202 2201 2232 2234 2233 2235 2236 2237 2238 2239 2238 2240 2239 2240 2241 2239 2241 2242 2242 2243 2244 2243 2242 2241 2234 2245 2233 2237 2236 2245 2238 2239 2236 2246 2244 2243 2247 2248 2249 2250 2251 2252 2253 2254 2251 2255 2256 2254 2257 2258 2259 2260 2261 2262 2234 2263 2264 2264 2265 2260 2265 2264 2263 2263 2234 2235 2261 2260 2265 2262 2258 2257 2258 2262 2261 2259 2258 2256 2256 2255 2259 2254 2253 2255 2247 2252 2248 2252 2247 2250 2251 2250 2253 2249 2266 2246 2266 2249 2248 2244 2246 2266 2245 2234 2237 2267 2268 2269 2270 2271 2272 2273 2274 2275 2276 2277 2278 2279 2280 2281 2282 2283 2284 2285 2286 2287 2288 2289 2290 2291 2292 2293 2294 2295 2296 2297 2298 2299 2300 2301 2302 2303 2304 2305 2306 2307 2308 2309 2310 2311 2309 2312 2267 2312 2309 2311 2306 2310 2309 2310 2306 2308 2307 2303 2305 2307 2306 2303 2304 2300 2302 2304 2303 2300 2297 2301 2300 2301 2297 2299 2294 2298 2297 2298 2294 2296 2291 2295 2294 2295 2291 2293 2292 2288 2290 2292 2291 2288 2285 2289 2288 2289 2285 2287 2286 2282 2284 2286 2285 2282 2283 2279 2281 2283 2282 2279 2276 2280 2279 2280 2276 2278 2273 2277 2276 2277 2273 2275 2268 2267 2312 2271 2269 2268 2269 2271 2270 2274 2273 2270 2274 2270 2272 2313 2314 2315 2316 2317 2318 2319 2314 2313 2320 2321 2322 2323 2324 2325 2326 2327 2328 2329 2330 2331 2332 2333 2334 2335 2336 2337 2338 2339 2340 2339 2338 2341 2342 2343 2338 2343 2342 2344 2345 2346 2347 2345 2342 2346 2348 2349 2350 2348 2346 2349 2351 2352 2349 2352 2351 2353 2354 2355 2351 2355 2354 2356 2335 2357 2354 2357 2335 2337 2336 2332 2334 2336 2335 2332 2329 2333 2332 2333 2329 2331 2330 2326 2328 2330 2329 2326 2327 2323 2325 2327 2326 2323 2320 2324 2323 2324 2320 2322 2316 2321 2320 2321 2316 2318 2317 2313 2315 2317 2316 2313 2354 2357 2356 2351 2355 2353 2349 2352 2350 2346 2348 2347 2342 2345 2344 2358 2340 2339 2314 2319 2358 2338 2343 2341 2340 2358 2319</p></triangles>
        <triangles material="m2" count="1446"><input semantic="VERTEX" source="#v" offset="0"/><p>2359 2360 2361 2362 2363 2364 2365 2366 2367 2368 2369 2359 2370 2371 2372 2366 2365 2373 2363 2362 2374 2375 2364 2376 2361 2377 2378 2375 2376 2379 2379 2380 2368 2377 2361 2360 2381 2382 2383 2364 2375 2362 2380 2379 2376 2369 2368 2380 2384 2377 2382 2372 2383 2370 2377 2384 2378 2382 2381 2384 2383 2372 2381 2371 2367 2366 2367 2371 2370 2360 2359 2369 2385 2386 2387 2390 2391 2388 2392 2393 2394 2393 2392 2395 2390 2388 2389 2396 2394 2393 2390 2397 2391 2397 2394 2396 2394 2397 2390 2398 2388 2399 2388 2398 2389 2400 2401 2402 2400 2402 2403 2401 2400 2404 2405 2399 2406 2399 2405 2398 2407 2403 2402 2406 2408 2409 2408 2403 2407 2403 2408 2406 2410 2411 2412 2413 2414 2415 2416 2417 2414 2418 2419 2420 2419 2418 2421 2422 2420 2419 2416 2414 2413 2416 2423 2417 2423 2420 2422 2420 2423 2416 2424 2413 2415 2413 2411 2410 2411 2413 2424 2426 2427 2425 2428 2429 2430 2428 2430 2431 2429 2428 2432 2433 2425 2412 2434 2431 2430 2426 2425 2433 2426 2435 2427 2435 2431 2434 2431 2435 2426 2436 2412 2425 2436 2410 2412 2413 2437 2438 2440 2442 2441 2443 2444 2440 2447 2440 2444 2440 2448 2442 2448 2440 2447 2440 2441 2449 2440 2439 2413 2439 2440 2449 2451 2439 2450 2452 2453 2451 2454 2455 2456 2454 2456 2457 2455 2454 2458 2459 2451 2450 2460 2457 2456 2452 2451 2459 2452 2461 2453 2461 2457 2460 2457 2461 2452 2439 2451 2462 2413 2463 2437 2439 2463 2413 2463 2439 2462 2440 2464 2465 2467 2468 2469 2467 2470 2468 2471 2467 2472 2467 2473 2470 2473 2467 2471 2474 2475 2476 2466 2467 2469 2478 2479 2477 2480 2481 2482 2480 2482 2483 2481 2480 2484 2478 2477 2466 2485 2483 2482 2478 2486 2479 2486 2483 2485 2483 2486 2478 2440 2477 2464 2466 2477 2440 2487 2440 2465 2488 2440 2487 2440 2489 2490 2489 2440 2488 2490 2443 2440 2474 2491 2492 2446 2445 2493 2493 2445 2494 2495 2496 2497 2496 2495 2498 2497 2496 2499 2497 2500 2501 2498 2495 2502 2501 2500 2503 2502 2504 2505 2504 2502 2495 2497 2499 2500 2503 2445 2446 2503 2500 2445 2506 2507 2508 2507 2506 2493 2509 2507 2510 2507 2509 2511 2510 2507 2512 2512 2507 2513 2507 2511 2514 2507 2514 2508 2493 2506 2446 2517 2516 2518 2516 2517 2515 2519 2520 2521 2520 2519 2522 2521 2520 2523 2521 2517 2524 2522 2519 2525 2524 2517 2518 2526 2527 2528 2527 2525 2519 2527 2526 2525 2521 2523 2517 2529 2493 2530 2493 2529 2516 2530 2493 2531 2389 2410 2532 2410 2389 2398 2533 2513 2507 2534 2507 2535 2507 2534 2533 2535 2507 2536 2491 2507 2537 2507 2491 2538 2539 2475 2474 2475 2539 2540 2541 2493 2542 2493 2541 2543 2542 2493 2544 2544 2545 2546 2545 2544 2493 2493 2543 2531 2516 2529 2518 2548 2547 2549 2550 2551 2552 2551 2550 2553 2552 2551 2554 2552 2547 2555 2553 2550 2556 2555 2547 2548 2557 2558 2559 2558 2556 2550 2558 2557 2556 2552 2554 2547 2540 2539 2560 2492 2491 2537 2561 2562 2563 2562 2560 2539 2562 2561 2560 2474 2476 2491 2537 2398 2564 2564 2398 2405 2398 2537 2507 2507 2538 2536 2565 2493 2566 2493 2565 2567 2566 2493 2568 2568 2493 2569 2569 2493 2494 2467 2466 2440 2548 2516 2570 2516 2548 2549 2570 2516 2571 2572 2573 2574 2573 2572 2575 2574 2573 2576 2577 2571 2516 2571 2577 2574 2575 2572 2578 2579 2580 2581 2580 2578 2572 2580 2579 2578 2574 2576 2571 2584 2582 2583 2582 2584 2585 2583 2586 2587 2585 2584 2588 2587 2586 2589 2588 2590 2591 2590 2588 2584 2589 2586 2592 2593 2586 2594 2593 2594 2595 2586 2593 2592 2596 2597 2598 2597 2596 2599 2598 2597 2600 2599 2596 2601 2598 2595 2602 2603 2604 2605 2604 2601 2596 2604 2603 2601 2602 2595 2594 2598 2600 2595 2594 2549 2606 2549 2594 2586 2607 2608 2609 2610 2609 2611 2609 2610 2607 2611 2609 2612 2612 2609 2613 2613 2609 2614 2615 2609 2616 2609 2615 2617 2615 2616 2618 2619 2620 2621 2620 2619 2622 2621 2620 2623 2622 2619 2624 2621 2618 2616 2625 2626 2627 2626 2624 2619 2413 2438 2416 2410 2436 2532 2406 2409 2405 2513 2533 2628 2493 2567 2545 2516 2515 2577 2549 2547 2606 2583 2582 2586 2608 2607 2629 2630 2631 2632 2635 2636 2637 2636 2635 2638 2630 2642 2641 2643 2644 2645 2643 2645 2632 2644 2643 2646 2647 2632 2645 2630 2648 2642 2632 2648 2630 2648 2632 2647 2649 2630 2641 2630 2640 2639 2640 2630 2649 2650 2637 2640 2651 2652 2637 2653 2654 2655 2653 2655 2656 2654 2653 2657 2658 2637 2650 2659 2656 2655 2651 2637 2658 2651 2660 2652 2660 2656 2659 2656 2660 2651 2639 2637 2636 2640 2637 2639 2638 2635 2661 2662 2663 2664 2661 2635 2665 2666 2667 2665 2668 2669 2670 2668 2670 2671 2669 2668 2672 2666 2665 2635 2673 2671 2670 2666 2674 2667 2674 2671 2673 2671 2674 2666 2662 2665 2663 2665 2662 2661 2676 2677 2675 2678 2679 2680 2679 2678 2681 2676 2675 2663 2626 2625 2624 2682 2680 2679 2676 2683 2677 2683 2680 2682 2680 2683 2676 2675 2664 2663 2633 2664 2675 2684 2685 2472 2686 2687 2467 2688 2686 2634 2687 2686 2688 2691 2692 2690 2693 2694 2695 2693 2695 2696 2694 2693 2697 2691 2690 2687 2698 2696 2695 2691 2699 2692 2699 2696 2698 2696 2699 2691 2700 2687 2690 2467 2700 2689 2700 2467 2687 2701 2467 2689 2467 2684 2472 2702 2467 2701 2684 2467 2702 2685 2684 2703 2634 2633 2688 2609 2706 2707 2609 2708 2706 2608 2709 2609 2710 2609 2709 2609 2711 2708 2711 2609 2710 2609 2705 2630 2705 2609 2707 2713 2714 2712 2715 2716 2717 2715 2717 2718 2716 2715 2719 2720 2712 2705 2721 2718 2717 2713 2712 2720 2713 2722 2714 2722 2718 2721 2718 2722 2713 2630 2712 2704 2705 2712 2630 2723 2630 2704 2631 2630 2723 2609 2617 2614 2609 2724 2616 2586 2726 2725 2726 2586 2582 2586 2724 2609 2724 2586 2725 2621 2623 2618 2727 2728 2729 2730 2731 2732 2733 2734 2735 2735 2736 2727 2728 2727 2736 2737 2738 2739 2740 2741 2742 2743 2744 2745 2730 2746 2731 2733 2747 2748 2736 2735 2734 2738 2737 2729 2749 2737 2739 2750 2751 2740 2742 2741 2752 2753 2754 2755 2744 2743 2753 2747 2733 2746 2729 2728 2738 2737 2749 2750 2741 2740 2751 2754 2753 2752 2732 2745 2744 2750 2749 2756 2754 2752 2741 2734 2733 2748 2744 2753 2755 2751 2750 2756 2746 2730 2747 2745 2732 2731 2757 2758 2759 2760 2761 2762 2763 2764 2761 2765 2766 2764 2767 2768 2766 2769 2770 2768 2771 2772 2770 2773 2774 2772 2775 2776 2774 2777 2778 2776 2778 2777 2779 2776 2775 2777 2774 2773 2775 2772 2771 2773 2770 2769 2771 2768 2767 2769 2766 2765 2767 2764 2763 2765 2761 2760 2763 2762 2780 2760 2758 2757 2780 2780 2762 2758 2781 2782 2783 2782 2781 2784 2785 2786 2787 2786 2785 2788 2789 2790 2791 2790 2789 2792 2793 2794 2795 2794 2793 2796 2797 2798 2799 2798 2797 2800 2801 2802 2803 2802 2801 2804 2805 2806 2807 2806 2805 2808 2809 2810 2811 2810 2809 2812 2813 2814 2815 2814 2813 2816 2817 2818 2819 2818 2817 2820 2821 2822 2823 2822 2821 2824 2825 2826 2827 2826 2825 2828 2829 2830 2831 2830 2829 2832 2833 2834 2835 2834 2833 2836 2837 2838 2839 2838 2837 2840 2841 2842 2843 2842 2841 2844 2845 2846 2847 2846 2845 2848 2849 2850 2851 2850 2849 2852 2853 2854 2855 2854 2853 2856 2857 2858 2859 2858 2857 2860 2861 2862 2863 2862 2861 2864 2865 2866 2867 2866 2865 2868 2869 2870 2871 2870 2869 2872 2873 2874 2875 2874 2873 2876 2877 2878 2879 2878 2877 2880 2881 2882 2883 2886 2887 2888 2891 2892 2893 2894 2895 2896 2897 2898 2899 2900 2901 2902 2903 2904 2905 2908 2909 2910 2913 2914 2915 2916 2917 2918 2913 2922 2921 2915 2923 2913 2923 2915 2924 2913 2925 2922 2925 2913 2923 2913 2920 2919 2920 2913 2921 2927 2928 2929 2930 2931 2932 2933 2934 2935 2926 2919 2920 2936 2937 2938 2939 2936 2940 2937 2936 2939 2926 2918 2919 2918 2926 2916 2916 2941 2917 2941 2940 2936 2940 2941 2916 2913 2942 2943 2942 2911 2912 2942 2913 2911 2946 2947 2948 2949 2945 2943 2949 2950 2945 2951 2948 2950 2952 2950 2949 2951 2950 2952 2948 2951 2946 2946 2953 2947 2953 2946 2954 2913 2945 2944 2943 2945 2913 2955 2913 2944 2913 2956 2914 2957 2913 2955 2956 2913 2957 2933 2960 2959 2935 2961 2933 2961 2935 2962 2933 2963 2960 2963 2933 2961 2933 2958 2911 2964 2933 2959 2958 2933 2964 2965 2966 2912 2965 2912 2958 2967 2968 2966 2969 2970 2971 2972 2969 2973 2970 2969 2972 2967 2966 2965 2967 2974 2968 2974 2973 2969 2973 2974 2967 2958 2912 2911 2906 2975 2933 2975 2906 2907 2933 2976 2977 2978 2979 2980 2978 2980 2975 2981 2982 2979 2983 2984 2985 2986 2983 2987 2984 2983 2986 2981 2979 2978 2981 2988 2982 2988 2987 2983 2987 2988 2981 2989 2975 2980 2933 2989 2976 2975 2989 2933 2933 2990 2934 2991 2933 2977 2990 2933 2991 2903 2994 2993 2905 2995 2903 2995 2905 2996 2903 2997 2994 2997 2903 2995 2903 2992 2906 2998 2903 2993 2992 2903 2998 3000 3001 2999 3001 3000 2992 3002 3003 3000 3004 3005 3006 3007 3004 3008 3005 3004 3007 3002 3000 2999 3002 3009 3003 3009 3008 3004 3008 3009 3002 2907 2992 3000 2907 2906 2992 2900 3010 3011 3010 2900 2902 2903 3012 3013 3014 3015 3010 3016 3017 3015 3018 3019 3020 3021 3018 3022 3019 3018 3021 3016 3015 3014 3016 3023 3017 3023 3022 3018 3022 3023 3016 3015 3011 3010 3011 3015 3024 3011 3012 2903 3025 3011 3024 3012 3011 3025 2903 3026 2904 3027 2903 3013 3026 2903 3027 3029 3031 3030 3032 3029 2897 3029 3033 3031 3033 3029 3032 3029 3028 2900 3034 3029 3030 3028 3029 3034 3036 3028 3035 3037 3038 3036 3039 3036 3035 3040 3041 3042 3043 3040 3044 3041 3040 3043 3037 3036 3039 3037 3045 3038 3045 3044 3040 3044 3045 3037 3028 2901 2900 2901 3028 3036 2894 3047 3048 3047 2894 2896 3049 3050 3048 3051 3052 3053 3054 3051 3055 3052 3051 3054 3049 3048 3047 3049 3056 3050 3056 3055 3051 3055 3056 3049 2894 3048 3057 3029 3057 3046 2894 3057 3029 3059 3029 3046 3058 3029 3059 3029 3060 2898 3061 3029 3058 3060 3029 3061 2898 2897 3029 3063 3065 3064 3066 3063 2891 3063 3067 3065 3067 3063 3066 3063 3064 3068 3063 3062 2894 3062 3063 3068 3062 3069 3070 3071 3072 3069 3073 3069 3062 3074 3075 3076 3077 3074 3078 3075 3074 3077 3071 3069 3073 3071 3079 3072 3079 3078 3074 3078 3079 3071 3062 3070 2895 2895 2894 3062 3082 2890 3081 2890 3082 2889 3083 3084 3082 3085 3086 3087 3088 3085 3089 3086 3085 3088 3083 3082 3081 3083 3090 3084 3090 3089 3085 3089 3090 3083 2889 3082 3091 3063 3091 3080 3091 3063 2889 3092 3063 3080 3063 3093 2892 3094 3063 3092 3093 3063 3094 2892 2891 3063 3096 3098 3097 3099 3096 2886 3096 3100 3098 3100 3096 3099 3101 3096 3097 3096 3095 2889 3095 3096 3101 3103 3095 3102 3104 3105 3103 3106 3107 3108 3109 3106 3110 3107 3106 3109 3104 3103 3102 3104 3111 3105 3111 3110 3106 3110 3111 3104 3095 3112 3113 3112 3095 3103 2889 3113 2890 3113 2889 3095 3116 3117 3118 2885 3115 2884 3119 3118 3120 3121 3120 2885 3119 3120 3121 3118 3119 3116 3115 2885 3120 3117 3122 3123 3122 3117 3116 2884 3124 3125 3124 2884 3115 3096 3125 3114 3125 3096 2884 3126 3096 3114 3096 3127 2887 3128 3096 3126 3127 3096 3128 2887 2886 3096 2884 3130 3131 2881 3133 3132 3133 2881 2883 3134 2881 3132 2881 3130 2884 3130 2881 3134 3136 3137 3135 3138 3139 3140 3141 3138 3142 3139 3138 3141 3136 3135 3131 3136 3143 3137 3143 3142 3138 3142 3143 3136 2884 3135 3129 3135 2884 3131 2885 2884 3129 3146 3147 3148 3148 2910 3146 2908 3148 3145 3148 2908 2910 3149 3150 3151 3152 3149 3146 3150 3149 3152 3147 3146 3149 2881 3145 3144 3145 2881 2908 2881 3144 3153 3154 3155 3156 3156 3157 3154 3157 3156 2882 3155 3158 3159 3158 3155 3154 2883 2882 3156 2882 2881 3153 2908 3160 3161 3163 3162 2908 3162 3163 2929 3162 3164 3165 3166 3167 3164 3168 3169 3170 3171 3168 3172 3169 3168 3171 3166 3164 3162 3166 3173 3167 3173 3172 3168 3172 3173 3166 2908 3165 3160 3165 2908 3162 2909 2908 3161 3176 3177 3178 2930 3179 3175 3178 2932 3176 2930 3178 3179 3178 2930 2932 3177 3180 3181 3180 3177 3176 2930 3175 3182 2930 3174 3163 3174 2930 3182 3183 3163 3174 3184 3185 3186 3187 3184 3188 3185 3184 3187 2927 3163 3183 3163 2927 2929 2927 3189 2928 3189 3188 3184 3188 3189 2927 2930 3190 3191 2919 3193 3192 3193 2919 2918 3192 2930 2919 3195 3192 3194 3196 3197 3195 3198 3199 3200 3201 3198 3202 3199 3198 3201 3196 3195 3194 3196 3203 3197 3203 3202 3198 3202 3203 3196 3192 3204 3205 3205 3192 3195 3204 3192 3205 2930 3205 3190 3205 2930 3192 2930 3191 3206 2930 3207 2931 3207 2930 3206 3208 3209 3210 3211 3212 3213 3214 3215 3216 3217 3218 3219 3219 3220 3217 3221 3222 3220 3223 3224 3225 3226 3227 3228 3222 3221 3224 3218 3217 3229 3213 3216 3215 3223 3225 3230 3231 3232 3233 3209 3208 3227 3210 3234 3208 3235 3211 3234 3216 3213 3212 3224 3223 3222 3212 3211 3235 3227 3226 3209 3215 3214 3236 3237 3238 3231 3232 3239 3233 3218 3236 3214 3230 3240 3237 3232 3231 3238 3239 3226 3228 3234 3210 3235 3236 3218 3229 3220 3219 3221 3240 3230 3225 3239 3232 3226 3238 3237 3240 3241 3242 3243 3244 3245 3246 3247 3248 3245 3249 3248 3250 3245 3244 3247 3242 3241 3251 3248 3247 3250 3248 3249 3241 3251 3241 3249 3252 3253 3254 3255 3256 3257 3258 3259 3260 3256 3255 3259 3261 3255 3257 3253 3252 3261 3255 3261 3252 3259 3258 3256 3262 3264 3263 3265 3266 3267 3266 3265 3268 3269 3270 3271 3272 3271 3273 3274 3270 3275 3276 3277 3274 3277 3276 3278 3270 3274 3277 3270 3269 3275 3271 3272 3269 3279 3280 3281 3282 3280 3283 3284 3283 3285 3286 3287 3279 3287 3286 3288 3280 3279 3287 3280 3282 3281 3283 3284 3282 3289 3290 3291 3291 3292 3289 3290 3289 3293 3294 3295 3296 3297 3296 3295 3298 3299 3300 3299 3298 3301 3302 3303 3304 3302 3305 3306 3307 3308 3309 3305 3302 3308 3303 3302 3306 3310 3304 3311 3311 3304 3303 3304 3310 3312 3308 3307 3305 3313 3314 3315 3316 3317 3318 3317 3316 3319 3314 3318 3317 3314 3313 3320 3315 3321 3313 3318 3314 3320 3321 3315 3322 3324 3325 3323 3325 3324 3326 3328 3327 3329 3330 3331 3332 3331 3330 3333 3334 3335 3336 3335 3337 3336 3338 3339 3340 3337 3335 3339 3341 3342 3334 3342 3343 3344 3335 3334 3342 3343 3342 3341 3339 3338 3337 3345 3346 3347 3346 3345 3348 3349 3348 3350 3349 3351 3352 3352 3353 3354 3353 3352 3351 3351 3349 3350 3348 3349 3346 3355 3356 3357 3356 3355 3358 3360 3359 3361 3361 3359 3362 3363 3364 3365 3364 3363 3366 3367 3368 3369 3370 3371 3372 3373 3372 3374 3373 3369 3368 3368 3375 3376 3371 3370 3377 3375 3368 3367 3369 3373 3374 3372 3373 3370 3378 3379 3380 3381 3382 3383 3384 3383 3385 3384 3380 3379 3379 3386 3387 3382 3381 3388 3386 3379 3378 3380 3384 3385 3383 3384 3381 3389 3391 3390 3392 3393 3394 3395 3394 3393 3396 3397 3398 3397 3396 3399 3401 3400 3402 3400 3401 3403 3404 3405 3406 3403 3407 3408 3406 3407 3404 3405 3404 3409 3407 3406 3408 3407 3403 3401 3410 3411 3412 3413 3414 3415 3416 3415 3417 3416 3412 3411 3411 3418 3419 3414 3413 3420 3418 3411 3410 3412 3416 3417 3415 3416 3413 3422 3423 3421 3421 3424 3422 3424 3421 3425 3428 3427 3426 3427 3428 3429 3430 3431 3432 3431 3430 3433 3434 3435 3436 3437 3438 3439 3437 3440 3441 3441 3442 3443 3444 3441 3440 3442 3441 3444 3440 3437 3439 3438 3437 3435 3435 3434 3438 3445 3446 3447 3448 3449 3450 3448 3451 3452 3452 3453 3454 3453 3452 3451 3451 3448 3450 3449 3448 3446 3446 3445 3449 3455 3456 3457 3455 3457 3458 3456 3455 3459 3460 3461 3462 3462 3463 3464 3463 3462 3461 3465 3466 3467 3466 3465 3468 3469 3470 3471 3472 3473 3474 3475 3474 3473 3475 3476 3477 3474 3475 3477 3476 3475 3470 3473 3472 3478 3470 3469 3476 3479 3480 3481 3482 3481 3483 3482 3484 3485 3485 3486 3487 3488 3485 3484 3486 3485 3488 3484 3482 3483 3481 3482 3479 3480 3479 3489 3492 3493 3494 3492 3491 3493 3491 3492 3490 3495 3496 3497 3498 3497 3496 3499 3500 3501 3500 3502 3503 3500 3499 3502 3504 3505 3506 3507 3504 3508 3509 3510 3511 3508 3512 3513 3511 3512 3509 3510 3509 3514 3505 3504 3507 3512 3508 3504 3512 3511 3513 3515 3516 3517 3518 3517 3519 3518 3520 3521 3521 3522 3523 3522 3521 3520 3520 3518 3519 3517 3518 3515 3516 3515 3524 3527 3528 3529 3526 3529 3525 3529 3526 3527 3530 3531 3532 3533 3534 3535 3533 3536 3534 3536 3533 3537 3538 3539 3540 3543 3544 3545 3540 3544 3538 3539 3538 3546 3542 3541 3547 3544 3540 3545 3544 3543 3542 3541 3542 3543 3548 3549 3550 3551 3550 3552 3551 3553 3554 3554 3555 3556 3555 3554 3553 3553 3551 3552 3550 3551 3548 3549 3548 3557 3559 3561 3560 3559 3560 3558 3562 3563 3564 3565 3566 3567 3566 3565 3568 3569 3570 3571 3572 3573 3574 3570 3569 3575 3576 3572 3574 3577 3578 3579 3575 3569 3576 3578 3577 3573 3572 3576 3569 3573 3572 3578 3580 3581 3582 3583 3582 3584 3583 3585 3586 3586 3587 3588 3589 3586 3585 3587 3586 3589 3585 3583 3584 3582 3583 3580 3581 3580 3590 3591 3592 3593 3593 3594 3591 3595 3596 3597 3597 3596 3598 3599 3600 3601 3600 3599 3602 3603 3604 3605 3606 3607 3604 3608 3607 3609 3610 3611 3612 3607 3606 3609 3611 3610 3613 3607 3608 3611 3604 3603 3606 3612 3611 3608 3614 3615 3616 3617 3616 3618 3617 3619 3620 3620 3621 3622 3621 3620 3619 3619 3617 3618 3616 3617 3614 3615 3614 3623 3625 3626 3624 3630 3629 3628 3627 3628 3629 3631 3632 3633 3632 3631 3634 3635 3636 3637 3638 3639 3636 3640 3639 3641 3636 3635 3638 3639 3638 3641 3639 3640 3642 3643 3642 3644 3644 3642 3640 3642 3643 3645 3646 3647 3648 3649 3648 3650 3649 3651 3652 3652 3653 3654 3655 3652 3651 3653 3652 3655 3651 3649 3650 3648 3649 3646 3647 3646 3656 3658 3659 3657 3659 3658 3660 3663 3661 3662 3665 3664 3663 3661 3663 3664 3666 3667 3668 3667 3666 3669 3670 3671 3672 3673 3674 3671 3675 3674 3676 3674 3673 3676 3677 3678 3675 3678 3677 3679 3674 3675 3678 3671 3670 3673 3680 3681 3682 3683 3682 3684 3683 3685 3686 3686 3687 3688 3689 3686 3685 3687 3686 3689 3685 3683 3684 3682 3683 3680 3681 3680 3690 3693 3692 3694 3692 3693 3691 3695 3696 3697 3698 3697 3696 3697 3698 3699 3700 3701 3702 3701 3700 3703 3704 3705 3706 3707 3704 3708 3709 3708 3710 3711 3706 3712 3712 3706 3705 3706 3711 3713 3705 3704 3714 3704 3707 3714 3708 3709 3707 3715 3716 3717 3715 3718 3719 3719 3720 3721 3722 3719 3718 3720 3719 3722 3723 3724 3716 3718 3715 3717 3716 3715 3723 3724 3723 3725 3727 3726 3728 3728 3729 3727 3731 3730 3732 3733 3732 3730 3734 3735 3736 3735 3734 3737 3738 3739 3740 3739 3741 3742 3743 3740 3739 3744 3743 3745 3741 3739 3738 3746 3745 3747 3740 3743 3748 3743 3744 3748 3745 3746 3744 3749 3750 3751 3752 3753 3754 3749 3754 3755 3751 3756 3757 3758 3751 3750 3756 3751 3758 3750 3749 3755 3754 3749 3752 3753 3752 3759 3760 3761 3762 3765 3763 3766 3764 3763 3765 3767 3768 3769 3768 3767 3770 3771 3772 3773 3774 3775 3776 3772 3771 3777 3775 3778 3772 3775 3774 3779 3773 3772 3778 3778 3775 3779 3776 3780 3774 3780 3776 3781 3782 3783 3784 3782 3785 3786 3786 3787 3788 3789 3790 3791 3783 3782 3790 3785 3782 3784 3787 3786 3792 3790 3789 3783 3792 3786 3785 3794 3793 3795 3793 3794 3796 3797 3798 3799 3798 3797 3800 3801 3802 3803 3804 3803 3802 3803 3804 3805 3806 3804 3807 3808 3807 3809 3804 3806 3805 3810 3802 3801 3802 3810 3811 3807 3808 3806 3812 3813 3814 3813 3812 3815 3816 3815 3817 3817 3818 3816 3821 3820 3819 3818 3819 3820 3820 3821 3822 3815 3816 3813 3819 3818 3817 3823 3825 3824 3825 3823 3826 3827 3828 3830 3828 3827 3829 3831 3832 3833 3832 3831 3834 3835 3836 3837 3838 3836 3839 3840 3841 3842 3842 3841 3838 3841 3840 3843 3836 3838 3841 3836 3835 3839 3837 3844 3835 3844 3837 3845 3846 3847 3848 3849 3847 3850 3851 3852 3853 3854 3851 3849 3852 3851 3854 3848 3855 3846 3847 3846 3850 3847 3849 3851 3855 3848 3856 3857 3858 3859 3859 3860 3857 3861 3862 3863 3864 3865 3866 3865 3864 3867 3870 3871 3872 3873 3874 3875 3868 3869 3876 3869 3868 3877 3878 3875 3871 3875 3878 3873 3871 3870 3878 3874 3876 3869 3876 3874 3873 3879 3880 3881 3881 3882 3883 3884 3885 3886 3880 3879 3887 3886 3879 3884 3885 3884 3888 3882 3881 3880 3879 3886 3887 3889 3890 3891 3895 3892 3893 3894 3893 3892 3896 3897 3898 3897 3896 3899 3900 3901 3902 3902 3903 3904 3905 3902 3901 3900 3906 3907 3901 3900 3907 3906 3900 3908 3909 3908 3910 3908 3909 3906 3903 3902 3905 3911 3912 3913 3914 3912 3915 3916 3917 3918 3918 3917 3914 3917 3916 3919 3912 3914 3917 3912 3911 3915 3920 3913 3921 3913 3920 3911 3922 3923 3924 3927 3926 3925 3925 3926 3928 3929 3930 3931 3930 3929 3932 3933 3934 3935 3936 3937 3934 3934 3933 3936 3938 3939 3940 3941 3933 3935 3939 3938 3942 3942 3938 3941 3933 3941 3938 3937 3936 3943 3944 3945 3946 3947 3946 3948 3947 3949 3950 3949 3947 3948 3946 3947 3944 3945 3944 3951 3950 3952 3953 3954 3950 3949 3952 3950 3954 3956 3955 3958 3955 3956 3957 3959 3960 3961 3962 3963 3964 3963 3962 3965 3966 3967 3968 3968 3969 3966 3970 3971 3972 3973 3970 3974 3971 3970 3973 3969 3974 3970 3974 3969 3968 3967 3966 3975 3976 3975 3977 3975 3976 3967 3978 3979 3980 3979 3978 3981 3979 3982 3980 3982 3979 3983 3981 3978 3984 3981 3985 3986 3986 3987 3988 3987 3986 3985 3985 3981 3984 3990 3991 3992 3990 3989 3991 3995 3993 3994 3994 3993 3995 3996 3993 3994 3997 3998 3999 3998 3997 4000 4001 4002 4003 4004 4003 4005 4004 4006 4007 4007 4008 4009 4010 4007 4006 4008 4007 4010 4006 4004 4005 4003 4004 4001 4002 4001 4011 4012 4013 4014 4015 4014 4016 4015 4017 4018 4018 4019 4020 4021 4018 4017 4019 4018 4021 4017 4015 4016 4014 4015 4012 4013 4012 4022 4023 4024 4025 4024 4023 4026 4029 4027 4028 4027 4029 4030 4031 4032 4033 4032 4031 4034 4035 4036 4037 4035 4038 4039 4039 4040 4041 4042 4039 4038 4040 4039 4042 4038 4035 4037 4036 4035 4043 4044 4043 4045 4043 4044 4036 4046 4047 4048 4049 4050 4051 4047 4046 4052 4048 4049 4046 4050 4049 4053 4054 4051 4050 4051 4054 4055 4049 4048 4053 4056 4058 4057 4059 4060 4061 4060 4059 4062 4063 4064 4065 4065 4066 4067 4067 4068 4069 4068 4067 4066 4066 4065 4064 4064 4063 4070 4070 4071 4072 4072 4073 4074 4074 4075 4076 4076 4077 4078 4079 4080 4077 4081 4069 4068 4082 4083 4081 4069 4081 4083 4083 4082 4084 4084 4085 4086 4085 4084 4082 4087 4086 4085 4088 4089 4087 4090 4091 4088 4092 4093 4090 4080 4079 4092 4071 4070 4063 4073 4072 4071 4075 4074 4073 4077 4076 4075 4077 4080 4078 4093 4092 4079 4091 4090 4093 4086 4087 4089 4089 4088 4091 4094 4095 4096 4097 4098 4095 4098 4099 4100 4095 4094 4097 4099 4098 4101 4098 4097 4101 4102 4103 4104 4103 4102 4105 4106 4107 4108 4107 4106 4109</p></triangles>
    </mesh></geometry>
  </library_geometries>
  <library_visual_scenes><visual_scene id="s">
    <node id="wrist_right_gear_link" name="wrist_right_gear_link"><instance_geometry url="#g"><bind_material><technique_common>
      <instance_material symbol="m0" target="#m0"/>
      <instance_material symbol="m1" target="#m1"/>
      <instance_material symbol="m2" target="#m2"/>
    </technique_common></bind_material></instance_geometry></node>
  </visual_scene></library_visual_scenes>
  <scene><instance_visual_scene url="#s"/></scene>
</COLLADA>
