<?xml version="1.0" encoding="utf-8"?>
<COLLADA xmlns="http://www.collada.org/2005/11/COLLADASchema" version="1.4.1">
  <asset><contributor><authoring_tool>scripts/cad/build_arm_description.py</authoring_tool></contributor><unit name="meter" meter="1"/><up_axis>Z_UP</up_axis></asset>
  <library_effects>
    <effect id="m0-fx"><profile_COMMON><technique sid="common"><phong><diffuse><color>0.6275 0.6275 0.6275 1</color></diffuse><specular><color>0.25 0.25 0.25 1</color></specular><shininess><float>30</float></shininess></phong></technique></profile_COMMON></effect>
    <effect id="m1-fx"><profile_COMMON><technique sid="common"><phong><diffuse><color>0.7922 0.8196 0.9333 1</color></diffuse><specular><color>0.25 0.25 0.25 1</color></specular><shininess><float>30</float></shininess></phong></technique></profile_COMMON></effect>
    <effect id="m2-fx"><profile_COMMON><technique sid="common"><phong><diffuse><color>1 0.949 0.9098 1</color></diffuse><specular><color>0.25 0.25 0.25 1</color></specular><shininess><float>30</float></shininess></phong></technique></profile_COMMON></effect>
  </library_effects>
  <library_materials>
    <material id="m0"><instance_effect url="#m0-fx"/></material>
    <material id="m1"><instance_effect url="#m1-fx"/></material>
    <material id="m2"><instance_effect url="#m2-fx"/></material>
  </library_materials>
  <library_geometries>
    <geometry id="g" name="wrist_roll_link"><mesh>
        <source id="p"><float_array id="pa" count="10806">0.0335 0.0095 0.061 0.035 -0.002 0.066 0.035 -0.002 0.061 0.0265 -0.023 0.061 0.0175 -0.0305 0.0935 0.0175 -0.0305 0.061 -0.016 -0.031 0.061 -0.025 -0.0245 0.0935 -0.025 -0.0245 0.061 -0.0315 -0.015 0.0935 -0.0315 -0.015 0.061 -0.034 0.008 0.061 -0.0295 0.0185 0.0935 -0.0295 0.0185 0.061 -0.022 0.027 0.0935 -0.0265 0.023 0.061 -0.0265 0.023 0.0935 -0.022 0.027 0.061 -0.012 0.033 0.0935 -0.012 0.033 0.061 0.0105 0.0335 0.061 0.021 0.028 0.0935 0.021 0.028 0.061 0.029 0.02 0.0935 0.029 0.02 0.061 0.0325 -0.0135 0.061 0.0265 -0.023 0.0935 -0.001 0.035 0.061 -0.01 0.0335 0.066 -0.001 0.035 0.066 0.0105 0.0335 0.0935 0.0055 0.0345 0.066 0.0055 0.0345 0.0935 0.0335 0.0095 0.066 0.0325 -0.0135 0.0935 0.0345 -0.0055 0.066 0.0345 -0.0055 0.0935 0.0065 -0.0345 0.061 0.01 -0.0335 0.066 0.0065 -0.0345 0.066 -0.005 -0.0345 0.066 -0.005 -0.0345 0.061 -0.016 -0.031 0.0935 -0.0055 -0.0345 0.066 -0.0055 -0.0345 0.0935 -0.035 -0.0035 0.061 -0.0335 -0.01 0.066 -0.035 -0.0035 0.066 -0.034 0.008 0.0935 -0.0345 0.0055 0.066 -0.0345 0.0055 0.0935 -0.01 0.0335 0.0935 0.0335 0.0095 0.0935 0.01 -0.0335 0.0935 -0.0335 -0.01 0.0935 0 0 0.061 -0.035 -0.0035 0.061 -0.034 0.008 0.061 -0.0315 -0.015 0.061 -0.0295 0.0185 0.061 -0.0265 0.023 0.061 -0.016 -0.031 0.061 -0.025 -0.0245 0.061 -0.005 -0.0345 0.061 0.0065 -0.0345 0.061 0.0175 -0.0305 0.061 0.0265 -0.023 0.061 0.0325 -0.0135 0.061 -0.022 0.027 0.061 0.035 -0.002 0.061 0.0335 0.0095 0.061 0.029 0.02 0.061 0.021 0.028 0.061 0.0105 0.0335 0.061 -0.001 0.035 0.061 -0.012 0.033 0.061 0.0115 0.011 0.066 0.03 0.0095 0.066 0.03 0.012 0.066 0.031 -0.006 0.066 0.035 -0.002 0.066 0.0335 0.0095 0.066 0.013 -0.0095 0.066 0.031 -0.0085 0.066 0.0345 -0.0055 0.066 -0.011 0.0115 0.066 -0.0095 0.03 0.066 -0.012 0.03 0.066 -0.001 0.035 0.066 0.0055 0.031 0.066 0.0055 0.0345 0.066 0.0095 0.013 0.066 0.008 0.031 0.066 -0.01 0.0335 0.066 -0.032 -0.01 0.066 -0.035 -0.0035 0.066 -0.0335 -0.01 0.066 -0.0115 -0.011 0.066 -0.033 0.0055 0.066 -0.0345 0.0055 0.066 -0.032 -0.0125 0.066 -0.033 0.008 0.066 -0.013 0.0095 0.066 0.011 -0.0115 0.066 0.0095 -0.03 0.066 0.012 -0.03 0.066 -0.0095 -0.013 0.066 -0.0055 -0.031 0.066 -0.008 -0.0315 0.066 -0.005 -0.0345 0.066 -0.0055 -0.0345 0.066 0.0065 -0.0345 0.066 0.01 -0.0335 0.066 0.021 0.028 0.0935 0.008 0.031 0.0935 0.0095 0.013 0.0935 -0.0335 -0.01 0.0935 -0.032 -0.0125 0.0935 -0.032 -0.01 0.0935 0.0335 0.0095 0.0935 0.03 0.012 0.0935 0.03 0.0095 0.0935 0.01 -0.0335 0.0935 0.012 -0.03 0.0935 0.0095 -0.03 0.0935 -0.0115 -0.011 0.0935 -0.0095 -0.013 0.0935 0.011 -0.0115 0.0935 0.0175 -0.0305 0.0935 -0.0095 0.03 0.0935 -0.012 0.033 0.0935 -0.012 0.03 0.0935 -0.0265 0.023 0.0935 -0.013 0.0095 0.0935 -0.011 0.0095 0.0935 -0.034 0.008 0.0935 -0.033 0.0055 0.0935 -0.033 0.008 0.0935 0.0115 0.011 0.0935 0.029 0.02 0.0935 -0.0315 -0.015 0.0935 -0.025 -0.0245 0.0935 -0.008 -0.0315 0.0935 -0.0055 -0.0345 0.0935 -0.0055 -0.031 0.0935 0.0265 -0.023 0.0935 -0.022 0.027 0.0935 -0.011 0.0115 0.0935 0.0105 0.0335 0.0935 -0.0095 -0.011 0.0935 0.0055 0.0345 0.0935 0.0055 0.031 0.0935 -0.0295 0.0185 0.0935 0.011 -0.0095 0.0935 0.0325 -0.0135 0.0935 0.013 -0.0095 0.0935 0.0345 -0.0055 0.0935 0.031 -0.0085 0.0935 -0.016 -0.031 0.0935 0.031 -0.006 0.0935 -0.0345 0.0055 0.0935 0.0095 0.0105 0.0935 -0.01 0.0335 0.0935 -0.032 -0.0125 0.066 -0.0115 -0.011 0.0935 -0.0115 -0.011 0.066 -0.032 -0.0125 0.0935 -0.032 -0.0125 0.0935 -0.032 -0.01 0.066 -0.032 -0.01 0.0935 -0.032 -0.0125 0.066 -0.032 -0.01 0.0935 -0.0335 -0.01 0.066 -0.0335 -0.01 0.0935 -0.032 -0.01 0.066 -0.0055 -0.0345 0.0935 -0.0055 -0.031 0.066 -0.0055 -0.031 0.0935 -0.0055 -0.0345 0.066 -0.008 -0.0315 0.066 -0.0055 -0.031 0.0935 -0.0055 -0.031 0.066 -0.008 -0.0315 0.0935 -0.008 -0.0315 0.0935 -0.0095 -0.013 0.066 -0.0095 -0.013 0.0935 -0.008 -0.0315 0.066 -0.0095 -0.013 0.0935 0.011 -0.0115 0.066 0.011 -0.0115 0.0935 -0.0095 -0.013 0.066 0.011 -0.0115 0.0935 0.012 -0.03 0.066 0.012 -0.03 0.0935 0.011 -0.0115 0.066 0.012 -0.03 0.0935 0.0095 -0.03 0.066 0.0095 -0.03 0.0935 0.012 -0.03 0.066 0.01 -0.0335 0.066 0.0095 -0.03 0.0935 0.0095 -0.03 0.066 0.01 -0.0335 0.0935 0.031 -0.006 0.066 0.0345 -0.0055 0.0935 0.0345 -0.0055 0.066 0.031 -0.006 0.0935 0.031 -0.006 0.0935 0.031 -0.0085 0.066 0.031 -0.0085 0.0935 0.031 -0.006 0.066 0.013 -0.0095 0.066 0.031 -0.0085 0.0935 0.031 -0.0085 0.066 0.013 -0.0095 0.0935 0.0115 0.011 0.066 0.013 -0.0095 0.0935 0.013 -0.0095 0.066 0.0115 0.011 0.0935 0.03 0.012 0.066 0.0115 0.011 0.0935 0.0115 0.011 0.066 0.03 0.012 0.0935 0.03 0.0095 0.066 0.03 0.012 0.0935 0.03 0.012 0.066 0.03 0.0095 0.0935 0.0335 0.0095 0.0935 0.03 0.0095 0.066 0.0335 0.0095 0.066 0.03 0.0095 0.0935 0.0055 0.0345 0.0935 0.0055 0.031 0.066 0.0055 0.031 0.0935 0.0055 0.0345 0.066 0.008 0.031 0.066 0.0055 0.031 0.0935 0.0055 0.031 0.066 0.008 0.031 0.0935 0.008 0.031 0.0935 0.0095 0.013 0.066 0.0095 0.013 0.0935 0.008 0.031 0.066 0.0095 0.013 0.0935 -0.011 0.0115 0.066 -0.011 0.0115 0.0935 0.0095 0.013 0.066 -0.011 0.0115 0.0935 -0.012 0.03 0.066 -0.012 0.03 0.0935 -0.011 0.0115 0.066 -0.0095 0.03 0.066 -0.012 0.03 0.0935 -0.012 0.03 0.066 -0.0095 0.03 0.0935 -0.01 0.0335 0.066 -0.0095 0.03 0.0935 -0.0095 0.03 0.066 -0.01 0.0335 0.0935 -0.033 0.0055 0.066 -0.0345 0.0055 0.0935 -0.0345 0.0055 0.066 -0.033 0.0055 0.0935 -0.033 0.008 0.066 -0.033 0.0055 0.0935 -0.033 0.0055 0.066 -0.033 0.008 0.0935 -0.013 0.0095 0.066 -0.033 0.008 0.0935 -0.033 0.008 0.066 -0.013 0.0095 0.0935 -0.0115 -0.011 0.066 -0.013 0.0095 0.0935 -0.013 0.0095 0.066 -0.0115 -0.011 0.0935 0.011 -0.0095 0.0765 0.0095 0.0105 0.0935 0.0095 0.0105 0.0765 0.011 -0.0095 0.0935 0.0095 0.0105 0.0765 -0.011 0.0095 0.0935 -0.011 0.0095 0.0765 0.0095 0.0105 0.0935 -0.011 0.0095 0.0765 -0.0095 -0.011 0.0935 -0.0095 -0.011 0.0765 -0.011 0.0095 0.0935 0.011 -0.0095 0.0935 -0.0095 -0.011 0.0765 -0.0095 -0.011 0.0935 0.011 -0.0095 0.0765 -0.0095 -0.011 0.0765 0.0095 0.0105 0.0765 -0.011 0.0095 0.0765 0.011 -0.0095 0.0765 -0.023 -0.012 0.061 -0.017 -0.02 0.051 -0.017 -0.02 0.061 -0.008 -0.0245 0.051 -0.008 -0.0245 0.061 -0.023 -0.012 0.051 0.002 -0.026 0.051 0.0245 -0.008 0.051 0.02 -0.017 0.061 0.02 -0.017 0.051 0.026 0.002 0.051 0.0245 -0.008 0.061 0.023 0.012 0.051 0.026 0.002 0.061 0.017 0.02 0.051 0.023 0.012 0.061 0.008 0.0245 0.051 0.017 0.02 0.061 -0.002 0.026 0.051 0.008 0.0245 0.061 -0.0245 0.008 0.051 -0.02 0.017 0.061 -0.02 0.017 0.051 -0.026 -0.002 0.051 -0.0245 0.008 0.061 -0.026 -0.002 0.061 -0.0175 0.0195 0.052 -0.012 0.023 0.051 -0.0175 0.0195 0.056 -0.012 0.023 0.061 -0.012 0.023 0.056 -0.0055 0.0255 0.056 -0.002 0.026 0.061 -0.0055 0.0255 0.052 -0.012 0.023 0.052 0.0175 -0.0195 0.052 0.012 -0.023 0.051 0.0175 -0.0195 0.056 0.012 -0.023 0.061 0.012 -0.023 0.056 0.0055 -0.0255 0.056 0.002 -0.026 0.061 0.0055 -0.0255 0.052 0.012 -0.023 0.052 0 0 0.051 0.023 0.012 0.051 0.026 0.002 0.051 0.017 0.02 0.051 0.008 0.0245 0.051 -0.002 0.026 0.051 -0.012 0.023 0.051 -0.02 0.017 0.051 -0.0245 0.008 0.051 -0.026 -0.002 0.051 -0.023 -0.012 0.051 -0.017 -0.02 0.051 -0.008 -0.0245 0.051 0.002 -0.026 0.051 0.012 -0.023 0.051 0.02 -0.017 0.051 0.0245 -0.008 0.051 0.008 0.0245 0.061 0 0 0.061 0.017 0.02 0.061 -0.002 0.026 0.061 -0.012 0.023 0.061 -0.02 0.017 0.061 -0.0245 0.008 0.061 -0.026 -0.002 0.061 -0.023 -0.012 0.061 -0.017 -0.02 0.061 -0.008 -0.0245 0.061 0.002 -0.026 0.061 0.02 -0.017 0.061 0.0245 -0.008 0.061 0.012 -0.023 0.061 0.026 0.002 0.061 0.023 0.012 0.061 -0.0055 0.0255 0.056 -0.006 0.0265 0.0535 -0.006 0.0265 0.055 -0.006 0.0265 0.053 -0.006 0.026 0.055 -0.006 0.026 0.053 -0.0055 0.0255 0.052 -0.018 0.02 0.0535 -0.0125 0.024 0.055 -0.0125 0.024 0.0535 -0.006 0.0265 0.055 -0.006 0.0265 0.0535 -0.018 0.02 0.055 -0.018 0.02 0.053 -0.018 0.02 0.0535 -0.0175 0.0195 0.052 -0.018 0.02 0.055 -0.0175 0.0195 0.056 -0.018 0.02 0.055 -0.012 0.023 0.056 -0.012 0.024 0.055 -0.0055 0.0255 0.056 -0.006 0.026 0.055 -0.0175 0.0195 0.056 -0.012 0.024 0.053 -0.0175 0.0195 0.052 -0.018 0.02 0.053 -0.012 0.023 0.052 -0.006 0.026 0.053 -0.0055 0.0255 0.052 0.006 -0.026 0.055 0.006 -0.0265 0.055 0.006 -0.026 0.053 0.0055 -0.0255 0.056 0.0055 -0.0255 0.052 0.006 -0.0265 0.0535 0.006 -0.0265 0.053 0.006 -0.0265 0.055 0.0125 -0.024 0.0535 0.0125 -0.024 0.055 0.006 -0.0265 0.0535 0.018 -0.02 0.0535 0.018 -0.02 0.055 0.018 -0.02 0.053 0.018 -0.02 0.055 0.0175 -0.0195 0.052 0.0175 -0.0195 0.056 0.012 -0.023 0.056 0.018 -0.02 0.055 0.0175 -0.0195 0.056 0.0055 -0.0255 0.056 0.012 -0.024 0.055 0.006 -0.026 0.055 0.0175 -0.0195 0.052 0.012 -0.024 0.053 0.012 -0.023 0.052 0.018 -0.02 0.053 0.006 -0.026 0.053 0.0055 -0.0255 0.052 0.0125 -0.024 0.055 0.006 -0.0265 0.055 0.018 -0.02 0.055 0.006 -0.026 0.055 0.012 -0.024 0.055 0.006 -0.0265 0.0535 0.0125 -0.024 0.053 0.0125 -0.024 0.0535 0.018 -0.02 0.053 0.006 -0.0265 0.053 0.012 -0.024 0.053 0.006 -0.026 0.053 0.018 -0.02 0.0535 -0.0125 0.024 0.053 -0.018 0.02 0.053 -0.006 0.0265 0.053 -0.012 0.024 0.053 -0.006 0.026 0.053 -0.006 0.0265 0.0535 -0.0125 0.024 0.0535 -0.018 0.02 0.0535 -0.0125 0.024 0.055 -0.006 0.026 0.055 -0.006 0.0265 0.055 -0.018 0.02 0.055 -0.012 0.024 0.055 0.0075 -0.0005 0.0185 0.0075 -0.0005 0.019 0.0065 0.003 0.0185 0.0065 0.0035 0.019 0.0065 0.003 0.019 0.004 0.006 0.019 -0.003 0.0065 0.019 -0.006 0.004 0.019 -0.006 0.004 0.0195 -0.0075 0.0005 0.0195 -0.0065 -0.003 0.0195 -0.004 -0.006 0.0195 -0.004 -0.006 0.048 -0.0005 -0.0075 0.0195 -0.0005 -0.0075 0.048 0.001 -0.0075 0.02 0.001 -0.0075 0.048 0.003 -0.0065 0.02 0.005 -0.0055 0.02 0.006 -0.004 0.048 0.0075 -0.0005 0.02 0.0075 -0.0005 0.048 0.0065 0.003 0.02 0.0065 0.003 0.048 0.004 0.006 0.0205 0.004 0.006 0.048 0.0005 0.0075 0.0205 0.0005 0.0075 0.048 -0.003 0.0065 0.0205 -0.003 0.0065 0.048 -0.006 0.004 0.0205 -0.006 0.004 0.048 -0.0075 0.0005 0.021 -0.0075 0.0005 0.048 -0.0065 -0.003 0.021 -0.0065 -0.003 0.048 0.006 -0.004 0.02 0.005 -0.0055 0.048 0.006 -0.004 0.0185 0.0035 -0.0065 0.0185 0.003 -0.0065 0.0185 0 -0.0075 0.0185 -0.0005 -0.0075 0.018 -0.0035 -0.0065 0.0185 -0.004 -0.006 0.018 -0.0005 -0.0075 0.0185 -0.0065 -0.0035 0.018 -0.0065 -0.003 0.018 -0.0075 0 0.018 -0.0075 0.0005 0.018 -0.0065 0.0035 0.018 -0.006 0.004 0.0175 -0.0035 0.0065 0.018 -0.003 0.0065 0.0175 -0.006 0.004 0.018 0 0.0075 0.0175 0.0005 0.0075 0.0175 0.0035 0.0065 0.0175 0.004 0.006 0.0175 0.006 0.004 0.0175 0.0065 0.003 0.017 0.0075 0.0005 0.0175 0.0075 -0.0005 0.017 0.0065 0.003 0.0175 0.0065 -0.0035 0.017 0.006 -0.004 0.017 0.004 -0.006 0.017 0.003 -0.0065 0.017 0.0005 -0.0075 0.017 -0.0005 -0.0075 0.0165 -0.003 -0.0065 0.017 -0.0005 -0.0075 0.017 -0.004 -0.006 0.0165 -0.006 -0.004 0.0165 -0.0065 -0.003 0.0165 -0.0075 -0.0005 0.0165 -0.0075 0.0005 0.0165 -0.0065 0.003 0.0165 -0.006 0.004 0.016 -0.004 0.006 0.0165 -0.003 0.0065 0.016 -0.006 0.004 0.0165 -0.0005 0.0075 0.016 0.0005 0.0075 0.016 0.003 0.0065 0.016 0.004 0.006 0.016 0.006 0.0045 0.016 0.0065 0.003 0.0155 0.007 0.001 0.016 0.0075 -0.0005 0.0155 0.0065 0.003 0.016 0.0065 -0.003 0.0155 0.006 -0.004 0.0155 0.0045 -0.006 0.0155 0.003 -0.0065 0.0155 0.001 -0.007 0.0155 -0.0005 -0.0075 0.015 -0.004 -0.006 0.015 -0.0025 -0.007 0.0155 -0.0005 -0.0075 0.0155 -0.0055 -0.0045 0.015 -0.0065 -0.003 0.015 -0.007 -0.001 0.015 -0.0075 0.0005 0.015 -0.006 0.004 0.0145 -0.006 0.004 0.015 -0.007 0.0025 0.015 -0.0045 0.0055 0.015 -0.003 0.0065 0.0145 0.0005 0.0075 0.0145 -0.0015 0.007 0.0145 0.004 0.006 0.0145 0.0025 0.007 0.0145 0.0055 0.005 0.0145 0.0065 0.003 0.014 0.0065 0.003 0.0145 0.0075 -0.0005 0.014 0.007 0.0015 0.0145 0.006 -0.004 0.014 0.007 -0.002 0.014 0.005 -0.0055 0.014 0.0035 -0.0065 0.014 0.003 -0.0065 0.014 -0.0005 -0.0075 0.0135 -0.0005 -0.0075 0.014 0.0015 -0.007 0.014 -0.004 -0.006 0.0135 -0.002 -0.007 0.014 -0.0055 -0.005 0.0135 -0.0065 -0.0035 0.0135 -0.0065 -0.003 0.0135 -0.0075 0.0005 0.0135 -0.007 -0.002 0.0135 -0.006 0.004 0.013 -0.006 0.004 0.0135 -0.007 0.002 0.0135 -0.005 0.005 0.0135 -0.0035 0.0065 0.013 -0.003 0.0065 0.013 0.0005 0.0075 0.013 -0.002 0.007 0.013 0.004 0.006 0.013 0.002 0.007 0.013 0.005 0.0055 0.013 0.0065 0.0035 0.0125 0.0065 0.003 0.013 0.0065 0.003 0.0125 0.0075 -0.0005 0.0125 0.007 0.002 0.013 0.006 -0.004 0.0125 0.007 -0.0015 0.0125 0.0055 -0.005 0.0125 0.0035 -0.0065 0.0125 0.003 -0.0065 0.0125 -0.0005 -0.0075 0.012 -0.0005 -0.0075 0.0125 0.0025 -0.007 0.0125 -0.0015 -0.007 0.0125 -0.004 -0.006 0.012 -0.0025 -0.007 0.012 -0.005 -0.0055 0.012 -0.0065 -0.003 0.012 0.0265 -0.007 0.055 0.027 -0.002 0.053 0.0265 -0.007 0.053 0.027 -0.002 0.055 0.026 0.0075 0.053 0.026 0.0075 0.055 -0.0075 0.026 0.055 -0.0115 0.0245 0.053 -0.0075 0.026 0.053 0.002 0.027 0.055 -0.0025 0.027 0.053 0.002 0.027 0.053 0.007 0.0265 0.055 0.007 0.026 0.053 0.0115 0.0245 0.053 -0.0165 0.022 0.055 -0.0195 0.019 0.053 -0.0165 0.022 0.053 -0.023 0.0145 0.055 -0.0245 0.0115 0.053 -0.023 0.0145 0.053 0.0195 0.019 0.061 0.0235 0.014 0.055 0.0235 0.014 0.061 -0.026 0.0085 0.053 -0.0245 0.0115 0.055 -0.026 0.0085 0.055 -0.0195 0.019 0.055 -0.0115 0.0245 0.055 -0.0025 0.027 0.055 0.0115 0.0245 0.061 0.007 0.0265 0.061 0.0225 0.0155 0.053 0.0235 0.014 0.053 0.0195 0.019 0.053 0.0155 0.022 0.053 0.0225 0.0155 0.053 0.02 0.017 0.052 0.0215 0.015 0.052 0.0155 0.022 0.053 0.0125 0.023 0.052 0.015 0.0215 0.052 0.007 0.026 0.053 0.0035 0.026 0.052 0.007 0.0255 0.052 -0.0025 0.027 0.053 -0.0065 0.0255 0.052 -0.002 0.026 0.052 -0.0115 0.0245 0.053 -0.015 0.0215 0.052 -0.011 0.0235 0.052 -0.0195 0.019 0.053 -0.022 0.0145 0.052 -0.0185 0.0185 0.052 -0.027 0.002 0.053 -0.026 -0.004 0.052 -0.026 0.002 0.052 0.025 0.0105 0.053 0.0245 0.0085 0.052 0.025 0.007 0.052 -0.026 0.007 0.053 -0.0265 0.007 0.053 -0.0255 0.0055 0.052 -0.026 0.007 0.0525 -0.024 0.011 0.052 -0.0255 0.0085 0.053 -0.0245 0.0115 0.053 -0.026 0.0085 0.053 -0.0255 0.0085 0.0525 0.0235 0.014 0.053 -0.026 -0.0075 0.053 -0.025 -0.007 0.052 -0.023 0.0145 0.053 -0.0165 0.022 0.053 -0.0075 0.026 0.053 0.002 0.027 0.053 0.0115 0.0245 0.053 0.0195 0.019 0.053 -0.025 -0.007 0.056 -0.026 0.002 0.061 -0.025 -0.007 0.061 -0.024 0.011 0.056 -0.0185 0.0185 0.061 -0.024 0.011 0.061 -0.0185 0.0185 0.056 -0.0115 0.0235 0.061 -0.0115 0.0235 0.056 -0.0025 0.026 0.061 -0.0025 0.026 0.056 0.0065 0.0255 0.061 0.0065 0.0255 0.056 -0.026 0.002 0.056 -0.024 0.011 0.056 -0.0255 0.0085 0.0555 -0.023 0.0145 0.055 -0.0185 0.0185 0.056 -0.0245 0.0115 0.055 -0.0165 0.022 0.055 -0.0115 0.0235 0.056 -0.0195 0.019 0.055 -0.0075 0.026 0.055 -0.0025 0.026 0.056 -0.0115 0.0245 0.055 0.002 0.027 0.055 0.0065 0.0255 0.056 -0.0025 0.027 0.055 -0.026 0.007 0.0555 -0.026 0.002 0.056 -0.026 -0.0075 0.055 -0.025 -0.007 0.056 0.007 0.0265 0.055 -0.027 0.002 0.055 -0.026 0.0085 0.055 -0.0265 0.007 0.055 -0.0265 0.007 0.055 -0.027 0.002 0.053 -0.0265 0.007 0.053 -0.026 -0.0075 0.053 -0.027 0.002 0.055 -0.026 -0.0075 0.055 0.0245 -0.0115 0.053 0.023 -0.0145 0.055 0.0245 -0.0115 0.055 -0.0195 -0.019 0.061 -0.0155 -0.022 0.053 -0.0195 -0.019 0.053 -0.0235 -0.014 0.055 -0.0235 -0.014 0.061 -0.007 -0.0265 0.055 -0.007 -0.026 0.053 -0.0115 -0.0245 0.053 -0.0025 -0.027 0.055 0.0025 -0.027 0.053 -0.0025 -0.027 0.053 0.0075 -0.026 0.055 0.0115 -0.0245 0.053 0.0075 -0.026 0.053 0.016 -0.022 0.055 0.0195 -0.019 0.053 0.016 -0.022 0.053 0.023 -0.0145 0.053 0.026 -0.0085 0.053 0.026 -0.0085 0.055 -0.0115 -0.0245 0.061 0.0195 -0.019 0.055 0.0115 -0.0245 0.055 0.0025 -0.027 0.055 -0.007 -0.0265 0.061 -0.0225 -0.0155 0.053 -0.0235 -0.014 0.053 -0.0185 0.0185 0.052 -0.015 0.0215 0.051 -0.015 0.0215 0.052 0.002 -0.026 0.052 0.011 -0.024 0.051 0.0015 -0.026 0.051 0.0015 -0.026 0.052 -0.007 -0.0255 0.052 -0.008 -0.025 0.051 -0.008 -0.025 0.052 -0.011 0.024 0.051 -0.0065 0.0255 0.052 -0.011 0.0235 0.052 -0.002 0.026 0.052 0.0035 0.026 0.051 0.0035 0.026 0.052 -0.0065 0.0255 0.051 0.007 0.0255 0.052 0.0125 0.023 0.051 0.0125 0.023 0.052 -0.022 0.0145 0.051 -0.024 0.011 0.052 -0.022 0.0145 0.052 -0.0255 0.0055 0.051 -0.026 0.002 0.052 -0.0255 0.0055 0.052 -0.026 -0.004 0.051 -0.025 -0.007 0.052 -0.026 -0.004 0.052 -0.0225 -0.013 0.051 -0.0215 -0.015 0.052 -0.0225 -0.013 0.052 -0.0165 -0.0205 0.051 -0.015 -0.0215 0.052 -0.0165 -0.0205 0.052 0.015 0.0215 0.052 0.02 0.017 0.051 0.02 0.017 0.052 0.0215 0.015 0.052 0.0245 0.0085 0.051 0.0245 0.0085 0.052 0.025 0.007 0.052 0.026 -0.001 0.051 0.026 -0.001 0.052 0.026 -0.002 0.052 0.024 -0.01 0.051 0.024 -0.01 0.052 0.024 -0.011 0.052 0.019 -0.0185 0.051 0.0185 -0.0185 0.052 0.011 -0.0235 0.052 0.026 -0.002 0.061 0.025 0.007 0.056 0.026 -0.002 0.056 0.024 -0.011 0.061 0.024 -0.011 0.056 0.0185 -0.0185 0.061 0.0185 -0.0185 0.056 0.0115 -0.0235 0.061 0.0115 -0.0235 0.056 0.0025 -0.026 0.061 0.0025 -0.026 0.056 -0.0065 -0.0255 0.061 -0.0065 -0.0255 0.056 0.025 0.007 0.061 0.021 -0.0215 0.061 0.0115 -0.0235 0.061 0.0125 -0.0275 0.061 0.0025 -0.03 0.061 -0.0065 -0.0255 0.061 -0.007 -0.0265 0.061 0.0025 -0.026 0.061 -0.0025 0.03 0.061 0.0065 0.0255 0.061 0.007 0.0265 0.061 -0.03 0.003 0.061 -0.024 0.011 0.061 -0.027 0.013 0.061 0.03 -0.003 0.061 0.024 -0.011 0.061 0.027 -0.013 0.061 -0.029 -0.0075 0.061 -0.026 0.002 0.061 -0.0185 0.0185 0.061 -0.021 0.0215 0.061 0.029 0.0075 0.061 0.026 -0.002 0.061 0.0185 -0.0185 0.061 -0.0175 -0.0245 0.061 -0.0195 -0.019 0.061 -0.0245 -0.017 0.061 -0.0115 0.0235 0.061 -0.0125 0.0275 0.061 0.0175 0.0245 0.061 0.0115 0.0245 0.061 0.0195 0.019 0.061 -0.008 -0.029 0.061 -0.0115 -0.0245 0.061 -0.025 -0.0105 0.061 -0.0025 0.026 0.061 0.008 0.029 0.061 0.0245 0.017 0.061 0.025 0.0105 0.061 -0.0235 -0.014 0.061 -0.025 -0.007 0.061 0.025 0.007 0.061 0.0235 0.014 0.061 0.027 -0.013 0.048 0.021 -0.0215 0.061 0.021 -0.0215 0.048 0.03 -0.003 0.048 0.027 -0.013 0.061 0.029 0.0075 0.048 0.03 -0.003 0.061 0.0245 0.017 0.048 0.029 0.0075 0.061 0.0175 0.0245 0.048 0.0245 0.017 0.061 0.008 0.029 0.048 0.0175 0.0245 0.061 -0.0025 0.03 0.048 0.008 0.029 0.061 -0.0125 0.0275 0.048 -0.0025 0.03 0.061 -0.021 0.0215 0.048 -0.0125 0.0275 0.061 -0.027 0.013 0.048 -0.021 0.0215 0.061 -0.03 0.003 0.048 -0.027 0.013 0.061 -0.029 -0.0075 0.048 -0.03 0.003 0.061 -0.0245 -0.017 0.048 -0.029 -0.0075 0.061 -0.0175 -0.0245 0.048 -0.0245 -0.017 0.061 -0.008 -0.029 0.048 -0.0175 -0.0245 0.061 0.0125 -0.0275 0.061 0.0025 -0.03 0.048 -0.008 -0.029 0.061 0.0125 -0.0275 0.048 0.0025 -0.03 0.061 -0.0195 -0.019 0.053 -0.0215 -0.015 0.052 -0.0225 -0.0155 0.053 -0.0165 -0.0205 0.052 -0.0155 -0.022 0.053 -0.015 -0.0215 0.052 -0.0115 -0.0245 0.053 0.0255 -0.0085 0.053 0.024 -0.01 0.052 0.024 -0.011 0.052 0.026 -0.002 0.052 0.026 -0.007 0.0525 0.0245 -0.0115 0.053 -0.008 -0.025 0.052 0.026 -0.007 0.053 0.027 -0.002 0.053 0.0265 -0.007 0.053 -0.0225 -0.013 0.052 -0.025 -0.0105 0.053 -0.0235 -0.014 0.053 0.026 -0.001 0.052 0.023 -0.0145 0.053 0.0185 -0.0185 0.052 0.016 -0.022 0.053 0.0195 -0.019 0.053 0.011 -0.0235 0.052 0.0075 -0.026 0.053 0.0115 -0.0245 0.053 0.0015 -0.026 0.052 -0.0025 -0.027 0.053 0.0025 -0.027 0.053 -0.007 -0.026 0.053 -0.007 -0.0255 0.052 0.002 -0.026 0.052 0.026 0.0075 0.053 0.025 0.007 0.052 -0.025 -0.007 0.052 0.0255 -0.0085 0.0525 0.026 -0.0085 0.053 0.0255 -0.0085 0.0555 0.024 -0.011 0.056 0.026 -0.007 0.0555 0.0245 -0.0115 0.055 0.0025 -0.026 0.056 -0.0025 -0.027 0.055 -0.0065 -0.0255 0.056 0.0025 -0.027 0.055 0.026 0.0075 0.055 0.026 -0.002 0.056 0.025 0.007 0.056 0.0185 -0.0185 0.056 0.023 -0.0145 0.055 0.0195 -0.019 0.055 0.0115 -0.0235 0.056 0.016 -0.022 0.055 0.0115 -0.0245 0.055 0.0075 -0.026 0.055 0.027 -0.002 0.055 0.0265 -0.007 0.055 0.026 -0.0085 0.055 -0.007 -0.0265 0.055 -0.007 -0.0265 0.061 -0.0065 -0.0255 0.056 -0.007 -0.0265 0.055 -0.0065 -0.0255 0.061 -0.0235 -0.014 0.055 -0.025 -0.0105 0.061 -0.0235 -0.014 0.061 -0.025 -0.007 0.056 -0.025 -0.0105 0.053 -0.025 -0.007 0.052 -0.025 -0.007 0.061 -0.0235 -0.014 0.053 -0.025 -0.007 0.056 -0.026 -0.0075 0.053 -0.026 -0.0075 0.055 -0.025 -0.007 0.052 -0.026 0.007 0.053 -0.0265 0.007 0.055 -0.0265 0.007 0.053 -0.026 0.007 0.0555 -0.026 0.007 0.0525 -0.0255 0.0085 0.0555 -0.026 0.007 0.0555 -0.0255 0.0085 0.0525 -0.0255 0.0085 0.053 -0.026 0.0085 0.055 -0.0255 0.0085 0.0555 -0.026 0.0085 0.053 0.007 0.0265 0.061 0.0065 0.0255 0.056 0.007 0.0265 0.055 0.0065 0.0255 0.061 0.0235 0.014 0.055 0.025 0.0105 0.061 0.0235 0.014 0.061 0.025 0.0105 0.053 0.025 0.007 0.056 0.025 0.007 0.052 0.025 0.007 0.061 0.0235 0.014 0.053 0.025 0.007 0.056 0.026 0.0075 0.053 0.026 0.0075 0.055 0.025 0.007 0.052 0.026 -0.007 0.053 0.0265 -0.007 0.055 0.0265 -0.007 0.053 0.026 -0.007 0.0555 0.0255 -0.0085 0.0555 0.026 -0.007 0.0525 0.0255 -0.0085 0.0525 0.026 -0.007 0.0555 0.0255 -0.0085 0.053 0.026 -0.0085 0.055 0.0255 -0.0085 0.0555 0.026 -0.0085 0.053 0 0 0.051 -0.0065 0.0255 0.051 -0.011 0.024 0.051 0.0035 0.026 0.051 0.0125 0.023 0.051 0.02 0.017 0.051 0.0245 0.0085 0.051 0.026 -0.001 0.051 0.024 -0.01 0.051 0.019 -0.0185 0.051 0.011 -0.024 0.051 0.0015 -0.026 0.051 -0.008 -0.025 0.051 -0.0165 -0.0205 0.051 -0.0225 -0.013 0.051 -0.026 -0.004 0.051 -0.0255 0.0055 0.051 -0.022 0.0145 0.051 -0.015 0.0215 0.051 0.0125 -0.0275 0.048 0.002 -0.0095 0.048 0.006 -0.008 0.048 0.021 -0.0215 0.048 0.027 -0.013 0.048 0.0075 -0.0005 0.048 0.03 -0.003 0.048 -0.0245 -0.017 0.048 -0.004 -0.006 0.048 -0.0175 -0.0245 0.048 -0.008 -0.029 0.048 -0.0005 -0.0075 0.048 0.001 -0.0075 0.048 0.008 0.029 0.048 0.004 0.006 0.048 0.0005 0.0075 0.048 -0.027 0.013 0.048 -0.0075 0.0005 0.048 -0.03 0.003 0.048 -0.029 -0.0075 0.048 0.0025 -0.03 0.048 0.006 -0.004 0.048 0.005 -0.0055 0.048 0.029 0.0075 0.048 0.0065 0.003 0.048 0.0245 0.017 0.048 0.0175 0.0245 0.048 -0.0025 0.03 0.048 -0.003 0.0065 0.048 -0.0125 0.0275 0.048 -0.006 0.004 0.048 -0.021 0.0215 0.048 -0.0065 -0.003 0.048 0.005 -0.0055 0.02 0.006 -0.008 0.048 0.006 -0.008 0.02 0.005 -0.0055 0.048 0.006 -0.008 0.02 0.002 -0.0095 0.048 0.002 -0.0095 0.02 0.006 -0.008 0.048 0.001 -0.0075 0.048 0.002 -0.0095 0.02 0.002 -0.0095 0.048 0.001 -0.0075 0.02 0.003 -0.0065 0.02 0.002 -0.0095 0.02 0.001 -0.0075 0.02 0.006 -0.008 0.02 0.005 -0.0055 0.02 0 -0.007 0.012 -0.0065 -0.003 0.012 -0.007 -0.0025 0.012 0.0065 -0.0005 0.012 0.0065 0 0.012 -0.006 0.003 0.012 -0.005 0.0045 0.012 0.004 -0.0055 0.012 0.003 -0.006 0.012 -0.007 -0.001 0.012 0 0.0065 0.012 0.0015 0.0065 0.012 0.0065 -0.002 0.012 0.0025 -0.0065 0.012 -0.007 0.001 0.012 -0.0045 0.005 0.012 0.0025 0.006 0.012 0.0055 -0.0035 0.012 -0.0025 0.006 0.012 0.0045 0.0045 0.012 -0.0025 -0.007 0.012 -0.004 -0.006 0.012 0.006 0.003 0.012 -0.0065 -0.003 0.02 -0.006 -0.0025 0.0205 -0.006 -0.0025 0.02 -0.0065 -0.003 0.0205 -0.0065 -0.003 0.021 0.007 -0.0005 0.019 0.0055 -0.0035 0.019 0.006 -0.0035 0.019 0.003 -0.0055 0.019 0.0035 -0.006 0.0185 0 -0.0065 0.019 0 -0.007 0.0185 -0.0035 -0.0055 0.0185 -0.0035 -0.006 0.0185 -0.0055 -0.003 0.0185 -0.006 -0.0035 0.0185 0.006 0.003 0.019 0.0065 -0.0005 0.019 -0.007 0 0.018 -0.0055 0.003 0.0185 -0.006 0.0035 0.018 -0.0035 0.0055 0.018 -0.0035 0.0065 0.018 -0.005 -0.0055 0.012 -0.006 -0.002 0.0125 -0.0065 -0.0025 0.0125 -0.0065 0.001 0.0125 -0.007 0.0015 0.012 0.004 0.006 0.019 0.006 0.003 0.0195 0.0005 0.007 0.0195 0.0035 0.0055 0.0195 -0.003 0.006 0.0195 0.0005 0.0065 0.0195 -0.0055 0.004 0.0195 -0.007 0.0005 0.0195 -0.0055 0.0035 0.02 -0.0065 -0.003 0.02 -0.0065 0.0005 0.02 -0.0015 -0.0065 0.013 -0.004 -0.006 0.012 -0.0015 -0.007 0.0125 0.002 -0.006 0.013 -0.0005 -0.0075 0.0125 0.0025 -0.007 0.0125 0.005 -0.0045 0.013 0.003 -0.0065 0.0125 0.0055 -0.005 0.0125 0.0065 -0.0015 0.013 0.006 -0.004 0.0125 0.007 -0.0015 0.0125 0.006 0.002 0.0135 0.0075 -0.0005 0.0125 0.007 0.002 0.013 0.0045 0.0045 0.0135 0.0065 0.003 0.013 0.005 0.0055 0.013 0.0015 0.0065 0.0135 0.004 0.006 0.013 0.002 0.007 0.013 -0.0015 0.0065 0.0135 0.0005 0.0075 0.013 -0.002 0.007 0.013 -0.0045 0.0045 0.014 -0.003 0.0065 0.013 -0.005 0.005 0.0135 -0.0065 0.0015 0.014 -0.006 0.004 0.0135 -0.007 0.002 0.0135 -0.0065 -0.0015 0.014 -0.0075 0.0005 0.0135 -0.007 -0.002 0.0135 -0.0045 -0.0045 0.014 -0.0065 -0.003 0.0135 -0.0055 -0.005 0.0135 -0.002 -0.006 0.0145 -0.004 -0.006 0.0135 -0.002 -0.007 0.014 0.0015 -0.0065 0.0145 -0.0005 -0.0075 0.014 0.0015 -0.007 0.014 0.0045 -0.005 0.0145 0.003 -0.0065 0.014 0.005 -0.0055 0.014 0.006 -0.002 0.0145 0.006 -0.004 0.014 0.007 -0.002 0.014 0.0065 0.0015 0.015 0.0075 -0.0005 0.014 0.007 0.0015 0.0145 0.005 0.0045 0.015 0.0065 0.003 0.0145 0.0055 0.005 0.0145 0.002 0.006 0.015 0.004 0.006 0.0145 0.0025 0.007 0.0145 -0.001 0.0065 0.015 0.0005 0.0075 0.0145 -0.0015 0.007 0.0145 -0.004 0.005 0.0155 -0.003 0.0065 0.0145 -0.0045 0.0055 0.015 -0.006 0.002 0.0155 -0.006 0.004 0.015 -0.007 0.0025 0.015 -0.0065 -0.001 0.0155 -0.0075 0.0005 0.015 -0.007 -0.001 0.015 -0.005 -0.004 0.0155 -0.0065 -0.003 0.015 -0.0055 -0.0045 0.015 -0.0025 -0.006 0.016 -0.004 -0.006 0.015 -0.0025 -0.007 0.0155 0.001 -0.0065 0.016 -0.0005 -0.0075 0.0155 0.001 -0.007 0.0155 0.004 -0.005 0.016 0.003 -0.0065 0.0155 0.0045 -0.006 0.0155 0.006 -0.0025 0.016 0.006 -0.004 0.0155 0.0065 -0.003 0.0155 0.0065 0.001 0.0165 0.0075 -0.0005 0.0155 0.007 0.001 0.016 0.005 0.004 0.0165 0.0065 0.003 0.016 0.006 0.0045 0.016 0.0025 0.006 0.0165 0.004 0.006 0.016 0.003 0.0065 0.016 -0.0005 0.0065 0.0165 0.0005 0.0075 0.016 -0.0005 0.0075 0.016 -0.004 0.0055 0.017 -0.003 0.0065 0.016 -0.004 0.006 0.0165 -0.006 0.0025 0.017 -0.006 0.004 0.0165 -0.0065 0.003 0.0165 -0.0065 -0.0005 0.017 -0.0075 0.0005 0.0165 -0.0075 -0.0005 0.0165 -0.0055 -0.0035 0.017 -0.0065 -0.003 0.0165 -0.006 -0.004 0.0165 -0.003 -0.006 0.0175 -0.004 -0.006 0.0165 -0.003 -0.0065 0.017 0.0005 -0.0065 0.0175 -0.0005 -0.0075 0.017 0.0005 -0.0075 0.017 0.0035 -0.0055 0.0175 0.003 -0.0065 0.017 0.004 -0.006 0.017 0.006 -0.003 0.0175 0.006 -0.004 0.017 0.0065 -0.0035 0.017 0.0065 0.0005 0.0175 0.0075 -0.0005 0.017 0.0075 0.0005 0.0175 0.0055 0.0035 0.018 0.0065 0.003 0.0175 0.006 0.004 0.0175 0.003 0.0055 0.018 0.004 0.006 0.0175 0.0035 0.0065 0.0175 0 0.0065 0.018 0.0005 0.0075 0.0175 0 0.0075 0.0175 -0.003 0.0065 0.0175 -0.006 0.004 0.018 -0.0065 0.0035 0.018 -0.0075 0.0005 0.018 -0.0075 0 0.018 -0.0065 -0.003 0.018 -0.0065 -0.0035 0.018 -0.004 -0.006 0.018 -0.0035 -0.0065 0.0185 -0.0005 -0.0075 0.0185 0 -0.0075 0.0185 0.003 -0.0065 0.0185 0.0035 -0.0065 0.0185 0.006 -0.004 0.0185 0.0075 -0.0005 0.0185 0.0075 -0.0005 0.019 0.0065 0.003 0.019 0.0065 0.0035 0.019 0.0005 0.0075 0.019 -0.003 0.0065 0.019 -0.006 0.004 0.0195 -0.0075 0.0005 0.0195 -0.0065 -0.003 0.0195 -0.0025 0.006 0.012 -0.005 0.004 0.0125 -0.0045 0.005 0.012 -0.005 0.0045 0.012 -0.006 0.003 0.012 -0.007 0.001 0.012 -0.007 -0.001 0.012 -0.007 -0.0025 0.012 -0.0065 -0.003 0.012 -0.0065 0 0.0185 -0.0045 -0.005 0.0125 -0.006 -0.0025 0.02 0.001 -0.0065 0.016 0.003 -0.006 0.0165 0.001 -0.0065 0.0165 0.0015 0.0065 0.012 0.0005 0.0065 0.0125 0.0015 0.0065 0.0125 -0.0025 0.006 0.012 -0.003 0.006 0.0125 -0.002 0.006 0.0125 -0.005 0.004 0.0125 -0.0055 0.0035 0.0125 -0.005 0.0045 0.0125 -0.0065 0.001 0.0125 -0.0065 0.0005 0.013 -0.0065 0.0015 0.013 -0.006 -0.002 0.0125 -0.006 -0.003 0.013 -0.006 -0.002 0.013 -0.0045 -0.005 0.0125 -0.0035 -0.0055 0.013 -0.0045 -0.005 0.013 -0.0015 -0.0065 0.013 -0.0005 -0.0065 0.013 0.002 -0.006 0.013 0.003 -0.006 0.0135 0.002 -0.006 0.0135 0.005 -0.0045 0.013 0.0055 -0.0035 0.0135 0.0045 -0.0045 0.0135 0.0065 -0.0015 0.013 0.0065 -0.0005 0.0135 0.0065 -0.0015 0.0135 0.006 0.002 0.0135 0.006 0.003 0.0135 0.0065 0.0015 0.0135 0.0045 0.0045 0.0135 0.0035 0.0055 0.014 0.0045 0.0045 0.014 0.0015 0.0065 0.0135 0.0005 0.0065 0.014 0.0015 0.006 0.014 -0.0015 0.0065 0.0135 -0.003 0.006 0.014 -0.0015 0.0065 0.014 -0.0045 0.0045 0.014 -0.0055 0.0035 0.014 -0.0065 0.0015 0.014 -0.0065 0.0005 0.0145 -0.006 0.002 0.0145 -0.0065 -0.0015 0.014 -0.006 -0.003 0.0145 -0.0065 -0.0015 0.0145 -0.0045 -0.0045 0.014 -0.0035 -0.0055 0.0145 -0.005 -0.0045 0.0145 -0.002 -0.006 0.0145 -0.0005 -0.0065 0.0145 0.0015 -0.0065 0.0145 0.003 -0.006 0.015 0.0015 -0.0065 0.015 0.0045 -0.005 0.0145 0.0055 -0.0035 0.015 0.0045 -0.005 0.015 0.006 -0.002 0.0145 0.0065 -0.0005 0.015 0.006 -0.002 0.015 0.0065 0.0015 0.015 0.006 0.003 0.015 0.0065 0.001 0.015 0.005 0.0045 0.015 0.0035 0.0055 0.0155 0.005 0.004 0.0155 0.002 0.006 0.015 0.0005 0.0065 0.0155 0.002 0.006 0.0155 -0.001 0.0065 0.015 -0.003 0.006 0.0155 -0.001 0.0065 0.0155 -0.004 0.005 0.0155 -0.0055 0.0035 0.0155 -0.006 0.002 0.0155 -0.0065 0.0005 0.016 -0.006 0.0025 0.016 -0.0065 -0.001 0.0155 -0.006 -0.003 0.016 -0.0065 -0.001 0.016 -0.005 -0.004 0.0155 -0.0035 -0.0055 0.016 -0.005 -0.004 0.016 -0.0025 -0.006 0.016 -0.0005 -0.0065 0.016 0.004 -0.005 0.016 0.0055 -0.0035 0.0165 0.004 -0.005 0.0165 0.006 -0.0025 0.016 0.0065 -0.0005 0.0165 0.006 -0.0025 0.0165 0.0065 0.001 0.0165 0.006 0.003 0.0165 0.0065 0.0005 0.0165 0.005 0.004 0.0165 0.0035 0.0055 0.017 0.0055 0.004 0.017 0.0025 0.006 0.0165 0.0005 0.0065 0.017 0.0025 0.006 0.017 -0.0005 0.0065 0.0165 -0.003 0.006 0.017 -0.0005 0.0065 0.017 -0.004 0.0055 0.017 -0.0055 0.0035 0.017 -0.0035 0.0055 0.017 -0.006 0.0025 0.017 -0.0065 0.0005 0.0175 -0.006 0.003 0.0175 -0.0065 -0.0005 0.017 -0.006 -0.003 0.0175 -0.0065 -0.0005 0.0175 -0.0055 -0.0035 0.017 -0.0035 -0.0055 0.0175 -0.0055 -0.0035 0.0175 -0.003 -0.006 0.0175 -0.0005 -0.0065 0.0175 0.0005 -0.0065 0.0175 0.003 -0.006 0.018 0.0035 -0.0055 0.0175 0.0055 -0.0035 0.018 0.0035 -0.0055 0.018 0.006 -0.003 0.0175 0.0065 -0.0005 0.018 0.0055 -0.003 0.018 0.0065 0.0005 0.0175 0.006 0.003 0.018 0.0065 0 0.018 0.0055 0.0035 0.018 0.0035 0.0055 0.0185 0.003 0.0055 0.018 0.0005 0.0065 0.0185 0.003 0.0055 0.0185 0 0.0065 0.018 -0.003 0.006 0.0185 0 0.0065 0.0185 -0.0035 0.0055 0.018 -0.0055 0.0035 0.0185 -0.0035 0.0055 0.0185 -0.0055 0.003 0.0185 -0.0065 0.0005 0.019 -0.0065 0 0.0185 -0.006 -0.0025 0.019 -0.0065 0 0.019 -0.0055 -0.003 0.0185 -0.0035 -0.0055 0.019 -0.0055 -0.003 0.019 -0.0035 -0.0055 0.0185 -0.0005 -0.0065 0.019 0 -0.0065 0.019 0.0025 -0.006 0.0195 0.003 -0.0055 0.019 0.0055 -0.0035 0.0195 0.003 -0.0055 0.0195 0.0055 -0.0035 0.019 0.0065 -0.0005 0.0195 0.006 0.003 0.0195 0.0035 0.0055 0.02 0.0005 0.0065 0.02 0.0035 0.0055 0.0195 -0.003 0.006 0.02 -0.0055 0.0035 0.02 -0.0065 0.0005 0.02 -0.006 -0.0025 0.0205 -0.0065 0.0005 0.0205 0.0065 -0.0005 0.019 0.0005 0.0065 0.0195 -0.003 0.006 0.0195 -0.006 -0.0025 0.02 0.0065 0 0.012 0.006 0.003 0.012 0.006 0.002 0.012 0.0045 0.0045 0.012 0.0025 0.006 0.012 0.004 0.005 0.0125 0 0.0065 0.012 0.0035 0.0055 0.0125 -0.007 0.0005 0.013 -0.006 -0.002 0.013 -0.006 -0.003 0.013 -0.0045 -0.005 0.013 -0.004 -0.006 0.0135 -0.0015 -0.0065 0.013 -0.0035 -0.0055 0.013 -0.0005 -0.007 0.0135 0.002 -0.006 0.0135 -0.0005 -0.0065 0.013 0.003 -0.006 0.0135 0.0045 -0.0045 0.0135 0.006 -0.004 0.0135 0.0065 -0.0015 0.0135 0.0055 -0.0035 0.0135 -0.0065 0.0005 0.013 -0.006 0.004 0.013 -0.0065 0.0015 0.013 -0.0055 0.0035 0.0125 -0.003 0.006 0.013 -0.005 0.0045 0.0125 -0.003 0.006 0.0125 0.0005 0.007 0.0125 -0.002 0.006 0.0125 0.0005 0.0065 0.0125 0.004 0.006 0.0125 0.0015 0.0065 0.0125 0.0035 0.0055 0.0125 0.006 0.003 0.0125 0.004 0.005 0.0125 0.006 0.003 0.012 -0.0065 -0.003 0.0205 -0.0075 0.0005 0.021 -0.007 0.0005 0.0205 -0.006 0.004 0.0205 -0.0055 0.004 0.0205 -0.003 0.0065 0.0205 0.0005 0.0075 0.0205 0.0005 0.007 0.02 0.004 0.006 0.0205 0.004 0.0055 0.02 0.0065 0.003 0.02 0.0075 -0.0005 0.02 0.007 -0.0005 0.02 -0.0055 0.004 0.019 -0.003 0.0065 0.019 -0.003 0.006 0.019 0.0005 0.0075 0.019 0.0005 0.007 0.0185 0.004 0.006 0.019 0.004 0.0055 0.0185 0.0065 0.003 0.0185 0.006 0.003 0.0185 0.0075 -0.0005 0.0185 0.007 -0.0005 0.0185 0.006 -0.004 0.0185 0.0055 -0.004 0.018 0.003 -0.0065 0.0185 0.003 -0.006 0.018 -0.0005 -0.0075 0.018 -0.0005 -0.007 0.018 -0.004 -0.006 0.018 -0.004 -0.0055 0.018 -0.0065 -0.003 0.018 -0.006 -0.003 0.0175 -0.0075 0.0005 0.018 -0.007 0.0005 0.0175 -0.006 0.004 0.0175 -0.0055 0.004 0.0175 -0.003 0.0065 0.0175 -0.003 0.006 0.0175 0.0005 0.0075 0.0175 0.0005 0.007 0.017 0.004 0.006 0.0175 0.004 0.0055 0.017 0.0065 0.003 0.017 0.006 0.003 0.017 0.0075 -0.0005 0.017 0.007 -0.0005 0.017 0.006 -0.004 0.017 0.0055 -0.004 0.0165 0.003 -0.0065 0.017 0.003 -0.006 0.0165 -0.0005 -0.0075 0.0165 -0.0005 -0.007 0.0165 -0.004 -0.006 0.0165 -0.004 -0.0055 0.0165 -0.0065 -0.003 0.0165 -0.006 -0.003 0.016 -0.0075 0.0005 0.0165 -0.007 0.0005 0.016 -0.006 0.004 0.016 -0.0055 0.004 0.016 -0.003 0.0065 0.016 -0.003 0.006 0.016 0.0005 0.0075 0.016 0.0005 0.007 0.0155 0.004 0.006 0.016 0.004 0.0055 0.0155 0.0065 0.003 0.0155 0.006 0.003 0.0155 0.0075 -0.0005 0.0155 0.007 -0.0005 0.0155 0.006 -0.004 0.0155 0.0055 -0.004 0.015 0.003 -0.0065 0.0155 0.003 -0.006 0.015 -0.0005 -0.0075 0.015 -0.0005 -0.007 0.015 -0.004 -0.006 0.015 -0.004 -0.0055 0.015 -0.006 -0.003 0.0145 -0.0065 -0.003 0.015 -0.0075 0.0005 0.015 -0.007 0.0005 0.0145 0.007 -0.0005 0.014 0.0065 0.0015 0.0135 0.0065 -0.0005 0.0135 0.006 0.003 0.014 0.0045 0.0045 0.014 0.006 0.003 0.0135 0.004 0.0055 0.014 0.0015 0.006 0.014 0.0035 0.0055 0.014 0.0005 0.007 0.014 -0.0015 0.0065 0.014 0.0005 0.0065 0.014 -0.007 0.0005 0.019 -0.006 0.004 0.019 -0.006 -0.003 0.019 -0.0075 0.0005 0.0195 -0.004 -0.0055 0.0195 -0.0065 -0.003 0.0195 0.006 -0.004 0.02 0.0055 -0.004 0.0195 0.003 -0.0065 0.0195 -0.0005 -0.0075 0.0195 -0.0005 -0.007 0.0195 0.003 -0.0065 0.02 -0.003 0.006 0.0145 -0.0045 0.0045 0.014 -0.003 0.006 0.014 -0.0055 0.004 0.0145 -0.006 0.002 0.0145 -0.0055 0.0035 0.014 -0.0065 -0.0015 0.0145 -0.0065 0.0005 0.0145 -0.005 -0.0045 0.0145 -0.002 -0.006 0.0145 -0.0035 -0.0055 0.0145 0.0015 -0.0065 0.015 -0.0005 -0.0065 0.0145 0.0045 -0.005 0.015 0.006 -0.002 0.015 0.0055 -0.0035 0.015 0.0065 0.001 0.015 0.0065 -0.0005 0.015 -0.006 0.004 0.0145 -0.003 0.0065 0.0145 0.0005 0.0075 0.0145 0.004 0.006 0.0145 0.0065 0.003 0.014 0.005 0.004 0.0155 0.006 0.003 0.015 0.002 0.006 0.0155 0.0035 0.0055 0.0155 -0.001 0.0065 0.0155 0.0005 0.0065 0.0155 -0.004 0.005 0.0155 -0.003 0.006 0.0155 -0.006 0.0025 0.016 -0.0055 0.0035 0.0155 -0.0065 -0.001 0.016 -0.0065 0.0005 0.016 -0.005 -0.004 0.016 -0.0025 -0.006 0.016 -0.0035 -0.0055 0.016 0.001 -0.0065 0.0165 -0.0005 -0.0065 0.016 0.004 -0.005 0.0165 0.006 -0.0025 0.0165 0.0055 -0.0035 0.0165 0.0065 0.0005 0.0165 0.0065 -0.0005 0.0165 0.0055 0.004 0.017 0.006 0.003 0.0165 0.0025 0.006 0.017 0.0035 0.0055 0.017 -0.0005 0.0065 0.017 0.0005 0.0065 0.017 -0.0035 0.0055 0.017 -0.003 0.006 0.017 -0.006 0.003 0.0175 -0.0055 0.0035 0.017 -0.0065 -0.0005 0.0175 -0.0065 0.0005 0.0175 -0.0055 -0.0035 0.0175 -0.003 -0.006 0.0175 -0.0035 -0.0055 0.0175 0.0005 -0.0065 0.0175 -0.0005 -0.0065 0.0175 0.0035 -0.0055 0.018 0.0055 -0.003 0.018 0.0055 -0.0035 0.018 0.0065 0 0.018 0.0065 -0.0005 0.018 0.0055 0.0035 0.018 0.006 0.003 0.018 0.003 0.0055 0.0185 0.0035 0.0055 0.0185 0 0.0065 0.0185 0.0005 0.0065 0.0185 -0.0035 0.0055 0.0185 -0.003 0.006 0.0185 -0.0055 0.003 0.0185 -0.0055 0.0035 0.0185 -0.0065 0 0.019 -0.0065 0.0005 0.019 -0.0055 -0.003 0.019 -0.006 -0.0025 0.019 -0.0035 -0.0055 0.019 0 -0.0065 0.019 -0.0005 -0.0065 0.019 0.003 -0.0055 0.0195 0.0025 -0.006 0.0195 0.0055 -0.0035 0.0195 0.0065 -0.0005 0.0195 0.006 0.003 0.0195 0.0035 0.0055 0.02 0.0005 0.0065 0.02 -0.003 0.006 0.02 -0.0055 0.0035 0.02 -0.0065 0.0005 0.0205 -0.0005 -0.0075 0.012 0 -0.007 0.012 0.003 -0.0065 0.0125 0.003 -0.006 0.012 0.0035 -0.0065 0.0125 0.0025 -0.0065 0.012 0.006 -0.004 0.0125 0.006 -0.004 0.012 0.004 -0.0055 0.012 0.0065 -0.002 0.012 0.0055 -0.0035 0.012 0.007 -0.0005 0.0125 0.006 0.002 0.012 0.0065 0 0.012 0.0065 -0.0005 0.012 -0.0025 -0.007 0.012 -0.006 -0.0025 0.0205 -0.0065 -0.003 0.021 -0.004 -0.006 0.0195 0.0075 -0.0005 0.014 0.006 -0.004 0.014 0.0035 -0.0065 0.014 0.003 -0.0065 0.014 -0.0005 -0.0075 0.0135 -0.0065 -0.0035 0.0135 -0.0065 -0.003 0.0135 -0.0075 0.0005 0.0135 -0.0035 0.0065 0.013 -0.003 0.0065 0.013 0.0005 0.0075 0.013 0.004 0.006 0.013 0.0065 0.0035 0.0125 0.0065 0.003 0.0125 0.0075 -0.0005 0.0125 0.004 0.0155 0.02 -0.002 0.0125 0.02 -0.0035 0.016 0.02 0.0145 -0.0075 0.02 0.0085 -0.009 0.02 0.012 -0.0035 0.02 0.0015 -0.0125 0.02 -0.004 -0.0155 0.02 -0.005 -0.0115 0.02 0.0105 0.0125 0.02 0.004 0.012 0.02 -0.01 -0.0075 0.02 -0.0105 -0.0125 0.02 -0.0145 -0.0065 0.02 0.003 -0.016 0.02 0.01 -0.0125 0.02 0.016 -0.0005 0.02 0.012 0.0025 0.02 -0.008 0.0095 0.02 -0.01 0.013 0.02 0.0145 0.0065 0.02 0.0095 0.0085 0.02 -0.016 0.0005 0.02 -0.0115 0.0045 0.02 -0.0125 -0.0015 0.02 -0.0145 0.0075 0.02 0.004 -0.0155 0.02 0.0095 -0.013 0.02 0.0065 -0.0145 0.02 -0.016 0.0035 0.0195 -0.0165 0.001 0.02 -0.0165 0.001 0.0195 -0.0165 0.0005 0.02 -0.017 0.001 0.019 -0.0165 0.0035 0.019 -0.018 0.0015 0.018 -0.0185 0.003 0.0175 -0.018 0.003 0.018 -0.0175 0.0015 0.0185 -0.0185 0.002 0.0175 -0.017 0.001 0.0195 -0.0175 0.0035 0.0185 -0.016 0.0035 0.02 -0.016 0.004 0.02 -0.0145 0.0075 0.02 -0.0155 0.0045 0.02 -0.0155 0.005 0.02 -0.016 0.005 0.0195 -0.017 0.006 0.018 -0.017 0.0075 0.0175 -0.0165 0.0075 0.018 -0.0165 0.0055 0.0185 -0.0175 0.0065 0.0175 -0.0145 0.0075 0.0195 -0.016 0.0055 0.019 -0.016 0.0075 0.0185 -0.0155 0.0075 0.019 -0.016 0.0005 0.02 -0.016 -0.0035 0.02 -0.0145 -0.0065 0.02 -0.016 -0.0045 0.0195 -0.0155 -0.0075 0.019 -0.0165 -0.005 0.019 -0.0165 -0.007 0.018 -0.0175 -0.0065 0.0175 -0.0175 -0.006 0.018 -0.016 -0.0075 0.0185 -0.017 -0.007 0.0175 -0.017 -0.006 0.018 -0.015 -0.0075 0.0195 -0.017 -0.0055 0.0185 -0.016 -0.0045 0.02 -0.016 -0.0035 0.0195 -0.0165 -0.0005 0.0195 -0.017 -0.003 0.019 -0.017 -0.0005 0.019 -0.018 -0.003 0.018 -0.0185 -0.002 0.0175 -0.018 -0.0015 0.018 -0.0175 -0.003 0.0185 -0.0185 -0.0025 0.0175 -0.0165 -0.0035 0.0195 -0.0175 -0.001 0.0185 -0.0165 -0.0005 0.02 -0.0145 -0.0075 0.02 -0.0125 -0.011 0.02 -0.0125 -0.0105 0.02 -0.0105 -0.0125 0.02 -0.0115 -0.0115 0.0195 -0.012 -0.012 0.019 -0.012 -0.0145 0.0175 -0.0125 -0.0135 0.018 -0.0055 0.0155 0.02 -0.008 0.014 0.02 -0.012 -0.0135 0.018 -0.012 -0.013 0.0185 -0.0115 -0.0115 0.02 -0.012 -0.0115 0.02 -0.0125 -0.0105 0.0195 -0.014 -0.0085 0.0195 -0.013 -0.011 0.019 -0.0145 -0.009 0.019 -0.0145 -0.011 0.018 -0.0155 -0.0105 0.0175 -0.0155 -0.01 0.018 -0.0135 -0.011 0.0185 -0.015 -0.011 0.0175 -0.013 -0.011 0.0195 -0.015 -0.01 0.018 -0.015 -0.0095 0.0185 -0.014 -0.0085 0.02 -0.014 -0.008 0.02 -0.015 -0.007 0.02 -0.015 -0.007 0.0195 -0.0095 -0.0135 0.02 -0.0055 -0.0155 0.02 -0.004 -0.0155 0.02 -0.0045 -0.016 0.0195 -0.0045 -0.0165 0.019 -0.0045 -0.0175 0.018 -0.004 -0.018 0.018 -0.0045 -0.017 0.0185 -0.0045 -0.0155 0.02 -0.0045 -0.016 0.02 -0.0145 0.009 0.019 -0.0135 0.0115 0.0185 -0.013 0.011 0.019 -0.006 -0.0155 0.0195 -0.0085 -0.014 0.0195 -0.006 -0.0155 0.02 -0.0065 -0.016 0.019 -0.0085 -0.015 0.019 -0.007 -0.0165 0.018 -0.0085 -0.0165 0.0175 -0.0085 -0.016 0.018 -0.0065 -0.0165 0.0185 -0.0075 -0.017 0.0175 -0.0085 -0.0155 0.0185 -0.0085 -0.014 0.02 -0.0095 -0.0135 0.0195 -0.01 -0.0135 0.0195 -0.01 -0.014 0.019 -0.0105 -0.014 0.0185 -0.011 -0.0145 0.018 -0.0125 0.011 0.0195 -0.0145 0.009 0.0195 -0.0035 0.016 0.02 -0.0045 0.016 0.02 -0.0055 0.0155 0.0195 -0.0085 0.0155 0.0185 -0.0065 0.0165 0.0185 -0.008 0.015 0.019 -0.007 0.017 0.018 -0.006 0.016 0.019 -0.008 0.0145 0.0195 -0.0075 0.017 0.0175 -0.008 0.016 0.018 -0.008 0.0165 0.0175 -0.008 0.0145 0.02 -0.0085 0.014 0.02 -0.01 0.013 0.02 -0.009 0.0135 0.02 -0.009 0.0135 0.0195 -0.0105 0.0145 0.0185 -0.011 0.0145 0.018 -0.0095 0.014 0.019 -0.0115 0.0145 0.0175 -0.0095 0.0135 0.0195 0.004 0.016 0.0195 0.004 0.0155 0.02 0.004 0.016 0.02 0.0035 0.016 0.02 0.0025 0.016 0.02 -0.0005 0.0165 0.02 0.003 0.016 0.02 0.0025 0.0165 0.0195 0 0.0175 0.0185 0.0025 0.0175 0.0185 0 0.017 0.019 0.002 0.018 0.018 0.0025 0.017 0.019 0 0.017 0.0195 0 0.0165 0.0195 0.0015 0.0185 0.0175 0.0005 0.018 0.018 0.001 0.0185 0.0175 -0.0015 0.0165 0.02 -0.012 0.0135 0.018 -0.012 0.013 0.0185 -0.0115 0.0125 0.019 -0.0115 0.012 0.0195 -0.0115 0.012 0.02 -0.0115 0.0115 0.02 -0.012 0.011 0.02 -0.014 0.0085 0.02 -0.0125 0.011 0.02 -0.0145 0.0095 0.0185 -0.014 0.0115 0.018 -0.0015 0.0165 0.0195 -0.002 0.0175 0.0185 -0.0025 0.018 0.018 -0.002 0.017 0.019 -0.0035 0.018 0.0175 -0.003 0.0185 0.0175 0.01 0.013 0.02 0.0075 0.0145 0.02 0.0105 0.0125 0.02 0.01 0.013 0.0195 0.0085 0.0155 0.0185 0.0105 0.014 0.0185 0.008 0.015 0.019 0.0105 0.015 0.018 0.0105 0.0135 0.019 0.008 0.015 0.0195 0.008 0.0145 0.0195 0.0105 0.0155 0.0175 0.009 0.0155 0.018 0.01 0.016 0.0175 -0.0145 0.0115 0.018 -0.014 0.0085 0.0195 -0.0145 0.0115 0.0175 -0.015 0.01 0.018 -0.015 0.0105 0.0175 -0.004 0.017 0.0185 -0.0045 0.0165 0.019 -0.004 0.0175 0.018 -0.0045 0.0165 0.0195 -0.0045 0.016 0.0195 0.0065 0.015 0.02 0.0065 0.015 0.0195 0.0045 0.017 0.0185 0.0065 0.0165 0.0185 0.004 0.0165 0.019 0.0065 0.017 0.018 0.0065 0.0155 0.019 0.004 0.0165 0.0195 0.0065 0.0175 0.0175 0.005 0.0175 0.018 0.0055 0.0175 0.0175 0.016 0.007 0.019 0.0145 0.009 0.019 0.016 0.0075 0.0185 0.015 0.009 0.0185 0.0165 0.008 0.018 0.0145 0.0065 0.02 0.014 0.009 0.0195 0.0165 0.0085 0.0175 0.0155 0.009 0.018 0.016 0.009 0.0175 0.0135 0.009 0.02 0.013 0.01 0.02 0.011 0.012 0.02 0.013 0.01 0.0195 0.012 0.0125 0.0185 0.0135 0.011 0.0185 0.0115 0.0125 0.019 0.014 0.0115 0.018 0.0135 0.0105 0.019 0.0115 0.0125 0.0195 0.014 0.012 0.018 0.011 0.012 0.0195 0.014 0.0125 0.0175 0.013 0.013 0.018 0.0135 0.013 0.0175 0.011 0.0125 0.02 0.0105 0.013 0.02 0.018 0.0005 0.018 0.0185 -0.0005 0.0175 0.016 -0.0005 0.02 0.0175 0.001 0.0185 0.017 0.001 0.019 0.017 0.001 0.0195 0.0165 0.001 0.0195 0.0165 0.0015 0.0195 0.0165 0.0015 0.02 0.016 0.0025 0.02 0.0155 0.0055 0.02 0.0165 0.0025 0.0195 0.017 0.005 0.0185 0.0175 0.003 0.0185 0.016 0.0055 0.019 0.018 0.0035 0.018 0.017 0.003 0.019 0.016 0.0055 0.0195 0.018 0.004 0.018 0.0155 0.0055 0.0195 0.018 0.004 0.0175 0.0175 0.005 0.018 0.018 0.005 0.0175 -0.0115 -0.0145 0.0175 -0.012 0.014 0.0175 0.0185 0 0.0175 0.0145 -0.0075 0.02 0.016 -0.0075 0.0185 0.016 -0.008 0.0185 0.0035 -0.016 0.02 0.003 -0.016 0.02 0.01 -0.013 0.02 0.01 -0.0125 0.02 0.0105 -0.0125 0.02 0.013 -0.01 0.02 0.0135 -0.0095 0.0195 0.014 -0.0095 0.019 0.016 -0.008 0.018 0.016 -0.0095 0.0175 0.0155 -0.0095 0.018 0.0165 -0.009 0.0175 0.015 -0.0095 0.0185 0.0135 -0.0095 0.02 0.013 -0.0105 0.0195 0.011 -0.0125 0.0195 0.013 -0.0105 0.02 0.013 -0.011 0.019 0.0115 -0.0125 0.019 0.0135 -0.012 0.018 0.013 -0.013 0.0175 0.013 -0.013 0.018 0.0135 -0.0115 0.0185 0.0135 -0.0125 0.0175 0.0125 -0.013 0.018 0.012 -0.013 0.0185 0.011 -0.0125 0.02 0.0095 -0.013 0.02 0.0065 -0.0145 0.02 0.0065 -0.015 0.02 0.004 -0.0155 0.02 0.01 -0.013 0.0195 0.0075 -0.0145 0.0195 0.01 -0.014 0.019 0.008 -0.015 0.019 0.01 -0.0135 0.0195 0.01 -0.015 0.018 0.0095 -0.016 0.0175 0.009 -0.016 0.018 0.01 -0.0145 0.0185 0.01 -0.0155 0.0175 0.0085 -0.0155 0.0185 0.0075 -0.0145 0.02 0.007 -0.0145 0.02 0.0065 -0.0155 0.0195 0.0035 -0.016 0.0195 0.0065 -0.016 0.019 0.004 -0.0165 0.019 0.006 -0.017 0.018 0.005 -0.018 0.0175 0.005 -0.0175 0.018 0.0065 -0.0165 0.0185 0.006 -0.0175 0.0175 0.0045 -0.0175 0.018 0.0045 -0.017 0.0185 -0.003 -0.018 0.018 -0.004 -0.018 0.0175 0.0025 -0.016 0.02 -0.0015 -0.0165 0.02 0.0025 -0.0165 0.0195 -0.0005 -0.0165 0.0195 0.0025 -0.0165 0.02 0.002 -0.017 0.019 -0.0005 -0.017 0.019 0.0015 -0.018 0.018 0.0005 -0.0185 0.0175 0.0005 -0.0185 0.018 0.002 -0.0175 0.0185 0.0015 -0.0185 0.0175 0.002 -0.0165 0.0195 0 -0.018 0.018 0 -0.0175 0.0185 -0.0005 -0.0165 0.02 -0.001 -0.0165 0.02 -0.002 -0.0165 0.02 -0.002 -0.0165 0.0195 -0.002 -0.017 0.019 -0.0025 -0.0175 0.0185 -0.0035 -0.0185 0.0175 0.015 -0.0065 0.02 0.016 -0.0025 0.02 0.0165 -0.0015 0.0195 0.017 -0.0015 0.019 0.0185 -0.001 0.018 0.018 -0.001 0.018 0.0175 -0.001 0.0185 0.0165 -0.0015 0.02 0.0165 -0.002 0.02 0.016 -0.003 0.0195 0.0155 -0.0055 0.0195 0.016 -0.003 0.02 0.017 -0.003 0.019 0.016 -0.0055 0.019 0.0165 -0.003 0.0195 0.0175 -0.004 0.018 0.018 -0.005 0.0175 0.0175 -0.0055 0.018 0.017 -0.0035 0.0185 0.018 -0.0045 0.0175 0.0165 -0.0055 0.0185 0.0155 -0.0055 0.02 0.0155 -0.006 0.02 0.015 -0.007 0.02 0.015 -0.007 0.0195 0.0155 -0.007 0.0195 0.0155 -0.007 0.019 0.015 0.0065 0.0195 0.0155 0.007 0.019 0.015 0.0065 0.02 -0.0125 -0.014 0.0175 -0.008 0.0095 0.041 -0.017 0.012 0.041 -0.0115 0.0045 0.041 0.019 0.009 0.041 0.012 0.0025 0.041 0.021 0 0.041 0.004 0.012 0.041 -0.0025 0.021 0.041 -0.002 0.0125 0.041 -0.0105 0.018 0.041 -0.0125 -0.0015 0.041 -0.0205 0.004 0.041 -0.0205 -0.0045 0.041 -0.005 -0.0115 0.041 -0.002 -0.021 0.041 0.0015 -0.0125 0.041 0.0085 -0.009 0.041 0.0195 -0.0085 0.041 0.012 -0.0035 0.041 0.0095 0.0085 0.041 0.014 0.016 0.041 0.0065 0.02 0.041 -0.019 -0.009 0.041 -0.01 -0.0075 0.041 -0.0105 -0.0185 0.041 0.003 -0.016 0.041 0.01 -0.0125 0.041 0.0065 -0.02 0.041 0.014 -0.0155 0.041 -0.017 -0.0125 0.041 0.0015 -0.0125 0.02 -0.005 -0.0115 0.041 0.0015 -0.0125 0.041 -0.01 -0.0075 0.02 -0.0125 -0.0015 0.041 -0.01 -0.0075 0.041 -0.0125 -0.0015 0.02 -0.0115 0.0045 0.041 -0.0115 0.0045 0.02 -0.008 0.0095 0.041 -0.008 0.0095 0.02 -0.002 0.0125 0.041 -0.002 0.0125 0.02 0.004 0.012 0.041 0.004 0.012 0.02 0.0095 0.0085 0.041 0.0095 0.0085 0.02 0.012 0.0025 0.041 0.012 0.0025 0.02 0.012 -0.0035 0.041 0.012 -0.0035 0.02 0.0085 -0.009 0.041 0.0085 -0.009 0.02 -0.005 -0.0115 0.02 0.013 -0.013 0.0175 0.0195 -0.018 0.0245 0.0185 -0.0185 0.0245 0.0135 -0.0125 0.0175 0.0235 -0.0125 0.0245 0.016 -0.0095 0.0175 0.0165 -0.009 0.0175 0.0225 -0.0135 0.0245 0.0255 -0.0065 0.0245 0.018 -0.005 0.0175 0.018 -0.0045 0.0175 0.0255 -0.0075 0.0245 0.0185 -0.0005 0.0175 0.0265 0.0005 0.0245 0.0265 -0.001 0.0245 0.0185 0 0.0175 0.0255 0.007 0.0245 0.018 0.004 0.0175 0.018 0.005 0.0175 0.026 0.006 0.0245 0.0165 0.0085 0.0175 0.023 0.013 0.0245 0.0235 0.012 0.0245 0.016 0.009 0.0175 0.019 0.0185 0.0245 0.014 0.0125 0.0175 0.0135 0.013 0.0175 0.02 0.0175 0.0245 0.014 0.0225 0.0245 0.0105 0.0155 0.0175 0.01 0.016 0.0175 0.015 0.022 0.0245 0.0065 0.0175 0.0175 0.008 0.025 0.0245 0.009 0.025 0.0245 0.0055 0.0175 0.0175 0.0015 0.0265 0.0245 0.0015 0.0185 0.0175 0.001 0.0185 0.0175 0.0025 0.0265 0.0245 -0.005 0.026 0.0245 -0.003 0.0185 0.0175 -0.0035 0.018 0.0175 -0.004 0.026 0.0245 -0.008 0.0165 0.0175 -0.0105 0.024 0.0245 -0.0075 0.017 0.0175 -0.0115 0.024 0.0245 -0.0115 0.0145 0.0175 -0.017 0.02 0.0245 -0.016 0.021 0.0245 -0.012 0.014 0.0175 -0.0215 0.0155 0.0245 -0.0145 0.0115 0.0175 -0.015 0.0105 0.0175 -0.021 0.016 0.0245 -0.017 0.0075 0.0175 -0.0245 0.0095 0.0245 -0.024 0.0105 0.0245 -0.0175 0.0065 0.0175 -0.0185 0.003 0.0175 -0.026 0.003 0.0245 -0.026 0.004 0.0245 -0.0185 0.002 0.0175 -0.026 -0.0035 0.0245 -0.0185 -0.002 0.0175 -0.0185 -0.0025 0.0175 -0.0265 -0.0025 0.0245 -0.0245 -0.01 0.0245 -0.0175 -0.0065 0.0175 -0.017 -0.007 0.0175 -0.025 -0.009 0.0245 -0.021 -0.016 0.0245 -0.0155 -0.0105 0.0175 -0.015 -0.011 0.0175 -0.022 -0.015 0.0245 -0.012 -0.0145 0.0175 -0.0175 -0.02 0.0245 -0.0125 -0.014 0.0175 -0.0165 -0.0205 0.0245 -0.0115 -0.0145 0.0175 -0.012 -0.0235 0.0245 -0.0075 -0.017 0.0175 -0.011 -0.024 0.0245 -0.0085 -0.0165 0.0175 -0.0045 -0.026 0.0245 -0.004 -0.018 0.0175 -0.0035 -0.0185 0.0175 -0.0055 -0.026 0.0245 0.002 -0.0265 0.0245 0.0005 -0.0185 0.0175 0.0015 -0.0185 0.0175 0.001 -0.0265 0.0245 0.005 -0.018 0.0175 0.0085 -0.025 0.0245 0.0075 -0.0255 0.0245 0.006 -0.0175 0.0175 0.0145 -0.022 0.0245 0.0095 -0.016 0.0175 0.01 -0.0155 0.0175 0.0135 -0.0225 0.0245 0.016 0.0165 0.028 0.019 0.015 0.027 0.017 0.018 0.026 0.009 0.021 0.028 0.0095 0.0215 0.0275 0.0015 0.0265 0.0245 0.003 0.0255 0.0255 0.0025 0.0265 0.0245 -0.0075 0.0215 0.028 -0.0075 0.022 0.0275 -0.017 0.02 0.0245 -0.0155 0.0205 0.0255 -0.016 0.021 0.0245 -0.02 0.011 0.028 -0.02 0.012 0.0275 -0.0205 0.011 0.0275 -0.026 0.003 0.0245 -0.0255 0.0045 0.0255 -0.026 0.004 0.0245 -0.022 -0.0055 0.028 -0.023 -0.005 0.0275 -0.0225 -0.0055 0.0275 -0.0185 -0.013 0.028 -0.0215 -0.014 0.0255 -0.022 -0.015 0.0245 -0.0125 -0.019 0.028 -0.013 -0.019 0.0275 0.021 0.0095 0.028 0.022 0.01 0.027 0.0225 0.01 0.0265 0.0035 -0.0225 0.028 0.0035 -0.023 0.0275 0.0115 -0.02 0.028 0.0125 -0.0225 0.0255 0.0135 -0.0225 0.0245 0.0165 -0.018 0.027 0.0185 -0.0155 0.027 0.0185 -0.015 0.0275 0.018 -0.0145 0.028 0.015 -0.0175 0.0275 0.014 -0.019 0.0275 0.0145 -0.0195 0.027 0.0145 -0.0215 0.0255 0.0145 -0.022 0.0245 0.0145 -0.0205 0.026 0.014 -0.0185 0.0275 0.0155 -0.0175 0.0275 0.024 -0.002 0.027 0.024 0.0015 0.027 0.0235 0.002 0.0275 0.022 -0.007 0.028 0.024 -0.008 0.026 -0.005 -0.0225 0.028 -0.006 -0.025 0.0255 -0.0055 -0.026 0.0245 0.0195 -0.017 0.0255 0.0185 -0.0185 0.0245 0.0195 -0.018 0.0245 0.018 -0.0185 0.0255 0.017 -0.0185 0.026 0.019 -0.016 0.026 0.0045 -0.023 0.0275 0.005 -0.023 0.0275 0.0105 -0.021 0.0275 0.009 -0.022 0.0275 0.009 -0.0215 0.0275 0.0065 -0.025 0.0255 0.0085 -0.024 0.0255 0.009 -0.0235 0.026 0.009 -0.0225 0.027 0.006 -0.0245 0.026 0.0055 -0.0235 0.027 0.0085 -0.025 0.0245 0.0075 -0.0255 0.0245 0.012 -0.022 0.026 0.0115 -0.0215 0.027 -0.001 -0.0235 0.0275 -0.0025 -0.0235 0.0275 -0.003 -0.024 0.027 -0.004 -0.0255 0.0255 -0.0045 -0.026 0.0245 -0.0035 -0.025 0.026 -0.0025 -0.023 0.0275 0.003 -0.0235 0.0275 -0.0005 -0.0245 0.027 0.003 -0.024 0.027 -0.0005 -0.0235 0.0275 0.0025 -0.0255 0.0255 0.001 -0.0265 0.0245 0.002 -0.0265 0.0245 0.0005 -0.026 0.0255 0 -0.025 0.026 0.003 -0.025 0.026 -0.012 -0.02 0.0275 -0.007 -0.0225 0.0275 -0.0065 -0.0225 0.0275 -0.0085 -0.022 0.0275 -0.012 -0.021 0.027 -0.009 -0.0225 0.027 -0.012 -0.0205 0.0275 -0.01 -0.0235 0.0255 -0.012 -0.0235 0.0245 -0.011 -0.024 0.0245 -0.012 -0.0225 0.0255 -0.012 -0.022 0.026 -0.0095 -0.023 0.026 -0.008 -0.022 0.0275 -0.0065 -0.024 0.026 -0.0065 -0.0235 0.027 -0.017 -0.016 0.0275 -0.0165 -0.0165 0.0275 -0.018 -0.015 0.0275 -0.0185 -0.0155 0.027 -0.0205 -0.016 0.0255 -0.021 -0.016 0.0245 -0.0195 -0.0155 0.026 -0.0175 -0.015 0.0275 -0.0175 -0.0155 0.0275 -0.0135 -0.019 0.0275 -0.017 -0.0175 0.027 -0.0145 -0.0195 0.027 -0.016 -0.0205 0.0255 -0.0175 -0.02 0.0245 -0.0165 -0.0205 0.0245 -0.0175 -0.019 0.0255 -0.0175 -0.018 0.026 -0.015 -0.02 0.026 -0.0225 -0.0065 0.0275 -0.021 -0.0095 0.028 -0.0225 -0.006 0.0275 -0.0205 -0.0115 0.0275 -0.02 -0.0115 0.0275 -0.021 -0.0105 0.0275 -0.0235 -0.007 0.027 -0.022 -0.0105 0.027 -0.0235 -0.01 0.0255 -0.025 -0.009 0.0245 -0.0245 -0.01 0.0245 -0.0245 -0.008 0.0255 -0.024 -0.0075 0.026 -0.023 -0.0105 0.026 -0.02 -0.012 0.0275 -0.0205 -0.012 0.0275 -0.021 -0.0135 0.026 -0.021 -0.0125 0.027 -0.0235 -0.0005 0.0275 -0.0225 0.003 0.028 -0.0235 0.001 0.0275 -0.0245 0.0015 0.027 -0.0255 0.0025 0.0255 -0.025 0.002 0.026 -0.023 -0.0045 0.0275 -0.0245 -0.001 0.027 -0.024 -0.0045 0.027 -0.0255 -0.004 0.0255 -0.0265 -0.0025 0.0245 -0.026 -0.0035 0.0245 -0.0255 -0.002 0.0255 -0.025 -0.0015 0.026 -0.0245 -0.0045 0.026 -0.0225 0.0055 0.0275 -0.021 0.0105 0.0275 -0.0225 0.007 0.0275 -0.022 0.011 0.027 -0.023 0.0075 0.027 -0.024 0.0085 0.0255 -0.024 0.0105 0.0245 -0.0245 0.0095 0.0245 -0.0235 0.0105 0.0255 -0.0225 0.011 0.026 -0.0235 0.008 0.026 -0.0225 0.0065 0.0275 -0.023 0.005 0.0275 -0.0245 0.005 0.026 -0.024 0.005 0.027 -0.017 0.0155 0.0275 -0.0175 0.0155 0.0275 -0.015 0.0175 0.028 -0.0165 0.017 0.0275 -0.0165 0.0175 0.027 -0.017 0.0195 0.0255 -0.017 0.0185 0.026 -0.0165 0.0165 0.0275 -0.02 0.0125 0.0275 -0.0185 0.016 0.027 -0.0205 0.013 0.027 -0.0215 0.0145 0.0255 -0.021 0.016 0.0245 -0.0215 0.0155 0.0245 -0.02 0.016 0.0255 -0.019 0.016 0.026 -0.021 0.0135 0.026 -0.013 0.0195 0.0275 -0.008 0.022 0.0275 -0.0115 0.0205 0.0275 -0.0085 0.023 0.027 -0.0115 0.0215 0.027 -0.0115 0.023 0.0255 -0.0105 0.024 0.0245 -0.0115 0.024 0.0245 -0.01 0.024 0.0255 -0.009 0.0235 0.026 -0.012 0.022 0.026 -0.0115 0.02 0.0275 -0.012 0.02 0.0275 -0.0145 0.0205 0.026 -0.014 0.02 0.027 -0.002 0.023 0.0275 -0.002 0.0235 0.0275 0.0005 0.023 0.028 -0.0005 0.0235 0.0275 0 0.0245 0.027 0.001 0.0255 0.0255 0.0005 0.025 0.026 -0.006 0.0225 0.0275 -0.0025 0.024 0.027 -0.006 0.0235 0.027 -0.0055 0.025 0.0255 -0.004 0.026 0.0245 -0.005 0.026 0.0245 -0.0035 0.0255 0.0255 -0.003 0.025 0.026 -0.006 0.0245 0.026 -0.0065 0.0225 0.0275 0.004 0.023 0.0275 0.0055 0.023 0.0275 0.009 0.024 0.0255 0.007 0.0245 0.0255 0.0065 0.024 0.026 0.0095 0.023 0.026 0.006 0.0235 0.027 0.0095 0.0225 0.027 0.009 0.025 0.0245 0.008 0.025 0.0245 0.0055 0.0225 0.0275 0.005 0.0225 0.0275 0.0035 0.023 0.0275 0.0035 0.025 0.026 0.0035 0.024 0.027 0.0095 0.021 0.0275 0.0145 0.018 0.0275 0.0145 0.0185 0.0275 0.016 0.0175 0.0275 0.0165 0.0175 0.027 0.0155 0.0175 0.0275 0.011 0.021 0.0275 0.011 0.0205 0.0275 0.0145 0.0195 0.027 0.0115 0.0215 0.027 0.013 0.022 0.0255 0.015 0.022 0.0245 0.014 0.0225 0.0245 0.015 0.021 0.0255 0.015 0.02 0.026 0.0125 0.022 0.026 0.0105 0.0205 0.0275 0.0185 0.014 0.0275 0.0195 0.013 0.0275 0.0225 0.0105 0.026 0.0215 0.013 0.026 0.0205 0.013 0.027 0.022 0.013 0.0255 0.0235 0.012 0.0245 0.023 0.013 0.0245 0.023 0.011 0.0255 0.0185 0.0145 0.0275 0.0195 0.0165 0.0255 0.018 0.018 0.0255 0.0175 0.018 0.026 0.0195 0.016 0.026 0.02 0.0175 0.0245 0.019 0.0185 0.0245 0.0215 0.009 0.0275 0.023 0.0035 0.0275 0.023 0.0015 0.028 0.023 0.002 0.0275 0.0225 0.0075 0.0275 0.022 0.0075 0.0275 0.024 0.004 0.027 0.023 0.0075 0.027 0.0245 0.007 0.0255 0.026 0.006 0.0245 0.0255 0.007 0.0245 0.025 0.005 0.0255 0.0245 0.0045 0.026 0.024 0.0075 0.026 0.022 0.008 0.0275 0.0215 0.0095 0.0275 0.023 -0.0025 0.0275 0.023 -0.004 0.0275 0.0245 -0.0075 0.0255 0.025 -0.0055 0.0255 0.0245 -0.005 0.026 0.024 -0.0045 0.027 0.0255 -0.0075 0.0245 0.0255 -0.0065 0.0245 0.023 -0.0035 0.0275 0.0235 -0.0025 0.0275 0.0235 -0.002 0.0275 0.0255 0.001 0.0255 0.0265 -0.001 0.0245 0.0265 0.0005 0.0245 0.0255 -0.0015 0.0255 0.025 -0.0015 0.026 0.025 0.001 0.026 0.022 -0.008 0.0275 0.019 -0.0135 0.0275 0.0185 -0.0145 0.0275 0.0195 -0.013 0.0275 0.0215 -0.01 0.0275 0.0215 -0.0095 0.0275 0.0195 -0.0135 0.0275 0.02 -0.0135 0.027 0.022 -0.0105 0.027 0.023 -0.0115 0.0255 0.0225 -0.0135 0.0245 0.0235 -0.0125 0.0245 0.022 -0.0135 0.0255 0.021 -0.0135 0.026 0.0225 -0.011 0.026 0.023 -0.008 0.027 -0.02 0.011 0.028 -0.0205 0.004 0.028 -0.017 0.012 0.028 -0.0075 0.0215 0.028 -0.0025 0.021 0.028 0.0005 0.023 0.028 0.014 0.016 0.028 0.009 0.021 0.028 0.0065 0.02 0.028 0.023 0.0015 0.028 0.019 0.009 0.028 0.021 0 0.028 0.022 -0.007 0.028 0.0195 -0.0085 0.028 0.018 -0.0145 0.028 0.0115 -0.02 0.028 0.014 -0.0155 0.028 0.0065 -0.02 0.028 -0.0205 -0.0045 0.028 -0.0225 0.003 0.028 -0.022 -0.0055 0.028 0.021 0.0095 0.028 0.0035 -0.0225 0.028 -0.0125 -0.019 0.028 -0.017 -0.0125 0.028 -0.0185 -0.013 0.028 -0.015 0.0175 0.028 -0.0105 0.018 0.028 0.016 0.0165 0.028 -0.005 -0.0225 0.028 -0.0105 -0.0185 0.028 -0.021 -0.0095 0.028 -0.002 -0.021 0.028 0.0125 -0.0225 0.0255 0.0095 -0.016 0.0175 0.0135 -0.0225 0.0245 0.0075 -0.0145 0.0195 0.0115 -0.0215 0.027 0.0105 -0.021 0.0275 0.008 -0.015 0.019 0.012 -0.022 0.026 0.009 -0.016 0.018 0.0085 -0.0155 0.0185 0.009 -0.0225 0.027 0.0065 -0.0155 0.0195 0.009 -0.022 0.0275 0.009 -0.0235 0.026 0.006 -0.017 0.018 0.0065 -0.0165 0.0185 0.006 -0.0175 0.0175 0.0085 -0.024 0.0255 0.0085 -0.025 0.0245 0.0065 -0.016 0.019 0.007 -0.0145 0.02 0.0105 -0.021 0.0275 0.0075 -0.0145 0.02 0.0075 -0.0145 0.0195 0.0065 -0.015 0.02 0.009 -0.0215 0.0275 0.0065 -0.0155 0.0195 0.009 -0.022 0.0275 0.007 -0.0145 0.02 0.009 -0.0215 0.0275 0.0065 -0.015 0.02 0.0105 -0.021 0.0275 0.004 -0.0165 0.019 0.006 -0.0245 0.026 0.0055 -0.0235 0.027 0.0035 -0.016 0.0195 0.005 -0.023 0.0275 0.0045 -0.0175 0.018 0.0045 -0.017 0.0185 0.005 -0.018 0.0175 0.0065 -0.025 0.0255 0.005 -0.0175 0.018 0.0075 -0.0255 0.0245 0.002 -0.017 0.019 0.003 -0.025 0.026 0.002 -0.0175 0.0185 0.0015 -0.018 0.018 0.0025 -0.0255 0.0255 0.0015 -0.0185 0.0175 0.002 -0.0265 0.0245 0.0025 -0.0165 0.0195 0.003 -0.024 0.027 0.002 -0.0165 0.0195 0.003 -0.0235 0.0275 0.005 -0.023 0.0275 0.0035 -0.016 0.02 0.0035 -0.016 0.0195 0.0045 -0.023 0.0275 0.003 -0.0235 0.0275 0.0025 -0.0165 0.0195 0.0035 -0.023 0.0275 0.0025 -0.0165 0.02 0.0025 -0.016 0.02 0.0035 -0.023 0.0275 0.0035 -0.016 0.02 0.0045 -0.023 0.0275 0.0025 -0.016 0.02 0 -0.025 0.026 0 -0.018 0.018 0.0005 -0.026 0.0255 -0.0005 -0.017 0.019 0 -0.0175 0.0185 -0.0005 -0.0165 0.0195 -0.0005 -0.0245 0.027 -0.0005 -0.0235 0.0275 0.0005 -0.0185 0.0175 0.0005 -0.0185 0.018 0.001 -0.0265 0.0245 -0.003 -0.018 0.018 -0.0035 -0.025 0.026 -0.004 -0.0255 0.0255 -0.002 -0.0165 0.0195 -0.003 -0.024 0.027 -0.002 -0.017 0.019 -0.0025 -0.0235 0.0275 -0.0025 -0.0175 0.0185 -0.0035 -0.0185 0.0175 -0.0045 -0.026 0.0245 -0.001 -0.0235 0.0275 -0.001 -0.0165 0.02 -0.0005 -0.0165 0.02 -0.0005 -0.0165 0.0195 -0.0005 -0.0235 0.0275 -0.002 -0.0165 0.02 -0.0025 -0.0235 0.0275 -0.002 -0.0165 0.0195 -0.0025 -0.023 0.0275 -0.0015 -0.0165 0.02 -0.001 -0.0165 0.02 -0.0025 -0.023 0.0275 -0.0015 -0.0165 0.02 -0.001 -0.0235 0.0275 -0.0045 -0.0175 0.018 -0.0065 -0.024 0.026 -0.0045 -0.017 0.0185 -0.0045 -0.0165 0.019 -0.0045 -0.016 0.0195 -0.0065 -0.0235 0.027 -0.0065 -0.0225 0.0275 -0.004 -0.018 0.018 -0.006 -0.025 0.0255 -0.004 -0.018 0.0175 -0.0055 -0.026 0.0245 -0.0075 -0.017 0.0175 -0.01 -0.0235 0.0255 -0.011 -0.024 0.0245 -0.007 -0.0165 0.018 -0.0095 -0.023 0.026 -0.0065 -0.0165 0.0185 -0.0065 -0.016 0.019 -0.009 -0.0225 0.027 -0.006 -0.0155 0.0195 -0.0085 -0.022 0.0275 -0.005 -0.0155 0.02 -0.0065 -0.0225 0.0275 -0.007 -0.0225 0.0275 -0.0045 -0.0155 0.02 -0.0045 -0.016 0.02 -0.0045 -0.016 0.0195 -0.006 -0.0155 0.0195 -0.0085 -0.022 0.0275 -0.006 -0.0155 0.02 -0.008 -0.022 0.0275 -0.0055 -0.0155 0.02 -0.005 -0.0155 0.02 -0.008 -0.022 0.0275 -0.0055 -0.0155 0.02 -0.007 -0.0225 0.0275 -0.0085 -0.016 0.018 -0.012 -0.0225 0.0255 -0.012 -0.021 0.027 -0.0085 -0.014 0.0195 -0.0085 -0.015 0.019 -0.012 -0.022 0.026 -0.0085 -0.0155 0.0185 -0.0085 -0.0165 0.0175 -0.012 -0.0235 0.0245 -0.012 -0.0205 0.0275 -0.01 -0.0135 0.0195 -0.0145 -0.0195 0.027 -0.01 -0.014 0.019 -0.016 -0.0205 0.0255 -0.0115 -0.0145 0.0175 -0.011 -0.0145 0.018 -0.015 -0.02 0.026 -0.0105 -0.014 0.0185 -0.0095 -0.0135 0.0195 -0.0135 -0.019 0.0275 -0.0165 -0.0205 0.0245 -0.0085 -0.014 0.02 -0.012 -0.02 0.0275 -0.0085 -0.014 0.0195 -0.012 -0.0205 0.0275 -0.0095 -0.0135 0.02 -0.013 -0.019 0.0275 -0.0135 -0.019 0.0275 -0.0095 -0.0135 0.0195 -0.0085 -0.014 0.02 -0.013 -0.019 0.0275 -0.0095 -0.0135 0.02 -0.012 -0.02 0.0275 -0.0125 -0.014 0.0175 -0.0175 -0.019 0.0255 -0.0125 -0.0135 0.018 -0.0175 -0.02 0.0245 -0.012 -0.0135 0.018 -0.017 -0.0175 0.027 -0.0115 -0.0115 0.0195 -0.012 -0.012 0.019 -0.0175 -0.018 0.026 -0.012 -0.013 0.0185 -0.0165 -0.0165 0.0275 -0.013 -0.011 0.0195 -0.0185 -0.0155 0.027 -0.013 -0.011 0.019 -0.0205 -0.016 0.0255 -0.015 -0.011 0.0175 -0.0145 -0.011 0.018 -0.0195 -0.0155 0.026 -0.0135 -0.011 0.0185 -0.0125 -0.0105 0.0195 -0.018 -0.015 0.0275 -0.021 -0.016 0.0245 -0.0165 -0.0165 0.0275 -0.0115 -0.0115 0.02 -0.0115 -0.0115 0.0195 -0.012 -0.0115 0.02 -0.017 -0.016 0.0275 -0.0125 -0.0105 0.0195 -0.018 -0.015 0.0275 -0.0125 -0.0105 0.02 -0.0175 -0.015 0.0275 -0.0175 -0.0155 0.0275 -0.0125 -0.011 0.02 -0.0175 -0.0155 0.0275 -0.012 -0.0115 0.02 -0.017 -0.016 0.0275 -0.0125 -0.011 0.02 -0.014 -0.0085 0.0195 -0.021 -0.0125 0.027 -0.0205 -0.012 0.0275 -0.021 -0.0135 0.026 -0.0145 -0.009 0.019 -0.015 -0.0095 0.0185 -0.015 -0.01 0.018 -0.0215 -0.014 0.0255 -0.0155 -0.0105 0.0175 -0.022 -0.015 0.0245 -0.0155 -0.01 0.018 -0.017 -0.007 0.0175 -0.0235 -0.01 0.0255 -0.0245 -0.01 0.0245 -0.023 -0.0105 0.026 -0.0165 -0.007 0.018 -0.016 -0.0075 0.0185 -0.0155 -0.0075 0.019 -0.022 -0.0105 0.027 -0.015 -0.007 0.0195 -0.021 -0.0105 0.0275 -0.015 -0.0075 0.0195 -0.02 -0.0115 0.0275 -0.014 -0.008 0.02 -0.02 -0.012 0.0275 -0.014 -0.0085 0.02 -0.014 -0.0085 0.0195 -0.0205 -0.012 0.0275 -0.0205 -0.0115 0.0275 -0.021 -0.0105 0.0275 -0.015 -0.007 0.0195 -0.0145 -0.0075 0.02 -0.015 -0.007 0.02 -0.014 -0.008 0.02 -0.021 -0.0105 0.0275 -0.0145 -0.0075 0.02 -0.0205 -0.0115 0.0275 -0.016 -0.0045 0.0195 -0.0235 -0.007 0.027 -0.0225 -0.0065 0.0275 -0.0175 -0.0065 0.0175 -0.0245 -0.008 0.0255 -0.0175 -0.006 0.018 -0.017 -0.006 0.018 -0.024 -0.0075 0.026 -0.0165 -0.005 0.019 -0.017 -0.0055 0.0185 -0.025 -0.009 0.0245 -0.0255 -0.004 0.0255 -0.0185 -0.0025 0.0175 -0.018 -0.003 0.018 -0.0245 -0.0045 0.026 -0.0175 -0.003 0.0185 -0.017 -0.003 0.019 -0.024 -0.0045 0.027 -0.016 -0.0035 0.0195 -0.023 -0.0045 0.0275 -0.0165 -0.0035 0.0195 -0.026 -0.0035 0.0245 -0.0225 -0.0065 0.0275 -0.016 -0.0045 0.02 -0.016 -0.0045 0.0195 -0.0225 -0.006 0.0275 -0.023 -0.0045 0.0275 -0.016 -0.0035 0.0195 -0.016 -0.0035 0.02 -0.023 -0.005 0.0275 -0.016 -0.0035 0.02 -0.0225 -0.0055 0.0275 -0.023 -0.005 0.0275 -0.016 -0.0045 0.02 -0.0225 -0.006 0.0275 -0.0255 -0.002 0.0255 -0.0185 -0.002 0.0175 -0.0265 -0.0025 0.0245 -0.018 -0.0015 0.018 -0.0245 -0.001 0.027 -0.0165 -0.0005 0.0195 -0.017 -0.0005 0.019 -0.025 -0.0015 0.026 -0.0175 -0.001 0.0185 -0.0235 -0.0005 0.0275 -0.0255 0.0025 0.0255 -0.0185 0.002 0.0175 -0.018 0.0015 0.018 -0.025 0.002 0.026 -0.0175 0.0015 0.0185 -0.017 0.001 0.019 -0.0245 0.0015 0.027 -0.0165 0.001 0.0195 -0.0235 0.001 0.0275 -0.017 0.001 0.0195 -0.026 0.003 0.0245 -0.0235 -0.0005 0.0275 -0.0165 -0.0005 0.02 -0.0165 -0.0005 0.0195 -0.0235 0.001 0.0275 -0.0165 0.001 0.0195 -0.0165 0.0005 0.02 -0.0165 0.001 0.02 -0.0165 0.0005 0.02 -0.0235 0.001 0.0275 -0.0235 -0.0005 0.0275 -0.0165 -0.0005 0.02 -0.024 0.005 0.027 -0.016 0.0035 0.0195 -0.0165 0.0035 0.019 -0.0185 0.003 0.0175 -0.0255 0.0045 0.0255 -0.018 0.003 0.018 -0.0245 0.005 0.026 -0.0175 0.0035 0.0185 -0.023 0.005 0.0275 -0.026 0.004 0.0245 -0.024 0.0085 0.0255 -0.0175 0.0065 0.0175 -0.017 0.006 0.018 -0.0235 0.008 0.026 -0.0165 0.0055 0.0185 -0.016 0.0055 0.019 -0.023 0.0075 0.027 -0.016 0.005 0.0195 -0.0225 0.007 0.0275 -0.0245 0.0095 0.0245 -0.0225 0.0055 0.0275 -0.016 0.004 0.02 -0.023 0.005 0.0275 -0.016 0.0035 0.02 -0.016 0.0035 0.0195 -0.0225 0.007 0.0275 -0.016 0.005 0.0195 -0.0155 0.005 0.02 -0.0155 0.0045 0.02 -0.0225 0.0065 0.0275 -0.0225 0.0065 0.0275 -0.016 0.004 0.02 -0.0225 0.0055 0.0275 -0.0155 0.0045 0.02 -0.0235 0.0105 0.0255 -0.017 0.0075 0.0175 -0.024 0.0105 0.0245 -0.0225 0.011 0.026 -0.0155 0.0075 0.019 -0.016 0.0075 0.0185 -0.0165 0.0075 0.018 -0.0145 0.0075 0.0195 -0.022 0.011 0.027 -0.021 0.0105 0.0275 -0.0215 0.0145 0.0255 -0.015 0.0105 0.0175 -0.015 0.01 0.018 -0.021 0.0135 0.026 -0.0145 0.0095 0.0185 -0.0145 0.009 0.019 -0.0205 0.013 0.027 -0.014 0.0085 0.0195 -0.02 0.0125 0.0275 -0.0145 0.009 0.0195 -0.0215 0.0155 0.0245 -0.0205 0.011 0.0275 -0.0145 0.0075 0.02 -0.021 0.0105 0.0275 -0.0145 0.0075 0.0195 -0.02 0.0125 0.0275 -0.014 0.0085 0.0195 -0.014 0.0085 0.02 -0.02 0.012 0.0275 -0.0145 0.0075 0.02 -0.02 0.012 0.0275 -0.014 0.0085 0.02 -0.0205 0.011 0.0275 -0.0125 0.011 0.0195 -0.0185 0.016 0.027 -0.0175 0.0155 0.0275 -0.013 0.011 0.019 -0.019 0.016 0.026 -0.014 0.0115 0.018 -0.0135 0.0115 0.0185 -0.0145 0.0115 0.0175 -0.02 0.016 0.0255 -0.0145 0.0115 0.018 -0.021 0.016 0.0245 -0.017 0.0195 0.0255 -0.012 0.014 0.0175 -0.012 0.0135 0.018 -0.017 0.0185 0.026 -0.012 0.013 0.0185 -0.0115 0.0125 0.019 -0.0165 0.0175 0.027 -0.0115 0.012 0.0195 -0.0165 0.017 0.0275 -0.017 0.02 0.0245 -0.0175 0.0155 0.0275 -0.012 0.011 0.02 -0.0125 0.011 0.02 -0.0125 0.011 0.0195 -0.017 0.0155 0.0275 -0.0165 0.017 0.0275 -0.0115 0.012 0.0195 -0.0115 0.012 0.02 -0.0115 0.0115 0.02 -0.0165 0.0165 0.0275 -0.0165 0.0165 0.0275 -0.012 0.011 0.02 -0.017 0.0155 0.0275 -0.0115 0.0115 0.02 -0.0095 0.0135 0.0195 -0.014 0.02 0.027 -0.013 0.0195 0.0275 -0.0095 0.014 0.019 -0.0145 0.0205 0.026 -0.011 0.0145 0.018 -0.0105 0.0145 0.0185 -0.0155 0.0205 0.0255 -0.0115 0.0145 0.0175 -0.016 0.021 0.0245 -0.0115 0.023 0.0255 -0.008 0.0165 0.0175 -0.008 0.016 0.018 -0.012 0.022 0.026 -0.0085 0.0155 0.0185 -0.008 0.015 0.019 -0.0115 0.0215 0.027 -0.008 0.0145 0.0195 -0.0115 0.0205 0.0275 -0.0115 0.024 0.0245 -0.013 0.0195 0.0275 -0.009 0.0135 0.02 -0.009 0.0135 0.0195 -0.0095 0.0135 0.0195 -0.0115 0.0205 0.0275 -0.008 0.0145 0.0195 -0.008 0.0145 0.02 -0.008 0.014 0.02 -0.0115 0.02 0.0275 -0.0085 0.014 0.02 -0.012 0.02 0.0275 -0.012 0.02 0.0275 -0.009 0.0135 0.02 -0.013 0.0195 0.0275 -0.0085 0.014 0.02 -0.0055 0.0155 0.0195 -0.0085 0.023 0.027 -0.008 0.022 0.0275 -0.006 0.016 0.019 -0.009 0.0235 0.026 -0.007 0.017 0.018 -0.0065 0.0165 0.0185 -0.0075 0.017 0.0175 -0.01 0.024 0.0255 -0.0105 0.024 0.0245 -0.0055 0.025 0.0255 -0.0035 0.018 0.0175 -0.004 0.0175 0.018 -0.006 0.0245 0.026 -0.004 0.017 0.0185 -0.0045 0.0165 0.019 -0.006 0.0235 0.027 -0.0045 0.016 0.0195 -0.006 0.0225 0.0275 -0.0045 0.0165 0.0195 -0.005 0.026 0.0245 -0.0075 0.022 0.0275 -0.0055 0.0155 0.02 -0.008 0.022 0.0275 -0.0055 0.0155 0.0195 -0.006 0.0225 0.0275 -0.0045 0.016 0.0195 -0.0045 0.016 0.02 -0.0065 0.0225 0.0275 -0.0055 0.0155 0.02 -0.0065 0.0225 0.0275 -0.0045 0.016 0.02 -0.0075 0.022 0.0275 -0.003 0.025 0.026 -0.0025 0.018 0.018 -0.0035 0.0255 0.0255 -0.002 0.017 0.019 -0.0025 0.024 0.027 -0.0015 0.0165 0.0195 -0.002 0.0235 0.0275 -0.003 0.0185 0.0175 -0.004 0.026 0.0245 -0.002 0.0175 0.0185 0.0005 0.025 0.026 0.0005 0.018 0.018 0 0.0175 0.0185 0 0.017 0.019 0 0.0245 0.027 0 0.0165 0.0195 -0.0005 0.0235 0.0275 0 0.017 0.0195 0.001 0.0255 0.0255 0.001 0.0185 0.0175 0.0015 0.0265 0.0245 -0.002 0.0235 0.0275 -0.0015 0.0165 0.02 -0.0015 0.0165 0.0195 -0.002 0.023 0.0275 -0.0005 0.0165 0.02 -0.0005 0.0235 0.0275 0 0.0165 0.0195 -0.0005 0.0235 0.0275 -0.0015 0.0165 0.02 -0.002 0.023 0.0275 -0.0005 0.0165 0.02 0.002 0.018 0.018 0.003 0.0255 0.0255 0.0015 0.0185 0.0175 0.0025 0.0265 0.0245 0.0035 0.025 0.026 0.0025 0.017 0.019 0.0035 0.024 0.027 0.0025 0.0165 0.0195 0.0035 0.023 0.0275 0.0025 0.0175 0.0185 0.0065 0.024 0.026 0.004 0.0165 0.019 0.006 0.0235 0.027 0.007 0.0245 0.0255 0.0055 0.0175 0.0175 0.005 0.0175 0.018 0.0045 0.017 0.0185 0.004 0.016 0.0195 0.0055 0.023 0.0275 0.004 0.0165 0.0195 0.008 0.025 0.0245 0.0025 0.016 0.02 0.004 0.023 0.0275 0.003 0.016 0.02 0.0025 0.0165 0.0195 0.0035 0.023 0.0275 0.004 0.016 0.0195 0.0055 0.023 0.0275 0.004 0.016 0.02 0.0055 0.0225 0.0275 0.0035 0.016 0.02 0.005 0.0225 0.0275 0.005 0.0225 0.0275 0.003 0.016 0.02 0.004 0.023 0.0275 0.0035 0.016 0.02 0.0065 0.0175 0.0175 0.009 0.024 0.0255 0.0065 0.017 0.018 0.0065 0.0155 0.019 0.0095 0.023 0.026 0.0095 0.0225 0.027 0.009 0.025 0.0245 0.0065 0.0165 0.0185 0.0065 0.015 0.0195 0.0095 0.0215 0.0275 0.0125 0.022 0.026 0.009 0.0155 0.018 0.0085 0.0155 0.0185 0.008 0.015 0.019 0.0115 0.0215 0.027 0.008 0.0145 0.0195 0.011 0.021 0.0275 0.01 0.016 0.0175 0.013 0.022 0.0255 0.014 0.0225 0.0245 0.008 0.015 0.0195 0.0065 0.015 0.02 0.0095 0.0215 0.0275 0.0065 0.015 0.0195 0.0095 0.021 0.0275 0.011 0.021 0.0275 0.008 0.0145 0.0195 0.011 0.0205 0.0275 0.0075 0.0145 0.02 0.0105 0.0205 0.0275 0.0065 0.015 0.02 0.0105 0.0205 0.0275 0.0075 0.0145 0.02 0.0095 0.021 0.0275 0.0105 0.015 0.018 0.015 0.021 0.0255 0.015 0.02 0.026 0.0105 0.014 0.0185 0.0105 0.0135 0.019 0.0145 0.0195 0.027 0.01 0.013 0.0195 0.0145 0.0185 0.0275 0.0105 0.0155 0.0175 0.015 0.022 0.0245 0.0135 0.013 0.0175 0.018 0.018 0.0255 0.019 0.0185 0.0245 0.013 0.013 0.018 0.0175 0.018 0.026 0.012 0.0125 0.0185 0.017 0.018 0.026 0.0115 0.0125 0.0195 0.0165 0.0175 0.027 0.0115 0.0125 0.019 0.011 0.012 0.0195 0.016 0.0175 0.0275 0.0145 0.0185 0.0275 0.01 0.013 0.0195 0.01 0.013 0.02 0.0105 0.013 0.02 0.0145 0.018 0.0275 0.011 0.012 0.02 0.016 0.0175 0.0275 0.011 0.012 0.0195 0.011 0.0125 0.02 0.0155 0.0175 0.0275 0.0145 0.018 0.0275 0.011 0.0125 0.02 0.0105 0.013 0.02 0.0155 0.0175 0.0275 0.0135 0.0105 0.019 0.0195 0.016 0.026 0.019 0.015 0.027 0.014 0.0115 0.018 0.0135 0.011 0.0185 0.014 0.0125 0.0175 0.0195 0.0165 0.0255 0.014 0.012 0.018 0.02 0.0175 0.0245 0.013 0.01 0.0195 0.0185 0.0145 0.0275 0.0155 0.009 0.018 0.0215 0.013 0.026 0.022 0.013 0.0255 0.0145 0.009 0.019 0.015 0.009 0.0185 0.0205 0.013 0.027 0.014 0.009 0.0195 0.0195 0.013 0.0275 0.016 0.009 0.0175 0.023 0.013 0.0245 0.0185 0.014 0.0275 0.013 0.01 0.02 0.0185 0.0145 0.0275 0.013 0.01 0.0195 0.0135 0.009 0.02 0.0195 0.013 0.0275 0.014 0.009 0.0195 0.0195 0.013 0.0275 0.013 0.01 0.02 0.0185 0.014 0.0275 0.0135 0.009 0.02 0.0165 0.0085 0.0175 0.023 0.011 0.0255 0.0165 0.008 0.018 0.015 0.0065 0.0195 0.022 0.01 0.027 0.0215 0.0095 0.0275 0.016 0.007 0.019 0.0225 0.0105 0.026 0.0225 0.01 0.0265 0.016 0.0075 0.0185 0.0235 0.012 0.0245 0.0155 0.007 0.019 0.024 0.0075 0.026 0.016 0.0055 0.019 0.023 0.0075 0.027 0.0155 0.0055 0.0195 0.0225 0.0075 0.0275 0.016 0.0055 0.0195 0.0245 0.007 0.0255 0.018 0.005 0.0175 0.0175 0.005 0.018 0.017 0.005 0.0185 0.0255 0.007 0.0245 0.015 0.0065 0.02 0.0215 0.0095 0.0275 0.0215 0.009 0.0275 0.015 0.0065 0.0195 0.022 0.0075 0.0275 0.0155 0.0055 0.02 0.0155 0.0055 0.0195 0.0225 0.0075 0.0275 0.022 0.008 0.0275 0.022 0.008 0.0275 0.015 0.0065 0.02 0.0215 0.009 0.0275 0.0155 0.0055 0.02 0.0245 0.0045 0.026 0.018 0.0035 0.018 0.025 0.005 0.0255 0.018 0.004 0.0175 0.026 0.006 0.0245 0.018 0.004 0.018 0.017 0.003 0.019 0.0175 0.003 0.0185 0.024 0.004 0.027 0.0165 0.0025 0.0195 0.023 0.0035 0.0275 0.018 0.0005 0.018 0.025 0.001 0.026 0.0255 0.001 0.0255 0.017 0.001 0.019 0.0175 0.001 0.0185 0.0165 0.001 0.0195 0.024 0.0015 0.027 0.017 0.001 0.0195 0.0235 0.002 0.0275 0.0185 0 0.0175 0.0265 0.0005 0.0245 0.023 0.0035 0.0275 0.016 0.0025 0.02 0.0165 0.0025 0.0195 0.0165 0.0015 0.02 0.0235 0.002 0.0275 0.023 0.002 0.0275 0.0165 0.0015 0.0195 0.0165 0.001 0.0195 0.0165 0.0015 0.02 0.023 0.0035 0.0275 0.023 0.002 0.0275 0.016 0.0025 0.02 0.025 -0.0015 0.026 0.017 -0.0015 0.019 0.0175 -0.001 0.0185 0.024 -0.002 0.027 0.0165 -0.0015 0.0195 0.0255 -0.0015 0.0255 0.0185 -0.0005 0.0175 0.0265 -0.001 0.0245 0.018 -0.001 0.018 0.0185 -0.001 0.018 0.0235 -0.002 0.0275 0.025 -0.0055 0.0255 0.018 -0.0045 0.0175 0.0175 -0.004 0.018 0.0245 -0.005 0.026 0.017 -0.0035 0.0185 0.017 -0.003 0.019 0.024 -0.0045 0.027 0.0255 -0.0065 0.0245 0.0165 -0.003 0.0195 0.023 -0.004 0.0275 0.0165 -0.0015 0.02 0.0235 -0.002 0.0275 0.0235 -0.0025 0.0275 0.0165 -0.002 0.02 0.023 -0.0025 0.0275 0.0165 -0.0015 0.0195 0.023 -0.004 0.0275 0.016 -0.0025 0.02 0.016 -0.003 0.02 0.023 -0.0035 0.0275 0.016 -0.003 0.0195 0.0165 -0.003 0.0195 0.016 -0.0025 0.02 0.023 -0.0025 0.0275 0.023 -0.0035 0.0275 0.0165 -0.002 0.02 0.024 -0.008 0.026 0.016 -0.0055 0.019 0.0165 -0.0055 0.0185 0.0245 -0.0075 0.0255 0.018 -0.005 0.0175 0.0255 -0.0075 0.0245 0.0175 -0.0055 0.018 0.023 -0.008 0.027 0.0155 -0.0055 0.0195 0.022 -0.008 0.0275 0.016 -0.008 0.0185 0.023 -0.0115 0.0255 0.016 -0.008 0.018 0.0225 -0.011 0.026 0.0165 -0.009 0.0175 0.0235 -0.0125 0.0245 0.016 -0.0075 0.0185 0.0155 -0.007 0.019 0.022 -0.0105 0.027 0.015 -0.007 0.0195 0.0215 -0.01 0.0275 0.0155 -0.007 0.0195 0.022 -0.008 0.0275 0.0155 -0.0055 0.02 0.0155 -0.0055 0.0195 0.0155 -0.006 0.02 0.015 -0.0065 0.02 0.0215 -0.0095 0.0275 0.015 -0.007 0.0195 0.0215 -0.01 0.0275 0.015 -0.007 0.02 0.015 -0.0065 0.02 0.022 -0.008 0.0275 0.0215 -0.0095 0.0275 0.0155 -0.006 0.02 0.02 -0.0135 0.027 0.0135 -0.0095 0.0195 0.014 -0.0095 0.019 0.021 -0.0135 0.026 0.015 -0.0095 0.0185 0.0155 -0.0095 0.018 0.022 -0.0135 0.0255 0.016 -0.0095 0.0175 0.0225 -0.0135 0.0245 0.0195 -0.013 0.0275 0.0195 -0.017 0.0255 0.0135 -0.0125 0.0175 0.0135 -0.012 0.018 0.019 -0.016 0.026 0.0135 -0.0115 0.0185 0.013 -0.011 0.019 0.0185 -0.0155 0.027 0.013 -0.0105 0.0195 0.0185 -0.015 0.0275 0.0195 -0.018 0.0245 0.0135 -0.0095 0.02 0.0195 -0.013 0.0275 0.0135 -0.0095 0.0195 0.0195 -0.0135 0.0275 0.019 -0.0135 0.0275 0.0185 -0.015 0.0275 0.013 -0.0105 0.0195 0.0185 -0.0145 0.0275 0.013 -0.0105 0.02 0.013 -0.01 0.02 0.0185 -0.0145 0.0275 0.0135 -0.0095 0.02 0.019 -0.0135 0.0275 0.013 -0.01 0.02 0.017 -0.0185 0.026 0.0115 -0.0125 0.019 0.012 -0.013 0.0185 0.0125 -0.013 0.018 0.018 -0.0185 0.0255 0.013 -0.013 0.0175 0.0185 -0.0185 0.0245 0.013 -0.013 0.018 0.0165 -0.018 0.027 0.011 -0.0125 0.0195 0.0155 -0.0175 0.0275 0.0145 -0.0215 0.0255 0.01 -0.0155 0.0175 0.01 -0.015 0.018 0.0145 -0.0205 0.026 0.01 -0.014 0.019 0.0145 -0.0195 0.027 0.0145 -0.022 0.0245 0.01 -0.0145 0.0185 0.01 -0.0135 0.0195 0.014 -0.019 0.0275 0.0105 -0.0125 0.02 0.0155 -0.0175 0.0275 0.015 -0.0175 0.0275 0.011 -0.0125 0.02 0.011 -0.0125 0.0195 0.014 -0.0185 0.0275 0.01 -0.013 0.02 0.01 -0.013 0.0195 0.014 -0.019 0.0275 0.01 -0.0135 0.0195 0.0105 -0.0125 0.02 0.014 -0.0185 0.0275 0.01 -0.013 0.02 0.015 -0.0175 0.0275 -0.0025 0.021 0.028 0.0065 0.02 0.041 0.0065 0.02 0.028 0.014 0.016 0.041 0.014 0.016 0.028 0.019 0.009 0.041 0.019 0.009 0.028 -0.0025 0.021 0.041 -0.0105 0.018 0.028 -0.0105 0.018 0.041 -0.017 0.012 0.028 -0.017 0.012 0.041 -0.0205 0.004 0.028 -0.0205 0.004 0.041 -0.0205 -0.0045 0.028 -0.0205 -0.0045 0.041 -0.017 -0.0125 0.028 -0.019 -0.009 0.041 0.021 0 0.041 0.0195 -0.0085 0.041 0.021 0 0.028 0.0195 -0.0085 0.028 0.014 -0.0155 0.041 0.014 -0.0155 0.028 0.0065 -0.02 0.041 -0.002 -0.021 0.041 0.0065 -0.02 0.028 -0.0105 -0.0185 0.041 -0.002 -0.021 0.028 -0.017 -0.0125 0.041 -0.0105 -0.0185 0.028 0.01 -0.013 0.02 0.01 -0.0125 0.041 0.01 -0.0125 0.02 0.0095 -0.013 0.02 0.003 -0.016 0.041 0.0035 -0.016 0.02 0.003 -0.016 0.02 0.004 -0.0155 0.02 0.0085 -0.009 0.041 0.01 -0.0125 0.02 0.01 -0.0125 0.041 0.0085 -0.009 0.02 0.0015 -0.0125 0.041 0.003 -0.016 0.02 0.0015 -0.0125 0.02 0.003 -0.016 0.041</float_array><technique_common><accessor source="#pa" count="3602" stride="3"><param name="X" type="float"/><param name="Y" type="float"/><param name="Z" type="float"/></accessor></technique_common></source>
        <source id="n"><float_array id="na" count="10806">0.98 0.22 0 1 0.09 0 1 -0.06 -0.02 0.71 -0.7 0 0.54 -0.84 0 0.52 -0.85 0 -0.49 -0.87 0 -0.68 -0.74 0 -0.76 -0.65 0 -0.86 -0.51 0 -0.87 -0.49 -0.01 -0.93 0.36 0 -0.89 0.45 0 -0.89 0.45 0 -0.59 0.81 0 -0.75 0.66 0 -0.75 0.66 0 -0.55 0.84 0 -0.48 0.88 0 -0.45 0.9 0 0.4 0.92 0 0.55 0.84 0 0.63 0.78 0 0.82 0.57 0 0.84 0.55 0 0.89 -0.45 0 0.78 -0.62 0 -0.04 1 -0.03 -0.21 0.98 -0.01 -0.06 1 0 0.35 0.94 0 0.18 0.98 -0.01 0.2 0.98 0 0.93 0.38 0 0.93 -0.37 0 0.97 -0.24 -0.01 0.97 -0.24 0 0.13 -0.99 -0.02 0.37 -0.93 -0.01 0.07 -1 0 0 -1 0 -0.15 -0.99 -0.02 -0.42 -0.91 0 -0.31 -0.95 0 -0.32 -0.95 0 -0.99 -0.09 -0.05 -0.94 -0.35 -0.01 -1 -0.06 0 -0.94 0.34 0 -0.99 0.15 -0.01 -0.98 0.2 0 -0.24 0.97 0 0.92 0.39 0 0.37 -0.93 0 -0.93 -0.37 0 0 0 -1 0 0 -1 0 0 -1 0 0 -1 0 0 -1 0 0 -1 0 0 -1 0 0 -1 0 0 -1 0 0 -1 0 0 -1 0 0 -1 0 0 -1 0 0 -1 0 0 -1 0 0 -1 0 0 -1 0 0 -1 0 0 -1 0 0 -1 0 0 -1 0 0 1 0 0 1 0 0 1 0 0 1 0 0 1 0 0 1 0 0 1 0 0 1 0 0 1 0 0 1 0 0 1 0 0 1 0 0 1 0 0 1 0 0 1 0 0 1 0 0 1 0 0 1 0 0 1 0 0 1 0 0 1 0 0 1 0 0 1 0 0 1 0 0 1 0 0 1 0 0 1 0 0 1 0 0 1 0 0 1 0 0 1 0 0 1 0 0 1 0 0 1 0 0 1 0 0 1 0 0 1 0 0 1 0 0 1 0 0 1 0 0 1 0 0 1 0 0 1 0 0 1 0 0 1 0 0 1 0 0 1 0 0 1 0 0 1 0 0 1 0 0 1 0 0 1 0 0 1 0 0 1 0 0 1 0 0 1 0 0 1 0 0 1 0 0 1 0 0 1 0 0 1 0 0 1 0 0 1 0 0 1 0 0 1 0 0 1 0 0 1 0 0 1 0 0 1 0 0 1 0 0 1 0 0 1 0 0 1 0 0 1 0 0 1 0 0 1 0 0 1 0 0 1 0 0 1 0 0 1 0 0 1 0 0 1 0 0 1 0 0 1 0 0 1 0 0 1 0 0 1 -0.07 1 0 -0.07 1 0 -0.07 1 0 -0.07 1 0 1 0 0 1 0 0 1 0 0 1 0 0 0 1 0 0 1 0 0 1 0 0 1 0 1 0 0 1 0 0 1 0 0 1 0 0 -0.2 0.98 0 -0.2 0.98 0 -0.2 0.98 0 -0.2 0.98 0 1 0.08 0 1 0.08 0 1 0.08 0 1 0.08 0 0.07 -1 0 0.07 -1 0 0.07 -1 0 0.07 -1 0 -1 -0.05 0 -1 -0.05 0 -1 -0.05 0 -1 -0.05 0 0 1 0 0 1 0 0 1 0 0 1 0 -0.99 -0.14 0 -0.99 -0.14 0 -0.99 -0.14 0 -0.99 -0.14 0 -0.14 0.99 0 -0.14 0.99 0 -0.14 0.99 0 -0.14 0.99 0 -1 0 0 -1 0 0 -1 0 0 -1 0 0 -0.06 1 0 -0.06 1 0 -0.06 1 0 -0.06 1 0 1 0.07 0 1 0.07 0 1 0.07 0 1 0.07 0 0.05 -1 0 0.05 -1 0 0.05 -1 0 0.05 -1 0 -1 0 0 -1 0 0 -1 0 0 -1 0 0 0 -1 0 0 -1 0 0 -1 0 0 -1 0 -1 0 0 -1 0 0 -1 0 0 -1 0 0 0 -1 0 0 -1 0 0 -1 0 0 -1 0 -1 -0.08 0 -1 -0.08 0 -1 -0.08 0 -1 -0.08 0 -0.07 1 0 -0.07 1 0 -0.07 1 0 -0.07 1 0 1 0.05 0 1 0.05 0 1 0.05 0 1 0.05 0 0 -1 0 0 -1 0 0 -1 0 0 -1 0 0.99 0.14 0 0.99 0.14 0 0.99 0.14 0 0.99 0.14 0 0 -1 0 0 -1 0 0 -1 0 0 -1 0 1 0 0 1 0 0 1 0 0 1 0 0 0.07 -1 0 0.07 -1 0 0.07 -1 0 0.07 -1 0 -1 -0.07 0 -1 -0.07 0 -1 -0.07 0 -1 -0.07 0 -1 -0.07 0 -1 -0.07 0 -1 -0.07 0 -1 -0.07 0 0.05 -1 0 0.05 -1 0 0.05 -1 0 0.05 -1 0 1 0.07 0 1 0.07 0 1 0.07 0 1 0.07 0 -0.07 1 0 -0.07 1 0 -0.07 1 0 -0.07 1 0 0 0 1 0 0 1 0 0 1 0 0 1 -0.87 -0.5 0 -0.7 -0.72 0 -0.58 -0.82 0 -0.35 -0.94 0 -0.25 -0.97 0 -0.92 -0.39 0 -0.08 -1 -0.02 0.94 -0.35 0 0.83 -0.55 0.02 0.83 -0.56 -0.03 1 0 0 0.97 -0.25 0 0.92 0.39 0 0.99 0.15 0 0.7 0.72 0 0.87 0.5 0 0.35 0.94 0 0.58 0.82 0 0.08 1 -0.02 0.25 0.97 0 -0.94 0.35 0 -0.83 0.55 0.02 -0.83 0.56 -0.03 -1 0 0 -0.97 0.25 0 -0.99 -0.15 0 -0.63 0.76 -0.16 -0.43 0.85 -0.3 -0.63 0.78 0.04 -0.45 0.89 0.06 -0.45 0.89 0 -0.25 0.97 0.04 -0.03 1 0.03 -0.24 0.96 -0.17 -0.45 0.89 0 0.63 -0.76 -0.16 0.43 -0.85 -0.3 0.63 -0.78 0.04 0.45 -0.89 0.06 0.45 -0.89 0 0.25 -0.97 0.04 0.03 -1 0.03 0.24 -0.96 -0.17 0.45 -0.89 0 0 0 -1 0 0 -1 0 0 -1 0 0 -1 0 0 -1 0 0 -1 0 0 -1 0 0 -1 0 0 -1 0 0 -1 0 0 -1 0 0 -1 0 0 -1 0 0 -1 0 0 -1 0 0 -1 0 0 -1 0 0 1 0 0 1 0 0 1 0 0 1 0 0 1 0 0 1 0 0 1 0 0 1 0 0 1 0 0 1 0 0 1 0 0 1 0 0 1 0 0 1 0 0 1 0 0 1 0 0 1 0.86 0.51 0 0.89 0.45 0 0.78 0.59 0.2 0.98 0.12 -0.12 -0.89 0 0.45 0.87 0.5 -0.06 0.71 0.71 0 -0.59 0.81 0 -0.51 0.86 0 -0.44 0.9 0 -0.36 0.93 0 -0.36 0.93 0 -0.59 0.81 0 -0.71 -0.71 0 -0.71 -0.71 0 -0.71 -0.71 0 -0.71 -0.71 0 -0.71 -0.71 0 -0.43 0.67 0.61 -0.37 0.67 0.64 -0.32 0.71 0.63 -0.27 0.74 0.62 -0.27 0.8 0.53 -0.44 0.69 0.57 -0.37 0.68 -0.64 -0.43 0.67 -0.61 -0.46 0.68 -0.57 -0.32 0.71 -0.63 -0.27 0.74 -0.62 -0.3 0.78 -0.54 -0.89 -0.45 0 -1 0 0 -0.86 -0.51 0 -0.71 -0.71 0 -0.71 -0.71 0 -1 0 0 -1 0 0 0.36 -0.93 0 0.44 -0.9 0 0.51 -0.86 0 0.36 -0.93 0 0.59 -0.81 0 0.59 -0.81 0 0.71 0.71 0 0.71 0.71 0 0.71 0.71 0 0.71 0.71 0 0.37 -0.67 0.64 0.43 -0.67 0.61 0.44 -0.69 0.57 0.27 -0.74 0.62 0.32 -0.71 0.63 0.27 -0.8 0.53 0.43 -0.67 -0.61 0.37 -0.68 -0.64 0.32 -0.71 -0.63 0.46 -0.68 -0.57 0.27 -0.74 -0.62 0.3 -0.78 -0.54 0 0 1 0 0 1 0 0 1 0 0 1 0 0 1 0.36 -0.93 0 0.42 -0.86 -0.3 0.51 -0.86 0 0.56 -0.78 -0.28 0.23 -0.59 -0.77 0 0 -1 0 0 -1 0.59 -0.81 0 -0.42 0.86 -0.3 -0.56 0.78 -0.28 -0.23 0.59 -0.77 0 0 -1 0 0 -1 -0.36 0.93 0 -0.51 0.86 0 -0.59 0.81 0 0 0 1 0 0 1 0 0 1 0 0 1 0 0 1 0.96 0.27 0 0.96 0.27 0 0.89 0.4 -0.22 0.65 0.54 -0.54 0.97 0.24 0 0.58 0.58 -0.58 -0.64 0.77 0 -0.8 0.6 0 -0.8 0.6 0 -0.92 0.39 0 -0.77 -0.64 0 -0.6 -0.8 0 -0.6 -0.8 0 -0.33 -0.94 -0.01 -0.23 -0.97 0 0.01 -1 -0.02 0 -1 0 0.14 -0.27 -0.95 0.83 -0.55 -0.02 0.89 -0.45 0 0.98 -0.19 0 1 0.05 0 0.91 0.41 0 0.85 0.53 0 0.66 0.75 0 0.53 0.85 0 0.19 0.98 0 -0.05 1 0 -0.41 0.91 0 -0.53 0.85 0 -0.75 0.66 0 -0.84 0.53 0 -0.98 0.19 0 -1 -0.05 0 -0.88 -0.48 0 -0.88 -0.47 0 0.89 -0.45 -0.01 0.83 -0.55 0 0 0 -1 0 0 -1 0.21 -0.64 -0.74 0.26 -0.93 -0.26 -0.14 -0.95 -0.28 -0.35 -0.9 -0.28 -0.25 -0.59 -0.76 -0.27 -0.96 0 0 0 -1 0 0 -1 0 0 -1 -0.69 0.23 -0.69 -0.81 0.35 -0.46 -0.71 0.59 -0.38 -0.64 0.7 -0.32 -0.48 0.57 -0.67 -0.71 0.71 0 0 0 -1 0 0 -1 0 0 -1 0.41 0.41 -0.82 0.68 0.57 -0.46 0.83 0.42 -0.37 0.9 0.3 -0.3 0.65 0.18 -0.74 0.92 0.39 0 0 0 -1 0 0 -1 0 0 -1 0.21 -0.52 -0.83 0.24 -0.84 -0.48 -0.15 -0.96 -0.25 -0.38 -0.92 -0.08 -0.27 -0.96 0 -0.33 -0.77 -0.55 0 0 -1 0 0 -1 0 0 -1 -0.68 0.27 -0.68 -0.91 0.39 -0.13 -0.75 0.61 -0.24 -0.64 0.71 -0.28 -0.45 0.54 -0.72 -0.77 0.64 0 0 0 -1 0 0 -1 0 0 -1 0.27 0.36 -0.89 0.5 0.42 -0.76 0.83 0.39 -0.39 0.96 0.26 0.09 0.96 0.27 0 0.96 0.27 0 0 0 -1 0 0 -1 0 0 -1 0.11 -0.44 -0.89 0.27 -0.95 0.14 -0.11 -0.97 -0.22 -0.27 -0.63 -0.72 -0.31 -0.86 -0.39 0 -1 0 0 0 -1 0 0 -1 0 0 1 -0.7 0.17 -0.7 -0.72 0.58 -0.38 -0.77 0.64 0 -0.77 0.33 -0.55 -0.64 0.73 -0.24 -0.57 0.68 -0.46 0 0 -1 0 0 -1 0.15 0.22 -0.96 0 0 -1 0.54 0.45 -0.72 0.8 0.4 -0.45 0.92 0.39 0 0.89 0.25 -0.38 0.95 0.29 -0.1 0 0 -1 0 0 -1 0 0 -1 0 0 -1 0.3 -0.9 0.3 -0.12 -0.98 -0.17 0 -1 0 0.27 -0.95 -0.14 -0.29 -0.68 -0.68 -0.37 -0.91 -0.18 0 0 -1 0 0 -1 0 0 -1 -0.51 0.17 -0.85 0 0 -1 -0.81 0.58 -0.12 -0.83 0.55 0 -0.89 0.38 -0.25 -0.63 0.72 0.27 -0.6 0.72 0.36 0 1 0 0 0 -1 0 0 -1 0.14 0.27 -0.95 0 0 -1 0.74 0.62 -0.25 0.79 0.57 -0.23 0.85 0.42 0.32 0.92 0.28 -0.28 0.93 0.26 -0.26 0.9 0.3 -0.3 0 0 -1 0 0 1 0 0 -1 0 0 -1 0.41 -0.41 -0.82 0 -0.97 -0.22 0 -1 0 0.23 -0.79 -0.57 -0.35 -0.78 0.52 -0.43 -0.64 -0.64 -0.31 -0.72 0.62 0 0 -1 0 0 -1 -1 0.1 0 -1 0 0 -1 0.1 0 -1 -0.06 0 -0.99 -0.1 0 -0.99 -0.1 0 0.29 -0.96 0 0.39 -0.92 0 0.24 -0.97 0 -0.04 -1 0 0.07 -1 0 -0.1 -0.99 0.09 -0.35 -0.94 0.05 -0.25 -0.94 0.23 -0.45 -0.89 0.03 0.61 -0.79 0 0.74 -0.67 0 0.52 -0.85 0 0.85 -0.53 0 0.89 -0.45 0 0.82 -0.58 0 -0.67 -0.74 -0.01 -0.78 -0.62 -0.01 -0.78 -0.62 0 0.89 -0.45 0 0.89 -0.45 0 0.89 -0.45 0 0.77 -0.64 0 0.42 -0.91 0 0.14 -0.99 0 -0.5 -0.87 -0.01 -0.41 -0.91 0 -0.78 -0.62 -0.08 -0.83 -0.55 0 -0.71 -0.7 -0.01 -0.57 -0.82 -0.01 -0.55 -0.43 0.71 -0.5 -0.47 0.73 -0.55 -0.28 0.79 -0.45 -0.68 0.58 -0.37 -0.68 0.64 -0.46 -0.58 0.67 -0.2 -0.85 0.49 -0.08 -0.79 0.61 -0.26 -0.78 0.57 0.08 -0.74 0.67 0.18 -0.73 0.65 0.02 -0.7 0.71 0.28 -0.61 0.75 0.33 -0.55 0.77 0.28 -0.64 0.72 0.54 -0.47 0.7 0.59 -0.44 0.68 0.46 -0.46 0.76 0.77 0 0.64 0.82 0.09 0.57 0.73 -0.08 0.68 -0.55 -0.24 0.8 -0.57 -0.25 0.78 -0.64 -0.21 0.74 0.68 -0.09 0.73 0 0 1 0.67 -0.11 0.73 0.71 0 0.71 0.7 -0.31 0.64 0.74 -0.3 0.61 0.69 -0.29 0.66 0 0 1 0.61 -0.22 0.76 -0.53 -0.27 0.8 0.86 0.14 0.48 0.64 0.21 0.74 0.66 -0.42 0.62 0.38 -0.52 0.77 0.24 -0.71 0.66 -0.05 -0.74 0.67 -0.34 -0.73 0.6 -0.49 -0.53 0.69 0.99 0.11 0 1 0 0 0.99 0.11 0 0.88 -0.48 0 0.74 -0.67 0 0.94 -0.35 0 0.67 -0.74 0 0.48 -0.88 0 0.37 -0.93 0 0.16 -0.99 0 0.06 -1 0 -0.06 -1 0 -0.06 -1 0 0.99 -0.11 0 0.54 -0.28 -0.79 0.7 -0.32 -0.63 0.55 -0.38 -0.74 0.43 -0.41 -0.8 0.73 -0.35 -0.58 0.35 -0.5 -0.8 0.25 -0.55 -0.79 0.51 -0.44 -0.73 0.18 -0.63 -0.75 0.07 -0.64 -0.77 0.3 -0.67 -0.67 -0.04 -0.66 -0.75 -0.05 -0.65 -0.76 0.07 -0.71 -0.71 0.57 -0.09 -0.82 0.64 0.01 -0.77 0.7 0.08 -0.71 0.69 0.08 -0.72 -0.07 -0.69 -0.72 0.71 0.01 -0.71 0.67 -0.33 -0.67 0.71 -0.07 -0.71 1 -0.1 0 1 0 0 1 -0.1 0 0.99 0.1 0 1 0.06 0 0.99 0.1 0 -0.89 0.45 0 -0.85 0.53 0 -0.89 0.45 0 0.67 0.74 -0.01 0.57 0.82 -0.01 0.71 0.7 -0.01 0.78 0.62 -0.01 0.78 0.62 0 0.35 0.93 0.05 0.26 0.94 0.23 0.45 0.89 0.03 0.03 1 0 -0.07 1 0 0.11 0.99 0.08 -0.29 0.96 0 -0.4 0.92 0 -0.24 0.97 0 -0.59 0.8 0 -0.71 0.71 0 -0.54 0.84 0 -0.82 0.58 0 -0.89 0.45 0 -0.89 0.45 0 0.5 0.87 -0.01 -0.75 0.66 0 -0.45 0.89 0 -0.13 0.99 0 0.41 0.91 0 0.78 0.62 -0.08 0.83 0.55 0 0.7 -0.7 0.17 0.62 -0.79 0.06 0.55 -0.83 0 -0.23 0.96 -0.18 -0.39 0.88 -0.26 -0.02 0.99 0.17 0.06 1 0 0.1 0.98 0.19 0.34 0.92 0.19 0.45 0.89 0 0.4 -0.87 -0.28 0.28 -0.95 -0.16 0.44 -0.85 -0.29 0.05 -0.99 0.14 -0.1 -0.95 0.3 -0.06 -1 0 0.13 -0.98 0.14 -0.3 -0.9 0.3 -0.44 -0.83 0.33 -0.45 -0.89 0 0.79 -0.54 0.31 0.89 -0.35 0.29 0.81 -0.59 0 0.93 -0.2 0.3 0.99 -0.05 0.16 0.98 -0.22 0 0.98 0.14 0.16 0.93 0.36 0.08 0.99 0.11 0 0.86 0.46 0.21 0.76 0.61 0.23 0.92 0.4 0 0.65 0.73 0.22 0.47 0.88 0.09 0.71 0.71 0 -0.61 -0.77 0.19 -0.72 -0.64 0.26 -0.71 -0.71 0 -0.87 -0.46 0.19 -0.92 -0.33 0.22 -0.92 -0.4 0 -0.98 -0.15 0.13 -0.99 -0.02 0.16 -0.99 -0.11 0 -0.97 0.22 0.11 -0.92 0.31 0.24 -0.98 0.22 0 -0.85 0.52 0.06 -0.76 0.65 -0.05 -0.61 0.71 -0.35 -0.38 0.83 -0.41 -1 0 0 -0.99 -0.11 0 -0.99 0.11 0 -0.94 0.35 0 -0.88 0.48 0 -0.74 0.67 0 -0.67 0.74 0 -0.48 0.88 0 -0.37 0.93 0 -0.16 0.99 0 -0.06 1 0 0.06 1 0 0.06 1 0 -0.99 -0.11 0 0 0 1 0 0 1 0 0 1 0 0 1 0 0 1 0 0 1 0 0 1 0 0 1 0 0 1 0 0 1 0 0 1 0 0 1 0 0 1 0 0 1 0 0 1 0 0 1 0 0 1 0 0 1 0 0 1 0 0 1 0 0 1 0 0 1 0 0 1 0 0 1 0 0 1 0 0 1 0 0 1 0 0 1 0 0 1 0 0 1 0 0 1 0 0 1 0 0 1 0 0 1 0 0 1 0 0 1 0 0 1 0 0 1 0 0 1 0 0 1 0 0 1 0 0 1 0.87 -0.49 0 0.75 -0.67 0 0.67 -0.75 0 0.99 -0.16 0 0.92 -0.39 0 0.98 0.21 0 1 -0.03 0 0.86 0.52 0 0.95 0.32 0 0.64 0.77 0 0.8 0.6 0 0.32 0.95 0 0.54 0.84 0 -0.02 1 0 0.21 0.98 0 -0.36 0.93 0 -0.13 0.99 0 -0.67 0.75 0 -0.47 0.88 0 -0.87 0.49 0 -0.75 0.67 0 -0.99 0.16 0 -0.92 0.39 0 -0.98 -0.21 0 -1 0.03 0 -0.86 -0.52 0 -0.95 -0.32 0 -0.64 -0.77 0 -0.8 -0.6 0 -0.32 -0.95 0 -0.54 -0.84 0 0.47 -0.88 0 0.02 -1 0 -0.21 -0.98 0 0.36 -0.93 0 0.13 -0.99 0 0.5 0.5 0.71 0.5 0.4 0.76 0.53 0.42 0.74 0.49 0.54 0.68 0.47 0.69 0.55 0.36 0.64 0.68 0.33 0.68 0.66 -0.67 0.25 0.7 -0.44 0.14 0.89 -0.6 0.33 0.73 -0.61 0.1 0.78 -0.53 0.09 0.84 -0.69 0.29 0.66 0.3 0.68 0.67 -0.7 0.09 0.7 -0.67 0 0.74 0 0 1 0.55 0.24 0.8 0.55 0.23 0.8 0.55 0.28 0.79 -0.71 -0.08 0.7 -0.55 0.38 0.74 -0.43 0.43 0.79 -0.34 0.51 0.79 -0.5 0.47 0.73 -0.25 0.53 0.81 -0.16 0.59 0.79 -0.28 0.6 0.75 0.02 0.66 0.75 0.06 0.71 0.7 -0.07 0.69 0.72 0.25 0.84 0.48 0.1 0.72 0.68 -0.14 0.59 0.8 -0.71 -0.08 0.69 -0.68 -0.09 0.73 0.55 0.23 0.8 -0.64 0.43 0.64 0 0 1 -0.7 0.32 -0.63 -0.54 0.28 -0.79 -0.57 0.09 -0.82 -0.73 0.35 -0.58 -0.07 0.63 -0.77 0.04 0.66 -0.75 0.05 0.64 -0.77 -0.07 0.71 -0.71 -0.7 -0.08 -0.71 -0.64 -0.01 -0.77 -0.69 -0.08 -0.72 -0.45 0.44 -0.78 -0.55 0.38 -0.74 -0.5 0.47 -0.73 -0.27 0.57 -0.77 -0.37 0.53 -0.76 -0.32 0.67 -0.67 -0.18 0.63 -0.75 -0.71 -0.01 -0.71 -0.71 0.07 -0.71 -0.67 0.33 -0.67 0.08 0.69 -0.72 -0.89 0.45 0 -0.89 0.45 0 -0.89 0.45 0 -0.89 0.45 0 0.92 0.39 0 0.98 0.22 0 0.92 0.39 0 1 0 0 0.98 0.19 0 1 0 0 1 0 0 0.92 0.39 0 -0.45 0.89 0 -0.45 0.89 0 -0.45 0.89 0 -0.45 0.89 0 0 -1 0 0 -1 0 0 -1 0 0 -1 0 0.95 -0.32 0 0.95 -0.32 0 0.95 -0.32 0 0.95 -0.32 0 0 1 0 0 1 0 0 1 0 0 1 0 0.89 -0.45 0 0.89 -0.45 0 0.89 -0.45 0 0.89 -0.45 0 -0.92 -0.39 0 -0.98 -0.22 0 -0.92 -0.39 0 -0.98 -0.19 0 -1 0 0 -1 0 0 -1 0 0 -0.92 -0.39 0 0.45 -0.89 0 0.45 -0.89 0 0.45 -0.89 0 0.45 -0.89 0 0 1 0 0 1 0 0 1 0 0 1 0 -0.95 0.32 0 -0.95 0.32 0 -0.95 0.32 0 -0.95 0.32 0 0 -1 0 0 -1 0 0 -1 0 0 -1 0 0 0 1 0 0 1 0 0 1 0 0 1 0 0 1 0 0 1 0 0 1 0 0 1 0 0 1 0 0 1 0 0 1 0 0 1 0 0 1 0 0 1 0 0 1 0 0 1 0 0 1 0 0 1 0 0 1 0 0 -1 0 0 -1 0 0 -1 0 0 -1 0 0 -1 0 0 -1 0 0 -1 0 0 -1 0 0 -1 0 0 -1 0 0 -1 0 0 -1 0 0 -1 0 0 -1 0 0 -1 0 0 -1 0 0 -1 0 0 -1 0 0 -1 0 0 -1 0 0 -1 0 0 -1 0 0 -1 0 0 -1 0 0 -1 0 0 -1 0 0 -1 0 0 -1 0 0 -1 0 0 -1 0 0 -1 0 0 -1 0 0 -1 0.93 0.37 0 0.93 0.37 0 0.93 0.37 0 0.93 0.37 0 0.35 -0.94 0 0.35 -0.94 0 0.35 -0.94 0 0.35 -0.94 0 -0.89 -0.45 0 -0.89 -0.45 0 -0.89 -0.45 0 -0.89 -0.45 0 0 0 -1 0 0 -1 0 0 -1 0 0 -1 0 0 -1 0 0 -1 0 0 -1 0 0 -1 0 0 -1 0 0 -1 0 0 -1 0 0 -1 0 0 -1 0 0 -1 0 0 -1 0 0 -1 0 0 -1 0 0 -1 0 0 -1 0 0 -1 0 0 -1 0 0 -1 0 0 -1 0 0 -1 0 0 -1 0 0 -1 0 0 -1 0 0 -1 -0.71 0.71 0 -0.71 0.71 0 -0.71 0.71 0 0.71 -0.71 0 -0.71 0.71 0 0.15 -0.08 0.99 0 0 1 0.49 -0.37 0.79 0.23 -0.47 0.85 0.24 -0.49 0.84 0.03 -0.67 0.74 -0.02 -0.32 0.95 -0.15 -0.36 0.92 -0.14 -0.12 0.98 0 0 1 -0.49 -0.24 0.84 0.45 0.17 0.87 0.47 0.07 0.88 -0.52 0.04 0.86 -0.55 0.29 0.78 -0.22 0.14 0.97 -0.11 0.34 0.93 0.12 0 0.99 -0.39 -0.32 0.86 -0.19 -0.15 0.97 -0.49 -0.12 0.86 -0.53 0.17 0.83 -0.7 0.09 0.7 0.37 0.48 0.79 0.79 0.44 0.44 0.04 0.53 0.85 0.28 0.39 0.88 -0.28 0.51 0.82 0 0 1 -0.37 0.27 0.89 -0.67 0.1 0.74 -0.7 0.41 0.58 -0.71 -0.05 0.71 -0.54 0.08 0.84 -0.2 -0.54 0.82 -0.38 -0.59 0.71 -0.37 -0.66 0.66 0.12 -0.41 0.9 0.03 -0.44 0.9 0.11 -0.4 0.91 0.37 -0.39 0.84 0.26 -0.45 0.86 0.37 -0.44 0.82 0.56 -0.18 0.81 0.58 -0.27 0.76 0.68 -0.29 0.68 0.46 0.04 0.89 0.49 -0.09 0.86 0.45 0 0.89 0.33 0.31 0.89 0.41 0.24 0.88 0.34 0.28 0.9 0.17 0.46 0.87 0.24 0.42 0.87 0.24 0.56 0.8 -0.15 0.55 0.82 0 0.54 0.84 -0.17 0.6 0.78 -0.32 0.45 0.83 -0.25 0.57 0.78 -0.29 0.51 0.81 -0.46 0.17 0.87 -0.43 0.29 0.86 -0.56 0.24 0.8 -0.49 -0.16 0.86 -0.54 0 0.84 -0.6 -0.17 0.78 -0.38 -0.32 0.87 -0.42 -0.24 0.87 -0.32 -0.27 0.91 -0.24 -0.4 0.88 -0.37 -0.4 0.84 -0.3 -0.43 0.85 0.1 -0.5 0.86 -0.03 -0.45 0.89 0.2 -0.69 0.69 0.37 -0.39 0.84 0.26 -0.57 0.78 0.37 -0.44 0.82 0.45 -0.2 0.87 0.45 -0.24 0.86 0.44 -0.19 0.88 0.56 0 0.83 0.51 -0.15 0.85 0.7 0.1 0.7 0.39 0.37 0.84 0.57 0.26 0.78 0.44 0.37 0.82 0.14 0.39 0.91 0.24 0.42 0.87 0.16 0.38 0.91 -0.09 0.54 0.84 0.03 0.43 0.9 -0.17 0.6 0.78 -0.28 0.45 0.84 -0.18 0.62 0.76 -0.29 0.51 0.81 -0.36 0.15 0.92 -0.36 0.27 0.89 -0.38 0.16 0.91 -0.49 -0.1 0.87 -0.43 0.03 0.9 -0.69 -0.2 0.69 -0.46 -0.35 0.81 -0.51 -0.24 0.83 -0.44 -0.37 0.82 -0.28 -0.42 0.86 -0.48 -0.42 0.77 -0.3 -0.43 0.85 0.1 -0.48 0.87 -0.03 -0.45 0.89 0.2 -0.69 0.69 0.28 -0.35 0.89 0.19 -0.48 0.86 0.27 -0.32 0.91 0.49 -0.24 0.84 0.39 -0.28 0.88 0.56 -0.24 0.8 0.55 0 0.83 0.57 -0.18 0.8 0.7 0.1 0.7 0.35 0.28 0.89 0.48 0.19 0.86 0.32 0.27 0.91 0.19 0.44 0.88 0.28 0.39 0.88 0.24 0.56 0.8 -0.07 0.55 0.83 0.11 0.46 0.88 -0.13 0.44 0.89 -0.32 0.59 0.75 -0.14 0.65 0.75 -0.43 0.64 0.64 -0.46 0.19 0.87 -0.5 0.37 0.78 -0.56 0.24 0.8 -0.45 -0.07 0.89 -0.46 0.11 0.88 -0.44 -0.13 0.89 -0.54 -0.37 0.76 -0.48 -0.19 0.86 -0.44 -0.37 0.82 -0.35 -0.52 0.78 -0.55 -0.48 0.69 -0.37 -0.66 0.66 0.07 -0.45 0.89 -0.1 -0.49 0.87 0.13 -0.44 0.89 0.32 -0.46 0.83 0.19 -0.48 0.86 0.37 -0.44 0.82 0.46 -0.22 0.86 0.41 -0.41 0.82 0.56 -0.24 0.8 0.29 -0.07 0.96 0.42 -0.16 0.9 0 -0.14 0.99 0.39 0.26 0.88 0.29 0.04 0.96 0.44 0.37 0.82 0.19 0.37 0.91 0.33 0.36 0.87 0.16 0.38 0.91 -0.04 0.45 0.89 0.12 0.39 0.91 -0.13 0.44 0.89 -0.07 0.45 0.89 0 0 1 0 0 1 0 0 1 0 0 1 -0.5 -0.07 0.86 -0.61 -0.51 0.61 -0.59 -0.54 0.59 -0.14 0 0.99 0 0 1 0 0 1 0 0 1 0 0 1 0.58 -0.43 0.69 0.77 -0.35 0.53 0 -0.14 0.99 0 0 1 0 0 1 0.05 0.71 0.71 -0.27 0.68 0.68 -0.22 0.32 0.92 0 0 1 -0.7 -0.1 0.7 -0.27 0.53 0.8 -0.55 0.46 0.69 -0.33 0.55 0.77 -0.69 0.51 0.51 -0.68 0.4 0.62 0 0 -1 -0.71 0 0.71 -0.7 -0.17 0.7 -0.73 -0.49 0.49 -0.53 0.04 0.85 -0.44 -0.44 0.78 0 0 1 0.25 -0.8 -0.55 0.41 -0.82 -0.41 0.14 -0.99 0 0.14 0.99 0 -0.1 0.99 0.1 0.35 0.94 0 -0.4 0.88 -0.24 -0.37 0.56 -0.74 -0.16 0.97 0.16 -0.3 0.3 -0.9 -0.62 0.25 -0.74 0 0 -1 -0.91 0.07 -0.42 -0.99 -0.15 -0.08 -0.93 0.26 -0.26 -0.91 -0.24 -0.34 -0.82 -0.41 -0.41 -0.99 -0.14 0 -0.7 -0.64 -0.32 -0.45 -0.89 0 -0.71 -0.71 0 -0.41 -0.82 -0.41 0.18 -0.91 -0.37 0.25 -0.82 -0.51 0.47 -0.85 -0.23 0.14 -0.99 0 0.71 -0.71 -0.05 0.85 -0.5 0.14 0.58 -0.58 0.58 0.97 -0.23 -0.11 0.75 0.11 -0.65 0.95 -0.32 0 0.34 0.07 -0.94 0.33 0.33 -0.88 0 0 -1 0.52 0.63 -0.58 0.5 0.86 0 0.71 0.71 0 0.31 0.94 0.1 0.08 0.98 0.16 0.23 0.69 0.69 -0.23 0.91 -0.34 -0.43 0.64 -0.64 -0.14 0.99 0 -0.28 0.28 -0.92 -0.82 0.41 -0.41 -0.97 0.22 0 -0.99 0.08 0.15 -0.81 0.35 0.46 -0.92 -0.24 -0.29 -0.72 -0.42 -0.54 -0.99 -0.14 0 -0.53 -0.53 -0.66 -0.33 -0.67 -0.67 -0.58 -0.58 -0.58 -0.12 -0.35 -0.93 0 -0.71 -0.71 0.26 -0.85 -0.46 0.44 -0.87 -0.22 0.14 -0.99 0 0.68 -0.68 -0.29 0.87 -0.44 -0.22 0.71 -0.71 0 0.88 -0.28 -0.39 0.86 -0.12 -0.49 0.95 -0.32 0 0.55 0 -0.83 0.83 0.55 0 0 0 1 0.63 0.77 -0.07 0.5 0.86 0 0.65 0.54 0.54 0.3 0.9 -0.3 0.16 0.96 -0.24 0.32 0.95 0 -0.11 0.85 -0.51 -0.33 0.67 -0.67 -0.14 0.99 0 -0.16 0.16 -0.97 -0.39 0.13 -0.91 -0.75 0.17 -0.64 -0.95 0.15 -0.29 -0.93 0.26 -0.26 -0.89 -0.14 -0.42 -0.82 -0.41 -0.41 -0.99 -0.14 0 -0.67 -0.55 -0.5 -0.57 -0.71 -0.42 -0.71 -0.71 0 -0.16 -0.31 -0.94 0 -0.71 -0.71 0.6 -0.69 -0.41 0.76 -0.61 -0.23 0.71 -0.71 0 0.86 -0.37 -0.37 0.91 -0.13 -0.39 0.95 -0.32 0 0.35 0 -0.94 0.26 0.26 -0.93 0 0 1 0.45 0.55 -0.7 0.54 0.74 -0.4 0.54 0.65 -0.54 0.37 0.89 -0.26 0.16 0.97 -0.16 0.32 0.95 0 -0.06 0.95 -0.32 -0.26 0.93 -0.26 -0.14 0.99 0 -0.45 0.89 0 -0.82 0.41 0.41 0 0 1 -0.89 0.21 -0.41 -0.96 0.15 -0.22 -0.93 0.26 -0.26 -0.95 -0.1 -0.3 -0.9 -0.3 -0.3 -0.99 -0.14 0 -0.8 -0.53 -0.27 -0.71 -0.71 0 -0.71 -0.71 0 -0.41 -0.41 -0.82 0 0 -1 0.23 -0.69 -0.69 0.35 -0.81 -0.46 0.59 -0.78 -0.2 0.74 -0.67 0.07 0.71 -0.71 0 0.9 -0.4 0.2 0.95 -0.22 0.22 0.69 -0.23 0.69 0.95 0.06 -0.32 0.89 0.25 -0.38 0.98 0.14 0.14 0.45 0.54 -0.72 0.49 0.73 -0.49 0.41 0.86 -0.3 0.31 0.94 -0.16 0.32 0.95 0 -0.05 0.94 -0.33 -0.26 0.91 -0.32 -0.14 0.99 0 -0.47 0.71 -0.53 -0.66 0.53 -0.53 -0.71 0.71 0 -0.74 0.21 -0.64 -0.93 0.26 -0.26 -0.95 -0.05 -0.32 -0.9 -0.3 -0.3 -0.99 -0.16 0 -0.82 -0.53 -0.19 -0.65 -0.76 0 -0.77 -0.64 0 -0.53 -0.83 -0.15 -0.26 -0.93 -0.26 0.21 -0.74 -0.64 0.35 -0.81 -0.46 0.53 -0.82 -0.19 0.76 -0.65 0 0.64 -0.77 0 0.87 -0.49 0 0.99 -0.16 0 0.89 0.45 0 0.54 0.84 0 0.16 0.99 0 0.47 0.88 0 -0.35 0.94 0 -0.84 0.54 0 -1 0 0 -0.99 -0.16 0 -1 0.08 0 1 -0.08 0 0 1 0 -0.45 0.89 0 -0.99 -0.16 0 0 0 1 0.64 0.64 0.43 0 0 1 0.65 0.75 -0.11 0.53 0.83 -0.15 0.65 0.74 -0.18 -0.15 0.98 0.15 0.51 0.85 -0.17 -0.51 -0.05 -0.86 0 0 -1 -0.55 -0.32 -0.77 -0.58 -0.58 -0.58 -0.35 -0.53 -0.78 -0.23 -0.74 -0.63 -0.27 -0.53 -0.8 0.07 -0.51 -0.86 0.19 -0.48 -0.86 0.2 -0.69 -0.69 0.31 -0.53 -0.79 0 0 -1 0.5 -0.28 -0.82 0.54 -0.08 -0.84 0 0 -1 0 0 -1 -0.48 0.27 -0.83 -0.41 0.08 -0.91 -0.6 0.17 -0.78 -0.32 0.55 -0.77 -0.6 0.73 -0.33 -0.45 0.89 0 -0.08 0.48 -0.88 -0.17 0.6 -0.78 0 0 -1 0.33 0.54 -0.78 0 0 -1 0 0 -1 0.49 0.3 -0.82 0.35 0.35 -0.87 0.83 0.55 0 -0.55 -0.12 -0.83 -0.83 -0.04 -0.55 -0.49 0.07 -0.87 -0.34 0.1 -0.93 -0.52 0.4 -0.76 -0.24 0.51 -0.83 0.05 0.71 -0.71 0.07 0.49 -0.87 0.38 0.65 -0.65 0.39 0.54 -0.75 0.59 0.29 -0.76 0 0 -1 0.49 -0.07 -0.87 -0.46 0.35 -0.81 0 0 -1 -0.3 0.6 -0.75 0 0.55 -0.83 0.05 0.5 -0.86 0.38 0.65 -0.65 0.37 0.48 -0.79 0.27 0.27 -0.92 0.59 0.25 -0.77 0 0 -1 0.5 -0.05 -0.86 0.5 -0.34 -0.8 0.5 -0.36 -0.78 0.44 -0.65 -0.62 0.29 -0.61 -0.74 0.13 -0.31 -0.94 -0.05 -0.57 -0.82 0 0 -1 -0.44 -0.57 -0.69 -0.55 -0.32 -0.77 -0.62 -0.31 -0.72 -0.71 -0.07 -0.71 -0.42 0 -0.91 -0.34 0.1 -0.93 -0.38 0.38 -0.84 0 0 -1 -0.31 0.62 -0.72 0 0.55 -0.83 0.05 0.58 -0.81 0.38 0.65 -0.65 0.32 0.49 -0.81 0.27 0.27 -0.92 0.58 0.17 -0.79 0 0 -1 0.58 -0.05 -0.81 0.5 -0.34 -0.8 0.55 -0.41 -0.73 0.44 -0.65 -0.62 0.27 -0.46 -0.85 0.13 -0.31 -0.94 -0.09 -0.41 -0.91 0 0 -1 -0.41 -0.55 -0.73 -0.55 -0.32 -0.77 -0.65 -0.34 -0.68 -0.71 -0.07 -0.71 -0.41 0 -0.91 -0.34 0.1 -0.93 -0.35 0.32 -0.88 0 0 -1 -0.34 0.65 -0.68 0 0.55 -0.83 0.05 0.59 -0.81 0.38 0.65 -0.65 0.25 0.38 -0.89 0.27 0.27 -0.92 0.5 0.19 -0.84 0 0 -1 0.59 -0.05 -0.81 0.5 -0.34 -0.8 0.6 -0.42 -0.69 0.44 -0.65 -0.62 0.33 -0.57 -0.76 0.13 -0.31 -0.94 -0.09 -0.4 -0.91 -0.2 -0.2 -0.96 -0.33 -0.62 -0.71 -0.68 -0.34 -0.65 -0.66 -0.36 -0.66 -0.71 -0.07 -0.71 -0.4 0 -0.92 0.53 0.06 -0.85 0.96 0.21 -0.21 0.71 0 -0.71 0.63 0.39 -0.67 0.46 0.46 -0.76 0.83 0.55 0 0.29 0.47 -0.83 0 0 -1 0 0 -1 -0.03 0.47 -0.88 -0.25 0.89 -0.38 0 0 -1 -0.48 0.05 -0.87 -0.34 0.1 -0.93 -0.5 -0.27 -0.82 -0.71 -0.07 -0.71 -0.35 -0.46 -0.81 -0.55 -0.32 -0.77 0.5 -0.34 -0.8 0.48 -0.35 -0.8 0.24 -0.49 -0.84 0.13 -0.44 -0.89 -0.09 -0.49 -0.87 0.54 -0.81 -0.23 -0.38 0.57 -0.73 -0.63 0.7 -0.35 -0.55 0.83 0 -0.39 0.31 -0.86 -0.4 0.1 -0.91 -0.82 0.41 -0.41 0 0 -1 0 0 -1 -0.71 -0.71 0 -0.3 -0.78 -0.54 -0.41 -0.82 -0.41 0.2 -0.78 -0.59 0 -0.71 -0.71 0 0 1 0.6 -0.17 -0.78 0 0 -1 0.94 0.2 -0.27 0.7 -0.12 -0.7 -0.28 0.08 -0.96 -0.14 0.33 -0.93 0.13 0.7 -0.7 0.36 0.54 -0.76 0 0.05 -1 0.35 0.35 -0.87 0.89 0.45 0 0 0 -1 0 0 -1 -0.24 0.84 -0.48 0 0 -1 -0.63 0.7 -0.35 -0.45 0.89 0 -0.39 0.13 -0.91 -0.73 0.49 -0.49 0 0 -1 0 0 -1 -0.58 -0.58 -0.58 -0.32 -0.83 -0.45 -0.53 -0.66 -0.53 0.2 -0.59 -0.78 0 -0.71 -0.71 0 0 -1 0.69 -0.2 -0.69 0 0 -1 0.92 0.2 -0.33 0.7 -0.12 -0.7 0.89 0.45 0 0.96 0.27 0 0 0 -1 0 0 -1 -0.23 0.79 -0.57 0 0 -1 -0.63 0.7 -0.35 -0.32 0.95 0 -0.37 0.18 -0.91 -0.65 0.54 -0.54 0 0 -1 0 0 -1 -0.58 -0.58 -0.58 -0.34 -0.88 -0.34 -0.58 -0.58 -0.58 0.19 -0.86 -0.48 -0.1 -0.7 -0.7 0 0 -1 0.53 -0.15 -0.83 0 0 -1 0.9 0.19 -0.39 0.69 -0.23 -0.69 0.61 0.61 -0.51 0.96 0.27 0 0 0 -1 0 0.24 -0.97 -0.21 0.74 -0.64 0 0 -1 -0.63 0.7 -0.35 -0.27 0.96 0 -0.58 0.15 -0.8 -0.66 0.53 -0.53 0 0 -1 0 -0.16 -0.99 -0.38 -0.38 -0.84 0 0 -1 -0.41 -0.7 -0.58 0.13 -0.47 -0.87 -0.2 -0.69 -0.69 0 0 -1 0.12 0.12 -0.98 0.44 -0.13 -0.89 0.71 0 -0.71 0.55 0.32 -0.77 0 0.07 -1 -0.09 0.33 -0.94 -0.42 0.64 -0.64 -0.61 0.35 -0.71 0 -0.05 -1 0.1 -0.1 -0.99 0.16 -0.47 -0.87 0.26 -0.68 -0.68 0.3 -0.6 -0.75 0.45 -0.59 -0.67 0.3 -0.9 -0.3 0.76 -0.6 -0.25 0.55 -0.28 -0.79 0.44 -0.53 -0.73 0.61 -0.09 -0.79 0 0 -1 0.5 0.08 -0.86 0.86 0.2 -0.46 0.77 0.15 -0.62 0.71 0 -0.71 0 0 -1 0 0 -1 -0.96 -0.27 0 0 0 -1 0.44 -0.13 -0.89 0.68 -0.6 -0.43 0.37 -0.44 -0.82 0.17 -0.46 -0.87 0.07 0 -1 -0.44 -0.37 -0.82 -0.69 -0.19 -0.69 -0.71 0 -0.71 0 0 -1 -0.18 0.42 -0.89 0.12 0.83 -0.55 0.46 0.68 -0.57 -0.09 0.09 -0.99 0 0 -1 0.44 -0.13 -0.89 0 0 -1 0 0 -1 0 0 -1 0 0 -1 0 0 -1 0 0 -1 0 0 -1 0 0 -1 0 0 -1 0 0 -1 0 0 -1 0 0 -1 0 0 -1 0 0 -1 0 0 -1 0 0 -1 0 0 -1 0 0 -1 0 0 -1 0 0 -1 0 0 -1 0 0 -1 0 0 -1 0 0 -1 0 0 -1 0 0 -1 0 0 -1 0 0 -1 0 0 -1 0.86 -0.21 -0.47 0.94 -0.24 -0.24 0.7 -0.14 -0.7 0.16 -0.03 -0.99 0.7 -0.15 -0.7 0.55 -0.11 -0.83 0.71 0 -0.71 0.71 0 -0.71 0.71 0 -0.71 0.71 0 -0.71 0.71 0 -0.71 0.68 -0.27 -0.68 0.58 -0.04 -0.81 0.97 -0.16 0.16 0 0 -1 0.25 -0.13 -0.96 0 0 1 0.57 -0.23 -0.79 0.8 -0.43 -0.43 0.61 -0.23 -0.76 0.62 -0.25 -0.74 0.66 -0.2 -0.73 0.66 -0.18 -0.72 0.53 -0.27 -0.8 0.73 -0.37 -0.57 0.65 -0.23 -0.73 0.7 -0.17 -0.7 0.55 -0.14 -0.82 0 0 -1 0.3 0.05 -0.95 0.15 0.06 -0.99 0.65 0.28 -0.71 0.62 0.25 -0.74 0.57 0.23 -0.79 0.65 0.65 -0.39 0.58 0.58 -0.58 0.57 0.42 -0.71 0.7 0.35 -0.63 0.58 0.58 -0.58 0.62 0.15 -0.77 0.58 0.21 -0.79 0.67 0.31 -0.67 0.51 0.38 -0.77 0.7 0.12 -0.7 0.8 0.07 -0.59 0.71 0 -0.71 0.71 0 -0.71 0.71 0 -0.71 0.71 0 -0.71 0.71 0 -0.71 0.71 0 -0.71 0.71 0 -0.71 0.45 0 -0.89 0.71 0 -0.71 0.51 0.09 -0.85 0 0 -1 0 0 -1 0.77 0.57 -0.29 0.29 0.31 -0.9 0.71 0.42 -0.57 0.6 0.3 -0.75 0.4 0.61 -0.68 0.56 0.4 -0.72 0.28 -0.47 -0.84 0.21 -0.52 -0.83 0.82 -0.41 -0.41 0.54 0.47 -0.7 0.58 0.58 0.58 0 0 1 0.46 0.35 -0.81 0.69 0.45 -0.57 0.62 0.43 -0.66 0.46 0.35 -0.81 0.5 0.5 -0.7 0.58 0.58 -0.58 0.42 0.32 -0.85 0.5 0.44 -0.75 0.58 0.58 -0.58 0.57 0.23 -0.79 0.49 0.32 -0.81 0.53 0.48 -0.69 0.69 0.51 -0.51 0 0 -1 0.41 -0.41 -0.82 0 -0.71 0.71 0.58 0.58 -0.58 0.11 0.18 -0.98 0.09 0.41 -0.91 -0.41 0.82 -0.41 0 0.71 -0.71 0.46 0.57 -0.68 0.19 0.67 -0.72 0 0.71 -0.71 0 0 -1 -0.58 0.58 -0.58 0.67 -0.5 -0.54 0.63 -0.37 -0.68 0.54 -0.4 -0.74 0.42 0.71 -0.57 0.38 0.65 -0.65 0.51 0.69 -0.51 0.29 0.55 -0.78 0.27 0.53 -0.8 0.27 0.72 -0.63 0.25 0.62 -0.74 0.3 0.75 -0.6 0.33 0.73 -0.6 0.27 0.53 -0.8 0.33 0.67 -0.67 0.29 0.57 -0.77 0.49 0.73 -0.49 0.27 0.53 -0.8 0.58 0.58 -0.58 0.33 0.67 -0.67 0.25 0.68 -0.68 0.71 -0.52 -0.48 0.41 -0.41 -0.82 0.1 -0.52 -0.85 0 -0.71 -0.71 0.31 -0.73 -0.61 0.36 -0.6 -0.72 0.27 -0.53 -0.8 0.27 -0.57 -0.77 0.47 -0.62 -0.62 0.27 -0.53 -0.8 0.34 -0.84 -0.42 0.58 -0.58 -0.58 0.65 -0.65 -0.39 0.58 -0.58 -0.58 0.14 -0.7 -0.7 0 0 -1 0.37 -0.47 -0.8 0.41 -0.82 0.41 0.3 -0.9 -0.3 0.27 -0.63 -0.72 0.64 -0.43 -0.64 0 -0.71 -0.71 0.54 -0.54 -0.64 0 -0.71 -0.71 0 0 1 -0.07 -0.18 -0.98 -0.71 0 -0.71 0 0 -1 -0.09 -0.51 -0.85 -0.03 -0.32 -0.95 0 0 -1 -0.08 -0.79 -0.6 0 -0.71 -0.71 0 -0.71 -0.71 -0.04 -0.8 -0.6 0 -0.71 -0.71 0 -0.71 -0.71 -0.14 -0.7 -0.7 0 -0.71 -0.71 0 -0.71 -0.71 0 -0.71 -0.71 0 -0.71 -0.71 0.22 -0.87 -0.44 0.5 -0.59 -0.64 0.54 -0.45 -0.72 0.6 -0.4 -0.7 0.6 -0.72 -0.36 0.43 -0.64 -0.64 0 0 -1 0 0 -1 0.51 -0.3 -0.81 0.65 -0.39 -0.65 0.59 -0.32 -0.75 0.42 -0.32 -0.85 0.1 -0.87 -0.48 0 -0.71 -0.71 0.21 -0.71 -0.67 0 -0.71 -0.71 0.27 -0.72 -0.63 0.41 -0.41 -0.82 -0.46 -0.76 -0.46 -0.23 -0.34 -0.91 0 0 -1 -0.49 -0.67 -0.56 -0.34 -0.53 -0.78 -0.35 -0.51 -0.78 -0.44 -0.6 -0.67 -0.3 -0.61 -0.73 -0.34 -0.57 -0.74 -0.58 -0.58 -0.58 -0.35 -0.46 -0.81 -0.27 -0.53 -0.8 -0.29 -0.68 -0.68 -0.3 -0.3 -0.9 0.57 -0.29 -0.77 0.51 -0.3 -0.81 0.91 -0.37 -0.18 0.81 -0.3 -0.51 0.82 -0.41 -0.41 0.3 -0.75 -0.6 0 -0.89 -0.45 0.25 -0.74 -0.62 0 -0.71 -0.71 0.33 -0.67 -0.67 -0.17 -0.85 -0.51 -0.34 -0.75 -0.56 -0.17 -0.64 -0.75 -0.17 -0.56 -0.81 -0.28 -0.66 -0.7 -0.2 -0.66 -0.73 -0.22 -0.54 -0.81 -0.33 -0.67 -0.67 -0.17 -0.85 -0.51 -0.18 -0.74 -0.65 0 -1 0 -0.55 -0.32 -0.77 -0.57 -0.37 -0.74 -0.61 -0.43 -0.67 -0.57 -0.42 -0.71 -0.54 -0.47 -0.7 -0.26 -0.12 -0.96 -0.68 -0.27 -0.68 -0.58 -0.58 -0.58 -0.58 -0.58 -0.58 -0.58 -0.58 -0.58 -0.62 -0.25 -0.74 -0.22 -0.22 -0.95 -0.34 -0.34 -0.88 -0.61 -0.54 -0.58 -0.4 -0.36 -0.84 -0.52 -0.52 -0.68 -0.61 -0.54 -0.58 -0.36 -0.27 -0.89 -0.49 -0.49 -0.73 -0.51 -0.3 -0.81 -0.37 -0.29 -0.88 -0.41 -0.41 -0.82 -0.58 -0.58 -0.58 -0.44 -0.44 -0.79 -0.58 -0.58 -0.58 0 0 -1 0 0 -1 -0.71 0 -0.71 -0.69 -0.22 -0.69 -0.43 0 -0.9 -0.71 0 -0.71 -0.86 0.29 -0.43 -0.69 0.23 -0.69 -0.24 -0.24 -0.94 -0.96 0.19 -0.19 -0.55 0.14 -0.82 -0.32 -0.05 -0.95 -0.32 -0.08 -0.95 -0.76 -0.2 -0.62 -0.56 -0.15 -0.81 -0.6 -0.18 -0.78 -0.71 -0.21 -0.67 -0.58 -0.12 -0.81 -0.62 -0.25 -0.74 -0.7 -0.12 -0.7 -0.75 -0.3 -0.6 -0.69 -0.23 -0.69 -0.87 -0.22 -0.44 -0.8 -0.27 -0.53 -0.71 0 -0.71 0 1 0 0.58 -0.58 -0.58 -0.71 0 -0.71 -0.37 0.23 -0.9 -0.71 0 -0.71 -0.68 0.34 -0.65 -0.71 0.71 0 0 0 -1 0 0.71 -0.71 0 0 -1 0 0 -1 -0.13 0.13 -0.98 -0.78 0.49 -0.39 -0.49 0.49 -0.73 -0.72 0.31 -0.62 -0.53 0.27 -0.8 -0.78 0.35 -0.52 -0.3 0.3 -0.9 -0.53 0.43 -0.73 -0.82 0.41 -0.41 -0.67 0.67 -0.33 -0.63 0.63 -0.46 -0.47 0.62 -0.62 -0.49 0.49 -0.72 -0.49 0.49 -0.73 -0.81 0.49 -0.32 -0.8 0.53 -0.27 -0.62 0.47 -0.62 -0.46 0.46 -0.75 -0.58 0.58 -0.58 -0.38 0.51 -0.77 -0.46 0.46 -0.76 -0.42 0.34 -0.84 -0.41 0.68 -0.61 0 0 -1 -0.1 0.56 -0.82 -0.18 0.55 -0.82 -0.29 0.57 -0.77 -0.36 0.64 -0.68 -0.3 0.6 -0.75 -0.27 0.53 -0.8 -0.18 0.44 -0.88 -0.58 0.58 -0.58 -0.58 0.58 -0.58 -0.47 0.54 -0.7 -0.42 0.57 -0.71 -0.58 0.58 -0.58 -0.33 0.55 -0.77 -0.38 0.51 -0.77 0 0 -1 -0.12 0.7 -0.7 -0.16 0.71 -0.68 -0.13 0.67 -0.73 -0.13 0.64 -0.76 -0.36 0.72 -0.6 -0.33 0.67 -0.67 -0.27 0.68 -0.68 -0.19 0.69 -0.69 -0.33 0.67 -0.67 -0.13 0.64 -0.76 -0.16 0.67 -0.72 0.08 0.66 -0.74 0.27 0.8 -0.53 0 0.21 -0.98 0 0 -1 0 1 0 0 0.81 -0.59 0.12 0.7 -0.7 0 0.71 -0.71 0 0.71 -0.71 -0.29 0.86 -0.43 -0.22 0.87 -0.44 -0.13 0.64 -0.76 0 0.62 -0.79 0 0.71 -0.71 0 0.71 -0.71 0.1 0.48 -0.87 0 0.71 -0.71 -0.16 0.97 -0.16 0 0 -1 0.41 0.82 -0.41 0.32 0.85 -0.42 0.13 0.67 -0.73 0.11 0.65 -0.75 0.41 0.41 -0.82 0 0 1 -0.18 0.04 -0.98 -0.87 -0.22 -0.44 -0.71 0 -0.71 -0.64 -0.13 -0.76 -0.22 0.87 -0.44 -0.71 0 -0.71 -0.82 -0.41 -0.41 0 0 -1 -0.7 0.14 -0.7 -0.76 0.23 -0.61 -0.94 0.24 -0.24 -0.74 0.27 -0.62 -0.68 0.27 -0.68 -0.44 0.18 -0.88 -0.71 0 -0.71 -0.71 0 -0.71 -0.58 0.06 -0.81 -0.67 0.12 -0.73 -0.71 0 -0.71 -0.67 0.2 -0.72 -0.97 0.16 0.16 0 0 -1 -0.58 0.58 -0.58 -0.71 0 -0.71 -0.58 0.58 -0.58 -0.74 0.37 -0.56 -0.58 -0.58 -0.58 -0.45 0.89 0 0 -0.45 -0.89 0.58 0.58 -0.58 0 0 1 0 0 1 0 0 1 0 0 1 0 0 1 0 0 1 0 0 1 0 0 1 0 0 1 0 0 1 0 0 1 0 0 1 0 0 1 0 0 1 0 0 1 0 0 1 0 0 1 0 0 1 0 0 1 0 0 1 0 0 1 0 0 1 0 0 1 0 0 1 0 0 1 0 0 1 0 0 1 0 0 1 0 0 1 0 0 1 0.15 0.99 0 0.32 0.95 0 0.15 0.99 0 0.85 0.53 0 0.98 0.22 0 0.75 0.67 0 1 0.03 0 0.95 -0.31 0 0.89 -0.45 0 0.71 -0.71 0 0.58 -0.82 0 0.29 -0.96 0 0.11 -0.99 0 -0.25 -0.97 0 -0.4 -0.91 0 -0.69 -0.72 0 -0.83 -0.56 0 -0.96 -0.27 0 -0.99 -0.14 0 -0.98 0.2 0 -0.92 0.38 0 -0.84 0.54 0 -0.84 0.54 0 0.48 0.88 0 0.37 -0.56 -0.74 0.37 -0.56 -0.74 0.31 -0.62 -0.73 0.46 -0.46 -0.76 0.49 -0.49 -0.73 0.49 -0.49 -0.73 0.49 -0.49 -0.73 0.49 -0.49 -0.73 0.68 0 -0.73 0.68 0 -0.73 0.68 0 -0.73 0.68 0 -0.73 0.66 0 -0.75 0.66 0 -0.75 0.66 0 -0.75 0.66 0 -0.75 0.64 0.16 -0.75 0.64 0.16 -0.75 0.68 0 -0.73 0.59 0.29 -0.75 0.55 0.37 -0.75 0.55 0.37 -0.75 0.6 0.3 -0.75 0.47 0.47 -0.74 0.47 0.47 -0.74 0.47 0.47 -0.74 0.47 0.47 -0.74 0.47 0.47 -0.74 0.37 0.56 -0.74 0.37 0.56 -0.74 0.49 0.49 -0.73 0.3 0.6 -0.75 0 0.68 -0.73 0 0.68 -0.73 0 0.68 -0.73 0 0.68 -0.73 0 0.66 -0.75 0 0.66 -0.75 0 0.66 -0.75 0 0.66 -0.75 -0.21 0.64 -0.74 -0.21 0.64 -0.74 -0.51 0.51 -0.69 0 0.68 -0.73 -0.21 0.63 -0.75 -0.21 0.63 -0.75 -0.5 0.5 -0.71 0 0.68 -0.73 -0.47 0.47 -0.74 -0.47 0.47 -0.74 -0.47 0.47 -0.74 -0.47 0.47 -0.74 -0.55 0.36 -0.75 -0.55 0.36 -0.75 -0.59 0.29 -0.75 -0.47 0.47 -0.74 -0.61 0.3 -0.74 -0.61 0.3 -0.74 -0.61 0.3 -0.74 -0.61 0.3 -0.74 -0.68 0 -0.73 -0.68 0 -0.73 -0.68 0 -0.73 -0.68 0 -0.73 -0.64 -0.21 -0.74 -0.64 -0.21 -0.74 -0.68 0 -0.73 -0.62 -0.31 -0.73 -0.56 -0.37 -0.74 -0.56 -0.37 -0.74 -0.49 -0.49 -0.73 -0.6 -0.3 -0.75 -0.47 -0.47 -0.74 -0.47 -0.47 -0.74 -0.47 -0.47 -0.74 -0.47 -0.47 -0.74 -0.31 -0.61 -0.73 -0.38 -0.56 -0.74 -0.47 -0.47 -0.74 -0.22 -0.67 -0.71 0 -0.76 -0.65 -0.3 -0.6 -0.75 -0.3 -0.6 -0.75 -0.3 -0.6 -0.75 -0.3 -0.6 -0.75 -0.21 -0.64 -0.74 -0.21 -0.64 -0.74 -0.54 -0.54 -0.65 0 -0.66 -0.75 0 -0.66 -0.75 0 -0.66 -0.75 0 -0.66 -0.75 0 -0.66 -0.75 0.3 -0.6 -0.75 0.3 -0.6 -0.75 0.3 -0.6 -0.75 0.3 -0.6 -0.75 0.37 -0.56 -0.74 0.37 -0.56 -0.74 0.47 -0.47 -0.74 0.3 -0.61 -0.74 0.46 0.46 0.76 0.45 0.49 0.74 0.47 0.51 0.72 0.24 0.55 0.8 0.2 0.52 0.83 0 0.71 0.71 0 0.71 0.71 0 0.71 0.71 -0.17 0.51 0.85 -0.23 0.69 0.69 -0.44 0.61 0.66 -0.53 0.51 0.68 -0.58 0.58 0.58 -0.47 0.26 0.85 -0.45 0.3 0.84 -0.64 0.43 0.64 -0.73 0 0.68 -0.68 -0.06 0.73 -0.89 0 0.45 -0.45 -0.06 0.89 -0.5 -0.1 0.86 -0.67 -0.33 0.67 -0.46 -0.36 0.81 -0.49 -0.43 0.76 -0.61 -0.34 0.72 -0.31 -0.43 0.85 -0.49 -0.73 0.49 0.57 0.26 0.78 0 0 1 0.66 0.35 0.66 0.07 -0.53 0.85 0.05 -0.5 0.86 0.32 -0.57 0.76 0.53 -0.48 0.69 0.34 -0.69 0.64 0.55 -0.47 0.69 0.65 -0.52 0.56 0.41 -0.41 0.82 0.53 -0.45 0.72 0.43 -0.53 0.73 0.3 -0.3 0.9 0.34 -0.61 0.72 0.28 -0.68 0.68 0.41 -0.82 0.41 0.4 -0.55 0.73 0.31 -0.21 0.93 0.27 -0.35 0.9 0.71 0 0.71 0.71 0 0.71 0.68 0.04 0.73 0.64 -0.19 0.75 0.69 -0.1 0.71 -0.15 -0.59 0.8 -0.2 -0.65 0.73 -0.16 -0.71 0.69 0.46 -0.49 0.74 0.55 -0.69 0.48 0.33 -0.67 0.67 0.58 -0.58 0.58 0.49 -0.41 0.77 0.56 -0.45 0.7 0.13 -0.48 0.87 0.15 -0.51 0.85 0.16 -0.57 0.81 0.11 -0.44 0.89 0.17 -0.46 0.87 0.31 -0.67 0.67 0.36 -0.72 0.6 0.25 -0.68 0.68 0.19 -0.66 0.73 0.2 -0.65 0.73 0.18 -0.63 0.75 0.33 -0.67 0.67 0.33 -0.67 0.67 0.46 -0.57 0.68 0.42 -0.5 0.76 0 -0.51 0.86 0 -0.45 0.89 -0.12 -0.66 0.74 -0.19 -0.69 0.69 0 -0.89 0.45 -0.12 -0.66 0.74 0 -0.71 0.71 0.03 -0.43 0.9 0.05 -0.7 0.71 0.1 -0.7 0.7 0 -0.45 0.89 0.09 -0.67 0.73 0.13 -0.79 0.59 0 -0.71 0.71 0.16 -0.64 0.75 0.03 -0.72 0.69 0.05 -0.78 0.63 -0.22 -0.42 0.88 -0.2 -0.59 0.78 -0.27 -0.53 0.8 -0.2 -0.43 0.88 -0.31 -0.67 0.67 -0.33 -0.67 0.67 -0.19 -0.44 0.88 -0.31 -0.64 0.7 -0.33 -0.67 0.67 -0.33 -0.67 0.67 -0.33 -0.67 0.67 -0.27 -0.65 0.71 -0.3 -0.69 0.66 -0.19 -0.38 0.91 -0.17 -0.72 0.67 0 -0.71 0.71 -0.3 -0.3 0.9 -0.32 -0.38 0.87 -0.3 -0.3 0.9 -0.63 -0.29 0.72 -0.56 -0.35 0.75 -0.67 -0.67 0.33 -0.47 -0.43 0.77 -0.41 -0.41 0.82 -0.82 -0.41 0.41 -0.3 -0.39 0.87 -0.4 -0.5 0.77 -0.41 -0.51 0.75 -0.43 -0.51 0.74 -0.55 -0.69 0.48 -0.44 -0.87 0.22 -0.51 -0.51 0.69 -0.41 -0.49 0.77 -0.45 -0.56 0.7 -0.54 -0.17 0.82 -0.58 -0.26 0.77 -0.71 0 0.71 -0.54 -0.42 0.72 -0.71 -0.71 0 -0.51 -0.2 0.84 -0.58 -0.23 0.78 -0.58 -0.25 0.77 -0.67 -0.31 0.67 -0.67 -0.33 0.67 -0.67 -0.33 0.67 -0.62 -0.31 0.72 -0.75 -0.27 0.61 -0.75 -0.28 0.61 -0.19 0.19 0.96 -0.34 -0.23 0.91 -0.45 -0.55 0.7 -0.4 -0.58 0.71 -0.42 -0.03 0.91 -0.54 0.07 0.84 -0.45 0 0.89 -0.58 0.27 0.76 -0.63 0.39 0.68 -0.67 0.33 0.67 -0.45 -0.06 0.89 -0.67 -0.1 0.74 -0.7 -0.1 0.7 -0.67 -0.09 0.73 -0.79 -0.13 0.59 -0.87 -0.44 0.22 -0.71 0 0.71 -0.7 -0.1 0.7 -0.78 -0.12 0.61 -0.51 0.17 0.85 -0.45 0.21 0.87 -0.46 0.17 0.87 -0.68 0.22 0.7 -0.74 0.21 0.64 -0.68 0.21 0.71 -0.8 0.27 0.53 -0.67 0.33 0.67 -0.72 0.18 0.66 -0.7 0.22 0.67 -0.79 0.25 0.57 -0.43 0.11 0.9 -0.36 0.14 0.92 -0.71 0 0.71 -0.7 -0.17 0.7 -0.48 0.38 0.79 -0.29 0.25 0.92 -0.42 0.5 0.75 -0.41 0.41 0.82 -0.47 0.54 0.7 -0.17 0.7 0.7 -0.53 0.42 0.74 -0.39 0.13 0.91 -0.34 0.25 0.91 -0.57 0.42 0.71 -0.61 0.41 0.68 -0.46 0.43 0.78 -0.58 0.58 0.58 -0.58 0.58 0.58 -0.51 0.51 0.69 -0.54 0.45 0.72 -0.62 0.46 0.64 -0.22 0.44 0.87 -0.19 0.46 0.87 -0.19 0.38 0.9 -0.29 0.59 0.75 -0.31 0.62 0.72 -0.3 0.62 0.72 -0.32 0.81 0.49 0 0.71 0.71 -0.43 0.64 0.64 -0.32 0.61 0.73 -0.35 0.7 0.63 -0.19 0.19 0.96 -0.26 0.52 0.81 -0.5 0.54 0.68 -0.44 0.48 0.76 -0.08 0.52 0.85 -0.08 0.46 0.89 0.04 0.66 0.75 -0.17 0.51 0.85 0.25 0.59 0.76 0 0.71 0.71 0.33 0.67 0.67 -0.11 0.56 0.82 -0.11 0.62 0.77 -0.09 0.6 0.8 -0.14 0.75 0.65 -0.13 0.79 0.59 0 0.71 0.71 -0.19 0.75 0.63 -0.12 0.69 0.72 -0.11 0.7 0.7 -0.17 0.61 0.78 0.13 0.39 0.91 0.15 0.48 0.87 0.17 0.61 0.78 0.14 0.72 0.68 0.21 0.68 0.71 0.24 0.77 0.6 0.22 0.7 0.68 0.2 0.69 0.69 0.13 0.76 0.64 0 0.89 0.45 -0.1 0.1 0.99 0.14 0.56 0.82 0.14 0.5 0.85 0 0.71 0.71 0.07 0.6 0.8 0.58 0.58 0.58 0.32 0.46 0.83 0.23 0.34 0.91 0.41 0.41 0.82 0.78 0.2 0.59 0.17 0.51 0.85 0.26 0.37 0.89 0 0 1 0.39 0.55 0.74 0.37 0.56 0.74 0.35 0.62 0.7 0.33 0.67 0.67 0.33 0.67 0.67 0.29 0.57 0.77 0.44 0.6 0.66 0.46 0.63 0.63 0.35 0.7 0.63 0.49 0.32 0.81 0.45 0.33 0.83 0.68 0.32 0.66 0.68 0.27 0.68 0.62 0.32 0.72 0.64 0.31 0.7 0.67 0.33 0.67 0.67 0.33 0.67 0.62 0.31 0.72 0.38 0.25 0.89 0.53 0.53 0.66 0.51 0.51 0.7 0.44 0.5 0.74 0.51 0.51 0.69 0.49 0.49 0.73 0.49 0.49 0.73 0.8 0.27 0.53 0.58 0.12 0.81 0.67 0.03 0.74 0.9 0.3 0.3 0.42 0.08 0.9 0.45 0.1 0.89 0.67 0.15 0.73 0.69 0.2 0.69 0.66 0.18 0.72 0.64 0.21 0.74 0.67 0.33 0.67 0.62 0.15 0.77 0.78 0.14 0.61 0.77 0.17 0.62 0.69 0.23 0.69 0.71 0 0.71 0.56 -0.09 0.82 0.45 0 0.89 0.7 -0.16 0.7 0.72 -0.14 0.68 0.7 -0.18 0.69 0.62 -0.2 0.76 0.76 -0.13 0.64 0.89 0 0.45 0.45 0 0.89 0.11 -0.11 0.99 0.71 0 0.71 0.71 0 0.71 0.71 0 0.71 0.71 0 0.71 0.71 0 0.71 0.71 0 0.71 0.71 0 0.71 0.6 -0.36 0.72 0.5 -0.28 0.82 0.69 -0.23 0.69 0.49 -0.32 0.81 0.43 -0.29 0.86 0.37 -0.2 0.91 0 0 1 0.6 -0.39 0.7 0.61 -0.41 0.68 0.59 -0.36 0.73 0.68 -0.46 0.57 0.49 -0.49 0.73 0.67 -0.33 0.67 0.56 -0.32 0.76 0.64 -0.4 0.66 0.59 -0.2 0.78 0 0 1 0 0 1 0 0 1 0 0 1 0 0 1 0 0 1 0 0 1 0 0 1 0 0 1 0 0 1 0 0 1 0 0 1 0 0 1 0 0 1 0 0 1 0 0 1 0 0 1 0 0 1 0 0 1 0 0 1 0 0 1 0 0 1 0 0 1 0 0 1 0 0 1 0 0 1 0 0 1 0 0 1 0 0 1 0 0 1 0 0 1 0 0 1 0 0 1 -0.56 -0.74 -0.38 -0.45 -0.77 -0.45 -0.45 -0.77 -0.45 -0.66 -0.69 -0.3 -0.72 -0.65 -0.23 -0.56 -0.73 -0.39 -0.79 -0.6 -0.14 -0.79 -0.6 -0.15 -0.7 -0.67 -0.25 -0.78 -0.61 -0.17 0.97 0.17 -0.17 0.97 0.17 -0.17 0.97 0.17 -0.17 0.94 -0.03 -0.34 0.89 -0.15 -0.44 0.92 -0.08 -0.38 0.97 0.17 -0.17 0.96 0.04 -0.28 0.97 0.17 -0.17 0.97 0.17 -0.17 0 -0.76 -0.65 -0.47 -0.75 -0.47 -0.47 -0.75 -0.47 -0.91 -0.42 0 0.97 0.17 -0.17 0.97 0.11 -0.22 0.97 0.11 -0.22 0.95 0 -0.3 0.32 -0.65 -0.69 0.32 -0.65 -0.69 0.54 -0.54 -0.65 0.23 -0.68 -0.7 -0.87 -0.43 -0.23 -0.91 -0.38 -0.17 -0.87 -0.44 -0.22 -0.81 -0.51 -0.3 -0.81 -0.51 -0.3 -0.81 -0.5 -0.31 -0.93 -0.33 -0.14 -0.85 -0.47 -0.25 -0.76 -0.55 -0.35 -0.81 -0.49 -0.32 -0.7 -0.6 -0.4 1 0.07 -0.07 0.96 -0.13 -0.26 0.94 -0.17 -0.3 0.9 -0.24 -0.36 0.94 -0.18 -0.29 0.97 -0.11 -0.22 0.94 -0.19 -0.28 0.82 -0.38 -0.44 0.98 -0.07 -0.18 0.81 -0.35 -0.46 1 0.03 -0.03 -0.52 -0.67 -0.52 -0.52 -0.67 -0.52 -0.98 -0.21 0 0 -0.73 -0.68 0.59 -0.59 -0.55 0.82 -0.39 -0.42 0.89 -0.28 -0.35 0.99 0.07 -0.07 0.99 0 -0.13 0 -0.73 -0.68 0 -0.73 -0.68 0 -0.73 -0.68 0 -0.73 -0.68 -0.92 -0.28 -0.27 -0.91 -0.31 -0.29 -0.88 -0.34 -0.32 -0.93 -0.27 -0.26 -0.94 -0.24 -0.24 -1 0 0 -0.98 -0.13 -0.12 -1 0 0 -0.94 -0.25 -0.23 -0.82 -0.41 -0.41 -0.9 -0.31 -0.29 0.81 -0.46 -0.35 0.87 -0.41 -0.28 0.85 -0.42 -0.32 0.94 -0.3 -0.17 0.94 -0.3 -0.16 0.94 -0.3 -0.16 0.81 -0.46 -0.35 0.81 -0.46 -0.35 0.86 -0.41 -0.3 0.89 -0.37 -0.26 -0.32 -0.69 -0.65 0 -0.73 -0.68 -0.58 -0.58 -0.58 -0.56 -0.6 -0.56 0 -0.75 -0.66 0.82 -0.45 -0.34 1 -0.03 0.03 1 -0.07 0 0.62 -0.62 -0.49 0 -0.76 -0.65 -0.18 -0.72 -0.66 -0.18 -0.72 -0.66 0 -0.76 -0.65 -0.24 -0.71 -0.66 -0.88 -0.23 -0.42 -0.98 0.03 -0.22 -0.98 0.14 -0.14 -0.98 0.15 -0.11 -0.98 0.1 -0.16 -0.98 0.13 -0.13 -0.98 0.09 -0.17 -0.81 -0.31 -0.5 -0.89 -0.21 -0.41 -0.96 -0.05 -0.28 -0.93 -0.12 -0.34 0.72 -0.63 -0.29 0.74 -0.62 -0.27 0.67 -0.67 -0.33 0.72 -0.63 -0.29 0.82 -0.54 -0.17 0.83 -0.54 -0.14 0.88 -0.47 -0.09 0.81 -0.55 -0.19 0.79 -0.57 -0.22 0.79 -0.57 -0.22 0 -0.73 -0.68 -0.56 -0.52 -0.64 0 -0.73 -0.68 -0.54 -0.54 -0.65 -0.98 0.14 -0.14 -0.96 0.29 0 0.93 -0.36 0 0.48 -0.74 -0.48 0.29 -0.77 -0.57 0 -0.76 -0.65 0 -0.76 -0.65 -0.23 -0.69 -0.69 -0.23 -0.69 -0.69 0 -0.76 -0.65 -0.32 -0.65 -0.69 -0.94 0.24 -0.24 -0.94 0.24 -0.24 -0.94 0.21 -0.26 -0.95 0.18 -0.27 -0.94 0.21 -0.26 -0.94 0.24 -0.24 -0.94 0.24 -0.24 -0.94 0.24 -0.24 -0.94 0.24 -0.24 -0.95 0.23 -0.23 0.74 -0.66 -0.08 0.68 -0.72 -0.14 0.75 -0.66 -0.05 0.51 -0.8 -0.31 0.49 -0.81 -0.33 0.58 -0.78 -0.25 0.64 -0.75 -0.19 0.61 -0.75 -0.24 0.41 -0.83 -0.39 0.54 -0.8 -0.28 0.55 -0.78 -0.28 -0.86 0.5 0 -0.94 0.24 -0.24 -0.94 0.24 -0.24 -0.92 0 -0.4 0.4 -0.83 -0.4 0 -0.81 -0.59 0.4 -0.83 -0.4 0.81 -0.59 0 -0.45 -0.6 -0.67 -0.45 -0.6 -0.67 -0.34 -0.68 -0.65 -0.53 -0.53 -0.67 -0.88 0.34 -0.34 -0.86 0.41 -0.3 -0.72 0.69 0.03 -0.88 0.34 -0.34 -0.84 0.47 -0.28 -0.77 0.63 -0.06 -0.79 0.6 -0.1 -0.81 0.56 -0.15 -0.85 0.41 -0.32 -0.85 0.29 -0.43 -0.83 0.52 -0.2 0.68 -0.73 0.06 0.53 -0.84 -0.11 0.35 -0.9 -0.26 0.45 -0.87 -0.23 0.4 -0.87 -0.27 0.35 -0.89 -0.29 0.33 -0.9 -0.29 0.24 -0.9 -0.35 0.69 -0.72 0.07 0.68 -0.73 0.05 0.45 -0.86 -0.23 -0.58 -0.46 -0.67 -0.67 -0.33 -0.67 -0.71 0.71 0 -0.34 -0.68 -0.65 -0.53 -0.53 -0.67 0.63 -0.77 0 0.31 -0.9 -0.31 -0.47 -0.59 -0.66 -0.53 -0.53 -0.67 -0.83 0 -0.55 -0.83 0 -0.55 -0.53 -0.53 -0.67 -0.53 -0.53 -0.67 -0.53 -0.53 -0.67 -0.53 -0.53 -0.67 -0.61 0.77 -0.16 -0.71 0.64 -0.29 -0.61 0.77 -0.16 -0.74 0.6 -0.3 -0.72 0.64 -0.28 -0.74 0.63 -0.26 -0.64 0.76 -0.12 -0.68 0.7 -0.19 -0.76 0.57 -0.32 -0.73 0.63 -0.27 -0.64 0.76 -0.11 0.2 -0.96 -0.2 0.07 -0.95 -0.31 0.2 -0.96 -0.2 0 -0.93 -0.37 -0.12 -0.88 -0.46 -0.05 -0.91 -0.41 0.2 -0.96 -0.2 0.29 -0.95 -0.13 0.45 -0.89 0 0.15 -0.94 -0.3 0.57 -0.79 0.22 -0.53 -0.53 -0.67 -0.66 -0.33 -0.68 -0.75 0.57 -0.34 -0.79 0.43 -0.43 -0.24 0.94 0.24 0 0.92 0.4 0 -0.91 -0.42 -0.24 -0.79 -0.56 0.5 -0.86 0 -0.53 -0.53 -0.67 -0.24 -0.79 -0.56 -0.6 -0.4 -0.69 -0.6 -0.4 -0.69 -0.53 -0.53 -0.67 -0.64 -0.32 -0.7 -0.46 0.87 -0.17 -0.47 0.87 -0.18 -0.4 0.91 -0.1 -0.63 0.64 -0.43 -0.56 0.76 -0.34 -0.53 0.8 -0.28 -0.52 0.81 -0.29 -0.54 0.78 -0.3 -0.51 0.83 -0.24 -0.61 0.69 -0.39 -0.6 0.7 -0.4 -0.27 -0.88 -0.39 -0.27 -0.87 -0.4 -0.2 -0.92 -0.34 -0.01 -0.98 -0.19 0.1 -0.99 -0.1 -0.04 -0.98 -0.22 -0.04 -0.98 -0.19 0.03 -0.99 -0.1 0.04 -1 -0.09 -0.26 -0.89 -0.38 -0.21 -0.91 -0.35 -0.72 0.49 -0.49 -0.72 0.49 -0.49 -0.29 0.96 0 -0.76 0 -0.65 -0.55 -0.59 -0.59 0.14 -0.99 0 -0.55 -0.59 -0.59 -0.73 0 -0.68 -0.7 -0.23 -0.67 -0.72 -0.18 -0.67 -0.55 -0.55 -0.63 -0.76 0 -0.65 -0.76 0 -0.65 -0.35 0.88 -0.31 -0.32 0.9 -0.28 -0.25 0.94 -0.22 -0.44 0.82 -0.38 -0.27 0.94 -0.21 -0.21 0.96 -0.16 -0.3 0.92 -0.23 -0.41 0.84 -0.35 -0.44 0.82 -0.38 -0.32 0.91 -0.28 -0.42 -0.85 -0.32 -0.41 -0.86 -0.3 -0.35 -0.9 -0.25 -0.34 -0.9 -0.26 -0.27 -0.94 -0.2 -0.35 -0.9 -0.28 -0.27 -0.94 -0.21 -0.25 -0.95 -0.2 -0.32 -0.91 -0.28 -0.03 -1 0.03 -0.37 -0.89 -0.26 0 1 0 0 1 0 0 1 0 -0.6 -0.56 -0.56 0 -1 0 -0.73 0 -0.68 -0.6 -0.56 -0.56 -0.73 0 -0.68 -0.73 0 -0.68 -0.73 0 -0.68 -0.73 0 -0.68 0.1 0.99 -0.1 0.08 0.99 -0.12 0.1 0.99 -0.1 -0.09 0.96 -0.26 -0.15 0.93 -0.32 -0.18 0.91 -0.36 -0.09 0.96 -0.27 -0.12 0.95 -0.3 0.06 0.99 -0.13 -0.21 0.91 -0.35 -0.6 -0.75 -0.3 -0.61 -0.72 -0.32 -0.55 -0.8 -0.25 -0.46 -0.87 -0.15 -0.4 -0.92 -0.06 -0.48 -0.86 -0.19 -0.57 -0.77 -0.29 -0.63 -0.68 -0.36 -0.55 -0.8 -0.25 -0.64 -0.68 -0.35 -0.56 0.56 -0.6 -0.67 0.33 -0.67 -0.54 0.58 -0.6 -0.52 0.6 -0.6 0.21 0.98 0 -0.67 -0.57 -0.47 -0.14 -0.98 0.14 -0.53 -0.8 -0.28 -0.73 0 -0.68 -0.73 0 -0.68 -0.7 0.23 -0.68 -0.7 0.23 -0.68 -0.76 0 -0.65 -0.54 0.54 -0.65 0.07 0.95 -0.31 0.24 0.96 -0.16 0.27 0.95 -0.14 0.13 0.94 -0.31 0.23 0.95 -0.23 0.24 0.94 -0.24 0.04 0.93 -0.36 0.3 0.94 -0.14 0.31 0.94 -0.14 0.44 0.9 0.02 -0.79 -0.47 -0.4 -0.79 -0.43 -0.43 -0.74 -0.6 -0.3 -0.71 -0.66 -0.24 -0.72 -0.64 -0.28 -0.68 -0.71 -0.18 -0.64 -0.77 -0.1 -0.67 -0.73 -0.14 -0.65 -0.75 -0.11 -0.64 -0.76 -0.11 -0.79 -0.43 -0.43 -0.53 0.53 -0.67 -0.26 0.8 -0.54 -0.26 0.8 -0.54 0.42 0.91 0 -0.8 -0.42 -0.42 -0.55 -0.83 0 -0.8 -0.42 -0.42 -0.78 0 -0.62 -0.66 0.33 -0.68 -0.66 0.33 -0.68 -0.66 0.33 -0.68 -0.66 0.33 -0.68 0.44 0.87 -0.23 0.45 0.87 -0.23 0.5 0.85 -0.16 0.5 0.85 -0.17 0.41 0.88 -0.23 0.2 0.9 -0.39 0.53 0.84 -0.11 0.37 0.89 -0.25 0.27 0.9 -0.33 0.31 0.9 -0.31 0.3 0.9 -0.3 -0.88 -0.33 -0.33 -0.87 -0.4 -0.27 -0.88 -0.28 -0.37 -0.85 -0.47 -0.23 -0.82 -0.55 -0.14 -0.82 -0.56 -0.15 -0.85 -0.46 -0.25 -0.88 -0.34 -0.34 -0.88 -0.34 -0.34 -0.86 -0.45 -0.23 0.2 0.89 -0.4 0 0.86 -0.51 0.32 0.89 -0.32 0.67 0.74 0 0 0.86 -0.51 -0.87 -0.22 -0.44 -0.71 -0.71 0 -0.87 -0.35 -0.35 -0.83 0 -0.55 -0.83 0 -0.55 -0.62 0.41 -0.67 -0.62 0.41 -0.67 -0.68 0.34 -0.65 -0.51 0.51 -0.69 0.75 0.65 -0.11 0.76 0.65 -0.09 0.55 0.77 -0.33 0.76 0.65 -0.08 0.53 0.78 -0.32 0.34 0.82 -0.46 0.5 0.79 -0.36 0.53 0.78 -0.33 0.67 0.72 -0.2 0.78 0.62 -0.08 -0.93 -0.09 -0.35 -0.95 -0.23 -0.23 -0.88 0.08 -0.48 -0.94 -0.24 -0.24 -0.94 -0.24 -0.24 -0.86 -0.51 0.04 -0.93 -0.35 -0.12 -0.95 -0.18 -0.27 -0.94 -0.15 -0.3 -0.95 -0.23 -0.23 0.41 0.82 -0.41 0.83 0.55 0 0.41 0.82 -0.41 0 0.8 -0.6 -0.94 -0.16 -0.31 -0.86 -0.5 0 -0.94 -0.24 -0.24 -0.71 0.35 -0.61 -0.33 0.66 -0.68 0 0.78 -0.62 0 0.78 -0.62 -0.4 0.61 -0.69 -0.4 0.61 -0.69 -0.32 0.65 -0.69 -0.53 0.53 -0.67 0.86 0.48 -0.14 0.86 0.49 -0.15 0.9 0.42 -0.06 0.82 0.53 -0.21 0.76 0.59 -0.28 0.63 0.67 -0.39 0.8 0.55 -0.25 0.61 0.68 -0.41 0.59 0.69 -0.42 0.69 0.64 -0.34 -0.88 0.23 -0.42 -0.9 0.2 -0.4 -0.9 0.2 -0.4 -0.95 0.08 -0.3 -0.93 0.11 -0.36 -0.97 0.02 -0.23 -0.99 -0.09 -0.11 -0.99 -0.05 -0.15 -0.99 -0.07 -0.13 -0.99 -0.1 -0.1 -0.93 0.12 -0.34 0 0.76 -0.65 0.48 0.74 -0.48 0.48 0.74 -0.48 0.93 0.36 0 -0.59 0.55 -0.59 -0.97 -0.22 0 -0.59 0.55 -0.59 0 0.76 -0.65 -0.33 0.67 -0.67 -0.33 0.67 -0.67 -0.33 0.67 -0.67 -0.33 0.67 -0.67 0.92 0.33 -0.22 0.81 0.46 -0.35 0.85 0.42 -0.32 0.94 0.29 -0.18 0.88 0.38 -0.28 0.81 0.46 -0.35 0.81 0.46 -0.35 0.86 0.41 -0.3 0.89 0.37 -0.26 0.94 0.3 -0.17 -0.9 0.33 -0.28 -0.82 0.44 -0.38 -0.94 0.27 -0.2 -0.97 0.18 -0.15 -0.94 0.24 -0.24 -0.94 0.23 -0.25 -0.9 0.29 -0.31 -1 0 0 -0.88 0.35 -0.31 -0.9 0.32 -0.28 -0.94 0.25 -0.22 1 0.03 0.03 1 0.03 0.03 1 0.07 0 1 0 0.07 -0.56 0.6 -0.56 -0.56 0.6 -0.56 -0.56 0.6 -0.56 -0.15 0.73 -0.66 -0.15 0.73 -0.66 -0.24 0.73 -0.64 0 0.73 -0.68 0.81 0.35 -0.46 0.88 0.26 -0.4 0.9 0.23 -0.37 0.94 0.16 -0.31 0.96 0.13 -0.26 1 -0.07 -0.07 1 -0.06 -0.07 1 -0.05 -0.08 1 -0.04 -0.09 0.94 0.17 -0.3 -0.82 0.51 -0.25 -0.86 0.47 -0.2 -0.9 0.41 -0.15 -0.69 0.61 -0.39 -0.64 0.63 -0.43 -0.74 0.58 -0.35 -0.8 0.53 -0.28 -0.91 0.39 -0.14 -0.81 0.51 -0.3 -0.98 0.14 0.14 -0.7 0.6 -0.4 0.58 0.56 -0.6 0 0.73 -0.68 0 0.73 -0.68 1 -0.07 -0.07 0.82 0.37 -0.45 -0.98 0.21 0 -0.99 0.1 0.1 -0.82 0.51 -0.28 -0.37 0.74 -0.57 0 0.76 -0.65 0 0.76 -0.65 0.23 0.7 -0.67 0.23 0.7 -0.67 0.33 0.67 -0.67 0 0.76 -0.65 0.97 -0.17 -0.17 0.96 -0.04 -0.29 0.94 -0.01 -0.33 0.96 -0.2 -0.2 0.95 -0.08 -0.29 0.96 -0.19 -0.19 0.97 -0.17 -0.17 0.96 -0.16 -0.24 0.96 -0.15 -0.23 0.96 -0.13 -0.26 -0.61 0.73 -0.32 -0.49 0.77 -0.4 -0.64 0.72 -0.28 -0.72 0.66 -0.21 -0.79 0.6 -0.15 -0.89 0.45 0 -0.78 0.59 -0.19 -0.6 0.73 -0.32 -0.57 0.74 -0.35 -0.64 0.71 -0.29 -0.94 0.24 0.24 0.96 -0.21 -0.21 0.96 -0.21 -0.21 0.91 -0.42 0 0.93 0 -0.37 -0.94 0 0.35 -0.78 0.61 -0.17 -0.56 0.74 -0.36 -0.26 0.81 -0.53 0 0.78 -0.62 0.33 0.67 -0.67 0.33 0.67 -0.67 0.33 0.67 -0.67 0.33 0.67 -0.67 0.9 -0.22 -0.37 0.91 -0.27 -0.33 0.9 -0.35 -0.25 0.9 -0.24 -0.35 0.83 -0.56 -0.01 0.86 -0.5 -0.08 0.89 -0.41 -0.18 0.91 -0.19 -0.38 0.9 -0.3 -0.3 0.9 -0.3 -0.3 -0.51 0.83 -0.23 -0.47 0.84 -0.26 -0.58 0.8 -0.18 -0.43 0.85 -0.29 -0.38 0.86 -0.34 -0.39 0.85 -0.35 -0.51 0.83 -0.24 -0.71 0.71 0 -0.63 0.77 -0.1 -0.62 0.77 -0.12 -0.52 0.82 -0.22 -0.36 0.86 -0.36 0.79 0.18 -0.58 0.77 -0.63 0 0.66 0.36 -0.66 0.53 0.53 -0.67 0.88 0 -0.47 0.12 0.77 -0.62 -0.37 0.85 -0.37 -0.74 0.67 0 0.86 0 -0.51 0.51 0.51 -0.69 0.42 0.63 -0.66 0.42 0.63 -0.66 0.54 0.54 -0.65 0.34 0.68 -0.65 0.77 -0.6 -0.21 0.79 -0.56 -0.24 0.73 -0.67 -0.12 0.82 -0.48 -0.3 0.77 -0.6 -0.22 0.79 -0.54 -0.28 0.83 -0.44 -0.35 0.85 -0.24 -0.48 0.76 -0.61 -0.22 0.68 -0.73 -0.05 0.68 -0.73 -0.05 -0.26 0.93 -0.26 -0.26 0.93 -0.26 -0.26 0.93 -0.26 -0.26 0.93 -0.26 -0.26 0.93 -0.26 -0.23 0.93 -0.29 -0.21 0.93 -0.31 -0.17 0.92 -0.34 -0.26 0.93 -0.26 -0.26 0.93 -0.26 0.81 0 -0.59 0.84 -0.38 -0.38 0.84 -0.38 -0.38 0.63 -0.77 0 -0.27 0.92 -0.27 -0.27 0.92 -0.27 -0.27 0.92 -0.27 0.58 0.44 -0.68 0.58 0.44 -0.68 0.53 0.53 -0.67 0.65 0.32 -0.69 0.7 -0.61 -0.38 0.67 -0.66 -0.33 0.65 -0.71 -0.28 0.59 -0.78 -0.19 0.5 -0.86 -0.08 0.59 -0.78 -0.19 0.68 -0.66 -0.32 0.68 -0.66 -0.32 0.43 -0.9 -0.02 0.68 -0.66 -0.32 0.67 -0.67 -0.33 0.36 -0.93 0.06 0.05 0.95 -0.32 -0.02 0.97 -0.26 -0.13 0.98 -0.13 -0.09 0.98 -0.17 -0.13 0.98 -0.13 -0.14 0.98 -0.14 -0.01 0.97 -0.25 -0.14 0.98 -0.14 0.02 0.95 -0.3 0.06 0.93 -0.37 -0.14 0.98 -0.14 0.75 -0.47 -0.47 0.75 -0.47 -0.47 0.76 0 -0.65 0.42 -0.91 0 0.31 0.82 -0.48 0.51 0.61 -0.61 -0.14 0.98 -0.14 0 0.97 -0.24 0.76 0 -0.65 0.66 0.33 -0.68 0.66 0.33 -0.68 0.66 0.33 -0.68 0.66 0.33 -0.68 0.4 -0.89 -0.21 0.6 -0.68 -0.42 0.53 -0.77 -0.36 0.44 -0.85 -0.28 0.49 -0.81 -0.32 0.65 -0.54 -0.54 0.36 -0.91 -0.19 0.34 -0.93 -0.13 0.41 -0.88 -0.24 0.42 -0.87 -0.24 0.37 -0.91 -0.18 0.28 0.9 -0.32 0.18 0.96 -0.21 0.2 0.94 -0.27 0.12 0.98 -0.15 0.24 0.94 -0.24 0.28 0.9 -0.34 0.21 0.94 -0.26 -0.03 1 -0.03 0.38 0.82 -0.44 0.26 0.9 -0.34 0.19 0.94 -0.28 0.07 -1 0.07 0.07 -1 0.07 0.07 -1 0.07 -0.03 1 -0.03 0.42 0.81 -0.42 0 1 -0.07 0.6 0.56 -0.56 0.75 0 -0.66 0.73 0.15 -0.67 0.73 0.15 -0.67 0.76 0 -0.65 0.67 0.33 -0.67 0.17 -0.96 -0.22 0.21 -0.94 -0.26 0.2 -0.94 -0.27 0.1 -0.98 -0.15 -0.03 -1 -0.03 0.2 -0.94 -0.27 0.31 -0.87 -0.38 0.19 -0.94 -0.28 -0.03 -1 -0.04 0.39 -0.82 -0.42 -0.03 -1 -0.03 0.53 0.76 -0.37 0.54 0.75 -0.38 0.49 0.81 -0.32 0.51 0.79 -0.33 0.57 0.71 -0.42 0.42 0.88 -0.23 0.34 0.93 -0.13 0.58 0.7 -0.42 0.27 0.96 -0.08 0.37 0.91 -0.18 0.58 -0.58 -0.58 0.58 -0.58 -0.58 0.56 -0.56 -0.6 0.76 0 -0.65 0.58 -0.58 -0.58 -0.07 -1 0 0.63 0.59 -0.51 0.73 0 -0.68 0.65 0.54 -0.54 0.73 0 -0.68 0.07 1 0.07 0 0.99 0.12 0.71 -0.24 -0.66 0.71 -0.24 -0.66 0.73 0 -0.68 0.59 -0.59 -0.55 -0.05 -0.97 -0.25 -0.16 -0.97 -0.16 -0.13 -0.97 -0.19 0.1 -0.93 -0.37 0.01 -0.95 -0.31 -0.17 -0.97 -0.17 0.15 -0.9 -0.4 -0.14 -0.97 -0.18 -0.13 -0.97 -0.19 -0.11 -0.97 -0.22 0.68 0.66 -0.32 0.66 0.69 -0.3 0.68 0.66 -0.32 0.65 0.72 -0.24 0.69 0.62 -0.37 0.67 0.67 -0.33 0.74 0.56 -0.38 0.58 0.81 -0.12 0.51 0.86 -0.05 0.45 0.89 0 0.59 0.78 -0.19 0.24 0.94 0.24 0.48 -0.62 -0.62 0.48 -0.62 -0.62 -0.36 -0.93 0 0.76 0 -0.65 0.76 0 -0.65 0.78 0.28 -0.56 0.75 0.47 -0.47 0.78 0 -0.63 0.74 0.48 -0.48 0.66 -0.33 -0.68 0.66 -0.33 -0.68 0.69 -0.23 -0.69 0.55 -0.55 -0.63 -0.38 -0.91 -0.15 -0.48 -0.87 -0.05 -0.24 -0.93 -0.29 -0.22 -0.93 -0.31 -0.21 -0.92 -0.32 -0.23 -0.93 -0.3 -0.27 -0.93 -0.27 -0.32 -0.92 -0.22 -0.37 -0.91 -0.18 -0.63 -0.77 0.14 0.82 0.45 -0.36 0.83 0.4 -0.4 0.82 0.46 -0.34 0.75 0.63 -0.18 0.77 0.6 -0.21 0.74 0.66 -0.13 0.79 0.57 -0.23 0.85 0.37 -0.37 0.85 0.37 -0.37 0.83 0.4 -0.4 0.23 -0.78 -0.58 0.43 -0.64 -0.64 -0.5 -0.86 0 0.51 -0.51 -0.69 0 -0.88 -0.47 0.82 0 -0.57 0.84 0.38 -0.38 0.85 0.24 -0.48 0.83 0.4 -0.4 0.81 0 -0.59 0.61 -0.41 -0.68 0.61 -0.41 -0.68 0.67 -0.33 -0.67 0.51 -0.51 -0.69 -0.55 -0.81 -0.22 -0.65 -0.75 -0.11 -0.58 -0.79 -0.19 -0.23 -0.85 -0.46 -0.37 -0.85 -0.37 -0.57 -0.8 -0.19 -0.5 -0.83 -0.25 -0.37 -0.85 -0.37 -0.58 -0.8 -0.18 -0.46 -0.84 -0.28 -0.52 -0.82 -0.22 0.91 0.29 -0.29 0.9 0.36 -0.24 0.91 0.25 -0.33 0.91 0.27 -0.32 0.9 0.3 -0.3 0.89 0.42 -0.2 0.89 0.4 -0.2 0.9 0.3 -0.3 0.85 0.52 -0.09 0.74 0.66 0.08 0 -0.83 -0.55 -0.22 -0.87 -0.44 0 -0.83 -0.55 -0.36 -0.86 -0.36 -0.74 -0.67 0 0.88 0 -0.47 0.92 0.27 -0.27 0.93 0.26 -0.26 0.92 0.17 -0.34 0.89 0 -0.45 0.53 -0.53 -0.67 0.53 -0.53 -0.67 0.53 -0.53 -0.67 0.53 -0.53 -0.67 -0.04 1 0 0.23 0.97 0 0.35 0.94 0 0.6 0.8 0 0.72 0.7 0 0.89 0.46 0 0.94 0.34 0 -0.2 0.98 0 -0.47 0.88 0 -0.58 0.81 0 -0.77 0.64 0 -0.85 0.52 0 -0.96 0.27 0 -0.99 0.14 0 -0.99 -0.17 -0.01 -0.99 -0.11 0 -0.82 -0.57 -0.01 -0.92 -0.4 -0.02 1 0.09 0 0.94 -0.33 0 1 -0.04 0 0.87 -0.49 0 0.71 -0.71 0 0.62 -0.79 0 0.39 -0.92 0 -0.02 -1 0 0.26 -0.97 0 -0.42 -0.91 0 -0.15 -0.99 0 -0.72 -0.7 0 -0.56 -0.83 0 -0.71 0.71 -0.02 -0.47 0.88 -0.01 -1 0 0 -0.42 0.91 -0.01 -0.43 0.9 -0.01 -0.45 0.89 -0.01 0 1 0 -0.45 0.89 0 -0.92 -0.39 0 -0.92 -0.39 0 -0.92 -0.39 0 -0.92 -0.39 0 0.92 0.39 0 0.92 0.39 0 0.92 0.39 0 0.92 0.39 0</float_array><technique_common><accessor source="#na" count="3602" stride="3"><param name="X" type="float"/><param name="Y" type="float"/><param name="Z" type="float"/></accessor></technique_common></source>
        <vertices id="v"><input semantic="POSITION" source="#p"/><input semantic="NORMAL" source="#n"/></vertices>
        <triangles material="m0" count="220"><input semantic="VERTEX" source="#v" offset="0"/><p>0 1 2 3 4 5 6 7 8 8 9 10 11 12 13 14 15 16 17 18 19 20 21 22 22 23 24 25 26 3 27 28 29 30 31 32 34 35 36 37 38 39 37 40 41 42 43 44 45 46 47 48 49 50 45 49 11 4 3 26 7 6 42 9 8 7 12 11 48 15 14 17 15 12 16 12 15 13 18 17 14 21 20 30 23 22 21 26 25 34 28 27 19 28 18 51 18 28 19 31 30 20 31 27 29 27 31 20 33 0 24 33 23 52 23 33 24 1 0 33 35 34 25 35 2 1 2 35 25 38 37 5 38 4 53 4 38 5 40 37 39 43 42 6 43 41 40 41 43 6 46 45 10 46 9 54 9 46 10 49 48 11 49 45 47 55 56 57 55 58 56 55 57 59 55 59 60 55 61 62 55 63 61 55 64 63 55 65 64 55 66 65 55 67 66 55 60 68 55 62 58 55 69 67 55 70 69 55 71 70 55 72 71 55 73 72 55 74 73 55 75 74 75 55 68 76 77 78 77 76 79 77 80 81 79 82 83 82 79 76 80 79 84 80 77 79 85 86 87 88 89 90 91 89 86 88 86 89 89 91 92 86 88 93 86 85 91 94 95 96 98 95 94 94 97 98 95 98 99 97 94 100 98 97 101 101 97 102 103 104 105 106 107 104 104 103 106 107 106 108 109 107 110 107 111 104 111 107 109 104 111 112 113 114 115 116 117 118 119 120 121 122 123 124 125 126 127 123 122 128 129 130 131 132 133 134 135 136 137 113 138 139 125 140 141 142 143 144 127 128 145 146 147 131 140 125 117 141 126 125 139 138 120 114 113 148 128 127 123 125 149 133 114 150 151 117 116 140 137 152 135 146 131 130 149 127 153 154 155 145 156 157 154 126 158 142 150 114 148 120 119 139 157 156 159 134 133 149 136 135 160 143 142 158 147 132 134 127 145 153 127 149 125 161 155 115 155 161 153 126 141 158 138 113 115 133 152 137 134 115 147 130 129 162 145 155 153 152 133 132 115 134 161 147 146 132 155 154 157 138 115 155 163 164 165 164 163 166 167 168 169 168 167 170 171 172 173 172 171 174 175 176 177 176 175 178 179 180 181 180 179 182 183 184 185 184 183 186 187 188 189 188 187 190 191 192 193 192 191 194 195 196 197 196 195 198 199 200 201 200 199 202 203 204 205 204 203 206 207 208 209 208 207 210 211 212 213 212 211 214 215 216 217 216 215 218 219 220 221 220 219 222 223 224 225 224 223 226 227 228 229 228 227 230 231 232 233 232 231 234 235 236 237 236 235 238 239 240 241 240 239 242 243 244 245 244 243 246 247 248 249 248 247 250 251 252 253 252 251 254 255 256 257 256 255 258 259 260 261 260 259 262 263 264 265 264 263 266 267 268 269 268 267 270 271 272 273 272 271 274 275 276 277 276 275 278 279 280 281 280 279 282 283 284 285 284 283 286 287 288 289 288 287 290 291 292 293 292 291 294</p></triangles>
        <triangles material="m1" count="1403"><input semantic="VERTEX" source="#v" offset="0"/><p>295 296 297 297 298 299 296 295 300 298 297 296 301 299 298 302 303 304 305 306 302 307 308 305 309 310 307 311 312 309 313 314 311 315 316 317 318 319 315 300 320 318 321 322 317 323 317 316 317 323 321 323 324 325 324 323 316 326 324 327 326 313 328 313 326 327 328 322 329 322 328 313 330 331 304 332 304 303 304 332 330 332 333 334 333 332 303 335 333 336 335 301 337 301 335 336 337 331 338 331 337 301 333 335 334 331 330 338 324 326 325 322 321 329 320 300 295 319 318 320 316 315 319 314 313 327 312 311 314 310 309 312 308 307 310 306 305 308 303 302 306 299 301 336 339 340 341 339 342 340 339 343 342 339 344 343 339 345 344 339 346 345 339 347 346 339 348 347 339 349 348 339 350 349 339 351 350 339 352 351 339 353 352 339 354 353 339 355 354 355 339 341 356 357 358 357 359 360 357 360 361 357 361 362 357 362 363 357 363 364 357 364 365 357 365 366 357 366 367 357 368 369 357 370 368 357 367 370 357 356 359 357 371 372 357 369 371 357 372 358 373 374 375 373 376 374 376 373 378 378 373 379 375 377 373 380 381 382 382 383 384 383 382 381 381 380 385 387 386 388 389 388 390 388 389 387 391 392 393 393 394 395 392 391 396 394 393 392 397 398 399 400 401 402 398 397 400 401 400 397 405 406 407 405 403 406 408 405 409 405 404 403 404 405 408 410 411 412 411 410 413 414 412 411 412 414 415 417 418 419 417 416 418 420 421 422 423 424 420 424 423 425 421 420 424 426 427 428 427 426 429 430 428 427 428 430 431 432 435 433 435 432 436 434 436 432 437 438 439 441 442 438 442 441 443 440 438 442 440 439 438 439 440 444 438 437 441 447 448 445 448 447 449 446 445 448 445 450 447 446 451 445 450 445 451 451 446 452 453 454 455 454 453 457 456 457 453 460 461 462 470 471 472 472 473 474 477 478 479 479 480 481 481 482 483 483 484 485 485 486 487 487 488 489 489 490 491 491 492 493 492 491 490 490 489 488 488 487 486 486 485 484 484 483 482 482 481 480 480 479 478 478 477 494 477 476 494 476 477 495 476 475 494 475 473 471 473 472 471 471 470 469 470 492 469 492 470 493 468 469 492 467 466 465 464 465 466 463 461 460 460 459 458 459 460 462 496 497 498 498 499 500 500 501 502 501 500 503 502 504 505 505 506 507 507 508 509 509 510 511 510 509 512 511 513 514 514 515 516 516 517 518 518 519 520 519 518 521 520 522 523 523 524 525 525 526 527 528 527 529 530 531 532 532 533 534 534 535 536 536 537 538 537 536 539 538 540 541 541 542 543 543 544 545 545 546 547 546 545 548 547 549 550 550 551 552 552 553 554 554 556 555 556 554 557 555 558 559 559 560 561 561 564 562 562 565 566 565 562 563 568 567 566 570 569 567 571 572 569 575 572 573 575 574 572 577 576 574 578 579 576 583 581 580 585 581 582 585 584 581 500 499 503 509 508 512 518 517 521 586 587 584 590 589 588 593 591 589 594 591 592 594 595 591 598 597 596 600 599 597 602 603 604 601 602 599 606 604 603 606 605 604 608 607 605 609 610 607 614 612 611 615 612 613 616 617 615 527 526 529 536 535 539 545 544 548 554 553 557 562 564 563 572 571 573 579 578 580 581 583 582 587 586 588 591 593 592 595 594 596 602 601 603 610 609 611 612 614 613 615 617 612 527 528 530 616 618 619 620 621 622 621 620 623 623 624 621 624 623 625 626 627 628 629 630 631 632 633 634 635 636 637 638 639 640 641 642 643 644 645 646 645 644 639 639 638 645 640 647 638 636 635 647 637 648 635 648 637 627 627 626 648 628 649 626 649 628 630 630 629 649 650 632 634 632 650 651 631 632 629 632 631 633 642 652 653 652 642 654 642 641 654 650 655 641 655 650 634 647 640 636 641 655 654 656 657 658 659 660 661 662 663 664 665 666 667 668 669 670 671 672 673 674 675 676 677 678 679 674 680 681 680 682 683 685 686 687 685 684 686 688 684 685 682 688 683 688 682 684 682 680 676 676 680 674 658 689 656 658 677 689 677 658 678 675 690 691 675 674 690 684 692 686 692 684 672 672 671 692 673 693 671 693 673 669 669 668 693 670 694 668 694 670 666 666 665 694 667 695 665 695 667 663 663 662 695 664 696 662 696 664 660 660 659 696 661 697 659 697 661 657 657 656 697 698 699 700 701 702 703 704 705 702 706 707 705 708 709 707 709 708 710 707 706 708 705 704 706 702 701 704 703 711 701 699 698 711 711 703 699 714 715 712 714 712 716 717 718 715 717 715 719 720 721 718 720 718 722 723 724 721 723 721 725 712 713 716 713 712 726 727 726 712 728 727 729 715 714 719 718 717 722 721 720 725 724 723 730 727 728 731 716 713 732 726 731 733 726 727 731 734 735 736 737 738 739 735 734 738 738 737 735 740 741 742 743 744 745 743 746 747 748 749 750 751 752 753 754 755 756 757 758 759 741 740 760 761 742 762 742 761 740 744 743 763 744 763 750 760 764 741 764 760 758 758 757 764 759 765 757 765 759 755 755 754 765 756 766 754 766 756 752 752 751 766 763 748 750 748 763 767 753 748 751 748 753 749 746 768 769 768 746 745 746 743 745 770 771 772 773 774 775 773 775 776 777 775 778 777 778 779 780 781 782 782 771 780 771 782 772 783 784 785 784 783 786 787 788 789 770 790 771 788 787 784 791 790 792 791 793 790 794 793 795 794 796 793 797 796 798 797 799 796 800 799 801 800 802 799 803 802 804 805 806 807 806 805 788 803 778 802 808 809 810 811 812 813 812 811 809 814 815 816 815 814 812 817 818 819 818 817 815 819 774 820 774 819 818 815 817 816 812 814 813 809 811 810 806 808 807 788 805 789 784 787 785 786 783 781 781 780 786 790 770 792 793 791 795 796 794 798 799 797 801 774 773 820 775 777 776 778 803 779 802 800 804 809 808 806 821 822 823 824 823 825 826 825 827 828 827 829 830 829 831 832 831 833 831 832 830 829 830 828 827 828 826 825 826 824 823 824 821 822 821 834 835 836 837 838 839 840 837 841 838 842 843 844 841 837 836 839 838 841 845 846 847 848 849 850 851 852 845 847 853 854 855 856 848 850 857 835 858 859 860 846 845 852 854 861 862 863 864 865 849 848 856 857 850 849 836 835 857 866 867 858 860 868 851 861 854 853 862 869 842 870 864 863 871 872 855 840 866 838 859 858 867 873 860 859 874 851 868 869 862 861 856 855 875 872 871 876 865 871 863 864 870 844 852 851 874 868 860 873 867 866 840 875 855 872 871 865 876 844 870 842 843 842 869 853 847 846 877 878 879 880 881 877 882 883 880 884 885 882 886 887 884 888 889 886 890 891 888 892 893 890 894 895 892 896 897 894 898 899 896 900 901 898 902 903 900 904 905 902 906 907 904 908 879 878 909 910 906 911 912 909 912 911 908 910 909 912 907 906 910 905 904 907 903 902 905 901 900 903 899 898 901 897 896 899 895 894 897 893 892 895 891 890 893 889 888 891 887 886 889 885 884 887 883 882 885 881 880 883 878 877 881 879 908 911 913 914 915 914 913 916 916 917 918 919 918 917 920 921 922 920 922 925 918 919 926 923 924 927 928 927 929 930 931 932 928 933 923 922 934 925 935 936 937 938 939 940 941 942 943 926 919 944 916 913 917 926 944 945 942 945 944 945 942 941 941 943 946 939 946 943 946 939 938 936 938 940 938 936 935 934 935 937 935 934 922 933 947 948 947 933 928 931 930 949 932 914 930 914 932 915 923 927 928 924 921 950 921 924 923 921 920 950 920 925 951 952 953 954 953 952 955 956 957 958 957 956 959 960 961 962 963 964 965 966 967 968 956 969 959 954 970 971 954 961 970 969 966 968 969 956 966 967 963 965 967 966 963 964 953 955 964 963 953 955 952 972 961 954 953 958 957 973 961 960 970 974 975 976 975 974 977 978 979 980 981 979 982 981 982 983 979 981 984 982 978 985 979 978 982 986 987 988 987 986 989 990 991 992 991 990 993 994 995 996 995 994 997 998 999 1000 999 998 1001 1002 1003 1004 1003 1002 1005 1006 1007 1008 1007 1006 1009 1010 1007 1009 1010 1009 1011 1007 1010 1012 1009 1006 1013 1014 1015 1016 1015 1014 1017 1018 1019 1020 1019 1018 1021 1022 1023 1024 1023 1022 1025 1026 1027 1028 1027 1026 1029 1030 1031 1032 1030 1033 1031 1030 1034 1033 1030 1035 1034 1030 1036 1035 1030 1037 1036 1030 1038 1037 1030 1039 1038 1030 1040 1039 1030 1041 1040 1030 1042 1041 1030 1043 1042 1030 1044 1043 1030 1045 1044 1030 1046 1045 1030 1047 1046 1030 1032 1048 1047 1030 1048 1049 1050 1051 1052 1051 1053 1053 1054 1055 1056 1057 1058 1057 1059 1058 1050 1060 1061 1062 1063 1064 1065 1066 1067 1066 1068 1067 1059 1057 1060 1050 1049 1069 1070 1051 1071 1072 1073 1074 1074 1063 1075 1076 1077 1078 1066 1065 1079 1051 1070 1053 1054 1053 1070 1054 1072 1055 1063 1074 1073 1063 1062 1075 1077 1076 1064 1079 1065 1080 1077 1080 1078 1072 1054 1073 1051 1052 1049 1081 1056 1068 1080 1077 1079 1050 1069 1059 1068 1066 1081 1060 1050 1059 1064 1076 1062 1057 1056 1081 1082 1083 1084 1083 1082 1085 1086 1087 1088 1087 1086 1089 1090 1091 1092 1091 1090 1093 1094 1095 1096 1094 1097 1095 1097 1094 1098 1099 1100 1101 1102 1101 1103 1103 1104 1105 1101 1106 1107 1108 1103 1101 1103 1109 1110 1111 1101 1102 1112 1101 1107 1103 1113 1104 1114 1103 1105 1115 1103 1110 1101 1116 1106 1099 1101 1112 1113 1103 1108 1103 1117 1109 1118 1103 1115 1116 1101 1111 1100 1119 1120 1117 1103 1114 1119 1100 1099 1103 1118 1121 1122 1123 1124 1125 1123 1126 1123 1122 1126 1127 1128 1129 1129 1130 1131 1131 1132 1133 1133 1134 1135 1135 1136 1137 1138 1139 1127 1140 1141 1142 1142 1143 1144 1145 1146 1147 1147 1148 1149 1150 1151 1138 1152 1153 1150 1154 1155 1152 1157 1158 1156 1159 1160 1157 1161 1162 1163 1164 1165 1166 1167 1168 1169 1170 1171 1172 1173 1174 1175 1176 1177 1178 1179 1180 1181 1182 1183 1184 1185 1186 1187 1188 1189 1190 1191 1192 1193 1194 1195 1196 1197 1198 1199 1200 1201 1202 1203 1204 1205 1206 1207 1208 1209 1210 1211 1212 1213 1214 1215 1216 1217 1218 1219 1220 1221 1222 1223 1224 1225 1226 1227 1228 1229 1230 1231 1232 1233 1234 1235 1236 1237 1238 1239 1240 1241 1242 1243 1244 1245 1246 1247 1248 1249 1250 1251 1252 1253 1254 1255 1256 1257 1258 1259 1260 1261 1262 1263 1264 1265 1266 1267 1268 1269 1270 1271 1272 1273 1274 1275 1276 1277 1278 1279 1280 1281 1282 1283 1284 1285 1286 1287 1288 1289 1290 1291 1292 1143 1293 1144 1142 1294 1295 1140 1296 1297 1137 1298 1299 1135 1300 1301 1133 1302 1303 1131 1304 1305 1127 1307 1308 1138 1309 1310 1314 1156 1313 1315 1157 1314 1317 1318 1319 1148 1320 1149 1320 1321 1149 1147 1322 1323 1147 1324 1145 1324 1147 1323 1149 1322 1147 1320 1317 1319 1320 1148 1317 1317 1316 1318 1157 1315 1159 1156 1314 1157 1313 1154 1312 1154 1313 1156 1312 1152 1311 1152 1312 1154 1150 1311 1152 1150 1138 1310 1127 1309 1138 1309 1127 1308 1129 1307 1127 1307 1129 1306 1131 1306 1129 1306 1131 1305 1133 1304 1131 1304 1133 1303 1135 1302 1133 1302 1135 1301 1137 1300 1135 1300 1137 1299 1140 1298 1137 1298 1140 1297 1142 1296 1140 1296 1142 1295 1294 1142 1144 1290 1293 1143 1293 1290 1292 1287 1291 1290 1291 1287 1289 1284 1288 1287 1288 1284 1286 1281 1285 1284 1285 1281 1283 1278 1282 1281 1282 1278 1280 1275 1279 1278 1279 1275 1277 1272 1276 1275 1276 1272 1274 1269 1273 1272 1273 1269 1271 1266 1270 1269 1270 1266 1268 1263 1267 1266 1267 1263 1265 1260 1264 1263 1264 1260 1262 1257 1261 1260 1261 1257 1259 1254 1258 1257 1258 1254 1256 1251 1255 1254 1255 1251 1253 1248 1252 1251 1252 1248 1250 1245 1249 1248 1249 1245 1247 1242 1246 1245 1246 1242 1244 1239 1243 1242 1243 1239 1241 1236 1240 1239 1240 1236 1238 1233 1237 1236 1237 1233 1235 1230 1234 1233 1234 1230 1232 1227 1231 1230 1231 1227 1229 1228 1224 1226 1228 1227 1224 1225 1221 1223 1225 1224 1221 1222 1218 1220 1222 1221 1218 1219 1215 1217 1219 1218 1215 1216 1212 1214 1216 1215 1212 1213 1209 1211 1213 1212 1209 1210 1206 1208 1210 1209 1206 1207 1203 1205 1207 1206 1203 1204 1200 1202 1204 1203 1200 1201 1197 1199 1201 1200 1197 1198 1194 1196 1198 1197 1194 1195 1191 1193 1195 1194 1191 1192 1188 1190 1192 1191 1188 1189 1185 1187 1189 1188 1185 1141 1140 1325 1186 1182 1184 1186 1185 1182 1183 1179 1181 1183 1182 1179 1180 1176 1178 1143 1142 1141 1177 1173 1175 1177 1176 1173 1174 1170 1172 1174 1173 1170 1171 1167 1169 1171 1170 1167 1168 1164 1166 1168 1167 1164 1165 1161 1163 1165 1164 1161 1162 1326 1145 1162 1161 1326 1160 1159 1327 1158 1157 1160 1154 1156 1158 1153 1152 1155 1151 1150 1153 1139 1138 1151 1128 1127 1139 1130 1129 1128 1132 1131 1130 1134 1133 1132 1136 1135 1134 1325 1137 1136 1137 1325 1140 1146 1145 1326 1148 1147 1146 1180 1179 1176 1328 1329 1330 1331 1332 1333 1334 1335 1336 1337 1338 1339 1340 1341 1342 1343 1344 1345 1346 1347 1348 1351 1352 1353 1354 1355 1356 1357 1358 1359 1360 1361 1362 1363 1364 1365 1366 1367 1368 1369 1370 1371 1374 1375 1376 1377 1378 1379 1380 1381 1382 1385 1386 1387 1388 1389 1390 1391 1392 1393 1394 1395 1396 1397 1398 1399 1400 1401 1402 1403 1404 1405 1408 1409 1410 1411 1412 1413 1414 1415 1416 1419 1420 1421 1422 1423 1424 1425 1426 1427 1428 1429 1430 1431 1432 1433 1434 1435 1436 1437 1438 1439 1440 1441 1442 1443 1444 1445 1446 1447 1448 1453 1454 1455 1456 1457 1458 1459 1460 1461 1464 1465 1466 1467 1468 1469 1470 1471 1472 1475 1476 1477 1478 1479 1480 1481 1482 1479 1485 1486 1487 1488 1489 1486 1492 1491 1493 1497 1498 1496 1499 1490 1489 1492 1493 1500 1494 1500 1501 1496 1502 1497 1503 1504 1505 1506 1507 1508 1504 1506 1508 1495 1494 1501 1500 1494 1492 1495 1496 1498 1491 1490 1493 1489 1488 1499 1486 1485 1488 1484 1485 1487 1484 1483 1485 1482 1481 1483 1479 1478 1481 1476 1478 1480 1476 1475 1478 1474 1475 1477 1474 1473 1475 1471 1470 1473 1468 1470 1472 1468 1467 1470 1465 1467 1469 1465 1464 1467 1463 1464 1466 1463 1462 1464 1460 1459 1462 1457 1459 1461 1457 1456 1459 1454 1456 1458 1454 1453 1456 1452 1453 1455 1452 1451 1453 1450 1449 1451 1447 1446 1449 1444 1446 1448 1444 1443 1446 1441 1443 1445 1441 1440 1443 1438 1440 1442 1438 1437 1440 1435 1437 1439 1435 1434 1437 1432 1434 1436 1432 1431 1434 1429 1431 1433 1429 1428 1431 1426 1428 1430 1426 1425 1428 1423 1422 1425 1420 1422 1424 1420 1419 1422 1329 1419 1421 1329 1328 1419 1418 1328 1330 1418 1417 1328 1415 1414 1417 1412 1414 1416 1412 1411 1414 1409 1411 1413 1409 1408 1411 1407 1408 1410 1407 1406 1408 1404 1403 1406 1401 1403 1405 1401 1400 1403 1398 1400 1402 1398 1397 1400 1397 1395 1394 1395 1397 1399 1394 1392 1391 1391 1389 1388 1389 1391 1393 1388 1386 1385 1386 1388 1390 1385 1384 1383 1384 1385 1387 1383 1381 1380 1380 1378 1377 1378 1380 1382 1377 1375 1374 1375 1377 1379 1374 1373 1372 1373 1374 1376 1372 1370 1369 1369 1367 1366 1367 1369 1371 1366 1364 1363 1364 1366 1368 1363 1361 1360 1361 1363 1365 1360 1358 1357 1358 1360 1362 1357 1355 1354 1355 1357 1359 1354 1352 1351 1352 1354 1356 1351 1350 1349 1350 1351 1353 1349 1347 1346 1346 1344 1343 1344 1346 1348 1343 1341 1340 1341 1343 1345 1340 1338 1337 1338 1340 1342 1337 1335 1334 1335 1337 1339 1336 1509 1334 1509 1336 1332 1332 1331 1509 1333 1507 1331 1507 1333 1510 1507 1510 1508 1511 1512 1513 1513 1514 1515 1516 1515 1517 1515 1516 1518 1519 1518 1520 1518 1519 1521 1521 1522 1523 1524 1523 1525 1512 1511 1526 1527 1528 1511 1528 1527 1529 1530 1531 1527 1531 1530 1532 1533 1534 1530 1534 1533 1535 1536 1537 1533 1537 1536 1538 1539 1540 1536 1540 1539 1541 1542 1543 1544 1544 1545 1546 1547 1548 1549 1549 1550 1551 1552 1553 1554 1555 1556 1557 1557 1558 1559 1559 1560 1561 1561 1562 1563 1563 1564 1565 1565 1566 1567 1567 1568 1569 1569 1570 1571 1571 1572 1573 1573 1574 1575 1575 1576 1577 1577 1578 1579 1579 1580 1581 1581 1582 1583 1583 1584 1585 1585 1586 1587 1587 1588 1589 1589 1590 1591 1591 1592 1593 1593 1594 1595 1595 1596 1597 1597 1598 1599 1599 1600 1601 1601 1602 1603 1603 1604 1605 1605 1606 1607 1607 1608 1609 1609 1610 1611 1611 1612 1613 1613 1614 1615 1615 1616 1617 1617 1618 1619 1619 1620 1621 1622 1620 1623 1622 1624 1625 1523 1524 1626 1627 1626 1628 1626 1627 1629 1630 1629 1631 1629 1630 1632 1633 1632 1634 1632 1633 1635 1636 1635 1637 1638 1639 1555 1640 1641 1638 1642 1643 1640 1554 1644 1645 1646 1647 1648 1645 1649 1646 1635 1636 1650 1651 1650 1652 1650 1651 1653 1654 1653 1655 1653 1654 1625 1656 1625 1657 1625 1656 1622 1622 1658 1621 1659 1621 1660 1621 1659 1619 1661 1619 1662 1619 1661 1617 1617 1663 1615 1664 1613 1615 1664 1615 1665 1666 1611 1613 1666 1613 1667 1625 1668 1653 1650 1668 1669 1635 1669 1670 1632 1670 1671 1629 1671 1672 1673 1609 1611 1673 1611 1674 1675 1607 1609 1675 1609 1676 1677 1605 1607 1677 1607 1678 1679 1603 1605 1679 1605 1680 1681 1601 1603 1681 1603 1682 1683 1599 1601 1683 1601 1684 1685 1597 1599 1686 1595 1597 1686 1597 1687 1688 1593 1595 1688 1595 1689 1690 1591 1593 1691 1589 1591 1691 1591 1692 1693 1587 1589 1693 1589 1694 1695 1585 1587 1695 1587 1696 1697 1583 1585 1697 1585 1698 1699 1581 1583 1699 1583 1700 1701 1579 1581 1701 1581 1702 1703 1577 1579 1703 1579 1704 1705 1575 1577 1705 1577 1706 1707 1573 1575 1708 1571 1573 1708 1573 1709 1710 1569 1571 1710 1571 1711 1712 1567 1569 1713 1565 1567 1715 1563 1565 1715 1565 1716 1717 1561 1563 1717 1563 1718 1719 1559 1561 1721 1557 1559 1721 1559 1722 1723 1555 1557 1723 1557 1724 1725 1638 1555 1725 1555 1726 1727 1640 1638 1727 1638 1728 1729 1642 1640 1729 1640 1730 1731 1648 1642 1732 1646 1648 1732 1648 1733 1734 1645 1646 1734 1646 1735 1736 1554 1645 1737 1552 1554 1738 1551 1552 1739 1549 1551 1740 1547 1549 1741 1546 1547 1742 1544 1546 1743 1542 1544 1746 1747 1748 1745 1746 1744 1746 1745 1749 1752 1750 1748 1752 1748 1747 1753 1751 1754 1751 1753 1755 1756 1755 1757 1757 1755 1758 1755 1756 1539 1539 1756 1541 1755 1753 1758 1752 1754 1751 1751 1750 1752 1747 1746 1749 1745 1744 1759 1542 1743 1760 1544 1742 1743 1546 1741 1742 1547 1740 1741 1549 1739 1740 1551 1738 1739 1552 1737 1738 1554 1736 1737 1645 1734 1736 1646 1732 1735 1648 1731 1733 1642 1729 1731 1640 1727 1730 1638 1725 1728 1555 1723 1726 1557 1721 1724 1559 1719 1722 1561 1717 1720 1563 1715 1718 1565 1713 1716 1567 1712 1714 1571 1708 1711 1573 1707 1709 1577 1703 1706 1579 1701 1704 1581 1699 1702 1583 1697 1700 1585 1695 1698 1587 1693 1696 1589 1691 1694 1591 1690 1692 1595 1686 1689 1597 1685 1687 1601 1681 1684 1603 1679 1682 1605 1677 1680 1607 1675 1678 1609 1673 1676 1611 1666 1674 1613 1664 1667 1615 1663 1665 1619 1659 1662 1621 1658 1660 1625 1654 1657 1653 1651 1655 1650 1636 1652 1635 1633 1637 1632 1630 1634 1629 1627 1631 1626 1524 1628 1523 1522 1525 1518 1516 1520 1515 1514 1517 1511 1528 1526 1527 1531 1529 1530 1534 1532 1533 1537 1535 1536 1540 1538 1543 1542 1761 1545 1544 1543 1547 1546 1545 1550 1549 1548 1552 1551 1550 1644 1554 1553 1649 1645 1644 1647 1646 1649 1762 1648 1647 1643 1642 1762 1641 1640 1643 1639 1638 1641 1556 1555 1639 1558 1557 1556 1560 1559 1558 1562 1561 1560 1564 1563 1562 1566 1565 1564 1568 1567 1566 1570 1569 1568 1572 1571 1570 1574 1573 1572 1576 1575 1574 1578 1577 1576 1580 1579 1578 1582 1581 1580 1584 1583 1582 1586 1585 1584 1588 1587 1586 1590 1589 1588 1592 1591 1590 1594 1593 1592 1596 1595 1594 1598 1597 1596 1600 1599 1598 1602 1601 1600 1604 1603 1602 1606 1605 1604 1608 1607 1606 1610 1609 1608 1612 1611 1610 1614 1613 1612 1616 1615 1614 1618 1617 1616 1620 1619 1618 1620 1622 1621 1624 1622 1623 1668 1625 1624 1668 1650 1653 1669 1635 1650 1670 1632 1635 1671 1629 1632 1672 1626 1629 1763 1523 1626 1521 1764 1765 1766 1518 1521 1767 1515 1518 1513 1515 1768 1511 1769 1770 1530 1527 1771 1533 1772 1773 1536 1773 1774 1539 1774 1775 1755 1776 1777 1648 1762 1642 1626 1672 1763 1523 1763 1764 1764 1521 1523 1766 1521 1765 1518 1766 1767 1769 1513 1768 1769 1511 1513 1770 1527 1511 1772 1530 1771 1772 1533 1530 1773 1536 1533 1774 1539 1536 1776 1539 1775 1776 1755 1539 1777 1751 1755 1751 1777 1750</p></triangles>
        <triangles material="m2" count="1502"><input semantic="VERTEX" source="#v" offset="0"/><p>1778 1779 1780 1781 1782 1783 1784 1785 1786 1787 1788 1778 1789 1790 1791 1785 1784 1792 1782 1781 1793 1794 1783 1795 1780 1796 1797 1794 1795 1798 1798 1799 1787 1796 1780 1779 1800 1801 1802 1783 1794 1781 1799 1798 1795 1788 1787 1799 1803 1796 1801 1791 1802 1789 1796 1803 1797 1801 1800 1803 1802 1791 1800 1790 1786 1785 1786 1790 1789 1779 1778 1788 1804 1805 1806 1807 1808 1809 1808 1807 1810 1811 1812 1807 1813 1814 1815 1813 1815 1816 1814 1813 1817 1818 1807 1809 1811 1807 1818 1811 1819 1812 1819 1816 1815 1816 1819 1811 1810 1820 1821 1820 1810 1807 1822 1821 1823 1821 1822 1810 1822 1824 1825 1824 1822 1823 1826 1827 1828 1826 1828 1829 1827 1826 1830 1825 1831 1822 1832 1831 1825 1832 1833 1834 1833 1829 1828 1829 1833 1832 1839 1840 1838 1841 1842 1843 1841 1843 1844 1842 1841 1845 1846 1844 1843 1838 1847 1839 1847 1838 1837 1839 1848 1840 1848 1844 1846 1844 1848 1839 1849 1837 1838 1837 1836 1835 1836 1837 1849 1851 1836 1850 1852 1853 1851 1854 1855 1856 1854 1856 1857 1855 1854 1858 1859 1851 1850 1852 1851 1859 1852 1860 1853 1860 1857 1856 1857 1860 1852 1861 1836 1851 1861 1835 1836 1837 1863 1864 1865 1867 1866 1868 1869 1865 1872 1865 1869 1865 1873 1867 1873 1865 1872 1874 1865 1866 1865 1863 1837 1875 1865 1874 1863 1865 1875 1877 1864 1876 1878 1879 1877 1880 1881 1882 1880 1882 1883 1881 1880 1884 1885 1877 1876 1886 1883 1882 1878 1877 1885 1878 1887 1879 1887 1883 1886 1883 1887 1878 1864 1888 1889 1888 1864 1877 1837 1889 1862 1864 1889 1837 1837 1890 1891 1890 1837 1862 1894 1896 1895 1897 1894 1898 1894 1899 1896 1899 1894 1897 1901 1894 1895 1900 1894 1901 1902 1903 1904 1906 1907 1905 1907 1906 1893 1908 1909 1906 1910 1911 1912 1910 1912 1913 1911 1910 1914 1908 1906 1905 1908 1915 1909 1915 1913 1912 1913 1915 1908 1916 1893 1906 1865 1916 1892 1893 1916 1865 1865 1892 1917 1918 1865 1917 1919 1865 1918 1865 1920 1921 1920 1865 1919 1921 1868 1865 1902 1922 1923 1871 1870 1924 1924 1870 1925 1870 1871 1926 1927 1928 1929 1928 1927 1930 1929 1928 1931 1929 1926 1932 1933 1934 1935 1934 1930 1927 1934 1933 1930 1929 1931 1926 1936 1926 1871 1926 1936 1932 1937 1938 1939 1938 1937 1924 1939 1938 1940 1941 1938 1942 1938 1941 1943 1942 1938 1944 1938 1943 1945 1938 1945 1940 1924 1937 1871 1948 1947 1949 1947 1948 1946 1950 1947 1951 1947 1950 1952 1947 1952 1949 1950 1951 1953 1954 1955 1956 1955 1954 1957 1956 1955 1958 1956 1953 1959 1959 1953 1960 1961 1962 1963 1962 1957 1954 1962 1961 1957 1956 1958 1953 1953 1951 1960 1951 1924 1964 1924 1951 1947 1835 1810 1822 1965 1944 1938 1966 1938 1967 1938 1966 1965 1967 1938 1968 1969 1938 1970 1938 1969 1968 1971 1938 1972 1973 1972 1922 1972 1973 1971 1974 1903 1902 1903 1974 1975 1964 1924 1976 1977 1924 1978 1924 1977 1979 1978 1980 1981 1980 1978 1924 1924 1979 1976 1983 1982 1984 1982 1983 1985 1986 1987 1988 1987 1986 1989 1988 1987 1990 1988 1985 1991 1991 1985 1992 1993 1994 1995 1994 1989 1986 1994 1993 1989 1988 1990 1985 1975 1974 1996 1923 1922 1997 1998 1999 2000 1999 1996 1974 1999 1998 1996 1902 1904 1922 1922 1972 1997 1822 1972 1938 2001 1924 2002 1924 2001 2003 2002 1924 2004 2004 1924 2005 1894 1893 1865 1924 1925 2005 1985 1983 1992 1983 1947 2006 1947 1983 1984 2006 1947 2007 2008 2009 2010 2009 2008 2011 2010 2009 2012 2013 2007 1947 2007 2013 2010 2014 2015 2016 2015 2011 2008 2015 2014 2011 2010 2012 2007 2017 2018 2019 2020 2019 2018 2019 2020 2021 2018 2022 2023 2024 2025 2026 2025 2021 2020 2025 2024 2021 2022 2027 2023 2028 2022 2029 2022 2028 2027 2028 2029 2030 2031 2032 2033 2032 2031 2034 2033 2032 2035 2033 2030 2036 2034 2031 2037 2036 2030 2038 2039 2040 2041 2040 2037 2031 2040 2039 2037 2033 2035 2030 2030 2029 2038 2029 1984 2042 2042 1984 2043 1984 2029 2022 2044 2045 2046 2047 2046 2048 2046 2047 2044 2048 2046 2049 2049 2046 2050 2050 2046 2051 2046 2052 2051 2053 2046 2054 2046 2053 2052 2053 2054 2055 2056 2057 2058 2057 2056 2059 2058 2057 2060 2058 2055 2061 2059 2056 2062 2061 2055 2063 2064 2065 2066 2065 2062 2056 1868 1921 2067 1837 1891 1847 1835 1861 1810 1832 1834 1831 1944 1965 2068 1924 2003 1980 1947 1946 2013 1984 1982 2043 2018 2017 2022 2045 2044 2069 2070 2071 2072 2075 2076 2077 2070 2080 2079 2081 2082 2083 2081 2083 2072 2082 2081 2084 2070 2085 2080 2072 2085 2070 2085 2072 2083 2086 2070 2079 2070 2078 2076 2078 2070 2086 2088 2089 2087 2089 2088 2078 2090 2091 2088 2092 2093 2094 2092 2094 2095 2093 2092 2096 2097 2095 2094 2090 2088 2087 2090 2098 2091 2098 2095 2097 2095 2098 2090 2099 2078 2088 2078 2099 2076 2101 2102 2103 2100 2104 2105 2104 2100 2075 2106 2107 2105 2108 2105 2104 2109 2110 2111 2109 2111 2112 2110 2109 2113 2106 2105 2108 2106 2114 2107 2114 2112 2111 2112 2114 2106 2115 2100 2105 2101 2116 2102 2115 2101 2100 2118 2102 2117 2119 2120 2118 2121 2122 2123 2121 2123 2124 2122 2121 2125 2065 2064 2062 2126 2124 2123 2119 2118 2117 2119 2127 2120 2127 2124 2126 2124 2127 2119 2103 2118 2073 2118 2103 2102 2128 2129 1898 2074 2130 1894 2133 2134 2132 2134 2133 2130 2135 2136 2133 2137 2138 2139 2137 2139 2140 2138 2137 2141 2143 2140 2139 2135 2133 2142 2135 2144 2136 2144 2140 2143 2140 2144 2135 2145 2130 2133 1894 2146 2131 2146 2130 2145 2146 1894 2130 1894 2147 2148 2147 1894 2131 2149 1894 2148 1894 2128 1898 2150 1894 2149 2128 1894 2150 2129 2128 2151 2046 2155 2154 2045 2156 2046 2157 2046 2156 2046 2158 2155 2158 2046 2157 2159 2046 2154 2046 2153 2070 2160 2046 2159 2153 2046 2160 2162 2163 2161 2163 2162 2153 2164 2165 2162 2166 2162 2161 2167 2168 2169 2167 2169 2170 2168 2167 2171 2164 2162 2166 2164 2172 2165 2172 2170 2169 2170 2172 2164 2173 2153 2162 2070 2174 2152 2153 2174 2070 2174 2153 2173 2070 2175 2176 2175 2070 2152 2177 2070 2176 2178 2070 2177 2071 2070 2178 2022 2180 2179 2180 2022 2017 2181 2022 2179 2022 2054 2046 2054 2022 2181 2055 2054 2063 2058 2060 2055 1869 1868 2182 2183 2184 2185 2186 2187 2188 2189 2190 2191 2191 2192 2183 2184 2183 2192 2193 2194 2195 2196 2197 2198 2199 2200 2201 2186 2202 2187 2189 2203 2204 2192 2191 2190 2194 2193 2185 2205 2193 2195 2206 2207 2196 2198 2197 2208 2209 2210 2211 2200 2199 2209 2203 2189 2202 2185 2184 2194 2193 2205 2206 2197 2196 2207 2210 2209 2208 2188 2201 2200 2206 2205 2212 2210 2208 2197 2190 2189 2204 2200 2209 2211 2207 2206 2212 2202 2186 2203 2201 2188 2187 2213 2214 2215 2216 2217 2218 2219 2220 2217 2221 2222 2220 2223 2224 2222 2225 2226 2224 2227 2228 2226 2229 2230 2228 2231 2232 2230 2233 2234 2232 2234 2233 2235 2232 2231 2233 2230 2229 2231 2228 2227 2229 2226 2225 2227 2224 2223 2225 2222 2221 2223 2220 2219 2221 2217 2216 2219 2218 2236 2216 2214 2213 2236 2236 2218 2214 2237 2238 2239 2238 2237 2240 2241 2242 2243 2242 2241 2244 2245 2246 2247 2246 2245 2248 2249 2250 2251 2250 2249 2252 2253 2254 2255 2254 2253 2256 2257 2258 2259 2258 2257 2260 2261 2262 2263 2262 2261 2264 2265 2266 2267 2266 2265 2268 2269 2270 2271 2270 2269 2272 2273 2274 2275 2274 2273 2276 2277 2278 2279 2278 2277 2280 2281 2282 2283 2282 2281 2284 2285 2286 2287 2286 2285 2288 2289 2290 2291 2290 2289 2292 2293 2294 2295 2294 2293 2296 2297 2298 2299 2298 2297 2300 2301 2302 2303 2302 2301 2304 2305 2306 2307 2306 2305 2308 2309 2310 2311 2310 2309 2312 2313 2314 2315 2314 2313 2316 2316 2313 2317 2318 2319 2320 2319 2318 2321 2322 2323 2324 2323 2322 2325 2326 2327 2328 2327 2326 2329 2330 2331 2332 2331 2330 2333 2334 2335 2336 2335 2334 2337 2338 2339 2340 2343 2344 2345 2348 2349 2350 2351 2352 2353 2354 2355 2356 2357 2358 2359 2360 2361 2362 2365 2366 2367 2370 2371 2372 2373 2374 2375 2370 2379 2378 2372 2380 2370 2380 2372 2381 2370 2382 2379 2382 2370 2380 2383 2370 2378 2370 2377 2376 2377 2370 2383 2384 2376 2377 2385 2386 2387 2390 2391 2392 2393 2394 2395 2396 2393 2397 2394 2393 2396 2384 2375 2376 2375 2384 2373 2373 2398 2374 2398 2397 2393 2397 2398 2373 2370 2399 2400 2399 2368 2369 2399 2370 2368 2400 2402 2403 2404 2405 2406 2400 2407 2402 2408 2406 2407 2409 2407 2400 2408 2407 2409 2406 2408 2404 2404 2410 2405 2410 2404 2411 2370 2403 2401 2400 2403 2370 2370 2412 2371 2413 2370 2401 2412 2370 2413 2390 2416 2415 2392 2417 2390 2417 2392 2418 2390 2419 2416 2419 2390 2417 2420 2390 2415 2390 2414 2368 2414 2390 2420 2414 2421 2369 2422 2423 2421 2425 2426 2427 2428 2425 2429 2426 2425 2428 2422 2421 2424 2422 2430 2423 2430 2429 2425 2429 2430 2422 2414 2369 2368 2363 2431 2390 2431 2363 2364 2390 2432 2433 2435 2436 2434 2437 2434 2431 2438 2439 2440 2441 2438 2442 2439 2438 2441 2435 2434 2437 2435 2443 2436 2443 2442 2438 2442 2443 2435 2444 2431 2434 2390 2444 2432 2431 2444 2390 2390 2445 2391 2446 2390 2433 2445 2390 2446 2363 2447 2448 2360 2450 2449 2362 2451 2360 2451 2362 2452 2360 2453 2450 2453 2360 2451 2360 2454 2455 2454 2360 2449 2360 2447 2363 2447 2360 2455 2457 2458 2456 2459 2460 2461 2462 2459 2463 2460 2459 2462 2457 2456 2448 2457 2464 2458 2464 2463 2459 2463 2464 2457 2363 2456 2364 2456 2363 2448 2357 2465 2466 2467 2357 2359 2465 2357 2467 2360 2468 2469 2471 2472 2470 2473 2474 2475 2476 2473 2477 2474 2473 2476 2471 2470 2465 2471 2478 2472 2478 2477 2473 2477 2478 2471 2470 2466 2465 2466 2468 2360 2468 2466 2470 2479 2360 2469 2480 2360 2479 2360 2481 2361 2482 2360 2480 2481 2360 2482 2484 2486 2485 2487 2484 2354 2484 2488 2486 2488 2484 2487 2484 2483 2357 2483 2484 2485 2490 2491 2489 2492 2493 2494 2495 2492 2496 2493 2492 2495 2490 2489 2483 2490 2497 2491 2497 2496 2492 2496 2497 2490 2483 2358 2357 2358 2483 2489 2351 2499 2500 2499 2351 2353 2501 2502 2500 2503 2504 2505 2506 2503 2507 2504 2503 2506 2501 2500 2499 2501 2508 2502 2508 2507 2503 2507 2508 2501 2351 2500 2509 2484 2509 2498 2351 2509 2484 2510 2484 2498 2484 2511 2355 2512 2484 2510 2511 2484 2512 2355 2354 2484 2351 2513 2514 2515 2517 2516 2518 2515 2348 2515 2519 2517 2519 2515 2518 2520 2515 2516 2515 2513 2351 2513 2515 2520 2522 2523 2521 2524 2525 2526 2527 2524 2528 2525 2524 2527 2522 2521 2514 2522 2529 2523 2529 2528 2524 2528 2529 2522 2352 2514 2521 2352 2351 2514 2531 2346 2347 2531 2532 2346 2533 2534 2532 2535 2536 2537 2538 2535 2539 2536 2535 2538 2533 2532 2531 2533 2540 2534 2540 2539 2535 2539 2540 2533 2541 2346 2532 2515 2542 2530 2542 2346 2541 2542 2515 2346 2515 2543 2349 2544 2515 2530 2543 2515 2544 2349 2348 2515 2346 2545 2546 2547 2549 2548 2550 2547 2343 2547 2551 2549 2551 2547 2550 2547 2545 2346 2545 2547 2548 2553 2554 2552 2555 2556 2557 2558 2555 2559 2556 2555 2558 2553 2552 2546 2553 2560 2554 2560 2559 2555 2559 2560 2553 2546 2552 2561 2346 2561 2347 2561 2346 2546 2564 2565 2566 2342 2563 2341 2567 2566 2568 2569 2568 2342 2567 2568 2569 2566 2567 2564 2563 2342 2568 2565 2570 2571 2570 2565 2564 2341 2572 2573 2572 2341 2563 2547 2573 2562 2573 2547 2341 2547 2562 2574 2547 2575 2344 2576 2547 2574 2575 2547 2576 2344 2343 2547 2341 2577 2342 2341 2578 2579 2338 2581 2580 2581 2338 2340 2582 2338 2580 2338 2578 2341 2578 2338 2582 2579 2583 2584 2585 2586 2583 2587 2588 2589 2590 2587 2591 2588 2587 2590 2585 2583 2579 2585 2592 2586 2592 2591 2587 2591 2592 2585 2579 2584 2593 2341 2593 2577 2593 2341 2579 2596 2597 2598 2598 2367 2596 2365 2598 2595 2598 2365 2367 2599 2600 2601 2602 2599 2596 2600 2599 2602 2597 2596 2599 2338 2595 2594 2595 2338 2365 2603 2338 2594 2604 2605 2606 2606 2607 2604 2607 2606 2339 2605 2608 2609 2608 2605 2604 2340 2339 2606 2339 2338 2603 2612 2387 2613 2612 2611 2365 2611 2612 2613 2611 2614 2615 2616 2617 2614 2618 2619 2620 2621 2618 2622 2619 2618 2621 2616 2614 2611 2616 2623 2617 2623 2622 2618 2622 2623 2616 2365 2624 2610 2365 2615 2624 2615 2365 2611 2365 2610 2625 2366 2365 2625 2628 2629 2630 2388 2631 2627 2630 2389 2628 2388 2630 2631 2630 2388 2389 2629 2632 2633 2632 2629 2628 2388 2626 2612 2634 2388 2627 2626 2388 2634 2612 2635 2636 2635 2612 2626 2637 2638 2639 2640 2637 2641 2638 2637 2640 2385 2612 2636 2612 2385 2387 2385 2642 2386 2642 2641 2637 2641 2642 2385 2645 2376 2375 2376 2645 2644 2644 2388 2376 2646 2647 2648 2649 2648 2644 2646 2648 2649 2650 2651 2647 2652 2653 2654 2655 2652 2656 2653 2652 2655 2650 2647 2646 2650 2657 2651 2657 2656 2652 2656 2657 2650 2388 2648 2643 2648 2388 2644 2388 2658 2389 2658 2388 2643 2659 2660 2661 2662 2663 2664 2665 2666 2667 2668 2669 2670 2670 2671 2668 2672 2673 2671 2674 2675 2676 2677 2678 2679 2673 2672 2675 2669 2668 2680 2664 2667 2666 2674 2676 2681 2682 2683 2684 2660 2659 2678 2661 2685 2659 2686 2662 2685 2667 2664 2663 2675 2674 2673 2663 2662 2686 2678 2677 2660 2666 2665 2687 2688 2689 2682 2683 2690 2684 2669 2687 2665 2681 2691 2688 2683 2682 2689 2690 2677 2679 2685 2661 2686 2687 2669 2680 2671 2670 2672 2691 2681 2676 2690 2683 2677 2689 2688 2691 2692 2693 2694 2695 2696 2697 2698 2699 2696 2700 2699 2701 2696 2695 2698 2693 2692 2700 2699 2698 2701 2699 2700 2692 2702 2703 2704 2705 2706 2707 2708 2709 2710 2706 2705 2709 2711 2705 2707 2703 2702 2711 2705 2711 2702 2709 2708 2706 2713 2714 2715 2713 2712 2714 2716 2717 2718 2719 2718 2717 2720 2721 2722 2721 2720 2723 2724 2725 2726 2727 2726 2728 2729 2725 2730 2731 2732 2733 2733 2732 2729 2732 2731 2734 2725 2729 2732 2725 2724 2730 2726 2727 2724 2735 2736 2737 2738 2736 2739 2740 2739 2741 2742 2743 2744 2744 2743 2735 2743 2742 2745 2736 2735 2743 2736 2738 2737 2739 2740 2738 2746 2747 2748 2747 2746 2749 2750 2751 2752 2754 2752 2753 2753 2752 2751 2755 2756 2757 2756 2755 2758 2759 2760 2761 2759 2762 2763 2764 2765 2766 2762 2759 2765 2760 2759 2763 2767 2761 2768 2768 2761 2760 2761 2767 2769 2765 2764 2762 2770 2771 2772 2773 2774 2775 2774 2773 2776 2771 2775 2774 2771 2770 2777 2772 2778 2770 2775 2771 2777 2778 2772 2779 2780 2781 2782 2783 2784 2780 2780 2782 2783 2786 2785 2788 2789 2788 2785 2785 2786 2787 2790 2791 2792 2791 2790 2793 2794 2795 2796 2795 2797 2796 2798 2799 2800 2797 2795 2799 2801 2802 2794 2802 2803 2804 2795 2794 2802 2803 2802 2801 2799 2798 2797 2805 2806 2807 2806 2805 2808 2809 2808 2810 2809 2811 2812 2812 2813 2814 2813 2812 2811 2811 2809 2810 2808 2809 2806 2815 2816 2817 2816 2818 2819 2816 2819 2820 2816 2815 2818 2822 2823 2824 2825 2824 2823 2823 2822 2821 2826 2827 2828 2827 2826 2829 2832 2833 2834 2835 2834 2836 2835 2830 2831 2831 2837 2838 2833 2832 2839 2837 2831 2830 2830 2835 2836 2834 2835 2832 2840 2841 2842 2843 2844 2845 2846 2845 2847 2846 2842 2841 2841 2848 2849 2844 2843 2850 2848 2841 2840 2842 2846 2847 2845 2846 2843 2853 2854 2852 2852 2851 2853 2857 2855 2856 2855 2857 2858 2859 2860 2861 2860 2859 2862 2863 2864 2865 2864 2863 2866 2865 2864 2867 2868 2869 2870 2867 2871 2872 2870 2871 2868 2869 2868 2873 2871 2870 2872 2871 2867 2864 2874 2875 2876 2877 2878 2879 2880 2879 2881 2880 2876 2875 2875 2882 2883 2878 2877 2884 2882 2875 2874 2876 2880 2881 2879 2880 2877 2885 2886 2887 2888 2885 2889 2885 2888 2886 2892 2891 2890 2891 2892 2893 2893 2892 2894 2895 2894 2892 2896 2897 2898 2897 2896 2899 2900 2901 2902 2903 2904 2905 2903 2906 2907 2907 2908 2909 2910 2907 2906 2908 2907 2910 2906 2903 2905 2904 2903 2901 2901 2900 2904 2911 2912 2913 2914 2915 2916 2914 2917 2918 2918 2919 2920 2921 2918 2917 2919 2918 2921 2917 2914 2916 2915 2914 2912 2912 2911 2915 2926 2927 2924 2924 2925 2926 2924 2923 2925 2923 2924 2922 2923 2922 2928 2932 2929 2930 2931 2929 2932 2933 2934 2935 2934 2933 2936 2937 2938 2939 2940 2941 2942 2942 2941 2943 2944 2943 2941 2944 2945 2946 2943 2944 2946 2945 2944 2938 2941 2940 2947 2938 2937 2945 2948 2949 2950 2951 2950 2952 2951 2953 2954 2954 2955 2956 2957 2954 2953 2955 2954 2957 2953 2951 2952 2950 2951 2948 2949 2948 2958 2959 2960 2961 2960 2959 2962 2963 2965 2966 2965 2963 2964 2967 2968 2969 2968 2970 2971 2968 2967 2970 2972 2973 2974 2976 2977 2978 2975 2979 2980 2978 2979 2976 2977 2976 2981 2973 2972 2975 2979 2975 2972 2979 2978 2980 2982 2983 2984 2985 2984 2986 2985 2987 2988 2988 2989 2990 2991 2988 2987 2989 2988 2991 2987 2985 2986 2984 2985 2982 2983 2982 2992 2993 2994 2995 2999 2996 2997 2998 2996 2999 3000 3002 3001 3002 3000 3003 3004 3005 3006 3007 3008 3009 3009 3010 3011 3006 3010 3004 3005 3004 3012 3008 3007 3013 3010 3006 3011 3010 3009 3008 3014 3015 3016 3017 3016 3018 3017 3019 3020 3020 3021 3022 3021 3020 3019 3019 3017 3018 3016 3017 3014 3015 3014 3023 3026 3027 3028 3026 3025 3027 3025 3026 3024 3032 3029 3031 3029 3032 3033 3031 3029 3030 3034 3035 3036 3035 3034 3037 3038 3039 3040 3041 3042 3043 3039 3038 3044 3044 3041 3043 3045 3046 3047 3046 3045 3042 3041 3044 3038 3042 3041 3046 3048 3049 3050 3051 3050 3052 3051 3053 3054 3054 3055 3056 3057 3054 3053 3055 3054 3057 3053 3051 3052 3050 3051 3048 3049 3048 3058 3061 3060 3062 3060 3061 3059 3063 3065 3066 3065 3063 3064 3067 3068 3069 3068 3067 3070 3071 3072 3073 3074 3075 3072 3076 3075 3077 3078 3079 3080 3075 3074 3077 3079 3078 3081 3075 3076 3079 3072 3071 3074 3080 3079 3076 3082 3083 3084 3085 3084 3086 3085 3087 3088 3088 3089 3090 3089 3088 3087 3087 3085 3086 3084 3085 3082 3083 3082 3091 3092 3094 3095 3092 3093 3094 3093 3092 3096 3100 3097 3099 3097 3100 3101 3099 3097 3098 3102 3103 3104 3103 3102 3105 3106 3107 3108 3109 3110 3107 3111 3110 3112 3107 3106 3109 3110 3109 3112 3110 3111 3113 3114 3113 3111 3113 3114 3115 3116 3117 3118 3119 3118 3120 3119 3121 3122 3122 3123 3124 3123 3122 3121 3121 3119 3120 3118 3119 3116 3117 3116 3125 3126 3128 3129 3126 3127 3128 3133 3130 3132 3134 3135 3136 3135 3134 3133 3130 3133 3134 3132 3130 3131 3137 3138 3139 3138 3137 3140 3141 3142 3143 3144 3145 3142 3146 3145 3147 3145 3144 3147 3148 3149 3146 3149 3148 3150 3145 3146 3149 3142 3141 3144 3151 3152 3153 3154 3153 3155 3154 3156 3157 3157 3158 3159 3160 3157 3156 3158 3157 3160 3156 3154 3155 3153 3154 3151 3152 3151 3161 3164 3163 3165 3163 3164 3162 3166 3168 3169 3168 3166 3167 3170 3171 3172 3171 3170 3173 3174 3175 3176 3177 3174 3178 3179 3178 3180 3181 3176 3175 3176 3181 3182 3175 3174 3183 3174 3177 3183 3178 3179 3177 3184 3185 3186 3184 3187 3188 3188 3189 3190 3191 3188 3187 3189 3188 3191 3192 3193 3185 3187 3184 3186 3185 3184 3192 3193 3192 3194 3195 3196 3197 3196 3195 3198 3199 3200 3201 3202 3203 3204 3203 3202 3205 3207 3208 3209 3210 3206 3207 3211 3210 3212 3208 3207 3206 3213 3212 3214 3206 3210 3215 3210 3211 3215 3212 3213 3211 3216 3217 3218 3219 3220 3221 3216 3221 3222 3218 3223 3224 3225 3218 3217 3223 3218 3225 3217 3216 3222 3221 3216 3219 3220 3219 3226 3228 3229 3227 3227 3231 3228 3231 3227 3230 3234 3233 3232 3235 3236 3237 3236 3235 3234 3233 3234 3235 3238 3239 3240 3239 3238 3241 3242 3243 3244 3245 3246 3247 3243 3242 3248 3246 3244 3243 3246 3245 3249 3244 3246 3249 3247 3250 3245 3250 3247 3251 3252 3253 3254 3252 3255 3256 3256 3257 3258 3259 3260 3261 3253 3252 3260 3255 3252 3254 3257 3256 3262 3260 3259 3253 3262 3256 3255 3264 3263 3265 3263 3264 3266 3267 3268 3269 3269 3270 3271 3270 3269 3268 3272 3273 3274 3273 3272 3275 3278 3276 3277 3276 3278 3279 3280 3278 3281 3282 3281 3283 3278 3280 3279 3284 3277 3276 3277 3284 3285 3281 3282 3280 3286 3287 3288 3287 3286 3289 3290 3289 3291 3291 3292 3290 3293 3294 3295 3296 3294 3293 3292 3295 3294 3294 3296 3297 3289 3290 3287 3295 3292 3291 3298 3301 3300 3298 3300 3299 3301 3298 3302 3303 3304 3305 3306 3307 3303 3304 3303 3307 3308 3309 3310 3309 3308 3311 3312 3313 3314 3315 3313 3316 3317 3318 3319 3319 3318 3315 3318 3317 3320 3313 3315 3318 3313 3312 3316 3314 3321 3312 3321 3314 3322 3323 3324 3325 3326 3324 3327 3328 3329 3330 3329 3328 3326 3325 3331 3323 3324 3323 3327 3324 3326 3328 3331 3325 3332 3334 3335 3333 3335 3334 3336 3337 3338 3339 3340 3341 3342 3341 3340 3343 3344 3345 3346 3347 3348 3349 3350 3351 3352 3351 3350 3353 3345 3344 3354 3355 3352 3348 3352 3355 3350 3348 3347 3355 3351 3346 3345 3346 3351 3353 3356 3357 3358 3358 3359 3360 3361 3358 3357 3362 3363 3364 3357 3356 3365 3364 3356 3362 3363 3362 3366 3359 3358 3361 3356 3364 3365 3367 3368 3369 3368 3367 3370 3372 3371 3373 3371 3372 3375 3374 3373 3371 3376 3377 3378 3377 3376 3379 3380 3381 3382 3382 3383 3384 3385 3382 3381 3380 3386 3387 3381 3380 3387 3386 3380 3388 3389 3388 3390 3388 3389 3386 3383 3382 3385 3391 3392 3393 3394 3392 3395 3396 3397 3398 3398 3397 3394 3397 3396 3399 3392 3394 3397 3392 3391 3395 3400 3393 3401 3393 3400 3391 3402 3403 3404 3406 3405 3407 3405 3406 3408 3408 3406 3409 3410 3411 3412 3411 3410 3413 3414 3415 3416 3417 3418 3415 3415 3414 3417 3419 3420 3421 3422 3414 3416 3420 3419 3423 3423 3419 3422 3414 3422 3419 3418 3417 3424 3425 3426 3427 3428 3427 3429 3428 3430 3431 3430 3428 3429 3427 3428 3425 3426 3425 3432 3431 3433 3434 3433 3431 3430 3435 3436 3437 3435 3437 3439 3436 3435 3440 3439 3438 3435 3442 3441 3443 3441 3442 3444 3443 3441 3445 3445 3441 3446 3447 3448 3449 3448 3447 3450 3451 3452 3453 3454 3455 3456 3455 3454 3457 3451 3457 3454 3457 3451 3453 3452 3451 3458 3459 3458 3460 3458 3459 3452 3461 3462 3463 3462 3461 3464 3462 3465 3463 3465 3462 3466 3464 3461 3467 3464 3468 3469 3469 3470 3471 3472 3469 3468 3470 3469 3472 3468 3464 3467 3473 3474 3475 3473 3476 3474 3477 3478 3481 3481 3478 3479 3480 3479 3478 3482 3483 3484 3483 3482 3485 3486 3487 3488 3489 3488 3490 3489 3491 3492 3492 3493 3494 3493 3492 3491 3491 3489 3490 3488 3489 3486 3487 3486 3495 3496 3497 3498 3499 3498 3500 3499 3501 3502 3502 3503 3504 3503 3502 3501 3501 3499 3500 3498 3499 3496 3497 3496 3505 3507 3506 3508 3506 3509 3510 3506 3507 3509 3511 3512 3513 3515 3513 3514 3514 3513 3512 3516 3517 3518 3517 3516 3519 3520 3521 3522 3520 3523 3524 3524 3525 3526 3527 3524 3523 3525 3524 3527 3523 3520 3522 3521 3520 3528 3529 3528 3530 3528 3529 3521 3531 3532 3533 3534 3535 3536 3532 3531 3537 3533 3534 3531 3535 3534 3538 3539 3536 3535 3536 3539 3540 3534 3533 3538 3541 3542 3543 3542 3541 3544 3542 3544 3545 3548 3549 3550 3547 3549 3548 3549 3547 3546 3551 3552 3553 3552 3551 3554 3555 3556 3557 3557 3558 3559 3559 3560 3561 3560 3559 3558 3558 3557 3556 3556 3555 3562 3562 3563 3564 3564 3565 3566 3566 3567 3568 3568 3569 3570 3571 3572 3569 3573 3561 3560 3574 3575 3573 3561 3573 3575 3575 3574 3576 3576 3577 3578 3577 3576 3574 3579 3578 3577 3580 3581 3579 3582 3583 3580 3584 3585 3582 3572 3571 3584 3563 3562 3555 3565 3564 3563 3567 3566 3565 3569 3568 3567 3569 3572 3570 3585 3584 3571 3583 3582 3585 3578 3579 3581 3581 3580 3583 3586 3587 3588 3589 3590 3587 3590 3591 3592 3587 3586 3589 3591 3590 3593 3590 3589 3593 3594 3595 3596 3595 3594 3597 3598 3599 3600 3599 3598 3601</p></triangles>
    </mesh></geometry>
  </library_geometries>
  <library_visual_scenes><visual_scene id="s">
    <node id="wrist_roll_link" name="wrist_roll_link"><instance_geometry url="#g"><bind_material><technique_common>
      <instance_material symbol="m0" target="#m0"/>
      <instance_material symbol="m1" target="#m1"/>
      <instance_material symbol="m2" target="#m2"/>
    </technique_common></bind_material></instance_geometry></node>
  </visual_scene></library_visual_scenes>
  <scene><instance_visual_scene url="#s"/></scene>
</COLLADA>
